date,open,high,low,close,adj_close,volume,dividend,split
2007-01-05,24.08,24.08,24.04,24.04,20.2567,200,0,0
2007-01-08,24.24,24.35,24.12,24.3,20.4758,8400,0,0
2007-01-09,24.25,24.52,24.25,24.49,20.6359,1000,0,0
2007-01-10,24.3,24.45,24.25,24.41,20.5685,6100,0,0
2007-01-11,24.3,24.51,24.3,24.35,20.5179,7500,0,0
2007-01-12,24.5,25.07,24.5,25,21.0656,20100,0,0
2007-01-16,25.07,25.07,24.76,24.78,20.8802,6200,0,0
2007-01-17,24.89,25.16,24.89,25.13,21.1751,4200,0,0
2007-01-18,25.13,25.13,24.91,24.91,20.9898,1100,0,0
2007-01-19,25.23,25.29,25.23,25.28,21.3015,1400,0,0
2007-01-22,25.34,25.47,25.14,25.14,21.1836,5500,0,0
2007-01-23,25.67,25.82,25.62,25.82,21.7566,22200,0,0
2007-01-24,25.62,25.83,25.45,25.77,21.7144,3500,0,0
2007-01-25,26.01,26.03,25.74,25.76,21.706,7900,0,0
2007-01-26,25.73,25.76,25.72,25.73,21.6807,2300,0,0
2007-01-29,25.7,25.74,25.54,25.55,21.529,7300,0,0
2007-01-30,25.64,25.81,25.64,25.81,21.7481,24500,0,0
2007-01-31,25.77,26.11,25.77,26.05,21.9504,8800,0,0
2007-02-01,26.35,26.36,26.18,26.23,22.102,11900,0,0
2007-02-02,26.02,26.02,25.63,25.81,21.7481,9900,0,0
2007-02-05,25.93,25.97,25.9,25.91,21.8324,2500,0,0
2007-02-06,26.23,26.23,26.06,26.1,21.9925,9200,0,0
2007-02-07,26.13,26.25,26.02,26.02,21.9251,6000,0,0
2007-02-08,26.16,26.4,26.15,26.38,22.2284,50200,0,0
2007-02-09,26.6,26.69,26.42,26.61,22.4222,10400,0,0
2007-02-12,26.48,26.53,26.27,26.42,22.2621,31500,0,0
2007-02-13,26.64,26.64,26.44,26.56,22.3801,21700,0,0
2007-02-14,26.68,26.84,26.62,26.7,22.4981,21100,0,0
2007-02-15,26.66,26.75,26.5,26.75,22.5402,8700,0,0
2007-02-16,26.52,26.71,26.46,26.71,22.5065,5100,0,0
2007-02-20,26.47,26.51,26,26.24,22.1105,32600,0,0
2007-02-21,26.33,27.23,26.33,27.07,22.8098,19400,0,0
2007-02-22,27.11,27.19,27,27.05,22.793,23700,0,0
2007-02-23,27.37,27.53,27.27,27.37,23.0626,38800,0,0
2007-02-26,27.5,27.58,27.35,27.52,23.189,27300,0,0
2007-02-27,27.15,27.59,26.25,26.45,22.2874,21800,0,0
2007-02-28,26.73,26.83,26.37,26.79,22.5739,16600,0,0
2007-03-01,26.74,26.75,26.24,26.39,22.2368,16200,0,0
2007-03-02,25.65,25.94,25.25,25.44,21.4364,33700,0,0
2007-03-05,24.94,25.38,24,25.08,21.133,14200,0,0
2007-03-06,25.42,25.56,25.33,25.56,21.5375,13200,0,0
2007-03-07,25.47,25.74,25.47,25.62,21.588,8600,0,0
2007-03-08,25.78,25.83,25.65,25.65,21.6133,16500,0,0
2007-03-09,25.64,25.67,25.55,25.55,21.529,1700,0,0
2007-03-12,25.52,25.8,25.51,25.7,21.6554,5800,0,0
2007-03-13,25.72,25.72,25.31,25.34,21.3521,6900,0,0
2007-03-14,25.42,25.42,25.17,25.32,21.3352,2300,0,0
2007-03-15,25.5,25.62,25.48,25.53,21.5122,6700,0,0
2007-03-16,25.81,25.84,25.69,25.8,21.7397,6400,0,0
2007-03-19,25.82,25.87,25.8,25.8,21.7397,1700,0,0
2007-03-20,26.1,26.15,26.02,26.06,21.9588,4200,0,0
2007-03-21,26.17,26.2,25.98,26.17,22.0515,4900,0,0
2007-03-22,26.28,26.39,26.22,26.24,22.1105,11500,0,0
2007-03-23,26.23,26.25,25.91,25.95,21.8661,19500,0,0
2007-03-26,26.21,26.25,26.17,26.25,22.1189,7800,0,0
2007-03-27,26.24,26.28,26.15,26.18,22.0599,11500,0,0
2007-03-28,26.37,26.4,26.22,26.33,22.1863,15900,0,0
2007-03-29,26.09,26.15,25.93,26.13,22.0178,10300,0,0
2007-03-30,26.22,26.35,26.15,26.21,22.0852,20100,0,0
2007-04-02,25.99,26.26,25.89,26.26,22.1273,11400,0,0
2007-04-03,26.2,26.36,26.2,26.23,22.102,15600,0,0
2007-04-04,26.45,26.66,26.45,26.66,22.4644,12900,0,0
2007-04-05,26.7,26.74,26.62,26.7,22.4981,6400,0,0
2007-04-09,26.74,26.86,26.6,26.67,22.4728,11400,0,0
2007-04-10,26.99,26.99,26.85,26.92,22.6834,7100,0,0
2007-04-11,26.95,27,26.72,26.85,22.6245,6700,0,0
2007-04-12,26.88,26.88,26.61,26.82,22.5992,11300,0,0
2007-04-13,27.03,27.6,26.94,27.15,22.8772,25200,0,0
2007-04-16,27.2,27.37,27.03,27.29,22.9952,39400,0,0
2007-04-17,27.27,27.28,27.14,27.16,22.8857,4500,0,0
2007-04-18,27.26,27.28,27.15,27.25,22.9615,5200,0,0
2007-04-19,26.85,26.97,26.01,26.89,22.6582,9900,0,0
2007-04-20,27.31,27.4,27.27,27.31,23.0121,17000,0,0
2007-04-23,27.28,27.38,27.23,27.26,22.9699,6800,0,0
2007-04-24,27.3,27.3,27.01,27.04,22.7846,8600,0,0
2007-04-25,27.13,27.13,26.95,27.08,22.8183,7300,0,0
2007-04-26,26.59,26.61,26.43,26.53,22.3548,13500,0,0
2007-04-27,26.73,26.86,26.59,26.85,22.6245,4300,0,0
2007-04-30,26.72,26.81,26.72,26.74,22.5318,800,0,0
2007-05-01,26.54,26.58,26.39,26.48,22.3127,10400,0,0
2007-05-02,26.29,26.45,26.29,26.42,22.2621,6400,0,0
2007-05-03,26.47,26.82,26.47,26.74,22.5318,1700,0,0
2007-05-04,27.1,27.18,26.96,27.05,22.793,9600,0,0
2007-05-07,27.02,27.11,27.02,27.09,22.8267,4300,0,0
2007-05-08,26.98,27.02,26.85,26.93,22.6919,10700,0,0
2007-05-09,26.81,26.9,26.55,26.72,22.5149,25400,0,0
2007-05-10,26.42,26.49,26.08,26.11,22.0009,45300,0,0
2007-05-11,26.3,26.49,26.28,26.43,22.2706,8400,0,0
2007-05-14,26.3,26.39,26.25,26.31,22.1694,6600,0,0
2007-05-15,26.28,26.5,26.28,26.38,22.2284,10400,0,0
2007-05-16,26.28,26.28,25.88,25.96,21.8745,12900,0,0
2007-05-17,25.8,25.82,25.67,25.81,21.7481,14200,0,0
2007-05-18,25.84,26.06,25.82,25.94,21.8577,3400,0,0
2007-05-21,25.78,26.08,25.78,26.04,21.9419,8500,0,0
2007-05-22,26,26.09,25.86,25.92,21.8408,9000,0,0
2007-05-23,26.01,26.1,25.98,25.98,21.8914,2400,0,0
2007-05-24,25.96,25.96,25.62,25.65,21.6133,8300,0,0
2007-05-25,25.75,25.8,25.7,25.75,21.6976,1700,0,0
2007-05-29,25.98,25.98,25.92,25.92,21.8408,700,0,0
2007-05-30,25.75,25.82,25.75,25.77,21.7144,2700,0,0
2007-05-31,26.17,26.17,26.05,26.11,22.0009,4700,0,0
2007-06-01,26.43,26.59,26.35,26.58,22.3969,5600,0,0
2007-06-04,26.57,26.64,26.55,26.55,22.3717,2500,0,0
2007-06-05,26.55,26.6,26.51,26.57,22.3885,2800,0,0
2007-06-06,26.51,26.54,26.34,26.5,22.3295,10300,0,0
2007-06-07,26.42,26.46,26.03,26.03,21.9335,21200,0,0
2007-06-08,25.87,25.95,25.39,25.59,21.5628,19700,0,0
2007-06-11,25.77,25.89,25.65,25.8,21.7397,2600,0,0
2007-06-12,25.55,25.61,25.51,25.51,21.4953,3000,0,0
2007-06-13,25.53,25.73,25.53,25.6,21.5712,10800,0,0
2007-06-14,25.68,25.8,25.68,25.76,21.706,5800,0,0
2007-06-15,25.72,25.9,25.71,25.9,21.824,2000,0,0
2007-06-18,26.01,26.01,25.85,25.92,21.8408,10100,0,0
2007-06-19,25.92,26.13,25.92,26.07,21.9672,3600,0,0
2007-06-20,25.98,26,25.8,25.8,21.7397,7400,0,0
2007-06-21,25.82,25.83,25.54,25.72,21.6723,9200,0,0
2007-06-22,25.81,25.81,25.7,25.73,21.6807,5300,0,0
2007-06-25,25.45,25.65,25.45,25.53,21.5122,14900,0,0
2007-06-26,25.35,25.35,25,25.06,21.1162,20800,0,0
2007-06-27,25.12,25.14,25.04,25.12,21.1667,3800,0,0
2007-06-28,25.35,25.4,25.32,25.37,21.3774,4400,0,0
2007-06-29,25.49,25.49,25.29,25.32,21.3352,22100,0,0
2007-07-02,25.65,25.71,25.64,25.71,21.6639,4100,0,0
2007-07-03,25.63,25.63,25.54,25.57,21.5459,2400,0,0
2007-07-05,25.5,25.53,25.25,25.39,21.3942,29600,0,0
2007-07-06,25.57,25.66,25.57,25.62,21.588,15300,0,0
2007-07-09,25.89,25.93,25.8,25.85,21.7818,15600,0,0
2007-07-10,25.95,26.01,25.93,26,21.9082,21300,0,0
2007-07-11,26.01,26.01,25.88,25.91,21.8324,11400,0,0
2007-07-12,26.1,26.24,26.1,26.15,22.0346,15800,0,0
2007-07-13,26.2,26.2,26,26.15,22.0346,14200,0,0
2007-07-16,26.1,26.17,25.98,25.99,21.8998,13300,0,0
2007-07-17,26.12,26.12,26,26,21.9082,12900,0,0
2007-07-18,26.04,26.42,26.04,26.4,22.2453,10100,0,0
2007-07-19,26.47,26.55,26.43,26.5,22.3295,16100,0,0
2007-07-20,26.68,26.85,26.68,26.76,22.5486,34100,0,0
2007-07-23,26.73,26.73,26.62,26.65,22.4559,6700,0,0
2007-07-24,26.8,26.88,26.7,26.7,22.4981,12100,0,0
2007-07-25,26.49,26.49,26.29,26.39,22.2368,9600,0,0
2007-07-26,26.08,26.17,25.5,25.82,21.7566,13300,0,0
2007-07-27,25.76,25.82,25.63,25.75,21.6976,13600,0,0
2007-07-30,25.82,25.99,25.74,25.96,21.8745,1300,0,0
2007-07-31,25.99,26.08,25.99,25.99,21.8998,18700,0,0
2007-08-01,25.99,26.04,25.91,25.91,21.8324,3900,0,0
2007-08-02,26.07,26.08,25.94,26.05,21.9504,8300,0,0
2007-08-03,26.15,26.39,26.13,26.38,22.2284,7300,0,0
2007-08-06,26.3,26.3,26.07,26.23,22.102,10600,0,0
2007-08-07,26.08,26.24,26.08,26.2,22.0768,4500,0,0
2007-08-08,26.34,26.45,26.29,26.29,22.1526,5600,0,0
2007-08-09,25.77,25.87,25.72,25.75,21.6976,4300,0,0
2007-08-10,25.91,26.31,25.88,26.21,22.0852,10000,0,0
2007-08-13,26.19,26.19,26,26.04,21.9419,11700,0,0
2007-08-14,26.13,26.13,25.97,25.97,21.8829,6200,0,0
2007-08-15,25.85,26.08,25.78,25.99,21.8998,5900,0,0
2007-08-16,25.7,25.76,24.59,25.04,21.0993,43600,0,0
2007-08-17,25.49,25.49,25.17,25.29,21.31,3900,0,0
2007-08-20,25.29,25.39,25.2,25.24,21.2678,22700,0,0
2007-08-21,25.29,25.29,25.1,25.19,21.2257,4900,0,0
2007-08-22,25.4,25.41,25.31,25.31,21.3268,13100,0,0
2007-08-23,25.6,25.6,25.29,25.34,21.3521,14400,0,0
2007-08-24,25.43,25.74,25.36,25.74,21.6891,17600,0,0
2007-08-27,25.57,25.6,25.52,25.53,21.5122,14200,0,0
2007-08-28,25.55,25.55,25.42,25.44,21.4364,27700,0,0
2007-08-29,25.58,25.61,25.52,25.57,21.5459,6100,0,0
2007-08-30,25.39,25.61,25.39,25.5,21.4869,2800,0,0
2007-08-31,25.81,25.9,25.78,25.82,21.7566,2200,0,0
2007-09-04,25.87,26.27,25.87,26.25,22.1189,11000,0,0
2007-09-05,26.04,26.22,26.04,26.22,22.0936,2800,0,0
2007-09-06,26.37,26.76,26.37,26.67,22.4728,11800,0,0
2007-09-07,27,27.11,26.82,26.9,22.6666,7000,0,0
2007-09-10,27.07,27.07,26.79,26.91,22.675,16600,0,0
2007-09-11,27.09,27.37,27.01,27.25,22.9615,39100,0,0
2007-09-12,27.22,27.31,27.02,27.29,22.9952,58200,0,0
2007-09-13,27.05,27.24,27,27.16,22.8857,45900,0,0
2007-09-14,27.32,27.45,27.1,27.13,22.8604,18200,0,0
2007-09-17,27.36,27.53,27.34,27.53,23.1974,21000,0,0
2007-09-18,27.56,27.85,27.35,27.73,23.366,25000,0,0
2007-09-19,27.76,27.81,27.61,27.73,23.366,33300,0,0
2007-09-20,28.11,28.34,28.11,28.27,23.821,57900,0,0
2007-09-21,28.35,28.4,27.99,28.18,23.7451,32500,0,0
2007-09-24,28.2,28.29,28,28.14,23.7114,16800,0,0
2007-09-25,27.89,28.19,27.89,28.15,23.7199,30200,0,0
2007-09-26,28.21,28.33,27.94,28.04,23.6272,20500,0,0
2007-09-27,28.3,28.31,28.05,28.26,23.8126,16600,0,0
2007-09-28,28.5,28.7,28.5,28.61,24.1075,10900,0,0
2007-10-01,28.62,28.75,28.5,28.72,24.2002,21800,0,0
2007-10-02,28.03,28.2,27.79,28.04,23.6272,29900,0,0
2007-10-03,28.08,28.15,27.9,27.96,23.5598,30300,0,0
2007-10-04,27.77,28.3,27.69,28.3,23.8463,17200,0,0
2007-10-05,28.21,28.46,28.21,28.44,23.9642,14400,0,0
2007-10-08,28.23,28.23,28.06,28.15,23.7199,12900,0,0
2007-10-09,28.19,28.47,28.19,28.38,23.9137,7600,0,0
2007-10-10,28.58,28.64,28.41,28.49,24.0064,24500,0,0
2007-10-11,28.69,28.98,28.63,28.75,24.2254,28800,0,0
2007-10-12,28.81,28.86,28.71,28.81,24.276,12000,0,0
2007-10-15,29.1,29.21,29.02,29.12,24.5372,10100,0,0
2007-10-16,29,29.1,28.85,29.04,24.4698,13000,0,0
2007-10-17,29.28,29.28,28.8,28.88,24.335,17600,0,0
2007-10-18,29.22,29.3,29.12,29.3,24.6889,20000,0,0
2007-10-19,29.36,29.37,28.85,29.18,24.5878,43700,0,0
2007-10-22,28.46,28.84,28.46,28.77,24.2423,41900,0,0
2007-10-23,28.95,29.04,28.81,29,24.4361,10500,0,0
2007-10-24,28.9,29.08,28.84,29.08,24.5035,17900,0,0
2007-10-25,29.24,29.37,29.22,29.37,24.7479,22100,0,0
2007-10-26,29.73,29.98,29.68,29.96,25.245,13200,0,0
2007-10-29,30.22,30.25,29.98,30.22,25.4641,22700,0,0
2007-10-30,29.87,29.97,29.82,29.87,25.1692,24200,0,0
2007-10-31,30.13,30.44,29.7,30.29,25.5231,46200,0,0
2007-11-01,30,30.18,29.78,30.11,25.3714,39400,0,0
2007-11-02,30.25,30.82,30.08,30.79,25.9444,18100,0,0
2007-11-05,30.68,30.98,30.63,30.79,25.9444,22800,0,0
2007-11-06,33.56,36.58,31.35,31.59,26.6185,49000,0,0
2007-11-07,31.95,32.15,31.75,31.83,26.8207,72300,0,0
2007-11-08,32.23,32.44,31.58,31.9,26.8797,78200,0,0
2007-11-09,31.94,32.02,31.72,31.87,26.8544,43600,0,0
2007-11-12,33.46,33.46,30.25,30.25,25.4894,52000,0,0
2007-11-13,31.02,31.02,30.28,30.55,25.7422,40500,0,0
2007-11-14,31.43,31.43,30.96,31.05,26.1635,22100,0,0
2007-11-15,30.34,30.52,29.89,30.12,25.3798,49500,0,0
2007-11-16,30.41,30.47,30.02,30.11,25.3714,25200,0,0
2007-11-19,30.2,30.2,29.6,29.91,25.2029,24300,0,0
2007-11-20,30.26,30.7,30.24,30.7,25.8686,26900,0,0
2007-11-21,30.67,30.67,30.32,30.52,25.7169,24500,0,0
2007-11-23,31.03,31.42,31.01,31.37,26.4331,10500,0,0
2007-11-26,31.35,31.57,31.17,31.28,26.3573,18300,0,0
2007-11-27,30.93,30.98,30.69,30.8,25.9528,16200,0,0
2007-11-28,30.58,30.71,30.27,30.66,25.8349,39900,0,0
2007-11-29,30.25,30.53,30.2,30.22,25.4641,16100,0,0
2007-11-30,29.97,29.97,29.56,29.75,25.0681,34500,0,0
2007-12-03,29.75,30.09,29.75,30.09,25.3546,14700,0,0
2007-12-04,30.36,30.61,30.25,30.5,25.7,25100,0,0
2007-12-05,30.3,30.36,30.05,30.23,25.4725,45300,0,0
2007-12-06,30.14,30.66,30.14,30.59,25.7759,108500,0,0
2007-12-07,30.42,30.42,30.1,30.32,25.5484,30000,0,0
2007-12-10,30.56,30.95,30.56,30.9,26.0371,22000,0,0
2007-12-11,30.82,30.98,30.42,30.43,25.641,22300,0,0
2007-12-12,31.01,31.05,30.83,31,26.1213,14700,0,0
2007-12-13,30.58,30.58,30.04,30.22,25.4641,16300,0,0
2007-12-14,30.14,30.14,29.75,30.06,25.3293,15700,0,0
2007-12-17,29.27,29.5,29.17,29.19,25.0971,27900,0.6,0
2007-12-18,29.88,29.88,29.6,29.8,25.6216,11100,0,0
2007-12-19,29.73,29.81,29.65,29.8,25.6216,13100,0,0
2007-12-20,29.67,29.72,29.41,29.66,25.5012,14900,0,0
2007-12-21,30.06,30.18,30,30.04,25.828,8600,0,0
2007-12-24,30.18,30.3,30.17,30.26,26.0171,13200,0,0
2007-12-26,30.55,30.72,30.51,30.72,26.4126,12900,0,0
2007-12-27,30.83,30.86,30.6,30.64,26.3438,15500,0,0
2007-12-28,30.9,31.14,30.9,31.11,26.7479,11600,0,0
2007-12-31,31.04,31.04,30.78,30.97,26.6276,18300,0,0
2008-01-02,31.41,31.93,31.31,31.85,27.3842,41200,0,0
2008-01-03,31.82,32.22,31.7,32.1,27.5991,68000,0,0
2008-01-04,32.05,32.1,31.67,31.93,27.453,68600,0,0
2008-01-07,31.94,31.95,31.71,31.77,27.3154,42700,0,0
2008-01-08,32.18,32.66,32.18,32.6,28.029,45800,0,0
2008-01-09,32.48,32.72,32.34,32.41,27.8656,117000,0,0
2008-01-10,32.4,33.2,32.35,33.17,28.5191,49200,0,0
2008-01-11,33.03,33.31,32.95,33.27,28.6051,71100,0,0
2008-01-14,33.5,33.75,33.37,33.59,28.8802,57400,0,0
2008-01-15,33.55,33.81,32.96,33.01,28.3815,98800,0,0
2008-01-16,32.87,33.16,32.29,32.44,27.8914,69800,0,0
2008-01-17,32.8,32.93,32.35,32.4,27.8571,78600,0,0
2008-01-18,32.63,32.79,32.44,32.79,28.1924,62500,0,0
2008-01-22,31.96,33.01,31.95,32.94,28.3213,196600,0,0
2008-01-23,32.48,33.04,32.31,32.69,28.1064,74800,0,0
2008-01-24,33.37,33.65,33.24,33.62,28.906,65600,0,0
2008-01-25,33.88,33.95,33.43,33.66,28.9404,56500,0,0
2008-01-28,33.92,34.25,33.81,34.24,29.4391,114300,0,0
2008-01-29,34.11,34.21,33.89,34.03,29.2585,67900,0,0
2008-01-30,33.77,34.53,33.75,34.35,29.5336,117700,0,0
2008-01-31,33.98,34.26,33.82,34.25,29.4476,90300,0,0
2008-02-01,34.24,34.39,33.42,33.5,28.8028,61900,0,0
2008-02-04,33.02,33.53,32.87,33.44,28.7512,107300,0,0
2008-02-05,32.92,33.16,32.64,32.81,28.2096,57100,0,0
2008-02-06,33.32,33.51,33.15,33.26,28.5965,48900,0,0
2008-02-07,33.19,33.64,33.19,33.63,28.9146,47100,0,0
2008-02-08,33.65,34.11,33.65,33.96,29.1983,216400,0,0
2008-02-11,34.16,34.4,33.88,34.4,29.5766,157400,0,0
2008-02-12,34.22,34.24,33.54,33.61,28.8974,76400,0,0
2008-02-13,33.45,33.81,33.32,33.67,28.949,57000,0,0
2008-02-14,33.66,33.92,33.54,33.74,29.0092,63600,0,0
2008-02-15,34.03,34.03,33.32,33.54,28.8372,53300,0,0
2008-02-19,34.3,34.5,34.2,34.44,29.611,107900,0,0
2008-02-20,34.16,35.12,34.09,35.12,30.1957,88200,0,0
2008-02-21,35.16,35.43,34.95,35.05,30.1355,78700,0,0
2008-02-22,35.11,35.5,34.71,35.25,30.3074,62800,0,0
2008-02-25,35.33,35.33,34.75,35.07,30.1527,100100,0,0
2008-02-26,34.93,35.64,34.84,35.41,30.445,107000,0,0
2008-02-27,36.03,36.11,35.71,36.07,31.0125,97700,0,0
2008-02-28,36.13,36.65,36,36.64,31.5025,92400,0,0
2008-02-29,36.57,36.73,36.31,36.73,31.5799,87200,0,0
2008-03-03,37.34,37.44,36.96,37.17,31.9582,169600,0,0
2008-03-04,37.27,37.35,36.07,36.39,31.2876,138400,0,0
2008-03-05,36.76,37.62,36.67,37.52,32.2592,156200,0,0
2008-03-06,37.26,37.33,36.41,36.92,31.7433,92000,0,0
2008-03-07,37.04,37.04,36.53,36.82,31.6573,118900,0,0
2008-03-10,36.25,36.69,35.91,36.4,31.2962,126700,0,0
2008-03-11,36.64,36.84,36.16,36.56,31.4338,79600,0,0
2008-03-12,36.89,37.05,36.64,37.05,31.855,84700,0,0
2008-03-13,37.75,37.83,37.25,37.63,32.3537,104900,0,0
2008-03-14,37.56,38.66,37.56,38.16,32.8094,222000,0,0
2008-03-17,37.8,38.2,37.24,37.7,32.4139,279900,0,0
2008-03-18,37.86,38.2,36.5,36.63,31.4939,231400,0,0
2008-03-19,36.16,36.29,34.74,34.99,30.0839,285300,0,0
2008-03-20,33.95,34.17,29.12,33.67,28.949,411200,0,0
2008-03-24,33.66,34.19,33.35,33.81,29.0693,106800,0,0
2008-03-25,34.28,34.99,34.28,34.99,30.0839,207100,0,0
2008-03-26,35.06,35.5,35.04,35.3,30.3504,148900,0,0
2008-03-27,35.25,35.51,35.07,35.37,30.4106,93800,0,0
2008-03-28,34.66,34.84,34.36,34.66,29.8002,73100,0,0
2008-03-31,34.79,35.01,33.78,33.99,29.2241,103100,0,0
2008-04-01,33,33,32.25,32.57,28.0032,270400,0,0
2008-04-02,32.7,33.73,32.7,33.66,28.9404,163400,0,0
2008-04-03,33.42,33.79,32.98,33.72,28.992,73600,0,0
2008-04-04,33.59,34.1,33.59,34.05,29.2757,66600,0,0
2008-04-07,34.19,34.66,34.19,34.34,29.525,321200,0,0
2008-04-08,33.93,34.08,33.76,33.95,29.1897,157700,0,0
2008-04-09,34.01,34.88,34.01,34.71,29.8432,136600,0,0
2008-04-10,34.85,34.89,34.22,34.6,29.7486,65600,0,0
2008-04-11,34.49,34.57,34,34.28,29.4734,311500,0,0
2008-04-14,34.37,34.59,34.21,34.32,29.5078,22100,0,0
2008-04-15,34.38,34.56,34.36,34.41,29.5852,31800,0,0
2008-04-16,35.14,35.42,35.13,35.16,30.2301,58100,0,0
2008-04-17,35.4,35.4,34.94,34.94,30.0409,46800,0,0
2008-04-18,34.24,34.4,33.65,34.4,29.5766,40700,0,0
2008-04-21,34.23,34.31,33.87,33.99,29.2241,48200,0,0
2008-04-22,34.01,34.48,33.99,34.01,29.2413,46600,0,0
2008-04-23,33.58,33.69,33.02,33.51,28.8114,70700,0,0
2008-04-24,33.07,33.26,32.75,32.75,28.158,76100,0,0
2008-04-25,33.12,33.19,32.77,32.86,28.2525,40300,0,0
2008-04-28,32.97,33.3,32.97,33.08,28.4417,39400,0,0
2008-04-29,32.7,32.7,32.18,32.19,27.6765,64300,0,0
2008-04-30,32.33,32.62,31.52,32.53,27.9688,102600,0,0
2008-05-01,31.95,31.95,31.33,31.49,27.0746,274800,0,0
2008-05-02,31.54,31.93,31.54,31.8,27.3412,48900,0,0
2008-05-05,32.23,32.45,32.12,32.38,27.8399,34300,0,0
2008-05-06,32.39,32.79,32.39,32.6,28.029,470300,0,0
2008-05-07,32.08,32.44,32.01,32.2,27.6851,45400,0,0
2008-05-08,32.54,32.87,32.51,32.71,28.1236,28700,0,0
2008-05-09,32.93,32.95,32.32,32.81,28.2096,45000,0,0
2008-05-12,32.6,33,32.6,32.76,28.1666,20500,0,0
2008-05-13,32.22,32.46,31.95,32.1,27.5991,38900,0,0
2008-05-14,32.34,32.42,31.97,31.97,27.4873,46900,0,0
2008-05-15,32.69,32.96,32.4,32.76,28.1666,55400,0,0
2008-05-16,33.28,33.47,33.12,33.33,28.6567,39400,0,0
2008-05-19,33.65,33.65,33.26,33.4,28.7168,50600,0,0
2008-05-20,33.64,34.21,33.54,34.2,29.4047,41300,0,0
2008-05-21,34.17,34.73,34.11,34.61,29.7572,111700,0,0
2008-05-22,34.41,34.53,34.12,34.18,29.3875,16400,0,0
2008-05-23,34.53,34.62,34.3,34.59,29.74,50000,0,0
2008-05-27,34,34,33.58,33.64,28.9232,43500,0,0
2008-05-28,33.41,33.54,33.21,33.51,28.8114,13500,0,0
2008-05-29,32.79,32.88,32.26,32.39,27.8485,77300,0,0
2008-05-30,32.67,32.93,32.66,32.84,28.2354,16900,0,0
2008-06-02,32.63,33.18,32.63,32.89,28.2783,18600,0,0
2008-06-03,32.54,32.73,32.37,32.49,27.9344,24100,0,0
2008-06-04,32.75,32.75,31,32.59,28.0204,41100,0,0
2008-06-05,32.49,32.73,32.24,32.66,28.0806,16200,0,0
2008-06-06,32.99,33.66,32.99,33.66,28.9404,24200,0,0
2008-06-09,33.2,33.52,33.02,33.12,28.4761,16900,0,0
2008-06-10,32.37,32.69,32.01,32.13,27.6249,26200,0,0
2008-06-11,32.41,32.77,32.41,32.71,28.1236,11600,0,0
2008-06-12,31.84,32.3,31.77,32.15,27.6421,21200,0,0
2008-06-13,32.08,32.19,31.9,32.11,27.6077,32700,0,0
2008-06-16,33.15,33.26,32.73,32.82,28.2182,19500,0,0
2008-06-17,32.6,32.88,32.6,32.82,28.2182,23100,0,0
2008-06-18,32.98,33.28,32.8,33.23,28.5707,12600,0,0
2008-06-19,33.71,33.71,33.31,33.34,28.6652,52000,0,0
2008-06-20,33.36,33.73,33.36,33.49,28.7942,12600,0,0
2008-06-23,32.5,32.75,32.5,32.59,28.0204,18500,0,0
2008-06-24,32.77,33.06,32.67,32.84,28.2354,19900,0,0
2008-06-25,32.81,32.81,32.25,32.74,28.1494,25300,0,0
2008-06-26,33.61,33.92,33.51,33.92,29.1639,57700,0,0
2008-06-27,34.09,34.4,33.98,34.31,29.4992,32700,0,0
2008-06-30,34.41,34.41,33.82,34.24,29.4391,28800,0,0
2008-07-01,34.64,35.02,34.55,34.86,29.9721,58900,0,0
2008-07-02,34.6,35.18,34.6,35.13,30.2043,472900,0,0
2008-07-03,34.31,34.92,34.31,34.73,29.8604,19300,0,0
2008-07-07,34.16,34.44,33.92,34.25,29.4476,70300,0,0
2008-07-08,33.96,34.25,33.78,34.22,29.4219,22700,0,0
2008-07-09,34.17,34.5,34.17,34.49,29.654,13300,0,0
2008-07-10,34.71,35.17,34.71,35.17,30.2386,39200,0,0
2008-07-11,35.79,35.92,35.48,35.86,30.8319,23700,0,0
2008-07-14,35.87,36.29,35.77,36.23,31.15,54800,0,0
2008-07-15,36.4,36.7,35.76,36.12,31.0554,83900,0,0
2008-07-16,36.13,36.29,35.51,35.53,30.5482,66600,0,0
2008-07-17,35.6,36.3,35.32,35.47,30.4966,58000,0,0
2008-07-18,35.39,35.56,35.17,35.17,30.2386,106000,0,0
2008-07-21,35.54,35.71,35.4,35.63,30.6342,32600,0,0
2008-07-22,35.89,35.95,34.74,34.75,29.8775,57400,0,0
2008-07-23,34.6,34.75,33.81,33.83,29.0865,72000,0,0
2008-07-24,33.82,34.24,33.66,34.18,29.3875,138700,0,0
2008-07-25,33.89,34.25,33.78,34.24,29.4391,25500,0,0
2008-07-28,33.81,34.31,32.57,34.02,29.2499,66700,0,0
2008-07-29,34.44,34.44,32.41,33.82,29.0779,26700,0,0
2008-07-30,32.93,33.61,32.87,33.58,28.8716,37000,0,0
2008-07-31,34.11,34.14,33.79,33.87,29.1209,20600,0,0
2008-08-01,33.58,33.89,33.48,33.62,28.906,15600,0,0
2008-08-04,33.49,33.6,32.91,32.91,28.2955,39600,0,0
2008-08-05,32.58,32.63,32.11,32.11,27.6077,171100,0,0
2008-08-06,32.36,32.49,32.17,32.28,27.7539,21700,0,0
2008-08-07,32.36,32.47,31.83,32.03,27.5389,33600,0,0
2008-08-08,31.21,31.41,31,31.18,26.8081,80000,0,0
2008-08-11,31.37,31.37,29.79,29.9,25.7076,126300,0,0
2008-08-12,29.79,29.94,29.42,29.7,25.5356,129200,0,0
2008-08-13,29.69,30.27,29.68,30.16,25.9311,34500,0,0
2008-08-14,29.9,29.9,29.17,29.3,25.1917,32200,0,0
2008-08-15,28.39,28.57,27.88,28.08,24.1428,113000,0,0
2008-08-18,28.71,28.9,28.46,28.63,24.6157,50700,0,0
2008-08-19,28.25,29.25,28.2,29.16,25.0713,45000,0,0
2008-08-20,29.07,29.25,28.65,29.13,25.0455,26200,0,0
2008-08-21,30.01,30.19,29.83,30.03,25.8194,46400,0,0
2008-08-22,29.61,29.81,29.37,29.38,25.2605,14600,0,0
2008-08-25,29.42,29.61,29.31,29.48,25.3465,15700,0,0
2008-08-26,29.29,29.82,29.29,29.68,25.5184,23200,0,0
2008-08-27,29.71,29.86,29.5,29.56,25.4153,56800,0,0
2008-08-28,30.21,30.21,29.56,29.86,25.6732,7100,0,0
2008-08-29,29.89,29.99,29.69,29.73,25.5614,7900,0,0
2008-09-02,28.24,28.95,28.17,28.8,24.7618,78100,0,0
2008-09-03,28.66,28.84,28.39,28.64,24.6243,57200,0,0
2008-09-04,28.86,28.88,28.36,28.41,24.4265,25200,0,0
2008-09-05,28.92,29.05,28.15,28.36,24.3835,21500,0,0
2008-09-08,28.76,28.95,28.15,28.36,24.3835,19000,0,0
2008-09-09,27.92,27.92,27.24,27.24,23.4206,116100,0,0
2008-09-10,27.42,27.42,26.3,26.3,22.6124,64000,0,0
2008-09-11,26.17,26.17,25.74,25.94,22.3028,69800,0,0
2008-09-12,26.35,26.79,26.14,26.79,23.0336,48500,0,0
2008-09-15,27.23,27.5,26.97,27.46,23.6097,74400,0,0
2008-09-16,26.99,27.25,26.84,26.94,23.1626,32100,0,0
2008-09-17,27.23,30.34,27.23,30.34,26.0859,98400,0,0
2008-09-18,30.6,32.08,29.16,29.64,25.484,118700,0,0
2008-09-19,30.44,30.79,29.92,30.71,26.404,79200,0,0
2008-09-22,31.06,32.23,31.06,32.15,27.6421,383400,0,0
2008-09-23,31.87,31.87,30.91,31.61,27.1778,66000,0,0
2008-09-24,31.88,31.88,31.16,31.19,26.8167,32800,0,0
2008-09-25,31.29,31.45,30.6,31.06,26.7049,35200,0,0
2008-09-26,31.26,32.27,31.16,31.18,26.8081,47400,0,0
2008-09-29,30.89,32.33,30.89,32.09,27.5905,65700,0,0
2008-09-30,31.04,31.11,29.88,30.02,25.8108,27000,0,0
2008-10-01,30.48,31.25,30.38,30.59,26.3008,40900,0,0
2008-10-02,29.92,29.92,28.63,28.72,24.693,108100,0,0
2008-10-03,28.52,29.4,28.52,28.88,24.8306,32500,0,0
2008-10-06,29.98,30.19,29.42,29.57,25.4239,97400,0,0
2008-10-07,30.42,30.6,30.02,30.44,26.1719,36000,0,0
2008-10-08,31.54,31.74,30.8,31.19,26.8167,36600,0,0
2008-10-09,30.63,31.5,30.47,31.31,26.9199,40600,0,0
2008-10-10,31.09,31.5,27.91,28.53,24.5297,81000,0,0
2008-10-13,29.02,29.1,28.3,28.7,24.6758,73500,0,0
2008-10-14,28.76,29.3,28.65,28.78,24.7446,42400,0,0
2008-10-15,28.52,29.07,28.5,28.93,24.8736,25500,0,0
2008-10-16,28.46,28.57,26.69,27.42,23.5753,88400,0,0
2008-10-17,26.54,26.95,26.25,26.74,22.9907,44600,0,0
2008-10-20,26.83,27.18,26.76,27.08,23.283,35700,0,0
2008-10-21,26.37,26.73,26.36,26.67,22.9305,15200,0,0
2008-10-22,26.04,26.04,24.86,25,21.4946,26400,0,0
2008-10-23,24.56,25.13,24.36,24.73,21.2625,41900,0,0
2008-10-24,24.07,25.7,24.07,24.96,21.4602,76500,0,0
2008-10-27,24.66,25.54,24.52,24.97,21.4688,31100,0,0
2008-10-28,25.25,25.63,24.89,25.62,22.0277,26900,0,0
2008-10-29,26.18,26.61,25.83,26.28,22.5952,46100,0,0
2008-10-30,26.31,26.31,25.29,25.47,21.8987,19400,0,0
2008-10-31,25.37,25.58,24.93,25,21.4946,19400,0,0
2008-11-03,25.11,25.42,24.99,24.99,21.486,8200,0,0
2008-11-04,25.83,26.61,25.7,26.6,22.8703,31200,0,0
2008-11-05,26.23,26.39,25.65,25.66,22.0621,13100,0,0
2008-11-06,26.24,26.42,25.25,25.39,21.8299,31400,0,0
2008-11-07,25.57,25.63,25.36,25.51,21.9331,17500,0,0
2008-11-10,26.39,26.39,25.79,25.97,22.3286,9400,0,0
2008-11-11,25.5,25.5,25.06,25.32,21.7698,18400,0,0
2008-11-12,25,25.05,24.39,24.39,20.9702,23200,0,0
2008-11-13,24.68,25.14,23.98,25.03,21.5204,87500,0,0
2008-11-14,25.59,25.8,25.34,25.64,22.0449,24600,0,0
2008-11-17,25.27,25.55,25.02,25.14,21.615,9600,0,0
2008-11-18,25.02,25.55,25.02,25.22,21.6838,4800,0,0
2008-11-19,25.51,26.12,25,25.02,21.5118,17000,0,0
2008-11-20,25.24,25.49,25.11,25.26,21.7182,42000,0,0
2008-11-21,26.26,27.22,25.98,27.1,23.3002,27300,0,0
2008-11-24,27.92,28.42,27.86,28.03,24.0998,21500,0,0
2008-11-25,28.27,28.27,27.48,27.91,23.9966,12700,0,0
2008-11-26,27.79,27.89,27.48,27.8,23.902,15600,0,0
2008-11-28,27.67,28.02,27.62,27.97,24.0482,57600,0,0
2008-12-01,26.64,26.64,25.85,25.9,22.2684,16700,0,0
2008-12-02,26.29,26.7,26.29,26.58,22.8531,15700,0,0
2008-12-03,26,26.58,26,26.42,22.7155,50500,0,0
2008-12-04,25.96,26.58,25.89,26.1,22.4404,35700,0,0
2008-12-05,25.69,26,25.12,25.66,22.0621,43800,0,0
2008-12-08,26.58,26.82,26.29,26.63,22.8961,9900,0,0
2008-12-09,26.21,26.54,26.07,26.5,22.7843,17100,0,0
2008-12-10,27.33,27.68,27.16,27.66,23.7817,23300,0,0
2008-12-11,28.04,28.3,27.8,27.82,23.9192,30500,0,0
2008-12-12,27.63,28.14,27.63,27.87,23.9622,14000,0,0
2008-12-15,27.86,28.32,27.77,28.17,24.4571,19800,0.27,0
2008-12-16,29.25,29.71,27.98,29.25,25.3947,83900,0,0
2008-12-17,29.35,29.81,29.2,29.38,25.5076,24100,0,0
2008-12-18,29.22,29.22,28.6,28.72,24.9346,22500,0,0
2008-12-19,28.39,28.4,28.05,28.25,24.5265,24600,0,0
2008-12-22,28.84,28.84,28.39,28.66,24.8825,34800,0,0
2008-12-23,28.38,28.57,27.7,28.1,24.3963,16300,0,0
2008-12-24,28.19,28.49,28.06,28.38,24.6394,5400,0,0
2008-12-26,28.13,29.36,28.13,29.36,25.4902,19900,0,0
2008-12-29,29.98,29.98,27.28,29.47,25.5857,23400,0,0
2008-12-30,30,30,28.96,29.5,25.6118,57300,0,0
2008-12-31,29.04,29.84,28.65,29.76,25.8375,100700,0,0
2009-01-02,29.64,29.82,29.44,29.65,25.742,14700,0,0
2009-01-05,28.8,29.13,28.4,29.1,25.2645,30800,0,0
2009-01-06,28.89,29.49,28.61,29.41,25.5337,31600,0,0
2009-01-07,28.89,28.89,28.27,28.53,24.7696,32600,0,0
2009-01-08,28.95,29.18,28.89,29.17,25.3253,20700,0,0
2009-01-09,28.79,29.5,28.55,29.02,25.1951,33900,0,0
2009-01-12,28.33,28.35,27.54,27.78,24.1185,29200,0,0
2009-01-13,27.6,28.05,27.6,27.87,24.1966,4800,0,0
2009-01-14,27.4,27.65,27.15,27.49,23.8667,30400,0,0
2009-01-15,27.65,27.78,27.11,27.62,23.9796,6100,0,0
2009-01-16,28.3,28.72,28.05,28.72,24.9346,16200,0,0
2009-01-20,29.02,29.31,28.75,28.92,25.1082,27000,0,0
2009-01-21,28.94,29.14,28.51,29.03,25.2037,12400,0,0
2009-01-22,29.02,29.26,28.98,29.21,25.36,16400,0,0
2009-01-23,29.66,30.64,29.66,30.55,26.5234,26500,0,0
2009-01-26,30.83,31.07,30.55,30.73,26.6797,27300,0,0
2009-01-27,30.6,30.76,30.4,30.58,26.5494,98900,0,0
2009-01-28,30.42,30.58,29.98,30.24,26.2543,26900,0,0
2009-01-29,30.05,31,29.76,30.86,26.7925,30700,0,0
2009-01-30,31.28,31.75,31.06,31.75,27.5652,39200,0,0
2009-02-02,31.14,31.37,30.81,30.85,26.7839,49000,0,0
2009-02-03,30.82,31.05,30.32,30.85,26.7839,21600,0,0
2009-02-04,30.98,31.09,30.81,31.06,26.9662,66200,0,0
2009-02-05,31.3,31.67,31.14,31.4,27.2614,61700,0,0
2009-02-06,31.28,31.48,31.24,31.46,27.3135,18700,0,0
2009-02-09,31.08,31.09,30.76,30.98,26.8967,64300,0,0
2009-02-10,31.42,31.62,31.31,31.6,27.435,41400,0,0
2009-02-11,31.87,32.65,31.87,32.44,28.1643,167700,0,0
2009-02-12,32.5,32.74,32.31,32.68,28.3727,60800,0,0
2009-02-13,32.36,32.52,32.09,32.47,28.1903,23200,0,0
2009-02-17,33.38,33.61,33.28,33.5,29.0846,66400,0,0
2009-02-18,33.35,34.11,33.28,34.01,29.5274,859700,0,0
2009-02-19,33.7,33.77,33.4,33.51,29.0933,86300,0,0
2009-02-20,34.4,34.58,34.03,34.28,29.7618,120300,0,0
2009-02-23,33.88,34.42,33.54,34.34,29.8139,49900,0,0
2009-02-24,34.29,34.29,33,33.2,28.8241,202400,0,0
2009-02-25,33.2,33.64,32.44,32.61,28.3119,70400,0,0
2009-02-26,32.32,32.36,31.82,32.29,28.0341,67400,0,0
2009-02-27,32.55,32.74,31.6,32.19,27.9472,83800,0,0
2009-03-02,32.42,32.42,31.39,31.67,27.4958,59900,0,0
2009-03-03,31.46,31.52,30.81,31.21,27.0964,44700,0,0
2009-03-04,31.49,31.49,30.92,31.03,26.9401,25600,0,0
2009-03-05,31.3,32.13,31.17,32.09,27.8604,79400,0,0
2009-03-06,32.03,32.38,32,32.2,27.9559,23100,0,0
2009-03-09,32.19,32.19,31.17,31.57,27.409,32700,0,0
2009-03-10,31.07,31.18,30.48,30.65,26.6102,43600,0,0
2009-03-11,30.83,31.25,30.67,31.04,26.9488,28300,0,0
2009-03-12,31.37,31.74,31.34,31.62,27.4524,15100,0,0
2009-03-13,31.99,31.99,31.61,31.87,27.6694,10300,0,0
2009-03-16,31.46,31.61,31.28,31.53,27.3742,14800,0,0
2009-03-17,31.32,31.46,31.18,31.19,27.079,8200,0,0
2009-03-18,30.84,32.2,29.98,32.2,27.9559,93700,0,0
2009-03-19,32.48,32.94,32.37,32.86,28.5289,86000,0,0
2009-03-20,32.7,33.03,32.47,32.77,28.4508,71100,0,0
2009-03-23,32.72,32.83,32.26,32.3,28.0427,62400,0,0
2009-03-24,31.73,31.97,31.57,31.76,27.5739,266000,0,0
2009-03-25,31.78,32.29,31.57,32.19,27.9472,52100,0,0
2009-03-26,32.45,32.45,32.2,32.21,27.9646,73100,0,0
2009-03-27,31.77,31.88,31.65,31.76,27.5739,32900,0,0
2009-03-30,31.45,31.89,31.37,31.44,27.2961,33400,0,0
2009-03-31,31.6,31.6,31.15,31.43,27.2874,37600,0,0
2009-04-01,31.79,31.79,31.42,31.65,27.4784,25800,0,0
2009-04-02,30.88,31.21,30.7,31.02,26.9315,41000,0,0
2009-04-03,30.97,31.04,30.58,30.67,26.6276,111200,0,0
2009-04-06,30.06,30.06,29.48,29.59,25.6899,132400,0,0
2009-04-07,29.88,30.15,29.88,30,26.0459,112200,0,0
2009-04-08,30.24,30.29,29.97,30.03,26.0719,35000,0,0
2009-04-09,29.93,30.15,29.86,29.92,25.9764,76300,0,0
2009-04-13,30.66,30.79,30.51,30.56,26.5321,29900,0,0
2009-04-14,30.52,30.64,30.35,30.5,26.48,12200,0,0
2009-04-15,30.52,30.65,30.48,30.58,26.5494,78200,0,0
2009-04-16,30.46,30.46,29.72,29.79,25.8636,67600,0,0
2009-04-17,29.64,29.69,29.39,29.49,25.6031,35800,0,0
2009-04-20,29.74,30.21,29.74,30.08,26.1153,22900,0,0
2009-04-21,30.37,30.37,29.88,30.01,26.0546,13600,0,0
2009-04-22,30.06,30.33,30.05,30.28,26.289,17900,0,0
2009-04-23,30.43,31.05,30.38,30.86,26.7925,117500,0,0
2009-04-24,31.04,31.26,30.96,31.17,27.0617,88800,0,0
2009-04-27,31.1,31.29,30.96,31.02,26.9315,137300,0,0
2009-04-28,30.35,30.52,30.23,30.42,26.4105,35800,0,0
2009-04-29,30.69,30.83,30.56,30.79,26.7318,20400,0,0
2009-04-30,30.06,30.36,29.94,30.22,26.2369,20100,0,0
2009-05-01,30.06,30.38,30.02,30.18,26.2022,23900,0,0
2009-05-04,30.74,31.07,30.74,30.88,26.8099,174100,0,0
2009-05-05,31.51,31.51,30.95,31.02,26.9315,33600,0,0
2009-05-06,31.5,31.56,31.37,31.5,27.3482,44100,0,0
2009-05-07,31.83,31.92,31.5,31.51,27.3569,109000,0,0
2009-05-08,31.65,31.85,31.45,31.83,27.6347,78600,0,0
2009-05-11,31.57,31.78,31.57,31.72,27.5392,16600,0,0
2009-05-12,32,32.17,31.85,32.13,27.8951,39400,0,0
2009-05-13,31.89,32.23,31.88,32.12,27.8865,46800,0,0
2009-05-14,31.98,32.2,31.9,32.12,27.8865,44700,0,0
2009-05-15,32.12,32.39,31.99,32.23,27.982,102400,0,0
2009-05-18,32.14,32.14,31.66,31.86,27.6607,208600,0,0
2009-05-19,31.9,32.3,31.9,32.1,27.8691,57700,0,0
2009-05-20,32.28,32.61,32.28,32.49,28.2077,59500,0,0
2009-05-21,32.5,33.12,32.39,33.09,28.7286,121600,0,0
2009-05-22,33.32,33.33,33.09,33.17,28.7981,132500,0,0
2009-05-26,32.79,33.17,32.72,33.04,28.6852,140500,0,0
2009-05-27,33.1,33.46,33,33.16,28.7894,36600,0,0
2009-05-28,33.47,33.74,33.4,33.51,29.0933,113700,0,0
2009-05-29,34,34.32,33.99,34.32,29.7965,81100,0,0
2009-06-01,35.48,35.48,34.11,34.16,29.6576,139300,0,0
2009-06-02,34.34,34.65,34.32,34.55,29.9962,69000,0,0
2009-06-03,34.29,34.38,33.54,33.58,29.154,81400,0,0
2009-06-04,33.82,34.43,33.82,34.41,29.8746,50300,0,0
2009-06-05,33.53,33.79,33.32,33.34,28.9457,55100,0,0
2009-06-08,33.13,33.25,32.89,33.2,28.8241,38100,0,0
2009-06-09,33.6,33.6,33.33,33.48,29.0672,25800,0,0
2009-06-10,33.68,33.79,33.13,33.38,28.9804,50900,0,0
2009-06-11,33.17,33.76,33.12,33.48,29.0672,96100,0,0
2009-06-12,32.88,33.04,32.72,32.77,28.4508,215400,0,0
2009-06-15,32.51,32.51,32.01,32.05,27.8257,53300,0,0
2009-06-16,32.3,32.45,32.19,32.35,28.0862,49500,0,0
2009-06-17,32.2,32.57,32.1,32.55,28.2598,46000,0,0
2009-06-18,32.43,32.55,32.19,32.29,28.0341,51000,0,0
2009-06-19,32.4,32.51,32.27,32.29,28.0341,38300,0,0
2009-06-22,31.81,31.85,31.56,31.67,27.4958,134300,0,0
2009-06-23,31.89,31.92,31.5,31.84,27.6434,24300,0,0
2009-06-24,32.23,32.37,31.96,32.05,27.8257,53700,0,0
2009-06-25,32.21,32.36,32.11,32.36,28.0948,53600,0,0
2009-06-26,32.55,32.58,32.35,32.43,28.1556,34500,0,0
2009-06-29,32.36,32.36,32.17,32.24,27.9907,26700,0,0
2009-06-30,32.22,32.22,31.68,31.78,27.5913,53600,0,0
2009-07-01,32.27,32.4,32.11,32.24,27.9907,55100,0,0
2009-07-02,31.82,31.84,31.68,31.75,27.5652,19000,0,0
2009-07-06,31.29,31.54,31.25,31.5,27.3482,55000,0,0
2009-07-07,31.46,31.63,31.34,31.34,27.2093,102300,0,0
2009-07-08,31.12,31.22,30.68,30.83,26.7665,80900,0,0
2009-07-09,30.93,31.14,30.85,30.94,26.862,45800,0,0
2009-07-10,30.73,30.92,30.71,30.91,26.8359,15300,0,0
2009-07-13,30.77,31.2,30.62,31.09,26.9922,26300,0,0
2009-07-14,31.33,31.45,31.27,31.38,27.244,26400,0,0
2009-07-15,31.84,31.99,31.83,31.93,27.7215,20600,0,0
2009-07-16,31.82,31.92,31.75,31.88,27.6781,17400,0,0
2009-07-17,31.96,31.96,31.84,31.84,27.6434,22600,0,0
2009-07-20,32.46,32.54,32.3,32.45,28.173,65500,0,0
2009-07-21,32.47,32.47,32.18,32.34,28.0775,45000,0,0
2009-07-22,32.16,32.55,32.11,32.37,28.1035,33000,0,0
2009-07-23,32.31,32.69,32.31,32.48,28.199,35100,0,0
2009-07-24,32.56,32.62,32.46,32.51,28.2251,43300,0,0
2009-07-27,32.87,32.87,32.58,32.73,28.4161,19200,0,0
2009-07-28,32.67,32.67,31.93,32.13,27.8951,39300,0,0
2009-07-29,31.95,31.95,31.54,31.62,27.4524,24400,0,0
2009-07-30,31.98,32.03,31.79,31.81,27.6173,38700,0,0
2009-07-31,31.9,32.71,31.9,32.52,28.2337,38100,0,0
2009-08-03,33.16,33.16,32.78,32.8,28.4768,91400,0,0
2009-08-04,32.96,33.99,32.95,33.22,28.8415,112000,0,0
2009-08-05,33.43,33.46,33.17,33.36,28.963,25300,0,0
2009-08-06,33.51,33.51,33.02,33.17,28.7981,50200,0,0
2009-08-07,33.24,33.34,32.91,32.99,28.6418,28700,0,0
2009-08-10,32.71,32.74,32.54,32.68,28.3727,22300,0,0
2009-08-11,32.56,32.69,32.5,32.6,28.3032,52200,0,0
2009-08-12,32.51,32.91,32.51,32.74,28.4247,77400,0,0
2009-08-13,33.12,33.27,33.07,33.2,28.8241,28100,0,0
2009-08-14,33.21,33.22,32.67,32.87,28.5376,30600,0,0
2009-08-17,32.11,32.18,31.89,32.08,27.8517,128900,0,0
2009-08-18,32.02,32.23,32.02,32.17,27.9299,27100,0,0
2009-08-19,31.91,32.3,31.83,32.16,27.9212,248100,0,0
2009-08-20,32.17,32.31,32.08,32.15,27.9125,75000,0,0
2009-08-21,32.59,32.75,32.59,32.64,28.3379,39400,0,0
2009-08-24,32.72,32.84,32.15,32.24,27.9907,423200,0,0
2009-08-25,32.64,32.7,32.43,32.52,28.2337,387400,0,0
2009-08-26,32.48,32.59,32.36,32.59,28.2945,100500,0,0
2009-08-27,32.42,32.7,32.39,32.66,28.3553,30900,0,0
2009-08-28,33.09,33.2,33,33.06,28.7026,32600,0,0
2009-08-31,32.8,33.02,32.71,32.98,28.6331,20600,0,0
2009-09-01,32.94,33.19,32.84,33.19,28.8154,35200,0,0
2009-09-02,33.41,34.05,33.36,34,29.5187,72300,0,0
2009-09-03,34.21,34.88,34.2,34.67,30.1004,50900,0,0
2009-09-04,34.58,34.86,34.39,34.74,30.1611,24400,0,0
2009-09-08,35.25,35.31,34.82,34.82,30.2306,305400,0,0
2009-09-09,35.05,35.17,34.66,34.68,30.109,397000,0,0
2009-09-10,34.71,35.16,34.64,35.03,30.4129,173400,0,0
2009-09-11,35.5,35.56,35.22,35.4,30.7342,72300,0,0
2009-09-14,35.12,35.2,34.97,35.03,30.4129,42200,0,0
2009-09-15,35.01,35.6,34.99,35.57,30.8817,38400,0,0
2009-09-16,36,36.03,35.85,36.02,31.2724,89300,0,0
2009-09-17,35.93,36.07,35.69,35.8,31.0814,54200,0,0
2009-09-18,35.87,35.9,35.49,35.49,30.8123,64100,0,0
2009-09-21,35.29,35.44,35.04,35.34,30.6821,62500,0,0
2009-09-22,35.86,35.89,35.68,35.77,31.0554,71200,0,0
2009-09-23,35.63,35.79,35.38,35.41,30.7428,48300,0,0
2009-09-24,35.55,35.6,34.71,34.83,30.2393,42500,0,0
2009-09-25,34.59,34.74,34.48,34.56,30.0049,47800,0,0
2009-09-28,34.63,34.84,34.56,34.56,30.0049,47700,0,0
2009-09-29,34.63,34.78,34.54,34.69,30.1177,34300,0,0
2009-09-30,35.04,35.33,34.77,35.29,30.6386,204000,0,0
2009-10-01,35.22,35.25,34.86,34.89,30.2914,34500,0,0
2009-10-02,34.66,35.13,34.66,34.89,30.2914,25100,0,0
2009-10-05,35.03,35.56,34.92,35.56,30.8731,45000,0,0
2009-10-06,36.15,36.63,36.15,36.52,31.7065,101800,0,0
2009-10-07,36.57,36.73,36.45,36.71,31.8715,94700,0,0
2009-10-08,36.79,37.36,36.71,37.14,32.2448,55500,0,0
2009-10-09,36.99,37.07,36.74,36.96,32.0885,61000,0,0
2009-10-12,37.12,37.27,37.09,37.17,32.2709,22700,0,0
2009-10-13,37.26,37.46,37.07,37.37,32.4445,46300,0,0
2009-10-14,37.43,37.5,37.24,37.38,32.4532,25400,0,0
2009-10-15,37.01,37.21,36.68,36.77,31.9236,56600,0,0
2009-10-16,36.73,37.05,36.65,36.94,32.0712,26300,0,0
2009-10-19,36.88,37.35,36.77,37.3,32.3837,127000,0,0
2009-10-20,37.59,37.59,36.83,37.04,32.158,34600,0,0
2009-10-21,37,37.43,36.8,37.15,32.2535,48400,0,0
2009-10-22,37.13,37.21,36.85,37.16,32.2622,38000,0,0
2009-10-23,37.45,37.6,36.93,37.07,32.184,33600,0,0
2009-10-26,37.02,37.24,36.28,36.34,31.5503,31300,0,0
2009-10-27,36.28,36.33,35.9,36.12,31.3593,59600,0,0
2009-10-28,35.9,35.96,35.44,35.44,30.7689,153100,0,0
2009-10-29,35.87,36.31,35.87,36.26,31.4808,33500,0,0
2009-10-30,36.12,36.13,35.7,36.12,31.3593,35100,0,0
2009-11-02,36.36,36.72,36.24,36.48,31.6718,114100,0,0
2009-11-03,36.4,37.69,36.4,37.64,32.6789,79800,0,0
2009-11-04,37.89,38.23,37.7,37.81,32.8265,115400,0,0
2009-11-05,37.82,37.93,37.71,37.84,32.8526,64300,0,0
2009-11-06,37.94,38.21,37.8,38,32.9915,83700,0,0
2009-11-09,38.45,38.48,38.11,38.27,33.2259,120300,0,0
2009-11-10,38.15,38.37,37.99,38.21,33.1738,43700,0,0
2009-11-11,38.65,38.74,38.47,38.7,33.5992,50500,0,0
2009-11-12,38.44,38.52,38.1,38.1,33.0783,40300,0,0
2009-11-13,36.9,38.69,36.9,38.68,33.5818,35100,0,0
2009-11-16,39.03,39.75,39.02,39.57,34.3545,92600,0,0
2009-11-17,39.33,39.72,39.25,39.71,34.4761,70800,0,0
2009-11-18,40.05,40.17,39.65,39.81,34.5629,92600,0,0
2009-11-19,39.8,39.86,39.27,39.86,34.6063,64300,0,0
2009-11-20,39.56,40.01,39.45,40,34.7279,38500,0,0
2009-11-23,40.62,40.79,40.3,40.42,35.0925,60900,0,0
2009-11-24,40.52,40.53,40.24,40.52,35.1793,53500,0,0
2009-11-25,40.81,41.25,40.75,41.15,35.7263,100500,0,0
2009-11-27,40.15,40.75,39.72,40.52,35.1793,35500,0,0
2009-11-30,40.23,40.82,40.23,40.76,35.3877,54100,0,0
2009-12-01,41.65,41.68,41.21,41.53,36.0562,207900,0,0
2009-12-02,41.97,42.14,41.78,42.05,36.5077,57600,0,0
2009-12-03,41.93,42.08,41.49,41.8,36.2906,45000,0,0
2009-12-04,41.47,41.47,39.78,40.14,34.8494,131200,0,0
2009-12-07,39.38,40.18,39.27,39.88,34.6237,119800,0,0
2009-12-08,39.5,39.73,38.72,38.94,33.8076,127900,0,0
2009-12-09,39.18,39.52,38.31,38.9,33.7728,91300,0,0
2009-12-10,38.92,39.14,38.54,38.88,33.7555,84300,0,0
2009-12-11,38.79,38.79,38.05,38.36,33.304,61000,0,0
2009-12-14,38.63,38.78,38.41,38.69,33.5905,56400,0,0
2009-12-15,38.6,38.83,38.44,38.72,33.6166,64400,0,0
2009-12-16,38.94,39.3,38.9,39.23,34.0593,82600,0,0
2009-12-17,38.47,38.61,37.72,37.72,32.7484,76200,0,0
2009-12-18,37.97,38.4,37.84,38.36,33.304,55300,0,0
2009-12-21,38.43,38.43,37.56,37.56,32.6095,32500,0,0
2009-12-22,37.5,37.63,37,37.38,32.4532,80500,0,0
2009-12-23,37.52,37.83,37.47,37.54,32.5921,30100,0,0
2009-12-24,37.88,38.22,37.88,38.22,33.1825,16100,0,0
2009-12-28,38.56,38.56,38.09,38.32,33.2693,23100,0,0
2009-12-29,38.23,38.23,37.76,37.76,32.7831,44900,0,0
2009-12-30,37.47,37.69,37.36,37.55,32.6008,42800,0,0
2009-12-31,37.84,37.93,37.6,37.67,32.705,14000,0,0
2010-01-04,38.6,38.72,38.46,38.62,33.5297,371600,0,0
2010-01-05,38.66,38.92,38.55,38.74,33.6339,201100,0,0
2010-01-06,39.09,39.49,39.01,39.4,34.2069,218600,0,0
2010-01-07,39.32,39.37,39.14,39.23,34.0593,169000,0,0
2010-01-08,39.52,39.53,39.15,39.49,34.2851,101500,0,0
2010-01-11,40.19,40.2,39.89,39.92,34.6584,88700,0,0
2010-01-12,39.8,39.96,39,39.12,33.9638,144600,0,0
2010-01-13,40.38,40.38,38.82,39.57,34.3545,98800,0,0
2010-01-14,39.55,39.84,39.32,39.74,34.5021,84300,0,0
2010-01-15,40.34,40.34,39.15,39.31,34.1288,78400,0,0
2010-01-19,39.71,39.71,39.34,39.66,34.4327,131600,0,0
2010-01-20,38.93,39,38.3,38.51,33.4342,191800,0,0
2010-01-21,38.37,38.41,37.64,37.85,32.8612,85000,0,0
2010-01-22,37.57,38.23,37.25,37.63,32.6702,724500,0,0
2010-01-25,37.76,37.8,37.57,37.7,32.731,297100,0,0
2010-01-26,37.21,37.75,37.21,37.54,32.5921,58000,0,0
2010-01-27,37.51,37.6,37.08,37.23,32.323,72300,0,0
2010-01-28,37.41,37.49,36.6,37.01,32.1319,153800,0,0
2010-01-29,36.88,36.96,36.63,36.96,32.0885,144600,0,0
2010-02-01,37.11,37.82,37.03,37.79,32.8091,100800,0,0
2010-02-02,38,38.13,37.8,38.01,33.0001,124100,0,0
2010-02-03,37.93,38.08,37.64,37.75,32.7744,96700,0,0
2010-02-04,37.08,37.08,35.88,36.03,31.2811,372500,0,0
2010-02-05,35.74,36.06,35.17,36.02,31.2724,385800,0,0
2010-02-08,35.99,36.2,35.79,35.82,31.0988,38100,0,0
2010-02-09,36.22,36.57,36.16,36.38,31.585,65200,0,0
2010-02-10,36.3,36.35,35.88,36.18,31.4113,400200,0,0
2010-02-11,36.33,37.11,36.27,37.01,32.1319,142800,0,0
2010-02-12,36.55,36.93,36.35,36.9,32.0364,37500,0,0
2010-02-16,37.72,37.95,37.61,37.87,32.8786,40900,0,0
2010-02-17,37.92,38,37.57,37.73,32.757,38300,0,0
2010-02-18,37.91,38.04,37.67,38.01,33.0001,57400,0,0
2010-02-19,37.75,38.22,37.6,37.87,32.8786,24900,0,0
2010-02-22,37.99,38.06,37.67,37.75,32.7744,34400,0,0
2010-02-23,37.63,37.63,37.17,37.28,32.3664,47800,0,0
2010-02-24,37.07,37.35,37.05,37.17,32.2709,42300,0,0
2010-02-25,36.89,37.57,36.8,37.44,32.5053,67100,0,0
2010-02-26,37.69,38.02,37.63,37.99,32.9828,42900,0,0
2010-03-01,38.1,38.15,37.83,37.97,32.9654,56100,0,0
2010-03-02,38.22,38.79,38.21,38.63,33.5384,78800,0,0
2010-03-03,38.81,39.11,38.79,38.93,33.7989,73500,0,0
2010-03-04,38.84,38.84,38.49,38.67,33.5732,152100,0,0
2010-03-05,38.81,39.05,38.73,38.77,33.66,88800,0,0
2010-03-08,39.01,39.01,38.3,38.45,33.3821,97900,0,0
2010-03-09,38.17,38.58,38.13,38.36,33.304,61800,0,0
2010-03-10,38.53,38.68,37.81,37.92,32.922,61600,0,0
2010-03-11,37.82,38.05,37.74,38.04,33.0262,30800,0,0
2010-03-12,37.99,38.09,37.65,37.85,32.8612,113400,0,0
2010-03-15,37.87,37.95,37.79,37.93,32.9307,68100,0,0
2010-03-16,38.58,38.71,38.41,38.65,33.5558,97200,0,0
2010-03-17,38.52,38.68,38.39,38.43,33.3648,108200,0,0
2010-03-18,38.99,38.99,38.36,38.63,33.5384,50100,0,0
2010-03-19,37.86,38.58,37.75,37.86,32.8699,45400,0,0
2010-03-22,37.44,37.74,37.37,37.64,32.6789,84000,0,0
2010-03-23,37.57,37.94,37.51,37.87,32.8786,36100,0,0
2010-03-24,37.36,37.4,37.09,37.17,32.2709,73000,0,0
2010-03-25,37.4,37.44,37.15,37.26,32.349,55500,0,0
2010-03-26,37.42,37.9,37.35,37.9,32.9046,40100,0,0
2010-03-29,38.1,38.29,38,38.15,33.1217,40400,0,0
2010-03-30,38.11,38.11,37.83,37.93,32.9307,31700,0,0
2010-03-31,38.38,38.43,38.17,38.25,33.2085,75500,0,0
2010-04-01,38.73,38.84,38.71,38.81,33.6947,35400,0,0
2010-04-05,38.92,39.09,38.85,39.06,33.9117,104900,0,0
2010-04-06,39.06,39.22,39.01,39.06,33.9117,121200,0,0
2010-04-07,39.3,39.68,39.28,39.53,34.3198,133000,0,0
2010-04-08,39.47,39.62,39.45,39.55,34.3372,80300,0,0
2010-04-09,39.77,40.06,39.69,39.98,34.7105,113400,0,0
2010-04-12,39.96,40.1,39.69,39.71,34.4761,95200,0,0
2010-04-13,39.76,39.77,39.33,39.6,34.3806,43000,0,0
2010-04-14,39.82,39.97,39.73,39.8,34.5542,37700,0,0
2010-04-15,39.69,40,39.69,39.98,34.7105,90000,0,0
2010-04-16,39.56,39.73,38.81,38.96,33.8249,127000,0,0
2010-04-19,38.87,39,38.74,38.97,33.8336,27500,0,0
2010-04-20,39.2,39.37,39.04,39.05,33.9031,31800,0,0
2010-04-21,39.24,39.55,39.12,39.42,34.2243,22600,0,0
2010-04-22,39.23,39.27,38.85,39.25,34.0767,141400,0,0
2010-04-23,39.1,39.76,39,39.76,34.5195,32300,0,0
2010-04-26,39.68,39.8,39.58,39.61,34.3893,86900,0,0
2010-04-27,39.52,40.15,39.5,40.1,34.8147,1500100,0,0
2010-04-28,39.86,40.2,39.69,39.98,34.7105,225800,0,0
2010-04-29,39.87,40.21,39.87,40.15,34.8581,36900,0,0
2010-04-30,40.5,40.66,40.48,40.51,35.1706,38000,0,0
2010-05-03,40.74,40.85,40.55,40.67,35.3095,51200,0,0
2010-05-04,40.8,40.8,39.81,40.02,34.7452,121800,0,0
2010-05-05,39.35,39.98,39.25,39.88,34.6237,91900,0,0
2010-05-06,40.11,40.97,40.08,40.88,35.4919,91000,0,0
2010-05-07,40.81,41.47,40.46,41.19,35.761,80900,0,0
2010-05-10,41.11,41.18,40.85,41.08,35.6655,46700,0,0
2010-05-11,41.83,42.38,41.78,42.34,36.7594,134000,0,0
2010-05-12,42.59,42.9,42.48,42.6,36.9852,129200,0,0
2010-05-13,42.59,42.78,42.16,42.41,36.8202,82100,0,0
2010-05-14,42.76,42.82,41.75,42.2,36.6379,125500,0,0
2010-05-17,42.3,42.41,41.76,41.78,36.2732,136000,0,0
2010-05-18,41.65,42.09,41.5,41.83,36.3167,138700,0,0
2010-05-19,41.32,41.34,40.45,40.7,35.3356,74400,0,0
2010-05-20,40.36,40.62,40.01,40.19,34.8928,72500,0,0
2010-05-21,39.96,40.38,39.74,40.04,34.7626,230600,0,0
2010-05-24,40.48,40.78,40.33,40.62,35.2661,64000,0,0
2010-05-25,40.63,40.82,40.46,40.79,35.4137,126800,0,0
2010-05-26,41.28,41.49,41.18,41.22,35.7871,73800,0,0
2010-05-27,43.17,43.17,41.18,41.41,35.952,34700,0,0
2010-05-28,41.28,41.43,41.01,41.43,35.9694,41700,0,0
2010-06-01,41.74,41.92,41.66,41.74,36.2385,152700,0,0
2010-06-02,41.5,41.64,41.3,41.64,36.1517,61500,0,0
2010-06-03,41.48,41.5,40.8,41,35.5961,37700,0,0
2010-06-04,40.78,41.17,40.5,41.05,35.6395,67200,0,0
2010-06-07,40.92,42.18,40.92,42.07,36.525,121100,0,0
2010-06-08,42.11,42.42,41.87,41.96,36.4295,72800,0,0
2010-06-09,41.91,41.94,41.52,41.76,36.2559,45800,0,0
2010-06-10,41.37,41.74,41.3,41.37,35.9173,38700,0,0
2010-06-11,41.63,41.81,41.43,41.72,36.2212,73800,0,0
2010-06-14,41.65,41.81,41.4,41.57,36.0909,42600,0,0
2010-06-15,41.61,42.09,41.58,42.05,36.5077,146800,0,0
2010-06-16,41.96,42.01,41.75,41.87,36.3514,22800,0,0
2010-06-17,42.37,42.48,42.31,42.39,36.8028,29200,0,0
2010-06-18,42.83,43.06,42.78,42.83,37.1848,36000,0,0
2010-06-21,42.98,42.98,41.92,41.98,36.4469,119700,0,0
2010-06-22,42.23,42.39,42.14,42.31,36.7334,111400,0,0
2010-06-23,42.02,42.06,41.67,42.06,36.5163,54400,0,0
2010-06-24,41.92,42.48,41.86,42.11,36.5598,61000,0,0
2010-06-25,42.61,42.82,42.61,42.7,37.072,21400,0,0
2010-06-28,42.8,43.01,42.06,42.2,36.6379,47800,0,0
2010-06-29,42.06,42.29,41.74,42.04,36.499,65800,0,0
2010-06-30,42.01,42.32,42,42.25,36.6813,51800,0,0
2010-07-01,41.97,41.97,40.55,40.55,35.2054,121500,0,0
2010-07-02,40.99,41,40.68,40.95,35.5526,50100,0,0
2010-07-06,40.8,40.8,40.28,40.42,35.0925,118500,0,0
2010-07-07,40.43,40.92,40.41,40.89,35.5005,213400,0,0
2010-07-08,40.74,40.81,40.25,40.74,35.3703,249500,0,0
2010-07-09,41.01,41.2,40.98,41.08,35.6655,42700,0,0
2010-07-12,40.89,41.01,40.61,40.76,35.3877,76900,0,0
2010-07-13,41.32,41.37,41.11,41.16,35.735,157200,0,0
2010-07-14,41.07,41.43,40.96,41.13,35.7089,86100,0,0
2010-07-15,41.29,41.29,41.01,41.14,35.7176,49300,0,0
2010-07-16,40.54,40.54,40.3,40.51,35.1706,46500,0,0
2010-07-19,40.06,40.12,39.92,40.09,34.806,137800,0,0
2010-07-20,40.12,40.44,40.04,40.34,35.023,69900,0,0
2010-07-21,40.51,40.54,40.11,40.18,34.8841,57600,0,0
2010-07-22,40.27,40.81,40.27,40.6,35.2488,58000,0,0
2010-07-23,40.7,40.85,40.36,40.43,35.1012,128900,0,0
2010-07-26,40.5,40.51,40.21,40.24,34.9362,52700,0,0
2010-07-27,40.05,40.05,39.37,39.45,34.2503,100000,0,0
2010-07-28,39.39,39.54,39.24,39.44,34.2417,109400,0,0
2010-07-29,39.51,39.65,39.44,39.62,34.3979,49200,0,0
2010-07-30,39.8,40.27,39.7,40.11,34.8234,41700,0,0
2010-08-02,40.47,40.61,40.25,40.29,34.9796,226100,0,0
2010-08-03,40.49,40.66,40.41,40.45,35.1185,48600,0,0
2010-08-04,40.91,41.01,40.59,40.59,35.2401,48300,0,0
2010-08-05,40.8,40.8,40.5,40.69,35.3269,29500,0,0
2010-08-06,41.1,41.19,40.95,41,35.5961,28200,0,0
2010-08-09,40.93,40.95,40.78,40.89,35.5005,27400,0,0
2010-08-10,40.45,41.06,40.39,40.92,35.5266,24700,0,0
2010-08-11,40.8,40.86,40.43,40.63,35.2748,21600,0,0
2010-08-12,41.05,41.13,40.96,41.07,35.6568,36000,0,0
2010-08-13,41.09,41.16,40.99,41.16,35.735,22800,0,0
2010-08-16,41.48,41.57,41.44,41.48,36.0128,38000,0,0
2010-08-17,41.59,41.67,41.51,41.57,36.0909,18400,0,0
2010-08-18,41.34,41.77,41.24,41.63,36.143,31800,0,0
2010-08-19,41.8,41.91,41.58,41.68,36.1864,77400,0,0
2010-08-20,41.47,41.48,41.26,41.42,35.9607,58800,0,0
2010-08-23,41.34,41.45,41.24,41.31,35.8652,40200,0,0
2010-08-24,41.04,41.79,41,41.65,36.1604,42900,0,0
2010-08-25,42.02,42.21,41.79,42.15,36.5945,35200,0,0
2010-08-26,42.14,42.23,42,42.09,36.5424,18500,0,0
2010-08-27,42.2,42.33,41.92,42.15,36.5945,27400,0,0
2010-08-30,42.12,42.16,42.02,42.13,36.5771,48100,0,0
2010-08-31,42.45,42.64,42.43,42.57,36.9591,63000,0,0
2010-09-01,42.63,42.63,42.41,42.49,36.8897,108000,0,0
2010-09-02,42.8,42.82,42.64,42.76,37.1241,37200,0,0
2010-09-03,42.45,42.84,42.41,42.75,37.1154,50100,0,0
2010-09-07,42.91,43.07,42.9,42.91,37.2543,17300,0,0
2010-09-08,43.01,43.2,42.96,43,37.3324,29200,0,0
2010-09-09,42.9,43.05,42.54,42.6,36.9852,45500,0,0
2010-09-10,42.61,42.82,42.58,42.69,37.0633,93100,0,0
2010-09-13,42.72,42.89,42.64,42.68,37.0546,146400,0,0
2010-09-14,43.19,43.72,43.19,43.58,37.836,58900,0,0
2010-09-15,43.57,43.66,43.42,43.58,37.836,57400,0,0
2010-09-16,43.8,43.87,43.7,43.83,38.053,62400,0,0
2010-09-17,44,44,43.71,43.82,38.0444,82200,0,0
2010-09-20,43.97,44.16,43.88,43.91,38.1225,65700,0,0
2010-09-21,43.88,44.41,43.66,44.33,38.4871,100300,0,0
2010-09-22,44.56,44.56,44.27,44.48,38.6174,37100,0,0
2010-09-23,44.4,44.6,44.26,44.48,38.6174,38700,0,0
2010-09-24,44.77,44.78,44.59,44.7,38.8084,85900,0,0
2010-09-27,44.81,44.81,44.63,44.74,38.8431,50300,0,0
2010-09-28,44.59,45.22,44.48,45.19,39.2338,113200,0,0
2010-09-29,45.24,45.37,45.11,45.25,39.2859,129200,0,0
2010-09-30,45.36,45.38,44.72,45.21,39.2512,119500,0,0
2010-10-01,45.52,45.64,45.43,45.63,39.6158,113700,0,0
2010-10-04,45.52,45.52,45.34,45.45,39.4595,49000,0,0
2010-10-05,46.03,46.55,45.97,46.51,40.3798,82500,0,0
2010-10-06,46.66,46.87,46.62,46.87,40.6924,69800,0,0
2010-10-07,47.19,47.19,45.95,46.2,40.1107,111000,0,0
2010-10-08,46.42,46.94,46.35,46.87,40.6924,84600,0,0
2010-10-11,46.73,47.08,46.62,47,40.8052,100500,0,0
2010-10-12,46.99,47.09,46.77,46.99,40.7966,88500,0,0
2010-10-13,47.3,47.87,47.25,47.87,41.5606,190400,0,0
2010-10-14,47.92,48.32,47.86,48.3,41.9339,56000,0,0
2010-10-15,48.14,48.16,47.6,47.86,41.5519,77300,0,0
2010-10-18,47.74,48.15,47.63,48.15,41.8037,129500,0,0
2010-10-19,46.68,47.09,46.38,46.46,40.3364,113500,0,0
2010-10-20,46.6,47.15,46.59,47.01,40.8139,113200,0,0
2010-10-21,46.96,47.11,45.96,46.16,40.0759,115600,0,0
2010-10-22,46.18,46.3,46.03,46.26,40.1628,82900,0,0
2010-10-25,46.95,46.96,46.56,46.79,40.6229,63500,0,0
2010-10-26,46.38,46.96,46.29,46.88,40.7011,44900,0,0
2010-10-27,46.51,46.54,46.12,46.38,40.2669,55100,0,0
2010-10-28,46.66,47.06,46.51,47.02,40.8226,75100,0,0
2010-10-29,47.1,47.75,46.99,47.75,41.4564,138400,0,0
2010-11-01,47.88,47.88,47.42,47.51,41.248,72000,0,0
2010-11-02,47.75,47.81,47.54,47.76,41.4651,29500,0,0
2010-11-03,47.69,47.74,46.62,47.48,41.222,63500,0,0
2010-11-04,48.68,49.37,48.49,49.33,42.8281,123500,0,0
2010-11-05,49.07,49.76,48.98,49.68,43.132,101500,0,0
2010-11-08,49.58,50.5,49.42,50.5,43.8439,135400,0,0
2010-11-09,51,51.43,49.27,49.51,42.9844,170300,0,0
2010-11-10,50.29,50.29,49.3,50.18,43.5661,110700,0,0
2010-11-11,50.41,50.47,49.9,50.46,43.8092,57200,0,0
2010-11-12,49.77,49.89,48.33,48.71,42.2898,198700,0,0
2010-11-15,48.73,49.03,48.1,48.1,41.7602,58600,0,0
2010-11-16,47.96,48.1,47.14,47.68,41.3956,131000,0,0
2010-11-17,47.58,47.89,47.43,47.53,41.2654,75300,0,0
2010-11-18,48.26,48.65,48.14,48.48,42.0902,91700,0,0
2010-11-19,48.25,48.73,48,48.7,42.2812,44900,0,0
2010-11-22,48.66,49.27,48.5,49.26,42.7673,68000,0,0
2010-11-23,49.21,49.6,49.15,49.37,42.8629,125000,0,0
2010-11-24,49.34,49.4,49.08,49.31,42.8108,35900,0,0
2010-11-26,48.51,48.69,48.42,48.67,42.2551,13600,0,0
2010-11-29,48.8,49.11,48.55,48.96,42.5069,56200,0,0
2010-11-30,49.67,50.06,49.54,49.88,43.3056,69300,0,0
2010-12-01,50.09,50.25,49.77,49.99,43.4011,43800,0,0
2010-12-02,50.06,50.53,49.99,50.01,43.4185,83700,0,0
2010-12-03,50.58,51.13,50.53,51.07,44.3388,134300,0,0
2010-12-06,51.25,51.87,51.11,51.75,44.9292,130800,0,0
2010-12-07,52.01,52.01,50.45,50.5,43.8439,187400,0,0
2010-12-08,50.31,50.42,49.47,49.77,43.2101,64300,0,0
2010-12-09,50.17,50.41,49.95,50.02,43.4272,72700,0,0
2010-12-10,49.88,50.11,49.41,50.07,43.4706,78100,0,0
2010-12-13,50.73,50.8,50.53,50.55,43.8873,77000,0,0
2010-12-14,50.61,51.02,50.45,50.65,43.9741,48600,0,0
2010-12-15,50.25,50.52,49.94,50,43.4098,40400,0,0
2010-12-16,49.84,49.84,49.25,49.7,43.1494,64800,0,0
2010-12-17,49.74,50.08,49.46,49.93,43.349,84500,0,0
2010-12-20,50.22,50.37,49.83,50.27,43.6442,50500,0,0
2010-12-21,50.21,50.38,50.02,50.26,43.6355,57300,0,0
2010-12-22,50.34,50.36,50.14,50.19,43.5748,60300,0,0
2010-12-23,49.83,50.16,49.76,50.04,43.4445,42800,0,0
2010-12-27,50.1,50.21,49.96,50.13,43.5227,34200,0,0
2010-12-28,50.92,51.23,50.84,51.18,44.4343,37400,0,0
2010-12-29,51.36,51.56,51.27,51.45,44.6687,54200,0,0
2010-12-30,51.48,51.51,51.14,51.26,44.5037,38200,0,0
2010-12-31,51.47,51.87,51.47,51.82,44.9899,49100,0,0
2011-01-03,51.87,51.95,51.43,51.55,44.7555,110900,0,0
2011-01-04,50.92,50.92,49.92,50.23,43.6095,153200,0,0
2011-01-05,49.67,50.05,49.33,49.97,43.3838,106800,0,0
2011-01-06,49.89,49.91,49.45,49.7,43.1494,98500,0,0
2011-01-07,49.53,50,49.41,49.55,43.0191,29900,0,0
2011-01-10,49.65,49.8,49.45,49.76,43.2014,60100,0,0
2011-01-11,50.19,50.3,49.87,50.15,43.5401,52500,0,0
2011-01-12,50.22,50.42,50,50.37,43.7311,62600,0,0
2011-01-13,50.42,50.45,49.46,49.62,43.0799,57500,0,0
2011-01-14,49.29,49.45,48.9,49.09,42.6198,111000,0,0
2011-01-18,49.49,49.72,49.37,49.42,42.9063,78400,0,0
2011-01-19,49.87,49.92,49.37,49.46,42.941,67900,0,0
2011-01-20,48.56,48.59,48.23,48.28,41.9165,97900,0,0
2011-01-21,48,48.34,47.95,48.22,41.8644,43900,0,0
2011-01-24,48.07,48.38,47.68,47.75,41.4564,90000,0,0
2011-01-25,47.53,47.72,47.3,47.67,41.3869,118500,0,0
2011-01-26,47.55,48.22,47.37,48.16,41.8123,99300,0,0
2011-01-27,48,48.05,46.83,47.03,40.8313,204000,0,0
2011-01-28,47.07,48.41,46.99,48.1,41.7602,65400,0,0
2011-01-31,47.68,48.31,47.68,48.04,41.7082,100600,0,0
2011-02-01,48.28,48.53,47.84,48.48,42.0902,64700,0,0
2011-02-02,48.21,48.39,47.95,48.26,41.8992,70600,0,0
2011-02-03,48.2,49.08,47.85,49.04,42.5764,52800,0,0
2011-02-04,48.95,49.24,48.73,48.88,42.4374,135000,0,0
2011-02-07,48.91,49.13,48.78,48.99,42.5329,1286400,0,0
2011-02-08,49.48,49.83,49.43,49.76,43.2014,656300,0,0
2011-02-09,49.81,49.91,49.49,49.71,43.158,163700,0,0
2011-02-10,49.27,49.8,49.25,49.63,43.0886,234900,0,0
2011-02-11,49.64,49.85,49.3,49.41,42.8976,170800,0,0
2011-02-14,49.74,49.97,49.7,49.81,43.2449,131200,0,0
2011-02-15,50.17,50.23,50.02,50.13,43.5227,560300,0,0
2011-02-16,50.26,50.49,49.9,50.21,43.5921,119400,0,0
2011-02-17,50.43,50.87,50.32,50.79,44.0957,72900,0,0
2011-02-18,50.85,51.44,50.84,51.19,44.443,63500,0,0
2011-02-22,51.95,52.04,51.57,51.67,44.8597,79300,0,0
2011-02-23,51.9,52.4,51.9,52.22,45.3372,163500,0,0
2011-02-24,52.28,52.29,51.11,51.33,44.5645,82800,0,0
2011-02-25,51.89,52.11,51.63,52.09,45.2243,33600,0,0
2011-02-28,52.23,52.51,52.06,52.39,45.4848,31000,0,0
2011-03-01,52.76,53.35,52.75,53.34,46.3096,89600,0,0
2011-03-02,53.5,53.62,53.08,53.34,46.3096,66800,0,0
2011-03-03,52.93,53.02,52.46,52.63,45.6932,62100,0,0
2011-03-04,52.94,53.5,52.94,53.47,46.4225,64700,0,0
2011-03-07,54.09,54.24,53.65,53.8,46.709,75000,0,0
2011-03-08,53.75,53.77,53.37,53.68,46.6048,51900,0,0
2011-03-09,53.91,53.91,53.37,53.71,46.6308,40600,0,0
2011-03-10,53.17,53.17,52.47,52.88,45.9102,35500,0,0
2011-03-11,52.38,53.54,52.31,53.27,46.2488,49100,0,0
2011-03-14,53.7,53.79,53.4,53.46,46.4138,56900,0,0
2011-03-15,51.73,52.39,51.63,52.16,45.2851,58500,0,0
2011-03-16,52.25,52.6,51.86,52.03,45.1723,90700,0,0
2011-03-17,52.24,52.47,52.13,52.31,45.4154,127300,0,0
2011-03-18,52.93,53.12,52.86,53.06,46.0665,53000,0,0
2011-03-21,53.68,53.84,53.48,53.68,46.6048,78100,0,0
2011-03-22,53.51,53.77,53.49,53.71,46.6308,62400,0,0
2011-03-23,53.87,54.47,53.87,54.39,47.2212,64600,0,0
2011-03-24,54.5,54.95,53.79,54.01,46.8913,62900,0,0
2011-03-25,54.41,54.5,53.81,54.07,46.9434,45900,0,0
2011-03-28,53.5,53.91,53.41,53.8,46.709,67600,0,0
2011-03-29,53.65,53.88,53.53,53.68,46.6048,36500,0,0
2011-03-30,54.11,54.17,53.55,53.94,46.8305,21700,0,0
2011-03-31,54.5,54.6,54.35,54.35,47.1865,14500,0,0
2011-04-01,53.93,54.34,53.6,54.24,47.091,160000,0,0
2011-04-04,54.81,54.81,54.57,54.67,47.4643,197900,0,0
2011-04-05,54.59,55.61,54.59,55.56,48.237,85300,0,0
2011-04-06,55.87,55.91,55.55,55.82,48.4627,48900,0,0
2011-04-07,55.76,55.93,55.61,55.88,48.5148,28600,0,0
2011-04-08,56.37,56.71,56.18,56.67,49.2007,60600,0,0
2011-04-11,56.7,56.71,55.87,56.13,48.7319,113600,0,0
2011-04-12,56.27,56.32,55.47,55.78,48.428,84700,0,0
2011-04-13,56.17,56.25,55.77,56.04,48.6537,18500,0,0
2011-04-14,56.32,57.13,56.32,57.13,49.6001,33600,0,0
2011-04-15,57.27,57.78,57.13,57.77,50.1557,97200,0,0
2011-04-18,57.94,58.26,57.39,58.22,50.5464,93800,0,0
2011-04-19,58.1,58.49,57.84,58.43,50.7287,35800,0,0
2011-04-20,58.73,59.13,58.48,58.95,51.1802,59900,0,0
2011-04-21,59.26,59.66,59.11,59.62,51.7619,57900,0,0
2011-04-25,60.33,60.38,59.18,59.76,51.8834,1971100,0,0
2011-04-26,59.23,59.23,58.6,58.95,51.1802,1200000,0,0
2011-04-27,59.58,60.89,58.95,60.86,52.8384,712800,0,0
2011-04-28,61.02,61.58,60.45,61.1,53.0468,1064100,0,0
2011-04-29,61.29,62.12,61.18,61.75,53.6111,331000,0,0
2011-05-02,60.39,61.77,59.59,59.63,51.7706,476800,0,0
2011-05-03,59.72,59.92,58,58.69,50.9544,244000,0,0
2011-05-04,58.59,58.69,56.81,57.15,49.6174,214000,0,0
2011-05-05,56.27,56.56,54.04,54.22,47.0736,693500,0,0
2011-05-06,54.76,55.59,54.38,55.07,47.8116,595400,0,0
2011-05-09,55.98,56.64,55.82,56.56,49.1052,689400,0,0
2011-05-10,56.57,57.09,56.5,56.92,49.4177,166600,0,0
2011-05-11,56.27,56.4,55.12,55.37,48.072,335100,0,0
2011-05-12,54.61,55.56,53.98,54.97,47.7248,588000,0,0
2011-05-13,55.44,55.73,54.36,55.04,47.7855,123800,0,0
2011-05-16,54.94,55.33,54.39,54.42,47.2472,717100,0,0
2011-05-17,53.99,54.31,53.63,54.31,47.1517,235600,0,0
2011-05-18,54.91,55.31,54.72,55.02,47.7682,141300,0,0
2011-05-19,54.95,55.16,54.6,55.04,47.7855,149000,0,0
2011-05-20,54.95,55.75,54.56,55.58,48.2544,793100,0,0
2011-05-23,55.29,55.74,55.25,55.69,48.3499,107500,0,0
2011-05-24,56.2,56.53,56.04,56.48,49.0357,144600,0,0
2011-05-25,56.75,57.13,56.72,56.93,49.4264,52400,0,0
2011-05-26,56.7,56.84,56.29,56.65,49.1833,100600,0,0
2011-05-27,57.1,57.33,57.04,57.25,49.7042,40500,0,0
2011-05-31,57.57,57.63,57.21,57.47,49.8952,78400,0,0
2011-06-01,57.29,57.81,56.75,56.84,49.3483,137300,0,0
2011-06-02,57.07,57.17,55.97,56.56,49.1052,130300,0,0
2011-06-03,56.55,56.9,56.45,56.79,49.3049,83200,0,0
2011-06-06,57.25,57.47,56.85,56.99,49.4785,61700,0,0
2011-06-07,57.32,57.34,56.77,57.14,49.6087,109800,0,0
2011-06-08,56.85,57,56.6,56.91,49.4091,53500,0,0
2011-06-09,57.1,57.46,57,57.36,49.7997,149100,0,0
2011-06-10,56.61,56.8,56.36,56.47,49.0271,131500,0,0
2011-06-13,56.06,56.24,55.29,55.52,48.2023,134800,0,0
2011-06-14,55.46,56.07,55.4,56.05,48.6624,38800,0,0
2011-06-15,55.81,56.41,55.76,56.3,48.8795,99500,0,0
2011-06-16,56.04,56.33,55.85,56.15,48.7492,152000,0,0
2011-06-17,56.03,56.58,56.03,56.51,49.0618,154700,0,0
2011-06-20,56.57,56.83,56.34,56.58,49.1226,88700,0,0
2011-06-21,56.72,57.05,56.71,56.96,49.4525,77800,0,0
2011-06-22,57.09,57.4,56.92,57.04,49.5219,140200,0,0
2011-06-23,56.1,56.1,55.4,55.87,48.5061,165700,0,0
2011-06-24,55.52,55.6,54.75,54.82,47.5945,185000,0,0
2011-06-27,54.6,54.79,54.27,54.41,47.2386,121000,0,0
2011-06-28,54.63,54.9,54.52,54.74,47.5251,158700,0,0
2011-06-29,55.02,55.44,54.88,55.36,48.0633,90100,0,0
2011-06-30,55.44,55.44,54.94,54.95,47.7074,98200,0,0
2011-07-01,54.36,54.41,53.95,54.31,47.1517,195800,0,0
2011-07-05,55.3,55.81,55.25,55.69,48.3499,77900,0,0
2011-07-06,56.11,56.5,56.08,56.25,48.836,114000,0,0
2011-07-07,56.41,56.62,56.2,56.5,49.0531,300200,0,0
2011-07-08,56.98,57.01,56.68,56.93,49.4264,36500,0,0
2011-07-11,57.24,57.33,56.6,56.98,49.4698,99300,0,0
2011-07-12,56.68,57.68,56.54,57.42,49.8518,96400,0,0
2011-07-13,58.13,58.79,58.1,58.6,50.8763,200300,0,0
2011-07-14,59.13,59.32,58.56,58.78,51.0326,105500,0,0
2011-07-15,58.76,59.29,58.75,59.25,51.4406,100000,0,0
2011-07-18,59.82,60.18,59.78,60.07,52.1526,371900,0,0
2011-07-19,60.03,60.04,58.73,59.05,51.267,139000,0,0
2011-07-20,58.74,59.82,58.64,59.82,51.9355,79400,0,0
2011-07-21,59.76,59.77,58.94,59.21,51.4059,88500,0,0
2011-07-22,59.73,60.04,59.64,59.84,51.9529,101300,0,0
2011-07-25,60.47,60.6,60.01,60.26,52.3175,262600,0,0
2011-07-26,60.19,60.65,60.01,60.63,52.6387,106600,0,0
2011-07-27,60.98,61.03,60.09,60.2,52.2654,126900,0,0
2011-07-28,60.33,60.33,59.62,60.09,52.1699,83800,0,0
2011-07-29,60.57,60.77,60.25,60.4,52.4391,79200,0,0
2011-08-01,59.95,60.61,59.69,59.99,52.0831,55400,0,0
2011-08-02,60.8,61.72,60.58,61.69,53.559,201400,0,0
2011-08-03,62.01,62.44,61.85,61.91,53.75,343200,0,0
2011-08-04,62.8,62.83,59.45,60.59,52.604,273900,0,0
2011-08-05,61.14,61.4,60.19,60.8,52.7863,217000,0,0
2011-08-08,62.28,62.96,62,62.62,54.3665,268000,0,0
2011-08-09,63.33,63.97,62.15,62.41,54.1841,259700,0,0
2011-08-10,63.99,65.05,63.86,65.04,56.4675,189600,0,0
2011-08-11,63.96,64.13,62.75,63.7,55.3041,353700,0,0
2011-08-12,63.11,63.56,62.7,63.5,55.1305,165700,0,0
2011-08-15,63.43,64.29,63.25,64.28,55.8077,170100,0,0
2011-08-16,64.46,65.04,64.43,64.99,56.4241,83500,0,0
2011-08-17,65,65.41,64.8,65.25,56.6498,108900,0,0
2011-08-18,66.24,66.45,65.91,66.37,57.6222,87000,0,0
2011-08-19,68.03,68.08,67.02,67.78,58.8464,129500,0,0
2011-08-22,68.51,69.52,68.36,69.39,60.2441,203900,0,0
2011-08-23,68.52,69.04,66.54,66.7,57.9087,262600,0,0
2011-08-24,66.58,66.64,63.63,64.2,55.7382,457200,0,0
2011-08-25,62.8,65.03,62.23,64.83,56.2852,373500,0,0
2011-08-26,65.26,66.53,64.46,66.49,57.7264,68800,0,0
2011-08-29,65.91,65.91,64.83,65.13,56.5456,650300,0,0
2011-08-30,66.53,67.06,66.12,66.96,58.1344,102000,0,0
2011-08-31,66.67,67.13,66.15,66.64,57.8566,90700,0,0
2011-09-01,66.55,66.83,66.22,66.62,57.8392,181700,0,0
2011-09-02,68.55,68.97,68.36,68.84,59.7666,52100,0,0
2011-09-06,68.9,69.41,67.71,68.35,59.3412,130900,0,0
2011-09-07,65.8,66.77,65.33,66.42,57.6656,80900,0,0
2011-09-08,68.1,68.21,67.44,68.07,59.0981,55400,0,0
2011-09-09,67.27,68.11,67.09,67.51,58.6119,58800,0,0
2011-09-12,66.76,66.8,65.31,65.86,57.1794,190300,0,0
2011-09-13,66.26,67.05,65.87,66.71,57.9174,45700,0,0
2011-09-14,66.36,66.36,65.83,66.21,57.4833,25800,0,0
2011-09-15,65.17,65.34,64.34,64.99,56.4241,49400,0,0
2011-09-16,64.93,66.2,64.86,65.7,57.0405,205100,0,0
2011-09-19,65.8,65.8,64.11,64.68,56.1549,114400,0,0
2011-09-20,64.5,65.71,64.39,65.38,56.7627,65600,0,0
2011-09-21,65.27,65.91,64.64,64.72,56.1897,31500,0,0
2011-09-22,62.57,62.86,61.12,62.04,53.8629,455200,0,0
2011-09-23,59.54,60.06,56.93,57.42,49.8518,403900,0,0
2011-09-26,55.75,57.11,54.9,56.64,49.1746,620900,0,0
2011-09-27,58.68,58.86,57.78,58.15,50.4856,132600,0,0
2011-09-28,57.98,58.25,55.74,56.07,48.6798,260100,0,0
2011-09-29,56.92,56.95,56.04,56.8,49.3136,159400,0,0
2011-09-30,56.54,57.05,56.13,56.48,49.0357,116100,0,0
2011-10-03,57.77,57.97,57.29,57.52,49.9387,194700,0,0
2011-10-04,57.57,57.61,55.4,56.52,49.0705,226700,0,0
2011-10-05,56.47,57.51,55.93,57.16,49.6261,158700,0,0
2011-10-06,57.46,58.22,57.12,58.15,50.4856,85000,0,0
2011-10-07,58.28,58.55,57,57.4,49.8345,44200,0,0
2011-10-10,58.5,58.93,58.24,58.91,51.1454,23800,0,0
2011-10-11,58.54,58.73,58.27,58.61,50.885,75600,0,0
2011-10-12,59.29,59.34,58.89,59.07,51.2844,46000,0,0
2011-10-13,58.31,58.57,58.03,58.51,50.7982,46800,0,0
2011-10-14,59.05,59.1,58.59,58.99,51.2149,44100,0,0
2011-10-17,59.17,59.17,58.33,58.65,50.9197,61600,0,0
2011-10-18,57.53,58.6,56.87,58.47,50.7634,36800,0,0
2011-10-19,58.11,58.23,57.39,57.52,49.9387,55400,0,0
2011-10-20,56.71,57.08,55.99,56.7,49.2267,80200,0,0
2011-10-21,57.62,57.74,57.2,57.52,49.9387,138900,0,0
2011-10-24,57.82,58.29,57.76,58.08,50.4248,121300,0,0
2011-10-25,58.17,60.23,57.92,60.03,52.1178,107600,0,0
2011-10-26,60.61,60.85,60.2,60.54,52.5606,97000,0,0
2011-10-27,60.83,62.06,60.48,61.75,53.6111,138900,0,0
2011-10-28,61.85,61.94,61.5,61.89,53.7327,107100,0,0
2011-10-31,61.1,61.15,60.75,60.83,52.8124,1260500,0,0
2011-11-01,60,60.56,59,60.48,52.5085,132600,0,0
2011-11-02,61.05,61.59,60.74,61.28,53.2031,70300,0,0
2011-11-03,62.09,62.34,61.49,62.22,54.0192,119500,0,0
2011-11-04,61.98,62.11,61.57,61.81,53.6632,40700,0,0
2011-11-07,62.85,63.4,62.66,63.4,55.0436,96400,0,0
2011-11-08,63.2,63.63,62.76,62.95,54.653,152800,0,0
2011-11-09,63.09,63.15,61.95,62.18,53.9844,82100,0,0
2011-11-10,62.37,62.37,61,61.96,53.7934,35200,0,0
2011-11-11,62.28,63.06,62.28,63.06,54.7485,37700,0,0
2011-11-14,62.84,62.86,62.36,62.57,54.323,18300,0,0
2011-11-15,62.7,62.96,62.41,62.8,54.5227,33600,0,0
2011-11-16,62.02,62.48,61.67,61.93,53.7674,45800,0,0
2011-11-17,61.25,61.26,59.57,59.84,51.9529,171700,0,0
2011-11-18,60,60.55,59.83,60.19,52.2567,38600,0,0
2011-11-21,59.62,59.62,58.19,58.9,51.1368,138500,0,0
2011-11-22,59.27,59.99,59.27,59.78,51.9008,43200,0,0
2011-11-23,59.12,59.5,58.63,59.31,51.4927,73500,0,0
2011-11-25,58.54,59.31,58.54,58.54,50.8242,32200,0,0
2011-11-28,59.91,60.04,59.7,59.84,51.9529,41900,0,0
2011-11-29,59.83,60.08,59.65,59.89,51.9963,27000,0,0
2011-11-30,60.86,61.23,60.71,61.19,53.1249,62700,0,0
2011-12-01,61.11,61.49,60.69,60.97,52.9339,22300,0,0
2011-12-02,61.44,61.5,60.88,61.02,52.9773,40200,0,0
2011-12-05,60.95,61.1,60,60.12,52.196,51100,0,0
2011-12-06,59.65,60.73,59.47,60.64,52.6474,43000,0,0
2011-12-07,60.73,60.91,60.31,60.82,52.8037,29700,0,0
2011-12-08,59.97,60.21,59.43,59.46,51.623,125300,0,0
2011-12-09,59.77,60.14,59.7,59.85,51.9616,30000,0,0
2011-12-12,58.29,58.3,57.88,58.26,50.5811,159400,0,0
2011-12-13,58.19,58.77,56.67,57,49.4872,135100,0,0
2011-12-14,55.88,56.11,54.31,54.59,47.3948,363800,0,0
2011-12-15,55.28,55.28,54.13,54.49,47.308,129300,0,0
2011-12-16,55.22,55.7,55.18,55.65,48.3151,114100,0,0
2011-12-19,55.47,55.54,54.99,55.12,47.855,129000,0,0
2011-12-20,55.99,56.2,55.87,56.08,48.6885,49300,0,0
2011-12-21,56.01,56.19,55.66,56.03,48.645,111900,0,0
2011-12-22,55.72,55.9,55.44,55.72,48.3759,542700,0,0
2011-12-23,55.9,55.91,55.59,55.74,48.3933,46300,0,0
2011-12-27,55.21,55.44,55.07,55.18,47.9071,74300,0,0
2011-12-28,54.84,54.84,53.22,53.36,46.327,509300,0,0
2011-12-29,52.56,53.45,52.36,53.41,46.3704,604400,0,0
2011-12-30,54.03,54.69,53.8,53.88,46.7784,149300,0,0
2012-01-03,55.01,55.85,55.01,55.7,48.3585,164700,0,0
2012-01-04,55.47,56.02,55.47,55.75,48.402,84400,0,0
2012-01-05,55.26,56.24,55.22,56.08,48.6885,63000,0,0
2012-01-06,56.33,56.33,55.54,55.69,48.3499,27600,0,0
2012-01-09,55.93,55.95,55.43,55.59,48.263,516400,0,0
2012-01-10,56.01,56.91,56.01,56.54,49.0878,266800,0,0
2012-01-11,56.63,57.05,56.6,56.86,49.3656,132800,0,0
2012-01-12,57.41,57.73,56.93,57.1,49.574,118300,0,0
2012-01-13,56.77,56.79,56.28,56.68,49.2094,104400,0,0
2012-01-17,57.39,57.56,57.1,57.18,49.6435,121600,0,0
2012-01-18,57.05,57.72,56.97,57.63,50.0342,79500,0,0
2012-01-19,57.49,57.6,57.26,57.52,49.9387,82800,0,0
2012-01-20,57.35,58.37,57.3,58.35,50.6593,20800,0,0
2012-01-23,58.49,58.99,58.49,58.8,51.05,71300,0,0
2012-01-24,58.26,58.52,58.18,58.27,50.5898,65800,0,0
2012-01-25,57.99,60.13,57.67,60.03,52.1178,71200,0,0
2012-01-26,60.67,60.75,60.27,60.27,52.3262,85300,0,0
2012-01-27,60.38,61.04,60.38,61.02,52.9773,62700,0,0
2012-01-30,60.64,60.8,60.52,60.6,52.6127,31300,0,0
2012-01-31,61.24,61.24,60.33,60.8,52.7863,206400,0,0
2012-02-01,61.23,61.42,61,61.16,53.0989,187900,0,0
2012-02-02,61.26,61.85,61.22,61.82,53.6719,59300,0,0
2012-02-03,61.29,61.4,60.49,60.61,52.6214,118200,0,0
2012-02-06,60.28,60.58,60.2,60.47,52.4998,25200,0,0
2012-02-07,60.4,61.49,60.37,61.31,53.2291,232800,0,0
2012-02-08,61.21,61.46,60.56,60.88,52.8558,31700,0,0
2012-02-09,61.51,61.57,60.66,60.67,52.6735,47900,0,0
2012-02-10,60.11,60.56,60.02,60.29,52.3436,35700,0,0
2012-02-13,60.48,60.62,60.26,60.48,52.5085,31500,0,0
2012-02-14,60.51,60.65,60.07,60.36,52.4043,45100,0,0
2012-02-15,60.91,60.91,60.24,60.5,52.5259,29000,0,0
2012-02-16,59.85,60.6,59.75,60.52,52.5432,26700,0,0
2012-02-17,60.64,60.64,60.1,60.27,52.3262,33000,0,0
2012-02-21,60.97,61.8,60.68,61.72,53.5851,84200,0,0
2012-02-22,61.51,62.4,61.39,62.31,54.0973,37900,0,0
2012-02-23,62.4,62.95,62.32,62.71,54.4446,29900,0,0
2012-02-24,62.57,62.78,62.38,62.46,54.2275,56900,0,0
2012-02-27,62.46,62.77,62.25,62.36,54.1407,82700,0,0
2012-02-28,62.95,63.61,62.87,63.42,55.061,62000,0,0
2012-02-29,63.29,63.62,59.22,59.84,51.9529,157400,0,0
2012-03-01,60.48,61.15,60.37,60.85,52.8297,104000,0,0
2012-03-02,60.64,60.74,60.26,60.54,52.5606,59500,0,0
2012-03-05,60.22,60.34,59.68,60.01,52.1005,78600,0,0
2012-03-06,58.04,58.85,58.04,58.8,51.05,55100,0,0
2012-03-07,59.18,59.41,58.59,59.24,51.432,59600,0,0
2012-03-08,59.64,59.98,59.39,59.87,51.9789,27600,0,0
2012-03-09,59.25,60.4,59.14,60.28,52.3349,39300,0,0
2012-03-12,59.83,59.94,59.62,59.66,51.7966,28000,0,0
2012-03-13,59.25,59.85,58.63,58.71,50.9718,88900,0,0
2012-03-14,57.72,58.21,57.16,57.53,49.9473,129700,0,0
2012-03-15,57.55,58.51,57.4,58.08,50.4248,63300,0,0
2012-03-16,57.8,58.26,57.77,58.13,50.4683,48300,0,0
2012-03-19,58,58.64,57.96,58.36,50.6679,40600,0,0
2012-03-20,57.73,58,57.41,57.6,50.0081,41700,0,0
2012-03-21,57.75,58.13,57.59,57.74,50.1297,166000,0,0
2012-03-22,56.9,57.31,56.8,57.22,49.6782,95900,0,0
2012-03-23,57.73,58.24,57.63,58.06,50.4075,82300,0,0
2012-03-26,58.42,59.23,58.42,59.14,51.3451,40900,0,0
2012-03-27,59.24,59.35,58.69,58.69,50.9544,93000,0,0
2012-03-28,58.44,58.62,57.76,58.06,50.4075,95300,0,0
2012-03-29,57.84,58.09,57.4,58.05,50.3988,43900,0,0
2012-03-30,58.27,58.42,58.03,58.33,50.6419,26200,0,0
2012-04-02,58.27,59.02,58.23,58.77,51.0239,133200,0,0
2012-04-03,58.82,58.82,57.58,57.69,50.0862,40600,0,0
2012-04-04,56.67,56.71,56.24,56.42,48.9836,34300,0,0
2012-04-05,56.74,57.04,56.74,56.96,49.4525,61300,0,0
2012-04-09,57.36,57.45,57.02,57.19,49.6522,15500,0,0
2012-04-10,57.27,57.92,56.83,57.78,50.1644,25700,0,0
2012-04-11,57.82,57.89,57.61,57.69,50.0862,25100,0,0
2012-04-12,57.56,58.71,57.56,58.45,50.7461,30900,0,0
2012-04-13,58.34,58.34,57.43,57.6,50.0081,25000,0,0
2012-04-16,57.55,57.66,57.29,57.45,49.8779,17600,0,0
2012-04-17,57.57,57.73,57.1,57.49,49.9126,24500,0,0
2012-04-18,57.36,57.36,57.05,57.14,49.6087,28500,0,0
2012-04-19,57.09,57.66,57.09,57.28,49.7303,22200,0,0
2012-04-20,57.71,57.71,57.04,57.23,49.6869,73200,0,0
2012-04-23,56.48,56.87,55.85,56.79,49.3049,94500,0,0
2012-04-24,56.95,57.23,56.62,56.87,49.3743,57800,0,0
2012-04-25,56.58,57,56.28,56.92,49.4177,23500,0,0
2012-04-26,57.11,57.63,57.11,57.49,49.9126,25400,0,0
2012-04-27,57.15,57.83,57.15,57.69,50.0862,30300,0,0
2012-04-30,57.01,57.7,57.01,57.66,50.0602,759300,0,0
2012-05-01,57.55,57.88,57.47,57.56,49.9734,71200,0,0
2012-05-02,57.17,57.27,56.94,57.19,49.6522,85000,0,0
2012-05-03,56.64,56.82,56.34,56.53,49.0791,19000,0,0
2012-05-04,56.53,56.91,56.41,56.73,49.2528,22800,0,0
2012-05-07,56.12,56.64,56.12,56.55,49.0965,78000,0,0
2012-05-08,55.76,55.76,54.95,55.4,48.0981,89400,0,0
2012-05-09,54.59,55,54.5,54.86,47.6292,53000,0,0
2012-05-10,55.04,55.21,54.84,54.89,47.6553,30500,0,0
2012-05-11,54.21,54.74,54.2,54.45,47.2733,26000,0,0
2012-05-14,53.71,53.83,53.53,53.56,46.5006,38800,0,0
2012-05-15,53.42,53.55,52.85,52.89,45.9189,636800,0,0
2012-05-16,52.73,53.22,50.18,52.63,45.6932,78700,0,0
2012-05-17,53.19,54.15,53.07,53.95,46.8392,38800,0,0
2012-05-18,54.44,54.89,54.44,54.64,47.4383,72500,0,0
2012-05-21,54.37,54.63,54.37,54.57,47.3775,26600,0,0
2012-05-22,54.15,54.6,53.58,53.71,46.6308,20400,0,0
2012-05-23,53.49,53.58,52.32,53.56,46.5006,27000,0,0
2012-05-24,54.04,54.12,53.29,53.52,46.4659,33200,0,0
2012-05-25,53.68,54.06,53.68,54.03,46.9086,9900,0,0
2012-05-29,53.88,54.29,53.11,53.38,46.3443,24400,0,0
2012-05-30,52.85,53.8,52.3,53.61,46.544,51200,0,0
2012-05-31,53.5,53.85,53.25,53.56,46.5006,14700,0,0
2012-06-01,54.65,55.63,54.55,55.43,48.1241,57300,0,0
2012-06-04,54.48,55.43,54.48,55.37,48.072,198400,0,0
2012-06-05,55.25,55.43,55.12,55.39,48.0894,167700,0,0
2012-06-06,56.24,56.44,55.61,55.77,48.4193,139300,0,0
2012-06-07,55.94,55.94,54.17,54.65,47.4469,94900,0,0
2012-06-08,54.05,54.76,54.01,54.74,47.5251,134800,0,0
2012-06-11,54.8,54.9,54.26,54.88,47.6466,39700,0,0
2012-06-12,55.05,55.5,54.96,55.3,48.0113,34800,0,0
2012-06-13,55.67,55.7,55.28,55.45,48.1415,23500,0,0
2012-06-14,55.68,55.68,55.06,55.56,48.237,30900,0,0
2012-06-15,55.59,55.83,55.52,55.65,48.3151,27800,0,0
2012-06-18,55.44,55.74,55.23,55.69,48.3499,30000,0,0
2012-06-19,55.74,55.74,55.29,55.38,48.0807,26500,0,0
2012-06-20,54.86,55.39,54.24,54.86,47.6292,47900,0,0
2012-06-21,54.05,54.06,53.19,53.24,46.2228,34400,0,0
2012-06-22,53.21,53.48,52.93,53.48,46.4311,17200,0,0
2012-06-25,53.36,54.14,53.31,54.03,46.9086,27400,0,0
2012-06-26,53.72,53.77,53.28,53.47,46.4225,16500,0,0
2012-06-27,53.8,53.8,53.24,53.51,46.4572,13400,0,0
2012-06-28,53.11,53.18,52.25,52.81,45.8494,44000,0,0
2012-06-29,54.3,54.71,54.11,54.38,47.2125,26000,0,0
2012-07-02,54.24,54.5,53.97,54.37,47.2038,32800,0,0
2012-07-03,55.09,55.48,55.09,55.32,48.0286,10300,0,0
2012-07-05,54.42,54.83,54.42,54.63,47.4296,23400,0,0
2012-07-06,53.95,54.09,53.53,53.76,46.6742,12400,0,0
2012-07-09,53.85,54.18,53.83,53.96,46.8479,25500,0,0
2012-07-10,54.26,54.26,53.12,53.26,46.2401,23500,0,0
2012-07-11,53.44,53.7,53.25,53.51,46.4572,29600,0,0
2012-07-12,52.88,53.64,52.75,53.47,46.4225,19600,0,0
2012-07-13,53.72,54.24,53.72,53.94,46.8305,16600,0,0
2012-07-16,53.96,54.14,53.95,54.01,46.8913,47200,0,0
2012-07-17,53.83,54.08,53.35,53.77,46.6829,18400,0,0
2012-07-18,53.42,53.74,53.42,53.58,46.518,16300,0,0
2012-07-19,54.22,54.22,53.66,53.71,46.6308,35800,0,0
2012-07-20,53.44,53.93,53.4,53.84,46.7437,22500,0,0
2012-07-23,53.28,53.62,53.01,53.49,46.4398,117300,0,0
2012-07-24,53.71,53.74,53.17,53.69,46.6135,63900,0,0
2012-07-25,54.2,54.61,54.12,54.38,47.2125,164300,0,0
2012-07-26,54.75,54.95,54.61,54.78,47.5598,41200,0,0
2012-07-27,55.12,55.12,54.77,55.05,47.7942,24500,0,0
2012-07-30,54.83,55.25,54.77,55.17,47.8984,84100,0,0
2012-07-31,55.24,55.27,54.8,54.85,47.6206,151100,0,0
2012-08-01,54.23,54.43,54,54.18,47.0389,395800,0,0
2012-08-02,54.23,54.23,53.63,53.83,46.735,127500,0,0
2012-08-03,54.05,54.61,54.04,54.46,47.282,68500,0,0
2012-08-06,54.53,54.89,54.5,54.78,47.5598,64300,0,0
2012-08-07,54.86,54.9,54.77,54.85,47.6206,60600,0,0
2012-08-08,54.84,54.98,54.78,54.87,47.6379,50800,0,0
2012-08-09,54.87,55.02,54.85,54.99,47.7421,25900,0,0
2012-08-10,54.86,55.34,54.79,55.1,47.8376,85800,0,0
2012-08-13,55.02,55.02,54.6,54.64,47.4383,49000,0,0
2012-08-14,54.38,54.49,54.33,54.39,47.2212,25300,0,0
2012-08-15,54.49,54.56,54.44,54.48,47.2993,73400,0,0
2012-08-16,54.59,55.02,54.44,54.92,47.6813,138000,0,0
2012-08-17,54.92,54.97,54.86,54.96,47.7161,32100,0,0
2012-08-20,54.86,55.37,54.86,55.29,48.0026,73000,0,0
2012-08-21,55.9,56.12,55.9,55.94,48.5669,27600,0,0
2012-08-22,56.17,56.71,55.96,56.66,49.192,85900,0,0
2012-08-23,57.12,57.59,57.11,57.37,49.8084,84900,0,0
2012-08-24,57.32,57.51,57.15,57.43,49.8605,68500,0,0
2012-08-27,57.42,57.68,57.23,57.23,49.6869,116400,0,0
2012-08-28,57.28,57.55,57.23,57.33,49.7737,252000,0,0
2012-08-29,57.35,57.35,56.95,57.03,49.5132,289600,0,0
2012-08-30,57.28,57.28,56.73,56.9,49.4004,19000,0,0
2012-08-31,57.14,58.44,56.64,58.37,50.6766,302900,0,0
2012-09-04,58.71,58.81,58.42,58.73,50.9892,368100,0,0
2012-09-05,58.63,58.66,58.5,58.62,50.8937,228000,0,0
2012-09-06,59.01,59.29,58.9,58.97,51.1975,404800,0,0
2012-09-07,60.05,60.49,59.91,60.34,52.387,128800,0,0
2012-09-10,60.15,60.3,59.87,59.9,52.005,47200,0,0
2012-09-11,60.26,60.4,60.1,60.11,52.1873,45400,0,0
2012-09-12,60.54,60.54,59.63,60.06,52.1439,355700,0,0
2012-09-13,60.06,61.72,59.38,61.55,53.4375,457800,0,0
2012-09-14,61.69,61.8,61.46,61.7,53.5677,244500,0,0
2012-09-17,61.72,61.72,60.92,61.05,53.0034,618500,0,0
2012-09-18,61.31,61.84,61.2,61.71,53.5764,269500,0,0
2012-09-19,61.71,61.76,61.5,61.64,53.5156,126100,0,0
2012-09-20,61.41,61.65,61.06,61.59,53.4722,154600,0,0
2012-09-21,62.16,62.22,61.52,61.67,53.5417,444800,0,0
2012-09-24,61.1,61.39,61.06,61.21,53.1423,484500,0,0
2012-09-25,61.45,61.64,60.96,61.03,52.986,292200,0,0
2012-09-26,60.7,60.92,60.29,60.82,52.8037,263700,0,0
2012-09-27,61.24,61.88,61.23,61.83,53.6806,222700,0,0
2012-09-28,61.69,61.8,61.45,61.66,53.533,89900,0,0
2012-10-01,62.11,63.8,61.67,61.89,53.7327,1060500,0,0
2012-10-02,61.98,61.98,61.6,61.77,53.6285,68500,0,0
2012-10-03,61.9,61.93,61.72,61.82,53.6719,124300,0,0
2012-10-04,62.03,62.42,62.03,62.33,54.1147,14800,0,0
2012-10-05,62.05,62.15,61.62,61.81,53.6632,146100,0,0
2012-10-08,61.35,61.58,61.34,61.51,53.4028,36400,0,0
2012-10-09,61.38,61.52,61,61.14,53.0815,137100,0,0
2012-10-10,61.06,61.3,60.96,61.14,53.0815,128200,0,0
2012-10-11,61.28,61.5,61.23,61.24,53.1683,61800,0,0
2012-10-12,61.12,61.18,60.68,60.72,52.7169,67000,0,0
2012-10-15,60.3,60.3,57.9,59.87,51.9789,151400,0,0
2012-10-16,60.09,60.31,60.01,60.29,52.3436,135200,0,0
2012-10-17,60.15,60.55,60.15,60.38,52.4217,21300,0,0
2012-10-18,60.05,60.27,60,60,52.0918,11500,0,0
2012-10-19,59.84,59.84,58.97,59.25,51.4406,68300,0,0
2012-10-22,59.31,59.53,59.31,59.53,51.6837,28100,0,0
2012-10-23,58.94,58.94,58.56,58.65,50.9197,42300,0,0
2012-10-24,58.84,58.84,58.43,58.49,50.7808,36200,0,0
2012-10-25,59.08,59.13,58.91,58.97,51.1975,43100,0,0
2012-10-26,59.12,59.16,58.9,58.92,51.1541,22400,0,0
2012-10-31,59.09,59.41,59.07,59.24,51.432,42700,0,0
2012-11-01,59.36,59.4,58.99,58.99,51.2149,200300,0,0
2012-11-02,58.45,58.45,57.45,57.55,49.9647,47400,0,0
2012-11-05,57.69,57.86,57.6,57.77,50.1557,26800,0,0
2012-11-06,58.04,59.2,57.95,58.98,51.2062,22600,0,0
2012-11-07,59.14,59.21,58.4,58.99,51.2149,27100,0,0
2012-11-08,58.88,59.68,58.88,59.61,51.7532,30800,0,0
2012-11-09,59.72,59.89,59.54,59.62,51.7619,114800,0,0
2012-11-12,59.69,59.75,59.36,59.48,51.6403,26200,0,0
2012-11-13,59.19,59.65,59.19,59.39,51.5622,37200,0,0
2012-11-14,59.52,59.78,59.31,59.46,51.623,54000,0,0
2012-11-15,59.44,59.44,58.84,59.15,51.3538,63600,0,0
2012-11-16,58.96,59.12,58.8,58.93,51.1628,39100,0,0
2012-11-19,59.74,59.94,59.65,59.87,51.9789,36900,0,0
2012-11-20,59.81,59.86,59.5,59.75,51.8747,28400,0,0
2012-11-21,59.64,59.92,59.56,59.87,51.9789,36500,0,0
2012-11-23,60.09,60.85,59.95,60.74,52.7342,13500,0,0
2012-11-26,60.73,60.76,60.6,60.66,52.6648,13900,0,0
2012-11-27,60.61,60.64,60.39,60.4,52.4391,16100,0,0
2012-11-28,59.09,59.77,59.09,59.74,51.8661,41100,0,0
2012-11-29,60.02,60.19,59.98,60.09,52.1699,26000,0,0
2012-11-30,59.96,59.98,59.24,59.45,51.6143,31600,0,0
2012-12-03,59.57,59.81,59.53,59.53,51.6837,43900,0,0
2012-12-04,58.64,58.95,58.54,58.77,51.0239,44500,0,0
2012-12-05,58.72,58.75,58.3,58.67,50.9371,24400,0,0
2012-12-06,58.5,59.01,58.48,58.8,51.05,42200,0,0
2012-12-07,58.91,59.02,58.86,59.01,51.2323,16800,0,0
2012-12-10,59.4,59.42,59.24,59.24,51.432,116600,0,0
2012-12-11,59.02,59.15,58.94,59.12,51.3278,11000,0,0
2012-12-12,59.38,59.68,59.16,59.33,51.5101,18300,0,0
2012-12-13,58.44,58.74,58.4,58.61,50.885,37700,0,0
2012-12-14,58.47,58.64,58.37,58.37,50.6766,27500,0,0
2012-12-17,58.44,58.54,58.39,58.49,50.7808,24700,0,0
2012-12-18,58.5,58.55,57.21,57.58,49.9907,38300,0,0
2012-12-19,57.18,57.5,57.11,57.26,49.7129,65800,0,0
2012-12-20,56.38,56.48,55.8,56.27,48.8534,99000,0,0
2012-12-21,56.34,56.66,56.32,56.46,49.0184,112100,0,0
2012-12-24,56.44,56.63,56.44,56.51,49.0618,9000,0,0
2012-12-26,56.86,56.86,56.53,56.57,49.1139,61700,0,0
2012-12-27,56.41,56.93,56.37,56.77,49.2875,27300,0,0
2012-12-28,56.61,56.64,56.39,56.55,49.0965,32100,0,0
2012-12-31,56.61,57.23,56.61,57.09,49.5653,51200,0,0
2013-01-02,57.78,58.07,57.59,57.59,49.9994,115500,0,0
2013-01-03,57.41,57.52,56.62,56.75,49.2701,97100,0,0
2013-01-04,56.21,56.57,55.87,56.57,49.1139,50400,0,0
2013-01-07,56.06,56.36,56.06,56.26,48.8447,600000,0,0
2013-01-08,56.58,56.79,56.4,56.6,49.1399,524800,0,0
2013-01-09,56.62,56.65,56.33,56.6,49.1399,61400,0,0
2013-01-10,57,57.39,57,57.2,49.6608,23800,0,0
2013-01-11,57.15,57.15,56.47,56.8,49.3136,53700,0,0
2013-01-14,57.28,57.28,56.99,57.18,49.6435,33800,0,0
2013-01-15,57.62,57.8,57.51,57.61,50.0168,22300,0,0
2013-01-16,57.46,57.73,57.38,57.65,50.0515,19300,0,0
2013-01-17,57.34,58.25,57.34,57.94,50.3033,81100,0,0
2013-01-18,58.26,58.26,57.87,57.88,50.2512,13700,0,0
2013-01-22,58.01,58.36,58,58.18,50.5117,28800,0,0
2013-01-23,58.35,58.35,58.02,58.08,50.4248,33800,0,0
2013-01-24,57.65,57.65,57.29,57.34,49.7824,31300,0,0
2013-01-25,56.98,57.09,56.84,56.93,49.4264,37800,0,0
2013-01-28,56.74,56.87,56.61,56.69,49.218,52700,0,0
2013-01-29,56.99,57.17,56.95,57.09,49.5653,71900,0,0
2013-01-30,57.77,57.95,57.65,57.66,50.0602,64200,0,0
2013-01-31,57.42,57.49,56.9,57.17,49.6348,170200,0,0
2013-02-01,57.84,57.84,57.17,57.42,49.8518,121200,0,0
2013-02-04,57.1,57.69,57.1,57.54,49.956,57400,0,0
2013-02-05,57.83,57.83,57.33,57.52,49.9387,214900,0,0
2013-02-06,57.5,57.69,57.5,57.66,50.0602,34400,0,0
2013-02-07,57.13,57.69,57.11,57.39,49.8258,33900,0,0
2013-02-08,57.25,57.39,57.13,57.25,49.7042,75000,0,0
2013-02-11,56.63,56.63,56.36,56.57,49.1139,37700,0,0
2013-02-12,56.36,56.68,56.27,56.66,49.192,91100,0,0
2013-02-13,56.54,56.54,56.21,56.26,48.8447,26300,0,0
2013-02-14,56.42,56.45,55.81,55.93,48.5582,18200,0,0
2013-02-15,55.24,55.3,54.63,54.95,47.7074,106800,0,0
2013-02-19,54.94,54.94,54.49,54.66,47.4556,44700,0,0
2013-02-20,54.1,54.1,52.99,53.2,46.188,98500,0,0
2013-02-21,53.37,53.88,53.37,53.6,46.5353,38500,0,0
2013-02-22,53.44,53.75,53.27,53.75,46.6656,29600,0,0
2013-02-25,53.93,54.31,53.91,54.19,47.0476,20700,0,0
2013-02-26,54.19,55.05,53.8,54.85,47.6206,146100,0,0
2013-02-27,54.56,54.62,54.08,54.23,47.0823,117100,0,0
2013-02-28,54.05,54.11,53.45,53.61,46.544,53700,0,0
2013-03-01,53.7,53.83,53.36,53.49,46.4398,188700,0,0
2013-03-04,53.47,53.58,53.33,53.48,46.4311,1458500,0,0
2013-03-05,53.89,53.89,53.43,53.6,46.5353,52500,0,0
2013-03-06,53.46,53.95,53.35,53.92,46.8131,34700,0,0
2013-03-07,53.82,53.84,53.58,53.67,46.5961,72600,0,0
2013-03-08,53.22,53.95,53.21,53.73,46.6482,11500,0,0
2013-03-11,53.65,53.83,53.65,53.8,46.709,15300,0,0
2013-03-12,54.21,54.36,54.18,54.23,47.0823,85900,0,0
2013-03-13,54.22,54.35,53.91,53.96,46.8479,41600,0,0
2013-03-14,53.67,54.08,53.67,53.93,46.8218,91300,0,0
2013-03-15,54.05,54.21,53.98,54.01,46.8913,38700,0,0
2013-03-18,54.6,54.64,54.38,54.45,47.2733,40700,0,0
2013-03-19,54.38,54.75,54.37,54.64,47.4383,63600,0,0
2013-03-20,54.5,54.55,54.22,54.42,47.2472,31200,0,0
2013-03-21,54.82,54.9,54.72,54.82,47.5945,18600,0,0
2013-03-22,54.4,54.6,54.39,54.41,47.2386,14300,0,0
2013-03-25,54.23,54.49,54.13,54.37,47.2038,20000,0,0
2013-03-26,54.17,54.26,54.07,54.2,47.0562,11800,0,0
2013-03-27,54.01,54.42,53.95,54.37,47.2038,31300,0,0
2013-03-28,54.02,54.15,53.89,53.95,46.8392,34600,0,0
2013-04-01,53.85,53.95,53.78,53.89,46.7871,42800,0,0
2013-04-02,53.27,53.34,52.94,52.96,45.9797,32900,0,0
2013-04-03,52.84,53.03,52.09,52.37,45.4674,110800,0,0
2013-04-04,51.96,52.31,51.85,52.18,45.3025,61000,0,0
2013-04-05,52.63,53.1,52.48,53.06,46.0665,31900,0,0
2013-04-08,52.91,52.99,52.7,52.89,45.9189,15100,0,0
2013-04-09,53.05,53.64,53.05,53.49,46.4398,33600,0,0
2013-04-10,53.21,53.21,52.59,52.6,45.6671,21400,0,0
2013-04-11,52.55,52.95,52.55,52.71,45.7626,46400,0,0
2013-04-12,51.73,51.8,49.93,50.12,43.514,148900,0,0
2013-04-15,48.63,48.63,45.1,45.22,39.2598,195600,0,0
2013-04-16,46.58,46.6,45.53,45.87,39.8242,208700,0,0
2013-04-17,46.14,46.61,45.51,45.75,39.72,68400,0,0
2013-04-18,46.13,46.6,46.05,46.19,40.102,31000,0,0
2013-04-19,46.78,46.86,46.21,46.55,40.4145,43500,0,0
2013-04-22,47.41,47.66,47.14,47.29,41.057,13200,0,0
2013-04-23,46.83,46.93,46.56,46.82,40.649,57900,0,0
2013-04-24,47.24,47.41,46.97,47.33,41.0917,87100,0,0
2013-04-25,47.98,48.85,47.81,48.68,42.2638,78700,0,0
2013-04-26,48.94,49.15,48.07,48.32,41.9512,21100,0,0
2013-04-29,48.63,48.95,48.6,48.9,42.4548,12100,0,0
2013-04-30,48.9,48.99,48.64,48.96,42.5069,85700,0,0
2013-05-01,48.07,48.47,47.73,48.27,41.9078,15600,0,0
2013-05-02,48.64,48.81,48.5,48.56,42.1596,14300,0,0
2013-05-03,48.52,48.94,48.5,48.77,42.3419,32400,0,0
2013-05-06,48.73,48.85,48.58,48.71,42.2898,14600,0,0
2013-05-07,48.03,48.25,47.91,48.22,41.8644,19600,0,0
2013-05-08,48.42,48.86,48.42,48.74,42.3159,18100,0,0
2013-05-09,48.26,48.73,48.2,48.21,41.8557,19100,0,0
2013-05-10,47.28,47.94,47.08,47.91,41.5953,22600,0,0
2013-05-13,47.52,47.69,47.43,47.44,41.1872,19800,0,0
2013-05-14,47.2,47.68,47.2,47.24,41.0136,43500,0,0
2013-05-15,46.71,46.77,45.85,45.95,39.8936,97400,0,0
2013-05-16,45.5,46.04,45.47,45.94,39.8849,159700,0,0
2013-05-17,45.64,45.69,44.84,44.84,38.9299,27000,0,0
2013-05-20,44.56,46.39,44.49,46.36,40.2496,63800,0,0
2013-05-21,45.36,45.71,44.97,45.46,39.4682,45600,0,0
2013-05-22,45.76,46.84,45,45.14,39.1904,39700,0,0
2013-05-23,45.94,46.07,45.53,46.05,39.9804,31500,0,0
2013-05-24,45.81,45.97,45.66,45.68,39.6592,21400,0,0
2013-05-28,45.67,46.18,45.41,45.61,39.5984,12200,0,0
2013-05-29,45.73,46.06,45.67,46.06,39.9891,31400,0,0
2013-05-30,46.65,46.91,46.65,46.65,40.5014,15100,0,0
2013-05-31,46.28,46.31,45.68,45.71,39.6853,26100,0,0
2013-06-03,45.97,46.83,45.92,46.62,40.4753,17300,0,0
2013-06-04,46.18,46.19,45.85,46.13,40.0499,16100,0,0
2013-06-05,46.23,46.49,46.18,46.25,40.1541,58000,0,0
2013-06-06,46.16,46.92,46.12,46.59,40.4493,12300,0,0
2013-06-07,45.78,45.84,45.18,45.23,39.2685,33900,0,0
2013-06-10,45.27,45.59,45.22,45.52,39.5203,7800,0,0
2013-06-11,45.06,45.3,45.05,45.22,39.2598,60500,0,0
2013-06-12,45.15,45.68,45.15,45.55,39.5463,71800,0,0
2013-06-13,45.26,45.56,45.08,45.5,39.5029,65800,0,0
2013-06-14,45.54,45.72,45.54,45.7,39.6766,68500,0,0
2013-06-17,45.55,45.55,45.37,45.49,39.4943,15700,0,0
2013-06-18,45.15,45.18,44.73,44.9,38.982,98200,0,0
2013-06-19,44.89,45.47,44.33,44.33,38.4871,123600,0,0
2013-06-20,42.6,42.72,41.66,41.69,36.1951,99700,0,0
2013-06-21,42.25,42.36,42.11,42.25,36.6813,279900,0,0
2013-06-24,41.85,42.06,41.58,41.84,36.3253,31500,0,0
2013-06-25,41.6,41.82,41.45,41.63,36.143,24000,0,0
2013-06-26,40.02,40.43,39.72,39.77,34.5282,167700,0,0
2013-06-27,40.04,40.18,39.02,39.05,33.9031,64700,0,0
2013-06-28,38.93,40.42,38.85,40.42,35.0925,138600,0,0
2013-07-01,40.5,41.18,40.5,40.99,35.5874,168600,0,0
2013-07-02,41.1,41.1,40.56,40.58,35.2314,12500,0,0
2013-07-03,40.71,41.23,40.71,40.88,35.4919,48200,0,0
2013-07-05,39.61,39.89,39.48,39.82,34.5716,43300,0,0
2013-07-08,40.1,40.56,39.8,40.3,34.9883,78000,0,0
2013-07-09,40.7,40.9,40.48,40.64,35.2835,37500,0,0
2013-07-10,40.75,41.7,40.37,40.72,35.353,41600,0,0
2013-07-11,41.95,42.05,41.74,41.99,36.4556,47200,0,0
2013-07-12,41.68,41.93,41.65,41.88,36.3601,8500,0,0
2013-07-15,41.81,41.95,41.8,41.94,36.4121,12900,0,0
2013-07-16,42.05,42.2,41.98,42.12,36.5684,32300,0,0
2013-07-17,42.15,42.33,41.35,41.45,35.9867,37300,0,0
2013-07-18,41.65,41.8,41.6,41.64,36.1517,26200,0,0
2013-07-19,41.9,42.23,41.89,42.01,36.4729,128500,0,0
2013-07-22,43.19,43.64,43,43.46,37.7318,45900,0,0
2013-07-23,43.5,43.79,43.24,43.71,37.9489,47100,0,0
2013-07-24,43.5,43.51,42.7,42.97,37.3064,50900,0,0
2013-07-25,43.02,43.33,43.02,43.24,37.5408,21600,0,0
2013-07-26,43.01,43.26,42.66,43.22,37.5234,9100,0,0
2013-07-29,43.14,43.26,43.06,43.09,37.4106,27000,0,0
2013-07-30,42.9,42.96,42.7,42.96,37.2977,51400,0,0
2013-07-31,42.8,43.2,42.3,42.89,37.2369,24600,0,0
2013-08-01,42.89,42.91,42.41,42.46,36.8636,43200,0,0
2013-08-02,42.64,42.71,42.44,42.44,36.8463,21400,0,0
2013-08-05,42.44,42.68,42.16,42.24,36.6726,86700,0,0
2013-08-06,41.82,41.83,41.5,41.61,36.1257,28700,0,0
2013-08-07,41.5,41.8,41.5,41.68,36.1864,33600,0,0
2013-08-08,41.98,42.79,41.98,42.76,37.1241,27300,0,0
2013-08-09,42.73,42.94,42.66,42.85,37.2022,15300,0,0
2013-08-12,43.8,44.1,43.75,43.79,38.0183,12000,0,0
2013-08-13,43.61,43.61,43.2,43.49,37.7579,670200,0,0
2013-08-14,43.45,43.97,43.45,43.92,38.1312,798700,0,0
2013-08-15,43.7,45.31,43.67,45.14,39.1904,84500,0,0
2013-08-16,45.59,45.71,45.09,45.48,39.4856,97100,0,0
2013-08-19,45.51,45.51,45.22,45.31,39.338,57400,0,0
2013-08-20,45.24,45.63,45.24,45.4,39.4161,39800,0,0
2013-08-21,45.22,45.64,45.1,45.27,39.3032,73800,0,0
2013-08-22,45.67,45.7,45.42,45.5,39.5029,41700,0,0
2013-08-23,45.39,46.5,45.39,46.46,40.3364,45900,0,0
2013-08-26,46.43,46.76,46.29,46.71,40.5534,10600,0,0
2013-08-27,47.03,47.46,47.03,47.18,40.9615,54200,0,0
2013-08-28,47.23,47.43,47.1,47.1,40.8921,34200,0,0
2013-08-29,46.9,46.99,46.63,46.71,40.5534,89200,0,0
2013-08-30,46.34,46.58,46.13,46.19,40.102,77700,0,0
2013-09-03,46.72,47.13,46.65,46.99,40.7966,57800,0,0
2013-09-04,46.23,46.25,45.92,46.22,40.128,67900,0,0
2013-09-05,45.94,45.94,45.25,45.4,39.4161,27200,0,0
2013-09-06,45.91,46.25,45.91,46.17,40.0846,5500,0,0
2013-09-09,46.13,46.17,46.01,46.07,39.9978,26200,0,0
2013-09-10,45.22,45.26,45.02,45.17,39.2164,8300,0,0
2013-09-11,45.13,45.25,45.11,45.2,39.2425,43300,0,0
2013-09-12,44.17,44.17,43.6,43.6,37.8534,19600,0,0
2013-09-13,43.4,43.79,43.13,43.77,38.001,59300,0,0
2013-09-16,43.56,43.72,43.18,43.19,37.4974,7700,0,0
2013-09-17,43.5,43.5,43.18,43.22,37.5234,35700,0,0
2013-09-18,42.96,45.32,42.66,45.3,39.3293,80700,0,0
2013-09-19,45.26,45.57,45.08,45.23,39.2685,53800,0,0
2013-09-20,44.75,44.91,43.75,43.88,38.0965,27800,0,0
2013-09-23,43.49,43.82,43.42,43.43,37.7058,18200,0,0
2013-09-24,43.06,43.69,43.06,43.54,37.8013,54600,0,0
2013-09-25,43.55,44.02,43.5,43.85,38.0704,14800,0,0
2013-09-26,43.83,43.91,43.45,43.57,37.8273,45400,0,0
2013-09-27,43.83,44.1,43.83,43.94,38.1485,14300,0,0
2013-09-30,43.7,44,43.6,43.67,37.9141,9000,0,0
2013-10-01,42.5,42.53,42.03,42.44,36.8463,64100,0,0
2013-10-02,42.74,43.52,42.74,43.33,37.619,57600,0,0
2013-10-03,43.33,43.51,43.14,43.35,37.6363,9100,0,0
2013-10-04,43.35,43.35,43.04,43.19,37.4974,18800,0,0
2013-10-07,43.65,43.89,43.65,43.73,37.9662,13000,0,0
2013-10-08,43.74,44.1,43.61,43.67,37.9141,21100,0,0
2013-10-09,43.17,43.28,42.84,43.07,37.3932,35000,0,0
2013-10-10,42.85,43.04,42.52,42.52,36.9157,35000,0,0
2013-10-11,41.78,41.9,41.68,41.87,36.3514,37400,0,0
2013-10-14,42.33,42.33,41.94,41.94,36.4121,5800,0,0
2013-10-15,41.71,42.38,41.71,42.21,36.6466,35200,0,0
2013-10-16,42.08,42.25,41.85,42.12,36.5684,12900,0,0
2013-10-17,43.28,43.57,43.28,43.47,37.7405,14100,0,0
2013-10-18,43.31,43.47,43.29,43.34,37.6276,17200,0,0
2013-10-21,43.61,43.61,43.44,43.49,37.7579,8000,0,0
2013-10-22,43.99,44.45,43.93,44.33,38.4871,21400,0,0
2013-10-23,44.04,44.2,44.01,44.1,38.2875,40600,0,0
2013-10-24,44.28,44.66,44.28,44.49,38.6261,17000,0,0
2013-10-25,44.3,44.7,44.28,44.58,38.7042,13400,0,0
2013-10-28,44.55,44.75,44.55,44.62,38.7389,14300,0,0
2013-10-29,44.5,44.64,44.37,44.37,38.5219,43900,0,0
2013-10-30,44.9,44.91,44.13,44.41,38.5566,27200,0,0
2013-10-31,43.72,43.86,43.5,43.55,37.81,28500,0,0
2013-11-01,43.23,43.33,43.1,43.22,37.5234,44900,0,0
2013-11-04,43.28,43.43,43.2,43.24,37.5408,75300,0,0
2013-11-05,43.16,43.19,43.01,43.17,37.48,20800,0,0
2013-11-06,43.42,43.46,43.3,43.36,37.645,4000,0,0
2013-11-07,42.94,43.21,42.92,42.99,37.3238,47000,0,0
2013-11-08,42.37,42.44,42.21,42.44,36.8463,17900,0,0
2013-11-11,42.23,42.27,42.2,42.26,36.69,4500,0,0
2013-11-12,42.09,42.12,41.46,41.6,36.117,23900,0,0
2013-11-13,41.75,41.77,41.53,41.65,36.1604,12000,0,0
2013-11-14,41.98,42.31,41.8,42.14,36.5858,69800,0,0
2013-11-15,42.05,42.18,42.05,42.12,36.5684,7700,0,0
2013-11-18,42.08,42.08,41.48,41.56,36.0822,23100,0,0
2013-11-19,41.55,41.67,41.54,41.57,36.0909,11500,0,0
2013-11-20,41.05,41.41,40.48,40.54,35.1967,47300,0,0
2013-11-21,40.4,40.68,40.35,40.55,35.2054,38500,0,0
2013-11-22,40.65,40.65,40.5,40.52,35.1793,16500,0,0
2013-11-25,40.47,40.88,40.33,40.72,35.353,30700,0,0
2013-11-26,40.5,40.59,40.45,40.53,35.188,119300,0,0
2013-11-27,40.68,40.68,40.25,40.29,34.9796,15800,0,0
2013-11-29,40.71,40.91,40.71,40.79,35.4137,4000,0,0
2013-12-02,40.21,40.24,39.58,39.61,34.3893,48600,0,0
2013-12-03,39.46,39.69,39.42,39.62,34.3979,612600,0,0
2013-12-04,39.77,40.61,39.77,40.51,35.1706,24000,0,0
2013-12-05,39.84,40.18,39.59,39.84,34.5889,24000,0,0
2013-12-06,39.91,40.16,39.79,39.93,34.6671,27100,0,0
2013-12-09,40.1,40.54,40.1,40.42,35.0925,59400,0,0
2013-12-10,41.2,41.4,41.12,41.25,35.8131,29100,0,0
2013-12-11,41.37,41.4,40.9,40.97,35.57,85600,0,0
2013-12-12,40.01,40.04,39.77,39.87,34.615,57000,0,0
2013-12-13,40.1,40.29,40.03,40.21,34.9102,11200,0,0
2013-12-16,40.21,40.87,40.19,40.43,35.1012,36800,0,0
2013-12-17,40.16,40.33,40.07,40.13,34.8407,40500,0,0
2013-12-18,40.22,41.15,39.69,39.81,34.5629,92700,0,0
2013-12-19,39.1,39.12,38.73,38.74,33.6339,37400,0,0
2013-12-20,38.95,39.35,38.85,39.12,33.9638,30100,0,0
2013-12-23,40,40,39.02,39.08,33.9291,53600,0,0
2013-12-24,39.08,39.27,39.08,39.24,34.068,29800,0,0
2013-12-26,39.71,39.8,39.52,39.54,34.3285,92700,0,0
2013-12-27,39.78,39.86,39.7,39.78,34.5369,31400,0,0
2013-12-30,39.3,39.43,38.99,39.06,33.9117,54000,0,0
2013-12-31,38.58,39.57,38.58,39.19,34.0246,82200,0,0
2014-01-02,40.05,40.28,39.95,40.04,34.7626,230000,0,0
2014-01-03,40.35,40.55,40.35,40.39,35.0664,14200,0,0
2014-01-06,40.41,40.79,40.1,40.51,35.1706,30700,0,0
2014-01-07,40,40.19,39.93,40.18,34.8841,232400,0,0
2014-01-08,39.75,39.94,39.64,39.81,34.5629,18800,0,0
2014-01-09,39.65,40.02,39.6,39.91,34.6497,24500,0,0
2014-01-10,40.34,40.73,40.34,40.67,35.3095,10000,0,0
2014-01-13,40.68,41.01,40.63,41,35.5961,25400,0,0
2014-01-14,40.84,41.06,40.55,40.59,35.2401,23700,0,0
2014-01-15,40.23,40.54,40.23,40.53,35.188,14200,0,0
2014-01-16,40.71,40.71,40.46,40.51,35.1706,26300,0,0
2014-01-17,40.7,40.92,40.7,40.9,35.5092,27400,0,0
2014-01-21,40.22,40.46,40.22,40.4,35.0751,42800,0,0
2014-01-22,40.32,40.41,40.2,40.2,34.9015,208200,0,0
2014-01-23,40.8,41.22,40.8,41,35.5961,40400,0,0
2014-01-24,41.19,41.21,40.93,41.14,35.7176,64600,0,0
2014-01-27,40.99,40.99,40.52,40.57,35.2227,124200,0,0
2014-01-28,40.72,40.72,40.41,40.56,35.214,58400,0,0
2014-01-29,41.01,41.06,40.78,41.06,35.6481,34300,0,0
2014-01-30,40.02,40.22,40.01,40.11,34.8234,75800,0,0
2014-01-31,40.35,40.46,40.01,40.11,34.8234,17500,0,0
2014-02-03,40.38,40.88,40.33,40.57,35.2227,58800,0,0
2014-02-04,40.38,40.57,40.31,40.54,35.1967,226600,0,0
2014-02-05,40.94,40.94,40.68,40.76,35.3877,26300,0,0
2014-02-06,40.9,40.9,40.66,40.8,35.4224,150200,0,0
2014-02-07,40.76,41.11,40.76,41.09,35.6742,15900,0,0
2014-02-10,41.05,41.43,41.05,41.29,35.8478,15700,0,0
2014-02-11,41.45,41.87,41.44,41.81,36.2993,60600,0,0
2014-02-12,41.81,42.03,41.76,41.82,36.308,32300,0,0
2014-02-13,42.03,42.25,42.02,42.24,36.6726,7900,0,0
2014-02-14,42.79,43.12,42.79,43.12,37.4366,18000,0,0
2014-02-18,43.21,43.44,43.2,43.4,37.6797,47400,0,0
2014-02-19,43.34,43.35,42.81,42.87,37.2196,47600,0,0
2014-02-20,43.06,43.41,43,43.36,37.645,45400,0,0
2014-02-21,43.29,43.51,43.18,43.37,37.6537,18300,0,0
2014-02-24,43.68,43.88,43.68,43.82,38.0444,7100,0,0
2014-02-25,43.75,43.96,43.74,43.87,38.0878,30300,0,0
2014-02-26,43.57,43.58,43.14,43.26,37.5582,24200,0,0
2014-02-27,43.35,43.47,43.2,43.36,37.645,20200,0,0
2014-02-28,43.31,43.37,42.98,43.12,37.4366,52400,0,0
2014-03-03,44.04,44.16,43.84,44.02,38.218,506900,0,0
2014-03-04,43.39,43.59,43.32,43.43,37.7058,14200,0,0
2014-03-05,43.4,43.64,43.4,43.51,37.7752,15400,0,0
2014-03-06,43.91,44.05,43.74,43.98,38.1833,24200,0,0
2014-03-07,43.24,43.47,43,43.44,37.7145,12200,0,0
2014-03-10,43.51,43.59,43.31,43.39,37.671,31800,0,0
2014-03-11,43.77,43.82,43.49,43.61,37.862,14500,0,0
2014-03-12,44.1,44.44,44.1,44.3,38.4611,17300,0,0
2014-03-13,44.26,44.49,44.23,44.37,38.5219,12400,0,0
2014-03-14,45.03,45.05,44.59,44.77,38.8692,19700,0,0
2014-03-17,44.79,44.79,44.03,44.17,38.3482,267900,0,0
2014-03-18,43.61,44,43.61,43.77,38.001,118300,0,0
2014-03-19,43.52,43.54,42.95,42.97,37.3064,27300,0,0
2014-03-20,42.82,43.01,42.69,42.85,37.2022,57800,0,0
2014-03-21,43.23,43.23,42.97,42.98,37.3151,11200,0,0
2014-03-24,42.26,42.52,42,42.21,36.6466,22000,0,0
2014-03-25,42.68,42.68,42.25,42.29,36.716,18000,0,0
2014-03-26,42.21,42.29,41.82,41.91,36.3861,20000,0,0
2014-03-27,41.75,41.91,41.59,41.73,36.2298,27500,0,0
2014-03-28,41.5,41.74,41.5,41.7,36.2038,28400,0,0
2014-03-31,41.6,41.71,41.35,41.38,35.926,27500,0,0
2014-04-01,41.34,41.44,41.2,41.31,35.8652,83300,0,0
2014-04-02,41.64,41.82,41.62,41.65,36.1604,233300,0,0
2014-04-03,41.4,41.57,41.38,41.51,36.0388,31000,0,0
2014-04-04,41.9,42.2,41.87,41.99,36.4556,14800,0,0
2014-04-07,41.8,41.97,41.75,41.82,36.308,17800,0,0
2014-04-08,42.25,42.25,42.15,42.18,36.6205,7000,0,0
2014-04-09,41.87,42.2,41.87,42.2,36.6379,3600,0,0
2014-04-10,42.44,42.58,42.43,42.48,36.881,10400,0,0
2014-04-11,42.46,42.47,42.36,42.39,36.8028,4800,0,0
2014-04-14,42.63,42.77,42.6,42.63,37.0112,20500,0,0
2014-04-15,41.58,41.86,40,41.86,36.3427,12500,0,0
2014-04-16,41.77,41.86,41.71,41.86,36.3427,10100,0,0
2014-04-17,41.83,41.83,41.58,41.61,36.1257,18500,0,0
2014-04-21,41.39,41.4,41.24,41.39,35.9346,54200,0,0
2014-04-22,41.28,41.35,40.98,41.26,35.8218,31800,0,0
2014-04-23,41.26,41.29,41.16,41.23,35.7957,15100,0,0
2014-04-24,41,41.65,40.98,41.59,36.1083,7500,0,0
2014-04-25,41.84,41.93,41.76,41.79,36.2819,3000,0,0
2014-04-28,41.71,41.71,41.54,41.61,36.1257,6700,0,0
2014-04-29,41.64,41.7,41.54,41.59,36.1083,11100,0,0
2014-04-30,41.22,41.46,41.17,41.32,35.8739,21500,0,0
2014-05-01,40.92,41.11,40.85,41.09,35.6742,39500,0,0
2014-05-02,41.06,41.86,40.99,41.61,36.1257,425000,0,0
2014-05-05,42.08,42.11,41.97,41.99,36.4556,5700,0,0
2014-05-06,41.95,41.97,41.86,41.9,36.3774,10400,0,0
2014-05-07,41.75,41.81,41.29,41.31,35.8652,22300,0,0
2014-05-08,41.28,41.31,41.2,41.24,35.8044,5500,0,0
2014-05-09,41.31,41.31,41.14,41.24,35.8044,11200,0,0
2014-05-12,41.76,41.76,41.56,41.6,36.117,3800,0,0
2014-05-13,41.48,41.61,41.47,41.52,36.0475,7400,0,0
2014-05-14,41.99,42.03,41.9,41.94,36.4121,7900,0,0
2014-05-15,41.6,41.79,41.49,41.58,36.0996,8800,0,0
2014-05-16,41.47,41.48,41.41,41.47,36.0041,7500,0,0
2014-05-19,41.69,41.69,41.42,41.44,35.9781,4000,0,0
2014-05-20,41.39,41.53,41.39,41.5,36.0302,5300,0,0
2014-05-21,41.3,41.39,41.27,41.39,35.9346,4000,0,0
2014-05-22,41.72,41.72,41.48,41.52,36.0475,10900,0,0
2014-05-23,41.52,41.52,41.36,41.42,35.9607,6600,0,0
2014-05-27,40.86,40.86,40.56,40.56,35.214,7300,0,0
2014-05-28,40.43,40.47,40.3,40.32,35.0057,11200,0,0
2014-05-29,40.05,40.32,40.05,40.27,34.9623,18400,0,0
2014-05-30,40.15,40.21,39.81,40.01,34.7365,33300,0,0
2014-06-02,39.87,39.98,39.76,39.81,34.5629,73100,0,0
2014-06-03,39.79,39.95,39.75,39.95,34.6844,129700,0,0
2014-06-04,39.93,39.93,39.82,39.83,34.5803,9900,0,0
2014-06-05,40.14,40.24,40.14,40.2,34.9015,4900,0,0
2014-06-06,40.07,40.19,40.03,40.18,34.8841,3700,0,0
2014-06-09,40.47,40.47,40.21,40.24,34.9362,9600,0,0
2014-06-10,40.42,40.49,40.42,40.47,35.1359,16400,0,0
2014-06-11,40.53,40.54,40.44,40.47,35.1359,11100,0,0
2014-06-12,40.64,40.98,40.64,40.95,35.5526,9500,0,0
2014-06-13,41.02,41.16,40.97,41.12,35.7002,13800,0,0
2014-06-16,41.05,41.05,40.91,40.93,35.5353,52300,0,0
2014-06-17,40.85,40.97,40.85,40.93,35.5353,7200,0,0
2014-06-18,40.98,41.11,40.94,41.11,35.6916,47600,0,0
2014-06-19,41.74,42.81,41.74,42.66,37.0373,38600,0,0
2014-06-20,42.48,42.79,42.48,42.61,36.9938,20200,0,0
2014-06-23,42.6,42.78,42.55,42.72,37.0894,3900,0,0
2014-06-24,42.8,42.87,42.74,42.77,37.1328,14800,0,0
2014-06-25,42.77,42.89,42.76,42.84,37.1935,1500,0,0
2014-06-26,42.64,42.76,42.64,42.74,37.1067,12600,0,0
2014-06-27,42.82,42.91,42.74,42.74,37.1067,29300,0,0
2014-06-30,42.63,43.11,42.63,43.11,37.4279,8500,0,0
2014-07-01,43.17,43.2,42.97,43.03,37.3585,13300,0,0
2014-07-02,43.11,43.24,43.03,43.08,37.4019,36000,0,0
2014-07-03,42.8,42.95,42.79,42.85,37.2022,254400,0,0
2014-07-07,42.67,42.83,42.62,42.8,37.1588,57300,0,0
2014-07-08,42.9,42.96,42.64,42.83,37.1848,30200,0,0
2014-07-09,42.98,43.2,42.9,43.09,37.4106,12200,0,0
2014-07-10,43.51,43.61,43.41,43.41,37.6884,9300,0,0
2014-07-11,43.41,43.43,43.39,43.39,37.671,2400,0,0
2014-07-14,42.35,42.48,42.34,42.42,36.8289,41900,0,0
2014-07-15,42.43,42.5,41.82,41.98,36.4469,44500,0,0
2014-07-16,42.04,42.25,42.04,42.08,36.5337,18800,0,0
2014-07-17,42.26,42.91,42.2,42.82,37.1762,41400,0,0
2014-07-18,42.38,42.47,42.38,42.47,36.8723,2000,0,0
2014-07-21,42.57,42.7,42.49,42.58,36.9678,31200,0,0
2014-07-22,42.57,42.58,42.35,42.37,36.7855,5100,0,0
2014-07-23,42.35,42.49,42.28,42.35,36.7681,25200,0,0
2014-07-24,42.05,42.05,41.68,41.77,36.2646,14500,0,0
2014-07-25,41.85,42.32,41.82,42.29,36.716,41200,0,0
2014-07-28,42.21,42.21,42.13,42.19,36.6292,21400,0,0
2014-07-29,42.24,42.24,41.93,42.05,36.5077,8200,0,0
2014-07-30,41.93,41.94,41.84,41.94,36.4121,8600,0,0
2014-07-31,41.87,41.87,41.44,41.49,36.0215,10200,0,0
2014-08-01,41.85,41.88,41.69,41.71,36.2125,30200,0,0
2014-08-04,41.71,41.79,41.48,41.52,36.0475,57200,0,0
2014-08-05,41.44,41.45,41.23,41.4,35.9433,204800,0,0
2014-08-06,41.96,42.04,41.96,41.97,36.4382,2300,0,0
2014-08-07,41.93,42.16,41.78,42.1,36.5511,29000,0,0
2014-08-08,42.16,42.17,42.03,42.09,36.5424,4300,0,0
2014-08-11,42.02,42.06,41.94,42.02,36.4816,4000,0,0
2014-08-12,42.21,42.22,41.98,42,36.4642,16700,0,0
2014-08-13,42.08,42.12,41.92,41.99,36.4556,17700,0,0
2014-08-14,42.01,42.13,42,42.06,36.5163,29000,0,0
2014-08-15,41.53,41.91,41.39,41.72,36.2212,3700,0,0
2014-08-18,41.45,41.57,41.45,41.57,36.0909,7100,0,0
2014-08-19,41.58,41.58,41.33,41.4,35.9433,7100,0,0
2014-08-20,41.49,41.56,41.24,41.29,35.8478,5900,0,0
2014-08-21,40.78,40.95,40.75,40.89,35.5005,28700,0,0
2014-08-22,40.91,40.99,40.81,40.98,35.5787,12200,0,0
2014-08-25,40.83,40.89,40.78,40.8,35.4224,11000,0,0
2014-08-26,41.22,41.31,40.98,40.99,35.5874,2600,0,0
2014-08-27,41.06,41.06,40.96,41.02,35.6134,7500,0,0
2014-08-28,41.34,41.34,41.2,41.23,35.7957,2400,0,0
2014-08-29,41.17,41.29,41.09,41.13,35.7089,29100,0,0
2014-09-02,40.49,40.53,40.34,40.42,35.0925,34300,0,0
2014-09-03,40.41,40.57,40.41,40.56,35.214,136200,0,0
2014-09-04,40.75,40.75,40.25,40.34,35.023,4400,0,0
2014-09-05,40.44,40.49,40.39,40.49,35.1533,5700,0,0
2014-09-08,40.35,40.35,39.97,40.09,34.806,11400,0,0
2014-09-09,40.04,40.15,39.87,40.15,34.8581,9400,0,0
2014-09-10,39.92,39.98,39.75,39.84,34.5889,9100,0,0
2014-09-11,39.62,39.63,39.41,39.58,34.3632,20100,0,0
2014-09-12,39.31,39.33,39.18,39.18,34.0159,7500,0,0
2014-09-15,39.35,39.36,39.27,39.32,34.1375,5800,0,0
2014-09-16,39.41,39.57,39.27,39.42,34.2243,7800,0,0
2014-09-17,39.41,39.44,38.98,38.98,33.8423,33600,0,0
2014-09-18,38.87,39.12,38.85,39.09,33.9378,9000,0,0
2014-09-19,38.9,38.9,38.47,38.58,33.495,31400,0,0
2014-09-22,38.36,38.57,38.31,38.44,33.3735,30900,0,0
2014-09-23,38.77,38.77,38.59,38.65,33.5558,6200,0,0
2014-09-24,38.44,38.51,38.44,38.47,33.3995,3200,0,0
2014-09-25,38.15,38.6,38.1,38.5,33.4256,12100,0,0
2014-09-26,38.31,38.42,38.26,38.41,33.3474,12800,0,0
2014-09-29,38.48,38.5,38.34,38.38,33.3214,7700,0,0
2014-09-30,38.13,38.26,37.9,37.99,32.9828,25300,0,0
2014-10-01,38.12,38.39,38.12,38.18,33.1477,4900,0,0
2014-10-02,38.07,38.21,38.03,38.16,33.1304,77300,0,0
2014-10-03,37.61,37.66,37.38,37.42,32.4879,23900,0,0
2014-10-06,37.66,38.08,37.6,38.02,33.0088,24100,0,0
2014-10-07,38.15,38.15,37.98,38.07,33.0522,22300,0,0
2014-10-08,38.37,38.5,37.9,38.43,33.3648,45600,0,0
2014-10-09,38.58,38.78,38.46,38.49,33.4169,22900,0,0
2014-10-10,38.52,38.52,38.35,38.48,33.4082,7400,0,0
2014-10-13,38.63,38.76,38.54,38.76,33.6513,9300,0,0
2014-10-14,38.76,38.83,38.69,38.78,33.6686,28600,0,0
2014-10-15,38.96,39.25,38.86,38.94,33.8076,17400,0,0
2014-10-16,38.82,39.05,38.8,38.93,33.7989,38900,0,0
2014-10-17,38.84,38.9,38.71,38.84,33.7207,12800,0,0
2014-10-20,39.05,39.13,39.02,39.1,33.9465,35100,0,0
2014-10-21,39.31,39.39,39.23,39.24,34.068,12100,0,0
2014-10-22,39.01,39.03,38.85,38.88,33.7555,12900,0,0
2014-10-23,38.71,38.71,38.48,38.68,33.5818,416100,0,0
2014-10-24,38.7,38.7,38.55,38.61,33.5211,414600,0,0
2014-10-27,38.53,38.59,38.5,38.52,33.4429,33500,0,0
2014-10-28,38.68,38.68,38.5,38.51,33.4342,19400,0,0
2014-10-29,38.39,38.5,37.94,38.03,33.0175,11700,0,0
2014-10-30,37.64,37.64,37.31,37.41,32.4792,10000,0,0
2014-10-31,36.19,36.59,36.17,36.56,31.7413,96600,0,0
2014-11-03,36.45,36.5,36.32,36.39,31.5937,14500,0,0
2014-11-04,36.42,36.47,36.34,36.36,31.5676,11300,0,0
2014-11-05,35.55,35.75,35.36,35.42,30.7515,32600,0,0
2014-11-06,35.46,35.62,35.44,35.48,30.8036,12300,0,0
2014-11-07,35.79,36.54,35.79,36.5,31.6892,46100,0,0
2014-11-10,36.2,36.21,35.66,35.67,30.9686,13100,0,0
2014-11-11,35.88,36.41,35.8,36.22,31.4461,22700,0,0
2014-11-12,36.16,36.22,35.96,36.01,31.2637,14000,0,0
2014-11-13,36.08,36.2,35.94,36.06,31.3072,10700,0,0
2014-11-14,35.76,37.19,35.69,37.17,32.2709,43800,0,0
2014-11-17,37.05,37.05,36.82,36.98,32.1059,26500,0,0
2014-11-18,37.2,37.25,37.13,37.23,32.323,14800,0,0
2014-11-19,37.24,37.44,36.59,36.91,32.0451,21600,0,0
2014-11-20,37.12,37.25,37,37.25,32.3403,19900,0,0
2014-11-21,37.51,37.65,37.24,37.46,32.5226,26700,0,0
2014-11-24,37.39,37.44,37.3,37.37,32.4445,18000,0,0
2014-11-25,37.48,37.58,37.4,37.52,32.5747,45700,0,0
2014-11-26,37.51,37.52,37.41,37.41,32.4792,34600,0,0
2014-11-28,36.69,36.69,36.02,36.03,31.2811,7300,0,0
2014-12-01,36.41,38.04,36.41,37.8,32.8178,27600,0,0
2014-12-02,37.49,37.49,37.14,37.31,32.3924,102100,0,0
2014-12-03,37.51,37.9,37.51,37.66,32.6963,56100,0,0
2014-12-04,37.7,37.72,37.52,37.63,32.6702,24100,0,0
2014-12-05,37.37,37.37,37.03,37.11,32.2188,40800,0,0
2014-12-08,37.22,37.57,37.13,37.51,32.566,28000,0,0
2014-12-09,38.02,38.75,37.98,38.47,33.3995,44400,0,0
2014-12-10,38.52,38.61,38.42,38.48,33.4082,18400,0,0
2014-12-11,38.16,38.56,38.16,38.34,33.2867,35200,0,0
2014-12-12,38.28,38.35,38.15,38.28,33.2346,71600,0,0
2014-12-15,37.82,38,37.04,37.08,32.1927,17700,0,0
2014-12-16,37.56,37.66,36.73,36.97,32.0972,54400,0,0
2014-12-17,37,37.18,36.71,36.78,31.9323,24100,0,0
2014-12-18,37.32,37.34,36.96,37.15,32.2535,20800,0,0
2014-12-19,37.14,37.24,37,37.08,32.1927,33600,0,0
2014-12-22,37.09,37.12,36.26,36.28,31.4982,64900,0,0
2014-12-23,36.38,36.54,36.31,36.34,31.5503,22900,0,0
2014-12-24,36.38,36.44,36.34,36.39,31.5937,20900,0,0
2014-12-26,37.13,37.15,37.06,37.06,32.1754,16300,0,0
2014-12-29,37.02,37.03,36.55,36.66,31.8281,62400,0,0
2014-12-30,37.17,37.57,37.12,37.3,32.3837,87300,0,0
2014-12-31,37.13,37.13,36.56,36.65,31.8194,15100,0,0
2015-01-02,36.26,36.91,36.2,36.76,31.9149,11600,0,0
2015-01-05,37.03,37.42,37.03,37.42,32.4879,36100,0,0
2015-01-06,37.61,38,37.49,37.92,32.922,219100,0,0
2015-01-07,37.88,37.89,37.72,37.76,32.7831,26000,0,0
2015-01-08,37.8,37.86,37.49,37.5,32.5574,15200,0,0
2015-01-09,37.73,37.91,37.73,37.91,32.9133,25700,0,0
2015-01-12,38.05,38.38,38.02,38.33,33.278,17800,0,0
2015-01-13,38.68,38.82,38.4,38.47,33.3995,29200,0,0
2015-01-14,38.65,38.7,38.31,38.31,33.2606,13300,0,0
2015-01-15,39.1,39.38,39.08,39.12,33.9638,49300,0,0
2015-01-16,39.45,40.13,39.45,39.93,34.6671,20300,0,0
2015-01-20,40.38,40.64,40.36,40.53,35.188,31600,0,0
2015-01-21,40.97,41.06,40.41,40.64,35.2835,42300,0,0
2015-01-22,40.92,41.02,40.66,41.02,35.6134,46400,0,0
2015-01-23,40.74,40.77,40.4,40.72,35.353,191200,0,0
2015-01-26,40.37,40.37,40.1,40.14,34.8494,21300,0,0
2015-01-27,40.45,40.66,40.43,40.61,35.2575,11200,0,0
2015-01-28,40.33,40.5,40.22,40.33,35.0144,48700,0,0
2015-01-29,39.68,39.71,38.86,39.06,33.9117,35600,0,0
2015-01-30,39.17,39.94,39.08,39.94,34.6758,9300,0,0
2015-02-02,39.46,39.88,39.46,39.62,34.3979,63500,0,0
2015-02-03,39.54,39.59,39.13,39.32,34.1375,205100,0,0
2015-02-04,39.53,39.79,39.4,39.48,34.2764,26400,0,0
2015-02-05,39.24,39.51,39.09,39.51,34.3024,35400,0,0
2015-02-06,38.65,38.7,38.24,38.42,33.3561,21500,0,0
2015-02-09,38.52,38.73,38.52,38.68,33.5818,18300,0,0
2015-02-10,38.42,38.64,38.34,38.44,33.3735,28400,0,0
2015-02-11,38.41,38.43,37.98,38.02,33.0088,5200,0,0
2015-02-12,38.18,38.23,38,38.08,33.0609,11700,0,0
2015-02-13,38.46,38.68,38.44,38.44,33.3735,38800,0,0
2015-02-17,37.66,37.67,37.39,37.51,32.566,17100,0,0
2015-02-18,37.52,37.76,37.2,37.6,32.6442,19600,0,0
2015-02-19,37.68,37.71,37.45,37.52,32.5747,43900,0,0
2015-02-20,37.53,37.53,37.17,37.22,32.3143,6700,0,0
2015-02-23,37.24,37.63,37.18,37.31,32.3924,39700,0,0
2015-02-24,37.18,37.34,36.92,37.23,32.323,34900,0,0
2015-02-25,37.62,37.62,37.4,37.49,32.5487,35600,0,0
2015-02-26,37.83,37.83,37.55,37.55,32.6008,49200,0,0
2015-02-27,37.79,38.05,37.63,37.63,32.6702,27500,0,0
2015-03-02,37.67,37.72,37.37,37.39,32.4619,32800,0,0
2015-03-03,37.51,37.63,37.23,37.23,32.323,626600,0,0
2015-03-04,37.42,37.42,37.13,37.17,32.2709,10100,0,0
2015-03-05,37.29,37.45,37.12,37.12,32.2274,6800,0,0
2015-03-06,36.51,36.53,36.07,36.13,31.3679,18400,0,0
2015-03-09,36.29,36.32,36.14,36.14,31.3766,3500,0,0
2015-03-10,36.15,36.34,35.78,35.94,31.203,18300,0,0
2015-03-11,35.89,35.89,35.47,35.69,30.9859,34600,0,0
2015-03-12,35.84,35.84,35.55,35.69,30.9859,17700,0,0
2015-03-13,35.84,35.84,35.65,35.76,31.0467,6200,0,0
2015-03-16,35.84,35.84,35.62,35.76,31.0467,6900,0,0
2015-03-17,35.42,35.85,35.42,35.57,30.8817,10800,0,0
2015-03-18,35.59,36.4,35.5,36.28,31.4982,14600,0,0
2015-03-19,36.13,36.42,36.11,36.4,31.6023,8300,0,0
2015-03-20,36.64,37.12,36.54,36.96,32.0885,12600,0,0
2015-03-23,37.03,37.32,37,37.3,32.3837,13600,0,0
2015-03-24,37.27,37.35,37.16,37.33,32.4098,9400,0,0
2015-03-25,37.58,37.58,37.39,37.39,32.4619,12100,0,0
2015-03-26,37.74,37.75,37.59,37.64,32.6789,26600,0,0
2015-03-27,37.58,37.58,37.38,37.42,32.4879,12900,0,0
2015-03-30,36.37,37.09,36.37,37.01,32.1319,28000,0,0
2015-03-31,37.03,37.14,36.86,36.93,32.0625,9900,0,0
2015-04-01,37.24,37.67,37.24,37.58,32.6268,3300,0,0
2015-04-02,37.48,37.49,37.27,37.42,32.4879,12000,0,0
2015-04-06,38.1,38.2,37.86,37.86,32.8699,5800,0,0
2015-04-07,37.77,37.77,37.64,37.7,32.731,7500,0,0
2015-04-08,37.61,37.62,37.17,37.35,32.4271,27900,0,0
2015-04-09,37.07,37.07,36.95,36.99,32.1146,17600,0,0
2015-04-10,37.51,37.56,37.31,37.45,32.514,9800,0,0
2015-04-13,37.24,37.24,37.13,37.16,32.2622,4200,0,0
2015-04-14,37.04,37.1,36.94,36.95,32.0799,3000,0,0
2015-04-15,37.05,37.32,36.87,37.23,32.323,42100,0,0
2015-04-16,37.02,37.23,37.02,37.12,32.2274,6100,0,0
2015-04-17,37.28,37.3,37.17,37.25,32.3403,6300,0,0
2015-04-20,36.97,36.98,36.78,36.91,32.0451,15200,0,0
2015-04-21,36.88,37.12,36.88,37.08,32.1927,6600,0,0
2015-04-22,36.89,36.89,36.57,36.58,31.7586,14900,0,0
2015-04-23,36.78,36.91,36.72,36.82,31.967,8800,0,0
2015-04-24,36.54,36.54,36.26,36.35,31.5589,40900,0,0
2015-04-27,36.62,37.39,36.62,37.26,32.349,20100,0,0
2015-04-28,37.45,37.64,37.45,37.64,32.6789,18500,0,0
2015-04-29,37.56,37.63,37.32,37.32,32.4011,3200,0,0
2015-04-30,36.55,36.68,36.5,36.66,31.8281,10600,0,0
2015-05-01,36.31,36.48,36.3,36.46,31.6544,5200,0,0
2015-05-04,37.02,37.12,36.87,36.89,32.0278,54700,0,0
2015-05-05,37.33,37.33,37.06,37.12,32.2274,12500,0,0
2015-05-06,37.1,37.1,36.97,37.03,32.1493,6900,0,0
2015-05-07,36.86,36.87,36.67,36.72,31.8802,7400,0,0
2015-05-08,36.83,36.96,36.83,36.92,32.0538,25600,0,0
2015-05-11,36.93,36.95,36.66,36.7,31.8628,13700,0,0
2015-05-12,36.99,37.11,36.93,37.11,32.2188,2500,0,0
2015-05-13,38,38.02,37.86,37.86,32.8699,8900,0,0
2015-05-14,38.26,38.35,38.17,38.22,33.1825,11300,0,0
2015-05-15,38.24,38.35,38.23,38.35,33.2953,8700,0,0
2015-05-18,38.48,38.5,38.36,38.39,33.3301,6200,0,0
2015-05-19,38.06,38.06,37.62,37.72,32.7484,10000,0,0
2015-05-20,37.81,37.86,37.73,37.78,32.8005,43600,0,0
2015-05-21,37.61,37.68,37.61,37.67,32.705,2200,0,0
2015-05-22,37.6,37.69,37.54,37.6,32.6442,14500,0,0
2015-05-26,36.98,37.13,36.98,37.03,32.1493,83300,0,0
2015-05-27,36.87,37.01,36.86,36.98,32.1059,11100,0,0
2015-05-28,36.95,37.08,36.77,36.99,32.1146,10400,0,0
2015-05-29,37.05,37.15,37.03,37.08,32.1927,6400,0,0
2015-06-01,37.4,37.55,37.01,37.08,32.1927,16300,0,0
2015-06-02,37.21,37.24,37.13,37.23,32.323,316100,0,0
2015-06-03,36.98,37.03,36.75,36.85,31.993,7400,0,0
2015-06-04,36.52,36.52,36.31,36.49,31.6805,7200,0,0
2015-06-05,36.04,36.28,36.04,36.27,31.4895,5700,0,0
2015-06-08,36.27,36.34,36.22,36.34,31.5503,4200,0,0
2015-06-09,36.52,36.52,36.35,36.39,31.5937,5500,0,0
2015-06-10,36.71,36.71,36.62,36.64,31.8107,4400,0,0
2015-06-11,36.45,36.54,36.36,36.49,31.6805,19500,0,0
2015-06-12,36.45,36.45,36.38,36.45,31.6458,6800,0,0
2015-06-15,36.47,36.76,36.47,36.68,31.8454,1900,0,0
2015-06-16,36.41,36.5,36.32,36.5,31.6892,5100,0,0
2015-06-17,36.42,36.76,36.33,36.74,31.8975,15700,0,0
2015-06-18,37.15,37.24,37.01,37.08,32.1927,5700,0,0
2015-06-19,37.12,37.13,36.91,37,32.1233,21000,0,0
2015-06-22,36.65,36.72,36.58,36.64,31.8107,4000,0,0
2015-06-23,36.38,36.38,36.18,36.28,31.4982,3100,0,0
2015-06-24,36.23,36.27,36.15,36.26,31.4808,15500,0,0
2015-06-25,36.21,36.24,36.18,36.24,31.4634,6300,0,0
2015-06-26,36.11,36.23,36.11,36.21,31.4374,4900,0,0
2015-06-29,36.2,36.31,36.18,36.31,31.5242,18000,0,0
2015-06-30,36,36.32,35.83,36.09,31.3332,11600,0,0
2015-07-01,35.99,36.05,35.94,35.96,31.2203,12500,0,0
2015-07-02,35.88,35.9,35.83,35.89,31.1596,7100,0,0
2015-07-06,35.85,36.16,35.84,35.96,31.2203,562900,0,0
2015-07-07,35.54,35.54,35.19,35.4,30.7342,6600,0,0
2015-07-08,35.58,35.63,35.48,35.48,30.8036,8800,0,0
2015-07-09,35.81,35.81,35.63,35.72,31.012,9100,0,0
2015-07-10,35.7,35.76,35.66,35.76,31.0467,2000,0,0
2015-07-13,35.51,35.61,35.51,35.61,30.9165,1400,0,0
2015-07-14,35.6,35.61,35.48,35.49,30.8123,3200,0,0
2015-07-15,35.14,35.23,35.09,35.19,30.5518,3600,0,0
2015-07-16,35.04,35.13,35.02,35.06,30.439,7000,0,0
2015-07-17,34.74,34.77,34.66,34.71,30.1351,9700,0,0
2015-07-20,34.12,34.19,33.87,33.87,29.4058,38100,0,0
2015-07-21,33.96,34.13,33.81,33.81,29.3537,11300,0,0
2015-07-22,33.51,33.71,33.49,33.67,29.2322,4900,0,0
2015-07-23,33.73,33.74,33.44,33.52,29.1019,8000,0,0
2015-07-24,33.22,33.77,33.19,33.74,29.2929,13600,0,0
2015-07-27,33.65,33.72,33.57,33.57,29.1454,8700,0,0
2015-07-28,33.66,33.74,33.63,33.67,29.2322,18600,0,0
2015-07-29,33.6,33.88,33.58,33.76,29.3103,8100,0,0
2015-07-30,33.45,33.69,33.4,33.54,29.1193,10000,0,0
2015-07-31,33.89,33.92,33.64,33.66,29.2235,17200,0,0
2015-08-03,33.57,33.63,33.32,33.34,28.9457,12300,0,0
2015-08-04,33.54,33.56,33.39,33.45,29.0412,3400,0,0
2015-08-05,33.5,33.52,33.31,33.31,28.9196,27200,0,0
2015-08-06,33.4,33.65,33.4,33.49,29.0759,7400,0,0
2015-08-07,33.61,33.83,33.61,33.64,29.2061,4600,0,0
2015-08-10,33.89,34.24,33.88,34.14,29.6402,146500,0,0
2015-08-11,34.31,34.32,34.14,34.3,29.7791,6200,0,0
2015-08-12,34.55,34.81,34.55,34.75,30.1698,9400,0,0
2015-08-13,34.5,34.54,34.44,34.48,29.9354,6200,0,0
2015-08-14,34.54,34.69,34.34,34.34,29.8139,1400,0,0
2015-08-17,34.48,34.54,34.46,34.5,29.9528,14300,0,0
2015-08-18,34.07,34.32,34.07,34.3,29.7791,28000,0,0
2015-08-19,34.52,34.89,34.52,34.84,30.248,19600,0,0
2015-08-20,35.26,35.51,35.26,35.42,30.7515,50900,0,0
2015-08-21,35.56,35.56,35.25,35.54,30.8557,36300,0,0
2015-08-24,35.37,35.45,34.99,35.15,30.5171,8800,0,0
2015-08-25,35.18,35.18,34.56,34.71,30.1351,59600,0,0
2015-08-26,34.16,34.21,33.86,34.1,29.6055,31100,0,0
2015-08-27,34,34.38,34,34.23,29.7184,60300,0,0
2015-08-28,34.14,34.65,34.14,34.54,29.9875,20500,0,0
2015-08-31,34.34,34.62,34.34,34.62,30.057,8500,0,0
2015-09-01,34.8,34.88,34.65,34.73,30.1525,9700,0,0
2015-09-02,34.8,34.82,34.49,34.58,30.0222,44400,0,0
2015-09-03,34.28,34.56,34.27,34.34,29.8139,25200,0,0
2015-09-04,34.16,34.25,34.13,34.24,29.727,4700,0,0
2015-09-08,34.24,34.46,34.24,34.33,29.8052,39100,0,0
2015-09-09,34.07,34.13,33.72,33.86,29.3971,55500,0,0
2015-09-10,34.06,34.24,33.96,33.96,29.4839,24000,0,0
2015-09-11,33.67,33.91,33.54,33.91,29.4405,27400,0,0
2015-09-14,33.71,33.82,33.71,33.79,29.3364,2300,0,0
2015-09-15,33.71,33.71,33.66,33.67,29.2322,2600,0,0
2015-09-16,34.04,34.4,34.04,34.35,29.8225,8700,0,0
2015-09-17,34.23,34.82,33.91,34.8,30.2132,5900,0,0
2015-09-18,34.99,34.99,34.85,34.92,30.3174,5900,0,0
2015-09-21,34.78,34.83,34.77,34.79,30.2046,14000,0,0
2015-09-22,34.35,34.4,34.35,34.4,29.866,3700,0,0
2015-09-23,34.65,34.65,34.5,34.5,29.9528,4500,0,0
2015-09-24,34.94,35.34,34.94,35.21,30.5692,7600,0,0
2015-09-25,35,35.13,35,35.09,30.465,3300,0,0
2015-09-28,34.5,34.56,34.46,34.46,29.918,37500,0,0
2015-09-29,34.52,34.52,34.39,34.42,29.8833,3300,0,0
2015-09-30,34.05,34.13,33.97,34.03,29.5447,10300,0,0
2015-10-01,34.15,34.15,33.96,34,29.5187,6200,0,0
2015-10-02,34.47,34.95,34.47,34.9,30.3001,29000,0,0
2015-10-05,35.11,35.11,34.98,35.04,30.4216,10100,0,0
2015-10-06,35.42,35.58,35.38,35.4,30.7342,34100,0,0
2015-10-07,35.49,35.6,35.37,35.46,30.7862,6300,0,0
2015-10-08,35.27,35.46,35.16,35.16,30.5258,2500,0,0
2015-10-09,35.61,35.72,35.53,35.67,30.9686,164400,0,0
2015-10-12,35.88,36,35.76,35.77,31.0554,12100,0,0
2015-10-13,35.91,35.96,35.87,35.96,31.2203,7100,0,0
2015-10-14,36.22,36.56,36.22,36.56,31.7413,6600,0,0
2015-10-15,36.42,36.55,36.32,36.5,31.6892,20900,0,0
2015-10-16,36.2,36.47,36.16,36.16,31.394,181800,0,0
2015-10-19,36.18,36.23,35.94,35.96,31.2203,11300,0,0
2015-10-20,36.11,36.31,36.04,36.21,31.4374,33100,0,0
2015-10-21,35.87,35.87,35.8,35.85,31.1248,4500,0,0
2015-10-22,35.81,35.92,35.81,35.88,31.1509,9500,0,0
2015-10-23,35.78,35.91,35.75,35.83,31.1075,13900,0,0
2015-10-26,35.93,36.01,35.8,35.82,31.0988,9100,0,0
2015-10-27,35.88,35.94,35.53,35.89,31.1596,17500,0,0
2015-10-28,36.2,36.5,35.57,35.75,31.038,20200,0,0
2015-10-29,35.49,35.52,35.25,35.26,30.6126,6500,0,0
2015-10-30,35.17,35.19,35.09,35.11,30.4824,232000,0,0
2015-11-02,34.89,34.94,34.8,34.87,30.274,44400,0,0
2015-11-03,34.61,34.61,34.31,34.38,29.8486,114300,0,0
2015-11-04,34.35,34.39,34.02,34.04,29.5534,14600,0,0
2015-11-05,34.03,34.06,33.89,33.89,29.4232,9200,0,0
2015-11-06,32.42,33.52,32.1,33.39,28.9891,26900,0,0
2015-11-09,33.09,33.42,33.09,33.38,28.9804,23900,0,0
2015-11-10,33.22,33.4,33.16,33.24,28.8588,21200,0,0
2015-11-11,33.2,33.24,33.1,33.1,28.7373,15300,0,0
2015-11-12,32.87,33.11,32.87,33.11,28.746,13500,0,0
2015-11-13,32.98,33.06,32.98,33,28.6505,8400,0,0
2015-11-16,33.12,33.15,33.03,33.1,28.7373,252300,0,0
2015-11-17,32.97,32.97,32.59,32.74,28.4247,45500,0,0
2015-11-18,32.63,32.76,32.59,32.72,28.4074,6800,0,0
2015-11-19,32.88,33.2,32.88,33.05,28.6939,9800,0,0
2015-11-20,33.03,33.04,32.82,32.82,28.4942,88600,0,0
2015-11-23,32.65,32.66,32.57,32.61,28.3119,11800,0,0
2015-11-24,32.93,32.93,32.76,32.88,28.5463,33500,0,0
2015-11-25,32.68,33.07,32.62,32.78,28.4595,14400,0,0
2015-11-27,32.32,32.47,32.26,32.41,28.1382,4500,0,0
2015-11-30,32.44,32.67,32.44,32.54,28.2511,26500,0,0
2015-12-01,32.66,32.69,32.53,32.68,28.3727,10400,0,0
2015-12-02,32.41,32.41,32.19,32.19,27.9472,31300,0,0
2015-12-03,32.35,32.55,32.23,32.49,28.2077,38100,0,0
2015-12-04,32.86,33.33,32.86,33.3,28.9109,22000,0,0
2015-12-07,33.06,33.06,32.78,32.8,28.4768,5800,0,0
2015-12-08,32.93,32.93,32.73,32.79,28.4682,31800,0,0
2015-12-09,33.06,33.06,32.7,32.74,28.4247,5200,0,0
2015-12-10,32.77,32.8,32.68,32.68,28.3727,40100,0,0
2015-12-11,32.4,32.81,32.4,32.74,28.4247,45800,0,0
2015-12-14,32.61,32.61,32.25,32.28,28.0254,40200,0,0
2015-12-15,32.32,32.37,32.23,32.29,28.0341,5300,0,0
2015-12-16,32.76,32.95,32.62,32.78,28.4595,10100,0,0
2015-12-17,32.14,32.14,31.93,32,27.7823,106000,0,0
2015-12-18,32.27,32.67,32.27,32.52,28.2337,58600,0,0
2015-12-21,32.88,33.02,32.87,32.9,28.5637,33100,0,0
2015-12-22,32.94,32.94,32.75,32.77,28.4508,48000,0,0
2015-12-23,32.71,32.73,32.67,32.7,28.39,26800,0,0
2015-12-24,32.85,32.91,32.85,32.9,28.5637,4600,0,0
2015-12-28,32.59,32.62,32.42,32.49,28.2077,7600,0,0
2015-12-29,32.55,32.6,32.46,32.46,28.1817,44300,0,0
2015-12-30,32.24,32.34,32.16,32.23,27.982,27500,0,0
2015-12-31,32.25,32.3,32.22,32.22,27.9733,12600,0,0
2016-01-04,32.81,32.95,32.55,32.6,28.3032,6600,0,0
2016-01-05,32.75,32.81,32.67,32.76,28.4421,32300,0,0
2016-01-06,33.14,33.17,32.98,33.17,28.7981,10300,0,0
2016-01-07,33.47,33.72,33.43,33.66,29.2235,9600,0,0
2016-01-08,33.35,33.45,33.31,33.35,28.9543,4800,0,0
2016-01-11,33.39,33.39,33.07,33.07,28.7113,6700,0,0
2016-01-12,32.9,33.01,32.8,32.96,28.6157,6200,0,0
2016-01-13,32.89,33.24,32.89,33.24,28.8588,7700,0,0
2016-01-14,32.81,32.86,32.47,32.61,28.3119,10200,0,0
2016-01-15,33.17,33.17,32.89,32.89,28.555,225500,0,0
2016-01-19,33.01,33.14,32.93,32.99,28.6418,11800,0,0
2016-01-20,33.27,33.48,33.27,33.37,28.9717,28800,0,0
2016-01-21,33.18,33.37,33.07,33.36,28.963,8300,0,0
2016-01-22,33.44,33.47,33.19,33.28,28.8936,32200,0,0
2016-01-25,33.58,33.64,33.52,33.64,29.2061,11200,0,0
2016-01-26,33.79,34.1,33.79,34.09,29.5968,50000,0,0
2016-01-27,33.91,34.21,33.87,34.2,29.6923,5200,0,0
2016-01-28,33.72,33.83,33.72,33.78,29.3277,22600,0,0
2016-01-29,33.71,33.85,33.68,33.79,29.3364,7000,0,0
2016-02-01,34.03,34.19,34.03,34.19,29.6836,50700,0,0
2016-02-02,34.1,34.2,34.04,34.17,29.6663,17400,0,0
2016-02-03,34.21,34.76,34.21,34.6,30.0396,34700,0,0
2016-02-04,34.99,35.08,34.89,35.06,30.439,3700,0,0
2016-02-05,34.88,35.6,34.81,35.6,30.9078,6300,0,0
2016-02-08,36.11,36.45,36.03,36.12,31.3593,24900,0,0
2016-02-09,36.32,36.35,35.96,36.09,31.3332,13300,0,0
2016-02-10,36.06,36.24,35.97,36.22,31.4461,18300,0,0
2016-02-11,37.48,38.12,37.44,37.59,32.6355,15100,0,0
2016-02-12,37.43,37.54,37.32,37.49,32.5487,10400,0,0
2016-02-16,36.57,36.79,36.33,36.33,31.5416,357100,0,0
2016-02-17,36.49,36.66,36.49,36.51,31.6978,6800,0,0
2016-02-18,36.52,37.42,36.52,37.35,32.4271,9900,0,0
2016-02-19,37.01,37.26,36.95,37.13,32.2361,4900,0,0
2016-02-22,36.49,36.64,36.45,36.46,31.6544,33200,0,0
2016-02-23,36.88,37,36.84,36.94,32.0712,6400,0,0
2016-02-24,37.5,37.79,36.97,37.03,32.1493,8400,0,0
2016-02-25,36.97,37.36,36.93,37.22,32.3143,232200,0,0
2016-02-26,36.92,36.94,36.26,36.66,31.8281,36800,0,0
2016-02-29,36.77,37.16,36.77,37.13,32.2361,19200,0,0
2016-03-01,37.2,37.2,36.76,36.89,32.0278,712500,0,0
2016-03-02,37.09,37.43,37.01,37.22,32.3143,78100,0,0
2016-03-03,37.29,38.03,37.29,37.89,32.896,67600,0,0
2016-03-04,38.06,38.51,37.95,38,32.9915,48000,0,0
2016-03-07,38.18,38.31,37.98,38.19,33.1564,39300,0,0
2016-03-08,38.26,38.34,37.88,37.88,32.8873,13000,0,0
2016-03-09,37.5,37.85,37.44,37.58,32.6268,40000,0,0
2016-03-10,37.9,38.34,37.89,38.26,33.2172,81100,0,0
2016-03-11,38.18,38.27,37.62,37.63,32.6702,26900,0,0
2016-03-14,37.89,37.89,37.12,37.19,32.2882,55100,0,0
2016-03-15,37.11,37.21,37.04,37.16,32.2622,20900,0,0
2016-03-16,37.04,38.05,37.01,38.04,33.0262,18000,0,0
2016-03-17,38.3,38.33,38.03,38.03,33.0175,16600,0,0
2016-03-18,37.83,38,37.83,37.93,32.9307,19100,0,0
2016-03-21,37.71,37.78,37.67,37.68,32.7136,7600,0,0
2016-03-22,38.01,38.01,37.76,37.84,32.8526,5400,0,0
2016-03-23,36.87,36.95,36.79,36.82,31.967,20900,0,0
2016-03-24,36.86,36.88,36.7,36.7,31.8628,5400,0,0
2016-03-28,36.87,36.96,36.71,36.79,31.9409,6900,0,0
2016-03-29,37,37.42,36.88,37.41,32.4792,50200,0,0
2016-03-30,37.23,37.28,36.86,36.9,32.0364,6500,0,0
2016-03-31,37.36,37.36,37.16,37.21,32.3056,14600,0,0
2016-04-01,36.59,36.82,36.44,36.79,31.9409,8800,0,0
2016-04-04,36.72,36.72,36.53,36.53,31.7152,59500,0,0
2016-04-05,37.1,37.1,36.88,37.04,32.158,54900,0,0
2016-04-06,36.73,36.9,36.62,36.78,31.9323,7100,0,0
2016-04-07,37.35,37.4,37.15,37.28,32.3664,38900,0,0
2016-04-08,37.15,37.43,37.15,37.32,32.4011,41800,0,0
2016-04-11,37.77,38.1,37.77,38.03,33.0175,8400,0,0
2016-04-12,38.09,38.22,38,38.19,33.1564,7200,0,0
2016-04-13,38.05,38.05,37.83,37.87,32.8786,11500,0,0
2016-04-14,37.64,37.64,37.34,37.37,32.4445,11600,0,0
2016-04-15,37.43,37.64,37.42,37.64,32.6789,8500,0,0
2016-04-18,37.81,37.81,37.52,37.57,32.6181,8000,0,0
2016-04-19,38.45,38.48,38.35,38.35,33.2953,7300,0,0
2016-04-20,38.5,38.54,38.21,38.22,33.1825,28400,0,0
2016-04-21,38.72,38.72,38.25,38.37,33.3127,6900,0,0
2016-04-22,38.23,38.36,37.78,37.96,32.9567,10100,0,0
2016-04-25,38.05,38.18,38.03,38.04,33.0262,15000,0,0
2016-04-26,38.12,38.24,38.12,38.21,33.1738,4300,0,0
2016-04-27,38.42,38.52,38.3,38.33,33.278,106300,0,0
2016-04-28,38.63,39.14,38.63,39.09,33.9378,32800,0,0
2016-04-29,39.55,39.95,39.55,39.85,34.5976,54000,0,0
2016-05-02,39.9,39.91,39.53,39.6,34.3806,48400,0,0
2016-05-03,39.73,39.73,39.34,39.45,34.2503,72600,0,0
2016-05-04,39.45,39.48,39.02,39.24,34.068,164200,0,0
2016-05-05,39.44,39.46,38.97,39.21,34.042,20400,0,0
2016-05-06,39.43,39.72,39.43,39.53,34.3198,67600,0,0
2016-05-09,38.81,38.89,38.65,38.65,33.5558,13300,0,0
2016-05-10,38.75,38.92,38.64,38.79,33.6773,15500,0,0
2016-05-11,39.17,39.27,39.05,39.25,34.0767,44400,0,0
2016-05-12,39.22,39.26,38.8,38.84,33.7207,463300,0,0
2016-05-13,38.8,39.03,38.69,38.97,33.8336,5100,0,0
2016-05-16,39.44,39.44,38.93,39.01,33.8683,12300,0,0
2016-05-17,38.95,39.29,38.95,39.21,34.042,44200,0,0
2016-05-18,38.82,38.98,38.44,38.44,33.3735,103200,0,0
2016-05-19,37.93,38.26,37.93,38.23,33.1911,73600,0,0
2016-05-20,38.36,38.36,38.09,38.18,33.1477,5500,0,0
2016-05-23,37.92,38.14,37.88,38.06,33.0436,5000,0,0
2016-05-24,37.69,37.78,37.42,37.42,32.4879,17700,0,0
2016-05-25,37.3,37.41,37.22,37.37,32.4445,36400,0,0
2016-05-26,37.66,37.66,37.23,37.26,32.349,17500,0,0
2016-05-27,37.12,37.18,36.9,36.99,32.1146,16300,0,0
2016-05-31,36.96,37.08,36.91,36.98,32.1059,43000,0,0
2016-06-01,36.95,37.03,36.72,37.03,32.1493,70000,0,0
2016-06-02,36.9,36.98,36.87,36.87,32.0104,15100,0,0
2016-06-03,37.8,37.89,37.72,37.88,32.8873,105100,0,0
2016-06-06,37.89,38.01,37.83,37.95,32.9481,39400,0,0
2016-06-07,37.8,37.99,37.75,37.87,32.8786,25100,0,0
2016-06-08,38.54,38.68,38.54,38.65,33.5558,16900,0,0
2016-06-09,38.68,38.97,38.68,38.95,33.8162,11400,0,0
2016-06-10,39,39.12,38.91,39.05,33.9031,9900,0,0
2016-06-13,39.41,39.41,39.15,39.32,34.1375,14400,0,0
2016-06-14,39.47,39.47,39.23,39.35,34.1635,35300,0,0
2016-06-15,39.38,39.64,39.34,39.63,34.4066,14900,0,0
2016-06-16,40.17,40.27,39.09,39.09,33.9378,813400,0,0
2016-06-17,39.49,39.76,39.39,39.73,34.4934,505400,0,0
2016-06-20,39.29,39.59,39.25,39.58,34.3632,274800,0,0
2016-06-21,39.04,39.13,38.81,38.84,33.7207,111200,0,0
2016-06-22,38.79,38.95,38.77,38.86,33.7381,29000,0,0
2016-06-23,38.79,38.91,38.69,38.69,33.5905,65600,0,0
2016-06-24,40.57,40.62,40.18,40.44,35.1099,128800,0,0
2016-06-27,40.53,40.62,40.33,40.53,35.188,242400,0,0
2016-06-28,40.27,40.36,40.15,40.23,34.9275,301300,0,0
2016-06-29,40.6,40.88,40.54,40.57,35.2227,105300,0,0
2016-06-30,40.65,40.94,40.56,40.94,35.544,214000,0,0
2016-07-01,41.51,41.89,41.47,41.87,36.3514,633300,0,0
2016-07-05,42.04,42.28,41.8,42.24,36.6726,444000,0,0
2016-07-06,42.54,42.71,42.36,42.47,36.8723,146200,0,0
2016-07-07,42.27,42.28,41.89,42.16,36.6032,192500,0,0
2016-07-08,42.21,42.6,42,42.6,36.9852,526300,0,0
2016-07-11,42.36,42.51,42.26,42.3,36.7247,55800,0,0
2016-07-12,42.16,42.16,41.6,41.7,36.2038,107100,0,0
2016-07-13,42.02,42.11,41.85,42.11,36.5598,41800,0,0
2016-07-14,41.49,41.79,41.34,41.79,36.2819,33300,0,0
2016-07-15,41.48,41.67,41.4,41.57,36.0909,80900,0,0
2016-07-18,41.54,41.65,41.46,41.64,36.1517,231700,0,0
2016-07-19,41.48,41.61,41.46,41.59,36.1083,56300,0,0
2016-07-20,40.93,41.14,40.86,40.86,35.4745,109200,0,0
2016-07-21,40.93,41.6,40.93,41.58,36.0996,69600,0,0
2016-07-22,41.3,41.3,41.1,41.21,35.7784,10300,0,0
2016-07-25,40.93,41.17,40.82,40.94,35.544,28700,0,0
2016-07-26,41.15,41.17,41.07,41.14,35.7176,8900,0,0
2016-07-27,41.44,42.03,41.24,42.03,36.4903,39000,0,0
2016-07-28,41.87,41.95,41.61,41.8,36.2906,32600,0,0
2016-07-29,41.95,42.3,41.82,42.28,36.7073,224300,0,0
2016-08-01,42.18,42.31,42.08,42.27,36.6987,111800,0,0
2016-08-02,42.61,42.74,42.54,42.63,37.0112,52900,0,0
2016-08-03,42.51,42.51,42.25,42.34,36.7594,141700,0,0
2016-08-04,42.39,42.49,42.35,42.35,36.7681,42000,0,0
2016-08-05,41.83,41.83,41.47,41.49,36.0215,51000,0,0
2016-08-08,41.39,41.58,41.39,41.5,36.0302,19500,0,0
2016-08-09,41.58,41.71,41.56,41.69,36.1951,42600,0,0
2016-08-10,42.18,42.18,41.9,41.96,36.4295,75900,0,0
2016-08-11,41.98,42.12,41.6,41.65,36.1604,43200,0,0
2016-08-12,42.08,42.1,41.39,41.44,35.9781,26600,0,0
2016-08-15,41.52,41.67,41.5,41.55,36.0736,109000,0,0
2016-08-16,41.58,41.84,41.55,41.7,36.2038,174300,0,0
2016-08-17,41.61,41.74,41.05,41.65,36.1604,163800,0,0
2016-08-18,41.79,41.87,41.7,41.81,36.2993,64400,0,0
2016-08-19,41.38,41.53,41.3,41.33,35.8826,266800,0,0
2016-08-22,41.05,41.12,40.93,41.05,35.6395,95000,0,0
2016-08-23,41.17,41.23,41,41.03,35.6221,53500,0,0
2016-08-24,40.68,40.68,40.46,40.51,35.1706,36200,0,0
2016-08-25,40.33,40.48,40.33,40.4,35.0751,56300,0,0
2016-08-26,40.7,41.44,40.34,40.38,35.0578,79500,0,0
2016-08-29,40.43,40.59,40.36,40.57,35.2227,74600,0,0
2016-08-30,40.38,40.44,40.11,40.13,34.8407,31000,0,0
2016-08-31,40.11,40.22,40.07,40.12,34.832,72100,0,0
2016-09-01,40.11,40.37,40.04,40.3,34.9883,98000,0,0
2016-09-02,40.73,40.84,40.55,40.84,35.4571,177000,0,0
2016-09-06,41.18,41.81,41.14,41.76,36.2559,57300,0,0
2016-09-07,41.73,41.73,41.44,41.54,36.0649,65100,0,0
2016-09-08,41.54,41.58,41.2,41.24,35.8044,19100,0,0
2016-09-09,41.1,41.1,40.82,40.82,35.4398,16200,0,0
2016-09-12,40.67,40.87,40.52,40.77,35.3964,14800,0,0
2016-09-13,40.74,40.74,40.4,40.43,35.1012,12000,0,0
2016-09-14,40.57,40.74,40.57,40.63,35.2748,35900,0,0
2016-09-15,40.46,40.62,40.28,40.46,35.1272,54900,0,0
2016-09-16,40.16,40.26,40.11,40.24,34.9362,16900,0,0
2016-09-19,40.56,40.58,40.44,40.47,35.1359,14100,0,0
2016-09-20,40.44,40.59,40.43,40.52,35.1793,18200,0,0
2016-09-21,40.98,41.28,40.88,41.24,35.8044,17000,0,0
2016-09-22,41.47,41.62,41.4,41.4,35.9433,32200,0,0
2016-09-23,41.36,41.47,41.26,41.3,35.8565,19200,0,0
2016-09-26,41.42,41.42,41.13,41.19,35.761,24900,0,0
2016-09-27,40.98,40.98,40.73,40.82,35.4398,23300,0,0
2016-09-28,40.66,40.75,40.56,40.73,35.3616,18600,0,0
2016-09-29,40.6,40.78,40.55,40.64,35.2835,47600,0,0
2016-09-30,41.03,41.03,40.49,40.61,35.2575,64600,0,0
2016-10-03,40.41,40.5,40.23,40.29,34.9796,67300,0,0
2016-10-04,39.62,39.62,38.72,38.79,33.6773,370000,0,0
2016-10-05,38.89,38.89,38.5,38.72,33.6166,113400,0,0
2016-10-06,38.26,38.29,38.01,38.2,33.1651,80500,0,0
2016-10-07,38.53,38.55,37.84,38.3,33.2519,53300,0,0
2016-10-10,38.53,38.58,38.4,38.46,33.3908,630200,0,0
2016-10-11,38.37,38.41,38.21,38.24,33.1998,217100,0,0
2016-10-12,38.29,38.41,38.14,38.29,33.2432,189600,0,0
2016-10-13,38.35,38.47,38.29,38.35,33.2953,140800,0,0
2016-10-14,38.15,38.37,38.14,38.14,33.113,111000,0,0
2016-10-17,38.25,38.31,38.22,38.23,33.1911,36800,0,0
2016-10-18,38.45,38.56,38.33,38.52,33.4429,55300,0,0
2016-10-19,38.77,38.83,38.67,38.73,33.6252,35400,0,0
2016-10-20,38.8,38.9,38.52,38.54,33.4603,135900,0,0
2016-10-21,38.57,38.61,38.49,38.57,33.4863,24800,0,0
2016-10-24,38.81,38.81,38.36,38.48,33.4082,112600,0,0
2016-10-25,38.65,38.88,38.6,38.82,33.7034,35200,0,0
2016-10-26,38.74,38.85,38.56,38.56,33.4776,29300,0,0
2016-10-27,38.65,38.7,38.57,38.68,33.5818,57000,0,0
2016-10-28,38.8,39.13,38.61,38.87,33.7468,29700,0,0
2016-10-31,38.85,39.02,38.81,39.01,33.8683,126900,0,0
2016-11-01,39.37,39.57,39.37,39.42,34.2243,77500,0,0
2016-11-02,39.8,40.06,39.7,39.7,34.4674,228000,0,0
2016-11-03,39.49,39.81,39.49,39.79,34.5455,19800,0,0
2016-11-04,39.84,39.93,39.75,39.85,34.5976,19200,0,0
2016-11-07,39.35,39.35,39.04,39.21,34.042,66300,0,0
2016-11-08,39.21,39.52,39.05,39.11,33.9552,43600,0,0
2016-11-09,40.03,40.03,38.97,39.07,33.9204,517900,0,0
2016-11-10,39.2,39.2,38.56,38.67,33.5732,139200,0,0
2016-11-11,38.56,38.56,37.17,37.45,32.514,152100,0,0
2016-11-14,37.07,37.22,36.75,36.95,32.0799,89500,0,0
2016-11-15,37.05,37.32,37.05,37.31,32.3924,91900,0,0
2016-11-16,37.41,37.41,37.15,37.18,32.2795,32000,0,0
2016-11-17,37.25,37.32,36.73,36.89,32.0278,85600,0,0
2016-11-18,36.69,36.81,36.44,36.61,31.7847,23400,0,0
2016-11-21,36.79,36.86,36.65,36.72,31.8802,72800,0,0
2016-11-22,36.8,36.83,36.63,36.74,31.8975,20400,0,0
2016-11-23,36.22,36.22,35.95,36.04,31.2898,56300,0,0
2016-11-25,36.13,36.14,35.87,35.92,31.1856,48700,0,0
2016-11-28,36.12,36.31,35.95,36.29,31.5068,24700,0,0
2016-11-29,36.05,36.2,36.04,36.15,31.3853,36300,0,0
2016-11-30,35.97,35.97,35.65,35.75,31.038,71800,0,0
2016-12-01,35.54,35.79,35.31,35.67,30.9686,126500,0,0
2016-12-02,35.8,35.95,35.77,35.88,31.1509,239700,0,0
2016-12-05,35.57,35.92,35.35,35.74,31.0293,67100,0,0
2016-12-06,35.74,35.89,35.66,35.68,30.9772,16900,0,0
2016-12-07,36.08,36.17,35.98,35.98,31.2377,23100,0,0
2016-12-08,35.96,35.96,35.86,35.87,31.1422,18500,0,0
2016-12-09,35.76,35.78,35.45,35.53,30.847,32100,0,0
2016-12-12,35.66,35.82,35.59,35.7,30.9946,23000,0,0
2016-12-13,35.73,35.73,35.41,35.52,30.8383,34000,0,0
2016-12-14,35.73,35.79,35.01,35.08,30.4563,77700,0,0
2016-12-15,34.51,34.54,34.27,34.35,29.8225,25400,0,0
2016-12-16,34.52,34.8,34.41,34.6,30.0396,60300,0,0
2016-12-19,34.69,34.74,34.59,34.65,30.083,34500,0,0
2016-12-20,34.27,34.54,34.22,34.5,29.9528,56700,0,0
2016-12-21,34.62,34.65,34.39,34.44,29.9007,135700,0,0
2016-12-22,34.36,34.51,34.29,34.29,29.7705,189700,0,0
2016-12-23,34.35,34.47,34.33,34.33,29.8052,20400,0,0
2016-12-27,34.56,34.64,34.51,34.59,30.0309,56800,0,0
2016-12-28,34.52,34.74,34.52,34.71,30.1351,59800,0,0
2016-12-29,34.79,35.2,34.79,35.17,30.5345,28700,0,0
2016-12-30,35.17,35.25,34.85,34.85,30.2566,104000,0,0
2017-01-03,34.92,35.49,34.87,35.28,30.63,94600,0,0
2017-01-04,35.5,35.53,35.33,35.43,30.7602,23200,0,0
2017-01-05,35.83,36.01,35.8,35.92,31.1856,98300,0,0
2017-01-06,35.73,35.79,35.6,35.68,30.9772,14800,0,0
2017-01-09,35.81,36.01,35.78,35.93,31.1943,93800,0,0
2017-01-10,36.12,36.21,36.03,36.16,31.394,10800,0,0
2017-01-11,35.99,36.4,35.82,36.22,31.4461,13700,0,0
2017-01-12,36.51,36.66,36.33,36.34,31.5503,11200,0,0
2017-01-13,36.18,36.45,36.12,36.41,31.611,30100,0,0
2017-01-17,36.94,37.02,36.87,36.98,32.1059,22300,0,0
2017-01-18,36.98,37.03,36.61,36.68,31.8454,15600,0,0
2017-01-19,36.36,36.67,36.32,36.62,31.7933,46900,0,0
2017-01-20,36.58,36.9,36.52,36.74,31.8975,119900,0,0
2017-01-23,37,37.03,36.96,36.98,32.1059,6500,0,0
2017-01-24,36.93,37.1,36.69,36.8,31.9496,16800,0,0
2017-01-25,36.42,36.55,36.29,36.52,31.7065,23100,0,0
2017-01-26,36.16,36.2,36.04,36.15,31.3853,14600,0,0
2017-01-27,36.02,36.37,36.02,36.34,31.5503,26300,0,0
2017-01-30,36.39,36.59,36.39,36.47,31.6631,7600,0,0
2017-01-31,36.94,37.06,36.94,37.04,32.158,21000,0,0
2017-02-01,36.76,37.03,36.69,36.96,32.0885,123600,0,0
2017-02-02,37.31,37.36,37.06,37.1,32.2101,454100,0,0
2017-02-03,37.06,37.24,37.01,37.17,32.2709,51400,0,0
2017-02-06,37.51,37.7,37.41,37.7,32.731,49900,0,0
2017-02-07,37.58,37.7,37.55,37.62,32.6616,19000,0,0
2017-02-08,37.82,37.93,37.72,37.8,32.8178,16400,0,0
2017-02-09,37.84,37.9,37.51,37.52,32.5747,10300,0,0
2017-02-10,37.39,37.78,37.37,37.75,32.7744,43600,0,0
2017-02-13,37.52,37.53,37.31,37.46,32.5226,11100,0,0
2017-02-14,37.71,37.71,37.41,37.6,32.6442,15700,0,0
2017-02-15,37.39,37.74,37.39,37.74,32.7657,20000,0,0
2017-02-16,37.86,38,37.85,37.95,32.9481,7300,0,0
2017-02-17,37.94,37.96,37.79,37.82,32.8352,11200,0,0
2017-02-21,37.6,37.88,37.5,37.82,32.8352,36700,0,0
2017-02-22,37.87,37.87,37.67,37.84,32.8526,15100,0,0
2017-02-23,38.11,38.23,38.11,38.16,33.1304,11300,0,0
2017-02-24,38.42,38.49,38.4,38.47,33.3995,7700,0,0
2017-02-27,38.43,38.67,38.23,38.26,33.2172,49300,0,0
2017-02-28,38.43,38.5,38.2,38.31,33.2606,38400,0,0
2017-03-01,38.01,38.31,38.01,38.3,33.2519,35800,0,0
2017-03-02,37.88,38.08,37.56,37.65,32.6876,108700,0,0
2017-03-03,37.47,37.75,37.32,37.72,32.7484,9900,0,0
2017-03-06,37.65,37.65,37.37,37.4,32.4705,33100,0,0
2017-03-07,37.14,37.14,37.02,37.05,32.1667,12900,0,0
2017-03-08,36.8,36.83,36.74,36.75,31.9062,14900,0,0
2017-03-09,36.65,36.7,36.46,36.5,31.6892,16000,0,0
2017-03-10,36.52,36.59,36.4,36.58,31.7586,10200,0,0
2017-03-13,36.51,36.56,36.48,36.5,31.6892,3200,0,0
2017-03-14,36.48,36.65,36.33,36.33,31.5416,47400,0,0
2017-03-15,36.39,37.07,36.37,37.06,32.1754,3900,0,0
2017-03-16,37.45,37.45,37.17,37.19,32.2882,8800,0,0
2017-03-17,37.33,37.33,37.26,37.32,32.4011,2900,0,0
2017-03-20,37.37,37.48,37.36,37.48,32.54,4500,0,0
2017-03-21,37.67,37.81,37.67,37.75,32.7744,2100,0,0
2017-03-22,37.82,37.93,37.82,37.85,32.8612,2100,0,0
2017-03-23,37.85,37.85,37.7,37.79,32.8091,2200,0,0
2017-03-24,37.77,38.02,37.77,37.94,32.9394,6300,0,0
2017-03-27,38.18,38.26,38.17,38.23,33.1911,2800,0,0
2017-03-28,38.25,38.32,38.09,38.12,33.0956,7500,0,0
2017-03-29,38.16,38.25,38.16,38.22,33.1825,5800,0,0
2017-03-30,38.01,38.17,37.95,37.98,32.9741,16000,0,0
2017-03-31,38.01,38.14,38.01,38.06,33.0436,2700,0,0
2017-04-03,38.07,38.24,38.07,38.21,33.1738,22800,0,0
2017-04-04,38.22,38.81,38.22,38.35,33.2953,129400,0,0
2017-04-05,38.09,38.3,37.95,38.3,33.2519,5500,0,0
2017-04-06,38.25,38.25,38.19,38.21,33.1738,1200,0,0
2017-04-07,38.57,38.58,38.07,38.13,33.1043,11400,0,0
2017-04-10,37.98,38.12,37.98,38.1,33.0783,2500,0,0
2017-04-11,38.37,38.74,38.37,38.74,33.6339,2900,0,0
2017-04-12,38.8,39.02,38.77,39.01,33.8683,8500,0,0
2017-04-13,39.15,39.23,39.01,39.19,34.0246,3300,0,0
2017-04-17,39.14,39.25,38.98,39.06,33.9117,14900,0,0
2017-04-18,39.05,39.18,38.89,39.16,33.9986,9000,0,0
2017-04-19,38.95,38.95,38.69,38.78,33.6686,29500,0,0
2017-04-20,38.82,38.88,38.69,38.77,33.66,12900,0,0
2017-04-21,38.82,38.9,38.78,38.86,33.7381,2200,0,0
2017-04-24,38.37,38.62,38.37,38.6,33.5124,8500,0,0
2017-04-25,38.25,38.35,38.11,38.18,33.1477,16800,0,0
2017-04-26,38.11,38.29,38.05,38.27,33.2259,24400,0,0
2017-04-27,38.12,38.14,38,38.06,33.0436,8800,0,0
2017-04-28,38.07,38.12,38.07,38.11,33.087,2300,0,0
2017-05-01,37.93,38.1,37.59,37.66,32.6963,127100,0,0
2017-05-02,37.58,37.69,37.57,37.69,32.7223,291200,0,0
2017-05-03,37.51,37.51,37.08,37.08,32.1927,14300,0,0
2017-05-04,36.69,36.84,36.67,36.71,31.8715,9700,0,0
2017-05-05,36.71,36.8,36.66,36.78,31.9323,6700,0,0
2017-05-08,36.78,36.78,36.67,36.67,31.8368,25700,0,0
2017-05-09,36.53,36.53,36.31,36.45,31.6458,7600,0,0
2017-05-10,36.57,36.58,36.44,36.47,31.6631,60800,0,0
2017-05-11,36.56,36.67,36.56,36.63,31.802,12900,0,0
2017-05-12,36.8,36.83,36.74,36.76,31.9149,4900,0,0
2017-05-15,37.02,37.04,36.88,36.9,32.0364,3800,0,0
2017-05-16,37.01,37.2,37.01,37.18,32.2795,217700,0,0
2017-05-17,37.65,37.82,37.65,37.72,32.7484,7000,0,0
2017-05-18,37.65,37.65,37.45,37.62,32.6616,1800,0,0
2017-05-19,37.59,37.64,37.53,37.59,32.6355,2700,0,0
2017-05-22,37.74,37.94,37.74,37.9,32.9046,44900,0,0
2017-05-23,38.04,38.06,37.62,37.62,32.6616,27400,0,0
2017-05-24,37.59,37.75,37.59,37.74,32.7657,4800,0,0
2017-05-25,37.77,37.8,37.74,37.75,32.7744,4200,0,0
2017-05-26,38.05,38.15,38.04,38.15,33.1217,4500,0,0
2017-05-30,37.99,38.07,37.98,38.02,33.0088,4100,0,0
2017-05-31,38.02,38.21,38.02,38.16,33.1304,3900,0,0
2017-06-01,37.9,38.13,37.89,38.11,33.087,60500,0,0
2017-06-02,38.33,38.49,38.25,38.45,33.3821,251400,0,0
2017-06-05,38.52,38.57,38.46,38.51,33.4342,37500,0,0
2017-06-06,38.87,38.95,38.8,38.89,33.7642,16100,0,0
2017-06-07,38.81,38.87,38.62,38.7,33.5992,13000,0,0
2017-06-08,38.35,38.45,38.2,38.38,33.3214,28200,0,0
2017-06-09,38,38.12,38,38.06,33.0436,10000,0,0
2017-06-12,37.96,37.98,37.87,37.88,32.8873,104800,0,0
2017-06-13,37.67,37.93,37.67,37.87,32.8786,14900,0,0
2017-06-14,38.26,38.45,37.65,37.68,32.7136,26900,0,0
2017-06-15,37.44,37.55,37.42,37.51,32.566,5400,0,0
2017-06-16,37.51,37.51,37.43,37.45,32.514,23400,0,0
2017-06-19,37.24,37.33,37.12,37.14,32.2448,16800,0,0
2017-06-20,37.12,37.15,37.04,37.1,32.2101,10500,0,0
2017-06-21,37.03,37.17,37.03,37.14,32.2448,6300,0,0
2017-06-22,37.3,37.36,37.24,37.33,32.4098,23300,0,0
2017-06-23,37.54,37.54,37.45,37.49,32.5487,11400,0,0
2017-06-26,37.14,37.22,37.12,37.12,32.2274,24300,0,0
2017-06-27,37.32,37.38,37.22,37.31,32.3924,4500,0,0
2017-06-28,37.4,37.42,37.3,37.42,32.4879,135900,0,0
2017-06-29,37.04,37.26,37.04,37.19,32.2882,11500,0,0
2017-06-30,37.1,37.14,37.09,37.09,32.2014,4900,0,0
2017-07-03,36.5,36.62,36.33,36.33,31.5416,50100,0,0
2017-07-05,36.2,36.45,36.18,36.41,31.611,76600,0,0
2017-07-06,36.42,36.46,36.31,36.39,31.5937,142000,0,0
2017-07-07,36.12,36.12,35.74,35.86,31.1335,13800,0,0
2017-07-10,35.71,36,35.71,35.99,31.2464,10900,0,0
2017-07-11,35.93,36.13,35.82,36.1,31.3419,6100,0,0
2017-07-12,36.29,36.32,36.22,36.26,31.4808,12600,0,0
2017-07-13,36.21,36.21,36.07,36.1,31.3419,6600,0,0
2017-07-14,36.46,36.54,36.42,36.45,31.6458,5900,0,0
2017-07-17,36.7,36.73,36.63,36.63,31.802,3100,0,0
2017-07-18,36.86,36.94,36.86,36.94,32.0712,1500,0,0
2017-07-19,36.94,36.94,36.84,36.89,32.0278,2500,0,0
2017-07-20,36.81,37.09,36.79,36.97,32.0972,8100,0,0
2017-07-21,37.21,37.32,37.2,37.28,32.3664,8000,0,0
2017-07-24,37.41,37.41,37.25,37.3,32.3837,5200,0,0
2017-07-25,37.24,37.24,37.16,37.18,32.2795,6100,0,0
2017-07-26,37.13,37.52,37.11,37.52,32.5747,18200,0,0
2017-07-27,37.62,37.62,37.35,37.45,32.514,7900,0,0
2017-07-28,37.57,37.77,37.57,37.76,32.7831,21800,0,0
2017-07-31,37.78,37.82,37.72,37.82,32.8352,4500,0,0
2017-08-01,37.75,37.87,37.75,37.81,32.8265,18900,0,0
2017-08-02,37.62,37.82,37.6,37.6,32.6442,409900,0,0
2017-08-03,37.69,37.71,37.68,37.71,32.7397,1900,0,0
2017-08-04,37.47,37.47,37.25,37.28,32.3664,4400,0,0
2017-08-07,37.16,37.28,37.16,37.22,32.3143,6600,0,0
2017-08-08,37.44,37.44,37.15,37.41,32.4792,4700,0,0
2017-08-09,37.85,38.04,37.8,38,32.9915,4300,0,0
2017-08-10,38.29,38.36,38.24,38.33,33.278,17300,0,0
2017-08-11,38.28,38.43,38.22,38.4,33.3387,11300,0,0
2017-08-14,38.25,38.3,38.17,38.2,33.1651,3400,0,0
2017-08-15,37.74,37.85,37.74,37.8,32.8178,5700,0,0
2017-08-16,37.72,38.26,37.69,38.19,33.1564,11600,0,0
2017-08-17,38.31,38.37,38.17,38.37,33.3127,24400,0,0
2017-08-18,38.57,38.57,38.24,38.3,33.2519,25800,0,0
2017-08-21,38.35,38.46,38.35,38.4,33.3387,8600,0,0
2017-08-22,38.36,38.36,38.15,38.23,33.1911,32300,0,0
2017-08-23,38.35,38.41,38.29,38.41,33.3474,5300,0,0
2017-08-24,38.21,38.29,38.21,38.26,33.2172,5800,0,0
2017-08-25,38.43,38.63,37.97,38.37,33.3127,67100,0,0
2017-08-28,38.63,39.07,38.6,39.07,33.9204,46100,0,0
2017-08-29,39.39,39.47,38.9,38.96,33.8249,26400,0,0
2017-08-30,38.97,39.01,38.95,38.99,33.851,5300,0,0
2017-08-31,38.98,39.41,38.98,39.39,34.1983,6100,0,0
2017-09-01,39.46,39.53,39.26,39.53,34.3198,76000,0,0
2017-09-05,39.76,40.05,39.76,39.97,34.7018,110000,0,0
2017-09-06,39.97,39.99,39.71,39.79,34.5455,88700,0,0
2017-09-07,40.05,40.26,39.99,40.24,34.9362,51000,0,0
2017-09-08,40.26,40.26,40.03,40.17,34.8754,50600,0,0
2017-09-11,39.79,39.82,39.56,39.57,34.3545,12200,0,0
2017-09-12,39.57,39.75,39.55,39.74,34.5021,10300,0,0
2017-09-13,39.63,39.63,39.42,39.42,34.2243,10600,0,0
2017-09-14,39.52,39.66,39.49,39.58,34.3632,32800,0,0
2017-09-15,39.5,39.5,39.36,39.44,34.2417,2500,0,0
2017-09-18,39.09,39.09,38.75,38.83,33.7121,7500,0,0
2017-09-19,38.94,38.99,38.81,38.99,33.851,145700,0,0
2017-09-20,38.98,39.07,38.56,38.56,33.4776,11400,0,0
2017-09-21,38.29,38.45,38.25,38.38,33.3214,3600,0,0
2017-09-22,38.43,38.54,38.43,38.5,33.4256,8500,0,0
2017-09-25,38.33,38.91,38.3,38.91,33.7815,56900,0,0
2017-09-26,38.59,38.59,38.36,38.37,33.3127,14100,0,0
2017-09-27,38.11,38.25,38.06,38.14,33.113,14600,0,0
2017-09-28,38.14,38.21,38.07,38.18,33.1477,5800,0,0
2017-09-29,38.14,38.18,37.95,37.96,32.9567,140700,0,0
2017-10-02,37.82,37.91,37.73,37.73,32.757,66300,0,0
2017-10-03,37.69,37.82,37.69,37.73,32.757,488800,0,0
2017-10-04,37.78,37.86,37.73,37.83,32.8439,57300,0,0
2017-10-05,37.81,37.85,37.6,37.62,32.6616,30300,0,0
2017-10-06,37.58,37.88,37.34,37.82,32.8352,6000,0,0
2017-10-09,38.07,38.17,38.04,38.17,33.139,5100,0,0
2017-10-10,38.44,38.5,38.34,38.34,33.2867,9700,0,0
2017-10-11,38.37,38.49,38.23,38.49,33.4169,10000,0,0
2017-10-12,38.49,38.52,38.43,38.49,33.4169,2200,0,0
2017-10-13,38.68,38.81,38.66,38.81,33.6947,9300,0,0
2017-10-16,38.81,38.86,38.39,38.51,33.4342,17900,0,0
2017-10-17,38.19,38.25,38.12,38.22,33.1825,7200,0,0
2017-10-18,38.12,38.12,38.05,38.08,33.0609,5900,0,0
2017-10-19,38.17,38.37,38.17,38.3,33.2519,7000,0,0
2017-10-20,38.12,38.21,37.99,38.09,33.0696,15400,0,0
2017-10-23,37.88,38.15,37.88,38.15,33.1217,2700,0,0
2017-10-24,37.93,37.99,37.86,37.96,32.9567,2500,0,0
2017-10-25,37.93,37.98,37.9,37.96,32.9567,11200,0,0
2017-10-26,37.86,37.88,37.71,37.71,32.7397,24600,0,0
2017-10-27,37.61,37.85,37.6,37.79,32.8091,60400,0,0
2017-10-30,37.79,37.88,37.76,37.84,32.8526,44900,0,0
2017-10-31,37.72,37.73,37.63,37.72,32.7484,42700,0,0
2017-11-01,37.95,38.06,37.95,38.01,33.0001,3100,0,0
2017-11-02,37.99,38.12,37.95,37.99,32.9828,105400,0,0
2017-11-03,38.09,38.09,37.57,37.72,32.7484,24400,0,0
2017-11-06,37.76,38.2,37.76,38.18,33.1477,17400,0,0
2017-11-07,38.13,38.13,37.88,37.89,32.896,11900,0,0
2017-11-08,38.18,38.35,38.11,38.11,33.087,6000,0,0
2017-11-09,38.14,38.24,38.09,38.19,33.1564,10200,0,0
2017-11-10,37.87,37.9,37.87,37.9,32.9046,1900,0,0
2017-11-13,38.03,38.05,37.98,38.02,33.0088,2000,0,0
2017-11-14,37.89,38.19,37.82,38.08,33.0609,36000,0,0
2017-11-15,38.25,38.25,37.94,37.97,32.9654,5100,0,0
2017-11-16,38.03,38.1,38.01,38.07,33.0522,3000,0,0
2017-11-17,38.24,38.56,38.2,38.56,33.4776,49300,0,0
2017-11-20,38.31,38.31,37.88,37.88,32.8873,34600,0,0
2017-11-21,38.05,38.14,38.03,38.06,33.0436,5200,0,0
2017-11-22,38.25,38.46,38.25,38.43,33.3648,6600,0,0
2017-11-24,38.33,39.05,38.24,38.24,33.1998,1400,0,0
2017-11-27,38.45,38.47,38.39,38.39,33.3301,17200,0,0
2017-11-28,38.48,38.48,38.22,38.27,33.2259,42700,0,0
2017-11-29,37.96,38,37.86,37.96,32.9567,4800,0,0
2017-11-30,37.74,37.78,37.5,37.62,32.6616,27600,0,0
2017-12-01,37.53,37.91,37.53,37.75,32.7744,3500,0,0
2017-12-04,37.66,37.66,37.52,37.6,32.6442,91900,0,0
2017-12-05,37.66,37.66,37.14,37.34,32.4184,27500,0,0
2017-12-06,37.18,37.21,37.12,37.17,32.2709,13900,0,0
2017-12-07,36.79,36.87,36.55,36.59,31.7673,5400,0,0
2017-12-08,36.7,36.77,36.67,36.71,31.8715,10900,0,0
2017-12-11,36.62,36.73,36.5,36.52,31.7065,3800,0,0
2017-12-12,36.4,36.53,36.39,36.53,31.7152,10500,0,0
2017-12-13,36.6,37,36.54,37,32.1233,33500,0,0
2017-12-14,36.97,36.97,36.84,36.91,32.0451,72100,0,0
2017-12-15,37.07,37.07,36.96,37.03,32.1493,3400,0,0
2017-12-18,37.2,37.2,37.13,37.15,32.2927,2300,0.045,0
2017-12-19,37.06,37.21,37.06,37.18,32.3188,18600,0,0
2017-12-20,37.27,37.39,37.27,37.3,32.4231,71600,0,0
2017-12-21,37.3,37.36,37.29,37.36,32.4753,18000,0,0
2017-12-22,37.48,37.64,37.44,37.61,32.6926,3600,0,0
2017-12-26,37.79,37.95,37.79,37.94,32.9794,8000,0,0
2017-12-27,38.03,38.12,38.02,38.08,33.1011,47800,0,0
2017-12-28,38.26,38.29,38.19,38.25,33.2489,7400,0,0
2017-12-29,38.56,38.56,38.49,38.49,33.4575,25400,0,0
2018-01-02,38.79,38.94,38.78,38.94,33.8487,39100,0,0
2018-01-03,38.91,38.95,38.77,38.85,33.7705,615200,0,0
2018-01-04,38.94,39.15,38.89,39.04,33.9356,12600,0,0
2018-01-05,38.92,39.06,38.87,39,33.9009,5900,0,0
2018-01-08,38.99,38.99,38.87,38.96,33.8661,3600,0,0
2018-01-09,38.74,38.8,38.67,38.79,33.7183,3300,0,0
2018-01-10,38.9,38.9,38.85,38.85,33.7705,1500,0,0
2018-01-11,38.94,39.01,38.92,38.92,33.8313,5500,0,0
2018-01-12,39.11,39.53,39.11,39.46,34.3007,2900,0,0
2018-01-16,39.33,39.47,39.25,39.47,34.3094,7800,0,0
2018-01-17,39.41,39.41,39.1,39.11,33.9965,7300,0,0
2018-01-18,39.13,39.24,39.04,39.04,33.9356,2800,0,0
2018-01-19,39.25,39.31,39.24,39.28,34.1442,6600,0,0
2018-01-22,39.29,39.3,39.21,39.24,34.1095,8800,0,0
2018-01-23,39.18,39.41,39.11,39.41,34.2572,13400,0,0
2018-01-24,39.92,40.14,39.85,40.07,34.831,4400,0,0
2018-01-25,40.04,40.26,39.5,39.7,34.5093,9900,0,0
2018-01-26,39.78,39.94,39.78,39.8,34.5963,4600,0,0
2018-01-29,39.63,39.63,39.39,39.52,34.3529,8500,0,0
2018-01-30,39.63,39.63,39.32,39.34,34.1964,51000,0,0
2018-01-31,39.59,39.68,39.29,39.68,34.4919,82600,0,0
2018-02-01,39.46,39.7,39.46,39.67,34.4833,57800,0,0
2018-02-02,39.28,39.28,38.89,38.98,33.8835,493900,0,0
2018-02-05,39.22,39.32,39.09,39.14,34.0226,44300,0,0
2018-02-06,39.11,39.11,38.71,38.77,33.7009,44600,0,0
2018-02-07,38.66,38.66,38.38,38.49,33.4575,18500,0,0
2018-02-08,38.53,38.6,38.42,38.53,33.4923,16700,0,0
2018-02-09,38.37,38.52,38.36,38.45,33.4228,151400,0,0
2018-02-12,38.67,38.81,38.66,38.7,33.6401,6800,0,0
2018-02-13,38.73,38.89,38.68,38.89,33.8052,18200,0,0
2018-02-14,39,39.64,38.95,39.6,34.4224,23400,0,0
2018-02-15,39.59,39.63,39.43,39.59,34.4137,74100,0,0
2018-02-16,39.52,39.63,39.36,39.39,34.2399,11400,0,0
2018-02-20,39.19,39.24,38.85,38.87,33.7878,30100,0,0
2018-02-21,38.99,39.16,38.68,38.77,33.7009,23700,0,0
2018-02-22,38.84,38.96,38.84,38.95,33.8574,7000,0,0
2018-02-23,38.75,38.9,38.75,38.9,33.8139,5600,0,0
2018-02-26,38.96,39,38.95,38.97,33.8748,2500,0,0
2018-02-27,38.87,38.89,38.44,38.55,33.5097,5300,0,0
2018-02-28,38.57,38.62,38.53,38.53,33.4923,3500,0,0
2018-03-01,38.23,38.5,38.08,38.5,33.4662,24400,0,0
2018-03-02,38.78,38.81,38.59,38.7,33.6401,92900,0,0
2018-03-05,38.6,38.64,38.57,38.57,33.5271,3400,0,0
2018-03-06,38.95,39.26,38.95,39.11,33.9965,11300,0,0
2018-03-07,38.98,38.98,38.66,38.77,33.7009,8500,0,0
2018-03-08,38.63,38.66,38.63,38.66,33.6053,3100,0,0
2018-03-09,38.54,38.81,38.53,38.74,33.6748,2400,0,0
2018-03-12,38.61,38.78,38.59,38.75,33.6835,3100,0,0
2018-03-13,38.86,38.86,38.82,38.82,33.7444,2000,0,0
2018-03-14,38.71,38.8,38.71,38.77,33.7009,6400,0,0
2018-03-15,38.57,38.57,38.55,38.56,33.5184,1500,0,0
2018-03-16,38.39,38.39,38.3,38.35,33.3358,23800,0,0
2018-03-19,38.38,38.48,38.35,38.48,33.4488,900,0,0
2018-03-20,38.16,38.31,38.14,38.23,33.2315,26100,0,0
2018-03-21,38.65,39,38.57,39,33.9009,2900,0,0
2018-03-22,38.76,38.8,38.75,38.77,33.7009,11100,0,0
2018-03-23,39.35,39.4,39.27,39.27,34.1356,6100,0,0
2018-03-26,39.45,39.6,39.45,39.52,34.3529,44100,0,0
2018-03-27,39.17,39.24,39.09,39.2,34.0747,5200,0,0
2018-03-28,38.88,38.88,38.6,38.6,33.5532,2900,0,0
2018-03-29,38.56,38.65,38.53,38.65,33.5966,10600,0,0
2018-04-02,38.97,39.28,38.96,39.16,34.0399,21400,0,0
2018-04-03,38.88,38.9,38.84,38.85,33.7705,92700,0,0
2018-04-04,39.1,39.11,38.79,38.8,33.727,29600,0,0
2018-04-05,38.54,38.7,38.53,38.66,33.6053,3700,0,0
2018-04-06,38.9,38.93,38.79,38.79,33.7183,2600,0,0
2018-04-09,38.8,39.02,38.75,38.96,33.8661,14900,0,0
2018-04-10,39.05,39.12,39.05,39.12,34.0052,23200,0,0
2018-04-11,39.47,39.77,39.36,39.42,34.2659,94700,0,0
2018-04-12,39.03,39.03,38.95,38.96,33.8661,23900,0,0
2018-04-13,39.23,39.25,39.21,39.25,34.1182,2900,0,0
2018-04-16,39.33,39.33,39.25,39.25,34.1182,1600,0,0
2018-04-17,38.98,39.34,38.98,39.32,34.179,7300,0,0
2018-04-18,39.6,39.62,39.6,39.62,34.4398,800,0,0
2018-04-19,39.59,39.59,39.36,39.49,34.3268,126000,0,0
2018-04-20,39.25,39.25,39.19,39.19,34.066,3800,0,0
2018-04-23,38.81,38.85,38.67,38.7,33.6401,5300,0,0
2018-04-24,38.75,38.96,38.75,38.95,33.8574,27700,0,0
2018-04-25,38.6,38.61,38.57,38.61,33.5618,3200,0,0
2018-04-26,38.63,38.63,38.4,38.47,33.4402,42400,0,0
2018-04-27,38.59,38.65,38.54,38.65,33.5966,10100,0,0
2018-04-30,38.22,38.48,38.21,38.31,33.3011,39000,0,0
2018-05-01,38.07,38.09,37.96,38,33.0316,48600,0,0
2018-05-02,38.16,38.3,38.08,38.13,33.1446,137800,0,0
2018-05-03,38.41,38.43,38.27,38.27,33.2663,3700,0,0
2018-05-04,38.21,38.38,38.21,38.38,33.3619,1200,0,0
2018-05-07,38.34,38.42,38.34,38.36,33.3445,2900,0,0
2018-05-08,38.16,38.45,38.13,38.43,33.4054,57600,0,0
2018-05-09,38.42,38.42,38.3,38.35,33.3358,27200,0,0
2018-05-10,38.65,38.68,38.54,38.68,33.6227,7800,0,0
2018-05-11,38.79,38.79,38.59,38.59,33.5445,13500,0,0
2018-05-14,38.58,38.58,38.35,38.37,33.3532,11200,0,0
2018-05-15,37.8,37.8,37.71,37.74,32.8056,2600,0,0
2018-05-16,37.7,37.83,37.66,37.75,32.8143,2600,0,0
2018-05-17,37.73,37.8,37.72,37.8,32.8578,3500,0,0
2018-05-18,37.67,37.88,37.67,37.82,32.8751,3900,0,0
2018-05-21,37.71,37.86,37.67,37.86,32.9099,6700,0,0
2018-05-22,37.95,37.95,37.85,37.87,32.9186,2900,0,0
2018-05-23,37.68,37.86,37.68,37.85,32.9012,1900,0,0
2018-05-24,38.1,38.26,38.1,38.26,33.2576,38400,0,0
2018-05-25,38.11,38.14,38.03,38.03,33.0577,15400,0,0
2018-05-29,37.89,38.06,37.89,38.06,33.0838,30900,0,0
2018-05-30,37.86,38.1,37.86,38.07,33.0924,5100,0,0
2018-05-31,38.11,38.11,37.96,37.96,32.9968,6300,0,0
2018-06-01,37.81,37.92,37.79,37.83,32.8838,16300,0,0
2018-06-04,37.92,37.92,37.8,37.8,32.8578,385500,0,0
2018-06-05,37.91,38.01,37.9,37.97,33.0055,41000,0,0
2018-06-06,37.97,38.02,37.96,38.02,33.049,43100,0,0
2018-06-07,38.26,38.26,38.04,38.06,33.0838,26800,0,0
2018-06-08,38.12,38.12,38.08,38.09,33.1098,14100,0,0
2018-06-11,38.12,38.22,38.12,38.22,33.2228,14500,0,0
2018-06-12,38.13,38.19,38.06,38.08,33.1011,22100,0,0
2018-06-13,38.14,38.25,38.02,38.23,33.2315,39200,0,0
2018-06-14,38.42,38.43,38.38,38.38,33.3619,23200,0,0
2018-06-15,37.69,37.69,37.53,37.55,32.6404,77300,0,0
2018-06-18,37.53,37.53,37.45,37.46,32.5622,52400,0,0
2018-06-19,37.3,37.37,37.26,37.31,32.4318,21100,0,0
2018-06-20,37.3,37.3,37.15,37.17,32.3101,4000,0,0
2018-06-21,37.07,37.16,37.06,37.14,32.284,2500,0,0
2018-06-22,37.2,37.28,37.19,37.28,32.4057,8300,0,0
2018-06-25,37.11,37.12,37.07,37.07,32.2232,1900,0,0
2018-06-26,36.91,36.96,36.88,36.93,32.1015,26400,0,0
2018-06-27,36.8,36.8,36.63,36.63,31.8407,51100,0,0
2018-06-28,36.59,36.59,36.47,36.47,31.7016,39400,0,0
2018-06-29,36.55,36.7,36.52,36.68,31.8842,45200,0,0
2018-07-02,36.43,36.43,36.24,36.24,31.5017,3500,0,0
2018-07-03,36.61,36.64,36.61,36.63,31.8407,3100,0,0
2018-07-05,36.75,36.75,36.65,36.65,31.8581,254500,0,0
2018-07-06,36.7,36.71,36.65,36.7,31.9016,8800,0,0
2018-07-09,36.94,36.98,36.79,36.79,31.9798,7000,0,0
2018-07-10,36.7,36.76,36.68,36.73,31.9277,8700,0,0
2018-07-11,36.56,36.56,36.26,36.28,31.5365,7900,0,0
2018-07-12,36.39,36.48,36.39,36.43,31.6669,7500,0,0
2018-07-13,36.24,36.3,36.23,36.23,31.493,3400,0,0
2018-07-16,36.17,36.24,36.15,36.24,31.5017,30900,0,0
2018-07-17,35.97,36,35.79,35.83,31.1453,47100,0,0
2018-07-18,35.75,35.84,35.64,35.82,31.1366,38400,0,0
2018-07-19,35.4,35.75,35.37,35.58,30.928,55900,0,0
2018-07-20,35.75,35.85,35.75,35.83,31.1453,1900,0,0
2018-07-23,35.72,35.72,35.6,35.64,30.9802,11700,0,0
2018-07-24,35.75,35.86,35.68,35.7,31.0323,4300,0,0
2018-07-25,35.94,35.95,35.81,35.95,31.2496,14500,0,0
2018-07-26,35.75,35.75,35.6,35.61,30.9541,5900,0,0
2018-07-27,35.7,35.75,35.65,35.69,31.0236,51000,0,0
2018-07-30,35.67,35.72,35.63,35.63,30.9715,48800,0,0
2018-07-31,35.59,35.81,35.59,35.71,31.041,125600,0,0
2018-08-01,35.59,35.95,35.42,35.43,30.7976,33800,0,0
2018-08-02,35.43,35.43,35.21,35.22,30.6151,36500,0,0
2018-08-03,35.48,35.58,35.38,35.38,30.7542,52400,0,0
2018-08-06,35.29,35.32,35.2,35.2,30.5977,75500,0,0
2018-08-07,35.28,35.33,35.26,35.3,30.6846,2700,0,0
2018-08-08,35.27,35.39,35.25,35.38,30.7542,9600,0,0
2018-08-09,35.44,35.44,35.36,35.37,30.7455,41300,0,0
2018-08-10,35.31,35.31,35.31,35.31,30.6933,600,0,0
2018-08-13,34.96,34.96,34.69,34.71,30.1718,10500,0,0
2018-08-14,34.83,34.85,34.73,34.78,30.2326,27300,0,0
2018-08-15,34.35,34.37,33.98,34,29.5546,7400,0,0
2018-08-16,34.17,34.34,34.08,34.08,29.6241,13300,0,0
2018-08-17,34.27,34.4,34.18,34.4,29.9023,5000,0,0
2018-08-20,34.53,34.53,34.41,34.51,29.9979,2600,0,0
2018-08-21,34.54,34.62,34.54,34.62,30.0935,1600,0,0
2018-08-22,34.74,34.74,34.62,34.7,30.1631,13800,0,0
2018-08-23,34.44,34.46,34.28,34.3,29.8154,4300,0,0
2018-08-24,34.98,34.99,34.89,34.89,30.3282,6700,0,0
2018-08-27,34.88,35.06,34.88,35.06,30.476,3500,0,0
2018-08-28,35,35.02,34.76,34.76,30.2152,4100,0,0
2018-08-29,34.89,34.89,34.84,34.87,30.3108,53200,0,0
2018-08-30,34.77,34.77,34.67,34.67,30.137,600,0,0
2018-08-31,34.69,34.73,34.67,34.68,30.1457,12500,0,0
2018-09-04,34.21,34.32,34.18,34.32,29.8328,21600,0,0
2018-09-05,34.36,34.41,34.36,34.41,29.911,62300,0,0
2018-09-06,34.58,34.64,34.36,34.45,29.9458,11300,0,0
2018-09-07,34.46,34.46,34.3,34.34,29.8501,1300,0,0
2018-09-10,34.38,34.4,34.34,34.36,29.8675,4500,0,0
2018-09-11,34.18,34.38,34.16,34.38,29.8849,1800,0,0
2018-09-12,34.64,34.67,34.64,34.67,30.137,2600,0,0
2018-09-13,34.81,34.81,34.47,34.5,29.9892,1800,0,0
2018-09-14,34.48,34.48,34.28,34.28,29.798,2300,0,0
2018-09-17,34.44,34.58,34.43,34.44,29.9371,92700,0,0
2018-09-18,34.5,34.5,34.36,34.39,29.8936,6200,0,0
2018-09-19,34.54,34.59,34.5,34.54,30.024,3400,0,0
2018-09-20,34.63,34.7,34.54,34.67,30.137,2700,0,0
2018-09-21,34.67,34.67,34.67,34.67,30.137,0,0,0
2018-09-24,34.54,34.56,34.47,34.47,29.9631,2700,0,0
2018-09-25,34.65,34.65,34.59,34.59,30.0675,2700,0,0
2018-09-26,34.45,34.49,34.36,34.36,29.8675,12000,0,0
2018-09-27,34.09,34.1,34.09,34.09,29.6328,2000,0,0
2018-09-28,34.22,34.49,34.22,34.45,29.9458,1800,0,0
2018-10-01,34.24,34.34,34.17,34.32,29.8328,34100,0,0
2018-10-02,34.73,34.92,34.7,34.74,30.1978,117700,0,0
2018-10-03,34.8,34.8,34.61,34.63,30.1022,32200,0,0
2018-10-04,34.75,34.85,34.54,34.59,30.0675,354500,0,0
2018-10-05,34.8,34.8,34.65,34.7,30.1631,2600,0,0
2018-10-08,34.19,34.28,34.1,34.28,29.798,13600,0,0
2018-10-09,34.24,34.26,34.24,34.26,29.7806,800,0,0
2018-10-10,34.26,34.34,34.18,34.34,29.8501,4200,0,0
2018-10-11,34.73,35.23,34.73,35.17,30.5716,3200,0,0
2018-10-12,35.15,35.17,35.05,35.05,30.4673,4800,0,0
2018-10-15,35.31,35.45,35.26,35.26,30.6498,4800,0,0
2018-10-16,35.44,35.46,35.22,35.22,30.6151,18700,0,0
2018-10-17,35.29,35.35,35.16,35.16,30.5629,13800,0,0
2018-10-18,35.22,35.32,35.17,35.24,30.6325,2200,0,0
2018-10-19,35.28,35.32,35.25,35.25,30.6412,1600,0,0
2018-10-22,35.12,35.13,35.08,35.13,30.5369,1600,0,0
2018-10-23,35.59,35.61,35.41,35.41,30.7802,1600,0,0
2018-10-24,35.42,35.44,35.29,35.42,30.7889,16100,0,0
2018-10-25,35.39,35.39,35.29,35.35,30.7281,24600,0,0
2018-10-26,35.45,35.54,35.41,35.46,30.8237,4500,0,0
2018-10-29,35.38,35.38,35.15,35.15,30.5542,1000,0,0
2018-10-30,35.09,35.14,35.09,35.11,30.5195,2300,0,0
2018-10-31,34.76,34.88,34.76,34.83,30.2761,9500,0,0
2018-11-01,35.25,35.55,35.25,35.44,30.8063,16200,0,0
2018-11-02,35.44,35.58,35.44,35.44,30.8063,177200,0,0
2018-11-05,35.46,35.46,35.29,35.29,30.6759,25200,0,0
2018-11-06,35.3,35.3,35.16,35.17,30.5716,11600,0,0
2018-11-07,35.29,35.34,35.2,35.21,30.6064,2700,0,0
2018-11-08,35.09,35.12,35.06,35.06,30.476,2000,0,0
2018-11-09,34.73,34.73,34.52,34.53,30.0153,3800,0,0
2018-11-12,34.44,34.47,34.41,34.41,29.911,1800,0,0
2018-11-13,34.32,34.42,34.32,34.35,29.8588,3100,0,0
2018-11-14,34.24,34.78,34.24,34.68,30.1457,10300,0,0
2018-11-15,34.65,34.81,34.65,34.74,30.1978,16400,0,0
2018-11-16,35.22,35.22,34.96,35.03,30.4499,17200,0,0
2018-11-19,35,35.08,35,35.08,30.4934,4100,0,0
2018-11-20,34.93,35.02,34.91,34.93,30.363,1700,0,0
2018-11-21,35.15,35.2,35.15,35.16,30.5629,4300,0,0
2018-11-23,35.03,35.03,34.95,34.95,30.3804,2300,0,0
2018-11-26,35,35.01,34.92,34.96,30.3891,4100,0,0
2018-11-27,34.97,34.97,34.64,34.68,30.1457,91500,0,0
2018-11-28,34.68,35.04,34.66,34.93,30.363,12700,0,0
2018-11-29,35.02,35.11,34.99,34.99,30.4152,4400,0,0
2018-11-30,34.8,34.89,34.73,34.86,30.3022,20600,0,0
2018-12-03,35.33,35.36,35.17,35.19,30.589,51900,0,0
2018-12-04,35.48,35.55,35.39,35.4,30.7716,52400,0,0
2018-12-06,35.36,35.74,35.32,35.35,30.7281,3600,0,0
2018-12-07,35.59,35.72,35.56,35.72,31.0497,3600,0,0
2018-12-10,35.57,35.64,35.48,35.54,30.8932,3700,0,0
2018-12-11,35.63,35.67,35.5,35.52,30.8759,24900,0,0
2018-12-12,35.66,35.7,35.61,35.67,31.0062,10500,0,0
2018-12-13,35.6,35.61,35.51,35.6,30.9454,3300,0,0
2018-12-14,35.28,35.42,35.28,35.37,30.7455,1900,0,0
2018-12-17,35.49,35.69,35.44,35.64,30.9802,52400,0,0
2018-12-18,35.66,35.7,35.61,35.67,31.0062,68300,0,0
2018-12-19,35.9,35.93,35.48,35.52,30.8759,16900,0,0
2018-12-20,35.96,36.12,35.87,35.98,31.2757,8800,0,0
2018-12-21,35.89,35.89,35.71,35.8,31.1192,45700,0,0
2018-12-24,35.61,35.79,35.61,35.77,31.489,21600,0.45,0
2018-12-26,35.95,36.13,35.74,35.78,31.4978,4100,0,0
2018-12-27,36.11,36.2,35.98,36.05,31.7355,7000,0,0
2018-12-28,36.23,36.32,36.12,36.24,31.9027,24100,0,0
2018-12-31,36.2,36.39,36.2,36.37,32.0172,60000,0,0
2019-01-02,36.41,36.55,36.24,36.34,31.9908,119400,0,0
2019-01-03,36.59,36.78,36.56,36.78,32.3781,676900,0,0
2019-01-04,36.5,36.61,36.33,36.53,32.158,32400,0,0
2019-01-07,36.73,36.73,36.56,36.6,32.2196,88100,0,0
2019-01-08,36.43,36.56,36.37,36.52,32.1492,47900,0,0
2019-01-09,36.53,36.76,36.53,36.73,32.3341,35000,0,0
2019-01-10,36.67,36.69,36.49,36.5,32.1316,22500,0,0
2019-01-11,36.51,36.62,36.51,36.54,32.1668,23700,0,0
2019-01-14,36.69,36.69,36.59,36.63,32.2461,20400,0,0
2019-01-15,36.74,36.74,36.5,36.5,32.1316,14800,0,0
2019-01-16,36.62,36.69,36.55,36.64,32.2549,15600,0,0
2019-01-17,36.54,36.59,36.49,36.57,32.1932,7500,0,0
2019-01-18,36.24,36.33,36.21,36.24,31.9027,15100,0,0
2019-01-22,36.2,36.3,36.13,36.27,31.9291,6700,0,0
2019-01-23,36.16,36.34,36.15,36.29,31.9467,7500,0,0
2019-01-24,36.2,36.27,36.15,36.19,31.8587,2400,0,0
2019-01-25,36.55,36.8,36.55,36.8,32.3957,3200,0,0
2019-01-28,36.87,36.96,36.87,36.96,32.5366,1100,0,0
2019-01-29,37.05,37.13,37.05,37.12,32.6774,2000,0,0
2019-01-30,37.16,37.43,37.12,37.43,32.9503,18400,0,0
2019-01-31,37.59,37.59,37.39,37.42,32.9415,5500,0,0
2019-02-01,37.46,37.46,37.26,37.27,32.8095,148800,0,0
2019-02-04,37.08,37.22,37.05,37.12,32.6774,48100,0,0
2019-02-05,37.21,37.21,37.1,37.19,32.739,58600,0,0
2019-02-06,37.16,37.17,36.9,36.95,32.5278,64100,0,0
2019-02-07,36.98,37.06,36.9,37,32.5718,8000,0,0
2019-02-08,37.08,37.2,37.08,37.17,32.7214,5800,0,0
2019-02-11,36.84,37.01,36.8,36.99,32.563,15600,0,0
2019-02-12,37,37.05,36.98,37.03,32.5982,13100,0,0
2019-02-13,37,37.21,36.84,36.84,32.4309,4300,0,0
2019-02-14,36.92,37,36.86,36.97,32.5454,4600,0,0
2019-02-15,37.09,37.31,37.08,37.29,32.8271,1900,0,0
2019-02-19,37.53,37.81,37.53,37.8,33.276,9600,0,0
2019-02-20,37.86,38,37.78,37.78,33.2584,9300,0,0
2019-02-21,37.6,37.61,37.34,37.34,32.8711,11800,0,0
2019-02-22,37.47,37.6,37.44,37.47,32.9855,6100,0,0
2019-02-25,37.54,37.58,37.4,37.45,32.9679,5700,0,0
2019-02-26,37.4,37.49,37.39,37.49,33.0031,4000,0,0
2019-02-27,37.29,37.43,37.16,37.22,32.7654,9800,0,0
2019-02-28,37.17,37.17,36.95,36.95,32.5278,3900,0,0
2019-03-01,36.72,36.86,36.22,36.22,31.8851,257400,0,0
2019-03-04,36.09,36.19,36.05,36.11,31.7883,423200,0,0
2019-03-05,36.07,36.2,36.02,36.2,31.8675,11800,0,0
2019-03-06,36.12,36.16,36.08,36.16,31.8323,13100,0,0
2019-03-07,35.98,36.1,35.98,36.05,31.7355,14200,0,0
2019-03-08,36.47,36.55,36.4,36.55,32.1756,3500,0,0
2019-03-11,36.43,36.43,36.27,36.36,32.0084,14400,0,0
2019-03-12,36.49,36.61,36.48,36.61,32.2284,5400,0,0
2019-03-13,36.75,36.84,36.73,36.84,32.4309,4600,0,0
2019-03-14,36.3,36.36,36.3,36.36,32.0084,6400,0,0
2019-03-15,36.57,36.63,36.52,36.53,32.158,5400,0,0
2019-03-18,36.64,36.68,36.54,36.56,32.1844,8100,0,0
2019-03-19,36.75,36.75,36.07,36.68,32.2901,2200,0,0
2019-03-20,36.75,36.92,36.49,36.92,32.5013,3700,0,0
2019-03-21,36.94,36.94,36.72,36.76,32.3605,5100,0,0
2019-03-22,36.81,36.85,36.77,36.83,32.4221,6000,0,0
2019-03-25,36.94,37.17,36.94,37.11,32.6686,2900,0,0
2019-03-26,36.87,36.92,36.84,36.92,32.5013,2300,0,0
2019-03-27,36.83,36.9,36.68,36.68,32.2901,9400,0,0
2019-03-28,36.32,36.32,36.1,36.15,31.8235,2600,0,0
2019-03-29,36.4,36.4,36.22,36.25,31.9115,21700,0,0
2019-04-01,36.37,36.37,36.1,36.13,31.8059,80000,0,0
2019-04-02,36.11,36.22,36.09,36.22,31.8851,271900,0,0
2019-04-03,36.14,36.21,36.11,36.2,31.8675,7100,0,0
2019-04-04,35.94,36.28,35.86,36.25,31.9115,6400,0,0
2019-04-05,36.18,36.26,36.15,36.24,31.9027,5900,0,0
2019-04-08,36.47,36.51,36.4,36.4,32.0436,5000,0,0
2019-04-09,36.59,36.59,36.54,36.54,32.1668,6000,0,0
2019-04-10,36.57,36.67,36.57,36.61,32.2284,2900,0,0
2019-04-11,36.28,36.33,36.04,36.08,31.7619,48400,0,0
2019-04-12,36.18,36.26,36.14,36.15,31.8235,37200,0,0
2019-04-15,35.87,36.09,35.87,36.05,31.7355,3200,0,0
2019-04-16,35.73,35.82,35.72,35.8,31.5154,13400,0,0
2019-04-17,35.77,35.77,35.69,35.71,31.4362,2600,0,0
2019-04-18,35.63,35.74,35.63,35.72,31.445,2800,0,0
2019-04-22,35.7,35.79,35.7,35.74,31.4626,2300,0,0
2019-04-23,35.46,35.63,35.46,35.58,31.3217,17900,0,0
2019-04-24,35.58,35.76,35.58,35.74,31.4626,18000,0,0
2019-04-25,35.75,35.81,35.74,35.75,31.4714,6800,0,0
2019-04-26,35.87,36.08,35.87,35.98,31.6738,19100,0,0
2019-04-29,35.91,35.91,35.77,35.78,31.4978,7300,0,0
2019-04-30,35.78,35.93,35.78,35.91,31.6122,7500,0,0
2019-05-01,35.83,35.85,35.57,35.57,31.3129,21200,0,0
2019-05-02,35.36,35.51,35.33,35.48,31.2337,194500,0,0
2019-05-03,35.66,35.84,35.66,35.78,31.4978,4800,0,0
2019-05-06,35.75,35.81,35.75,35.81,31.5242,1900,0,0
2019-05-07,35.81,35.9,35.81,35.9,31.6034,1100,0,0
2019-05-08,35.87,35.88,35.76,35.76,31.4802,8100,0,0
2019-05-09,35.86,35.88,35.78,35.78,31.4978,3900,0,0
2019-05-10,35.85,35.91,35.83,35.83,31.5418,7500,0,0
2019-05-13,36.08,36.16,36.08,36.12,31.7971,7900,0,0
2019-05-14,36.07,36.09,36.03,36.08,31.7619,6100,0,0
2019-05-15,36.12,36.13,36.03,36.05,31.7355,24600,0,0
2019-05-16,35.81,35.81,35.68,35.75,31.4714,11000,0,0
2019-05-17,35.53,35.53,35.42,35.47,31.2249,1400,0,0
2019-05-20,35.42,35.48,35.42,35.48,31.2337,1600,0,0
2019-05-21,35.27,35.41,35.27,35.41,31.1721,1200,0,0
2019-05-22,35.39,35.43,35.39,35.39,31.1545,1000,0,0
2019-05-23,35.55,35.75,35.55,35.69,31.4186,17100,0,0
2019-05-24,35.62,35.68,35.62,35.68,31.4098,3500,0,0
2019-05-28,35.48,35.48,35.38,35.47,31.2249,1300,0,0
2019-05-29,35.56,35.6,35.49,35.49,31.2425,33600,0,0
2019-05-30,35.56,35.75,35.56,35.75,31.4714,2300,0,0
2019-05-31,35.97,36.18,35.92,36.17,31.8411,42500,0,0
2019-06-03,36.43,36.67,36.38,36.67,32.2813,7700,0,0
2019-06-04,36.64,36.73,36.62,36.73,32.3341,283400,0,0
2019-06-05,36.8,36.8,36.74,36.76,32.3605,2100,0,0
2019-06-06,36.9,37.02,36.86,36.86,32.4485,26200,0,0
2019-06-07,37.27,37.27,37.1,37.11,32.6686,18700,0,0
2019-06-10,36.76,36.77,36.6,36.68,32.2901,37100,0,0
2019-06-11,36.55,36.73,36.55,36.66,32.2725,16900,0,0
2019-06-12,36.83,36.94,36.8,36.81,32.4045,16500,0,0
2019-06-13,36.94,37.06,36.94,37.05,32.6158,66800,0,0
2019-06-14,37.3,37.3,37,37.02,32.5894,10800,0,0
2019-06-17,37.11,37.12,36.98,37.03,32.5982,24700,0,0
2019-06-18,37.31,37.31,37.08,37.25,32.7919,20300,0,0
2019-06-19,37.17,37.46,37.17,37.45,32.9679,50000,0,0
2019-06-20,38.13,38.4,38.13,38.4,33.8042,18800,0,0
2019-06-21,38.5,38.57,38.29,38.52,33.9099,14700,0,0
2019-06-24,38.74,39.02,38.68,39.02,34.35,19100,0,0
2019-06-25,39.17,39.4,38.87,39.05,34.3764,82000,0,0
2019-06-26,38.71,38.88,38.6,38.7,34.0683,7200,0,0
2019-06-27,38.58,38.68,38.57,38.68,34.0507,3800,0,0
2019-06-28,38.76,38.8,38.6,38.74,34.1035,19400,0,0
2019-07-01,38.32,38.48,38.11,38.11,33.5489,295000,0,0
2019-07-02,38.26,38.9,38.26,38.86,34.2092,69600,0,0
2019-07-03,38.85,39.04,38.85,38.96,34.2972,267300,0,0
2019-07-05,38.27,38.47,38.17,38.47,33.8658,2400,0,0
2019-07-08,38.51,38.51,38.28,38.28,33.6986,6500,0,0
2019-07-09,38.28,38.48,38.28,38.42,33.8218,3700,0,0
2019-07-10,38.73,38.99,38.73,38.99,34.3236,3700,0,0
2019-07-11,38.86,38.88,38.69,38.69,34.0595,7300,0,0
2019-07-12,38.69,38.89,38.68,38.89,34.2356,1400,0,0
2019-07-15,38.82,38.97,38.82,38.97,34.306,7400,0,0
2019-07-16,38.87,39.03,38.72,38.75,34.1123,242400,0,0
2019-07-17,39,39.48,39,39.48,34.755,2100,0,0
2019-07-18,39.38,40.13,39.38,40.13,35.3272,54300,0,0
2019-07-19,39.95,40.05,39.51,39.54,34.8078,51500,0,0
2019-07-22,39.65,39.72,39.63,39.63,34.887,27200,0,0
2019-07-23,39.68,39.69,39.45,39.45,34.7286,2400,0,0
2019-07-24,39.78,39.78,39.66,39.72,34.9662,5900,0,0
2019-07-25,39.6,39.6,39.39,39.39,34.6757,29200,0,0
2019-07-26,39.62,39.65,39.44,39.44,34.7197,4400,0,0
2019-07-29,39.49,39.69,39.41,39.69,34.9398,4700,0,0
2019-07-30,39.8,39.89,39.69,39.86,35.0895,12600,0,0
2019-07-31,39.83,39.88,39.24,39.29,34.5877,80600,0,0
2019-08-01,38.96,40.06,38.96,40.06,35.2655,34300,0,0
2019-08-02,39.71,40.11,39.71,39.92,35.1423,133100,0,0
2019-08-05,40.43,40.64,40.37,40.38,35.5472,15000,0,0
2019-08-06,40.53,40.72,40.47,40.7,35.8289,11700,0,0
2019-08-07,41.47,41.84,41.47,41.51,36.542,92800,0,0
2019-08-08,41.31,41.78,41.31,41.64,36.6564,32200,0,0
2019-08-09,41.56,41.72,41.45,41.52,36.5508,7600,0,0
2019-08-12,41.67,42,41.59,41.89,36.8765,86100,0,0
2019-08-13,41.95,41.95,41.07,41.56,36.586,72200,0,0
2019-08-14,42.05,42.21,41.83,41.98,36.9558,32300,0,0
2019-08-15,42.03,42.2,41.96,42.17,37.123,27300,0,0
2019-08-16,41.82,42,41.77,41.89,36.8765,8600,0,0
2019-08-19,41.47,41.62,41.36,41.43,36.4716,13500,0,0
2019-08-20,41.61,41.8,41.61,41.8,36.7973,27800,0,0
2019-08-21,41.64,41.73,41.63,41.66,36.6741,8200,0,0
2019-08-22,41.61,41.61,41.53,41.57,36.5948,11100,0,0
2019-08-23,41.77,42.38,41.72,42.36,37.2903,5700,0,0
2019-08-26,42.61,42.7,42.46,42.49,37.4047,5700,0,0
2019-08-27,42.7,43.05,42.66,43.05,37.8977,69300,0,0
2019-08-28,42.98,43.11,42.9,43.02,37.8713,28100,0,0
2019-08-29,43.16,43.16,42.52,42.77,37.6512,32400,0,0
2019-08-30,42.67,42.86,42.52,42.67,37.5632,38600,0,0
2019-09-03,43.16,43.65,43.14,43.59,38.3731,265400,0,0
2019-09-04,43.58,43.96,43.58,43.96,38.6988,90700,0,0
2019-09-05,43.46,43.46,42.34,42.67,37.5632,101500,0,0
2019-09-06,42.87,42.92,42.12,42.15,37.1054,9700,0,0
2019-09-09,42.38,42.38,42.02,42.02,36.991,2400,0,0
2019-09-10,42.13,42.13,41.73,41.73,36.7357,19800,0,0
2019-09-11,41.71,41.99,41.71,41.95,36.9293,32900,0,0
2019-09-12,42.29,42.45,41.97,42.04,37.0086,40500,0,0
2019-09-13,42.08,42.08,41.41,41.46,36.498,6500,0,0
2019-09-16,42.12,42.12,41.82,41.92,36.9029,218900,0,0
2019-09-17,42.05,42.14,42.03,42.04,37.0086,4000,0,0
2019-09-18,42.07,42.16,41.48,41.7,36.7093,9000,0,0
2019-09-19,41.91,41.98,41.82,41.83,36.8237,4100,0,0
2019-09-20,41.9,42.36,41.9,42.35,37.2815,4700,0,0
2019-09-23,42.69,42.88,42.53,42.85,37.7216,3300,0,0
2019-09-24,42.62,43.07,42.56,43.05,37.8977,8000,0,0
2019-09-25,42.85,42.86,42.03,42.05,37.0174,8000,0,0
2019-09-26,42.22,42.25,41.97,42.04,37.0086,483200,0,0
2019-09-27,41.4,41.8,41.4,41.7,36.7093,17300,0,0
2019-09-30,41.16,41.3,40.75,40.98,36.0754,8600,0,0
2019-10-01,40.82,41.39,40.74,41.27,36.3307,33700,0,0
2019-10-02,41.63,41.87,41.55,41.83,36.8237,77600,0,0
2019-10-03,41.89,42.12,41.89,41.91,36.8941,34600,0,0
2019-10-04,41.93,41.95,41.81,41.88,36.8677,9900,0,0
2019-10-07,41.84,41.86,41.56,41.58,36.6036,2700,0,0
2019-10-08,42.08,42.09,41.83,42.04,37.0086,34100,0,0
2019-10-09,42.01,42.16,41.98,42.07,37.035,17200,0,0
2019-10-10,41.9,41.9,41.56,41.64,36.6564,24900,0,0
2019-10-11,41.45,41.45,41.09,41.38,36.4276,49000,0,0
2019-10-14,41.65,41.7,41.56,41.62,36.6388,67100,0,0
2019-10-15,41.46,41.46,41.21,41.21,36.2779,5900,0,0
2019-10-16,41.26,41.49,41.26,41.47,36.5068,10200,0,0
2019-10-17,41.62,41.67,41.52,41.59,36.6124,8900,0,0
2019-10-18,41.59,41.61,41.53,41.56,36.586,13200,0,0
2019-10-21,41.66,41.69,41.33,41.35,36.4012,6100,0,0
2019-10-22,41.5,41.5,41.36,41.49,36.5244,2600,0,0
2019-10-23,41.54,41.67,41.54,41.57,36.5948,3300,0,0
2019-10-24,41.78,41.91,41.71,41.91,36.8941,26100,0,0
2019-10-25,42.21,42.21,41.98,42.08,37.0438,3700,0,0
2019-10-28,41.92,41.92,41.67,41.72,36.7269,900,0,0
2019-10-29,41.44,41.66,41.44,41.58,36.6036,22800,0,0
2019-10-30,41.66,41.81,41.53,41.78,36.7797,5700,0,0
2019-10-31,41.94,42.32,41.94,42.2,37.1494,4100,0,0
2019-11-01,42.09,42.33,42.09,42.26,37.2022,43100,0,0
2019-11-04,42.25,42.28,42.04,42.18,37.1318,208000,0,0
2019-11-05,41.6,41.6,41.32,41.4,36.4452,61000,0,0
2019-11-06,41.45,41.64,41.43,41.54,36.5684,5200,0,0
2019-11-07,41.03,41.03,40.65,40.77,35.8906,20300,0,0
2019-11-08,40.53,40.61,40.42,40.47,35.6265,6800,0,0
2019-11-11,40.48,40.48,40.31,40.4,35.5649,3100,0,0
2019-11-12,40.26,40.42,40.25,40.42,35.5825,6400,0,0
2019-11-13,40.52,40.65,40.52,40.65,35.7849,9400,0,0
2019-11-14,40.72,40.84,40.67,40.8,35.917,1700,0,0
2019-11-15,40.62,40.7,40.62,40.68,35.8113,2400,0,0
2019-11-18,40.74,40.86,40.69,40.86,35.9698,22100,0,0
2019-11-19,40.73,40.99,40.73,40.89,35.9962,5300,0,0
2019-11-20,40.88,40.95,40.74,40.94,36.0402,77600,0,0
2019-11-21,40.84,40.84,40.66,40.71,35.8377,4700,0,0
2019-11-22,40.75,40.79,40.6,40.63,35.7673,36700,0,0
2019-11-25,40.5,40.52,40.36,40.36,35.5296,4700,0,0
2019-11-26,40.35,40.65,40.35,40.65,35.7849,6400,0,0
2019-11-27,40.37,40.43,40.36,40.4,35.5649,2900,0,0
2019-11-29,40.41,40.64,40.41,40.62,35.7585,6700,0,0
2019-12-02,40.46,40.63,40.46,40.57,35.7145,36500,0,0
2019-12-03,40.89,41.08,40.89,40.98,36.0754,230900,0,0
2019-12-04,40.85,40.85,40.72,40.8,35.917,5400,0,0
2019-12-05,40.83,40.94,40.8,40.84,35.9522,11200,0,0
2019-12-06,40.39,40.39,40.23,40.29,35.468,25100,0,0
2019-12-09,40.36,40.39,40.28,40.28,35.4592,6100,0,0
2019-12-10,40.46,40.48,40.34,40.44,35.6001,4400,0,0
2019-12-11,40.44,40.74,40.44,40.74,35.8642,3800,0,0
2019-12-12,41.01,41.01,40.49,40.67,35.8025,12300,0,0
2019-12-13,40.65,40.83,40.57,40.8,35.917,33600,0,0
2019-12-16,40.94,40.94,40.8,40.88,35.9874,24800,0,0
2019-12-17,40.75,40.9,40.75,40.82,35.9346,15400,0,0
2019-12-18,40.83,40.83,40.78,40.83,35.9434,82500,0,0
2019-12-19,40.83,41.01,40.82,40.94,36.0402,324700,0,0
2019-12-20,40.97,41,40.87,40.94,36.0402,43800,0,0
2019-12-23,40.44,40.73,40.44,40.72,36.3122,8000,0.525,0
2019-12-24,40.9,41.26,40.9,41.19,36.7313,2800,0,0
2019-12-26,41.41,41.64,41.41,41.54,37.0434,8600,0,0
2019-12-27,41.55,41.62,41.44,41.44,36.9543,9200,0,0
2019-12-30,41.52,41.59,41.52,41.57,37.0702,6100,0,0
2019-12-31,41.9,41.9,41.61,41.61,37.1059,8200,0,0
2020-01-02,41.86,41.99,41.76,41.92,37.3823,41300,0,0
2020-01-03,42.19,42.45,42.19,42.37,37.7836,445300,0,0
2020-01-06,43.11,43.17,42.69,42.79,38.1581,10900,0,0
2020-01-07,42.89,43.04,42.89,43.03,38.3722,3900,0,0
2020-01-08,43.15,43.15,42.44,42.64,38.0244,91700,0,0
2020-01-09,42.24,42.39,42.24,42.32,37.739,17200,0,0
2020-01-10,42.41,42.63,42.41,42.59,37.9798,33700,0,0
2020-01-13,42.61,42.61,42.31,42.31,37.7301,3200,0,0
2020-01-14,42.1,42.17,42.01,42.17,37.6053,7800,0,0
2020-01-15,42.29,42.46,42.24,42.44,37.846,19700,0,0
2020-01-16,42.19,42.36,42.19,42.36,37.7747,8900,0,0
2020-01-17,42.43,42.58,42.43,42.47,37.8728,11100,0,0
2020-01-21,42.15,42.42,42.15,42.42,37.8282,9200,0,0
2020-01-22,42.46,42.46,42.39,42.43,37.8371,3600,0,0
2020-01-23,42.47,42.6,42.47,42.47,37.8728,4900,0,0
2020-01-24,42.5,42.88,42.5,42.8,38.1671,6500,0,0
2020-01-27,43.08,43.14,42.89,43.05,38.39,5000,0,0
2020-01-28,42.75,42.75,42.41,42.45,37.8549,2700,0,0
2020-01-29,42.46,42.69,42.46,42.69,38.069,1200,0,0
2020-01-30,42.91,43.03,42.8,42.82,38.1849,13200,0,0
2020-01-31,42.82,43.16,42.82,43.08,38.4168,15800,0,0
2020-02-03,44.11,44.11,42.56,42.69,38.069,9900,0,0
2020-02-04,42.41,42.41,42.16,42.21,37.6409,273800,0,0
2020-02-05,42.24,42.28,42.12,42.26,37.6855,2000,0,0
2020-02-06,42.54,42.57,42.41,42.57,37.962,14500,0,0
2020-02-07,42.45,42.68,42.45,42.63,38.0155,111500,0,0
2020-02-10,42.67,42.8,42.67,42.67,38.0511,1200,0,0
2020-02-11,42.43,42.49,42.43,42.49,37.8906,1300,0,0
2020-02-12,42.37,42.44,42.35,42.35,37.7658,2000,0,0
2020-02-13,42.63,42.71,42.62,42.63,38.0155,12400,0,0
2020-02-14,42.74,42.85,42.74,42.81,38.176,3600,0,0
2020-02-18,42.99,43.54,42.99,43.51,38.8002,12800,0,0
2020-02-19,43.52,43.84,43.52,43.84,39.0945,4600,0,0
2020-02-20,43.8,43.94,43.8,43.94,39.1837,2200,0,0
2020-02-21,44.36,44.63,44.36,44.5,39.683,7100,0,0
2020-02-24,45.47,45.47,44.77,44.9,40.0397,23600,0,0
2020-02-25,44.52,44.55,43.76,43.89,39.1391,52700,0,0
2020-02-26,44.06,44.24,44.01,44.03,39.2639,8900,0,0
2020-02-27,44.34,44.42,43.89,43.89,39.1391,26600,0,0
2020-02-28,43.1,43.1,41.71,41.98,37.4358,8900,0,0
2020-03-02,42.27,42.6,42.14,42.14,37.5785,38100,0,0
2020-03-03,42.74,43.78,42.74,43.48,38.7734,184700,0,0
2020-03-04,43.69,43.69,43.45,43.53,38.818,399900,0,0
2020-03-05,43.94,44.45,43.93,44.41,39.6028,53400,0,0
2020-03-06,44.73,44.74,43.72,44.29,39.4958,19300,0,0
2020-03-09,44.29,44.29,43.79,44.1,39.3263,93100,0,0
2020-03-10,43.78,43.8,43.31,43.36,38.6664,84100,0,0
2020-03-11,43.81,43.88,43.09,43.2,38.5238,29300,0,0
2020-03-12,41.8,42.31,41.16,41.29,36.8205,19900,0,0
2020-03-13,41.56,41.56,39.46,39.73,35.4294,104600,0,0
2020-03-16,37.45,38.74,35.14,38.67,34.4841,45200,0,0
2020-03-17,40.51,41.92,38.05,39.06,34.8319,26100,0,0
2020-03-18,38.42,38.42,37.61,37.99,33.8777,13600,0,0
2020-03-19,37.53,37.89,37.45,37.52,33.4586,51900,0,0
2020-03-20,38.07,38.25,37.71,37.96,33.851,7000,0,0
2020-03-23,38.27,39.89,38.27,39.2,34.9567,28100,0,0
2020-03-24,41.23,42.36,39.01,42.36,37.7747,292600,0,0
2020-03-25,41.8,42.17,41.49,42.09,37.5339,50200,0,0
2020-03-26,42.85,42.85,39.24,40.67,36.2676,40400,0,0
2020-03-27,41.52,42.45,41.52,42.12,37.5607,27100,0,0
2020-03-30,41.62,42.09,41.62,42.02,37.4715,25900,0,0
2020-03-31,41.4,41.58,40.74,40.74,36.33,8700,0,0
2020-04-01,40.51,41.04,40.51,41.04,36.5976,91400,0,0
2020-04-02,41.59,42.13,41.58,41.99,37.4447,48900,0,0
2020-04-03,41.83,42.24,41.83,42.19,37.6231,25800,0,0
2020-04-06,42.71,43.9,42.71,43.69,38.9607,41800,0,0
2020-04-07,43.58,43.69,43.09,43.3,38.6129,4400,0,0
2020-04-08,43.48,43.53,43.08,43.08,38.4168,1500,0,0
2020-04-09,44.56,45.2,44.39,44.61,39.7811,11700,0,0
2020-04-13,44.62,45.51,44.54,45.37,40.4589,6000,0,0
2020-04-14,45.72,46.13,45.16,45.37,40.4589,11800,0,0
2020-04-15,44.81,45.08,44.7,44.83,39.9773,1600,0,0
2020-04-16,44.9,45.25,44.43,44.83,39.9773,13200,0,0
2020-04-17,44.17,44.17,43.56,43.73,38.9964,10100,0,0
2020-04-20,43.56,44.29,43.56,43.99,39.2282,19600,0,0
2020-04-21,43.15,43.58,43.09,43.58,38.8626,9600,0,0
2020-04-22,44.21,45.22,44.11,45.22,40.3251,25200,0,0
2020-04-23,44.95,45.09,44.68,44.89,40.0308,9100,0,0
2020-04-24,44.91,44.91,44.35,44.65,39.8168,4500,0,0
2020-04-27,44.83,44.83,44.26,44.34,39.5404,7900,0,0
2020-04-28,44.4,44.4,44.11,44.18,39.3977,19700,0,0
2020-04-29,44.2,44.61,44.2,44.59,39.7633,4100,0,0
2020-04-30,44.24,44.3,43.58,43.87,39.1212,5100,0,0
2020-05-01,43.64,44.01,43.5,44.01,39.2461,21500,0,0
2020-05-04,44.13,44.15,43.85,44.07,39.2996,85800,0,0
2020-05-05,43.93,44.37,43.93,44.37,39.5671,900,0,0
2020-05-06,44.02,44.02,43.67,43.88,39.1302,1800,0,0
2020-05-07,44.16,44.74,44,44.74,39.8971,1900,0,0
2020-05-08,44.7,45,44.43,44.61,39.7811,5500,0,0
2020-05-11,44.39,44.41,44.15,44.3,39.5047,11900,0,0
2020-05-12,44.66,44.68,44.45,44.45,39.6385,900,0,0
2020-05-13,44.61,44.87,44.61,44.85,39.9952,5300,0,0
2020-05-14,44.79,45.46,44.79,45.42,40.5034,14100,0,0
2020-05-15,45.85,46.13,45.79,46.03,41.0474,12800,0,0
2020-05-18,46.22,46.27,45.75,45.78,40.8245,27300,0,0
2020-05-19,46.11,46.52,46.11,46.4,41.3774,5000,0,0
2020-05-20,46.65,46.75,46.57,46.64,41.5914,4800,0,0
2020-05-21,46.18,46.25,45.66,45.66,40.7175,3900,0,0
2020-05-22,46.02,46.1,46.02,46.1,41.1098,7000,0,0
2020-05-26,45.98,45.98,45.51,45.51,40.5837,4200,0,0
2020-05-27,44.81,45.75,44.81,45.73,40.7799,2200,0,0
2020-05-28,45.99,46.01,45.82,45.89,40.9226,6700,0,0
2020-05-29,46.36,46.61,46.34,46.34,41.3239,3200,0,0
2020-06-01,46.45,47,46.32,46.99,41.9035,177500,0,0
2020-06-02,46.73,46.87,46.17,46.36,41.3417,36100,0,0
2020-06-03,45.72,45.75,45.4,45.48,40.557,2800,0,0
2020-06-04,45.98,46.08,45.69,46.08,41.092,7700,0,0
2020-06-05,45.18,45.18,44.84,45.07,40.1913,5000,0,0
2020-06-08,45.45,45.9,45.37,45.75,40.7977,34000,0,0
2020-06-09,46.01,46.25,45.87,45.99,41.0118,5900,0,0
2020-06-10,46.27,46.84,45.84,46.82,41.7519,5400,0,0
2020-06-11,46.73,46.88,46.04,46.17,41.1723,3100,0,0
2020-06-12,46.52,46.54,46.09,46.2,41.199,2500,0,0
2020-06-15,45.29,46.07,45.29,46.04,41.0563,5000,0,0
2020-06-16,45.9,46.17,45.81,46.01,41.0296,85900,0,0
2020-06-17,45.96,46.23,45.96,46.23,41.2258,1400,0,0
2020-06-18,46.05,46.05,45.86,46.01,41.0296,2100,0,0
2020-06-19,46.42,46.65,46.25,46.65,41.6003,4600,0,0
2020-06-22,47,47.23,46.72,46.78,41.7162,26700,0,0
2020-06-23,47.32,47.34,47.2,47.29,42.171,4000,0,0
2020-06-24,47.24,47.24,46.84,46.94,41.8589,5900,0,0
2020-06-25,47.22,47.22,46.86,46.96,41.8767,5500,0,0
2020-06-26,46.56,47.31,46.56,47.17,42.064,5900,0,0
2020-06-29,47.34,47.34,47.08,47.23,42.1175,18100,0,0
2020-06-30,47.02,47.95,47.02,47.83,42.6526,14400,0,0
2020-07-01,47.74,47.74,47.07,47.57,42.4207,104600,0,0
2020-07-02,47.43,47.62,47.43,47.54,42.394,2500,0,0
2020-07-06,47.81,48.02,47.72,47.9,42.715,94700,0,0
2020-07-07,47.83,48.32,47.83,48.26,43.036,4000,0,0
2020-07-08,49,49,48.66,48.73,43.4552,5700,0,0
2020-07-09,48.9,48.92,48.33,48.5,43.2501,4800,0,0
2020-07-10,48.99,48.99,48.31,48.38,43.143,40500,0,0
2020-07-13,49,49.09,48.6,48.66,43.3927,25200,0,0
2020-07-14,48.49,48.89,48.48,48.84,43.5533,7900,0,0
2020-07-15,48.56,49.05,48.55,48.94,43.6424,5000,0,0
2020-07-16,48.78,48.93,48.42,48.44,43.1966,6800,0,0
2020-07-17,48.62,48.87,48.62,48.71,43.4373,16200,0,0
2020-07-20,48.94,49.29,48.94,49.2,43.8743,16800,0,0
2020-07-21,50,50.51,50,50.32,44.873,12400,0,0
2020-07-22,50.98,51.95,50.98,51.91,46.2909,31600,0,0
2020-07-23,51.94,52.56,51.55,51.88,46.2642,70200,0,0
2020-07-24,52.75,52.75,52.2,52.33,46.6655,24200,0,0
2020-07-27,53.85,54.04,53.56,53.96,48.119,93700,0,0
2020-07-28,53.48,54.19,53.27,54.1,48.2439,27500,0,0
2020-07-29,54.17,54.33,53.66,54.26,48.3866,27900,0,0
2020-07-30,53.56,53.79,53.03,53.43,47.6464,8700,0,0
2020-07-31,53.13,54.47,53.13,54.3,48.4222,8800,0,0
2020-08-03,54.09,54.67,53.9,54.4,48.5114,23800,0,0
2020-08-04,54.42,56.2,54.42,56.03,49.965,23300,0,0
2020-08-05,57.22,57.44,56.63,57.06,50.8835,36100,0,0
2020-08-06,58.14,58.53,57.86,58.47,52.1408,36800,0,0
2020-08-07,57.96,58.03,56.73,57.32,51.1153,33400,0,0
2020-08-10,57.76,58.28,57.32,57.35,51.1421,10600,0,0
2020-08-11,54.88,55.14,53.08,53.19,47.4324,120800,0,0
2020-08-12,54.12,54.5,53.31,53.32,47.5483,33300,0,0
2020-08-13,54.51,55.42,54.51,55,49.0465,31600,0,0
2020-08-14,54.68,54.74,53.91,54.26,48.3866,18500,0,0
2020-08-17,55.31,55.97,55.31,55.82,49.7777,9200,0,0
2020-08-18,56.88,56.88,55.93,56.38,50.2771,18900,0,0
2020-08-19,56.32,56.32,54.26,54.58,48.6719,26800,0,0
2020-08-20,54.14,55.23,54.14,55.22,49.2426,7500,0,0
2020-08-21,54.54,54.54,53.82,54.48,48.5827,13300,0,0
2020-08-24,54.58,54.62,53.79,53.84,48.012,17200,0,0
2020-08-25,53.96,54.24,53.59,54.24,48.3687,6900,0,0
2020-08-26,53.81,55.17,53.81,55.12,49.1535,9100,0,0
2020-08-27,55.83,55.83,53.81,54.47,48.5738,6800,0,0
2020-08-28,55.39,55.72,55.08,55.17,49.1981,6300,0,0
2020-08-31,55.79,55.99,55.63,55.81,49.7688,17200,0,0
2020-09-01,56.67,56.67,55.45,55.78,49.742,15600,0,0
2020-09-02,55.37,55.37,54.49,54.82,48.8859,70600,0,0
2020-09-03,54.95,54.95,53.82,54.2,48.3331,6800,0,0
2020-09-04,54.26,54.54,53.66,54.38,48.4936,8200,0,0
2020-09-08,53.36,54.45,53.1,54.03,48.1814,9900,0,0
2020-09-09,54.56,54.79,54.34,54.76,48.8324,4500,0,0
2020-09-10,54.91,55.17,54.27,54.51,48.6095,5100,0,0
2020-09-11,54.79,54.79,54.28,54.5,48.6006,4400,0,0
2020-09-14,55,55.17,54.87,54.91,48.9662,6000,0,0
2020-09-15,55.32,55.32,54.76,54.89,48.9484,9500,0,0
2020-09-16,55.74,55.74,54.6,54.81,48.877,10400,0,0
2020-09-17,54.24,54.67,53.99,54.67,48.7522,9500,0,0
2020-09-18,54.69,54.96,54.52,54.58,48.6719,11800,0,0
2020-09-21,53.5,53.5,51.66,52.82,47.1024,9200,0,0
2020-09-22,52.44,52.62,52.26,52.37,46.7011,3300,0,0
2020-09-23,51.54,51.54,50.48,50.73,45.2387,7900,0,0
2020-09-24,50.07,51.27,50.07,50.9,45.3903,13700,0,0
2020-09-25,50.67,50.9,50.5,50.8,45.3011,9000,0,0
2020-09-28,51.25,51.64,50.98,51.62,46.0323,9600,0,0
2020-09-29,51.56,52.29,51.56,52.15,46.505,6600,0,0
2020-09-30,52,52.06,51.34,51.34,45.7826,5700,0,0
2020-10-01,52.13,52.44,51.8,52.16,46.5139,7600,0,0
2020-10-02,52.16,52.46,51.97,52.1,46.4604,44500,0,0
2020-10-05,52.49,52.77,52.26,52.59,46.8973,39400,0,0
2020-10-06,52.77,52.77,51.61,51.61,46.0234,4500,0,0
2020-10-07,51.41,51.75,51.41,51.68,46.0858,4400,0,0
2020-10-08,52.11,52.11,51.62,51.77,46.1661,4100,0,0
2020-10-09,52.84,53.3,52.55,53.24,47.477,4500,0,0
2020-10-12,53.12,53.17,52.96,53.11,47.361,7300,0,0
2020-10-13,52.24,52.24,51.84,52.04,46.4069,2600,0,0
2020-10-14,52.43,52.62,52.18,52.28,46.6209,3700,0,0
2020-10-15,51.88,52.39,51.88,52.37,46.7011,8100,0,0
2020-10-16,52.59,52.59,52.13,52.24,46.5852,15600,0,0
2020-10-19,52.6,52.65,52.14,52.19,46.5406,3600,0,0
2020-10-20,52.15,52.76,52.15,52.63,46.933,5700,0,0
2020-10-21,53.01,53.23,53.01,53.07,47.3254,3800,0,0
2020-10-22,52.41,52.59,52.16,52.45,46.7725,7200,0,0
2020-10-23,52.51,52.51,52.22,52.49,46.8081,3400,0,0
2020-10-26,52.47,52.47,52.12,52.19,46.5406,14300,0,0
2020-10-27,52.21,52.45,52.21,52.39,46.719,10000,0,0
2020-10-28,51.38,51.38,50.9,51.27,45.7202,5300,0,0
2020-10-29,50.68,51.02,50.68,51,45.4794,3500,0,0
2020-10-30,51.25,51.51,51.25,51.34,45.7826,3400,0,0
2020-11-02,51.87,51.9,51.54,51.9,46.282,58900,0,0
2020-11-03,52.34,52.34,52.05,52.17,46.5228,62100,0,0
2020-11-04,52.17,52.19,51.75,51.9,46.282,12200,0,0
2020-11-05,52.79,53.66,52.79,53.66,47.8515,9900,0,0
2020-11-06,53.83,53.89,53.49,53.89,48.0566,3900,0,0
2020-11-09,51.75,51.75,50.64,51.22,45.6756,11500,0,0
2020-11-10,51.6,51.78,51.34,51.34,45.7826,5200,0,0
2020-11-11,50.85,51.27,50.85,51.18,45.64,19800,0,0
2020-11-12,51.65,51.65,51.37,51.44,45.8718,3100,0,0
2020-11-13,52.14,52.14,51.74,51.84,46.2285,4300,0,0
2020-11-16,51.75,51.97,51.75,51.94,46.3177,4300,0,0
2020-11-17,51.92,51.92,51.61,51.69,46.0947,6100,0,0
2020-11-18,51.53,51.78,51.2,51.21,45.6667,8000,0,0
2020-11-19,50.59,51.13,50.59,51.13,45.5954,4600,0,0
2020-11-20,51.54,51.54,51.35,51.36,45.8005,1800,0,0
2020-11-23,50.99,51.22,50.09,50.24,44.8017,5900,0,0
2020-11-24,49.42,49.56,49.2,49.41,44.0615,31000,0,0
2020-11-25,49.46,49.82,49.43,49.44,44.0883,33100,0,0
2020-11-27,48.43,48.79,48.33,48.79,43.5087,3500,0,0
2020-11-30,48.38,48.68,48.18,48.56,43.3036,116500,0,0
2020-12-01,49.51,50.04,49.46,49.84,44.445,149500,0,0
2020-12-02,49.81,50.26,49.69,50.15,44.7215,122800,0,0
2020-12-03,50.45,50.53,50.1,50.53,45.0603,4100,0,0
2020-12-04,50.66,50.66,50.3,50.46,44.9979,8700,0,0
2020-12-07,50.37,51.38,50.37,51.22,45.6756,13600,0,0
2020-12-08,51.41,51.61,51.26,51.31,45.7559,9500,0,0
2020-12-09,50.9,50.9,49.99,50.38,44.9265,12300,0,0
2020-12-10,50.73,50.73,50.26,50.42,44.9622,17400,0,0
2020-12-11,50.23,50.63,50.21,50.38,44.9265,35900,0,0
2020-12-14,50.43,50.43,50.1,50.14,44.7125,8400,0,0
2020-12-15,50.8,50.97,50.76,50.95,45.4349,3100,0,0
2020-12-16,51.08,51.57,50.84,51.57,45.9877,14100,0,0
2020-12-17,52.36,52.6,52.25,52.3,46.6387,16700,0,0
2020-12-18,52.21,52.3,52.06,52.12,46.4782,15800,0,0
2020-12-21,52.32,52.44,52.2,52.26,46.603,8300,0,0
2020-12-22,52.05,52.05,51.42,51.42,45.854,4900,0,0
2020-12-23,51.88,51.99,51.86,51.86,46.2463,2800,0,0
2020-12-24,51.99,52.12,51.99,52.12,46.4782,5600,0,0
2020-12-28,52.63,52.8,52.07,52.12,46.4782,2700,0,0
2020-12-29,52.33,52.48,52.22,52.25,46.5941,9100,0,0
2020-12-30,52.26,52.72,52.26,52.72,47.0133,13300,0,0
2020-12-31,52.74,52.8,52.64,52.76,47.0489,11800,0,0
2021-01-04,54.19,54.25,53.66,54.06,48.2082,31300,0,0
2021-01-05,54.35,54.44,54,54.42,48.5292,108600,0,0
2021-01-06,53.86,53.86,52.98,53.5,47.7088,5300,0,0
2021-01-07,53.35,53.46,53.18,53.34,47.5661,3700,0,0
2021-01-08,52.55,52.55,50.47,51.11,45.5775,10300,0,0
2021-01-11,50.51,51.07,50.51,50.86,45.3546,7000,0,0
2021-01-12,50.95,51.4,50.83,51.36,45.8005,7400,0,0
2021-01-13,51.28,51.45,51.01,51.01,45.4884,12400,0,0
2021-01-14,51.05,51.46,50.98,51.11,45.5775,239700,0,0
2021-01-15,50.79,50.79,50.12,50.25,44.8106,41500,0,0
2021-01-19,51,51,50.57,50.67,45.1852,15100,0,0
2021-01-20,51.35,51.67,51.35,51.59,46.0056,6900,0,0
2021-01-21,51.57,51.72,51.45,51.72,46.1215,2500,0,0
2021-01-22,51,51.22,51,51.12,45.5864,4400,0,0
2021-01-25,51.33,51.44,50.94,51.1,45.5686,4400,0,0
2021-01-26,51.05,51.2,51.05,51.05,45.524,3800,0,0
2021-01-27,50.64,50.87,50.37,50.68,45.1941,2600,0,0
2021-01-28,51.58,51.94,51,51.38,45.8183,9600,0,0
2021-01-29,52.02,52.15,51.36,51.36,45.8005,4900,0,0
2021-02-01,53.03,53.16,52.35,52.61,46.9152,21400,0,0
2021-02-02,51.2,51.39,51.02,51.05,45.524,75500,0,0
2021-02-03,51.34,51.41,51.07,51.23,45.6845,93100,0,0
2021-02-04,50.12,50.22,49.76,50.09,44.6679,9500,0,0
2021-02-05,50.53,50.82,50.52,50.69,45.203,5500,0,0
2021-02-08,51.46,51.59,51.3,51.3,45.747,28300,0,0
2021-02-09,51.36,51.53,51.36,51.39,45.8272,4200,0,0
2021-02-10,51.63,51.65,51.34,51.4,45.8361,15300,0,0
2021-02-11,51.5,51.52,50.96,51.09,45.5597,4000,0,0
2021-02-12,51.04,51.35,50.9,51.06,45.5329,9300,0,0
2021-02-16,50.4,51.11,50.35,50.55,45.0781,12000,0,0
2021-02-17,50.28,50.3,49.96,50.13,44.7036,5500,0,0
2021-02-18,50.31,50.31,49.92,49.96,44.552,4500,0,0
2021-02-19,50.22,50.5,50.13,50.22,44.7839,4400,0,0
2021-02-22,50.63,51.24,50.63,51.24,45.6935,4300,0,0
2021-02-23,51.15,51.15,50.68,50.78,45.2832,8500,0,0
2021-02-24,50.45,50.91,50.34,50.91,45.3992,6800,0,0
2021-02-25,50.43,50.43,49.99,50.05,44.6323,9700,0,0
2021-02-26,49.55,49.55,48.47,48.79,43.5087,4800,0,0
2021-03-01,49.08,49.11,48.5,48.64,43.3749,9000,0,0
2021-03-02,48.63,49.14,48.5,48.99,43.687,99100,0,0
2021-03-03,48.25,48.65,47.9,48.23,43.0093,7500,0,0
2021-03-04,48.11,48.37,47.41,47.58,42.4296,11000,0,0
2021-03-05,47.43,47.7,47.43,47.55,42.4029,3700,0,0
2021-03-08,47.4,47.41,47.01,47.1,42.0016,4700,0,0
2021-03-09,48.14,48.31,48.04,48.2,42.9825,5000,0,0
2021-03-10,48.31,48.49,48.23,48.49,43.2411,1700,0,0
2021-03-11,48.42,48.46,48.34,48.34,43.1074,3100,0,0
2021-03-12,47.71,48.32,47.71,48.32,43.0895,3900,0,0
2021-03-15,48.46,48.66,48.34,48.64,43.3749,3200,0,0
2021-03-16,48.68,48.68,48.34,48.55,43.2946,9100,0,0
2021-03-17,48.56,49.13,48.3,49.03,43.7227,12300,0,0
2021-03-18,48.23,48.65,48.21,48.59,43.3303,2200,0,0
2021-03-19,48.6,48.93,48.6,48.86,43.5711,2100,0,0
2021-03-22,48.4,48.7,48.4,48.63,43.366,7800,0,0
2021-03-23,48.4,48.4,48.01,48.12,42.9112,4200,0,0
2021-03-24,48.21,48.4,48.15,48.18,42.9647,1500,0,0
2021-03-25,48.18,48.44,48,48.02,42.822,5200,0,0
2021-03-26,47.92,48.25,47.92,48.1,42.8934,2600,0,0
2021-03-29,47.81,47.81,47.32,47.5,42.3583,3400,0,0
2021-03-30,46.88,46.88,46.51,46.59,41.5468,3700,0,0
2021-03-31,46.7,47.4,46.7,47.32,42.1978,5300,0,0
2021-04-01,47.9,48.09,47.72,48.09,42.8844,8700,0,0
2021-04-05,47.99,48.05,47.78,47.93,42.7418,92800,0,0
2021-04-06,48.24,48.47,48.11,48.43,43.1876,21300,0,0
2021-04-07,48.3,48.4,48.24,48.34,43.1074,14400,0,0
2021-04-08,48.8,48.9,48.79,48.79,43.5087,2700,0,0
2021-04-09,48.3,48.63,48.26,48.44,43.1966,11600,0,0
2021-04-12,48.15,48.26,47.88,48,42.8042,9400,0,0
2021-04-13,48.51,48.63,48.46,48.51,43.259,5000,0,0
2021-04-14,48.27,48.41,48.27,48.37,43.1341,8300,0,0
2021-04-15,48.9,49.32,48.79,49.19,43.8654,9500,0,0
2021-04-16,49.51,49.67,49.45,49.51,44.1507,10100,0,0
2021-04-19,49.35,49.4,49.21,49.25,43.9189,3100,0,0
2021-04-20,49.16,49.58,49.16,49.47,44.1151,8600,0,0
2021-04-21,50.05,50.17,49.98,50.13,44.7036,5100,0,0
2021-04-22,49.76,49.84,49.54,49.66,44.2845,8600,0,0
2021-04-23,49.69,49.69,49.3,49.39,44.0437,5800,0,0
2021-04-26,49.48,49.66,49.48,49.62,44.2488,4200,0,0
2021-04-27,49.79,49.79,49.58,49.58,44.2131,6400,0,0
2021-04-28,49.25,49.62,49.25,49.62,44.2488,2500,0,0
2021-04-29,49.15,49.42,49.02,49.42,44.0705,4700,0,0
2021-04-30,49.43,49.43,49.15,49.19,43.8654,3000,0,0
2021-05-03,49.86,50.28,49.82,50.18,44.7482,17200,0,0
2021-05-04,50.19,50.38,49.42,49.68,44.3023,78400,0,0
2021-05-05,49.73,49.9,49.73,49.89,44.4896,8700,0,0
2021-05-06,50.22,50.9,50.22,50.82,45.3189,3900,0,0
2021-05-07,51.32,51.44,51.17,51.33,45.7737,7700,0,0
2021-05-10,51.74,51.8,51.17,51.38,45.8183,26900,0,0
2021-05-11,51,51.49,50.85,51.47,45.8986,126300,0,0
2021-05-12,51.29,51.39,50.83,50.83,45.3278,9000,0,0
2021-05-13,50.65,51.05,50.65,51.05,45.524,9000,0,0
2021-05-14,51.36,51.5,51.25,51.5,45.9253,6200,0,0
2021-05-17,51.78,52.39,51.56,52.28,46.6209,19100,0,0
2021-05-18,52.59,52.59,52.21,52.45,46.7725,3600,0,0
2021-05-19,52.32,52.79,52.09,52.24,46.5852,14100,0,0
2021-05-20,52.37,52.58,52.21,52.37,46.7011,10400,0,0
2021-05-21,52.73,52.73,52.12,52.36,46.6922,13900,0,0
2021-05-24,52.52,52.55,52.3,52.55,46.8617,4400,0,0
2021-05-25,52.3,52.98,52.3,52.95,47.2184,10900,0,0
2021-05-26,53.09,53.09,52.6,52.74,47.0311,4900,0,0
2021-05-27,52.78,52.93,52.54,52.86,47.1381,5500,0,0
2021-05-28,52.73,53.03,52.73,53.03,47.2897,700,0,0
2021-06-01,53.2,53.29,52.9,52.95,47.2184,116900,0,0
2021-06-02,53.09,53.27,53.04,53.25,47.4859,50800,0,0
2021-06-03,52.34,52.34,51.93,52.12,46.4782,9100,0,0
2021-06-04,52.33,52.83,52.33,52.73,47.0222,5000,0,0
2021-06-07,52.75,52.96,52.53,52.84,47.1203,14200,0,0
2021-06-08,52.59,52.83,52.58,52.83,47.1113,16000,0,0
2021-06-09,52.65,52.77,52.63,52.63,46.933,11000,0,0
2021-06-10,52.57,52.92,52.57,52.92,47.1916,2800,0,0
2021-06-11,52.76,52.76,52.37,52.37,46.7011,3100,0,0
2021-06-14,51.69,52.23,51.59,52.11,46.4693,4600,0,0
2021-06-15,51.99,52.03,51.67,51.92,46.2998,9900,0,0
2021-06-16,51.85,52.03,50.97,50.97,45.4527,117200,0,0
2021-06-17,49.71,49.76,49.11,49.21,43.8832,10300,0,0
2021-06-18,49.33,49.46,49.11,49.11,43.794,5300,0,0
2021-06-21,49.23,49.47,49.23,49.47,44.1151,1600,0,0
2021-06-22,49.43,49.44,49.23,49.28,43.9456,2000,0,0
2021-06-23,49.2,49.86,49.2,49.28,43.9456,9800,0,0
2021-06-24,49.61,49.61,49.26,49.26,43.9278,4900,0,0
2021-06-25,49.81,49.81,49.35,49.42,44.0705,4400,0,0
2021-06-28,49.6,49.6,49.45,49.54,44.1775,3700,0,0
2021-06-29,48.86,49.02,48.72,48.97,43.6692,2300,0,0
2021-06-30,49.04,49.28,49.04,49.21,43.8832,5800,0,0
2021-07-01,49.45,49.64,49.21,49.41,44.0615,35000,0,0
2021-07-02,49.84,49.86,49.58,49.86,44.4628,6100,0,0
2021-07-06,50.3,50.3,49.76,49.85,44.4539,131000,0,0
2021-07-07,50.13,50.13,49.94,49.98,44.5698,6900,0,0
2021-07-08,50.3,50.3,49.69,49.81,44.4183,5100,0,0
2021-07-09,49.78,50.2,49.78,50.08,44.659,8400,0,0
2021-07-12,49.92,50.15,49.66,50.04,44.6234,3300,0,0
2021-07-13,50.19,50.24,50,50,44.5877,5800,0,0
2021-07-14,50.35,50.52,50.29,50.52,45.0514,3500,0,0
2021-07-15,50.6,50.69,50.39,50.58,45.1049,4300,0,0
2021-07-16,50.34,50.66,49.92,50.01,44.5966,10700,0,0
2021-07-19,49.83,49.83,49.62,49.7,44.3202,2200,0,0
2021-07-20,49.56,49.56,49.56,49.56,44.1953,400,0,0
2021-07-21,49.47,49.61,49.47,49.59,44.2221,6000,0,0
2021-07-22,49.37,49.76,49.37,49.72,44.338,3500,0,0
2021-07-23,49.36,49.53,49.36,49.53,44.1686,1400,0,0
2021-07-26,49.44,49.58,49.33,49.43,44.0794,6800,0,0
2021-07-27,49.47,49.47,49.11,49.26,43.9278,17900,0,0
2021-07-28,49.13,49.62,49.12,49.62,44.2488,5100,0,0
2021-07-29,50.14,50.36,50.14,50.3,44.8552,4700,0,0
2021-07-30,50.16,50.16,49.81,49.84,44.445,1500,0,0
2021-08-02,49.56,50.04,49.56,49.87,44.4718,18800,0,0
2021-08-03,49.89,49.89,49.75,49.79,44.4004,5700,0,0
2021-08-04,50.5,50.5,49.7,49.74,44.3558,48200,0,0
2021-08-05,49.81,49.81,49.41,49.51,44.1507,15200,0,0
2021-08-06,48.47,48.47,48.1,48.1,42.8934,4000,0,0
2021-08-09,47.52,47.54,46.96,47.15,42.0462,2800,0,0
2021-08-10,46.96,47.18,46.96,47.05,41.957,1800,0,0
2021-08-11,47.38,47.69,47.38,47.65,42.4921,3300,0,0
2021-08-12,47.28,47.54,47.28,47.54,42.394,1200,0,0
2021-08-13,47.95,48.26,47.95,48.26,43.036,2500,0,0
2021-08-16,48.46,48.57,48.46,48.57,43.3125,3200,0,0
2021-08-17,48.59,48.63,48.31,48.41,43.1698,4800,0,0
2021-08-18,48.38,48.42,48.15,48.35,43.1163,5700,0,0
2021-08-19,48.34,48.34,48.05,48.12,42.9112,2100,0,0
2021-08-20,48.03,48.2,47.98,48.08,42.8755,2200,0,0
2021-08-23,48.73,48.87,48.72,48.78,43.4997,6400,0,0
2021-08-24,48.96,49.01,48.89,48.91,43.6157,3000,0,0
2021-08-25,48.58,48.66,48.58,48.61,43.3481,2100,0,0
2021-08-26,48.39,48.62,48.39,48.54,43.2857,3600,0,0
2021-08-27,48.43,49.33,48.43,49.33,43.9902,2100,0,0
2021-08-30,49.17,49.23,49.02,49.15,43.8297,6300,0,0
2021-08-31,49.06,49.22,49.02,49.15,43.8297,2600,0,0
2021-09-01,49.25,49.36,49.07,49.21,43.8832,14200,0,0
2021-09-02,49.04,49.14,48.96,49.04,43.7316,15600,0,0
2021-09-03,49.79,49.83,49.79,49.82,44.4272,800,0,0
2021-09-07,49.49,49.49,48.86,48.92,43.6246,5000,0,0
2021-09-08,48.52,48.64,48.51,48.64,43.3749,3300,0,0
2021-09-09,48.72,48.84,48.6,48.76,43.4819,3200,0,0
2021-09-10,48.79,48.79,48.48,48.48,43.2322,4100,0,0
2021-09-13,48.37,48.61,48.37,48.58,43.3214,2100,0,0
2021-09-14,48.52,48.9,48.52,48.89,43.5978,1900,0,0
2021-09-15,48.73,48.73,48.52,48.63,43.366,3100,0,0
2021-09-16,47.38,47.38,47.12,47.33,42.2067,9400,0,0
2021-09-17,47.25,47.25,47,47.09,41.9927,1500,0,0
2021-09-20,47.09,47.4,47.09,47.3,42.18,1000,0,0
2021-09-21,47.57,47.63,47.57,47.63,42.4742,1000,0,0
2021-09-22,47.73,48.04,47.58,47.58,42.4296,7700,0,0
2021-09-23,47.14,47.24,47.06,47.09,41.9927,7700,0,0
2021-09-24,46.75,47.07,46.75,46.96,41.8767,1300,0,0
2021-09-27,47.25,47.25,47.12,47.14,42.0373,1500,0,0
2021-09-28,46.69,46.74,46.65,46.69,41.636,2500,0,0
2021-09-29,46.37,46.37,46.06,46.12,41.1277,3100,0,0
2021-09-30,47.11,47.11,47.04,47.04,41.9481,600,0,0
2021-10-01,47.28,47.43,47.21,47.33,42.2067,24900,0,0
2021-10-04,47.21,47.54,47,47.54,42.394,9500,0,0
2021-10-05,47.34,47.44,47.34,47.36,42.2335,1500,0,0
2021-10-06,47.34,47.47,47.31,47.47,42.3315,2300,0,0
2021-10-07,47.29,47.4,47.2,47.23,42.1175,4000,0,0
2021-10-08,47.83,47.83,47.3,47.32,42.1978,5900,0,0
2021-10-11,47.07,47.34,47.07,47.19,42.0819,2300,0,0
2021-10-12,47.18,47.35,47.18,47.24,42.1264,6500,0,0
2021-10-13,48,48.29,48,48.22,43.0004,3100,0,0
2021-10-14,48.47,48.61,48.46,48.55,43.2946,1600,0,0
2021-10-15,47.87,47.87,47.72,47.83,42.6526,1900,0,0
2021-10-18,47.85,47.88,47.63,47.63,42.4742,5300,0,0
2021-10-19,48.36,48.42,47.94,48.03,42.8309,4900,0,0
2021-10-20,48.26,48.65,48.26,48.63,43.366,69700,0,0
2021-10-21,48.44,48.55,48.35,48.55,43.2946,3100,0,0
2021-10-22,49.03,49.45,48.5,48.81,43.5265,2600,0,0
2021-10-25,49.05,49.23,49.05,49.15,43.8297,3100,0,0
2021-10-26,48.84,48.84,48.58,48.72,43.4462,6900,0,0
2021-10-27,48.72,48.88,48.63,48.78,43.4997,9300,0,0
2021-10-28,48.99,49.06,48.7,48.79,43.5087,2900,0,0
2021-10-29,48.38,48.42,48.16,48.38,43.143,2500,0,0
2021-11-01,48.56,48.74,48.43,48.6,43.3392,31100,0,0
2021-11-02,48.51,48.51,48.24,48.32,43.0895,11700,0,0
2021-11-03,47.65,48.01,47.58,48.01,42.8131,23400,0,0
2021-11-04,48.41,48.64,48.41,48.56,43.3036,12200,0,0
2021-11-05,48.84,49.24,48.84,49.23,43.901,1400,0,0
2021-11-08,49.42,49.58,49.38,49.55,44.1864,2600,0,0
2021-11-09,49.6,49.61,49.33,49.61,44.2399,1200,0,0
2021-11-10,50.51,50.56,50.08,50.21,44.7749,4900,0,0
2021-11-11,50.61,50.68,50.55,50.68,45.1941,11400,0,0
2021-11-12,50.61,50.8,50.61,50.77,45.2743,8000,0,0
2021-11-15,50.54,50.72,50.47,50.62,45.1406,15000,0,0
2021-11-16,50.48,50.66,50.15,50.15,44.7215,10600,0,0
2021-11-17,50.63,50.7,50.63,50.66,45.1762,1400,0,0
2021-11-18,50.59,50.59,50.34,50.43,44.9711,5200,0,0
2021-11-19,50.44,50.44,50.04,50.04,44.6234,1500,0,0
2021-11-22,49.37,49.37,48.93,48.93,43.6335,3600,0,0
2021-11-23,48.39,48.41,48.02,48.41,43.1698,1300,0,0
2021-11-24,48.19,48.27,48.19,48.27,43.045,700,0,0
2021-11-26,48.61,48.61,47.92,48.03,42.8309,5100,0,0
2021-11-29,48.05,48.05,47.76,47.86,42.6793,19500,0,0
2021-11-30,48.52,48.52,47.55,47.69,42.5277,15900,0,0
2021-12-01,47.9,48.08,47.51,47.58,42.4296,28500,0,0
2021-12-02,47.27,47.39,47.15,47.29,42.171,61800,0,0
2021-12-03,47.43,47.72,47.33,47.69,42.5277,1500,0,0
2021-12-06,47.53,47.55,47.46,47.55,42.4029,600,0,0
2021-12-07,47.59,47.83,47.59,47.74,42.5723,1100,0,0
2021-12-08,47.53,47.75,47.53,47.7,42.5367,12800,0,0
2021-12-09,47.36,47.39,47.3,47.31,42.1889,3100,0,0
2021-12-10,47.64,47.64,47.52,47.52,42.3761,1400,0,0
2021-12-13,47.75,47.79,47.64,47.7,42.5367,2600,0,0
2021-12-14,47.1,47.27,47.1,47.19,42.0819,1700,0,0
2021-12-15,47.03,47.4,46.89,47.4,42.2691,4400,0,0
2021-12-16,47.64,48.08,47.64,48.01,42.8131,14600,0,0
2021-12-17,48.14,48.14,47.86,47.86,42.6793,5200,0,0
2021-12-20,47.81,47.86,47.65,47.65,42.4921,3700,0,0
2021-12-21,47.91,47.91,47.7,47.74,42.5723,13000,0,0
2021-12-22,48.05,48.26,48.05,48.26,43.036,2500,0,0
2021-12-23,48.26,48.43,48.26,48.4,43.1609,2600,0,0
2021-12-27,48.58,48.6,48.53,48.53,43.2768,1200,0,0
2021-12-28,48.41,48.59,48.35,48.41,43.1698,31400,0,0
2021-12-29,47.93,48.3,47.93,48.29,43.0628,2600,0,0
2021-12-30,48.43,48.68,48.38,48.67,43.4016,19400,0,0
2021-12-31,48.81,49.05,48.81,49.01,43.7048,2500,0,0
2022-01-03,48.2,48.37,48.07,48.18,42.9647,36700,0,0
2022-01-04,48.54,48.63,48.51,48.63,43.366,1600,0,0
2022-01-05,48.9,48.97,48.35,48.38,43.143,46700,0,0
2022-01-06,47.53,47.76,47.52,47.59,42.4386,3200,0,0
2022-01-07,47.66,47.88,47.66,47.88,42.6972,1600,0,0
2022-01-10,47.57,48,47.57,48,42.8042,3300,0,0
2022-01-11,48.38,48.59,48.38,48.59,43.3303,500,0,0
2022-01-12,48.81,48.86,48.81,48.86,43.5711,600,0,0
2022-01-13,48.72,48.74,48.49,48.68,43.4106,3600,0,0
2022-01-14,48.69,48.76,48.49,48.55,43.2946,24700,0,0
2022-01-18,48.66,48.88,48.56,48.65,43.3838,12400,0,0
2022-01-19,49.01,49.63,49.01,49.63,44.2577,5600,0,0
2022-01-20,49.82,49.82,49.61,49.61,44.2399,2100,0,0
2022-01-21,49.72,49.78,49.3,49.36,44.017,4700,0,0
2022-01-24,49.37,49.49,49.15,49.49,44.1329,6700,0,0
2022-01-25,49.3,49.7,49.28,49.59,44.2221,40900,0,0
2022-01-26,49.27,49.33,48.7,48.79,43.5087,5400,0,0
2022-01-27,48.06,48.28,47.81,47.91,42.7239,5600,0,0
2022-01-28,47.52,47.7,47.42,47.63,42.4742,3800,0,0
2022-01-31,47.7,47.92,47.7,47.89,42.7061,1900,0,0
2022-02-01,48.02,48.23,47.93,47.98,42.7863,13000,0,0
2022-02-02,47.9,48.27,47.9,48.12,42.9112,61100,0,0
2022-02-03,47.9,48.07,47.56,48.04,42.8398,2000,0,0
2022-02-04,47.91,48.11,47.91,48.1,42.8934,3000,0,0
2022-02-07,48.42,48.64,48.34,48.6,43.3392,4200,0,0
2022-02-08,48.58,48.83,48.58,48.73,43.4552,3900,0,0
2022-02-09,49,49,48.91,48.94,43.6424,3600,0,0
2022-02-10,49.15,49.21,48.83,48.84,43.5533,1700,0,0
2022-02-11,49.07,49.75,49.07,49.71,44.3291,11900,0,0
2022-02-14,49.96,50.12,49.82,50.09,44.6679,18800,0,0
2022-02-15,49.3,49.49,49.25,49.45,44.0972,11000,0,0
2022-02-16,49.76,50.02,49.66,50,44.5877,25000,0,0
2022-02-17,50.53,50.65,50.48,50.65,45.1673,5400,0,0
2022-02-18,50.68,50.68,50.49,50.61,45.1317,16500,0,0
2022-02-22,50.89,50.93,50.73,50.8,45.3011,7500,0,0
2022-02-23,51.01,51.16,51.01,51.16,45.6221,3200,0,0
2022-02-24,52.38,52.38,50.23,50.65,45.1673,30300,0,0
2022-02-25,50.32,50.6,50.3,50.6,45.1227,66100,0,0
2022-02-28,51.04,51.25,50.68,51.09,45.5597,21300,0,0
2022-03-01,51.4,52.28,51.4,52.28,46.6209,36700,0,0
2022-03-02,51.84,51.92,51.44,51.73,46.1304,172200,0,0
2022-03-03,51.79,52.06,51.75,51.94,46.3177,16700,0,0
2022-03-04,52.34,52.92,52.29,52.9,47.1738,3400,0,0
2022-03-07,53,53.55,52.9,53.54,47.7445,15900,0,0
2022-03-08,54.48,55.79,54.48,55.24,49.2605,136300,0,0
2022-03-09,53.84,54.03,53.18,53.5,47.7088,17000,0,0
2022-03-10,53.81,53.87,53.57,53.75,47.9318,5000,0,0
2022-03-11,53.2,53.59,53.2,53.4,47.6197,14700,0,0
2022-03-14,52.63,52.63,52.22,52.35,46.6833,15000,0,0
2022-03-15,51.48,51.75,51.27,51.44,45.8718,12000,0,0
2022-03-16,51.52,51.64,50.93,51.64,46.0502,8800,0,0
2022-03-17,52.18,52.36,51.95,51.98,46.3534,20700,0,0
2022-03-18,51.9,51.96,51.41,51.45,45.8807,135300,0,0
2022-03-21,51.58,52.08,51.58,52,46.3712,26700,0,0
2022-03-22,51.5,51.52,51.25,51.47,45.8986,3800,0,0
2022-03-23,51.82,52.19,51.78,52.19,46.5406,10600,0,0
2022-03-24,52.57,52.91,52.39,52.7,46.9954,8300,0,0
2022-03-25,52.34,52.64,52.34,52.46,46.7814,7000,0,0
2022-03-28,51.81,52.05,51.39,51.4,45.8361,15700,0,0
2022-03-29,50.66,51.45,50.51,51.43,45.8629,7800,0,0
2022-03-30,51.77,51.87,51.68,51.78,46.175,4300,0,0
2022-03-31,51.88,51.95,51.78,51.78,46.175,2300,0,0
2022-04-01,51.32,51.67,51.24,51.4,45.8361,20700,0,0
2022-04-04,51.7,51.7,51.34,51.52,45.9432,96100,0,0
2022-04-05,51.77,51.77,51.18,51.18,45.64,3400,0,0
2022-04-06,51.47,51.47,51.06,51.26,45.7113,8600,0,0
2022-04-07,51.33,51.62,51.33,51.51,45.9342,1400,0,0
2022-04-08,51.93,51.93,51.81,51.84,46.2285,3200,0,0
2022-04-11,52.69,52.69,52,52.24,46.5852,19800,0,0
2022-04-12,52.6,52.97,52.49,52.69,46.9865,14500,0,0
2022-04-13,53,53.08,52.97,52.97,47.2362,7200,0,0
2022-04-14,52.86,52.86,52.41,52.85,47.1292,21600,0,0
2022-04-18,53.39,53.49,53,53.05,47.3075,20500,0,0
2022-04-19,52.73,52.73,51.99,52.07,46.4336,6600,0,0
2022-04-20,52.01,52.3,52.01,52.3,46.6387,11000,0,0
2022-04-21,51.82,51.93,51.52,51.92,46.2998,3400,0,0
2022-04-22,51.59,51.59,51.1,51.3,45.747,3500,0,0
2022-04-25,50.33,50.44,50.19,50.36,44.9087,4000,0,0
2022-04-26,50.57,50.57,50.26,50.26,44.8195,2900,0,0
2022-04-27,50.17,50.17,49.87,49.87,44.4718,4100,0,0
2022-04-28,49.8,50.06,49.76,50.06,44.6412,1300,0,0
2022-04-29,50.19,50.39,49.9,49.94,44.5342,8300,0,0
2022-05-02,48.93,49.36,48.77,49.08,43.7673,19800,0,0
2022-05-03,49.08,49.47,49.08,49.14,43.8208,27200,0,0
2022-05-04,49.08,49.8,48.88,49.72,44.338,23900,0,0
2022-05-05,49.57,49.57,49.21,49.37,44.0259,2700,0,0
2022-05-06,49.26,49.63,49.26,49.36,44.017,9500,0,0
2022-05-09,48.69,48.81,48.47,48.48,43.2322,5700,0,0
2022-05-10,48.7,48.7,47.85,47.85,42.6704,15700,0,0
2022-05-11,48.38,48.6,48.38,48.42,43.1787,9300,0,0
2022-05-12,48.02,48.02,47.35,47.47,42.3315,8000,0,0
2022-05-13,47.3,47.35,47.18,47.28,42.1621,5500,0,0
2022-05-16,47.41,47.85,47.41,47.85,42.6704,14400,0,0
2022-05-17,47.78,47.81,47.55,47.59,42.4386,5400,0,0
2022-05-18,47.59,47.78,47.5,47.52,42.3761,3100,0,0
2022-05-19,48.18,48.36,48.18,48.36,43.1252,4200,0,0
2022-05-20,48.18,48.31,48.1,48.31,43.0806,5000,0,0
2022-05-23,48.5,48.6,48.39,48.5,43.2501,4800,0,0
2022-05-24,48.95,48.95,48.83,48.89,43.5978,1600,0,0
2022-05-25,48.43,48.62,48.28,48.62,43.3571,14100,0,0
2022-05-26,48.32,48.57,48.28,48.5,43.2501,14400,0,0
2022-05-27,48.73,48.73,48.56,48.62,43.3571,6700,0,0
2022-05-31,48.32,48.32,47.97,47.97,42.7774,4000,0,0
2022-06-01,48.13,48.41,48.11,48.32,43.0895,8500,0,0
2022-06-02,48.79,49.03,48.78,49.03,43.7227,222500,0,0
2022-06-03,48.8,48.86,48.35,48.49,43.2411,9500,0,0
2022-06-06,48.74,48.74,48.32,48.37,43.1341,93900,0,0
2022-06-07,48.41,48.64,48.41,48.64,43.3749,2000,0,0
2022-06-08,48.42,48.6,48.42,48.57,43.3125,8200,0,0
2022-06-09,48.32,48.37,48.13,48.27,43.045,6400,0,0
2022-06-10,47.81,48.98,47.73,48.95,43.6513,7300,0,0
2022-06-13,47.84,47.84,47.43,47.43,42.2959,37400,0,0
2022-06-14,47.41,47.41,47.04,47.1,42.0016,3100,0,0
2022-06-15,47.64,47.97,47.42,47.86,42.6793,5200,0,0
2022-06-16,47.82,48.42,47.74,48.41,43.1698,10800,0,0
2022-06-17,48.25,48.25,47.86,48,42.8042,1000,0,0
2022-06-21,47.87,48.18,47.81,47.81,42.6347,77800,0,0
2022-06-22,47.84,48.14,47.84,47.96,42.7685,17700,0,0
2022-06-23,47.77,47.98,47.42,47.48,42.3405,11000,0,0
2022-06-24,47.48,47.62,47.48,47.51,42.3672,500,0,0
2022-06-27,47.78,47.78,47.45,47.45,42.3137,1400,0,0
2022-06-28,47.43,47.43,47.22,47.22,42.1086,3800,0,0
2022-06-29,47.51,47.51,47.16,47.19,42.0819,3100,0,0
2022-06-30,46.71,46.78,46.68,46.75,41.6895,2800,0,0
2022-07-01,46.08,46.65,46.08,46.57,41.529,17500,0,0
2022-07-05,46.01,46.01,45.31,45.45,40.5302,262500,0,0
2022-07-06,45.31,45.34,44.64,44.81,39.9595,65100,0,0
2022-07-07,44.92,45.05,44.81,44.81,39.9595,20300,0,0
2022-07-08,44.83,45.09,44.73,44.88,40.0219,3600,0,0
2022-07-11,44.71,44.78,44.56,44.56,39.7365,5800,0,0
2022-07-12,44.49,44.63,44.36,44.36,39.5582,2400,0,0
2022-07-13,44.18,44.99,44.18,44.64,39.8079,2700,0,0
2022-07-14,43.5,43.9,43.5,43.78,39.041,1600,0,0
2022-07-15,43.81,43.81,43.78,43.78,39.041,12100,0,0
2022-07-18,44.21,44.21,43.86,43.86,39.1123,1700,0,0
2022-07-19,44.06,44.06,43.95,43.97,39.2104,3900,0,0
2022-07-20,44.08,44.15,43.6,43.6,38.8805,7600,0,0
2022-07-21,43.62,44.24,43.62,44.24,39.4512,13100,0,0
2022-07-22,44.25,44.54,44.11,44.17,39.3888,3000,0,0
2022-07-25,44,44.06,43.97,43.97,39.2104,2200,0,0
2022-07-26,44.08,44.2,44.01,44.09,39.3174,14000,0,0
2022-07-27,44.08,44.7,43.93,44.61,39.7811,24200,0,0
2022-07-28,45.28,45.42,45.22,45.42,40.5034,2400,0,0
2022-07-29,45.47,45.8,45.47,45.7,40.7531,3300,0,0
2022-08-01,45.81,45.99,45.71,45.9,40.9315,18900,0,0
2022-08-02,46,46.1,45.6,45.6,40.664,3500,0,0
2022-08-03,45.5,45.71,45.43,45.71,40.7621,166900,0,0
2022-08-04,46.18,46.43,46.18,46.35,41.3328,2800,0,0
2022-08-05,45.75,45.83,45.75,45.83,40.8691,900,0,0
2022-08-08,46.25,46.5,46.25,46.5,41.4665,5000,0,0
2022-08-09,46.61,46.61,46.42,46.44,41.413,1900,0,0
2022-08-10,46.47,46.77,46.34,46.4,41.3774,3600,0,0
2022-08-11,46.51,46.51,46.18,46.18,41.1812,3800,0,0
2022-08-12,46.52,46.81,46.46,46.81,41.743,4900,0,0
2022-08-15,46.16,46.16,45.94,46.09,41.1009,5600,0,0
2022-08-16,45.69,45.96,45.69,45.94,40.9672,7500,0,0
2022-08-17,45.41,45.54,45.41,45.54,40.6105,800,0,0
2022-08-18,45.59,45.59,45.22,45.29,40.3875,1900,0,0
2022-08-19,44.9,44.92,44.81,44.81,39.9595,1900,0,0
2022-08-22,44.66,44.66,44.52,44.52,39.7009,900,0,0
2022-08-23,44.9,44.9,44.78,44.79,39.9417,1600,0,0
2022-08-24,44.69,45.04,44.69,44.93,40.0665,3200,0,0
2022-08-25,45.13,45.13,45.01,45.05,40.1735,3400,0,0
2022-08-26,44.93,44.99,44.48,44.52,39.7009,13200,0,0
2022-08-29,44.43,44.56,44.43,44.44,39.6295,1700,0,0
2022-08-30,44.24,44.24,43.98,43.98,39.2193,1000,0,0
2022-08-31,43.57,43.75,43.5,43.5,38.7913,2500,0,0
2022-09-01,43.16,43.25,42.98,43.13,38.4613,12500,0,0
2022-09-02,43.5,43.78,43.48,43.51,38.8002,81100,0,0
2022-09-06,43.56,43.64,43.27,43.27,38.5862,21600,0,0
2022-09-07,43.37,43.89,43.37,43.89,39.1391,96100,0,0
2022-09-08,43.83,43.83,43.61,43.66,38.934,5900,0,0
2022-09-09,43.89,44.06,43.89,44,39.2372,7000,0,0
2022-09-12,44.62,44.89,44.58,44.61,39.7811,7200,0,0
2022-09-13,44.03,44.24,43.9,43.98,39.2193,6800,0,0
2022-09-14,44.06,44.11,43.78,43.85,39.1034,3100,0,0
2022-09-15,43.53,43.55,42.96,43.06,38.3989,6900,0,0
2022-09-16,42.89,43.45,42.85,43.39,38.6932,21700,0,0
2022-09-19,43.08,43.42,43.08,43.42,38.7199,3900,0,0
2022-09-20,43.01,43.1,42.97,43.08,38.4168,1300,0,0
2022-09-21,43.39,43.84,43.02,43.43,38.7289,44800,0,0
2022-09-22,43.6,43.6,43.29,43.4,38.7021,1900,0,0
2022-09-23,42.46,42.47,42.35,42.42,37.8282,2700,0,0
2022-09-26,42.37,42.59,41.84,41.89,37.3556,2800,0,0
2022-09-27,42.24,42.24,41.93,41.93,37.3912,7900,0,0
2022-09-28,42.32,42.91,42.32,42.91,38.2651,2100,0,0
2022-09-29,42.7,42.83,42.39,42.83,38.1938,1700,0,0
2022-09-30,42.97,43.29,42.92,42.92,38.2741,1900,0,0
2022-10-03,43.49,44.48,43.49,44.48,39.6652,2300,0,0
2022-10-04,44.81,45.18,44.8,45.12,40.2359,31900,0,0
2022-10-05,44.28,44.8,44.25,44.8,39.9506,5400,0,0
2022-10-06,44.51,44.75,44.51,44.75,39.906,1000,0,0
2022-10-07,44.23,44.25,44.13,44.13,39.3531,1800,0,0
2022-10-10,43.51,43.51,43.27,43.32,38.6308,7700,0,0
2022-10-11,43.2,43.59,43.11,43.11,38.4435,4700,0,0
2022-10-12,43.26,43.3,43.05,43.25,38.5683,1500,0,0
2022-10-13,42.46,43.12,42.46,42.94,38.2919,1300,0,0
2022-10-14,42.43,42.43,42.14,42.18,37.6142,5100,0,0
2022-10-17,42.94,42.95,42.48,42.48,37.8817,14400,0,0
2022-10-18,42.69,42.71,42.45,42.55,37.9441,32800,0,0
2022-10-19,41.98,42,41.98,41.98,37.4358,2600,0,0
2022-10-20,42.08,42.28,41.98,41.98,37.4358,1400,0,0
2022-10-21,42.14,42.91,42.14,42.91,38.2651,3000,0,0
2022-10-24,42.72,42.78,42.68,42.73,38.1046,4900,0,0
2022-10-25,42.78,43,42.74,42.9,38.2562,9000,0,0
2022-10-26,43.06,43.29,43.06,43.16,38.4881,65300,0,0
2022-10-27,43.08,43.21,43.02,43.09,38.4257,4600,0,0
2022-10-28,42.61,42.63,42.48,42.63,38.0155,3300,0,0
2022-10-31,42.26,42.51,42.26,42.31,37.7301,2100,0,0
2022-11-01,43.08,43.08,42.76,42.88,38.2384,4500,0,0
2022-11-02,43.08,43.35,42.51,42.51,37.9084,49100,0,0
2022-11-03,42.15,42.49,42.15,42.46,37.8639,2300,0,0
2022-11-04,43.7,44.09,43.67,44.09,39.3174,2300,0,0
2022-11-07,43.95,43.95,43.91,43.91,39.1569,500,0,0
2022-11-08,43.94,45.08,43.94,44.94,40.0754,12500,0,0
2022-11-09,45.02,45.02,44.6,44.6,39.7722,2000,0,0
2022-11-10,45.63,45.92,45.63,45.89,40.9226,5400,0,0
2022-11-11,45.88,46.17,45.88,46.17,41.1723,4300,0,0
2022-11-14,46.16,46.53,46.16,46.46,41.4309,86100,0,0
2022-11-15,46.36,46.43,46.25,46.42,41.3952,2100,0,0
2022-11-16,46.43,46.47,46.21,46.26,41.2525,67700,0,0
2022-11-17,45.6,45.82,45.6,45.79,40.8334,9600,0,0
2022-11-18,45.5,45.57,45.5,45.56,40.6283,5700,0,0
2022-11-21,45.35,45.35,45.25,45.25,40.3519,12400,0,0
2022-11-22,45.36,45.4,45.35,45.4,40.4856,1700,0,0
2022-11-23,45.38,45.94,45.34,45.93,40.9582,34300,0,0
2022-11-25,45.7,45.86,45.7,45.84,40.878,11200,0,0
2022-11-28,45.74,45.78,45.29,45.3,40.3964,222200,0,0
2022-11-29,45.55,45.73,45.53,45.53,40.6015,41400,0,0
2022-11-30,46,46.44,45.8,46.41,41.3863,256800,0,0
2022-12-01,47.09,47.41,47.09,47.34,42.2156,32400,0,0
2022-12-02,46.74,47.45,46.74,47.41,42.278,158700,0,0
2022-12-05,47.21,47.21,46.37,46.49,41.4576,6100,0,0
2022-12-06,46.66,46.66,46.28,46.45,41.422,4500,0,0
2022-12-07,46.54,47,46.54,46.9,41.8232,6300,0,0
2022-12-08,47.27,47.37,47.16,47.18,42.0729,6900,0,0
2022-12-09,47.38,47.73,47.32,47.45,42.3137,8200,0,0
2022-12-12,47.43,47.43,47.02,47.1,42.0016,3500,0,0
2022-12-13,48.17,48.17,47.64,47.85,42.6704,224800,0,0
2022-12-14,47.95,48.04,47.55,47.9,42.715,40900,0,0
2022-12-15,47.19,47.19,46.83,46.91,41.8322,53800,0,0
2022-12-16,47.14,47.26,47.07,47.22,42.1086,125400,0,0
2022-12-19,46.9,46.91,46.77,46.79,41.9187,30700,0.218,0
2022-12-20,47.55,48.01,47.55,47.96,42.9669,23200,0,0
2022-12-21,47.82,48.12,47.8,47.86,42.8773,58100,0,0
2022-12-22,47.33,47.36,46.92,47.11,42.2054,19800,0,0
2022-12-23,47.12,47.5,47.12,47.32,42.3935,7600,0,0
2022-12-27,47.44,48.09,47.44,47.91,42.9221,5200,0,0
2022-12-28,47.39,47.53,47.35,47.43,42.492,11600,0,0
2022-12-29,47.63,47.93,47.63,47.84,42.8594,8800,0,0
2022-12-30,47.8,48.05,47.71,48.05,43.0475,14500,0,0
2023-01-03,48.57,48.72,48.12,48.27,43.2446,36500,0,0
2023-01-04,48.82,48.85,48.41,48.6,43.5402,319800,0,0
2023-01-05,47.96,48.03,47.76,47.91,42.9221,8300,0,0
2023-01-06,48.29,48.91,48.21,48.84,43.7553,11000,0,0
2023-01-09,49.08,49.08,48.8,48.86,43.7732,20100,0,0
2023-01-10,49.09,49.09,48.84,48.99,43.8896,24700,0,0
2023-01-11,48.92,48.92,48.66,48.85,43.7642,15400,0,0
2023-01-12,49.38,49.47,49.18,49.39,44.248,4200,0,0
2023-01-13,49.6,50.19,49.6,50.09,44.8751,24200,0,0
2023-01-17,49.94,49.94,49.64,49.75,44.5705,5600,0,0
2023-01-18,50.09,50.09,49.36,49.43,44.2838,5000,0,0
2023-01-19,49.73,50.22,49.67,50.17,44.9468,6500,0,0
2023-01-20,50.04,50.15,49.96,50.09,44.8751,189500,0,0
2023-01-23,49.51,49.95,49.29,49.95,44.7497,10200,0,0
2023-01-24,49.93,50.24,49.87,50.24,45.0095,22100,0,0
2023-01-25,49.96,50.52,49.96,50.52,45.2603,3500,0,0
2023-01-26,50.37,50.37,49.92,50.15,44.9289,6400,0,0
2023-01-27,49.98,50.06,49.84,49.9,44.7049,29200,0,0
2023-01-30,50.03,50.03,49.85,49.85,44.6601,12800,0,0
2023-01-31,50,50.09,50,50.09,44.8751,10300,0,0
2023-02-01,50.06,50.71,49.81,50.71,45.4306,95000,0,0
2023-02-02,50.59,50.82,49.61,49.67,44.4988,301100,0,0
2023-02-03,48.56,48.6,48.09,48.29,43.2625,16500,0,0
2023-02-06,48.09,48.31,47.94,48.04,43.0385,30300,0,0
2023-02-07,47.99,48.67,47.72,47.84,42.8594,27600,0,0
2023-02-08,48.41,48.41,48.11,48.27,43.2446,48800,0,0
2023-02-09,48.64,48.64,47.81,47.85,42.8683,4900,0,0
2023-02-10,48.11,48.12,47.81,47.93,42.94,10700,0,0
2023-02-13,47.72,47.83,47.54,47.78,42.8056,5200,0,0
2023-02-14,47.56,47.86,47.46,47.7,42.7339,24900,0,0
2023-02-15,47.13,47.25,47.12,47.25,42.3308,12200,0,0
2023-02-16,46.96,47.41,46.91,47.17,42.2591,41000,0,0
2023-02-17,46.95,47.43,46.95,47.4,42.4652,6800,0,0
2023-02-21,47.44,47.47,47.24,47.28,42.3577,27800,0,0
2023-02-22,47.26,47.26,46.93,46.93,42.0441,3400,0,0
2023-02-23,47.04,47.06,46.76,46.79,41.9187,44400,0,0
2023-02-24,46.46,46.48,46.32,46.33,41.5066,3500,0,0
2023-02-27,46.46,46.6,46.36,46.37,41.5424,6100,0,0
2023-02-28,46.36,46.9,46.36,46.8,41.9276,491700,0,0
2023-03-01,46.95,47.15,46.9,46.98,42.0889,27700,0,0
2023-03-02,46.85,46.94,46.85,46.94,42.0531,77000,0,0
2023-03-03,47.13,47.45,47.07,47.4,42.4652,6600,0,0
2023-03-06,47.32,47.4,47.17,47.17,42.2591,4400,0,0
2023-03-07,46.76,46.76,46.11,46.15,41.3453,7600,0,0
2023-03-08,46.25,46.25,46.14,46.16,41.3543,7500,0,0
2023-03-09,46.43,46.63,46.42,46.5,41.6589,38300,0,0
2023-03-10,46.99,47.43,46.99,47.43,42.492,12400,0,0
2023-03-13,48.22,48.68,48.2,48.66,43.594,45600,0,0
2023-03-14,48.65,48.73,48.5,48.5,43.4507,3000,0,0
2023-03-15,49.06,49.06,48.77,48.77,43.6925,4800,0,0
2023-03-16,49.01,49.08,48.61,48.84,43.7553,69600,0,0
2023-03-17,49.53,50.6,49.53,50.33,45.0901,13000,0,0
2023-03-20,50.16,50.7,50.16,50.45,45.1976,13800,0,0
2023-03-21,50.07,50.07,49.53,49.59,44.4272,7300,0,0
2023-03-22,49.58,50.59,49.58,50.53,45.2693,30800,0,0
2023-03-23,50.65,51.05,50.65,51.05,45.7352,19200,0,0
2023-03-24,51.16,51.18,50.59,50.59,45.3231,42800,0,0
2023-03-27,50.07,50.28,49.95,50.22,44.9916,16000,0,0
2023-03-28,50.27,50.71,50.21,50.64,45.3679,5900,0,0
2023-03-29,50.39,50.64,50.39,50.45,45.1976,21300,0,0
2023-03-30,50.65,51.19,50.59,51.13,45.8068,7300,0,0
2023-03-31,51.17,51.24,50.9,51.04,45.7262,3800,0,0
2023-04-03,51.04,51.34,51.01,51.19,45.8606,27300,0,0
2023-04-04,51.48,52.47,51.3,52.36,46.9088,53100,0,0
2023-04-05,52.32,52.46,52.14,52.34,46.8909,44200,0,0
2023-04-06,52.23,52.23,51.89,52.01,46.5952,7400,0,0
2023-04-10,51.77,51.77,51.6,51.73,46.3444,15700,0,0
2023-04-11,51.92,52.2,51.9,52.09,46.6669,29100,0,0
2023-04-12,52.51,52.6,52.16,52.47,47.0073,16000,0,0
2023-04-13,53.12,53.34,52.98,53.16,47.6255,59400,0,0
2023-04-14,52.4,52.41,51.9,52.26,46.8192,138900,0,0
2023-04-17,52.12,52.12,51.6,51.93,46.5236,65800,0,0
2023-04-18,51.67,52.33,51.67,52.16,46.7296,11200,0,0
2023-04-19,51.91,52.04,51.91,52.03,46.6131,15800,0,0
2023-04-20,52.16,52.42,52.06,52.16,46.7296,4700,0,0
2023-04-21,52.07,52.07,51.44,51.66,46.2817,5000,0,0
2023-04-24,51.45,51.91,51.45,51.84,46.4429,5800,0,0
2023-04-25,51.73,52.04,51.57,51.97,46.5594,3800,0,0
2023-04-26,52.06,52.08,51.53,51.65,46.2727,6200,0,0
2023-04-27,51.38,51.78,51.36,51.73,46.3444,4900,0,0
2023-04-28,51.77,51.83,51.58,51.82,46.425,2800,0,0
2023-05-01,52.44,52.44,51.55,51.61,46.2369,49900,0,0
2023-05-02,51.64,52.56,51.64,52.54,47.07,39000,0,0
2023-05-03,52.43,52.92,52.4,52.92,47.4105,3600,0,0
2023-05-04,52.88,53.6,52.88,53.44,47.8763,1700,0,0
2023-05-05,52.51,52.71,52.1,52.68,47.1955,7700,0,0
2023-05-08,52.67,52.86,52.62,52.67,47.1865,6900,0,0
2023-05-09,52.59,52.99,52.59,52.92,47.4105,3400,0,0
2023-05-10,52.92,53.02,52.7,52.72,47.2313,23300,0,0
2023-05-11,52.02,52.02,51.93,51.93,46.5236,2300,0,0
2023-05-12,52.06,52.06,51.7,51.78,46.3892,10200,0,0
2023-05-15,51.73,52.04,51.73,51.95,46.5415,60900,0,0
2023-05-16,51.71,51.71,51.22,51.27,45.9323,9400,0,0
2023-05-17,51.02,51.12,50.86,51.1,45.78,4400,0,0
2023-05-18,50.47,50.47,50.3,50.47,45.2156,5900,0,0
2023-05-19,50.55,51.08,50.55,50.95,45.6456,2300,0,0
2023-05-22,50.84,50.96,50.78,50.82,45.5291,3900,0,0
2023-05-23,50.64,50.83,50.57,50.79,45.5022,2500,0,0
2023-05-24,50.6,50.6,50.32,50.33,45.0901,3700,0,0
2023-05-25,50.1,50.1,49.75,49.8,44.6153,9800,0,0
2023-05-26,50.12,50.2,49.98,50.19,44.9647,13500,0,0
2023-05-30,50.26,50.45,50.16,50.42,45.1708,5900,0,0
2023-05-31,50.51,50.8,50.51,50.65,45.3768,90600,0,0
2023-06-01,50.78,51.11,50.78,51.05,45.7352,41200,0,0
2023-06-02,50.89,50.89,50.33,50.33,45.0901,58300,0,0
2023-06-05,50.1,50.63,50.1,50.58,45.3141,5900,0,0
2023-06-06,50.46,50.73,50.42,50.66,45.3858,21900,0,0
2023-06-07,50.73,50.85,50.13,50.13,44.911,19000,0,0
2023-06-08,50.52,51.01,50.52,50.95,45.6456,162000,0,0
2023-06-09,50.76,51.07,50.76,50.91,45.6097,14300,0,0
2023-06-12,50.56,50.72,50.5,50.72,45.4395,4600,0,0
2023-06-13,50.83,50.83,50.2,50.25,45.0185,4300,0,0
2023-06-14,50.74,50.75,50.28,50.42,45.1708,26800,0,0
2023-06-15,50.02,50.69,50.02,50.64,45.3679,36800,0,0
2023-06-16,50.9,50.9,50.58,50.72,45.4395,173600,0,0
2023-06-20,49.99,49.99,49.73,49.92,44.7228,23300,0,0
2023-06-21,49.31,49.74,49.3,49.65,44.4809,16000,0,0
2023-06-22,49.24,49.32,49.09,49.09,43.9792,17600,0,0
2023-06-23,49.59,49.59,49.17,49.21,44.0867,5100,0,0
2023-06-26,49.47,49.53,49.46,49.46,44.3107,3900,0,0
2023-06-27,49.66,49.66,49.23,49.29,44.1584,33900,0,0
2023-06-28,49.2,49.3,49.08,49.16,44.0419,21000,0,0
2023-06-29,48.71,49.17,48.71,49.04,43.9344,5600,0,0
2023-06-30,49.33,49.35,49.31,49.35,44.2122,4600,0,0
2023-07-03,49.5,49.7,49.26,49.48,44.3286,13400,0,0
2023-07-05,49.62,49.63,49.41,49.42,44.2749,45500,0,0
2023-07-06,49.39,49.39,49.09,49.13,44.0151,189800,0,0
2023-07-07,49.41,49.68,49.41,49.62,44.454,21200,0,0
2023-07-10,49.6,49.64,49.5,49.61,44.4451,2200,0,0
2023-07-11,49.75,49.79,49.68,49.73,44.5526,12300,0,0
2023-07-12,50.37,50.71,50.37,50.7,45.4216,7400,0,0
2023-07-13,50.88,51,50.81,50.98,45.6725,39600,0,0
2023-07-14,50.99,51.05,50.88,50.95,45.6456,3900,0,0
2023-07-17,50.73,50.98,50.73,50.92,45.6187,7000,0,0
2023-07-18,51.24,51.57,51.24,51.4,46.0487,7300,0,0
2023-07-19,51.45,51.56,51.44,51.54,46.1742,8300,0,0
2023-07-20,51.53,51.53,51.11,51.12,45.7979,20100,0,0
2023-07-21,50.77,50.99,50.77,50.97,45.6635,3000,0,0
2023-07-24,50.86,50.87,50.7,50.7,45.4216,22500,0,0
2023-07-25,50.73,51.08,50.73,51.04,45.7262,3800,0,0
2023-07-26,51.13,51.39,51.03,51.38,46.0308,2700,0,0
2023-07-27,50.86,50.86,50.38,50.38,45.1349,1800,0,0
2023-07-28,50.72,50.9,50.72,50.81,45.5202,5100,0,0
2023-07-31,51.18,51.25,51.08,51.08,45.7621,1700,0,0
2023-08-01,50.47,50.48,50.34,50.44,45.1887,9700,0,0
2023-08-02,50.47,50.47,50,50.02,44.8124,83800,0,0
2023-08-03,50.02,50.02,49.87,49.91,44.7139,1500,0,0
2023-08-04,50.21,50.25,50.03,50.07,44.8572,39200,0,0
2023-08-07,49.87,49.87,49.67,49.77,44.5884,8400,0,0
2023-08-08,49.41,49.53,49.36,49.38,44.239,12100,0,0
2023-08-09,49.33,49.35,49.11,49.11,43.9971,8700,0,0
2023-08-10,49.21,49.47,49.07,49.11,43.9971,10800,0,0
2023-08-11,49.23,49.27,49.04,49.08,43.9703,2300,0,0
2023-08-14,48.8,49.06,48.78,48.92,43.8269,5500,0,0
2023-08-15,48.79,48.99,48.77,48.81,43.7284,7000,0,0
2023-08-16,48.8,48.93,48.54,48.54,43.4865,4300,0,0
2023-08-17,48.92,48.92,48.46,48.56,43.5044,3800,0,0
2023-08-18,48.71,48.71,48.53,48.6,43.5402,252900,0,0
2023-08-21,48.88,48.96,48.59,48.94,43.8448,16100,0,0
2023-08-22,48.9,49.07,48.84,49.02,43.9165,3400,0,0
2023-08-23,49.56,49.92,49.56,49.82,44.6332,9900,0,0
2023-08-24,49.74,49.88,49.63,49.71,44.5347,11700,0,0
2023-08-25,49.71,49.78,49.46,49.71,44.5347,1200,0,0
2023-08-28,49.65,50,49.65,49.85,44.6601,14200,0,0
2023-08-29,49.88,50.45,49.82,50.45,45.1976,17100,0,0
2023-08-30,50.69,50.72,50.48,50.48,45.2245,2300,0,0
2023-08-31,50.43,50.48,50.29,50.3,45.0633,11400,0,0
2023-09-01,50.66,50.66,50.2,50.25,45.0185,2900,0,0
2023-09-05,49.96,49.96,49.66,49.67,44.4988,35300,0,0
2023-09-06,49.4,49.53,49.26,49.37,44.2301,7200,0,0
2023-09-07,49.32,49.34,49.23,49.28,44.1494,4000,0,0
2023-09-08,49.51,49.51,49.2,49.25,44.1226,10700,0,0
2023-09-11,49.56,49.56,49.34,49.43,44.2838,4500,0,0
2023-09-12,49.11,49.24,49.06,49.19,44.0688,2600,0,0
2023-09-13,49.22,49.22,48.97,48.97,43.8717,36900,0,0
2023-09-14,48.68,48.96,48.68,48.89,43.8,2800,0,0
2023-09-15,49.4,49.64,49.39,49.39,44.248,9800,0,0
2023-09-18,49.38,49.68,49.38,49.68,44.5078,3600,0,0
2023-09-19,49.77,49.77,49.56,49.62,44.454,8400,0,0
2023-09-20,49.87,50.12,49.71,49.71,44.5347,5200,0,0
2023-09-21,49.28,49.49,49.18,49.47,44.3197,15500,0,0
2023-09-22,49.72,49.76,49.63,49.64,44.472,2300,0,0
2023-09-25,49.24,49.28,49.24,49.28,44.1494,2000,0,0
2023-09-26,48.96,49.05,48.78,48.86,43.7732,8700,0,0
2023-09-27,48.47,48.47,48.07,48.24,43.2177,4300,0,0
2023-09-28,48.17,48.17,47.91,48.06,43.0565,2800,0,0
2023-09-29,48.55,48.55,47.41,47.48,42.5368,11000,0,0
2023-10-02,46.84,46.9,46.61,46.67,41.8112,118600,0,0
2023-10-03,46.51,46.7,46.47,46.56,41.7126,30000,0,0
2023-10-04,46.48,46.48,46.16,46.42,41.5872,57500,0,0
2023-10-05,46.32,46.4,46.11,46.35,41.5245,16200,0,0
2023-10-06,46.55,46.86,46.31,46.73,41.8649,11800,0,0
2023-10-09,47.17,47.61,47.17,47.6,42.6443,24900,0,0
2023-10-10,47.45,47.57,47.34,47.51,42.5637,10800,0,0
2023-10-11,47.83,47.97,47.8,47.95,42.9579,9100,0,0
2023-10-12,47.8,47.9,47.65,47.68,42.716,3600,0,0
2023-10-13,48.83,49.34,48.83,49.27,44.1405,3400,0,0
2023-10-16,48.99,49.16,48.94,49.04,43.9344,33600,0,0
2023-10-17,49.16,49.46,49.16,49.27,44.1405,6400,0,0
2023-10-18,50.1,50.1,49.72,49.86,44.6691,6800,0,0
2023-10-19,49.75,50.45,49.72,50.4,45.1528,14400,0,0
2023-10-20,50.65,51.06,50.53,50.67,45.3947,5800,0,0
2023-10-23,50.51,50.51,50.32,50.36,45.117,7400,0,0
2023-10-24,50.03,50.33,50.03,50.33,45.0901,5000,0,0
2023-10-25,50.44,50.57,50.31,50.51,45.2514,58000,0,0
2023-10-26,50.41,50.58,50.14,50.54,45.2783,26800,0,0
2023-10-27,50.51,51.16,50.38,51.16,45.8337,12800,0,0
2023-10-30,51.06,51.06,50.94,50.97,45.6635,4100,0,0
2023-10-31,50.98,51.18,50.39,50.58,45.3141,23900,0,0
2023-11-01,50.46,50.72,50.29,50.44,45.1887,7200,0,0
2023-11-02,50.62,50.62,50.39,50.56,45.2962,296500,0,0
2023-11-03,50.98,50.98,50.76,50.81,45.5202,10000,0,0
2023-11-06,50.7,50.7,50.49,50.49,45.2335,12800,0,0
2023-11-07,49.89,50.13,49.89,50.12,44.902,46000,0,0
2023-11-08,50.05,50.05,49.68,49.68,44.5078,7100,0,0
2023-11-09,49.75,49.9,49.75,49.79,44.6063,2800,0,0
2023-11-10,49.47,49.47,49.23,49.23,44.1046,4800,0,0
2023-11-13,49.13,49.59,49.12,49.54,44.3824,17700,0,0
2023-11-14,49.96,50.21,49.96,50.15,44.9289,1800,0,0
2023-11-15,50.19,50.32,50.19,50.26,45.0274,17900,0,0
2023-11-16,50.75,51,50.75,50.8,45.5112,70100,0,0
2023-11-17,51,51,50.77,50.79,45.5022,2400,0,0
2023-11-20,50.27,50.63,50.27,50.62,45.3499,2200,0,0
2023-11-21,51.25,51.44,51.14,51.19,45.8606,4800,0,0
2023-11-22,51.2,51.2,50.91,50.95,45.6456,11300,0,0
2023-11-24,51.37,51.54,51.37,51.54,46.1742,800,0,0
2023-11-27,51.92,51.98,51.77,51.93,46.5236,10000,0,0
2023-11-28,52.17,52.59,52.17,52.56,47.088,3500,0,0
2023-11-29,52.56,52.71,52.47,52.57,47.0969,13900,0,0
2023-11-30,52.4,52.55,52.4,52.53,47.0611,3500,0,0
2023-12-01,52.64,53.32,52.64,53.29,47.742,13300,0,0
2023-12-04,52.57,52.74,51.86,52.04,46.6221,19300,0,0
2023-12-05,51.8,51.8,51.49,51.64,46.2637,9400,0,0
2023-12-06,51.88,51.88,51.63,51.63,46.2548,8100,0,0
2023-12-07,51.87,51.87,51.58,51.71,46.3265,69500,0,0
2023-12-08,51.04,51.25,50.84,50.85,45.556,3900,0,0
2023-12-11,50.51,50.53,50.23,50.38,45.1349,13300,0,0
2023-12-12,50.35,50.44,50.22,50.3,45.0633,10700,0,0
2023-12-13,50.22,51.46,50.16,51.46,46.1025,24600,0,0
2023-12-14,51.95,52.13,51.79,51.84,46.4429,3500,0,0
2023-12-15,51.84,51.84,51.42,51.44,46.0846,2300,0,0
2023-12-18,49.34,49.34,49.18,49.29,46.1632,24700,2.234,0
2023-12-19,49.52,49.82,49.52,49.67,46.5191,3000,0,0
2023-12-20,49.76,49.77,49.51,49.51,46.3693,5200,0,0
2023-12-21,49.68,49.87,49.66,49.86,46.6971,43900,0,0
2023-12-22,50.42,50.42,49.89,49.89,46.7252,8500,0,0
2023-12-26,50.18,50.27,50.02,50.27,47.0811,9500,0,0
2023-12-27,50.35,50.65,50.35,50.49,47.2871,8600,0,0
2023-12-28,50.39,50.47,50.08,50.18,46.9968,4600,0,0
2023-12-29,50.07,50.07,49.94,49.95,46.7814,12800,0,0
2024-01-02,50.03,50.12,49.81,49.84,46.6783,16100,0,0
2024-01-03,49.15,49.28,49,49.24,46.1164,12000,0,0
2024-01-04,49.11,49.32,49.07,49.29,46.1632,4100,0,0
2024-01-05,49.49,49.75,49.35,49.39,46.2569,11100,0,0
2024-01-08,48.86,49.06,48.86,49.06,45.9478,4700,0,0
2024-01-09,49.17,49.18,48.94,49.03,45.9197,17500,0,0
2024-01-10,48.93,48.93,48.81,48.83,45.7324,4700,0,0
2024-01-11,48.9,48.92,48.51,48.85,45.7511,46500,0,0
2024-01-12,49.59,49.76,49.27,49.38,46.2475,2300,0,0
2024-01-16,49.24,49.24,48.84,48.93,45.8261,5400,0,0
2024-01-17,48.65,48.65,48.32,48.37,45.3016,4700,0,0
2024-01-18,48.57,48.71,48.54,48.64,45.5545,230900,0,0
2024-01-19,48.88,48.88,48.68,48.8,45.7043,10700,0,0
2024-01-22,48.45,48.6,48.38,48.4,45.3297,6900,0,0
2024-01-23,48.58,48.75,48.54,48.74,45.6481,4300,0,0
2024-01-24,48.95,48.96,48.46,48.48,45.4046,5200,0,0
2024-01-25,48.77,48.77,48.5,48.7,45.6107,8700,0,0
2024-01-26,48.69,48.72,48.64,48.69,45.6013,6000,0,0
2024-01-29,48.88,49.14,48.75,49.14,46.0228,8400,0,0
2024-01-30,49.46,49.46,49.04,49.15,46.0321,17700,0,0
2024-01-31,49.37,49.54,48.97,48.97,45.8635,7700,0,0
2024-02-01,49.25,49.64,49.12,49.49,46.3506,7700,0,0
2024-02-02,48.75,48.98,48.73,48.98,45.8729,9300,0,0
2024-02-05,48.49,48.7,48.49,48.66,45.5732,5000,0,0
2024-02-06,48.66,48.93,48.66,48.92,45.8167,4200,0,0
2024-02-07,48.77,48.91,48.77,48.77,45.6762,3000,0,0
2024-02-08,48.77,48.89,48.77,48.88,45.7792,4800,0,0
2024-02-09,48.73,48.75,48.7,48.75,45.6575,2800,0,0
2024-02-12,48.6,48.74,48.53,48.69,45.6013,17300,0,0
2024-02-13,48.19,48.19,47.88,47.94,44.8989,1000,0,0
2024-02-14,47.89,48.07,47.89,48.07,45.0206,8900,0,0
2024-02-15,48.51,48.56,48.35,48.49,45.414,2900,0,0
2024-02-16,48.35,48.93,48.35,48.87,45.7699,2600,0,0
2024-02-20,49.01,49.01,48.89,48.89,45.7886,7700,0,0
2024-02-21,48.96,48.96,48.74,48.82,45.7231,2700,0,0
2024-02-22,48.81,48.83,48.75,48.83,45.7324,19700,0,0
2024-02-23,48.8,49.22,48.8,49.1,45.9853,3500,0,0
2024-02-26,48.76,48.94,48.74,48.91,45.8073,10400,0,0
2024-02-27,48.94,48.94,48.83,48.83,45.7324,900,0,0
2024-02-28,48.84,48.89,48.8,48.89,45.7886,5200,0,0
2024-02-29,49.28,49.33,49.12,49.16,46.0415,2100,0,0
2024-03-01,49.34,50.24,49.18,50.08,46.9031,9500,0,0
2024-03-04,50.49,51.1,50.49,51.1,47.8584,3300,0,0
2024-03-05,51.44,51.44,51.18,51.19,47.9427,12200,0,0
2024-03-06,51.42,51.8,51.42,51.75,48.4672,5100,0,0
2024-03-07,51.87,52.1,51.76,52.01,48.7107,7600,0,0
2024-03-08,52.17,52.73,52.13,52.31,48.9917,19000,0,0
2024-03-11,52.56,52.59,52.43,52.51,49.179,5900,0,0
2024-03-12,51.95,52.07,51.85,51.93,48.6358,4400,0,0
2024-03-13,52.45,52.7,52.45,52.58,49.2445,4700,0,0
2024-03-14,52.4,52.43,52.21,52.36,49.0385,3200,0,0
2024-03-15,52.49,52.6,52.39,52.39,49.0666,3700,0,0
2024-03-18,52.48,52.48,52.38,52.4,49.076,1600,0,0
2024-03-19,52.16,52.33,52.16,52.29,48.9729,3000,0,0
2024-03-20,52.18,53.09,52.18,53.05,49.6847,3100,0,0
2024-03-21,53.28,53.28,52.62,52.68,49.3382,2900,0,0
2024-03-22,52.57,52.69,52.24,52.29,48.9729,2300,0,0
2024-03-25,52.52,52.66,52.46,52.46,49.1321,2800,0,0
2024-03-26,52.76,52.76,52.48,52.48,49.1509,900,0,0
2024-03-27,52.6,52.8,52.6,52.76,49.4131,23900,0,0
2024-03-28,53.1,53.55,53.08,53.55,50.153,4700,0,0
2024-04-01,54.38,54.38,53.73,54,50.5745,11300,0,0
2024-04-02,54.45,55.1,54.45,55.1,51.6047,14100,0,0
2024-04-03,55.27,55.87,55.14,55.87,52.3258,19700,0,0
2024-04-04,55.7,55.99,55.53,55.53,52.0074,128800,0,0
2024-04-05,55.79,56.69,55.79,56.52,52.9346,5400,0,0
2024-04-08,56.89,57.08,56.42,56.99,53.3748,15800,0,0
2024-04-09,57.61,57.68,57.09,57.35,53.7119,26600,0,0
2024-04-10,56.8,57.56,56.72,56.86,53.253,13500,0,0
2024-04-11,57.31,58,57.13,58,54.3207,3200,0,0
2024-04-12,58.84,59.37,57.09,57.24,53.6089,8000,0,0
2024-04-15,57.71,58.4,57.05,58.4,54.6953,69700,0,0
2024-04-16,57.95,58.4,57.72,58.21,54.5174,6100,0,0
2024-04-17,58.35,58.5,57.67,57.85,54.1802,25100,0,0
2024-04-18,58.37,58.37,57.85,58.07,54.3863,3600,0,0
2024-04-19,58.18,58.62,58.18,58.4,54.6953,8200,0,0
2024-04-22,56.85,56.96,56.54,56.65,53.0564,19400,0,0
2024-04-23,56.13,56.67,56.13,56.49,52.9065,9400,0,0
2024-04-24,56.4,56.69,56.4,56.5,52.9159,9700,0,0
2024-04-25,56.92,56.95,56.68,56.76,53.1594,7900,0,0
2024-04-26,57.03,57.11,56.72,56.85,53.2437,1900,0,0
2024-04-29,56.67,57.06,56.67,56.75,53.15,3900,0,0
2024-04-30,55.69,55.75,55.55,55.6,52.073,6700,0,0
2024-05-01,55.68,55.97,55.68,55.96,52.4101,8600,0,0
2024-05-02,55.59,55.92,55.59,55.9,52.3539,1400,0,0
2024-05-03,55.86,55.86,55.39,55.79,52.2509,5800,0,0
2024-05-06,56.54,56.71,56.5,56.63,53.0376,8800,0,0
2024-05-07,56.58,56.61,56.39,56.39,52.8128,10800,0,0
2024-05-08,56.53,56.56,56.3,56.3,52.7286,3000,0,0
2024-05-09,56.85,57.35,56.85,57.35,53.7119,44200,0,0
2024-05-10,57.78,57.87,57.58,57.71,54.0491,4900,0,0
2024-05-13,57.33,57.41,57.15,57.23,53.5996,2500,0,0
2024-05-14,57.48,57.73,57.48,57.72,54.0585,4300,0,0
2024-05-15,57.81,58.78,57.81,58.78,55.0512,2100,0,0
2024-05-16,58.33,58.64,58.33,58.57,54.8546,3100,0,0
2024-05-17,59.42,60.1,59.35,60.1,56.2875,4400,0,0
2024-05-20,60.27,60.86,59.95,60.46,56.6247,9200,0,0
2024-05-21,60.53,60.7,60.32,60.46,56.6247,8600,0,0
2024-05-22,60.2,60.2,59.02,59.11,55.3603,8100,0,0
2024-05-23,58.77,58.84,57.89,57.94,54.2645,9200,0,0
2024-05-24,58.37,58.37,58,58.04,54.3582,4100,0,0
2024-05-28,59.2,59.31,58.92,59.23,55.4727,4900,0,0
2024-05-29,58.68,58.97,58.68,58.77,55.0419,13500,0,0
2024-05-30,58.71,58.84,58.39,58.46,54.7515,9400,0,0
2024-05-31,58.45,58.45,57.74,57.9,54.2271,3000,0,0
2024-06-03,58.02,58.39,58.02,58.33,54.6298,4400,0,0
2024-06-04,57.36,57.61,57.36,57.57,53.918,2100,0,0
2024-06-05,57.83,58.3,57.83,58.23,54.5361,4600,0,0
2024-06-06,58.51,59.15,58.51,59.05,55.3041,2700,0,0
2024-06-07,57.15,57.15,56.65,56.65,53.0564,1400,0,0
2024-06-10,57.06,57.36,57.06,57.36,53.7213,3400,0,0
2024-06-11,57.11,57.25,57.01,57.2,53.5715,10400,0,0
2024-06-12,57.68,57.68,57.34,57.43,53.7869,3700,0,0
2024-06-13,56.73,56.86,56.73,56.84,53.2343,3600,0,0
2024-06-14,57.33,57.65,57.33,57.65,53.9929,4100,0,0
2024-06-17,57.44,57.47,57.21,57.34,53.7026,11800,0,0
2024-06-18,57.2,57.57,57.2,57.57,53.918,2900,0,0
2024-06-20,57.89,58.67,57.89,58.58,54.8639,3600,0,0
2024-06-21,58.36,58.36,57.28,57.37,53.7307,9200,0,0
2024-06-24,57.63,57.65,57.47,57.6,53.9461,8200,0,0
2024-06-25,57.31,57.4,57.05,57.08,53.4591,5700,0,0
2024-06-26,56.49,56.75,56.49,56.63,53.0376,2300,0,0
2024-06-27,57.19,57.37,57.15,57.26,53.6277,4700,0,0
2024-06-28,57.47,57.47,57.24,57.3,53.6651,5900,0,0
2024-07-01,57.49,57.54,57.24,57.51,53.8618,6700,0,0
2024-07-02,57.5,57.56,57.39,57.55,53.8993,2200,0,0
2024-07-03,58.37,58.59,58.37,58.5,54.789,1600,0,0
2024-07-05,58.98,59.53,58.98,59.39,55.6225,3100,0,0
2024-07-08,59.14,59.14,58.36,58.64,54.9201,68300,0,0
2024-07-09,58.69,58.7,58.41,58.7,54.9763,2800,0,0
2024-07-10,58.99,59.08,58.79,58.87,55.1355,12400,0,0
2024-07-11,59.71,60.11,59.71,59.96,56.1564,4000,0,0
2024-07-12,59.38,59.79,59.38,59.63,55.8473,5400,0,0
2024-07-15,59.87,60.17,59.75,59.75,55.9597,12900,0,0
2024-07-16,60.15,60.93,60.15,60.91,57.0461,11400,0,0
2024-07-17,60.98,60.99,60.17,60.3,56.4748,9300,0,0
2024-07-18,60.49,60.49,59.74,59.76,55.9691,3700,0,0
2024-07-19,58.67,58.76,58.67,58.69,54.9669,900,0,0
2024-07-22,58.55,58.67,58.36,58.67,54.9482,13400,0,0
2024-07-23,58.47,58.89,58.47,58.86,55.1262,10300,0,0
2024-07-24,59.12,59.36,58.52,58.53,54.8171,38900,0,0
2024-07-25,57.37,57.56,57.22,57.3,53.6651,19500,0,0
2024-07-26,57.8,57.83,57.73,57.83,54.1615,1000,0,0
2024-07-29,57.93,57.93,57.57,57.82,54.1521,6100,0,0
2024-07-30,58.13,58.46,58.02,58.43,54.7234,23500,0,0
2024-07-31,58.9,59.55,58.9,59.55,55.7724,800,0,0
2024-08-01,59.65,59.73,58.91,59.25,55.4914,13600,0,0
2024-08-02,59.73,59.96,58.46,59.1,55.3509,14600,0,0
2024-08-05,57.38,58.03,57.38,58.01,54.3301,37400,0,0
2024-08-06,57.6,57.68,57.42,57.53,53.8805,17100,0,0
2024-08-07,57.72,57.8,57.24,57.33,53.6932,17500,0,0
2024-08-08,58.31,58.46,58.29,58.35,54.6485,11200,0,0
2024-08-09,58.28,58.57,58.28,58.43,54.7234,1800,0,0
2024-08-12,59.06,59.48,58.91,59.48,55.7068,15700,0,0
2024-08-13,59.02,59.4,59.02,59.29,55.5289,18500,0,0
2024-08-14,59,59,58.6,58.8,55.07,2800,0,0
2024-08-15,58.8,59.31,58.8,59.31,55.5476,1500,0,0
2024-08-16,59.9,60.6,59.9,60.6,56.7558,14600,0,0
2024-08-19,60.42,60.78,60.21,60.72,56.8682,6800,0,0
2024-08-20,61.4,61.4,60.8,61,57.1304,161000,0,0
2024-08-21,60.79,61.07,60.47,60.95,57.0836,10300,0,0
2024-08-22,60.57,60.57,59.89,60.08,56.2688,10300,0,0
2024-08-23,60.87,61.03,60.87,61,57.1304,1700,0,0
2024-08-26,61.34,61.35,61.12,61.23,57.3458,7800,0,0
2024-08-27,60.96,61.37,60.96,61.37,57.4769,6000,0,0
2024-08-28,60.65,60.79,60.5,60.64,56.7932,6600,0,0
2024-08-29,60.7,61.1,60.7,60.97,57.1023,34500,0,0
2024-08-30,60.86,60.9,60.31,60.42,56.5872,1900,0,0
2024-09-03,60.06,60.06,59.47,59.83,56.0346,9200,0,0
2024-09-04,59.91,60.15,59.91,59.95,56.147,1700,0,0
2024-09-05,60.68,60.68,60.48,60.55,56.709,2000,0,0
2024-09-06,60.5,60.5,59.55,59.87,56.0721,4400,0,0
2024-09-09,60.02,60.22,59.96,60.22,56.3999,2500,0,0
2024-09-10,60.22,60.45,60.22,60.45,56.6153,3300,0,0
2024-09-11,60.39,60.57,60.14,60.49,56.6528,4800,0,0
2024-09-12,61.44,61.89,61.44,61.89,57.9639,7700,0,0
2024-09-13,62.47,62.78,62.47,62.71,58.7319,7300,0,0
2024-09-16,62.87,62.98,62.59,62.75,58.7694,11000,0,0
2024-09-17,62.59,62.59,62.31,62.42,58.4603,7700,0,0
2024-09-18,62.31,62.5,61.71,61.71,57.7954,6200,0,0
2024-09-19,62.65,63.02,62.41,62.8,58.8162,29000,0,0
2024-09-20,63.52,63.76,63.46,63.62,59.5842,1900,0,0
2024-09-23,63.57,63.72,63.5,63.5,59.4718,5000,0,0
2024-09-24,63.83,64.91,63.8,64.91,60.7924,11600,0,0
2024-09-25,64.81,64.81,64.45,64.67,60.5676,5000,0,0
2024-09-26,64.93,65.01,64.58,64.96,60.8392,8900,0,0
2024-09-27,64.93,64.93,64.18,64.37,60.2866,2400,0,0
2024-09-30,63.99,63.99,63.62,63.79,59.7434,15700,0,0
2024-10-01,64.7,64.83,64.41,64.42,60.3334,12300,0,0
2024-10-02,64.81,64.81,64.31,64.58,60.4833,15300,0,0
2024-10-03,64.38,64.79,64.22,64.67,60.5676,5000,0,0
2024-10-04,64.56,65.15,64.36,64.59,60.4927,28300,0,0
2024-10-07,64.41,64.41,64.14,64.26,60.1836,24600,0,0
2024-10-08,63.8,63.8,63,63.42,59.3969,8900,0,0
2024-10-09,62.99,63.2,62.98,63.11,59.1066,2100,0,0
2024-10-10,63.27,63.79,63.27,63.79,59.7434,9400,0,0
2024-10-11,64.35,64.44,64.35,64.38,60.296,1100,0,0
2024-10-14,64.23,64.3,63.99,64.21,60.1368,2000,0,0
2024-10-15,64.6,64.6,64.46,64.47,60.3803,8000,0,0
2024-10-16,65,65.17,64.72,64.82,60.7081,4900,0,0
2024-10-17,65.01,65.16,64.88,65.15,61.0171,4600,0,0
2024-10-18,65.75,66.52,65.75,66.51,62.2909,9600,0,0
2024-10-21,66.99,67.08,66.32,66.56,62.3377,12300,0,0
2024-10-22,67.25,67.51,67.19,67.51,63.2274,9000,0,0
2024-10-23,67.11,67.11,66.19,66.34,62.1317,76000,0,0
2024-10-24,66.79,66.83,66.59,66.79,62.5531,4800,0,0
2024-10-25,66.63,67.04,66.54,66.88,62.6374,13800,0,0
2024-10-28,66.88,67.07,66.88,66.95,62.703,5100,0,0
2024-10-29,67.68,67.88,67.57,67.85,63.5459,10200,0,0
2024-10-30,67.63,67.89,67.41,67.72,63.4241,12600,0,0
2024-10-31,67.21,67.22,66.27,66.58,62.3564,10100,0,0
2024-11-01,66.82,66.86,66.17,66.21,62.0099,16500,0,0
2024-11-04,66.54,66.58,66.22,66.32,62.1129,3300,0,0
2024-11-05,66.76,66.8,66.44,66.5,62.2815,3600,0,0
2024-11-06,64.24,64.75,63.98,64.36,60.2773,16800,0,0
2024-11-07,65.07,65.73,65.07,65.46,61.3075,11900,0,0
2024-11-08,65.22,65.22,64.77,64.87,60.7549,13800,0,0
2024-11-11,63.47,63.5,63.08,63.35,59.3313,24300,0,0
2024-11-12,63.31,63.31,62.89,63.01,59.0129,6800,0,0
2024-11-13,63.27,63.44,62.29,62.38,58.4229,62300,0,0
2024-11-14,62.03,62.43,62,62.22,58.273,13300,0,0
2024-11-15,62.38,62.57,62.03,62.1,58.1606,23100,0,0
2024-11-18,63.32,63.52,63.25,63.42,59.3969,39300,0,0
2024-11-19,63.63,63.9,63.61,63.9,59.8464,5000,0,0
2024-11-20,63.85,64.11,63.85,63.99,59.9307,6400,0,0
2024-11-21,64.16,64.45,64.16,64.36,60.2773,10400,0,0
2024-11-22,64.96,65.48,64.96,65.32,61.1764,9700,0,0
2024-11-25,63.79,63.85,63.14,63.36,59.3407,21900,0,0
2024-11-26,63.43,63.5,63.34,63.5,59.4718,1300,0,0
2024-11-27,63.9,63.9,63.34,63.47,59.4437,4500,0,0
2024-11-29,64.06,64.09,64.04,64.08,60.015,1300,0,0
2024-12-02,63.73,63.81,63.41,63.49,59.4624,31300,0,0
2024-12-03,64.12,64.19,63.77,63.88,59.8277,6600,0,0
2024-12-04,64.22,64.29,64.06,64.16,60.09,255800,0,0
2024-12-05,64.09,64.09,63.48,63.83,59.7809,6700,0,0
2024-12-06,63.68,63.87,63.62,63.68,59.6404,3000,0,0
2024-12-09,64.9,65.03,64.48,64.56,60.4646,125500,0,0
2024-12-10,65.32,65.36,65.3,65.35,61.2045,2500,0,0
2024-12-11,66.13,66.23,65.87,65.99,61.8039,5900,0,0
2024-12-12,65,65,64.69,64.69,60.5863,6700,0,0
2024-12-13,64.04,64.22,63.88,63.88,59.8277,3400,0,0
2024-12-16,64.16,64.16,63.93,63.99,59.9307,3300,0,0
2024-12-17,63.69,63.92,63.42,63.81,59.7621,12700,0,0
2024-12-18,63.63,63.73,62.44,62.44,58.4791,8300,0,0
2024-12-19,62.53,62.53,62.23,62.37,58.4135,119800,0,0
2024-12-20,62.8,63.29,62.8,63.2,59.1908,10900,0,0
2024-12-23,60.51,60.61,60.35,60.45,59.0054,8800,2.56,0
2024-12-24,60.63,60.74,60.63,60.71,59.2592,1100,0,0
2024-12-26,60.95,61.19,60.88,61.14,59.6789,11700,0,0
2024-12-27,60.64,60.77,60.51,60.69,59.2396,11600,0,0
2024-12-30,60.53,60.53,60.09,60.3,58.859,9500,0,0
2024-12-31,60.49,60.74,60.47,60.73,59.2787,7900,0,0
2025-01-02,61.21,61.55,61.08,61.46,59.9912,7600,0,0
2025-01-03,61.2,61.24,61.03,61.03,59.5715,1300,0,0
2025-01-06,60.78,61.26,60.78,61.04,59.5813,6300,0,0
2025-01-07,61.81,61.81,61.47,61.49,60.0205,3400,0,0
2025-01-08,61.92,61.92,61.48,61.81,60.3329,3800,0,0
2025-01-10,63.15,63.15,62.64,62.64,61.143,8800,0,0
2025-01-13,61.73,62.02,61.49,61.61,60.1377,6200,0,0
2025-01-14,61.63,62.03,61.63,61.97,60.4891,6500,0,0
2025-01-15,62.59,62.98,62.42,62.95,61.4456,5400,0,0
2025-01-16,63.47,63.76,63.41,63.41,61.8946,2500,0,0
2025-01-17,63.13,63.54,63.08,63.11,61.6018,7700,0,0
2025-01-21,63.38,63.77,63.3,63.6,62.0801,73700,0,0
2025-01-22,63.7,63.92,63.65,63.79,62.2656,17400,0,0
2025-01-23,63.35,63.64,63.17,63.49,61.9727,5500,0,0
2025-01-24,64.05,64.16,63.88,63.97,62.4413,7400,0,0
2025-01-27,63.51,63.51,62.84,63.13,61.6213,6600,0,0
2025-01-28,63.43,63.84,63.43,63.84,62.3144,7000,0,0
2025-01-29,64.15,64.16,63.82,63.9,62.3729,5900,0,0
2025-01-30,64.77,65.28,64.77,65.12,63.5638,7700,0,0
2025-01-31,65.32,65.43,64.69,64.7,63.1538,5600,0,0
2025-02-03,65.28,65.66,65.21,65.32,63.759,30000,0,0
2025-02-04,65.71,66.03,65.57,65.89,64.3154,16200,0,0
2025-02-05,66.07,66.45,65.94,66,64.4228,11200,0,0
2025-02-06,65.94,65.94,65.56,65.93,64.3544,8800,0,0
2025-02-07,66.3,66.63,65.94,66.01,64.4325,12000,0,0
2025-02-10,66.91,67.12,66.8,67,65.3989,18700,0,0
2025-02-11,66.95,67.06,66.73,66.85,65.2524,4200,0,0
2025-02-12,66.86,67.01,66.86,67,65.3989,3800,0,0
2025-02-13,67.18,67.66,67.07,67.64,66.0236,43400,0,0
2025-02-14,67.89,67.89,66.27,66.34,64.7546,6600,0,0
2025-02-18,67.27,67.76,67.27,67.75,66.1309,7400,0,0
2025-02-19,67.65,67.7,67.21,67.51,65.8967,2100,0,0
2025-02-20,67.53,67.85,67.53,67.65,66.0333,6200,0,0
2025-02-21,67.62,67.62,67.32,67.44,65.8283,4700,0,0
2025-02-24,67.68,67.73,67.39,67.64,66.0236,23600,0,0
2025-02-25,67.51,67.51,66.2,66.7,65.106,15100,0,0
2025-02-26,66.43,66.97,66.43,66.88,65.2817,19600,0,0
2025-02-27,66.53,66.53,65.77,65.81,64.2373,7300,0,0
2025-02-28,65.18,65.43,64.93,65.31,63.7492,8400,0,0
2025-03-03,65.95,66.49,65.95,66.19,64.6082,13200,0,0
2025-03-04,66.97,66.99,66.47,66.82,65.2232,42700,0,0
2025-03-05,66.71,67.32,66.71,67.15,65.5453,14000,0,0
2025-03-06,66.87,67.16,66.87,66.96,65.3598,4200,0,0
2025-03-07,67.07,67.39,66.67,66.87,65.272,3000,0,0
2025-03-10,66.73,66.85,66.01,66.21,64.6277,30100,0,0
2025-03-11,66.81,67.27,66.81,67.12,65.516,18100,0,0
2025-03-12,67.02,67.79,67.02,67.62,66.004,12600,0,0
2025-03-13,67.99,68.99,67.88,68.85,67.2046,71400,0,0
2025-03-14,69.25,69.25,68.71,68.73,67.0875,4800,0,0
2025-03-17,68.74,69.11,68.74,69.11,67.4584,11700,0,0
2025-03-18,69.91,69.95,69.66,69.85,68.1807,5600,0,0
2025-03-19,69.58,70.18,69.52,69.97,68.2979,331000,0,0
2025-03-20,70.1,70.1,69.34,69.82,68.1515,34500,0,0
2025-03-21,68.73,69.13,68.61,69.07,67.4194,4300,0,0
2025-03-24,69.13,69.19,68.69,68.94,67.2925,17400,0,0
2025-03-25,69.63,69.65,69.31,69.31,67.6536,25000,0,0
2025-03-26,69.4,69.54,69.27,69.28,67.6244,96700,0,0
2025-03-27,69.46,70.62,69.46,70.57,68.8835,22800,0,0
2025-03-28,70.84,71.1,70.47,70.7,69.0104,8300,0,0
2025-03-31,71.21,71.51,70.85,71.45,69.7425,140400,0,0
2025-04-01,71.55,71.66,70.9,71.33,69.6254,131900,0,0
2025-04-02,71.53,71.91,71.47,71.61,69.8987,38400,0,0
2025-04-03,69.05,70.38,69.05,69.84,68.171,12700,0,0
2025-04-04,68.81,68.9,67.21,67.7,66.0821,57700,0,0
2025-04-07,67.6,68.04,66.17,66.62,65.0279,28100,0,0
2025-04-08,67.6,67.6,66.62,66.64,65.0475,7300,0,0
2025-04-09,68.5,69.3,68.38,69.3,67.6439,16100,0,0
2025-04-10,69.91,71.01,69.68,70.89,69.1959,50600,0,0
2025-04-11,72.08,72.5,71.98,72.4,70.6698,14700,0,0
2025-04-14,71.81,72.16,71.53,72.03,70.3086,65100,0,0
2025-04-15,72.32,72.46,72.03,72.46,70.7284,22300,0,0
2025-04-16,74.15,74.7,74.01,74.66,72.8758,8400,0,0
2025-04-17,74.16,74.36,73.5,74.17,72.3975,26200,0,0
2025-04-21,76,76.28,75.75,76.04,74.2228,25600,0,0
2025-04-22,76.43,76.43,75.07,75.11,73.315,28000,0,0
2025-04-23,73.87,74.17,73.31,73.97,72.2023,135500,0,0
2025-04-24,74.77,74.95,74.27,74.86,73.071,11000,0,0
2025-04-25,73.45,74.11,73.24,74.06,72.2901,35300,0,0
2025-04-28,74.06,74.95,73.74,74.95,73.1589,8000,0,0
2025-04-29,74.16,74.59,74.16,74.18,72.4073,19400,0,0
2025-04-30,73.86,74.1,73.56,73.56,71.8021,4300,0,0
2025-05-01,72.37,72.37,71.86,72.29,70.5624,21300,0,0
2025-05-02,72.73,72.77,72.16,72.2,70.4746,8900,0,0
2025-05-05,74.1,74.37,73.59,74.1,72.3292,41800,0,0
2025-05-06,75.92,76.22,75.66,76.18,74.3595,7100,0,0
2025-05-07,75.74,75.74,74.82,74.94,73.1491,6600,0,0
2025-05-08,74.89,75.02,73.69,73.79,72.0266,27400,0,0
2025-05-09,74.52,74.63,74.27,74.27,72.4951,23200,0,0
2025-05-12,72.69,72.74,72.25,72.59,70.8553,12600,0,0
2025-05-13,72.68,73.11,72.63,72.99,71.2457,6500,0,0
2025-05-14,71.63,71.63,71.21,71.39,69.6839,5500,0,0
2025-05-15,71.66,72.43,71.58,72.32,70.5917,34200,0,0
2025-05-16,71.22,71.69,71.12,71.55,69.8401,8200,0,0
2025-05-19,72.32,72.58,72.21,72.37,70.6405,30600,0,0
2025-05-20,72.6,73.85,72.6,73.78,72.0168,16700,0,0
2025-05-21,74.1,74.54,74.1,74.43,72.6513,14600,0,0
2025-05-22,74.15,74.15,73.47,73.66,71.8997,5200,0,0
2025-05-23,74.71,75.33,74.71,75.18,73.3834,26400,0,0
2025-05-27,73.87,74.13,73.72,74.13,72.3585,4300,0,0
2025-05-28,74.07,74.09,73.7,73.83,72.0656,7600,0,0
2025-05-29,74.24,74.41,73.94,74.28,72.5049,7800,0,0
2025-05-30,73.81,73.81,73.32,73.7,71.9387,14800,0,0
2025-06-02,75.21,76.02,75.21,76.02,74.2033,8100,0,0
2025-06-03,74.95,75.47,74.95,75.41,73.6079,21300,0,0
2025-06-04,75.52,76.04,75.4,75.71,73.9007,17200,0,0
2025-06-05,76.38,76.54,75.61,75.9,74.0862,6300,0,0
2025-06-06,75.97,75.97,75.32,75.33,73.5298,6900,0,0
2025-06-09,75.52,76.04,75.52,75.78,73.969,14900,0,0
2025-06-10,76.13,76.13,75.63,75.8,73.9886,3400,0,0
2025-06-11,75.82,76.01,75.68,75.99,74.174,3400,0,0
2025-06-12,76.71,76.79,76.69,76.75,74.9158,2400,0,0
2025-06-13,77.86,77.86,77.43,77.53,75.6772,3900,0,0
2025-06-16,77.34,77.34,76.58,76.58,74.7499,12400,0,0
2025-06-17,77.16,77.25,76.91,77.12,75.277,5700,0,0
2025-06-18,76.9,77.09,76.44,76.53,74.7011,19200,0,0
2025-06-20,76.12,76.26,76.04,76.15,74.3302,4500,0,0
2025-06-23,76.17,76.7,74.92,76.47,74.6425,10900,0,0
2025-06-24,74.98,75.33,74.72,75.33,73.5298,4200,0,0
2025-06-25,75.16,75.67,75.16,75.67,73.8617,5800,0,0
2025-06-26,75.47,75.71,75.38,75.65,73.8421,5800,0,0
2025-06-27,74.07,74.6,74.07,74.33,72.5537,11500,0,0
2025-06-30,74.59,75.21,74.59,75.14,73.3443,15600,0,0
2025-07-01,75.95,76.03,75.5,75.73,73.9202,9300,0,0
2025-07-02,75.83,76.12,75.81,76.09,74.2716,8600,0,0
2025-07-03,75.72,75.9,75.59,75.73,73.9202,4700,0,0
2025-07-07,75.32,75.96,75.19,75.96,74.1447,7200,0,0
2025-07-08,75.67,75.68,74.93,75.35,73.5493,8500,0,0
2025-07-09,75.14,75.4,75.09,75.39,73.5883,5500,0,0
2025-07-10,75.71,75.96,75.54,75.96,74.1447,6200,0,0
2025-07-11,76.94,77.33,76.86,77.33,75.482,4400,0,0
2025-07-14,77.14,77.14,76.57,76.57,74.7401,16400,0,0
2025-07-15,76.68,76.75,76.07,76.18,74.3595,12700,0,0
2025-07-16,76.39,76.89,76.02,76.58,74.7499,4300,0,0
2025-07-17,76.32,76.56,76.3,76.56,74.7304,13300,0,0
2025-07-18,77,77,76.69,76.69,74.8573,2600,0,0
2025-07-21,77.67,78.22,77.67,78.08,76.2141,7100,0,0
2025-07-22,78.53,78.9,78.25,78.86,76.9754,7800,0,0
2025-07-23,78.66,78.68,77.82,78.05,76.1848,8900,0,0
2025-07-24,77.13,77.61,77.13,77.48,75.6284,5700,0,0
2025-07-25,76.71,76.93,76.19,76.47,74.6425,7900,0,0
2025-07-28,76.31,76.31,75.82,76.04,74.2228,8600,0,0
2025-07-29,76.03,76.4,75.89,76.24,74.418,7000,0,0
2025-07-30,75.63,75.63,74.64,74.64,72.8563,11400,0,0
2025-07-31,75.3,75.3,74.93,74.95,73.1589,4700,0,0
2025-08-01,76.29,76.42,75.89,76.26,74.4376,8700,0,0
2025-08-04,76.79,76.95,76.62,76.79,74.9549,8000,0,0
2025-08-05,76.86,77.26,76.86,77.04,75.1989,28200,0,0
2025-08-06,76.79,77.13,76.72,77.12,75.277,3500,0,0
2025-08-07,77.89,77.91,77.5,77.91,76.0481,6400,0,0
2025-08-08,78.28,78.52,77.7,77.79,75.931,3100,0,0
2025-08-11,76.72,76.82,76.48,76.48,74.6523,5100,0,0
2025-08-12,76.46,76.8,76.11,76.51,74.6816,2900,0,0
2025-08-13,76.93,77.22,76.77,76.93,75.0916,4000,0,0
2025-08-14,76.42,76.48,76.29,76.37,74.5449,4200,0,0
2025-08-15,76.32,76.44,76.22,76.3,74.4766,5000,0,0
2025-08-18,76.5,76.58,76.22,76.24,74.418,3000,0,0
2025-08-19,76.28,76.37,75.54,75.64,73.8324,4100,0,0
2025-08-20,76.13,76.45,76.13,76.43,74.6035,2400,0,0
2025-08-21,76.53,76.57,76.12,76.38,74.5547,6000,0,0
2025-08-22,76.3,77.41,76.23,77.36,75.5113,5500,0,0
2025-08-25,77.42,77.44,77.08,77.08,75.238,1900,0,0
2025-08-26,77.29,77.65,77.23,77.59,75.7358,9100,0,0
2025-08-27,77.37,77.8,77.28,77.8,75.9408,2500,0,0
2025-08-28,78.15,78.59,78.15,78.52,76.6435,5500,0,0
2025-08-29,78.78,79.72,78.78,79.67,77.7661,6200,0,0
2025-09-02,80.62,81.67,80.46,81.5,79.5523,34800,0,0
2025-09-03,82.17,82.53,81.95,82.03,80.0697,17200,0,0
2025-09-04,81.82,81.82,81.27,81.66,79.7085,11200,0,0
2025-09-05,82.24,82.5,82.14,82.39,80.4211,32700,0,0
2025-09-08,82.98,83.48,82.96,83.19,81.2019,11100,0,0
2025-09-09,83.63,83.63,82.77,82.77,80.792,7800,0,0
2025-09-10,83.24,83.53,83.03,83.1,81.1141,7600,0,0
2025-09-11,82.71,83.31,82.71,83.16,81.1727,19100,0,0
2025-09-12,83.72,83.77,83.53,83.61,81.6119,4400,0,0
2025-09-15,83.67,84.49,83.67,84.43,82.4123,5600,0,0
2025-09-16,84.77,84.86,84.32,84.47,82.4514,6800,0,0
2025-09-17,84.1,84.25,83.02,83.47,81.4753,3900,0,0
2025-09-18,83.09,83.3,83.03,83.3,81.3093,10800,0,0
2025-09-19,83.6,84.49,83.6,84.49,82.4709,5400,0,0
2025-09-22,85.45,86.15,85.42,86.07,84.0131,3900,0,0
2025-09-23,86.7,86.8,86.1,86.33,84.2669,9000,0,0
2025-09-24,86.04,86.28,85.46,85.6,83.5544,6700,0,0
2025-09-25,86.02,86.56,85.66,86.42,84.3548,9500,0,0
2025-09-26,86.86,87.52,86.86,87.12,85.038,8200,0,0
2025-09-29,88.43,88.68,88.27,88.5,86.3851,9200,0,0
2025-09-30,88.11,88.98,88.11,88.93,86.8048,24800,0,0
2025-10-01,90.37,90.37,89.18,89.36,87.2245,20200,0,0
2025-10-02,90,90,88.19,88.78,86.6584,9200,0,0
2025-10-03,89.58,90,89.35,89.88,87.7321,9400,0,0
2025-10-06,90.86,91.49,90.86,91.36,89.1767,4800,0,0
2025-10-07,91.88,91.88,90.98,91.45,89.2645,7500,0,0
2025-10-08,93.03,93.52,92.87,92.99,90.7678,7800,0,0
2025-10-09,93.4,93.4,90.65,91.2,89.0205,12200,0,0
2025-10-10,91.87,92.02,91.01,92.02,89.8209,2200,0,0
2025-10-13,94.29,95.15,94.29,94.93,92.6614,17800,0,0
2025-10-14,94.51,95.74,94.51,95.31,93.0323,11500,0,0
2025-10-15,96.81,97.41,96.62,97.41,95.0821,9700,0,0
2025-10-16,98.18,99.54,98.18,99.54,97.1612,23400,0,0
2025-10-17,99.2,99.2,96.08,96.9,94.5843,21200,0,0
2025-10-20,99.01,100.25,98.34,100.25,97.8543,12800,0,0
2025-10-21,95.88,96.33,93.04,93.72,91.4803,33400,0,0
2025-10-22,92.79,94.12,92.17,94,91.7536,21700,0,0
2025-10-23,95.12,95.13,94.12,94.48,92.2221,11400,0,0
2025-10-24,94.48,94.83,93.74,93.98,91.7341,30300,0,0
2025-10-27,92.26,92.26,90.72,91.21,89.0303,9000,0,0
2025-10-28,90.01,91.15,90.01,90.86,88.6887,14300,0,0
2025-10-29,92.32,92.45,90.4,90.51,88.347,23300,0,0
2025-10-30,91.34,92.62,91.34,92.5,90.2895,16500,0,0
2025-10-31,92.36,92.46,91.51,91.9,89.7038,12800,0,0
2025-11-03,92.24,92.67,91.69,91.95,89.7526,51600,0,0
2025-11-04,90.77,91.13,90.18,90.35,88.1908,14100,0,0
2025-11-05,91.61,91.75,91.18,91.6,89.411,5500,0,0
2025-11-06,91.59,91.63,91.25,91.4,89.2158,4300,0,0
2025-11-07,92.12,92.46,91.74,91.94,89.7428,35300,0,0
2025-11-10,94.09,95.01,94.09,94.78,92.515,5000,0,0
2025-11-11,95.28,95.3,94.56,95.3,93.0226,6100,0,0
2025-11-12,95.58,97.55,95.58,97.18,94.8576,7300,0,0
2025-11-13,97.57,97.57,95.92,96.01,93.7156,11500,0,0
2025-11-14,93.57,94.75,93.57,94.18,91.9293,17700,0,0
2025-11-17,93.85,94.19,92.62,93.13,90.9044,8400,0,0
2025-11-18,93.88,94.2,93.22,93.85,91.6072,17000,0,0
2025-11-19,95.01,95.53,93.9,94.08,91.8317,21600,0,0
2025-11-20,94.26,94.51,93.32,93.73,91.4901,4600,0,0
2025-11-21,93.37,94.02,93.17,93.24,91.0118,4300,0,0
2025-11-24,93.5,95.24,93.5,95.06,92.7883,3100,0,0
2025-11-25,95.21,95.52,94.51,95.11,92.8371,10700,0,0
2025-11-26,95.96,96.34,95.96,96.3,93.9987,4800,0,0
2025-11-28,97.41,98.5,97.41,98.5,96.1461,5700,0,0
2025-12-01,99.59,101.04,98.77,99.3,96.927,40100,0,0
2025-12-02,99.29,99.29,97.85,98.98,96.6146,12100,0,0
2025-12-03,99.4,99.49,98.66,98.98,96.6146,6700,0,0
2025-12-04,98.08,98.6,98.08,98.56,96.2046,5200,0,0
2025-12-05,99.43,99.93,98.83,98.91,96.5463,5300,0,0
2025-12-08,98.9,98.91,98.09,98.41,96.0582,8400,0,0
2025-12-09,98.76,99.97,98.76,99.97,97.5809,6900,0,0
2025-12-10,99.63,100.44,99.02,100.35,97.9519,6400,0,0
2025-12-11,100.72,102.29,100.72,101.88,99.4453,39900,0,0
2025-12-12,103.37,103.71,100.86,101.97,99.5332,21500,0,0
2025-12-15,103.05,103.14,102.4,102.86,100.402,12800,0,0
2025-12-16,103.3,103.3,102.71,102.9,100.441,5500,0,0
2025-12-17,104.03,104.71,103.96,104.52,102.022,8800,0,0
2025-12-18,104.39,104.88,103.4,103.68,101.202,29100,0,0
2025-12-19,104.3,105.31,104.3,104.78,102.276,10400,0,0
2025-12-22,104.91,105.16,104.4,105.16,105.16,12600,2.504,0
2025-12-23,106.13,107.36,105.3,107.36,107.36,11900,0,0
2025-12-24,107.26,107.26,105.75,107.07,107.07,6000,0,0
2025-12-26,109.37,110.65,108.75,110.39,110.39,14900,0,0
2025-12-29,105.13,105.13,103.2,103.96,103.96,23700,0,0
2025-12-30,106.38,106.57,105.14,105.21,105.21,16200,0,0
2025-12-31,103.59,103.82,102.37,102.81,102.81,27900,0,0
2026-01-02,105.16,105.16,102.85,103.86,103.86,11800,0,0
2026-01-05,106.83,107.94,106.67,107,107,43500,0,0
2026-01-06,108.71,110.16,108.71,110.16,110.16,11800,0,0
2026-01-07,107.41,108.17,107,108.04,108.04,16200,0,0
2026-01-08,106.2,108.15,106.15,108.15,108.15,10400,0,0
2026-01-09,108.9,109.86,108.8,109.3,109.3,10800,0,0
2026-01-12,112.22,113.64,112.22,112.77,112.77,27100,0,0
2026-01-13,114.18,114.61,112.58,112.9,112.9,18500,0,0
2026-01-14,115.46,115.98,114.28,115.96,115.96,25800,0,0
2026-01-15,114.06,115.41,113.93,114.82,114.82,32400,0,0
2026-01-16,114.48,114.48,112.05,113.38,113.38,22700,0,0
2026-01-20,118.41,118.68,117.45,118.3,118.3,33000,0,0
2026-01-21,120.39,120.44,117.62,119.33,119.33,16000,0,0
2026-01-22,119.69,122.54,119.46,122.44,122.44,26100,0,0
2026-01-23,124.02,125.9,123.88,125.9,125.9,25500,0,0
2026-01-26,129.52,132.03,126.95,128.63,128.63,75300,0,0
2026-01-27,128.31,131.56,126.88,131.56,131.56,27000,0,0
2026-01-28,133.3,136.6,131.01,136.43,136.43,26100,0,0
2026-01-29,140.76,140.76,128.8,135.95,135.95,53600,0,0
2026-01-30,125.56,125.56,110.59,115.95,115.95,89500,0,0
2026-02-02,112.69,114,110,111.45,111.45,26000,0,0
2026-02-03,118.44,120.2,116.76,118.16,118.16,41300,0,0
2026-02-04,121.78,121.78,116.41,118.79,118.79,28000,0,0
2026-02-05,112.66,114.69,111.44,111.66,111.66,70800,0,0
2026-02-06,113.84,116.36,113.84,115.81,115.81,34400,0,0
2026-02-09,118.37,120.22,118.37,119.96,119.96,31700,0,0
2026-02-10,119.69,119.69,117.67,118.15,118.15,10900,0,0
2026-02-11,120.32,120.67,119,120.36,120.36,9600,0,0
2026-02-12,119.68,119.75,114.17,114.17,114.17,22100,0,0
2026-02-13,117,117.52,116.45,117.01,117.01,29000,0,0
2026-02-17,113.96,114,112.48,113.17,113.17,20600,0,0
2026-02-18,115.92,117.17,115.92,116.28,116.28,8300,0,0
2026-02-19,116.5,117.26,116.27,116.87,116.87,11000,0,0
2026-02-20,118.53,120.95,117.51,120.93,120.93,22000,0,0
2026-02-23,122.42,124.57,122.42,124.57,124.57,13300,0,0
2026-02-24,121.6,122.99,121.22,122.72,122.72,5800,0,0
2026-02-25,124.33,125.23,123.02,123.02,123.02,9900,0,0
2026-02-26,122.88,124.26,122.04,124.04,124.04,17100,0,0
2026-02-27,125.79,126.81,125.57,126.81,126.81,8900,0,0
2026-03-02,126.11,127.25,125.06,126.89,126.89,48900,0,0
2026-03-03,120.74,120.91,117.37,119.66,119.66,29600,0,0
2026-03-04,121.7,121.81,120.15,120.72,120.72,11000,0,0
2026-03-05,120.28,120.28,118.78,119.38,119.38,9000,0,0
2026-03-06,120.47,122.02,119.99,121.29,121.29,10800,0,0
2026-03-09,120.65,122.06,119.89,121.93,121.93,61900,0,0
2026-03-10,124.41,124.9,123.45,123.45,123.45,7300,0,0
2026-03-11,122.94,122.94,121.87,122.91,122.91,5800,0,0
2026-03-12,122.18,122.23,120.27,120.27,120.27,8900,0,0
2026-03-13,120.52,120.56,117.55,117.73,117.73,10700,0,0
2026-03-16,118.37,118.54,117.19,118.15,118.15,9600,0,0
2026-03-17,118.02,118.66,116.69,117.29,117.29,11700,0,0
2026-03-18,114.26,114.89,113.45,113.45,113.45,17400,0,0
2026-03-19,106.14,109.11,105.6,109.04,109.04,62300,0,0
2026-03-20,108.86,108.86,104.69,105.05,105.05,19600,0,0
2026-03-23,103.14,105.51,102.19,103.45,103.45,19100,0,0
2026-03-24,102.33,104.21,102.07,103.34,103.34,42100,0,0
2026-03-25,107.34,107.34,105.99,106.35,106.35,16700,0,0
2026-03-26,103.94,104.29,101.64,101.67,101.67,10200,0,0
2026-03-27,102.91,106.26,102.91,105.43,105.43,9900,0,0
2026-03-30,106.84,106.87,105.2,105.43,105.43,19700,0,0
2026-03-31,107.35,110.04,107.35,110.04,110.04,17000,0,0
2026-04-01,110.95,112.28,110.95,111.39,111.39,42400,0,0
2026-04-02,106.94,109.7,106.94,109.38,109.38,22900,0,0
2026-04-06,109.36,109.71,108.77,109.12,109.12,20500,0,0
2026-04-07,108.53,110.15,107.87,110.01,110.01,12400,0,0
2026-04-08,113.21,113.21,110.53,111.36,111.36,11900,0,0
2026-04-09,111.49,113.36,111.49,112.56,112.56,8200,0,0
2026-04-10,112.65,113.1,112.14,112.45,112.45,10700,0,0
2026-04-13,111.11,111.93,110.48,111.86,111.86,11000,0,0
2026-04-14,113.08,114.85,113.08,114.76,114.76,5900,0,0
2026-04-15,114.42,114.75,113.91,114.04,114.04,7400,0,0
2026-04-16,114.43,114.43,113.34,113.64,113.64,3800,0,0
2026-04-17,116.24,116.47,115.46,115.47,115.47,9500,0,0
2026-04-20,114.53,114.53,113.79,114.15,114.15,7900,0,0
2026-04-21,113.12,113.12,110.39,110.55,110.55,5300,0,0
2026-04-22,112.43,112.69,112.01,112.17,112.17,9000,0,0
2026-04-23,111.54,111.72,110.53,110.56,110.56,7900,0,0
2026-04-24,110.56,111.63,110.56,110.91,110.91,14300,0,0
2026-04-27,110.51,110.57,109.92,110.25,110.25,19000,0,0
2026-04-28,107.49,108.19,107.17,108.01,108.01,13700,0,0
2026-04-29,106.39,106.92,106.12,106.51,106.51,7800,0,0
2026-04-30,108.71,108.82,108.2,108.59,108.59,27300,0,0
2026-05-01,108.45,110.19,108.45,108.96,108.96,15100,0,0
2026-05-04,107.57,108.21,106.37,106.57,106.57,10500,0,0
2026-05-05,108.07,108.07,107.24,107.24,107.24,6300,0,0
2026-05-06,110.81,111.54,110.81,111.41,111.41,6000,0,0
2026-05-07,113.47,113.91,111.92,111.97,111.97,23000,0,0
2026-05-08,113.17,113.17,112.16,112.75,112.75,42100,0,0
2026-05-11,114.17,114.77,114.17,114.77,114.77,5300,0,0
2026-05-12,113.27,114.54,112.98,114.54,114.54,2600,0,0
2026-05-13,114.26,115.34,113.78,114.53,114.53,40600,0,0
2026-05-14,113.08,113.35,112.28,112.28,112.28,2400,0,0
2026-05-15,108.34,108.71,108,108.08,108.08,8400,0,0
2026-05-18,108.74,109.11,107.87,108.68,108.68,36800,0,0
2026-05-19,106.3,106.85,105.98,106.09,106.09,4700,0,0
2026-05-20,106.36,107.95,105.98,107.8,107.8,14400,0,0
2026-05-21,107.3,108.23,106.66,107.98,107.98,7500,0,0
2026-05-22,107.48,107.48,105,107.03,107.03,5900,0,0
2026-05-26,107.44,107.66,107,107.38,107.38,6400,0,0
2026-05-27,104.77,105.86,104.77,105.66,105.66,7700,0,0
2026-05-28,104.73,107.15,104.73,106.65,106.65,9700,0,0
2026-05-29,107.31,108.82,107.24,107.59,107.59,10600,0,0
2026-06-01,105.99,106.74,105.44,106.32,106.32,11400,0,0
2026-06-02,107.65,107.65,106.39,106.51,106.51,8700,0,0
2026-06-03,105.5,105.5,104.83,105,105,15300,0,0
2026-06-04,106.27,106.35,105.55,105.88,105.88,10400,0,0
2026-06-05,103.73,103.73,100.93,101.06,101.06,7000,0,0
2026-06-08,101.2,101.61,101.03,101.25,101.25,7200,0,0
2026-06-09,101.23,101.23,98.3,99.04,99.04,11100,0,0
2026-06-10,96.64,97.68,95.36,95.46,95.46,11600,0,0
2026-06-11,95.16,98.9,94.94,98.79,98.79,75900,0,0
2026-06-12,98.27,99.19,97.84,98.88,98.88,6100,0,0
2026-06-15,102.56,102.61,101.59,101.59,101.59,7800,0,0
2026-06-16,102.19,102.24,101.64,101.94,101.94,8900,0,0
2026-06-17,101.84,102.52,99.2,99.2,99.2,9400,0,0
2026-06-18,99.02,99.29,98.15,98.34,98.34,4800,0,0
2026-06-22,97.72,98.18,97.59,97.65,97.65,5400,0,0
2026-06-23,95.35,95.95,95.25,95.25,95.25,8900,0,0
2026-06-24,91.78,92.92,91.04,91.47,91.47,8900,0,0
2026-06-25,92.36,93.05,91.8,92.44,92.44,10400,0,0
2026-06-26,93.03,94.22,93.03,93.5,93.5,42500,0,0
2026-06-29,92.6,92.69,92.26,92.26,92.26,6200,0,0
2026-06-30,92.49,93.09,92.47,92.47,92.47,11100,0,0
2026-07-01,93.16,94.61,92.98,92.98,92.98,29700,0,0
2026-07-02,94.96,95.54,94.65,95.05,95.05,9400,0,0
2026-07-06,95.45,96.26,95.45,96.22,96.22,17400,0,0
2026-07-07,96.14,96.14,94.37,94.86,94.86,11600,0,0
2026-07-08,93.11,93.77,92.24,93.52,93.52,10700,0,0
2026-07-09,94.68,95.02,94.58,94.7,94.7,12700,0,0
2026-07-10,94.09,94.71,93.77,94.47,94.47,7700,0,0
2026-07-13,93.4,93.4,91.59,91.87,91.87,8100,0,0
2026-07-14,93.92,94.38,93.01,93.32,93.32,351700,0,0
2026-07-15,93.02,93.78,92.13,93.04,93.04,35500,0,0
2026-07-16,91.61,91.61,90.76,91,91,6000,0,0
2026-07-17,90.72,91.7,90.72,91.57,91.57,9800,0,0
2026-07-20,91.51,91.86,91.34,91.53,91.53,27700,0,0
2026-07-21,92.85,93.75,92.85,93.66,93.66,4800,0,0
2026-07-22,95.14,95.48,94.75,94.75,94.75,2100,0,0
2026-07-23,92.62,92.82,92.35,92.61,92.61,4700,0,0
2026-07-24,92.74,93.62,92.74,92.88,92.88,12000,0,0
2026-07-27,93.65,93.82,93.2,93.74,93.74,52300,0,0
2026-07-28,92.3,92.68,92.17,92.17,92.17,4900,0,0
2026-07-29,91.86,93.63,91.62,92.73,92.73,6200,0,0
2026-07-30,93.35,94.4,93.35,94.4,94.4,8700,0,0
2026-07-31,92.96,92.96,92.79,92.93,92.93,2200,0,0
2026-08-03,91.99,93.03,91.99,92.95,92.95,22800,0,0
2026-08-04,94,94.64,94,94.25,94.25,59000,0,0
2026-08-05,97.92,98.14,97.74,97.87,97.87,9200,0,0
2026-08-06,97.93,97.99,97.36,97.65,97.65,4200,0,0
2026-08-07,100.33,100.58,99.63,100,100,4300,0,0
2026-08-10,100.02,101.45,100.02,101.45,101.45,2600,0,0
2026-08-11,101.49,101.49,100.63,100.82,100.82,6600,0,0
2026-08-12,102.21,102.21,101.68,101.76,101.76,2200,0,0
2026-08-13,100.57,100.57,100.12,100.21,100.21,12000,0,0
2026-08-14,101.19,101.29,100.69,100.85,100.85,2200,0,0
2026-08-17,101.71,102.4,101.5,102,102,11900,0,0
2026-08-18,101.05,101.15,99.97,99.97,99.97,12800,0,0
2026-08-19,102.78,103.99,102.76,103.99,103.99,5800,0,0
2026-08-20,104.43,104.79,104.43,104.79,104.79,3000,0,0
2026-08-21,106.5,106.97,106.5,106.9,106.9,4900,0,0
2026-08-24,107.75,107.75,106.78,107.27,107.27,4000,0,0
2026-08-25,106.03,107.47,106.03,107.47,107.47,2400,0,0
2026-08-26,106.22,106.58,105.6,105.89,105.89,5400,0,0
2026-08-27,106.09,106.7,106.09,106.51,106.51,2300,0,0
2026-08-28,106.78,107.11,102.83,102.98,102.98,3700,0,0
2026-08-31,103.17,103.17,102.13,102.57,102.57,10600,0,0
2026-09-01,100.01,101.03,99.72,99.72,99.72,6900,0,0
2026-09-02,100.36,101.31,100.36,101.11,101.11,10800,0,0
2026-09-03,103.39,103.65,102.85,103.37,103.37,3900,0,0
2026-09-04,102.06,102.75,102.06,102.5,102.5,4600,0,0
2026-09-08,102.07,102.07,101.04,101.04,101.04,6400,0,0
2026-09-09,103.22,103.22,102.4,102.4,102.4,3300,0,0
2026-09-10,100.75,100.89,99.6,99.6,99.6,3600,0,0
2026-09-11,101,101.01,100.25,100.25,100.25,2400,0,0
2026-09-14,98.29,99.35,98.13,98.57,98.57,4500,0,0
2026-09-15,99.11,99.58,98.67,98.98,98.98,15900,0,0
2026-09-16,100,100.54,98.18,98.42,98.42,3100,0,0
2026-09-17,100.71,101.18,100.48,100.48,100.48,4600,0,0
2026-09-18,101.1,101.64,100.53,101.34,101.34,6300,0,0
2026-09-21,101.12,101.12,100.64,100.77,100.77,1800,0,0
2026-09-22,100.26,101.61,100.26,101.57,101.57,3400,0,0
2026-09-23,99.32,99.41,98.94,99.02,99.02,4600,0,0
2026-09-24,98.45,98.79,98.15,98.71,98.71,3800,0,0
2026-09-25,98.63,99.48,98.63,99.25,99.25,6400,0,0
