date,open,high,low,close,adj_close,volume,dividend,split
1999-06-29,25,25,25,25,11.5287,0,0,0
1999-06-30,25.3,25.3,25.3,25.3,11.667,0,0,0
1999-07-01,25.44,25.44,25.44,25.44,11.7316,0,0,0
1999-07-02,25.6,25.6,25.6,25.6,11.8054,0,0,0
1999-07-06,25.62,25.62,25.62,25.62,11.8146,0,0,0
1999-07-07,25.65,25.65,25.65,25.65,11.8284,0,0,0
1999-07-08,25.65,25.65,25.65,25.65,11.8284,0,0,0
1999-07-09,25.75,25.75,25.75,25.75,11.8746,0,0,0
1999-07-12,25.73,25.73,25.73,25.73,11.8653,0,0,0
1999-07-13,25.64,25.64,25.64,25.64,11.8238,0,0,0
1999-07-14,25.74,25.74,25.74,25.74,11.8699,0,0,0
1999-07-15,25.93,25.93,25.93,25.93,11.9576,0,0,0
1999-07-16,26.01,26.01,26.01,26.01,11.9945,0,0,0
1999-07-19,25.9,25.9,25.9,25.9,11.9437,0,0,0
1999-07-20,25.48,25.48,25.48,25.48,11.75,0,0,0
1999-07-21,25.52,25.52,25.52,25.52,11.7685,0,0,0
1999-07-22,25.22,25.22,25.22,25.22,11.6301,0,0,0
1999-07-23,25.11,25.11,25.11,25.11,11.5794,0,0,0
1999-07-26,24.94,24.94,24.94,24.94,11.501,0,0,0
1999-07-27,25.17,25.17,25.17,25.17,11.6071,0,0,0
1999-07-28,25.24,25.24,25.24,25.24,11.6394,0,0,0
1999-07-29,24.9,24.9,24.9,24.9,11.4826,0,0,0
1999-07-30,24.82,24.82,24.82,24.82,11.4457,0,0,0
1999-08-02,24.78,24.78,24.78,24.78,11.4272,0,0,0
1999-08-03,24.65,24.65,24.65,24.65,11.3673,0,0,0
1999-08-04,24.41,24.41,24.41,24.41,11.2566,0,0,0
1999-08-05,24.46,24.46,24.46,24.46,11.2797,0,0,0
1999-08-06,24.26,24.26,24.26,24.26,11.1874,0,0,0
1999-08-09,24.21,24.21,24.21,24.21,11.1644,0,0,0
1999-08-10,23.96,23.96,23.96,23.96,11.0491,0,0,0
1999-08-11,24.24,24.24,24.24,24.24,11.1782,0,0,0
1999-08-12,24.27,24.27,24.27,24.27,11.1921,0,0,0
1999-08-13,24.69,24.69,24.69,24.69,11.3857,0,0,0
1999-08-16,24.77,24.77,24.77,24.77,11.4226,0,0,0
1999-08-17,24.95,24.95,24.95,24.95,11.5056,0,0,0
1999-08-18,24.84,24.84,24.84,24.84,11.4549,0,0,0
1999-08-19,24.73,24.73,24.73,24.73,11.4042,0,0,0
1999-08-20,24.94,24.94,24.94,24.94,11.501,0,0,0
1999-08-23,25.25,25.25,25.25,25.25,11.644,0,0,0
1999-08-24,25.29,25.29,25.29,25.29,11.6624,0,0,0
1999-08-25,25.51,25.51,25.51,25.51,11.7639,0,0,0
1999-08-26,25.27,25.27,25.27,25.27,11.6532,0,0,0
1999-08-27,25.08,25.08,25.08,25.08,11.5656,0,0,0
1999-08-30,24.77,24.77,24.77,24.77,11.4226,0,0,0
1999-08-31,24.7,24.7,24.7,24.7,11.3904,0,0,0
1999-09-01,24.89,24.89,24.89,24.89,11.478,0,0,0
1999-09-02,24.7,24.7,24.7,24.7,11.3904,0,0,0
1999-09-03,25.24,25.24,25.24,25.24,11.6394,0,0,0
1999-09-07,25.17,25.17,25.17,25.17,11.6071,0,0,0
1999-09-08,25.08,25.08,25.08,25.08,11.5656,0,0,0
1999-09-09,25.2,25.2,25.2,25.2,11.6209,0,0,0
1999-09-10,25.25,25.25,25.25,25.25,11.644,0,0,0
1999-09-13,25.16,25.16,25.16,25.16,11.6025,0,0,0
1999-09-14,25.03,25.03,25.03,25.03,11.5425,0,0,0
1999-09-15,24.82,24.82,24.82,24.82,11.4457,0,0,0
1999-09-16,24.76,24.76,24.76,24.76,11.418,0,0,0
1999-09-17,24.99,24.99,24.99,24.99,11.5241,0,0,0
1999-09-20,24.99,24.99,24.99,24.99,11.5241,0,0,0
1999-09-21,24.64,24.64,24.64,24.64,11.3627,0,0,0
1999-09-22,24.67,24.67,24.67,24.67,11.3765,0,0,0
1999-09-23,24.31,24.31,24.31,24.31,11.2105,0,0,0
1999-09-24,24.21,24.21,24.21,24.21,11.1644,0,0,0
1999-09-27,24.31,24.31,24.31,24.31,11.2105,0,0,0
1999-09-28,24.27,24.27,24.27,24.27,11.1921,0,0,0
1999-09-29,24.12,24.12,24.12,24.12,11.1229,0,0,0
1999-09-30,24.36,24.36,24.36,24.36,11.2336,0,0,0
1999-10-01,24.33,24.33,24.33,24.33,11.2197,0,0,0
1999-10-04,24.64,24.64,24.64,24.64,11.3627,0,0,0
1999-10-05,24.61,24.61,24.61,24.61,11.3488,0,0,0
1999-10-06,24.93,24.93,24.93,24.93,11.4964,0,0,0
1999-10-07,24.88,24.88,24.88,24.88,11.4734,0,0,0
1999-10-08,25.08,25.08,25.08,25.08,11.5656,0,0,0
1999-10-11,25.12,25.12,25.12,25.12,11.584,0,0,0
1999-10-12,24.83,24.83,24.83,24.83,11.4503,0,0,0
1999-10-13,24.43,24.43,24.43,24.43,11.2658,0,0,0
1999-10-14,24.39,24.39,24.39,24.39,11.2474,0,0,0
1999-10-15,23.92,23.92,23.92,23.92,11.0307,0,0,0
1999-10-18,23.87,23.87,23.87,23.87,11.0076,0,0,0
1999-10-19,24.04,24.04,24.04,24.04,11.086,0,0,0
1999-10-20,24.39,24.39,24.39,24.39,11.2474,0,0,0
1999-10-21,24.33,24.33,24.33,24.33,11.2197,0,0,0
1999-10-22,24.6,24.6,24.6,24.6,11.3442,0,0,0
1999-10-25,24.51,24.51,24.51,24.51,11.3027,0,0,0
1999-10-26,24.38,24.38,24.38,24.38,11.2428,0,0,0
1999-10-27,24.53,24.53,24.53,24.53,11.312,0,0,0
1999-10-28,25.14,25.14,25.14,25.14,11.5933,0,0,0
1999-10-29,25.54,25.54,25.54,25.54,11.7777,0,0,0
1999-11-01,25.44,25.44,25.44,25.44,11.7316,0,0,0
1999-11-02,25.39,25.39,25.39,25.39,11.7085,0,0,0
1999-11-03,25.53,25.53,25.53,25.53,11.7731,0,0,0
1999-11-04,25.67,25.67,25.67,25.67,11.8377,0,0,0
1999-11-05,25.79,25.79,25.79,25.79,11.893,0,0,0
1999-11-08,25.9,25.9,25.9,25.9,11.9437,0,0,0
1999-11-09,25.78,25.78,25.78,25.78,11.8884,0,0,0
1999-11-10,25.93,25.93,25.93,25.93,11.9576,0,0,0
1999-11-11,26.02,26.02,26.02,26.02,11.9991,0,0,0
1999-11-12,26.24,26.24,26.24,26.24,12.1005,0,0,0
1999-11-15,26.27,26.27,26.27,26.27,12.1144,0,0,0
1999-11-16,26.6,26.6,26.6,26.6,12.2665,0,0,0
1999-11-17,26.51,26.51,26.51,26.51,12.225,0,0,0
1999-11-18,26.73,26.73,26.73,26.73,12.3265,0,0,0
1999-11-19,26.7,26.7,26.7,26.7,12.3126,0,0,0
1999-11-22,26.68,26.68,26.68,26.68,12.3034,0,0,0
1999-11-23,26.46,26.46,26.46,26.46,12.202,0,0,0
1999-11-24,26.61,26.61,26.61,26.61,12.2711,0,0,0
1999-11-26,26.71,26.71,26.71,26.71,12.3173,0,0,0
1999-11-29,26.56,26.56,26.56,26.56,12.2481,0,0,0
1999-11-30,26.25,26.25,26.25,26.25,12.1051,0,0,0
1999-12-01,26.38,26.38,26.38,26.38,12.1651,0,0,0
1999-12-02,26.56,26.56,26.56,26.56,12.2481,0,0,0
1999-12-03,26.94,26.94,26.94,26.94,12.4233,0,0,0
1999-12-06,26.91,26.91,26.91,26.91,12.4095,0,0,0
1999-12-07,26.82,26.82,26.82,26.82,12.368,0,0,0
1999-12-08,26.76,26.76,26.76,26.76,12.3403,0,0,0
1999-12-09,26.8,26.8,26.8,26.8,12.3588,0,0,0
1999-12-10,26.92,26.92,26.92,26.92,12.4141,0,0,0
1999-12-13,26.9,26.9,26.9,26.9,12.4049,0,0,0
1999-12-14,26.64,26.64,26.64,26.64,12.285,0,0,0
1999-12-15,26.72,26.72,26.72,26.72,12.3219,0,0,0
1999-12-16,26.86,26.86,26.86,26.86,12.3864,0,0,0
1999-12-17,26.92,26.92,26.92,26.92,12.4141,0,0,0
1999-12-20,26.92,26.92,26.92,26.92,12.4141,0,0,0
1999-12-21,27.16,27.16,27.16,27.16,12.5248,0,0,0
1999-12-22,27.03,27.03,27.03,27.03,12.5759,0,0.24,0
1999-12-23,27.35,27.35,27.35,27.35,12.7248,0,0,0
1999-12-27,27.34,27.34,27.34,27.34,12.7202,0,0,0
1999-12-28,27.39,27.39,27.39,27.39,12.7434,0,0,0
1999-12-29,27.54,27.54,27.54,27.54,12.8132,0,0,0
1999-12-30,27.59,27.59,27.59,27.59,12.8365,0,0,0
1999-12-31,27.69,27.69,27.69,27.69,12.883,0,0,0
2000-01-03,27.53,27.53,27.53,27.53,12.8086,0,0,0
2000-01-04,26.68,26.68,26.68,26.68,12.4131,0,0,0
2000-01-05,26.59,26.59,26.59,26.59,12.3712,0,0,0
2000-01-06,26.49,26.49,26.49,26.49,12.3247,0,0,0
2000-01-07,27.1,27.1,27.1,27.1,12.6085,0,0,0
2000-01-10,27.45,27.45,27.45,27.45,12.7714,0,0,0
2000-01-11,27.13,27.13,27.13,27.13,12.6225,0,0,0
2000-01-12,26.99,26.99,26.99,26.99,12.5573,0,0,0
2000-01-13,27.31,27.31,27.31,27.31,12.7062,0,0,0
2000-01-14,27.56,27.56,27.56,27.56,12.8225,0,0,0
2000-01-18,27.45,27.45,27.45,27.45,12.7714,0,0,0
2000-01-19,27.48,27.48,27.48,27.48,12.7853,0,0,0
2000-01-20,27.42,27.42,27.42,27.42,12.7574,0,0,0
2000-01-21,27.42,27.42,27.42,27.42,12.7574,0,0,0
2000-01-24,26.92,26.92,26.92,26.92,12.5248,0,0,0
2000-01-25,26.97,26.97,26.97,26.97,12.548,0,0,0
2000-01-26,26.94,26.94,26.94,26.94,12.5341,0,0,0
2000-01-27,26.88,26.88,26.88,26.88,12.5062,0,0,0
2000-01-28,26.3,26.3,26.3,26.3,12.2363,0,0,0
2000-01-31,26.58,26.58,26.58,26.58,12.3666,0,0,0
2000-02-01,26.83,26.83,26.83,26.83,12.4829,0,0,0
2000-02-02,26.92,26.92,26.92,26.92,12.5248,0,0,0
2000-02-03,27.3,27.3,27.3,27.3,12.7016,0,0,0
2000-02-04,27.29,27.29,27.29,27.29,12.6969,0,0,0
2000-02-07,27.27,27.27,27.27,27.27,12.6876,0,0,0
2000-02-08,27.6,27.6,27.6,27.6,12.8411,0,0,0
2000-02-09,27.26,27.26,27.26,27.26,12.683,0,0,0
2000-02-10,27.33,27.33,27.33,27.33,12.7155,0,0,0
2000-02-11,26.98,26.98,26.98,26.98,12.5527,0,0,0
2000-02-14,27.02,27.02,27.02,27.02,12.5713,0,0,0
2000-02-15,27.08,27.08,27.08,27.08,12.5992,0,0,0
2000-02-16,26.99,26.99,26.99,26.99,12.5573,0,0,0
2000-02-17,27.11,27.11,27.11,27.11,12.6132,0,0,0
2000-02-18,26.56,26.56,26.56,26.56,12.3573,0,0,0
2000-02-22,26.6,26.6,26.6,26.6,12.3759,0,0,0
2000-02-23,26.83,26.83,26.83,26.83,12.4829,0,0,0
2000-02-24,26.79,26.79,26.79,26.79,12.4643,0,0,0
2000-02-25,26.6,26.6,26.6,26.6,12.3759,0,0,0
2000-02-28,26.73,26.73,26.73,26.73,12.4364,0,0,0
2000-02-29,27.07,27.07,27.07,27.07,12.5946,0,0,0
2000-03-01,27.41,27.41,27.41,27.41,12.7527,0,0,0
2000-03-02,27.45,27.45,27.45,27.45,12.7714,0,0,0
2000-03-03,27.88,27.88,27.88,27.88,12.9714,0,0,0
2000-03-06,27.69,27.69,27.69,27.69,12.883,0,0,0
2000-03-07,27.26,27.26,27.26,27.26,12.683,0,0,0
2000-03-08,27.36,27.36,27.36,27.36,12.7295,0,0,0
2000-03-09,27.87,27.87,27.87,27.87,12.9668,0,0,0
2000-03-10,27.8,27.8,27.8,27.8,12.9342,0,0,0
2000-03-13,27.46,27.46,27.46,27.46,12.776,0,0,0
2000-03-14,27.06,27.06,27.06,27.06,12.5899,0,0,0
2000-03-15,27.27,27.27,27.27,27.27,12.6876,0,0,0
2000-03-16,28.23,28.23,28.23,28.23,13.1343,0,0,0
2000-03-17,28.34,28.34,28.34,28.34,13.1854,0,0,0
2000-03-20,28.12,28.12,28.12,28.12,13.0831,0,0,0
2000-03-21,28.55,28.55,28.55,28.55,13.2831,0,0,0
2000-03-22,28.74,28.74,28.74,28.74,13.3715,0,0,0
2000-03-23,29.08,29.08,29.08,29.08,13.5297,0,0,0
2000-03-24,29.15,29.15,29.15,29.15,13.5623,0,0,0
2000-03-27,29.07,29.07,29.07,29.07,13.5251,0,0,0
2000-03-28,28.85,28.85,28.85,28.85,13.4227,0,0,0
2000-03-29,28.71,28.71,28.71,28.71,13.3576,0,0,0
2000-03-30,28.34,28.34,28.34,28.34,13.1854,0,0,0
2000-03-31,28.59,28.59,28.59,28.59,13.3018,0,0,0
2000-04-03,28.38,28.38,28.38,28.38,13.204,0,0,0
2000-04-04,28.18,28.18,28.18,28.18,13.111,0,0,0
2000-04-05,28.09,28.09,28.09,28.09,13.0691,0,0,0
2000-04-06,28.39,28.39,28.39,28.39,13.2087,0,0,0
2000-04-07,28.6,28.6,28.6,28.6,13.3064,0,0,0
2000-04-10,28.29,28.29,28.29,28.29,13.1622,0,0,0
2000-04-11,28.08,28.08,28.08,28.08,13.0645,0,0,0
2000-04-12,27.52,27.52,27.52,27.52,12.8039,0,0,0
2000-04-13,27.15,27.15,27.15,27.15,12.6318,0,0,0
2000-04-14,25.87,25.87,25.87,25.87,12.0363,0,0,0
2000-04-17,26.32,26.32,26.32,26.32,12.2456,0,0,0
2000-04-18,27.02,27.02,27.02,27.02,12.5713,0,0,0
2000-04-19,26.87,26.87,26.87,26.87,12.5015,0,0,0
2000-04-20,26.94,26.94,26.94,26.94,12.5341,0,0,0
2000-04-24,26.78,26.78,26.78,26.78,12.4596,0,0,0
2000-04-25,27.46,27.46,27.46,27.46,12.776,0,0,0
2000-04-26,27.26,27.26,27.26,27.26,12.683,0,0,0
2000-04-27,27.29,27.29,27.29,27.29,12.6969,0,0,0
2000-04-28,27.29,27.29,27.29,27.29,12.6969,0,0,0
2000-05-01,27.58,27.58,27.58,27.58,12.8318,0,0,0
2000-05-02,27.23,27.23,27.23,27.23,12.669,0,0,0
2000-05-03,26.73,26.73,26.73,26.73,12.4364,0,0,0
2000-05-04,26.72,26.72,26.72,26.72,12.4317,0,0,0
2000-05-05,27.04,27.04,27.04,27.04,12.5806,0,0,0
2000-05-08,26.82,26.82,26.82,26.82,12.4782,0,0,0
2000-05-09,26.58,26.58,26.58,26.58,12.3666,0,0,0
2000-05-10,26.07,26.07,26.07,26.07,12.1293,0,0,0
2000-05-11,26.46,26.46,26.46,26.46,12.3108,0,0,0
2000-05-12,26.68,26.68,26.68,26.68,12.4131,0,0,0
2000-05-15,27.06,27.06,27.06,27.06,12.5899,0,0,0
2000-05-16,27.33,27.33,27.33,27.33,12.7155,0,0,0
2000-05-17,27,27,27,27,12.562,0,0,0
2000-05-18,26.79,26.79,26.79,26.79,12.4643,0,0,0
2000-05-19,26.3,26.3,26.3,26.3,12.2363,0,0,0
2000-05-22,26.14,26.14,26.14,26.14,12.1619,0,0,0
2000-05-23,25.74,25.74,25.74,25.74,11.9758,0,0,0
2000-05-24,26.02,26.02,26.02,26.02,12.106,0,0,0
2000-05-25,25.86,25.86,25.86,25.86,12.0316,0,0,0
2000-05-26,25.87,25.87,25.87,25.87,12.0363,0,0,0
2000-05-30,26.61,26.61,26.61,26.61,12.3805,0,0,0
2000-05-31,26.58,26.58,26.58,26.58,12.3666,0,0,0
2000-06-01,27.1,27.1,27.1,27.1,12.6085,0,0,0
2000-06-02,27.74,27.74,27.74,27.74,12.9063,0,0,0
2000-06-05,27.67,27.67,27.67,27.67,12.8737,0,0,0
2000-06-06,27.54,27.54,27.54,27.54,12.8132,0,0,0
2000-06-07,27.75,27.75,27.75,27.75,12.9109,0,0,0
2000-06-08,27.61,27.61,27.61,27.61,12.8458,0,0,0
2000-06-09,27.6,27.6,27.6,27.6,12.8411,0,0,0
2000-06-12,27.41,27.41,27.41,27.41,12.7527,0,0,0
2000-06-13,27.7,27.7,27.7,27.7,12.8877,0,0,0
2000-06-14,27.7,27.7,27.7,27.7,12.8877,0,0,0
2000-06-15,27.76,27.76,27.76,27.76,12.9156,0,0,0
2000-06-16,27.66,27.66,27.66,27.66,12.8691,0,0,0
2000-06-19,27.97,27.97,27.97,27.97,13.0133,0,0,0
2000-06-20,27.91,27.91,27.91,27.91,12.9854,0,0,0
2000-06-21,27.93,27.93,27.93,27.93,12.9947,0,0,0
2000-06-22,27.51,27.51,27.51,27.51,12.7993,0,0,0
2000-06-23,27.3,27.3,27.3,27.3,12.7016,0,0,0
2000-06-26,27.51,27.51,27.51,27.51,12.7993,0,0,0
2000-06-27,27.45,27.45,27.45,27.45,12.7714,0,0,0
2000-06-28,27.58,27.58,27.58,27.58,12.8318,0,0,0
2000-06-29,27.43,27.43,27.43,27.43,12.7621,0,0,0
2000-06-30,27.6,27.6,27.6,27.6,12.8411,0,0,0
2000-07-03,27.86,27.86,27.86,27.86,12.9621,0,0,0
2000-07-05,27.52,27.52,27.52,27.52,12.8039,0,0,0
2000-07-06,27.68,27.68,27.68,27.68,12.8784,0,0,0
2000-07-07,28.01,28.01,28.01,28.01,13.0319,0,0,0
2000-07-10,27.99,27.99,27.99,27.99,13.0226,0,0,0
2000-07-11,28.03,28.03,28.03,28.03,13.0412,0,0,0
2000-07-12,28.23,28.23,28.23,28.23,13.1343,0,0,0
2000-07-13,28.32,28.32,28.32,28.32,13.1761,0,0,0
2000-07-14,28.51,28.51,28.51,28.51,13.2645,0,0,0
2000-07-17,28.53,28.53,28.53,28.53,13.2738,0,0,0
2000-07-18,28.19,28.19,28.19,28.19,13.1156,0,0,0
2000-07-19,27.97,27.97,27.97,27.97,13.0133,0,0,0
2000-07-20,28.3,28.3,28.3,28.3,13.1668,0,0,0
2000-07-21,28.01,28.01,28.01,28.01,13.0319,0,0,0
2000-07-24,27.72,27.72,27.72,27.72,12.897,0,0,0
2000-07-25,27.85,27.85,27.85,27.85,12.9575,0,0,0
2000-07-26,27.61,27.61,27.61,27.61,12.8458,0,0,0
2000-07-27,27.38,27.38,27.38,27.38,12.7388,0,0,0
2000-07-28,26.88,26.88,26.88,26.88,12.5062,0,0,0
2000-07-31,27.1,27.1,27.1,27.1,12.6085,0,0,0
2000-08-01,27.15,27.15,27.15,27.15,12.6318,0,0,0
2000-08-02,27.17,27.17,27.17,27.17,12.6411,0,0,0
2000-08-03,27.31,27.31,27.31,27.31,12.7062,0,0,0
2000-08-04,27.49,27.49,27.49,27.49,12.79,0,0,0
2000-08-07,27.77,27.77,27.77,27.77,12.9202,0,0,0
2000-08-08,27.78,27.78,27.78,27.78,12.9249,0,0,0
2000-08-09,27.7,27.7,27.7,27.7,12.8877,0,0,0
2000-08-10,27.55,27.55,27.55,27.55,12.8179,0,0,0
2000-08-11,27.71,27.71,27.71,27.71,12.8923,0,0,0
2000-08-14,27.98,27.98,27.98,27.98,13.0179,0,0,0
2000-08-15,27.92,27.92,27.92,27.92,12.99,0,0,0
2000-08-16,27.9,27.9,27.9,27.9,12.9807,0,0,0
2000-08-17,28.11,28.11,28.11,28.11,13.0784,0,0,0
2000-08-18,28.04,28.04,28.04,28.04,13.0459,0,0,0
2000-08-21,28.11,28.11,28.11,28.11,13.0784,0,0,0
2000-08-22,28.13,28.13,28.13,28.13,13.0877,0,0,0
2000-08-23,28.26,28.26,28.26,28.26,13.1482,0,0,0
2000-08-24,28.34,28.34,28.34,28.34,13.1854,0,0,0
2000-08-25,28.36,28.36,28.36,28.36,13.1947,0,0,0
2000-08-28,28.46,28.46,28.46,28.46,13.2413,0,0,0
2000-08-29,28.41,28.41,28.41,28.41,13.218,0,0,0
2000-08-30,28.35,28.35,28.35,28.35,13.1901,0,0,0
2000-08-31,28.58,28.58,28.58,28.58,13.2971,0,0,0
2000-09-01,28.77,28.77,28.77,28.77,13.3855,0,0,0
2000-09-05,28.53,28.53,28.53,28.53,13.2738,0,0,0
2000-09-06,28.23,28.23,28.23,28.23,13.1343,0,0,0
2000-09-07,28.38,28.38,28.38,28.38,13.204,0,0,0
2000-09-08,28.17,28.17,28.17,28.17,13.1063,0,0,0
2000-09-11,28.03,28.03,28.03,28.03,13.0412,0,0,0
2000-09-12,27.91,27.91,27.91,27.91,12.9854,0,0,0
2000-09-13,27.95,27.95,27.95,27.95,13.004,0,0,0
2000-09-14,27.97,27.97,27.97,27.97,13.0133,0,0,0
2000-09-15,27.71,27.71,27.71,27.71,12.8923,0,0,0
2000-09-18,27.33,27.33,27.33,27.33,12.7155,0,0,0
2000-09-19,27.58,27.58,27.58,27.58,12.8318,0,0,0
2000-09-20,27.45,27.45,27.45,27.45,12.7714,0,0,0
2000-09-21,27.36,27.36,27.36,27.36,12.7295,0,0,0
2000-09-22,27.44,27.44,27.44,27.44,12.7667,0,0,0
2000-09-25,27.36,27.36,27.36,27.36,12.7295,0,0,0
2000-09-26,27.2,27.2,27.2,27.2,12.655,0,0,0
2000-09-27,27.16,27.16,27.16,27.16,12.6364,0,0,0
2000-09-28,27.62,27.62,27.62,27.62,12.8505,0,0,0
2000-09-29,27.38,27.38,27.38,27.38,12.7388,0,0,0
2000-10-02,27.3,27.3,27.3,27.3,12.7016,0,0,0
2000-10-03,27.1,27.1,27.1,27.1,12.6085,0,0,0
2000-10-04,27.21,27.21,27.21,27.21,12.6597,0,0,0
2000-10-05,27.19,27.19,27.19,27.19,12.6504,0,0,0
2000-10-06,26.76,26.76,26.76,26.76,12.4503,0,0,0
2000-10-09,26.66,26.66,26.66,26.66,12.4038,0,0,0
2000-10-10,26.42,26.42,26.42,26.42,12.2921,0,0,0
2000-10-11,26.03,26.03,26.03,26.03,12.1107,0,0,0
2000-10-12,25.54,25.54,25.54,25.54,11.8827,0,0,0
2000-10-13,26.19,26.19,26.19,26.19,12.1851,0,0,0
2000-10-16,26.23,26.23,26.23,26.23,12.2037,0,0,0
2000-10-17,25.85,25.85,25.85,25.85,12.0269,0,0,0
2000-10-18,25.63,25.63,25.63,25.63,11.9246,0,0,0
2000-10-19,26.36,26.36,26.36,26.36,12.2642,0,0,0
2000-10-20,26.55,26.55,26.55,26.55,12.3526,0,0,0
2000-10-23,26.56,26.56,26.56,26.56,12.3573,0,0,0
2000-10-24,26.59,26.59,26.59,26.59,12.3712,0,0,0
2000-10-25,26.03,26.03,26.03,26.03,12.1107,0,0,0
2000-10-26,26.04,26.04,26.04,26.04,12.1153,0,0,0
2000-10-27,26.26,26.26,26.26,26.26,12.2177,0,0,0
2000-10-30,26.4,26.4,26.4,26.4,12.2828,0,0,0
2000-10-31,26.94,26.94,26.94,26.94,12.5341,0,0,0
2000-11-01,26.92,26.92,26.92,26.92,12.5248,0,0,0
2000-11-02,27.08,27.08,27.08,27.08,12.5992,0,0,0
2000-11-03,27.11,27.11,27.11,27.11,12.6132,0,0,0
2000-11-06,27.13,27.13,27.13,27.13,12.6225,0,0,0
2000-11-07,27.13,27.13,27.13,27.13,12.6225,0,0,0
2000-11-08,26.75,26.75,26.75,26.75,12.4457,0,0,0
2000-11-09,26.58,26.58,26.58,26.58,12.3666,0,0,0
2000-11-10,26.03,26.03,26.03,26.03,12.1107,0,0,0
2000-11-13,25.76,25.76,25.76,25.76,11.9851,0,0,0
2000-11-14,26.29,26.29,26.29,26.29,12.2317,0,0,0
2000-11-15,26.4,26.4,26.4,26.4,12.2828,0,0,0
2000-11-16,26.07,26.07,26.07,26.07,12.1293,0,0,0
2000-11-17,25.97,25.97,25.97,25.97,12.0828,0,0,0
2000-11-20,25.51,25.51,25.51,25.51,11.8688,0,0,0
2000-11-21,25.52,25.52,25.52,25.52,11.8734,0,0,0
2000-11-22,25.1,25.1,25.1,25.1,11.678,0,0,0
2000-11-24,25.47,25.47,25.47,25.47,11.8501,0,0,0
2000-11-27,25.6,25.6,25.6,25.6,11.9106,0,0,0
2000-11-28,25.31,25.31,25.31,25.31,11.7757,0,0,0
2000-11-29,25.33,25.33,25.33,25.33,11.785,0,0,0
2000-11-30,25.01,25.01,25.01,25.01,11.6361,0,0,0
2000-12-01,25.14,25.14,25.14,25.14,11.6966,0,0,0
2000-12-04,25.22,25.22,25.22,25.22,11.7338,0,0,0
2000-12-05,26.05,26.05,26.05,26.05,12.12,0,0,0
2000-12-06,25.77,25.77,25.77,25.77,11.9897,0,0,0
2000-12-07,25.64,25.64,25.64,25.64,11.9292,0,0,0
2000-12-08,26.13,26.13,26.13,26.13,12.1572,0,0,0
2000-12-11,26.39,26.39,26.39,26.39,12.2782,0,0,0
2000-12-12,26.18,26.18,26.18,26.18,12.1805,0,0,0
2000-12-13,25.98,25.98,25.98,25.98,12.0874,0,0,0
2000-12-14,25.66,25.66,25.66,25.66,11.9385,0,0,0
2000-12-15,25.28,25.28,25.28,25.28,11.7617,0,0,0
2000-12-18,25.41,25.41,25.41,25.41,11.8222,0,0,0
2000-12-19,25.12,25.12,25.12,25.12,11.6873,0,0,0
2000-12-20,24.46,24.46,24.46,24.46,11.3802,0,0,0
2000-12-21,24.55,24.55,24.55,24.55,11.4221,0,0,0
2000-12-22,25.11,25.11,25.11,25.11,11.6827,0,0,0
2000-12-26,25.25,25.25,25.25,25.25,11.7478,0,0,0
2000-12-27,25.51,25.51,25.51,25.51,11.8688,0,0,0
2000-12-28,25.69,25.69,25.69,25.69,11.9525,0,0,0
2000-12-29,24.91,24.91,24.91,24.91,11.862,0,0.59,0
2001-01-02,24.34,24.34,24.34,24.34,11.5906,0,0,0
2001-01-03,25.22,25.22,25.22,25.22,12.0096,0,0,0
2001-01-04,25.03,25.03,25.03,25.03,11.9192,0,0,0
2001-01-05,24.55,24.55,24.55,24.55,11.6906,0,0,0
2001-01-08,24.48,24.48,24.48,24.48,11.6573,0,0,0
2001-01-09,24.5,24.5,24.5,24.5,11.6668,0,0,0
2001-01-10,24.69,24.69,24.69,24.69,11.7573,0,0,0
2001-01-11,24.97,24.97,24.97,24.97,11.8906,0,0,0
2001-01-12,24.89,24.89,24.89,24.89,11.8525,0,0,0
2001-01-16,24.99,24.99,24.99,24.99,11.9001,0,0,0
2001-01-17,25.1,25.1,25.1,25.1,11.9525,0,0,0
2001-01-18,25.37,25.37,25.37,25.37,12.0811,0,0,0
2001-01-19,25.25,25.25,25.25,25.25,12.0239,0,0,0
2001-01-22,25.26,25.26,25.26,25.26,12.0287,0,0,0
2001-01-23,25.53,25.53,25.53,25.53,12.1573,0,0,0
2001-01-24,25.56,25.56,25.56,25.56,12.1716,0,0,0
2001-01-25,25.45,25.45,25.45,25.45,12.1192,0,0,0
2001-01-26,25.43,25.43,25.43,25.43,12.1096,0,0,0
2001-01-29,25.59,25.59,25.59,25.59,12.1858,0,0,0
2001-01-30,25.74,25.74,25.74,25.74,12.2573,0,0,0
2001-01-31,25.65,25.65,25.65,25.65,12.2144,0,0,0
2001-02-01,25.74,25.74,25.74,25.74,12.2573,0,0,0
2001-02-02,25.34,25.34,25.34,25.34,12.0668,0,0,0
2001-02-05,25.39,25.39,25.39,25.39,12.0906,0,0,0
2001-02-06,25.37,25.37,25.37,25.37,12.0811,0,0,0
2001-02-07,25.19,25.19,25.19,25.19,11.9954,0,0,0
2001-02-08,25.03,25.03,25.03,25.03,11.9192,0,0,0
2001-02-09,24.8,24.8,24.8,24.8,11.8096,0,0,0
2001-02-12,25.01,25.01,25.01,25.01,11.9096,0,0,0
2001-02-13,24.82,24.82,24.82,24.82,11.8192,0,0,0
2001-02-14,24.77,24.77,24.77,24.77,11.7954,0,0,0
2001-02-15,24.91,24.91,24.91,24.91,11.862,0,0,0
2001-02-16,24.53,24.53,24.53,24.53,11.6811,0,0,0
2001-02-20,24.19,24.19,24.19,24.19,11.5192,0,0,0
2001-02-21,23.84,23.84,23.84,23.84,11.3525,0,0,0
2001-02-22,23.75,23.75,23.75,23.75,11.3096,0,0,0
2001-02-23,23.7,23.7,23.7,23.7,11.2858,0,0,0
2001-02-26,24.03,24.03,24.03,24.03,11.443,0,0,0
2001-02-27,23.86,23.86,23.86,23.86,11.362,0,0,0
2001-02-28,23.64,23.64,23.64,23.64,11.2573,0,0,0
2001-03-01,23.64,23.64,23.64,23.64,11.2573,0,0,0
2001-03-02,23.54,23.54,23.54,23.54,11.2096,0,0,0
2001-03-05,23.63,23.63,23.63,23.63,11.2525,0,0,0
2001-03-06,23.87,23.87,23.87,23.87,11.3668,0,0,0
2001-03-07,23.98,23.98,23.98,23.98,11.4192,0,0,0
2001-03-08,23.97,23.97,23.97,23.97,11.4144,0,0,0
2001-03-09,23.52,23.52,23.52,23.52,11.2001,0,0,0
2001-03-12,22.71,22.71,22.71,22.71,10.8144,0,0,0
2001-03-13,22.88,22.88,22.88,22.88,10.8953,0,0,0
2001-03-14,22.41,22.41,22.41,22.41,10.6715,0,0,0
2001-03-15,22.51,22.51,22.51,22.51,10.7192,0,0,0
2001-03-16,22.13,22.13,22.13,22.13,10.5382,0,0,0
2001-03-19,22.41,22.41,22.41,22.41,10.6715,0,0,0
2001-03-20,22.1,22.1,22.1,22.1,10.5239,0,0,0
2001-03-21,21.79,21.79,21.79,21.79,10.3763,0,0,0
2001-03-22,21.61,21.61,21.61,21.61,10.2906,0,0,0
2001-03-23,21.98,21.98,21.98,21.98,10.4668,0,0,0
2001-03-26,22.26,22.26,22.26,22.26,10.6001,0,0,0
2001-03-27,22.66,22.66,22.66,22.66,10.7906,0,0,0
2001-03-28,22.18,22.18,22.18,22.18,10.562,0,0,0
2001-03-29,22.07,22.07,22.07,22.07,10.5096,0,0,0
2001-03-30,22.25,22.25,22.25,22.25,10.5953,0,0,0
2001-04-02,21.98,21.98,21.98,21.98,10.4668,0,0,0
2001-04-03,21.42,21.42,21.42,21.42,10.2001,0,0,0
2001-04-04,21.41,21.41,21.41,21.41,10.1953,0,0,0
2001-04-05,22.15,22.15,22.15,22.15,10.5477,0,0,0
2001-04-06,21.78,21.78,21.78,21.78,10.4091,0,0.08,0
2001-04-09,21.91,21.91,21.91,21.91,10.4713,0,0,0
2001-04-10,22.35,22.35,22.35,22.35,10.6815,0,0,0
2001-04-11,22.34,22.34,22.34,22.34,10.6768,0,0,0
2001-04-12,22.61,22.61,22.61,22.61,10.8058,0,0,0
2001-04-16,22.49,22.49,22.49,22.49,10.7485,0,0,0
2001-04-17,22.66,22.66,22.66,22.66,10.8297,0,0,0
2001-04-18,23.41,23.41,23.41,23.41,11.1881,0,0,0
2001-04-19,23.65,23.65,23.65,23.65,11.3028,0,0,0
2001-04-20,23.5,23.5,23.5,23.5,11.2312,0,0,0
2001-04-23,23.21,23.21,23.21,23.21,11.0926,0,0,0
2001-04-24,23.03,23.03,23.03,23.03,11.0065,0,0,0
2001-04-25,23.31,23.31,23.31,23.31,11.1403,0,0,0
2001-04-26,23.43,23.43,23.43,23.43,11.1977,0,0,0
2001-04-27,23.67,23.67,23.67,23.67,11.3124,0,0,0
2001-04-30,23.71,23.71,23.71,23.71,11.3315,0,0,0
2001-05-01,23.98,23.98,23.98,23.98,11.4606,0,0,0
2001-05-02,24.03,24.03,24.03,24.03,11.4845,0,0,0
2001-05-03,23.73,23.73,23.73,23.73,11.3411,0,0,0
2001-05-04,24,24,24,24,11.4701,0,0,0
2001-05-07,23.95,23.95,23.95,23.95,11.4462,0,0,0
2001-05-08,23.91,23.91,23.91,23.91,11.4271,0,0,0
2001-05-09,23.82,23.82,23.82,23.82,11.3841,0,0,0
2001-05-10,23.82,23.82,23.82,23.82,11.3841,0,0,0
2001-05-11,23.65,23.65,23.65,23.65,11.3028,0,0,0
2001-05-14,23.63,23.63,23.63,23.63,11.2933,0,0,0
2001-05-15,23.67,23.67,23.67,23.67,11.3124,0,0,0
2001-05-16,24.14,24.14,24.14,24.14,11.537,0,0,0
2001-05-17,24.28,24.28,24.28,24.28,11.6039,0,0,0
2001-05-18,24.33,24.33,24.33,24.33,11.6278,0,0,0
2001-05-21,24.67,24.67,24.67,24.67,11.7903,0,0,0
2001-05-22,24.63,24.63,24.63,24.63,11.7712,0,0,0
2001-05-23,24.31,24.31,24.31,24.31,11.6183,0,0,0
2001-05-24,24.37,24.37,24.37,24.37,11.6469,0,0,0
2001-05-25,24.18,24.18,24.18,24.18,11.5561,0,0,0
2001-05-29,23.98,23.98,23.98,23.98,11.4606,0,0,0
2001-05-30,23.64,23.64,23.64,23.64,11.2981,0,0,0
2001-05-31,23.77,23.77,23.77,23.77,11.3602,0,0,0
2001-06-01,23.86,23.86,23.86,23.86,11.4032,0,0,0
2001-06-04,23.96,23.96,23.96,23.96,11.451,0,0,0
2001-06-05,24.25,24.25,24.25,24.25,11.5896,0,0,0
2001-06-06,24.05,24.05,24.05,24.05,11.494,0,0,0
2001-06-07,24.14,24.14,24.14,24.14,11.537,0,0,0
2001-06-08,23.96,23.96,23.96,23.96,11.451,0,0,0
2001-06-11,23.76,23.76,23.76,23.76,11.3554,0,0,0
2001-06-12,23.73,23.73,23.73,23.73,11.3411,0,0,0
2001-06-13,23.58,23.58,23.58,23.58,11.2694,0,0,0
2001-06-14,23.26,23.26,23.26,23.26,11.1165,0,0,0
2001-06-15,23.15,23.15,23.15,23.15,11.0639,0,0,0
2001-06-18,23.02,23.02,23.02,23.02,11.0018,0,0,0
2001-06-19,23.04,23.04,23.04,23.04,11.0113,0,0,0
2001-06-20,23.2,23.2,23.2,23.2,11.0878,0,0,0
2001-06-21,23.39,23.39,23.39,23.39,11.1786,0,0,0
2001-06-22,23.25,23.25,23.25,23.25,11.1117,0,0,0
2001-06-25,23.17,23.17,23.17,23.17,11.0734,0,0,0
2001-06-26,23.14,23.14,23.14,23.14,11.0591,0,0,0
2001-06-27,23.08,23.08,23.08,23.08,11.0304,0,0,0
2001-06-28,23.25,23.25,23.25,23.25,11.1117,0,0,0
2001-06-29,23.36,23.36,23.36,23.36,11.1642,0,0,0
2001-07-02,23.48,23.48,23.48,23.48,11.2216,0,0,0
2001-07-03,23.42,23.42,23.42,23.42,11.1929,0,0,0
2001-07-05,23.14,23.14,23.14,23.14,11.0591,0,0,0
2001-07-06,22.74,22.74,22.74,22.74,10.8679,0,0,0
2001-07-09,22.83,22.83,22.83,22.83,10.9109,0,0,0
2001-07-10,22.62,22.62,22.62,22.62,10.8106,0,0,0
2001-07-11,22.56,22.56,22.56,22.56,10.7819,0,0,0
2001-07-12,22.98,22.98,22.98,22.98,10.9826,0,0,0
2001-07-13,23.07,23.07,23.07,23.07,11.0256,0,0,0
2001-07-16,22.88,22.88,22.88,22.88,10.9348,0,0,0
2001-07-17,23.04,23.04,23.04,23.04,11.0113,0,0,0
2001-07-18,22.94,22.94,22.94,22.94,10.9635,0,0,0
2001-07-19,23.06,23.06,23.06,23.06,11.0209,0,0,0
2001-07-20,23,23,23,23,10.9922,0,0,0
2001-07-23,22.73,22.73,22.73,22.73,10.8632,0,0,0
2001-07-24,22.46,22.46,22.46,22.46,10.7341,0,0,0
2001-07-25,22.66,22.66,22.66,22.66,10.8297,0,0,0
2001-07-26,22.86,22.86,22.86,22.86,10.9253,0,0,0
2001-07-27,22.95,22.95,22.95,22.95,10.9683,0,0,0
2001-07-30,22.94,22.94,22.94,22.94,10.9635,0,0,0
2001-07-31,23.07,23.07,23.07,23.07,11.0256,0,0,0
2001-08-01,23.18,23.18,23.18,23.18,11.0782,0,0,0
2001-08-02,23.25,23.25,23.25,23.25,11.1117,0,0,0
2001-08-03,23.14,23.14,23.14,23.14,11.0591,0,0,0
2001-08-06,22.95,22.95,22.95,22.95,10.9683,0,0,0
2001-08-07,22.99,22.99,22.99,22.99,10.9874,0,0,0
2001-08-08,22.7,22.7,22.7,22.7,10.8488,0,0,0
2001-08-09,22.67,22.67,22.67,22.67,10.8345,0,0,0
2001-08-10,22.74,22.74,22.74,22.74,10.8679,0,0,0
2001-08-13,22.79,22.79,22.79,22.79,10.8918,0,0,0
2001-08-14,22.81,22.81,22.81,22.81,10.9014,0,0,0
2001-08-15,22.72,22.72,22.72,22.72,10.8584,0,0,0
2001-08-16,22.72,22.72,22.72,22.72,10.8584,0,0,0
2001-08-17,22.45,22.45,22.45,22.45,10.7293,0,0,0
2001-08-20,22.54,22.54,22.54,22.54,10.7724,0,0,0
2001-08-21,22.39,22.39,22.39,22.39,10.7007,0,0,0
2001-08-22,22.51,22.51,22.51,22.51,10.758,0,0,0
2001-08-23,22.45,22.45,22.45,22.45,10.7293,0,0,0
2001-08-24,22.77,22.77,22.77,22.77,10.8823,0,0,0
2001-08-27,22.71,22.71,22.71,22.71,10.8536,0,0,0
2001-08-28,22.46,22.46,22.46,22.46,10.7341,0,0,0
2001-08-29,22.3,22.3,22.3,22.3,10.6576,0,0,0
2001-08-30,22.01,22.01,22.01,22.01,10.5191,0,0,0
2001-08-31,22.06,22.06,22.06,22.06,10.5429,0,0,0
2001-09-04,21.96,21.96,21.96,21.96,10.4952,0,0,0
2001-09-05,21.87,21.87,21.87,21.87,10.4521,0,0,0
2001-09-06,21.52,21.52,21.52,21.52,10.2849,0,0,0
2001-09-07,21.22,21.22,21.22,21.22,10.1415,0,0,0
2001-09-10,21.22,21.22,21.22,21.22,10.1415,0,0,0
2001-09-17,20.36,20.36,20.36,20.36,9.73048,0,0,0
2001-09-18,20.22,20.22,20.22,20.22,9.66357,0,0,0
2001-09-19,19.97,19.97,19.97,19.97,9.54409,0,0,0
2001-09-20,19.43,19.43,19.43,19.43,9.28602,0,0,0
2001-09-21,19.1,19.1,19.1,19.1,9.1283,0,0,0
2001-09-24,19.71,19.71,19.71,19.71,9.41983,0,0,0
2001-09-25,19.85,19.85,19.85,19.85,9.48674,0,0,0
2001-09-26,19.78,19.78,19.78,19.78,9.45329,0,0,0
2001-09-27,19.98,19.98,19.98,19.98,9.54887,0,0,0
2001-09-28,20.35,20.35,20.35,20.35,9.7257,0,0,0
2001-10-01,20.27,20.27,20.27,20.27,9.68746,0,0,0
2001-10-02,20.47,20.47,20.47,20.47,9.78305,0,0,0
2001-10-03,20.81,20.81,20.81,20.81,9.94555,0,0,0
2001-10-04,20.86,20.86,20.86,20.86,9.96944,0,0,0
2001-10-05,20.88,20.88,20.88,20.88,9.979,0,0,0
2001-10-08,20.75,20.75,20.75,20.75,9.91687,0,0,0
2001-10-09,20.64,20.64,20.64,20.64,9.8643,0,0,0
2001-10-10,21.03,21.03,21.03,21.03,10.0507,0,0,0
2001-10-11,21.3,21.3,21.3,21.3,10.1797,0,0,0
2001-10-12,21.22,21.22,21.22,21.22,10.1415,0,0,0
2001-10-15,21.18,21.18,21.18,21.18,10.1224,0,0,0
2001-10-16,21.32,21.32,21.32,21.32,10.1893,0,0,0
2001-10-17,21.06,21.06,21.06,21.06,10.065,0,0,0
2001-10-18,20.9,20.9,20.9,20.9,9.98856,0,0,0
2001-10-19,20.93,20.93,20.93,20.93,10.0029,0,0,0
2001-10-22,21.17,21.17,21.17,21.17,10.1176,0,0,0
2001-10-23,21.15,21.15,21.15,21.15,10.108,0,0,0
2001-10-24,21.19,21.19,21.19,21.19,10.1272,0,0,0
2001-10-25,21.38,21.38,21.38,21.38,10.218,0,0,0
2001-10-26,21.48,21.48,21.48,21.48,10.2658,0,0,0
2001-10-29,21.1,21.1,21.1,21.1,10.0841,0,0,0
2001-10-30,20.79,20.79,20.79,20.79,9.93599,0,0,0
2001-10-31,20.86,20.86,20.86,20.86,9.96944,0,0,0
2001-11-01,21.21,21.21,21.21,21.21,10.1367,0,0,0
2001-11-02,21.21,21.21,21.21,21.21,10.1367,0,0,0
2001-11-05,21.47,21.47,21.47,21.47,10.261,0,0,0
2001-11-06,21.71,21.71,21.71,21.71,10.3757,0,0,0
2001-11-07,21.69,21.69,21.69,21.69,10.3661,0,0,0
2001-11-08,21.73,21.73,21.73,21.73,10.3852,0,0,0
2001-11-09,21.72,21.72,21.72,21.72,10.3805,0,0,0
2001-11-12,21.66,21.66,21.66,21.66,10.3518,0,0,0
2001-11-13,21.96,21.96,21.96,21.96,10.4952,0,0,0
2001-11-14,22,22,22,22,10.5143,0,0,0
2001-11-15,21.99,21.99,21.99,21.99,10.5095,0,0,0
2001-11-16,21.96,21.96,21.96,21.96,10.4952,0,0,0
2001-11-19,22.19,22.19,22.19,22.19,10.6051,0,0,0
2001-11-20,22.03,22.03,22.03,22.03,10.5286,0,0,0
2001-11-21,21.94,21.94,21.94,21.94,10.4856,0,0,0
2001-11-23,22.12,22.12,22.12,22.12,10.5716,0,0,0
2001-11-26,22.25,22.25,22.25,22.25,10.6338,0,0,0
2001-11-27,22.15,22.15,22.15,22.15,10.586,0,0,0
2001-11-28,21.84,21.84,21.84,21.84,10.4378,0,0,0
2001-11-29,22.03,22.03,22.03,22.03,10.5286,0,0,0
2001-11-30,22.05,22.05,22.05,22.05,10.5382,0,0,0
2001-12-03,21.88,21.88,21.88,21.88,10.4569,0,0,0
2001-12-04,22.14,22.14,22.14,22.14,10.5812,0,0,0
2001-12-05,22.56,22.56,22.56,22.56,10.7819,0,0,0
2001-12-06,22.55,22.55,22.55,22.55,10.7771,0,0,0
2001-12-07,22.38,22.38,22.38,22.38,10.6959,0,0,0
2001-12-10,22.08,22.08,22.08,22.08,10.5525,0,0,0
2001-12-11,22.06,22.06,22.06,22.06,10.5429,0,0,0
2001-12-12,22.09,22.09,22.09,22.09,10.5573,0,0,0
2001-12-13,21.76,21.76,21.76,21.76,10.3996,0,0,0
2001-12-14,21.82,21.82,21.82,21.82,10.4283,0,0,0
2001-12-17,22,22,22,22,10.5143,0,0,0
2001-12-18,22.15,22.15,22.15,22.15,10.586,0,0,0
2001-12-19,22.2,22.2,22.2,22.2,10.6099,0,0,0
2001-12-20,22.04,22.04,22.04,22.04,10.5334,0,0,0
2001-12-21,22.14,22.14,22.14,22.14,10.5812,0,0,0
2001-12-24,22.12,22.12,22.12,22.12,10.5716,0,0,0
2001-12-26,22.21,22.21,22.21,22.21,10.6146,0,0,0
2001-12-27,22.37,22.37,22.37,22.37,10.6911,0,0,0
2001-12-28,22.07,22.07,22.07,22.07,10.7398,0,0.4,0
2001-12-31,21.93,21.93,21.93,21.93,10.6716,0,0,0
2002-01-02,21.99,21.99,21.99,21.99,10.7008,0,0,0
2002-01-03,22.18,22.18,22.18,22.18,10.7933,0,0,0
2002-01-04,22.3,22.3,22.3,22.3,10.8517,0,0,0
2002-01-07,22.17,22.17,22.17,22.17,10.7884,0,0,0
2002-01-08,22.09,22.09,22.09,22.09,10.7495,0,0,0
2002-01-09,22.01,22.01,22.01,22.01,10.7106,0,0,0
2002-01-10,22.02,22.02,22.02,22.02,10.7154,0,0,0
2002-01-11,21.9,21.9,21.9,21.9,10.657,0,0,0
2002-01-14,21.73,21.73,21.73,21.73,10.5743,0,0,0
2002-01-15,21.82,21.82,21.82,21.82,10.6181,0,0,0
2002-01-16,21.53,21.53,21.53,21.53,10.477,0,0,0
2002-01-17,21.7,21.7,21.7,21.7,10.5597,0,0,0
2002-01-18,21.55,21.55,21.55,21.55,10.4867,0,0,0
2002-01-22,21.41,21.41,21.41,21.41,10.4186,0,0,0
2002-01-23,21.54,21.54,21.54,21.54,10.4819,0,0,0
2002-01-24,21.62,21.62,21.62,21.62,10.5208,0,0,0
2002-01-25,21.6,21.6,21.6,21.6,10.5111,0,0,0
2002-01-28,21.63,21.63,21.63,21.63,10.5256,0,0,0
2002-01-29,21.2,21.2,21.2,21.2,10.3164,0,0,0
2002-01-30,21.33,21.33,21.33,21.33,10.3797,0,0,0
2002-01-31,21.55,21.55,21.55,21.55,10.4867,0,0,0
2002-02-01,21.46,21.46,21.46,21.46,10.4429,0,0,0
2002-02-04,21.08,21.08,21.08,21.08,10.258,0,0,0
2002-02-05,20.96,20.96,20.96,20.96,10.1996,0,0,0
2002-02-06,20.84,20.84,20.84,20.84,10.1412,0,0,0
2002-02-07,20.81,20.81,20.81,20.81,10.1266,0,0,0
2002-02-08,21.06,21.06,21.06,21.06,10.2483,0,0,0
2002-02-11,21.3,21.3,21.3,21.3,10.3651,0,0,0
2002-02-12,21.26,21.26,21.26,21.26,10.3456,0,0,0
2002-02-13,21.41,21.41,21.41,21.41,10.4186,0,0,0
2002-02-14,21.41,21.41,21.41,21.41,10.4186,0,0,0
2002-02-15,21.24,21.24,21.24,21.24,10.3359,0,0,0
2002-02-19,20.88,20.88,20.88,20.88,10.1607,0,0,0
2002-02-20,21.05,21.05,21.05,21.05,10.2434,0,0,0
2002-02-21,20.87,20.87,20.87,20.87,10.1558,0,0,0
2002-02-22,20.99,20.99,20.99,20.99,10.2142,0,0,0
2002-02-25,21.24,21.24,21.24,21.24,10.3359,0,0,0
2002-02-26,21.25,21.25,21.25,21.25,10.3407,0,0,0
2002-02-27,21.32,21.32,21.32,21.32,10.3748,0,0,0
2002-02-28,21.29,21.29,21.29,21.29,10.3602,0,0,0
2002-03-01,21.64,21.64,21.64,21.64,10.5305,0,0,0
2002-03-04,22.04,22.04,22.04,22.04,10.7252,0,0,0
2002-03-05,21.95,21.95,21.95,21.95,10.6814,0,0,0
2002-03-06,22.19,22.19,22.19,22.19,10.7982,0,0,0
2002-03-07,22.17,22.17,22.17,22.17,10.7884,0,0,0
2002-03-08,22.26,22.26,22.26,22.26,10.8322,0,0,0
2002-03-11,22.31,22.31,22.31,22.31,10.8566,0,0,0
2002-03-12,22.23,22.23,22.23,22.23,10.8176,0,0,0
2002-03-13,22.07,22.07,22.07,22.07,10.7398,0,0,0
2002-03-14,22.08,22.08,22.08,22.08,10.7446,0,0,0
2002-03-15,22.27,22.27,22.27,22.27,10.8371,0,0,0
2002-03-18,22.29,22.29,22.29,22.29,10.8468,0,0,0
2002-03-19,22.37,22.37,22.37,22.37,10.8858,0,0,0
2002-03-20,22.1,22.1,22.1,22.1,10.7544,0,0,0
2002-03-21,22.14,22.14,22.14,22.14,10.7738,0,0,0
2002-03-22,22.04,22.04,22.04,22.04,10.7252,0,0,0
2002-03-25,21.79,21.79,21.79,21.79,10.6035,0,0,0
2002-03-26,21.9,21.9,21.9,21.9,10.657,0,0,0
2002-03-27,22,22,22,22,10.7057,0,0,0
2002-03-28,22.06,22.06,22.06,22.06,10.7349,0,0,0
2002-04-01,22.05,22.05,22.05,22.05,10.73,0,0,0
2002-04-02,21.92,21.92,21.92,21.92,10.6668,0,0,0
2002-04-03,21.79,21.79,21.79,21.79,10.6035,0,0,0
2002-04-04,21.79,21.79,21.79,21.79,10.6035,0,0,0
2002-04-05,21.74,21.74,21.74,21.74,10.5938,0,0.03,0
2002-04-08,21.75,21.75,21.75,21.75,10.5986,0,0,0
2002-04-09,21.67,21.67,21.67,21.67,10.5597,0,0,0
2002-04-10,21.88,21.88,21.88,21.88,10.662,0,0,0
2002-04-11,21.5,21.5,21.5,21.5,10.4768,0,0,0
2002-04-12,21.62,21.62,21.62,21.62,10.5353,0,0,0
2002-04-15,21.56,21.56,21.56,21.56,10.506,0,0,0
2002-04-16,21.95,21.95,21.95,21.95,10.6961,0,0,0
2002-04-17,21.95,21.95,21.95,21.95,10.6961,0,0,0
2002-04-18,21.92,21.92,21.92,21.92,10.6815,0,0,0
2002-04-19,21.94,21.94,21.94,21.94,10.6912,0,0,0
2002-04-22,21.7,21.7,21.7,21.7,10.5743,0,0,0
2002-04-23,21.61,21.61,21.61,21.61,10.5304,0,0,0
2002-04-24,21.52,21.52,21.52,21.52,10.4866,0,0,0
2002-04-25,21.5,21.5,21.5,21.5,10.4768,0,0,0
2002-04-26,21.29,21.29,21.29,21.29,10.3745,0,0,0
2002-04-29,21.15,21.15,21.15,21.15,10.3063,0,0,0
2002-04-30,21.33,21.33,21.33,21.33,10.394,0,0,0
2002-05-01,21.47,21.47,21.47,21.47,10.4622,0,0,0
2002-05-02,21.43,21.43,21.43,21.43,10.4427,0,0,0
2002-05-03,21.32,21.32,21.32,21.32,10.3891,0,0,0
2002-05-06,21.03,21.03,21.03,21.03,10.2478,0,0,0
2002-05-07,20.95,20.95,20.95,20.95,10.2088,0,0,0
2002-05-08,21.48,21.48,21.48,21.48,10.4671,0,0,0
2002-05-09,21.26,21.26,21.26,21.26,10.3599,0,0,0
2002-05-10,21.02,21.02,21.02,21.02,10.2429,0,0,0
2002-05-13,21.28,21.28,21.28,21.28,10.3696,0,0,0
2002-05-14,21.59,21.59,21.59,21.59,10.5207,0,0,0
2002-05-15,21.58,21.58,21.58,21.58,10.5158,0,0,0
2002-05-16,21.65,21.65,21.65,21.65,10.5499,0,0,0
2002-05-17,21.78,21.78,21.78,21.78,10.6133,0,0,0
2002-05-20,21.59,21.59,21.59,21.59,10.5207,0,0,0
2002-05-21,21.42,21.42,21.42,21.42,10.4378,0,0,0
2002-05-22,21.48,21.48,21.48,21.48,10.4671,0,0,0
2002-05-23,21.63,21.63,21.63,21.63,10.5402,0,0,0
2002-05-24,21.46,21.46,21.46,21.46,10.4573,0,0,0
2002-05-28,21.34,21.34,21.34,21.34,10.3988,0,0,0
2002-05-29,21.26,21.26,21.26,21.26,10.3599,0,0,0
2002-05-30,21.21,21.21,21.21,21.21,10.3355,0,0,0
2002-05-31,21.23,21.23,21.23,21.23,10.3452,0,0,0
2002-06-03,20.87,20.87,20.87,20.87,10.1698,0,0,0
2002-06-04,20.81,20.81,20.81,20.81,10.1406,0,0,0
2002-06-05,20.92,20.92,20.92,20.92,10.1942,0,0,0
2002-06-06,20.64,20.64,20.64,20.64,10.0577,0,0,0
2002-06-07,20.6,20.6,20.6,20.6,10.0382,0,0,0
2002-06-10,20.62,20.62,20.62,20.62,10.048,0,0,0
2002-06-11,20.42,20.42,20.42,20.42,9.95054,0,0,0
2002-06-12,20.45,20.45,20.45,20.45,9.96516,0,0,0
2002-06-13,20.27,20.27,20.27,20.27,9.87744,0,0,0
2002-06-14,20.21,20.21,20.21,20.21,9.8482,0,0,0
2002-06-17,20.64,20.64,20.64,20.64,10.0577,0,0,0
2002-06-18,20.66,20.66,20.66,20.66,10.0675,0,0,0
2002-06-19,20.39,20.39,20.39,20.39,9.93592,0,0,0
2002-06-20,20.19,20.19,20.19,20.19,9.83846,0,0,0
2002-06-21,19.99,19.99,19.99,19.99,9.741,0,0,0
2002-06-24,19.97,19.97,19.97,19.97,9.73126,0,0,0
2002-06-25,19.79,19.79,19.79,19.79,9.64354,0,0,0
2002-06-26,19.73,19.73,19.73,19.73,9.6143,0,0,0
2002-06-27,19.98,19.98,19.98,19.98,9.73613,0,0,0
2002-06-28,20.09,20.09,20.09,20.09,9.78973,0,0,0
2002-07-01,19.78,19.78,19.78,19.78,9.63867,0,0,0
2002-07-02,19.41,19.41,19.41,19.41,9.45837,0,0,0
2002-07-03,19.42,19.42,19.42,19.42,9.46324,0,0,0
2002-07-05,19.99,19.99,19.99,19.99,9.741,0,0,0
2002-07-08,19.84,19.84,19.84,19.84,9.66791,0,0,0
2002-07-09,19.53,19.53,19.53,19.53,9.51685,0,0,0
2002-07-10,19.05,19.05,19.05,19.05,9.28294,0,0,0
2002-07-11,19.05,19.05,19.05,19.05,9.28294,0,0,0
2002-07-12,18.96,18.96,18.96,18.96,9.23909,0,0,0
2002-07-15,18.82,18.82,18.82,18.82,9.17087,0,0,0
2002-07-16,18.6,18.6,18.6,18.6,9.06366,0,0,0
2002-07-17,18.73,18.73,18.73,18.73,9.12701,0,0,0
2002-07-18,18.43,18.43,18.43,18.43,8.98082,0,0,0
2002-07-19,17.92,17.92,17.92,17.92,8.73231,0,0,0
2002-07-22,17.44,17.44,17.44,17.44,8.4984,0,0,0
2002-07-23,17.03,17.03,17.03,17.03,8.29861,0,0,0
2002-07-24,17.64,17.64,17.64,17.64,8.59586,0,0,0
2002-07-25,17.62,17.62,17.62,17.62,8.58612,0,0,0
2002-07-26,17.78,17.78,17.78,17.78,8.66408,0,0,0
2002-07-29,18.51,18.51,18.51,18.51,9.0198,0,0,0
2002-07-30,18.58,18.58,18.58,18.58,9.05392,0,0,0
2002-07-31,18.67,18.67,18.67,18.67,9.09777,0,0,0
2002-08-01,18.26,18.26,18.26,18.26,8.89799,0,0,0
2002-08-02,17.98,17.98,17.98,17.98,8.76154,0,0,0
2002-08-05,17.49,17.49,17.49,17.49,8.52277,0,0,0
2002-08-06,17.89,17.89,17.89,17.89,8.71768,0,0,0
2002-08-07,18.13,18.13,18.13,18.13,8.83464,0,0,0
2002-08-08,18.56,18.56,18.56,18.56,9.04417,0,0,0
2002-08-09,18.64,18.64,18.64,18.64,9.08315,0,0,0
2002-08-12,18.57,18.57,18.57,18.57,9.04904,0,0,0
2002-08-13,18.32,18.32,18.32,18.32,8.92722,0,0,0
2002-08-14,18.78,18.78,18.78,18.78,9.15138,0,0,0
2002-08-15,18.98,18.98,18.98,18.98,9.24884,0,0,0
2002-08-16,18.98,18.98,18.98,18.98,9.24884,0,0,0
2002-08-19,19.31,19.31,19.31,19.31,9.40964,0,0,0
2002-08-20,19.12,19.12,19.12,19.12,9.31706,0,0,0
2002-08-21,19.34,19.34,19.34,19.34,9.42426,0,0,0
2002-08-22,19.52,19.52,19.52,19.52,9.51197,0,0,0
2002-08-23,19.2,19.2,19.2,19.2,9.35604,0,0,0
2002-08-26,19.32,19.32,19.32,19.32,9.41451,0,0,0
2002-08-27,19.16,19.16,19.16,19.16,9.33655,0,0,0
2002-08-28,18.84,18.84,18.84,18.84,9.18061,0,0,0
2002-08-29,18.85,18.85,18.85,18.85,9.18548,0,0,0
2002-08-30,18.82,18.82,18.82,18.82,9.17087,0,0,0
2002-09-03,18.22,18.22,18.22,18.22,8.87849,0,0,0
2002-09-04,18.44,18.44,18.44,18.44,8.9857,0,0,0
2002-09-05,18.24,18.24,18.24,18.24,8.88824,0,0,0
2002-09-06,18.48,18.48,18.48,18.48,9.00519,0,0,0
2002-09-09,18.58,18.58,18.58,18.58,9.05392,0,0,0
2002-09-10,18.71,18.71,18.71,18.71,9.11727,0,0,0
2002-09-11,18.73,18.73,18.73,18.73,9.12701,0,0,0
2002-09-12,18.39,18.39,18.39,18.39,8.96133,0,0,0
2002-09-13,18.39,18.39,18.39,18.39,8.96133,0,0,0
2002-09-16,18.38,18.38,18.38,18.38,8.95646,0,0,0
2002-09-17,18.12,18.12,18.12,18.12,8.82976,0,0,0
2002-09-18,18.04,18.04,18.04,18.04,8.79078,0,0,0
2002-09-19,17.65,17.65,17.65,17.65,8.60074,0,0,0
2002-09-20,17.65,17.65,17.65,17.65,8.60074,0,0,0
2002-09-23,17.41,17.41,17.41,17.41,8.48379,0,0,0
2002-09-24,17.19,17.19,17.19,17.19,8.37658,0,0,0
2002-09-25,17.49,17.49,17.49,17.49,8.52277,0,0,0
2002-09-26,17.79,17.79,17.79,17.79,8.66896,0,0,0
2002-09-27,17.44,17.44,17.44,17.44,8.4984,0,0,0
2002-09-30,17.23,17.23,17.23,17.23,8.39607,0,0,0
2002-10-01,17.67,17.67,17.67,17.67,8.61048,0,0,0
2002-10-02,17.4,17.4,17.4,17.4,8.47891,0,0,0
2002-10-03,17.24,17.24,17.24,17.24,8.40094,0,0,0
2002-10-04,16.91,16.91,16.91,16.91,8.24014,0,0,0
2002-10-07,16.63,16.63,16.63,16.63,8.10369,0,0,0
2002-10-08,16.77,16.77,16.77,16.77,8.17191,0,0,0
2002-10-09,16.43,16.43,16.43,16.43,8.00624,0,0,0
2002-10-10,16.86,16.86,16.86,16.86,8.21577,0,0,0
2002-10-11,17.39,17.39,17.39,17.39,8.47404,0,0,0
2002-10-14,17.45,17.45,17.45,17.45,8.50328,0,0,0
2002-10-15,18.12,18.12,18.12,18.12,8.82976,0,0,0
2002-10-16,17.77,17.77,17.77,17.77,8.65921,0,0,0
2002-10-17,18.12,18.12,18.12,18.12,8.82976,0,0,0
2002-10-18,18.17,18.17,18.17,18.17,8.85413,0,0,0
2002-10-21,18.38,18.38,18.38,18.38,8.95646,0,0,0
2002-10-22,18.2,18.2,18.2,18.2,8.86875,0,0,0
2002-10-23,18.27,18.27,18.27,18.27,8.90285,0,0,0
2002-10-24,18.12,18.12,18.12,18.12,8.82976,0,0,0
2002-10-25,18.35,18.35,18.35,18.35,8.94184,0,0,0
2002-10-28,18.28,18.28,18.28,18.28,8.90773,0,0,0
2002-10-29,18.11,18.11,18.11,18.11,8.82489,0,0,0
2002-10-30,18.3,18.3,18.3,18.3,8.91747,0,0,0
2002-10-31,18.27,18.27,18.27,18.27,8.90285,0,0,0
2002-11-01,18.5,18.5,18.5,18.5,9.01493,0,0,0
2002-11-04,18.67,18.67,18.67,18.67,9.09777,0,0,0
2002-11-05,18.77,18.77,18.77,18.77,9.1465,0,0,0
2002-11-06,18.9,18.9,18.9,18.9,9.20985,0,0,0
2002-11-07,18.59,18.59,18.59,18.59,9.05879,0,0,0
2002-11-08,18.46,18.46,18.46,18.46,8.99544,0,0,0
2002-11-11,18.15,18.15,18.15,18.15,8.84438,0,0,0
2002-11-12,18.29,18.29,18.29,18.29,8.9126,0,0,0
2002-11-13,18.26,18.26,18.26,18.26,8.89799,0,0,0
2002-11-14,18.59,18.59,18.59,18.59,9.05879,0,0,0
2002-11-15,18.71,18.71,18.71,18.71,9.11727,0,0,0
2002-11-18,18.58,18.58,18.58,18.58,9.05392,0,0,0
2002-11-19,18.5,18.5,18.5,18.5,9.01493,0,0,0
2002-11-20,18.75,18.75,18.75,18.75,9.13676,0,0,0
2002-11-21,19.1,19.1,19.1,19.1,9.30731,0,0,0
2002-11-22,19.06,19.06,19.06,19.06,9.28782,0,0,0
2002-11-25,19.1,19.1,19.1,19.1,9.30731,0,0,0
2002-11-26,18.79,18.79,18.79,18.79,9.15625,0,0,0
2002-11-27,19.19,19.19,19.19,19.19,9.35116,0,0,0
2002-11-29,19.19,19.19,19.19,19.19,9.35116,0,0,0
2002-12-02,19.18,19.18,19.18,19.18,9.34629,0,0,0
2002-12-03,18.93,18.93,18.93,18.93,9.22447,0,0,0
2002-12-04,18.87,18.87,18.87,18.87,9.19523,0,0,0
2002-12-05,18.7,18.7,18.7,18.7,9.11239,0,0,0
2002-12-06,18.8,18.8,18.8,18.8,9.16112,0,0,0
2002-12-09,18.46,18.46,18.46,18.46,8.99544,0,0,0
2002-12-10,18.65,18.65,18.65,18.65,9.08803,0,0,0
2002-12-11,18.68,18.68,18.68,18.68,9.10264,0,0,0
2002-12-12,18.65,18.65,18.65,18.65,9.08803,0,0,0
2002-12-13,18.44,18.44,18.44,18.44,8.9857,0,0,0
2002-12-16,18.77,18.77,18.77,18.77,9.1465,0,0,0
2002-12-17,18.66,18.66,18.66,18.66,9.0929,0,0,0
2002-12-18,18.44,18.44,18.44,18.44,8.9857,0,0,0
2002-12-19,18.36,18.36,18.36,18.36,8.94671,0,0,0
2002-12-20,18.54,18.54,18.54,18.54,9.03443,0,0,0
2002-12-23,18.57,18.57,18.57,18.57,9.04904,0,0,0
2002-12-24,18.52,18.52,18.52,18.52,9.02468,0,0,0
2002-12-26,18.52,18.52,18.52,18.52,9.02468,0,0,0
2002-12-27,17.93,17.93,17.93,17.93,8.90548,0,0.35,0
2002-12-30,18.01,18.01,18.01,18.01,8.94521,0,0,0
2002-12-31,18.05,18.05,18.05,18.05,8.96508,0,0,0
2003-01-02,18.46,18.46,18.46,18.46,9.16872,0,0,0
2003-01-03,18.47,18.47,18.47,18.47,9.17368,0,0,0
2003-01-06,18.77,18.77,18.77,18.77,9.32269,0,0,0
2003-01-07,18.65,18.65,18.65,18.65,9.26308,0,0,0
2003-01-08,18.46,18.46,18.46,18.46,9.16872,0,0,0
2003-01-09,18.7,18.7,18.7,18.7,9.28792,0,0,0
2003-01-10,18.72,18.72,18.72,18.72,9.29785,0,0,0
2003-01-13,18.7,18.7,18.7,18.7,9.28792,0,0,0
2003-01-14,18.8,18.8,18.8,18.8,9.33759,0,0,0
2003-01-15,18.61,18.61,18.61,18.61,9.24322,0,0,0
2003-01-16,18.58,18.58,18.58,18.58,9.22832,0,0,0
2003-01-17,18.36,18.36,18.36,18.36,9.11905,0,0,0
2003-01-21,18.13,18.13,18.13,18.13,9.00481,0,0,0
2003-01-22,17.98,17.98,17.98,17.98,8.93031,0,0,0
2003-01-23,18.1,18.1,18.1,18.1,8.98991,0,0,0
2003-01-24,17.75,17.75,17.75,17.75,8.81607,0,0,0
2003-01-27,17.47,17.47,17.47,17.47,8.677,0,0,0
2003-01-28,17.62,17.62,17.62,17.62,8.75151,0,0,0
2003-01-29,17.69,17.69,17.69,17.69,8.78627,0,0,0
2003-01-30,17.46,17.46,17.46,17.46,8.67204,0,0,0
2003-01-31,17.63,17.63,17.63,17.63,8.75647,0,0,0
2003-02-03,17.7,17.7,17.7,17.7,8.79124,0,0,0
2003-02-04,17.52,17.52,17.52,17.52,8.70184,0,0,0
2003-02-05,17.47,17.47,17.47,17.47,8.677,0,0,0
2003-02-06,17.36,17.36,17.36,17.36,8.62237,0,0,0
2003-02-07,17.21,17.21,17.21,17.21,8.54787,0,0,0
2003-02-10,17.27,17.27,17.27,17.27,8.57767,0,0,0
2003-02-11,17.22,17.22,17.22,17.22,8.55283,0,0,0
2003-02-12,17.04,17.04,17.04,17.04,8.46344,0,0,0
2003-02-13,17.03,17.03,17.03,17.03,8.45847,0,0,0
2003-02-14,17.27,17.27,17.27,17.27,8.57767,0,0,0
2003-02-18,17.55,17.55,17.55,17.55,8.71674,0,0,0
2003-02-19,17.44,17.44,17.44,17.44,8.6621,0,0,0
2003-02-20,17.35,17.35,17.35,17.35,8.6174,0,0,0
2003-02-21,17.5,17.5,17.5,17.5,8.6919,0,0,0
2003-02-24,17.27,17.27,17.27,17.27,8.57767,0,0,0
2003-02-25,17.3,17.3,17.3,17.3,8.59257,0,0,0
2003-02-26,17.15,17.15,17.15,17.15,8.51807,0,0,0
2003-02-27,17.29,17.29,17.29,17.29,8.5876,0,0,0
2003-02-28,17.37,17.37,17.37,17.37,8.62734,0,0,0
2003-03-03,17.33,17.33,17.33,17.33,8.60747,0,0,0
2003-03-04,17.12,17.12,17.12,17.12,8.50316,0,0,0
2003-03-05,17.21,17.21,17.21,17.21,8.54787,0,0,0
2003-03-06,17.08,17.08,17.08,17.08,8.48329,0,0,0
2003-03-07,17.14,17.14,17.14,17.14,8.5131,0,0,0
2003-03-10,16.81,16.81,16.81,16.81,8.34919,0,0,0
2003-03-11,16.7,16.7,16.7,16.7,8.29456,0,0,0
2003-03-12,16.68,16.68,16.68,16.68,8.28463,0,0,0
2003-03-13,17.12,17.12,17.12,17.12,8.50316,0,0,0
2003-03-14,17.19,17.19,17.19,17.19,8.53793,0,0,0
2003-03-17,17.64,17.64,17.64,17.64,8.76144,0,0,0
2003-03-18,17.7,17.7,17.7,17.7,8.79124,0,0,0
2003-03-19,17.79,17.79,17.79,17.79,8.83594,0,0,0
2003-03-20,17.85,17.85,17.85,17.85,8.86574,0,0,0
2003-03-21,18.17,18.17,18.17,18.17,9.02468,0,0,0
2003-03-24,17.68,17.68,17.68,17.68,8.78131,0,0,0
2003-03-25,17.85,17.85,17.85,17.85,8.86574,0,0,0
2003-03-26,17.8,17.8,17.8,17.8,8.84091,0,0,0
2003-03-27,17.77,17.77,17.77,17.77,8.82601,0,0,0
2003-03-28,17.71,17.71,17.71,17.71,8.79621,0,0,0
2003-03-31,17.47,17.47,17.47,17.47,8.677,0,0,0
2003-04-01,17.64,17.64,17.64,17.64,8.76144,0,0,0
2003-04-02,17.98,17.98,17.98,17.98,8.93031,0,0,0
2003-04-03,17.93,17.93,17.93,17.93,8.90548,0,0,0
2003-04-04,17.94,17.94,17.94,17.94,8.92039,0,0.02,0
2003-04-07,18.02,18.02,18.02,18.02,8.96017,0,0,0
2003-04-08,17.98,17.98,17.98,17.98,8.94028,0,0,0
2003-04-09,17.82,17.82,17.82,17.82,8.86072,0,0,0
2003-04-10,17.86,17.86,17.86,17.86,8.88061,0,0,0
2003-04-11,17.81,17.81,17.81,17.81,8.85575,0,0,0
2003-04-14,18.06,18.06,18.06,18.06,8.98006,0,0,0
2003-04-15,18.19,18.19,18.19,18.19,9.0447,0,0,0
2003-04-16,18.06,18.06,18.06,18.06,8.98006,0,0,0
2003-04-17,18.26,18.26,18.26,18.26,9.07951,0,0,0
2003-04-21,18.25,18.25,18.25,18.25,9.07454,0,0,0
2003-04-22,18.55,18.55,18.55,18.55,9.22371,0,0,0
2003-04-23,18.68,18.68,18.68,18.68,9.28834,0,0,0
2003-04-24,18.57,18.57,18.57,18.57,9.23365,0,0,0
2003-04-25,18.37,18.37,18.37,18.37,9.13421,0,0,0
2003-04-28,18.63,18.63,18.63,18.63,9.26349,0,0,0
2003-04-29,18.68,18.68,18.68,18.68,9.28834,0,0,0
2003-04-30,18.73,18.73,18.73,18.73,9.31321,0,0,0
2003-05-01,18.73,18.73,18.73,18.73,9.31321,0,0,0
2003-05-02,18.96,18.96,18.96,18.96,9.42757,0,0,0
2003-05-05,18.96,18.96,18.96,18.96,9.42757,0,0,0
2003-05-06,19.15,19.15,19.15,19.15,9.52205,0,0,0
2003-05-07,19.07,19.07,19.07,19.07,9.48227,0,0,0
2003-05-08,18.9,18.9,18.9,18.9,9.39774,0,0,0
2003-05-09,19.11,19.11,19.11,19.11,9.50216,0,0,0
2003-05-12,19.3,19.3,19.3,19.3,9.59663,0,0,0
2003-05-13,19.27,19.27,19.27,19.27,9.58172,0,0,0
2003-05-14,19.26,19.26,19.26,19.26,9.57674,0,0,0
2003-05-15,19.35,19.35,19.35,19.35,9.6215,0,0,0
2003-05-16,19.35,19.35,19.35,19.35,9.6215,0,0,0
2003-05-19,18.98,18.98,18.98,18.98,9.43752,0,0,0
2003-05-20,18.99,18.99,18.99,18.99,9.44249,0,0,0
2003-05-21,19.02,19.02,19.02,19.02,9.45741,0,0,0
2003-05-22,19.19,19.19,19.19,19.19,9.54194,0,0,0
2003-05-23,19.25,19.25,19.25,19.25,9.57177,0,0,0
2003-05-27,19.51,19.51,19.51,19.51,9.70105,0,0,0
2003-05-28,19.56,19.56,19.56,19.56,9.72592,0,0,0
2003-05-29,19.56,19.56,19.56,19.56,9.72592,0,0,0
2003-05-30,19.76,19.76,19.76,19.76,9.82536,0,0,0
2003-06-02,19.86,19.86,19.86,19.86,9.87509,0,0,0
2003-06-03,19.91,19.91,19.91,19.91,9.89995,0,0,0
2003-06-04,20.14,20.14,20.14,20.14,10.0143,0,0,0
2003-06-05,20.25,20.25,20.25,20.25,10.069,0,0,0
2003-06-06,20.22,20.22,20.22,20.22,10.0541,0,0,0
2003-06-09,20.03,20.03,20.03,20.03,9.95961,0,0,0
2003-06-10,20.18,20.18,20.18,20.18,10.0342,0,0,0
2003-06-11,20.42,20.42,20.42,20.42,10.1535,0,0,0
2003-06-12,20.46,20.46,20.46,20.46,10.1734,0,0,0
2003-06-13,20.3,20.3,20.3,20.3,10.0939,0,0,0
2003-06-16,20.64,20.64,20.64,20.64,10.2629,0,0,0
2003-06-17,20.66,20.66,20.66,20.66,10.2729,0,0,0
2003-06-18,20.63,20.63,20.63,20.63,10.258,0,0,0
2003-06-19,20.38,20.38,20.38,20.38,10.1336,0,0,0
2003-06-20,20.38,20.38,20.38,20.38,10.1336,0,0,0
2003-06-23,20.13,20.13,20.13,20.13,10.0093,0,0,0
2003-06-24,20.14,20.14,20.14,20.14,10.0143,0,0,0
2003-06-25,20.05,20.05,20.05,20.05,9.96956,0,0,0
2003-06-26,20.17,20.17,20.17,20.17,10.0292,0,0,0
2003-06-27,20.06,20.06,20.06,20.06,9.97453,0,0,0
2003-06-30,20.03,20.03,20.03,20.03,9.95961,0,0,0
2003-07-01,20.13,20.13,20.13,20.13,10.0093,0,0,0
2003-07-02,20.38,20.38,20.38,20.38,10.1336,0,0,0
2003-07-03,20.26,20.26,20.26,20.26,10.074,0,0,0
2003-07-07,20.57,20.57,20.57,20.57,10.2281,0,0,0
2003-07-08,20.63,20.63,20.63,20.63,10.258,0,0,0
2003-07-09,20.58,20.58,20.58,20.58,10.2331,0,0,0
2003-07-10,20.36,20.36,20.36,20.36,10.1237,0,0,0
2003-07-11,20.49,20.49,20.49,20.49,10.1883,0,0,0
2003-07-14,20.62,20.62,20.62,20.62,10.253,0,0,0
2003-07-15,20.51,20.51,20.51,20.51,10.1983,0,0,0
2003-07-16,20.41,20.41,20.41,20.41,10.1486,0,0,0
2003-07-17,20.15,20.15,20.15,20.15,10.0193,0,0,0
2003-07-18,20.34,20.34,20.34,20.34,10.1138,0,0,0
2003-07-21,20.1,20.1,20.1,20.1,9.99442,0,0,0
2003-07-22,20.24,20.24,20.24,20.24,10.064,0,0,0
2003-07-23,20.3,20.3,20.3,20.3,10.0939,0,0,0
2003-07-24,20.24,20.24,20.24,20.24,10.064,0,0,0
2003-07-25,20.46,20.46,20.46,20.46,10.1734,0,0,0
2003-07-28,20.46,20.46,20.46,20.46,10.1734,0,0,0
2003-07-29,20.35,20.35,20.35,20.35,10.1187,0,0,0
2003-07-30,20.31,20.31,20.31,20.31,10.0988,0,0,0
2003-07-31,20.33,20.33,20.33,20.33,10.1088,0,0,0
2003-08-01,20.16,20.16,20.16,20.16,10.0243,0,0,0
2003-08-04,20.18,20.18,20.18,20.18,10.0342,0,0,0
2003-08-05,19.94,19.94,19.94,19.94,9.91487,0,0,0
2003-08-06,19.94,19.94,19.94,19.94,9.91487,0,0,0
2003-08-07,20.04,20.04,20.04,20.04,9.96459,0,0,0
2003-08-08,20.09,20.09,20.09,20.09,9.98945,0,0,0
2003-08-11,20.17,20.17,20.17,20.17,10.0292,0,0,0
2003-08-12,20.33,20.33,20.33,20.33,10.1088,0,0,0
2003-08-13,20.26,20.26,20.26,20.26,10.074,0,0,0
2003-08-14,20.37,20.37,20.37,20.37,10.1287,0,0,0
2003-08-15,20.4,20.4,20.4,20.4,10.1436,0,0,0
2003-08-18,20.56,20.56,20.56,20.56,10.2231,0,0,0
2003-08-19,20.65,20.65,20.65,20.65,10.2679,0,0,0
2003-08-20,20.63,20.63,20.63,20.63,10.258,0,0,0
2003-08-21,20.68,20.68,20.68,20.68,10.2828,0,0,0
2003-08-22,20.52,20.52,20.52,20.52,10.2033,0,0,0
2003-08-25,20.49,20.49,20.49,20.49,10.1883,0,0,0
2003-08-26,20.53,20.53,20.53,20.53,10.2082,0,0,0
2003-08-27,20.56,20.56,20.56,20.56,10.2231,0,0,0
2003-08-28,20.68,20.68,20.68,20.68,10.2828,0,0,0
2003-08-29,20.76,20.76,20.76,20.76,10.3226,0,0,0
2003-09-02,20.99,20.99,20.99,20.99,10.437,0,0,0
2003-09-03,21.09,21.09,21.09,21.09,10.4867,0,0,0
2003-09-04,21.14,21.14,21.14,21.14,10.5115,0,0,0
2003-09-05,21.09,21.09,21.09,21.09,10.4867,0,0,0
2003-09-08,21.26,21.26,21.26,21.26,10.5712,0,0,0
2003-09-09,21.15,21.15,21.15,21.15,10.5165,0,0,0
2003-09-10,20.93,20.93,20.93,20.93,10.4071,0,0,0
2003-09-11,21.01,21.01,21.01,21.01,10.4469,0,0,0
2003-09-12,21.07,21.07,21.07,21.07,10.4767,0,0,0
2003-09-15,21.03,21.03,21.03,21.03,10.4568,0,0,0
2003-09-16,21.27,21.27,21.27,21.27,10.5762,0,0,0
2003-09-17,21.26,21.26,21.26,21.26,10.5712,0,0,0
2003-09-18,21.48,21.48,21.48,21.48,10.6806,0,0,0
2003-09-19,21.44,21.44,21.44,21.44,10.6607,0,0,0
2003-09-22,21.22,21.22,21.22,21.22,10.5513,0,0,0
2003-09-23,21.31,21.31,21.31,21.31,10.5961,0,0,0
2003-09-24,21.03,21.03,21.03,21.03,10.4568,0,0,0
2003-09-25,20.9,20.9,20.9,20.9,10.3922,0,0,0
2003-09-26,20.78,20.78,20.78,20.78,10.3325,0,0,0
2003-09-29,20.93,20.93,20.93,20.93,10.4071,0,0,0
2003-09-30,20.78,20.78,20.78,20.78,10.3325,0,0,0
2003-10-01,21.16,21.16,21.16,21.16,10.5215,0,0,0
2003-10-02,21.22,21.22,21.22,21.22,10.5513,0,0,0
2003-10-03,21.4,21.4,21.4,21.4,10.6408,0,0,0
2003-10-06,21.49,21.49,21.49,21.49,10.6856,0,0,0
2003-10-07,21.56,21.56,21.56,21.56,10.7204,0,0,0
2003-10-08,21.48,21.48,21.48,21.48,10.6806,0,0,0
2003-10-09,21.59,21.59,21.59,21.59,10.7353,0,0,0
2003-10-10,21.61,21.61,21.61,21.61,10.7452,0,0,0
2003-10-13,21.75,21.75,21.75,21.75,10.8149,0,0,0
2003-10-14,21.82,21.82,21.82,21.82,10.8497,0,0,0
2003-10-15,21.75,21.75,21.75,21.75,10.8149,0,0,0
2003-10-16,21.79,21.79,21.79,21.79,10.8347,0,0,0
2003-10-17,21.64,21.64,21.64,21.64,10.7602,0,0,0
2003-10-20,21.71,21.71,21.71,21.71,10.795,0,0,0
2003-10-21,21.75,21.75,21.75,21.75,10.8149,0,0,0
2003-10-22,21.5,21.5,21.5,21.5,10.6905,0,0,0
2003-10-23,21.46,21.46,21.46,21.46,10.6707,0,0,0
2003-10-24,21.41,21.41,21.41,21.41,10.6458,0,0,0
2003-10-27,21.5,21.5,21.5,21.5,10.6905,0,0,0
2003-10-28,21.77,21.77,21.77,21.77,10.8248,0,0,0
2003-10-29,21.81,21.81,21.81,21.81,10.8447,0,0,0
2003-10-30,21.8,21.8,21.8,21.8,10.8397,0,0,0
2003-10-31,21.82,21.82,21.82,21.82,10.8497,0,0,0
2003-11-03,21.96,21.96,21.96,21.96,10.9193,0,0,0
2003-11-04,21.92,21.92,21.92,21.92,10.8994,0,0,0
2003-11-05,21.88,21.88,21.88,21.88,10.8795,0,0,0
2003-11-06,21.94,21.94,21.94,21.94,10.9093,0,0,0
2003-11-07,21.94,21.94,21.94,21.94,10.9093,0,0,0
2003-11-10,21.8,21.8,21.8,21.8,10.8397,0,0,0
2003-11-11,21.74,21.74,21.74,21.74,10.8099,0,0,0
2003-11-12,22,22,22,22,10.9392,0,0,0
2003-11-13,22.06,22.06,22.06,22.06,10.969,0,0,0
2003-11-14,21.94,21.94,21.94,21.94,10.9093,0,0,0
2003-11-17,21.77,21.77,21.77,21.77,10.8248,0,0,0
2003-11-18,21.67,21.67,21.67,21.67,10.7751,0,0,0
2003-11-19,21.75,21.75,21.75,21.75,10.8149,0,0,0
2003-11-20,21.63,21.63,21.63,21.63,10.7552,0,0,0
2003-11-21,21.69,21.69,21.69,21.69,10.785,0,0,0
2003-11-24,21.96,21.96,21.96,21.96,10.9193,0,0,0
2003-11-25,22.02,22.02,22.02,22.02,10.9491,0,0,0
2003-11-26,22.12,22.12,22.12,22.12,10.9988,0,0,0
2003-11-28,22.12,22.12,22.12,22.12,10.9988,0,0,0
2003-12-01,22.35,22.35,22.35,22.35,11.1132,0,0,0
2003-12-02,22.32,22.32,22.32,22.32,11.0983,0,0,0
2003-12-03,22.29,22.29,22.29,22.29,11.0834,0,0,0
2003-12-04,22.34,22.34,22.34,22.34,11.1082,0,0,0
2003-12-05,22.24,22.24,22.24,22.24,11.0585,0,0,0
2003-12-08,22.34,22.34,22.34,22.34,11.1082,0,0,0
2003-12-09,22.19,22.19,22.19,22.19,11.0336,0,0,0
2003-12-10,22.12,22.12,22.12,22.12,10.9988,0,0,0
2003-12-11,22.37,22.37,22.37,22.37,11.1231,0,0,0
2003-12-12,22.44,22.44,22.44,22.44,11.158,0,0,0
2003-12-15,22.32,22.32,22.32,22.32,11.0983,0,0,0
2003-12-16,22.41,22.41,22.41,22.41,11.143,0,0,0
2003-12-17,22.45,22.45,22.45,22.45,11.1629,0,0,0
2003-12-18,22.69,22.69,22.69,22.69,11.2823,0,0,0
2003-12-19,22.67,22.67,22.67,22.67,11.2723,0,0,0
2003-12-22,22.74,22.74,22.74,22.74,11.3071,0,0,0
2003-12-23,22.8,22.8,22.8,22.8,11.337,0,0,0
2003-12-24,22.79,22.79,22.79,22.79,11.332,0,0,0
2003-12-26,22.52,22.52,22.52,22.52,11.3572,0,0.32,0
2003-12-29,22.75,22.75,22.75,22.75,11.4732,0,0,0
2003-12-30,22.78,22.78,22.78,22.78,11.4883,0,0,0
2003-12-31,22.8,22.8,22.8,22.8,11.4984,0,0,0
2004-01-02,22.8,22.8,22.8,22.8,11.4984,0,0,0
2004-01-05,23.05,23.05,23.05,23.05,11.6245,0,0,0
2004-01-06,23.1,23.1,23.1,23.1,11.6497,0,0,0
2004-01-07,23.11,23.11,23.11,23.11,11.6547,0,0,0
2004-01-08,23.25,23.25,23.25,23.25,11.7254,0,0,0
2004-01-09,23.14,23.14,23.14,23.14,11.6699,0,0,0
2004-01-12,23.22,23.22,23.22,23.22,11.7102,0,0,0
2004-01-13,23.14,23.14,23.14,23.14,11.6699,0,0,0
2004-01-14,23.29,23.29,23.29,23.29,11.7455,0,0,0
2004-01-15,23.28,23.28,23.28,23.28,11.7405,0,0,0
2004-01-16,23.39,23.39,23.39,23.39,11.796,0,0,0
2004-01-20,23.45,23.45,23.45,23.45,11.8262,0,0,0
2004-01-21,23.59,23.59,23.59,23.59,11.8968,0,0,0
2004-01-22,23.56,23.56,23.56,23.56,11.8817,0,0,0
2004-01-23,23.5,23.5,23.5,23.5,11.8514,0,0,0
2004-01-26,23.67,23.67,23.67,23.67,11.9372,0,0,0
2004-01-27,23.53,23.53,23.53,23.53,11.8666,0,0,0
2004-01-28,23.22,23.22,23.22,23.22,11.7102,0,0,0
2004-01-29,23.25,23.25,23.25,23.25,11.7254,0,0,0
2004-01-30,23.24,23.24,23.24,23.24,11.7203,0,0,0
2004-02-02,23.28,23.28,23.28,23.28,11.7405,0,0,0
2004-02-03,23.3,23.3,23.3,23.3,11.7506,0,0,0
2004-02-04,23.1,23.1,23.1,23.1,11.6497,0,0,0
2004-02-05,23.14,23.14,23.14,23.14,11.6699,0,0,0
2004-02-06,23.45,23.45,23.45,23.45,11.8262,0,0,0
2004-02-09,23.46,23.46,23.46,23.46,11.8313,0,0,0
2004-02-10,23.57,23.57,23.57,23.57,11.8867,0,0,0
2004-02-11,23.79,23.79,23.79,23.79,11.9977,0,0,0
2004-02-12,23.69,23.69,23.69,23.69,11.9472,0,0,0
2004-02-13,23.59,23.59,23.59,23.59,11.8968,0,0,0
2004-02-17,23.82,23.82,23.82,23.82,12.0128,0,0,0
2004-02-18,23.71,23.71,23.71,23.71,11.9573,0,0,0
2004-02-19,23.65,23.65,23.65,23.65,11.9271,0,0,0
2004-02-20,23.54,23.54,23.54,23.54,11.8716,0,0,0
2004-02-23,23.48,23.48,23.48,23.48,11.8413,0,0,0
2004-02-24,23.45,23.45,23.45,23.45,11.8262,0,0,0
2004-02-25,23.52,23.52,23.52,23.52,11.8615,0,0,0
2004-02-26,23.55,23.55,23.55,23.55,11.8766,0,0,0
2004-02-27,23.6,23.6,23.6,23.6,11.9019,0,0,0
2004-03-01,23.83,23.83,23.83,23.83,12.0179,0,0,0
2004-03-02,23.68,23.68,23.68,23.68,11.9422,0,0,0
2004-03-03,23.69,23.69,23.69,23.69,11.9472,0,0,0
2004-03-04,23.78,23.78,23.78,23.78,11.9926,0,0,0
2004-03-05,23.88,23.88,23.88,23.88,12.0431,0,0,0
2004-03-08,23.74,23.74,23.74,23.74,11.9725,0,0,0
2004-03-09,23.61,23.61,23.61,23.61,11.9069,0,0,0
2004-03-10,23.3,23.3,23.3,23.3,11.7506,0,0,0
2004-03-11,23.01,23.01,23.01,23.01,11.6043,0,0,0
2004-03-12,23.25,23.25,23.25,23.25,11.7254,0,0,0
2004-03-15,22.96,22.96,22.96,22.96,11.5791,0,0,0
2004-03-16,23.06,23.06,23.06,23.06,11.6295,0,0,0
2004-03-17,23.33,23.33,23.33,23.33,11.7657,0,0,0
2004-03-18,23.29,23.29,23.29,23.29,11.7455,0,0,0
2004-03-19,23.1,23.1,23.1,23.1,11.6497,0,0,0
2004-03-22,22.83,22.83,22.83,22.83,11.5135,0,0,0
2004-03-23,22.85,22.85,22.85,22.85,11.5236,0,0,0
2004-03-24,22.77,22.77,22.77,22.77,11.4833,0,0,0
2004-03-25,23.1,23.1,23.1,23.1,11.6497,0,0,0
2004-03-26,23.08,23.08,23.08,23.08,11.6396,0,0,0
2004-03-29,23.33,23.33,23.33,23.33,11.7657,0,0,0
2004-03-30,23.41,23.41,23.41,23.41,11.806,0,0,0
2004-03-31,23.46,23.46,23.46,23.46,11.8313,0,0,0
2004-04-01,23.6,23.6,23.6,23.6,11.9019,0,0,0
2004-04-02,23.68,23.68,23.68,23.68,11.9625,0,0.04,0
2004-04-05,23.78,23.78,23.78,23.78,12.013,0,0,0
2004-04-06,23.72,23.72,23.72,23.72,11.9827,0,0,0
2004-04-07,23.65,23.65,23.65,23.65,11.9473,0,0,0
2004-04-08,23.61,23.61,23.61,23.61,11.9271,0,0,0
2004-04-12,23.7,23.7,23.7,23.7,11.9726,0,0,0
2004-04-13,23.39,23.39,23.39,23.39,11.816,0,0,0
2004-04-14,23.31,23.31,23.31,23.31,11.7756,0,0,0
2004-04-15,23.3,23.3,23.3,23.3,11.7705,0,0,0
2004-04-16,23.42,23.42,23.42,23.42,11.8311,0,0,0
2004-04-19,23.45,23.45,23.45,23.45,11.8463,0,0,0
2004-04-20,23.15,23.15,23.15,23.15,11.6947,0,0,0
2004-04-21,23.24,23.24,23.24,23.24,11.7402,0,0,0
2004-04-22,23.53,23.53,23.53,23.53,11.8867,0,0,0
2004-04-23,23.5,23.5,23.5,23.5,11.8715,0,0,0
2004-04-26,23.45,23.45,23.45,23.45,11.8463,0,0,0
2004-04-27,23.49,23.49,23.49,23.49,11.8665,0,0,0
2004-04-28,23.16,23.16,23.16,23.16,11.6998,0,0,0
2004-04-29,22.99,22.99,22.99,22.99,11.6139,0,0,0
2004-04-30,22.88,22.88,22.88,22.88,11.5583,0,0,0
2004-05-03,23.03,23.03,23.03,23.03,11.6341,0,0,0
2004-05-04,23.12,23.12,23.12,23.12,11.6796,0,0,0
2004-05-05,23.18,23.18,23.18,23.18,11.7099,0,0,0
2004-05-06,22.97,22.97,22.97,22.97,11.6038,0,0,0
2004-05-07,22.61,22.61,22.61,22.61,11.4219,0,0,0
2004-05-10,22.3,22.3,22.3,22.3,11.2653,0,0,0
2004-05-11,22.49,22.49,22.49,22.49,11.3613,0,0,0
2004-05-12,22.54,22.54,22.54,22.54,11.3866,0,0,0
2004-05-13,22.48,22.48,22.48,22.48,11.3563,0,0,0
2004-05-14,22.46,22.46,22.46,22.46,11.3462,0,0,0
2004-05-17,22.27,22.27,22.27,22.27,11.2502,0,0,0
2004-05-18,22.41,22.41,22.41,22.41,11.3209,0,0,0
2004-05-19,22.42,22.42,22.42,22.42,11.326,0,0,0
2004-05-20,22.43,22.43,22.43,22.43,11.331,0,0,0
2004-05-21,22.52,22.52,22.52,22.52,11.3765,0,0,0
2004-05-24,22.6,22.6,22.6,22.6,11.4169,0,0,0
2004-05-25,22.91,22.91,22.91,22.91,11.5735,0,0,0
2004-05-26,22.97,22.97,22.97,22.97,11.6038,0,0,0
2004-05-27,23.13,23.13,23.13,23.13,11.6846,0,0,0
2004-05-28,23.11,23.11,23.11,23.11,11.6745,0,0,0
2004-06-01,23.11,23.11,23.11,23.11,11.6745,0,0,0
2004-06-02,23.17,23.17,23.17,23.17,11.7048,0,0,0
2004-06-03,23,23,23,23,11.619,0,0,0
2004-06-04,23.07,23.07,23.07,23.07,11.6543,0,0,0
2004-06-07,23.47,23.47,23.47,23.47,11.8564,0,0,0
2004-06-08,23.47,23.47,23.47,23.47,11.8564,0,0,0
2004-06-09,23.23,23.23,23.23,23.23,11.7352,0,0,0
2004-06-10,23.33,23.33,23.33,23.33,11.7857,0,0,0
2004-06-14,23.07,23.07,23.07,23.07,11.6543,0,0,0
2004-06-15,23.28,23.28,23.28,23.28,11.7604,0,0,0
2004-06-16,23.29,23.29,23.29,23.29,11.7655,0,0,0
2004-06-17,23.29,23.29,23.29,23.29,11.7655,0,0,0
2004-06-18,23.34,23.34,23.34,23.34,11.7907,0,0,0
2004-06-21,23.28,23.28,23.28,23.28,11.7604,0,0,0
2004-06-22,23.32,23.32,23.32,23.32,11.7806,0,0,0
2004-06-23,23.49,23.49,23.49,23.49,11.8665,0,0,0
2004-06-24,23.49,23.49,23.49,23.49,11.8665,0,0,0
2004-06-25,23.43,23.43,23.43,23.43,11.8362,0,0,0
2004-06-28,23.42,23.42,23.42,23.42,11.8311,0,0,0
2004-06-29,23.46,23.46,23.46,23.46,11.8513,0,0,0
2004-06-30,23.56,23.56,23.56,23.56,11.9019,0,0,0
2004-07-01,23.37,23.37,23.37,23.37,11.8059,0,0,0
2004-07-02,23.36,23.36,23.36,23.36,11.8008,0,0,0
2004-07-06,23.16,23.16,23.16,23.16,11.6998,0,0,0
2004-07-07,23.22,23.22,23.22,23.22,11.7301,0,0,0
2004-07-08,23.05,23.05,23.05,23.05,11.6442,0,0,0
2004-07-09,23.13,23.13,23.13,23.13,11.6846,0,0,0
2004-07-12,23.14,23.14,23.14,23.14,11.6897,0,0,0
2004-07-13,23.15,23.15,23.15,23.15,11.6947,0,0,0
2004-07-14,23.07,23.07,23.07,23.07,11.6543,0,0,0
2004-07-15,22.99,22.99,22.99,22.99,11.6139,0,0,0
2004-07-16,22.95,22.95,22.95,22.95,11.5937,0,0,0
2004-07-19,22.93,22.93,22.93,22.93,11.5836,0,0,0
2004-07-20,23.04,23.04,23.04,23.04,11.6392,0,0,0
2004-07-21,22.75,22.75,22.75,22.75,11.4927,0,0,0
2004-07-22,22.78,22.78,22.78,22.78,11.5078,0,0,0
2004-07-23,22.57,22.57,22.57,22.57,11.4017,0,0,0
2004-07-26,22.49,22.49,22.49,22.49,11.3613,0,0,0
2004-07-27,22.65,22.65,22.65,22.65,11.4422,0,0,0
2004-07-28,22.65,22.65,22.65,22.65,11.4422,0,0,0
2004-07-29,22.77,22.77,22.77,22.77,11.5028,0,0,0
2004-07-30,22.82,22.82,22.82,22.82,11.528,0,0,0
2004-08-02,22.9,22.9,22.9,22.9,11.5684,0,0,0
2004-08-03,22.79,22.79,22.79,22.79,11.5129,0,0,0
2004-08-04,22.74,22.74,22.74,22.74,11.4876,0,0,0
2004-08-05,22.45,22.45,22.45,22.45,11.3411,0,0,0
2004-08-06,22.24,22.24,22.24,22.24,11.235,0,0,0
2004-08-09,22.23,22.23,22.23,22.23,11.23,0,0,0
2004-08-10,22.45,22.45,22.45,22.45,11.3411,0,0,0
2004-08-11,22.4,22.4,22.4,22.4,11.3159,0,0,0
2004-08-12,22.2,22.2,22.2,22.2,11.2148,0,0,0
2004-08-13,22.23,22.23,22.23,22.23,11.23,0,0,0
2004-08-16,22.48,22.48,22.48,22.48,11.3563,0,0,0
2004-08-17,22.53,22.53,22.53,22.53,11.3815,0,0,0
2004-08-18,22.76,22.76,22.76,22.76,11.4977,0,0,0
2004-08-19,22.7,22.7,22.7,22.7,11.4674,0,0,0
2004-08-20,22.84,22.84,22.84,22.84,11.5381,0,0,0
2004-08-23,22.77,22.77,22.77,22.77,11.5028,0,0,0
2004-08-24,22.77,22.77,22.77,22.77,11.5028,0,0,0
2004-08-25,22.93,22.93,22.93,22.93,11.5836,0,0,0
2004-08-26,22.95,22.95,22.95,22.95,11.5937,0,0,0
2004-08-27,23,23,23,23,11.619,0,0,0
2004-08-30,22.87,22.87,22.87,22.87,11.5533,0,0,0
2004-08-31,22.97,22.97,22.97,22.97,11.6038,0,0,0
2004-09-01,23.04,23.04,23.04,23.04,11.6392,0,0,0
2004-09-02,23.24,23.24,23.24,23.24,11.7402,0,0,0
2004-09-03,23.12,23.12,23.12,23.12,11.6796,0,0,0
2004-09-07,23.28,23.28,23.28,23.28,11.7604,0,0,0
2004-09-08,23.23,23.23,23.23,23.23,11.7352,0,0,0
2004-09-09,23.25,23.25,23.25,23.25,11.7453,0,0,0
2004-09-10,23.36,23.36,23.36,23.36,11.8008,0,0,0
2004-09-13,23.43,23.43,23.43,23.43,11.8362,0,0,0
2004-09-14,23.47,23.47,23.47,23.47,11.8564,0,0,0
2004-09-15,23.32,23.32,23.32,23.32,11.7806,0,0,0
2004-09-16,23.41,23.41,23.41,23.41,11.8261,0,0,0
2004-09-17,23.47,23.47,23.47,23.47,11.8564,0,0,0
2004-09-20,23.39,23.39,23.39,23.39,11.816,0,0,0
2004-09-21,23.55,23.55,23.55,23.55,11.8968,0,0,0
2004-09-22,23.28,23.28,23.28,23.28,11.7604,0,0,0
2004-09-23,23.2,23.2,23.2,23.2,11.72,0,0,0
2004-09-24,23.22,23.22,23.22,23.22,11.7301,0,0,0
2004-09-27,23.1,23.1,23.1,23.1,11.6695,0,0,0
2004-09-28,23.23,23.23,23.23,23.23,11.7352,0,0,0
2004-09-29,23.23,23.23,23.23,23.23,11.7352,0,0,0
2004-09-30,23.34,23.34,23.34,23.34,11.7907,0,0,0
2004-10-01,23.64,23.64,23.64,23.64,11.9423,0,0,0
2004-10-04,23.71,23.71,23.71,23.71,11.9776,0,0,0
2004-10-05,23.7,23.7,23.7,23.7,11.9726,0,0,0
2004-10-06,23.81,23.81,23.81,23.81,12.0282,0,0,0
2004-10-07,23.62,23.62,23.62,23.62,11.9322,0,0,0
2004-10-08,23.53,23.53,23.53,23.53,11.8867,0,0,0
2004-10-11,23.56,23.56,23.56,23.56,11.9019,0,0,0
2004-10-12,23.49,23.49,23.49,23.49,11.8665,0,0,0
2004-10-13,23.36,23.36,23.36,23.36,11.8008,0,0,0
2004-10-14,23.22,23.22,23.22,23.22,11.7301,0,0,0
2004-10-15,23.31,23.31,23.31,23.31,11.7756,0,0,0
2004-10-18,23.4,23.4,23.4,23.4,11.821,0,0,0
2004-10-19,23.26,23.26,23.26,23.26,11.7503,0,0,0
2004-10-20,23.29,23.29,23.29,23.29,11.7655,0,0,0
2004-10-21,23.38,23.38,23.38,23.38,11.8109,0,0,0
2004-10-22,23.2,23.2,23.2,23.2,11.72,0,0,0
2004-10-25,23.2,23.2,23.2,23.2,11.72,0,0,0
2004-10-26,23.44,23.44,23.44,23.44,11.8412,0,0,0
2004-10-27,23.67,23.67,23.67,23.67,11.9574,0,0,0
2004-10-28,23.71,23.71,23.71,23.71,11.9776,0,0,0
2004-10-29,23.76,23.76,23.76,23.76,12.0029,0,0,0
2004-11-01,23.77,23.77,23.77,23.77,12.0079,0,0,0
2004-11-02,23.8,23.8,23.8,23.8,12.0231,0,0,0
2004-11-03,24.05,24.05,24.05,24.05,12.1494,0,0,0
2004-11-04,24.34,24.34,24.34,24.34,12.2959,0,0,0
2004-11-05,24.4,24.4,24.4,24.4,12.3262,0,0,0
2004-11-08,24.36,24.36,24.36,24.36,12.306,0,0,0
2004-11-09,24.36,24.36,24.36,24.36,12.306,0,0,0
2004-11-10,24.36,24.36,24.36,24.36,12.306,0,0,0
2004-11-11,24.55,24.55,24.55,24.55,12.402,0,0,0
2004-11-12,24.76,24.76,24.76,24.76,12.5081,0,0,0
2004-11-15,24.77,24.77,24.77,24.77,12.5131,0,0,0
2004-11-16,24.63,24.63,24.63,24.63,12.4424,0,0,0
2004-11-17,24.79,24.79,24.79,24.79,12.5232,0,0,0
2004-11-18,24.79,24.79,24.79,24.79,12.5232,0,0,0
2004-11-19,24.57,24.57,24.57,24.57,12.4121,0,0,0
2004-11-22,24.68,24.68,24.68,24.68,12.4677,0,0,0
2004-11-23,24.7,24.7,24.7,24.7,12.4778,0,0,0
2004-11-24,24.81,24.81,24.81,24.81,12.5333,0,0,0
2004-11-26,24.87,24.87,24.87,24.87,12.5636,0,0,0
2004-11-29,24.82,24.82,24.82,24.82,12.5384,0,0,0
2004-11-30,24.74,24.74,24.74,24.74,12.498,0,0,0
2004-12-01,25.05,25.05,25.05,25.05,12.6546,0,0,0
2004-12-02,25.02,25.02,25.02,25.02,12.6394,0,0,0
2004-12-03,25.09,25.09,25.09,25.09,12.6748,0,0,0
2004-12-06,25.06,25.06,25.06,25.06,12.6596,0,0,0
2004-12-07,24.84,24.84,24.84,24.84,12.5485,0,0,0
2004-12-08,24.92,24.92,24.92,24.92,12.5889,0,0,0
2004-12-09,24.98,24.98,24.98,24.98,12.6192,0,0,0
2004-12-10,24.94,24.94,24.94,24.94,12.599,0,0,0
2004-12-13,25.15,25.15,25.15,25.15,12.7051,0,0,0
2004-12-14,25.24,25.24,25.24,25.24,12.7506,0,0,0
2004-12-15,25.33,25.33,25.33,25.33,12.796,0,0,0
2004-12-16,25.24,25.24,25.24,25.24,12.7506,0,0,0
2004-12-17,25.13,25.13,25.13,25.13,12.695,0,0,0
2004-12-20,25.16,25.16,25.16,25.16,12.7101,0,0,0
2004-12-21,25.34,25.34,25.34,25.34,12.8011,0,0,0
2004-12-22,25.42,25.42,25.42,25.42,12.8415,0,0,0
2004-12-23,25.46,25.46,25.46,25.46,12.8617,0,0,0
2004-12-27,25.4,25.4,25.4,25.4,12.8314,0,0,0
2004-12-28,25.57,25.57,25.57,25.57,12.9173,0,0,0
2004-12-29,25.56,25.56,25.56,25.56,13.1174,0,0.4,0
2004-12-30,25.19,25.19,25.19,25.19,12.9275,0,0,0
2004-12-31,25.17,25.17,25.17,25.17,12.9173,0,0,0
2005-01-03,24.98,24.98,24.98,24.98,12.8197,0,0,0
2005-01-04,24.67,24.67,24.67,24.67,12.6607,0,0,0
2005-01-05,24.57,24.57,24.57,24.57,12.6093,0,0,0
2005-01-06,24.63,24.63,24.63,24.63,12.6401,0,0,0
2005-01-07,24.58,24.58,24.58,24.58,12.6145,0,0,0
2005-01-10,24.66,24.66,24.66,24.66,12.6555,0,0,0
2005-01-11,24.55,24.55,24.55,24.55,12.5991,0,0,0
2005-01-12,24.64,24.64,24.64,24.64,12.6453,0,0,0
2005-01-13,24.5,24.5,24.5,24.5,12.5734,0,0,0
2005-01-14,24.61,24.61,24.61,24.61,12.6299,0,0,0
2005-01-18,24.78,24.78,24.78,24.78,12.7171,0,0,0
2005-01-19,24.61,24.61,24.61,24.61,12.6299,0,0,0
2005-01-20,24.44,24.44,24.44,24.44,12.5426,0,0,0
2005-01-21,24.38,24.38,24.38,24.38,12.5118,0,0,0
2005-01-24,24.3,24.3,24.3,24.3,12.4708,0,0,0
2005-01-25,24.34,24.34,24.34,24.34,12.4913,0,0,0
2005-01-26,24.49,24.49,24.49,24.49,12.5683,0,0,0
2005-01-27,24.5,24.5,24.5,24.5,12.5734,0,0,0
2005-01-28,24.45,24.45,24.45,24.45,12.5478,0,0,0
2005-01-31,24.64,24.64,24.64,24.64,12.6453,0,0,0
2005-02-01,24.78,24.78,24.78,24.78,12.7171,0,0,0
2005-02-02,24.85,24.85,24.85,24.85,12.753,0,0,0
2005-02-03,24.78,24.78,24.78,24.78,12.7171,0,0,0
2005-02-04,25.01,25.01,25.01,25.01,12.8351,0,0,0
2005-02-07,24.97,24.97,24.97,24.97,12.8146,0,0,0
2005-02-08,24.99,24.99,24.99,24.99,12.8249,0,0,0
2005-02-09,24.83,24.83,24.83,24.83,12.7428,0,0,0
2005-02-10,24.91,24.91,24.91,24.91,12.7838,0,0,0
2005-02-11,25.08,25.08,25.08,25.08,12.8711,0,0,0
2005-02-14,25.12,25.12,25.12,25.12,12.8916,0,0,0
2005-02-15,25.19,25.19,25.19,25.19,12.9275,0,0,0
2005-02-16,25.19,25.19,25.19,25.19,12.9275,0,0,0
2005-02-17,25.05,25.05,25.05,25.05,12.8557,0,0,0
2005-02-18,25.06,25.06,25.06,25.06,12.8608,0,0,0
2005-02-22,24.79,24.79,24.79,24.79,12.7222,0,0,0
2005-02-23,24.88,24.88,24.88,24.88,12.7684,0,0,0
2005-02-24,25.03,25.03,25.03,25.03,12.8454,0,0,0
2005-02-25,25.25,25.25,25.25,25.25,12.9583,0,0,0
2005-02-28,25.13,25.13,25.13,25.13,12.8967,0,0,0
2005-03-01,25.24,25.24,25.24,25.24,12.9532,0,0,0
2005-03-02,25.23,25.23,25.23,25.23,12.948,0,0,0
2005-03-03,25.23,25.23,25.23,25.23,12.948,0,0,0
2005-03-04,25.46,25.46,25.46,25.46,13.0661,0,0,0
2005-03-07,25.51,25.51,25.51,25.51,13.0917,0,0,0
2005-03-08,25.42,25.42,25.42,25.42,13.0456,0,0,0
2005-03-09,25.21,25.21,25.21,25.21,12.9378,0,0,0
2005-03-10,25.22,25.22,25.22,25.22,12.9429,0,0,0
2005-03-11,25.11,25.11,25.11,25.11,12.8865,0,0,0
2005-03-14,25.2,25.2,25.2,25.2,12.9327,0,0,0
2005-03-15,25.07,25.07,25.07,25.07,12.8659,0,0,0
2005-03-16,24.92,24.92,24.92,24.92,12.789,0,0,0
2005-03-17,24.96,24.96,24.96,24.96,12.8095,0,0,0
2005-03-18,24.93,24.93,24.93,24.93,12.7941,0,0,0
2005-03-21,24.82,24.82,24.82,24.82,12.7376,0,0,0
2005-03-22,24.61,24.61,24.61,24.61,12.6299,0,0,0
2005-03-23,24.56,24.56,24.56,24.56,12.6042,0,0,0
2005-03-24,24.56,24.56,24.56,24.56,12.6042,0,0,0
2005-03-28,24.58,24.58,24.58,24.58,12.6145,0,0,0
2005-03-29,24.4,24.4,24.4,24.4,12.5221,0,0,0
2005-03-30,24.67,24.67,24.67,24.67,12.6607,0,0,0
2005-03-31,24.7,24.7,24.7,24.7,12.6761,0,0,0
2005-04-01,24.6,24.6,24.6,24.6,12.6247,0,0,0
2005-04-04,24.62,24.62,24.62,24.62,12.635,0,0,0
2005-04-05,24.72,24.72,24.72,24.72,12.6863,0,0,0
2005-04-06,24.77,24.77,24.77,24.77,12.712,0,0,0
2005-04-07,24.88,24.88,24.88,24.88,12.7684,0,0,0
2005-04-08,24.73,24.73,24.73,24.73,12.6966,0,0.01,0
2005-04-11,24.73,24.73,24.73,24.73,12.6966,0,0,0
2005-04-12,24.85,24.85,24.85,24.85,12.7582,0,0,0
2005-04-13,24.61,24.61,24.61,24.61,12.6349,0,0,0
2005-04-14,24.39,24.39,24.39,24.39,12.522,0,0,0
2005-04-15,24.06,24.06,24.06,24.06,12.3526,0,0,0
2005-04-18,24.1,24.1,24.1,24.1,12.3731,0,0,0
2005-04-19,24.29,24.29,24.29,24.29,12.4707,0,0,0
2005-04-20,24.02,24.02,24.02,24.02,12.332,0,0,0
2005-04-21,24.39,24.39,24.39,24.39,12.522,0,0,0
2005-04-22,24.26,24.26,24.26,24.26,12.4552,0,0,0
2005-04-25,24.42,24.42,24.42,24.42,12.5374,0,0,0
2005-04-26,24.24,24.24,24.24,24.24,12.445,0,0,0
2005-04-27,24.27,24.27,24.27,24.27,12.4604,0,0,0
2005-04-28,24.05,24.05,24.05,24.05,12.3474,0,0,0
2005-04-29,24.27,24.27,24.27,24.27,12.4604,0,0,0
2005-05-02,24.36,24.36,24.36,24.36,12.5066,0,0,0
2005-05-03,24.35,24.35,24.35,24.35,12.5015,0,0,0
2005-05-04,24.61,24.61,24.61,24.61,12.6349,0,0,0
2005-05-05,24.6,24.6,24.6,24.6,12.6298,0,0,0
2005-05-06,24.56,24.56,24.56,24.56,12.6093,0,0,0
2005-05-09,24.67,24.67,24.67,24.67,12.6657,0,0,0
2005-05-10,24.47,24.47,24.47,24.47,12.5631,0,0,0
2005-05-11,24.54,24.54,24.54,24.54,12.599,0,0,0
2005-05-12,24.33,24.33,24.33,24.33,12.4912,0,0,0
2005-05-13,24.23,24.23,24.23,24.23,12.4398,0,0,0
2005-05-16,24.41,24.41,24.41,24.41,12.5323,0,0,0
2005-05-17,24.53,24.53,24.53,24.53,12.5939,0,0,0
2005-05-18,24.77,24.77,24.77,24.77,12.7171,0,0,0
2005-05-19,24.85,24.85,24.85,24.85,12.7582,0,0,0
2005-05-20,24.82,24.82,24.82,24.82,12.7428,0,0,0
2005-05-23,24.93,24.93,24.93,24.93,12.7992,0,0,0
2005-05-24,24.94,24.94,24.94,24.94,12.8044,0,0,0
2005-05-25,24.86,24.86,24.86,24.86,12.7633,0,0,0
2005-05-26,24.95,24.95,24.95,24.95,12.8095,0,0,0
2005-05-27,25.04,25.04,25.04,25.04,12.8557,0,0,0
2005-05-31,24.92,24.92,24.92,24.92,12.7941,0,0,0
2005-06-01,25.12,25.12,25.12,25.12,12.8968,0,0,0
2005-06-02,25.18,25.18,25.18,25.18,12.9276,0,0,0
2005-06-03,25.04,25.04,25.04,25.04,12.8557,0,0,0
2005-06-06,25.09,25.09,25.09,25.09,12.8814,0,0,0
2005-06-07,25.12,25.12,25.12,25.12,12.8968,0,0,0
2005-06-08,25.06,25.06,25.06,25.06,12.866,0,0,0
2005-06-09,25.16,25.16,25.16,25.16,12.9173,0,0,0
2005-06-10,25.09,25.09,25.09,25.09,12.8814,0,0,0
2005-06-13,25.14,25.14,25.14,25.14,12.907,0,0,0
2005-06-14,25.19,25.19,25.19,25.19,12.9327,0,0,0
2005-06-15,25.25,25.25,25.25,25.25,12.9635,0,0,0
2005-06-16,25.35,25.35,25.35,25.35,13.0149,0,0,0
2005-06-17,25.48,25.48,25.48,25.48,13.0816,0,0,0
2005-06-20,25.43,25.43,25.43,25.43,13.0559,0,0,0
2005-06-21,25.42,25.42,25.42,25.42,13.0508,0,0,0
2005-06-22,25.45,25.45,25.45,25.45,13.0662,0,0,0
2005-06-23,25.22,25.22,25.22,25.22,12.9481,0,0,0
2005-06-24,25.1,25.1,25.1,25.1,12.8865,0,0,0
2005-06-27,25.08,25.08,25.08,25.08,12.8762,0,0,0
2005-06-28,25.26,25.26,25.26,25.26,12.9687,0,0,0
2005-06-29,25.25,25.25,25.25,25.25,12.9635,0,0,0
2005-06-30,25.14,25.14,25.14,25.14,12.907,0,0,0
2005-07-01,25.18,25.18,25.18,25.18,12.9276,0,0,0
2005-07-05,25.33,25.33,25.33,25.33,13.0046,0,0,0
2005-07-06,25.21,25.21,25.21,25.21,12.943,0,0,0
2005-07-07,25.22,25.22,25.22,25.22,12.9481,0,0,0
2005-07-08,25.47,25.47,25.47,25.47,13.0765,0,0,0
2005-07-11,25.64,25.64,25.64,25.64,13.1637,0,0,0
2005-07-12,25.71,25.71,25.71,25.71,13.1997,0,0,0
2005-07-13,25.69,25.69,25.69,25.69,13.1894,0,0,0
2005-07-14,25.71,25.71,25.71,25.71,13.1997,0,0,0
2005-07-15,25.73,25.73,25.73,25.73,13.21,0,0,0
2005-07-18,25.62,25.62,25.62,25.62,13.1535,0,0,0
2005-07-19,25.77,25.77,25.77,25.77,13.2305,0,0,0
2005-07-20,25.9,25.9,25.9,25.9,13.2972,0,0,0
2005-07-21,25.77,25.77,25.77,25.77,13.2305,0,0,0
2005-07-22,25.87,25.87,25.87,25.87,13.2818,0,0,0
2005-07-25,25.79,25.79,25.79,25.79,13.2408,0,0,0
2005-07-26,25.82,25.82,25.82,25.82,13.2562,0,0,0
2005-07-27,25.92,25.92,25.92,25.92,13.3075,0,0,0
2005-07-28,26.09,26.09,26.09,26.09,13.3948,0,0,0
2005-07-29,25.95,25.95,25.95,25.95,13.3229,0,0,0
2005-08-01,26,26,26,26,13.3486,0,0,0
2005-08-02,26.15,26.15,26.15,26.15,13.4256,0,0,0
2005-08-03,26.19,26.19,26.19,26.19,13.4461,0,0,0
2005-08-04,26.01,26.01,26.01,26.01,13.3537,0,0,0
2005-08-05,25.82,25.82,25.82,25.82,13.2562,0,0,0
2005-08-08,25.76,25.76,25.76,25.76,13.2254,0,0,0
2005-08-09,25.91,25.91,25.91,25.91,13.3024,0,0,0
2005-08-10,25.94,25.94,25.94,25.94,13.3178,0,0,0
2005-08-11,26.13,26.13,26.13,26.13,13.4153,0,0,0
2005-08-12,26.02,26.02,26.02,26.02,13.3588,0,0,0
2005-08-15,26.07,26.07,26.07,26.07,13.3845,0,0,0
2005-08-16,25.84,25.84,25.84,25.84,13.2664,0,0,0
2005-08-17,25.82,25.82,25.82,25.82,13.2562,0,0,0
2005-08-18,25.76,25.76,25.76,25.76,13.2254,0,0,0
2005-08-19,25.8,25.8,25.8,25.8,13.2459,0,0,0
2005-08-22,25.88,25.88,25.88,25.88,13.287,0,0,0
2005-08-23,25.81,25.81,25.81,25.81,13.251,0,0,0
2005-08-24,25.7,25.7,25.7,25.7,13.1946,0,0,0
2005-08-25,25.74,25.74,25.74,25.74,13.2151,0,0,0
2005-08-26,25.6,25.6,25.6,25.6,13.1432,0,0,0
2005-08-29,25.71,25.71,25.71,25.71,13.1997,0,0,0
2005-08-30,25.66,25.66,25.66,25.66,13.174,0,0,0
2005-08-31,25.94,25.94,25.94,25.94,13.3178,0,0,0
2005-09-01,26.03,26.03,26.03,26.03,13.364,0,0,0
2005-09-02,25.98,25.98,25.98,25.98,13.3383,0,0,0
2005-09-06,26.24,26.24,26.24,26.24,13.4718,0,0,0
2005-09-07,26.27,26.27,26.27,26.27,13.4872,0,0,0
2005-09-08,26.18,26.18,26.18,26.18,13.441,0,0,0
2005-09-09,26.37,26.37,26.37,26.37,13.5385,0,0,0
2005-09-12,26.33,26.33,26.33,26.33,13.518,0,0,0
2005-09-13,26.18,26.18,26.18,26.18,13.441,0,0,0
2005-09-14,26.11,26.11,26.11,26.11,13.4051,0,0,0
2005-09-15,26.11,26.11,26.11,26.11,13.4051,0,0,0
2005-09-16,26.27,26.27,26.27,26.27,13.4872,0,0,0
2005-09-19,26.15,26.15,26.15,26.15,13.4256,0,0,0
2005-09-20,26.01,26.01,26.01,26.01,13.3537,0,0,0
2005-09-21,25.84,25.84,25.84,25.84,13.2664,0,0,0
2005-09-22,25.87,25.87,25.87,25.87,13.2818,0,0,0
2005-09-23,25.88,25.88,25.88,25.88,13.287,0,0,0
2005-09-26,25.95,25.95,25.95,25.95,13.3229,0,0,0
2005-09-27,25.92,25.92,25.92,25.92,13.3075,0,0,0
2005-09-28,25.99,25.99,25.99,25.99,13.3434,0,0,0
2005-09-29,26.18,26.18,26.18,26.18,13.441,0,0,0
2005-09-30,26.19,26.19,26.19,26.19,13.4461,0,0,0
2005-10-03,26.17,26.17,26.17,26.17,13.4359,0,0,0
2005-10-04,25.99,25.99,25.99,25.99,13.3434,0,0,0
2005-10-05,25.65,25.65,25.65,25.65,13.1689,0,0,0
2005-10-06,25.53,25.53,25.53,25.53,13.1073,0,0,0
2005-10-07,25.61,25.61,25.61,25.61,13.1483,0,0,0
2005-10-10,25.47,25.47,25.47,25.47,13.0765,0,0,0
2005-10-11,25.42,25.42,25.42,25.42,13.0508,0,0,0
2005-10-12,25.25,25.25,25.25,25.25,12.9635,0,0,0
2005-10-13,25.2,25.2,25.2,25.2,12.9379,0,0,0
2005-10-14,25.4,25.4,25.4,25.4,13.0405,0,0,0
2005-10-17,25.42,25.42,25.42,25.42,13.0508,0,0,0
2005-10-18,25.2,25.2,25.2,25.2,12.9379,0,0,0
2005-10-19,25.47,25.47,25.47,25.47,13.0765,0,0,0
2005-10-20,25.14,25.14,25.14,25.14,12.907,0,0,0
2005-10-21,25.22,25.22,25.22,25.22,12.9481,0,0,0
2005-10-24,25.57,25.57,25.57,25.57,13.1278,0,0,0
2005-10-25,25.53,25.53,25.53,25.53,13.1073,0,0,0
2005-10-26,25.43,25.43,25.43,25.43,13.0559,0,0,0
2005-10-27,25.21,25.21,25.21,25.21,12.943,0,0,0
2005-10-28,25.51,25.51,25.51,25.51,13.097,0,0,0
2005-10-31,25.72,25.72,25.72,25.72,13.2048,0,0,0
2005-11-01,25.68,25.68,25.68,25.68,13.1843,0,0,0
2005-11-02,25.92,25.92,25.92,25.92,13.3075,0,0,0
2005-11-03,26.01,26.01,26.01,26.01,13.3537,0,0,0
2005-11-04,25.96,25.96,25.96,25.96,13.328,0,0,0
2005-11-07,26.02,26.02,26.02,26.02,13.3588,0,0,0
2005-11-08,25.97,25.97,25.97,25.97,13.3332,0,0,0
2005-11-09,25.99,25.99,25.99,25.99,13.3434,0,0,0
2005-11-10,26.12,26.12,26.12,26.12,13.4102,0,0,0
2005-11-11,26.22,26.22,26.22,26.22,13.4615,0,0,0
2005-11-14,26.17,26.17,26.17,26.17,13.4359,0,0,0
2005-11-15,26.08,26.08,26.08,26.08,13.3897,0,0,0
2005-11-16,26.11,26.11,26.11,26.11,13.4051,0,0,0
2005-11-17,26.37,26.37,26.37,26.37,13.5385,0,0,0
2005-11-18,26.47,26.47,26.47,26.47,13.5899,0,0,0
2005-11-21,26.6,26.6,26.6,26.6,13.6566,0,0,0
2005-11-22,26.72,26.72,26.72,26.72,13.7182,0,0,0
2005-11-23,26.8,26.8,26.8,26.8,13.7593,0,0,0
2005-11-25,26.81,26.81,26.81,26.81,13.7644,0,0,0
2005-11-28,26.65,26.65,26.65,26.65,13.6823,0,0,0
2005-11-29,26.64,26.64,26.64,26.64,13.6772,0,0,0
2005-11-30,26.53,26.53,26.53,26.53,13.6207,0,0,0
2005-12-01,26.83,26.83,26.83,26.83,13.7747,0,0,0
2005-12-02,26.86,26.86,26.86,26.86,13.7901,0,0,0
2005-12-05,26.81,26.81,26.81,26.81,13.7644,0,0,0
2005-12-06,26.86,26.86,26.86,26.86,13.7901,0,0,0
2005-12-07,26.75,26.75,26.75,26.75,13.7336,0,0,0
2005-12-08,26.76,26.76,26.76,26.76,13.7388,0,0,0
2005-12-09,26.83,26.83,26.83,26.83,13.7747,0,0,0
2005-12-12,26.9,26.9,26.9,26.9,13.8106,0,0,0
2005-12-13,27,27,27,27,13.862,0,0,0
2005-12-14,27.09,27.09,27.09,27.09,13.9082,0,0,0
2005-12-15,27.02,27.02,27.02,27.02,13.8723,0,0,0
2005-12-16,27,27,27,27,13.862,0,0,0
2005-12-19,26.87,26.87,26.87,26.87,13.7952,0,0,0
2005-12-20,26.85,26.85,26.85,26.85,13.785,0,0,0
2005-12-21,26.94,26.94,26.94,26.94,13.8312,0,0,0
2005-12-22,27.06,27.06,27.06,27.06,13.8928,0,0,0
2005-12-23,27.09,27.09,27.09,27.09,13.9082,0,0,0
2005-12-27,26.88,26.88,26.88,26.88,13.8004,0,0,0
2005-12-28,26.94,26.94,26.94,26.94,13.8312,0,0,0
2005-12-29,26.46,26.46,26.46,26.46,13.8155,0,0.45,0
2005-12-30,26.34,26.34,26.34,26.34,13.7529,0,0,0
2006-01-03,26.75,26.75,26.75,26.75,13.9669,0,0,0
2006-01-04,26.91,26.91,26.91,26.91,14.0505,0,0,0
2006-01-05,26.9,26.9,26.9,26.9,14.0452,0,0,0
2006-01-06,27.14,27.14,27.14,27.14,14.1706,0,0,0
2006-01-09,27.22,27.22,27.22,27.22,14.2123,0,0,0
2006-01-10,27.19,27.19,27.19,27.19,14.1967,0,0,0
2006-01-11,27.28,27.28,27.28,27.28,14.2437,0,0,0
2006-01-12,27.15,27.15,27.15,27.15,14.1758,0,0,0
2006-01-13,27.19,27.19,27.19,27.19,14.1967,0,0,0
2006-01-17,27.08,27.08,27.08,27.08,14.1392,0,0,0
2006-01-18,26.95,26.95,26.95,26.95,14.0714,0,0,0
2006-01-19,27.12,27.12,27.12,27.12,14.1601,0,0,0
2006-01-20,26.74,26.74,26.74,26.74,13.9617,0,0,0
2006-01-23,26.84,26.84,26.84,26.84,14.0139,0,0,0
2006-01-24,26.91,26.91,26.91,26.91,14.0505,0,0,0
2006-01-25,26.88,26.88,26.88,26.88,14.0348,0,0,0
2006-01-26,27.07,27.07,27.07,27.07,14.134,0,0,0
2006-01-27,27.24,27.24,27.24,27.24,14.2228,0,0,0
2006-01-30,27.25,27.25,27.25,27.25,14.228,0,0,0
2006-01-31,27.23,27.23,27.23,27.23,14.2176,0,0,0
2006-02-01,27.25,27.25,27.25,27.25,14.228,0,0,0
2006-02-02,27.04,27.04,27.04,27.04,14.1184,0,0,0
2006-02-03,26.94,26.94,26.94,26.94,14.0661,0,0,0
2006-02-06,26.96,26.96,26.96,26.96,14.0766,0,0,0
2006-02-07,26.77,26.77,26.77,26.77,13.9774,0,0,0
2006-02-08,26.9,26.9,26.9,26.9,14.0452,0,0,0
2006-02-09,26.89,26.89,26.89,26.89,14.04,0,0,0
2006-02-10,26.89,26.89,26.89,26.89,14.04,0,0,0
2006-02-13,26.8,26.8,26.8,26.8,13.993,0,0,0
2006-02-14,27.01,27.01,27.01,27.01,14.1027,0,0,0
2006-02-15,27.06,27.06,27.06,27.06,14.1288,0,0,0
2006-02-16,27.24,27.24,27.24,27.24,14.2228,0,0,0
2006-02-17,27.22,27.22,27.22,27.22,14.2123,0,0,0
2006-02-21,27.16,27.16,27.16,27.16,14.181,0,0,0
2006-02-22,27.34,27.34,27.34,27.34,14.275,0,0,0
2006-02-23,27.29,27.29,27.29,27.29,14.2489,0,0,0
2006-02-24,27.34,27.34,27.34,27.34,14.275,0,0,0
2006-02-27,27.43,27.43,27.43,27.43,14.322,0,0,0
2006-02-28,27.21,27.21,27.21,27.21,14.2071,0,0,0
2006-03-01,27.41,27.41,27.41,27.41,14.3115,0,0,0
2006-03-02,27.37,27.37,27.37,27.37,14.2907,0,0,0
2006-03-03,27.32,27.32,27.32,27.32,14.2645,0,0,0
2006-03-06,27.16,27.16,27.16,27.16,14.181,0,0,0
2006-03-07,27.04,27.04,27.04,27.04,14.1184,0,0,0
2006-03-08,27.07,27.07,27.07,27.07,14.134,0,0,0
2006-03-09,27.01,27.01,27.01,27.01,14.1027,0,0,0
2006-03-10,27.18,27.18,27.18,27.18,14.1914,0,0,0
2006-03-13,27.27,27.27,27.27,27.27,14.2384,0,0,0
2006-03-14,27.51,27.51,27.51,27.51,14.3637,0,0,0
2006-03-15,27.62,27.62,27.62,27.62,14.4212,0,0,0
2006-03-16,27.68,27.68,27.68,27.68,14.4525,0,0,0
2006-03-17,27.73,27.73,27.73,27.73,14.4786,0,0,0
2006-03-20,27.72,27.72,27.72,27.72,14.4734,0,0,0
2006-03-21,27.54,27.54,27.54,27.54,14.3794,0,0,0
2006-03-22,27.7,27.7,27.7,27.7,14.463,0,0,0
2006-03-23,27.61,27.61,27.61,27.61,14.416,0,0,0
2006-03-24,27.7,27.7,27.7,27.7,14.463,0,0,0
2006-03-27,27.67,27.67,27.67,27.67,14.4473,0,0,0
2006-03-28,27.52,27.52,27.52,27.52,14.369,0,0,0
2006-03-29,27.73,27.73,27.73,27.73,14.4786,0,0,0
2006-03-30,27.74,27.74,27.74,27.74,14.4838,0,0,0
2006-03-31,27.67,27.67,27.67,27.67,14.4473,0,0,0
2006-04-03,27.72,27.72,27.72,27.72,14.4734,0,0,0
2006-04-04,27.86,27.86,27.86,27.86,14.5465,0,0,0
2006-04-05,27.98,27.98,27.98,27.98,14.6091,0,0,0
2006-04-06,27.96,27.96,27.96,27.96,14.5987,0,0,0
2006-04-07,27.42,27.42,27.42,27.42,14.4564,0,0.27,0
2006-04-10,27.43,27.43,27.43,27.43,14.4616,0,0,0
2006-04-11,27.25,27.25,27.25,27.25,14.3667,0,0,0
2006-04-12,27.25,27.25,27.25,27.25,14.3667,0,0,0
2006-04-13,27.27,27.27,27.27,27.27,14.3773,0,0,0
2006-04-17,27.26,27.26,27.26,27.26,14.372,0,0,0
2006-04-18,27.67,27.67,27.67,27.67,14.5882,0,0,0
2006-04-19,27.78,27.78,27.78,27.78,14.6462,0,0,0
2006-04-20,27.77,27.77,27.77,27.77,14.6409,0,0,0
2006-04-21,27.8,27.8,27.8,27.8,14.6567,0,0,0
2006-04-24,27.75,27.75,27.75,27.75,14.6303,0,0,0
2006-04-25,27.65,27.65,27.65,27.65,14.5776,0,0,0
2006-04-26,27.7,27.7,27.7,27.7,14.604,0,0,0
2006-04-27,27.77,27.77,27.77,27.77,14.6409,0,0,0
2006-04-28,27.81,27.81,27.81,27.81,14.662,0,0,0
2006-05-01,27.74,27.74,27.74,27.74,14.6251,0,0,0
2006-05-02,27.91,27.91,27.91,27.91,14.7147,0,0,0
2006-05-03,27.81,27.81,27.81,27.81,14.662,0,0,0
2006-05-04,27.93,27.93,27.93,27.93,14.7252,0,0,0
2006-05-05,28.2,28.2,28.2,28.2,14.8676,0,0,0
2006-05-08,28.2,28.2,28.2,28.2,14.8676,0,0,0
2006-05-09,28.23,28.23,28.23,28.23,14.8834,0,0,0
2006-05-10,28.19,28.19,28.19,28.19,14.8623,0,0,0
2006-05-11,27.88,27.88,27.88,27.88,14.6989,0,0,0
2006-05-12,27.57,27.57,27.57,27.57,14.5354,0,0,0
2006-05-15,27.53,27.53,27.53,27.53,14.5144,0,0,0
2006-05-16,27.51,27.51,27.51,27.51,14.5038,0,0,0
2006-05-17,27.05,27.05,27.05,27.05,14.2613,0,0,0
2006-05-18,26.93,26.93,26.93,26.93,14.198,0,0,0
2006-05-19,27.01,27.01,27.01,27.01,14.2402,0,0,0
2006-05-22,26.83,26.83,26.83,26.83,14.1453,0,0,0
2006-05-23,26.78,26.78,26.78,26.78,14.1189,0,0,0
2006-05-24,26.76,26.76,26.76,26.76,14.1084,0,0,0
2006-05-25,27.04,27.04,27.04,27.04,14.256,0,0,0
2006-05-26,27.2,27.2,27.2,27.2,14.3404,0,0,0
2006-05-30,26.82,26.82,26.82,26.82,14.14,0,0,0
2006-05-31,27.02,27.02,27.02,27.02,14.2455,0,0,0
2006-06-01,27.28,27.28,27.28,27.28,14.3826,0,0,0
2006-06-02,27.4,27.4,27.4,27.4,14.4458,0,0,0
2006-06-05,26.96,26.96,26.96,26.96,14.2138,0,0,0
2006-06-06,26.85,26.85,26.85,26.85,14.1558,0,0,0
2006-06-07,26.7,26.7,26.7,26.7,14.0768,0,0,0
2006-06-08,26.6,26.6,26.6,26.6,14.024,0,0,0
2006-06-09,26.55,26.55,26.55,26.55,13.9977,0,0,0
2006-06-12,26.23,26.23,26.23,26.23,13.829,0,0,0
2006-06-13,25.92,25.92,25.92,25.92,13.6655,0,0,0
2006-06-14,26.03,26.03,26.03,26.03,13.7235,0,0,0
2006-06-15,26.56,26.56,26.56,26.56,14.003,0,0,0
2006-06-16,26.46,26.46,26.46,26.46,13.9502,0,0,0
2006-06-19,26.26,26.26,26.26,26.26,13.8448,0,0,0
2006-06-20,26.26,26.26,26.26,26.26,13.8448,0,0,0
2006-06-21,26.5,26.5,26.5,26.5,13.9713,0,0,0
2006-06-22,26.4,26.4,26.4,26.4,13.9186,0,0,0
2006-06-23,26.39,26.39,26.39,26.39,13.9133,0,0,0
2006-06-26,26.51,26.51,26.51,26.51,13.9766,0,0,0
2006-06-27,26.29,26.29,26.29,26.29,13.8606,0,0,0
2006-06-28,26.4,26.4,26.4,26.4,13.9186,0,0,0
2006-06-29,26.96,26.96,26.96,26.96,14.2138,0,0,0
2006-06-30,27.05,27.05,27.05,27.05,14.2613,0,0,0
2006-07-03,27.23,27.23,27.23,27.23,14.3562,0,0,0
2006-07-05,26.99,26.99,26.99,26.99,14.2297,0,0,0
2006-07-06,27.08,27.08,27.08,27.08,14.2771,0,0,0
2006-07-07,26.95,26.95,26.95,26.95,14.2086,0,0,0
2006-07-10,26.98,26.98,26.98,26.98,14.2244,0,0,0
2006-07-11,27.06,27.06,27.06,27.06,14.2666,0,0,0
2006-07-12,26.79,26.79,26.79,26.79,14.1242,0,0,0
2006-07-13,26.47,26.47,26.47,26.47,13.9555,0,0,0
2006-07-14,26.31,26.31,26.31,26.31,13.8711,0,0,0
2006-07-17,26.22,26.22,26.22,26.22,13.8237,0,0,0
2006-07-18,26.22,26.22,26.22,26.22,13.8237,0,0,0
2006-07-19,26.7,26.7,26.7,26.7,14.0768,0,0,0
2006-07-20,26.51,26.51,26.51,26.51,13.9766,0,0,0
2006-07-21,26.33,26.33,26.33,26.33,13.8817,0,0,0
2006-07-24,26.72,26.72,26.72,26.72,14.0873,0,0,0
2006-07-25,26.85,26.85,26.85,26.85,14.1558,0,0,0
2006-07-26,26.87,26.87,26.87,26.87,14.1664,0,0,0
2006-07-27,26.82,26.82,26.82,26.82,14.14,0,0,0
2006-07-28,27.14,27.14,27.14,27.14,14.3087,0,0,0
2006-07-31,27.12,27.12,27.12,27.12,14.2982,0,0,0
2006-08-01,27,27,27,27,14.2349,0,0,0
2006-08-02,27.16,27.16,27.16,27.16,14.3193,0,0,0
2006-08-03,27.18,27.18,27.18,27.18,14.3298,0,0,0
2006-08-04,27.22,27.22,27.22,27.22,14.3509,0,0,0
2006-08-07,27.09,27.09,27.09,27.09,14.2824,0,0,0
2006-08-08,27.02,27.02,27.02,27.02,14.2455,0,0,0
2006-08-09,26.96,26.96,26.96,26.96,14.2138,0,0,0
2006-08-10,27.03,27.03,27.03,27.03,14.2507,0,0,0
2006-08-11,26.91,26.91,26.91,26.91,14.1875,0,0,0
2006-08-14,26.95,26.95,26.95,26.95,14.2086,0,0,0
2006-08-15,27.31,27.31,27.31,27.31,14.3984,0,0,0
2006-08-16,27.54,27.54,27.54,27.54,14.5196,0,0,0
2006-08-17,27.57,27.57,27.57,27.57,14.5354,0,0,0
2006-08-18,27.64,27.64,27.64,27.64,14.5723,0,0,0
2006-08-21,27.56,27.56,27.56,27.56,14.5302,0,0,0
2006-08-22,27.58,27.58,27.58,27.58,14.5407,0,0,0
2006-08-23,27.46,27.46,27.46,27.46,14.4774,0,0,0
2006-08-24,27.48,27.48,27.48,27.48,14.488,0,0,0
2006-08-25,27.47,27.47,27.47,27.47,14.4827,0,0,0
2006-08-28,27.59,27.59,27.59,27.59,14.546,0,0,0
2006-08-29,27.68,27.68,27.68,27.68,14.5934,0,0,0
2006-08-30,27.72,27.72,27.72,27.72,14.6145,0,0,0
2006-08-31,27.74,27.74,27.74,27.74,14.6251,0,0,0
2006-09-01,27.86,27.86,27.86,27.86,14.6883,0,0,0
2006-09-05,27.93,27.93,27.93,27.93,14.7252,0,0,0
2006-09-06,27.65,27.65,27.65,27.65,14.5776,0,0,0
2006-09-07,27.5,27.5,27.5,27.5,14.4985,0,0,0
2006-09-08,27.56,27.56,27.56,27.56,14.5302,0,0,0
2006-09-11,27.52,27.52,27.52,27.52,14.5091,0,0,0
2006-09-12,27.8,27.8,27.8,27.8,14.6567,0,0,0
2006-09-13,27.89,27.89,27.89,27.89,14.7042,0,0,0
2006-09-14,27.86,27.86,27.86,27.86,14.6883,0,0,0
2006-09-15,27.9,27.9,27.9,27.9,14.7094,0,0,0
2006-09-18,27.93,27.93,27.93,27.93,14.7252,0,0,0
2006-09-19,27.86,27.86,27.86,27.86,14.6883,0,0,0
2006-09-20,28,28,28,28,14.7621,0,0,0
2006-09-21,27.94,27.94,27.94,27.94,14.7305,0,0,0
2006-09-22,27.84,27.84,27.84,27.84,14.6778,0,0,0
2006-09-25,28.02,28.02,28.02,28.02,14.7727,0,0,0
2006-09-26,28.17,28.17,28.17,28.17,14.8518,0,0,0
2006-09-27,28.23,28.23,28.23,28.23,14.8834,0,0,0
2006-09-28,28.27,28.27,28.27,28.27,14.9045,0,0,0
2006-09-29,28.2,28.2,28.2,28.2,14.8676,0,0,0
2006-10-02,28.15,28.15,28.15,28.15,14.8412,0,0,0
2006-10-03,28.16,28.16,28.16,28.16,14.8465,0,0,0
2006-10-04,28.45,28.45,28.45,28.45,14.9994,0,0,0
2006-10-05,28.56,28.56,28.56,28.56,15.0574,0,0,0
2006-10-06,28.45,28.45,28.45,28.45,14.9994,0,0,0
2006-10-09,28.48,28.48,28.48,28.48,15.0152,0,0,0
2006-10-10,28.53,28.53,28.53,28.53,15.0416,0,0,0
2006-10-11,28.47,28.47,28.47,28.47,15.0099,0,0,0
2006-10-12,28.72,28.72,28.72,28.72,15.1417,0,0,0
2006-10-13,28.77,28.77,28.77,28.77,15.1681,0,0,0
2006-10-16,28.88,28.88,28.88,28.88,15.2261,0,0,0
2006-10-17,28.77,28.77,28.77,28.77,15.1681,0,0,0
2006-10-18,28.8,28.8,28.8,28.8,15.1839,0,0,0
2006-10-19,28.86,28.86,28.86,28.86,15.2156,0,0,0
2006-10-20,28.87,28.87,28.87,28.87,15.2208,0,0,0
2006-10-23,28.98,28.98,28.98,28.98,15.2788,0,0,0
2006-10-24,28.99,28.99,28.99,28.99,15.2841,0,0,0
2006-10-25,29.11,29.11,29.11,29.11,15.3474,0,0,0
2006-10-26,29.28,29.28,29.28,29.28,15.437,0,0,0
2006-10-27,29.08,29.08,29.08,29.08,15.3315,0,0,0
2006-10-30,29.09,29.09,29.09,29.09,15.3368,0,0,0
2006-10-31,29.11,29.11,29.11,29.11,15.3474,0,0,0
2006-11-01,28.95,28.95,28.95,28.95,15.263,0,0,0
2006-11-02,28.94,28.94,28.94,28.94,15.2577,0,0,0
2006-11-03,28.88,28.88,28.88,28.88,15.2261,0,0,0
2006-11-06,29.17,29.17,29.17,29.17,15.379,0,0,0
2006-11-07,29.24,29.24,29.24,29.24,15.4159,0,0,0
2006-11-08,29.3,29.3,29.3,29.3,15.4475,0,0,0
2006-11-09,29.18,29.18,29.18,29.18,15.3843,0,0,0
2006-11-10,29.25,29.25,29.25,29.25,15.4212,0,0,0
2006-11-13,29.28,29.28,29.28,29.28,15.437,0,0,0
2006-11-14,29.48,29.48,29.48,29.48,15.5424,0,0,0
2006-11-15,29.55,29.55,29.55,29.55,15.5793,0,0,0
2006-11-16,29.56,29.56,29.56,29.56,15.5846,0,0,0
2006-11-17,29.58,29.58,29.58,29.58,15.5952,0,0,0
2006-11-20,29.56,29.56,29.56,29.56,15.5846,0,0,0
2006-11-21,29.63,29.63,29.63,29.63,15.6215,0,0,0
2006-11-22,29.72,29.72,29.72,29.72,15.669,0,0,0
2006-11-24,29.67,29.67,29.67,29.67,15.6426,0,0,0
2006-11-27,29.32,29.32,29.32,29.32,15.4581,0,0,0
2006-11-28,29.42,29.42,29.42,29.42,15.5108,0,0,0
2006-11-29,29.68,29.68,29.68,29.68,15.6479,0,0,0
2006-11-30,29.75,29.75,29.75,29.75,15.6848,0,0,0
2006-12-01,29.69,29.69,29.69,29.69,15.6532,0,0,0
2006-12-04,29.93,29.93,29.93,29.93,15.7797,0,0,0
2006-12-05,30.03,30.03,30.03,30.03,15.8324,0,0,0
2006-12-06,30,30,30,30,15.8166,0,0,0
2006-12-07,29.93,29.93,29.93,29.93,15.7797,0,0,0
2006-12-08,29.93,29.93,29.93,29.93,15.7797,0,0,0
2006-12-11,30,30,30,30,15.8166,0,0,0
2006-12-12,29.99,29.99,29.99,29.99,15.8113,0,0,0
2006-12-13,30.01,30.01,30.01,30.01,15.8219,0,0,0
2006-12-14,30.2,30.2,30.2,30.2,15.922,0,0,0
2006-12-15,30.21,30.21,30.21,30.21,15.9273,0,0,0
2006-12-18,30.11,30.11,30.11,30.11,15.8746,0,0,0
2006-12-19,30.15,30.15,30.15,30.15,15.8957,0,0,0
2006-12-20,30.14,30.14,30.14,30.14,15.8904,0,0,0
2006-12-21,30.08,30.08,30.08,30.08,15.8588,0,0,0
2006-12-22,29.94,29.94,29.94,29.94,15.785,0,0,0
2006-12-26,30.05,30.05,30.05,30.05,15.843,0,0,0
2006-12-27,30.24,30.24,30.24,30.24,15.9431,0,0,0
2006-12-28,29.62,29.62,29.62,29.62,15.927,0,0.59,0
2006-12-29,29.52,29.52,29.52,29.52,15.8732,0,0,0
2007-01-03,29.55,29.55,29.55,29.55,15.8893,0,0,0
2007-01-04,29.57,29.57,29.57,29.57,15.9001,0,0,0
2007-01-05,29.34,29.34,29.34,29.34,15.7764,0,0,0
2007-01-08,29.4,29.4,29.4,29.4,15.8087,0,0,0
2007-01-09,29.41,29.41,29.41,29.41,15.8141,0,0,0
2007-01-10,29.4,29.4,29.4,29.4,15.8087,0,0,0
2007-01-11,29.57,29.57,29.57,29.57,15.9001,0,0,0
2007-01-12,29.73,29.73,29.73,29.73,15.9861,0,0,0
2007-01-16,29.74,29.74,29.74,29.74,15.9915,0,0,0
2007-01-17,29.73,29.73,29.73,29.73,15.9861,0,0,0
2007-01-18,29.64,29.64,29.64,29.64,15.9377,0,0,0
2007-01-19,29.75,29.75,29.75,29.75,15.9969,0,0,0
2007-01-22,29.63,29.63,29.63,29.63,15.9324,0,0,0
2007-01-23,29.74,29.74,29.74,29.74,15.9915,0,0,0
2007-01-24,29.95,29.95,29.95,29.95,16.1044,0,0,0
2007-01-25,29.66,29.66,29.66,29.66,15.9485,0,0,0
2007-01-26,29.63,29.63,29.63,29.63,15.9324,0,0,0
2007-01-29,29.65,29.65,29.65,29.65,15.9431,0,0,0
2007-01-30,29.8,29.8,29.8,29.8,16.0238,0,0,0
2007-01-31,29.95,29.95,29.95,29.95,16.1044,0,0,0
2007-02-01,30.12,30.12,30.12,30.12,16.1958,0,0,0
2007-02-02,30.17,30.17,30.17,30.17,16.2227,0,0,0
2007-02-05,30.14,30.14,30.14,30.14,16.2066,0,0,0
2007-02-06,30.21,30.21,30.21,30.21,16.2442,0,0,0
2007-02-07,30.29,30.29,30.29,30.29,16.2873,0,0,0
2007-02-08,30.24,30.24,30.24,30.24,16.2604,0,0,0
2007-02-09,30.08,30.08,30.08,30.08,16.1743,0,0,0
2007-02-12,29.97,29.97,29.97,29.97,16.1152,0,0,0
2007-02-13,30.19,30.19,30.19,30.19,16.2335,0,0,0
2007-02-14,30.42,30.42,30.42,30.42,16.3572,0,0,0
2007-02-15,30.47,30.47,30.47,30.47,16.384,0,0,0
2007-02-16,30.46,30.46,30.46,30.46,16.3787,0,0,0
2007-02-20,30.55,30.55,30.55,30.55,16.4271,0,0,0
2007-02-21,30.51,30.51,30.51,30.51,16.4056,0,0,0
2007-02-22,30.52,30.52,30.52,30.52,16.4109,0,0,0
2007-02-23,30.48,30.48,30.48,30.48,16.3894,0,0,0
2007-02-26,30.48,30.48,30.48,30.48,16.3894,0,0,0
2007-02-27,29.59,29.59,29.59,29.59,15.9109,0,0,0
2007-02-28,29.69,29.69,29.69,29.69,15.9646,0,0,0
2007-03-01,29.59,29.59,29.59,29.59,15.9109,0,0,0
2007-03-02,29.29,29.29,29.29,29.29,15.7495,0,0,0
2007-03-05,28.98,28.98,28.98,28.98,15.5829,0,0,0
2007-03-06,29.4,29.4,29.4,29.4,15.8087,0,0,0
2007-03-07,29.39,29.39,29.39,29.39,15.8033,0,0,0
2007-03-08,29.59,29.59,29.59,29.59,15.9109,0,0,0
2007-03-09,29.61,29.61,29.61,29.61,15.9216,0,0,0
2007-03-12,29.7,29.7,29.7,29.7,15.97,0,0,0
2007-03-13,29.19,29.19,29.19,29.19,15.6958,0,0,0
2007-03-14,29.3,29.3,29.3,29.3,15.7549,0,0,0
2007-03-15,29.43,29.43,29.43,29.43,15.8248,0,0,0
2007-03-16,29.35,29.35,29.35,29.35,15.7818,0,0,0
2007-03-19,29.64,29.64,29.64,29.64,15.9377,0,0,0
2007-03-20,29.81,29.81,29.81,29.81,16.0292,0,0,0
2007-03-21,30.27,30.27,30.27,30.27,16.2765,0,0,0
2007-03-22,30.24,30.24,30.24,30.24,16.2604,0,0,0
2007-03-23,30.28,30.28,30.28,30.28,16.2819,0,0,0
2007-03-26,30.28,30.28,30.28,30.28,16.2819,0,0,0
2007-03-27,30.14,30.14,30.14,30.14,16.2066,0,0,0
2007-03-28,29.95,29.95,29.95,29.95,16.1044,0,0,0
2007-03-29,30.06,30.06,30.06,30.06,16.1636,0,0,0
2007-03-30,30.05,30.05,30.05,30.05,16.1582,0,0,0
2007-04-02,30.12,30.12,30.12,30.12,16.1958,0,0,0
2007-04-03,30.35,30.35,30.35,30.35,16.3195,0,0,0
2007-04-04,30.4,30.4,30.4,30.4,16.3464,0,0,0
2007-04-05,30.48,30.48,30.48,30.48,16.3894,0,0,0
2007-04-09,30.48,30.48,30.48,30.48,16.3894,0,0,0
2007-04-10,30.58,30.58,30.58,30.58,16.4432,0,0,0
2007-04-11,30.43,30.43,30.43,30.43,16.3625,0,0,0
2007-04-12,30.57,30.57,30.57,30.57,16.4378,0,0,0
2007-04-13,30.57,30.57,30.57,30.57,16.4918,0,0.1,0
2007-04-16,30.87,30.87,30.87,30.87,16.6536,0,0,0
2007-04-17,30.9,30.9,30.9,30.9,16.6698,0,0,0
2007-04-18,30.91,30.91,30.91,30.91,16.6752,0,0,0
2007-04-19,30.84,30.84,30.84,30.84,16.6374,0,0,0
2007-04-20,31.08,31.08,31.08,31.08,16.7669,0,0,0
2007-04-23,31.03,31.03,31.03,31.03,16.7399,0,0,0
2007-04-24,31.01,31.01,31.01,31.01,16.7291,0,0,0
2007-04-25,31.25,31.25,31.25,31.25,16.8586,0,0,0
2007-04-26,31.22,31.22,31.22,31.22,16.8424,0,0,0
2007-04-27,31.19,31.19,31.19,31.19,16.8262,0,0,0
2007-04-30,30.99,30.99,30.99,30.99,16.7183,0,0,0
2007-05-01,31.03,31.03,31.03,31.03,16.7399,0,0,0
2007-05-02,31.24,31.24,31.24,31.24,16.8532,0,0,0
2007-05-03,31.33,31.33,31.33,31.33,16.9018,0,0,0
2007-05-04,31.43,31.43,31.43,31.43,16.9557,0,0,0
2007-05-07,31.5,31.5,31.5,31.5,16.9935,0,0,0
2007-05-08,31.43,31.43,31.43,31.43,16.9557,0,0,0
2007-05-09,31.53,31.53,31.53,31.53,17.0097,0,0,0
2007-05-10,31.16,31.16,31.16,31.16,16.81,0,0,0
2007-05-11,31.42,31.42,31.42,31.42,16.9503,0,0,0
2007-05-14,31.36,31.36,31.36,31.36,16.9179,0,0,0
2007-05-15,31.31,31.31,31.31,31.31,16.891,0,0,0
2007-05-16,31.48,31.48,31.48,31.48,16.9827,0,0,0
2007-05-17,31.44,31.44,31.44,31.44,16.9611,0,0,0
2007-05-18,31.61,31.61,31.61,31.61,17.0528,0,0,0
2007-05-21,31.67,31.67,31.67,31.67,17.0852,0,0,0
2007-05-22,31.69,31.69,31.69,31.69,17.096,0,0,0
2007-05-23,31.68,31.68,31.68,31.68,17.0906,0,0,0
2007-05-24,31.39,31.39,31.39,31.39,16.9341,0,0,0
2007-05-25,31.52,31.52,31.52,31.52,17.0043,0,0,0
2007-05-29,31.6,31.6,31.6,31.6,17.0474,0,0,0
2007-05-30,31.79,31.79,31.79,31.79,17.1499,0,0,0
2007-05-31,31.86,31.86,31.86,31.86,17.1877,0,0,0
2007-06-01,31.98,31.98,31.98,31.98,17.2524,0,0,0
2007-06-04,32.05,32.05,32.05,32.05,17.2902,0,0,0
2007-06-05,31.9,31.9,31.9,31.9,17.2093,0,0,0
2007-06-06,31.63,31.63,31.63,31.63,17.0636,0,0,0
2007-06-07,31.13,31.13,31.13,31.13,16.7939,0,0,0
2007-06-08,31.39,31.39,31.39,31.39,16.9341,0,0,0
2007-06-11,31.42,31.42,31.42,31.42,16.9503,0,0,0
2007-06-12,31.11,31.11,31.11,31.11,16.7831,0,0,0
2007-06-13,31.47,31.47,31.47,31.47,16.9773,0,0,0
2007-06-14,31.63,31.63,31.63,31.63,17.0636,0,0,0
2007-06-15,31.86,31.86,31.86,31.86,17.1877,0,0,0
2007-06-18,31.84,31.84,31.84,31.84,17.1769,0,0,0
2007-06-19,31.89,31.89,31.89,31.89,17.2039,0,0,0
2007-06-20,31.57,31.57,31.57,31.57,17.0312,0,0,0
2007-06-21,31.69,31.69,31.69,31.69,17.096,0,0,0
2007-06-22,31.41,31.41,31.41,31.41,16.9449,0,0,0
2007-06-25,31.32,31.32,31.32,31.32,16.8964,0,0,0
2007-06-26,31.22,31.22,31.22,31.22,16.8424,0,0,0
2007-06-27,31.43,31.43,31.43,31.43,16.9557,0,0,0
2007-06-28,31.45,31.45,31.45,31.45,16.9665,0,0,0
2007-06-29,31.48,31.48,31.48,31.48,16.9827,0,0,0
2007-07-02,31.78,31.78,31.78,31.78,17.1445,0,0,0
2007-07-03,31.87,31.87,31.87,31.87,17.1931,0,0,0
2007-07-05,31.87,31.87,31.87,31.87,17.1931,0,0,0
2007-07-06,31.96,31.96,31.96,31.96,17.2416,0,0,0
2007-07-09,32.02,32.02,32.02,32.02,17.274,0,0,0
2007-07-10,31.68,31.68,31.68,31.68,17.0906,0,0,0
2007-07-11,31.81,31.81,31.81,31.81,17.1607,0,0,0
2007-07-12,32.27,32.27,32.27,32.27,17.4089,0,0,0
2007-07-13,32.35,32.35,32.35,32.35,17.452,0,0,0
2007-07-16,32.3,32.3,32.3,32.3,17.4251,0,0,0
2007-07-17,32.27,32.27,32.27,32.27,17.4089,0,0,0
2007-07-18,32.2,32.2,32.2,32.2,17.3711,0,0,0
2007-07-19,32.34,32.34,32.34,32.34,17.4466,0,0,0
2007-07-20,32.03,32.03,32.03,32.03,17.2794,0,0,0
2007-07-23,32.14,32.14,32.14,32.14,17.3387,0,0,0
2007-07-24,31.59,31.59,31.59,31.59,17.042,0,0,0
2007-07-25,31.66,31.66,31.66,31.66,17.0798,0,0,0
2007-07-26,31.02,31.02,31.02,31.02,16.7345,0,0,0
2007-07-27,30.61,30.61,30.61,30.61,16.5133,0,0,0
2007-07-30,30.87,30.87,30.87,30.87,16.6536,0,0,0
2007-07-31,30.66,30.66,30.66,30.66,16.5403,0,0,0
2007-08-01,30.74,30.74,30.74,30.74,16.5835,0,0,0
2007-08-02,30.87,30.87,30.87,30.87,16.6536,0,0,0
2007-08-03,30.23,30.23,30.23,30.23,16.3083,0,0,0
2007-08-06,30.69,30.69,30.69,30.69,16.5565,0,0,0
2007-08-07,30.85,30.85,30.85,30.85,16.6428,0,0,0
2007-08-08,31.25,31.25,31.25,31.25,16.8586,0,0,0
2007-08-09,30.54,30.54,30.54,30.54,16.4756,0,0,0
2007-08-10,30.46,30.46,30.46,30.46,16.4324,0,0,0
2007-08-13,30.49,30.49,30.49,30.49,16.4486,0,0,0
2007-08-14,30.03,30.03,30.03,30.03,16.2004,0,0,0
2007-08-15,29.63,29.63,29.63,29.63,15.9847,0,0,0
2007-08-16,29.66,29.66,29.66,29.66,16.0008,0,0,0
2007-08-17,30.21,30.21,30.21,30.21,16.2975,0,0,0
2007-08-20,30.25,30.25,30.25,30.25,16.3191,0,0,0
2007-08-21,30.31,30.31,30.31,30.31,16.3515,0,0,0
2007-08-22,30.65,30.65,30.65,30.65,16.5349,0,0,0
2007-08-23,30.63,30.63,30.63,30.63,16.5241,0,0,0
2007-08-24,30.95,30.95,30.95,30.95,16.6968,0,0,0
2007-08-27,30.75,30.75,30.75,30.75,16.5889,0,0,0
2007-08-28,30.16,30.16,30.16,30.16,16.2706,0,0,0
2007-08-29,30.69,30.69,30.69,30.69,16.5565,0,0,0
2007-08-30,30.62,30.62,30.62,30.62,16.5187,0,0,0
2007-08-31,30.94,30.94,30.94,30.94,16.6914,0,0,0
2007-09-04,31.2,31.2,31.2,31.2,16.8316,0,0,0
2007-09-05,30.93,30.93,30.93,30.93,16.686,0,0,0
2007-09-06,31.04,31.04,31.04,31.04,16.7453,0,0,0
2007-09-07,30.64,30.64,30.64,30.64,16.5295,0,0,0
2007-09-10,30.56,30.56,30.56,30.56,16.4864,0,0,0
2007-09-11,30.92,30.92,30.92,30.92,16.6806,0,0,0
2007-09-12,30.92,30.92,30.92,30.92,16.6806,0,0,0
2007-09-13,31.09,31.09,31.09,31.09,16.7723,0,0,0
2007-09-14,31.09,31.09,31.09,31.09,16.7723,0,0,0
2007-09-17,30.91,30.91,30.91,30.91,16.6752,0,0,0
2007-09-18,31.68,31.68,31.68,31.68,17.0906,0,0,0
2007-09-19,31.88,31.88,31.88,31.88,17.1985,0,0,0
2007-09-20,31.71,31.71,31.71,31.71,17.1068,0,0,0
2007-09-21,31.84,31.84,31.84,31.84,17.1769,0,0,0
2007-09-24,31.73,31.73,31.73,31.73,17.1176,0,0,0
2007-09-25,31.72,31.72,31.72,31.72,17.1122,0,0,0
2007-09-26,31.87,31.87,31.87,31.87,17.1931,0,0,0
2007-09-27,32.05,32.05,32.05,32.05,17.2902,0,0,0
2007-09-28,32,32,32,32,17.2632,0,0,0
2007-10-01,32.37,32.37,32.37,32.37,17.4628,0,0,0
2007-10-02,32.38,32.38,32.38,32.38,17.4682,0,0,0
2007-10-03,32.26,32.26,32.26,32.26,17.4035,0,0,0
2007-10-04,32.33,32.33,32.33,32.33,17.4412,0,0,0
2007-10-05,32.61,32.61,32.61,32.61,17.5923,0,0,0
2007-10-08,32.5,32.5,32.5,32.5,17.5329,0,0,0
2007-10-09,32.72,32.72,32.72,32.72,17.6516,0,0,0
2007-10-10,32.7,32.7,32.7,32.7,17.6408,0,0,0
2007-10-11,32.6,32.6,32.6,32.6,17.5869,0,0,0
2007-10-12,32.72,32.72,32.72,32.72,17.6516,0,0,0
2007-10-15,32.48,32.48,32.48,32.48,17.5222,0,0,0
2007-10-16,32.26,32.26,32.26,32.26,17.4035,0,0,0
2007-10-17,32.37,32.37,32.37,32.37,17.4628,0,0,0
2007-10-18,32.38,32.38,32.38,32.38,17.4682,0,0,0
2007-10-19,31.73,31.73,31.73,31.73,17.1176,0,0,0
2007-10-22,31.79,31.79,31.79,31.79,17.1499,0,0,0
2007-10-23,32.06,32.06,32.06,32.06,17.2956,0,0,0
2007-10-24,31.99,31.99,31.99,31.99,17.2578,0,0,0
2007-10-25,31.98,31.98,31.98,31.98,17.2524,0,0,0
2007-10-26,32.36,32.36,32.36,32.36,17.4574,0,0,0
2007-10-29,32.49,32.49,32.49,32.49,17.5276,0,0,0
2007-10-30,32.32,32.32,32.32,32.32,17.4358,0,0,0
2007-10-31,32.64,32.64,32.64,32.64,17.6085,0,0,0
2007-11-01,31.95,31.95,31.95,31.95,17.2362,0,0,0
2007-11-02,31.99,31.99,31.99,31.99,17.2578,0,0,0
2007-11-05,31.79,31.79,31.79,31.79,17.1499,0,0,0
2007-11-06,32.1,32.1,32.1,32.1,17.3172,0,0,0
2007-11-07,31.42,31.42,31.42,31.42,16.9503,0,0,0
2007-11-08,31.43,31.43,31.43,31.43,16.9557,0,0,0
2007-11-09,31.04,31.04,31.04,31.04,16.7453,0,0,0
2007-11-12,30.75,30.75,30.75,30.75,16.5889,0,0,0
2007-11-13,31.43,31.43,31.43,31.43,16.9557,0,0,0
2007-11-14,31.29,31.29,31.29,31.29,16.8802,0,0,0
2007-11-15,30.96,30.96,30.96,30.96,16.7022,0,0,0
2007-11-16,31.04,31.04,31.04,31.04,16.7453,0,0,0
2007-11-19,30.57,30.57,30.57,30.57,16.4918,0,0,0
2007-11-20,30.71,30.71,30.71,30.71,16.5673,0,0,0
2007-11-21,30.31,30.31,30.31,30.31,16.3515,0,0,0
2007-11-23,30.75,30.75,30.75,30.75,16.5889,0,0,0
2007-11-26,30.26,30.26,30.26,30.26,16.3245,0,0,0
2007-11-27,30.57,30.57,30.57,30.57,16.4918,0,0,0
2007-11-28,31.29,31.29,31.29,31.29,16.8802,0,0,0
2007-11-29,31.31,31.31,31.31,31.31,16.891,0,0,0
2007-11-30,31.5,31.5,31.5,31.5,16.9935,0,0,0
2007-12-03,31.37,31.37,31.37,31.37,16.9233,0,0,0
2007-12-04,31.19,31.19,31.19,31.19,16.8262,0,0,0
2007-12-05,31.56,31.56,31.56,31.56,17.0258,0,0,0
2007-12-06,31.95,31.95,31.95,31.95,17.2362,0,0,0
2007-12-07,31.9,31.9,31.9,31.9,17.2093,0,0,0
2007-12-10,32.1,32.1,32.1,32.1,17.3172,0,0,0
2007-12-11,31.45,31.45,31.45,31.45,16.9665,0,0,0
2007-12-12,31.63,31.63,31.63,31.63,17.0636,0,0,0
2007-12-13,31.53,31.53,31.53,31.53,17.0097,0,0,0
2007-12-14,31.1,31.1,31.1,31.1,16.7777,0,0,0
2007-12-17,30.66,30.66,30.66,30.66,16.5403,0,0,0
2007-12-18,30.85,30.85,30.85,30.85,16.6428,0,0,0
2007-12-19,30.82,30.82,30.82,30.82,16.6266,0,0,0
2007-12-20,30.97,30.97,30.97,30.97,16.7075,0,0,0
2007-12-21,31.39,31.39,31.39,31.39,16.9341,0,0,0
2007-12-24,31.59,31.59,31.59,31.59,17.042,0,0,0
2007-12-26,31.62,31.62,31.62,31.62,17.0582,0,0,0
2007-12-27,31.3,31.3,31.3,31.3,16.8856,0,0,0
2007-12-28,30.64,30.64,30.64,30.64,16.9298,0,0.74,0
2007-12-31,30.5,30.5,30.5,30.5,16.8524,0,0,0
2008-01-02,30.22,30.22,30.22,30.22,16.6977,0,0,0
2008-01-03,30.19,30.19,30.19,30.19,16.6811,0,0,0
2008-01-04,29.56,29.56,29.56,29.56,16.333,0,0,0
2008-01-07,29.6,29.6,29.6,29.6,16.3551,0,0,0
2008-01-08,29.18,29.18,29.18,29.18,16.1231,0,0,0
2008-01-09,29.46,29.46,29.46,29.46,16.2778,0,0,0
2008-01-10,29.62,29.62,29.62,29.62,16.3662,0,0,0
2008-01-11,29.27,29.27,29.27,29.27,16.1728,0,0,0
2008-01-14,29.54,29.54,29.54,29.54,16.322,0,0,0
2008-01-15,28.92,28.92,28.92,28.92,15.9794,0,0,0
2008-01-16,28.73,28.73,28.73,28.73,15.8744,0,0,0
2008-01-17,28.12,28.12,28.12,28.12,15.5374,0,0,0
2008-01-18,28.02,28.02,28.02,28.02,15.4821,0,0,0
2008-01-22,27.7,27.7,27.7,27.7,15.3053,0,0,0
2008-01-23,28.12,28.12,28.12,28.12,15.5374,0,0,0
2008-01-24,28.41,28.41,28.41,28.41,15.6976,0,0,0
2008-01-25,28.13,28.13,28.13,28.13,15.5429,0,0,0
2008-01-28,28.51,28.51,28.51,28.51,15.7529,0,0,0
2008-01-29,28.67,28.67,28.67,28.67,15.8413,0,0,0
2008-01-30,28.52,28.52,28.52,28.52,15.7584,0,0,0
2008-01-31,28.93,28.93,28.93,28.93,15.9849,0,0,0
2008-02-01,29.3,29.3,29.3,29.3,16.1894,0,0,0
2008-02-04,29.06,29.06,29.06,29.06,16.0568,0,0,0
2008-02-05,28.27,28.27,28.27,28.27,15.6203,0,0,0
2008-02-06,28.08,28.08,28.08,28.08,15.5153,0,0,0
2008-02-07,28.19,28.19,28.19,28.19,15.5761,0,0,0
2008-02-08,28.12,28.12,28.12,28.12,15.5374,0,0,0
2008-02-11,28.23,28.23,28.23,28.23,15.5982,0,0,0
2008-02-12,28.43,28.43,28.43,28.43,15.7087,0,0,0
2008-02-13,28.75,28.75,28.75,28.75,15.8855,0,0,0
2008-02-14,28.44,28.44,28.44,28.44,15.7142,0,0,0
2008-02-15,28.44,28.44,28.44,28.44,15.7142,0,0,0
2008-02-19,28.48,28.48,28.48,28.48,15.7363,0,0,0
2008-02-20,28.6,28.6,28.6,28.6,15.8026,0,0,0
2008-02-21,28.37,28.37,28.37,28.37,15.6755,0,0,0
2008-02-22,28.54,28.54,28.54,28.54,15.7695,0,0,0
2008-02-25,28.88,28.88,28.88,28.88,15.9573,0,0,0
2008-02-26,29.1,29.1,29.1,29.1,16.0789,0,0,0
2008-02-27,29.11,29.11,29.11,29.11,16.0844,0,0,0
2008-02-28,28.91,28.91,28.91,28.91,15.9739,0,0,0
2008-02-29,28.3,28.3,28.3,28.3,15.6368,0,0,0
2008-03-03,28.28,28.28,28.28,28.28,15.6258,0,0,0
2008-03-04,28.13,28.13,28.13,28.13,15.5429,0,0,0
2008-03-05,28.28,28.28,28.28,28.28,15.6258,0,0,0
2008-03-06,27.76,27.76,27.76,27.76,15.3385,0,0,0
2008-03-07,27.58,27.58,27.58,27.58,15.239,0,0,0
2008-03-10,27.21,27.21,27.21,27.21,15.0346,0,0,0
2008-03-11,28,28,28,28,15.4711,0,0,0
2008-03-12,27.87,27.87,27.87,27.87,15.3992,0,0,0
2008-03-13,28.02,28.02,28.02,28.02,15.4821,0,0,0
2008-03-14,27.55,27.55,27.55,27.55,15.2224,0,0,0
2008-03-17,27.24,27.24,27.24,27.24,15.0511,0,0,0
2008-03-18,28.13,28.13,28.13,28.13,15.5429,0,0,0
2008-03-19,27.55,27.55,27.55,27.55,15.2224,0,0,0
2008-03-20,28.02,28.02,28.02,28.02,15.4821,0,0,0
2008-03-24,28.39,28.39,28.39,28.39,15.6866,0,0,0
2008-03-25,28.55,28.55,28.55,28.55,15.775,0,0,0
2008-03-26,28.41,28.41,28.41,28.41,15.6976,0,0,0
2008-03-27,28.18,28.18,28.18,28.18,15.5705,0,0,0
2008-03-28,28.03,28.03,28.03,28.03,15.4877,0,0,0
2008-03-31,28.16,28.16,28.16,28.16,15.5595,0,0,0
2008-04-01,28.94,28.94,28.94,28.94,15.9905,0,0,0
2008-04-02,28.93,28.93,28.93,28.93,15.9849,0,0,0
2008-04-03,28.98,28.98,28.98,28.98,16.0126,0,0,0
2008-04-04,29.06,29.06,29.06,29.06,16.0568,0,0,0
2008-04-07,29.1,29.1,29.1,29.1,16.0789,0,0,0
2008-04-08,28.99,28.99,28.99,28.99,16.0181,0,0,0
2008-04-09,28.79,28.79,28.79,28.79,15.9076,0,0,0
2008-04-10,28.86,28.86,28.86,28.86,15.9463,0,0,0
2008-04-11,28.28,28.28,28.28,28.28,15.6992,0,0.135,0
2008-04-14,28.21,28.21,28.21,28.21,15.6604,0,0,0
2008-04-15,28.31,28.31,28.31,28.31,15.7159,0,0,0
2008-04-16,28.88,28.88,28.88,28.88,16.0323,0,0,0
2008-04-17,28.82,28.82,28.82,28.82,15.999,0,0,0
2008-04-18,29.24,29.24,29.24,29.24,16.2322,0,0,0
2008-04-21,29.23,29.23,29.23,29.23,16.2266,0,0,0
2008-04-22,29.01,29.01,29.01,29.01,16.1045,0,0,0
2008-04-23,29.08,29.08,29.08,29.08,16.1433,0,0,0
2008-04-24,29.15,29.15,29.15,29.15,16.1822,0,0,0
2008-04-25,29.36,29.36,29.36,29.36,16.2988,0,0,0
2008-04-28,29.39,29.39,29.39,29.39,16.3154,0,0,0
2008-04-29,29.26,29.26,29.26,29.26,16.2433,0,0,0
2008-04-30,29.25,29.25,29.25,29.25,16.2377,0,0,0
2008-05-01,29.6,29.6,29.6,29.6,16.432,0,0,0
2008-05-02,29.67,29.67,29.67,29.67,16.4709,0,0,0
2008-05-05,29.61,29.61,29.61,29.61,16.4376,0,0,0
2008-05-06,29.78,29.78,29.78,29.78,16.5319,0,0,0
2008-05-07,29.36,29.36,29.36,29.36,16.2988,0,0,0
2008-05-08,29.5,29.5,29.5,29.5,16.3765,0,0,0
2008-05-09,29.36,29.36,29.36,29.36,16.2988,0,0,0
2008-05-12,29.61,29.61,29.61,29.61,16.4376,0,0,0
2008-05-13,29.59,29.59,29.59,29.59,16.4265,0,0,0
2008-05-14,29.67,29.67,29.67,29.67,16.4709,0,0,0
2008-05-15,29.99,29.99,29.99,29.99,16.6485,0,0,0
2008-05-16,30.06,30.06,30.06,30.06,16.6874,0,0,0
2008-05-19,30.08,30.08,30.08,30.08,16.6985,0,0,0
2008-05-20,29.88,29.88,29.88,29.88,16.5874,0,0,0
2008-05-21,29.49,29.49,29.49,29.49,16.3709,0,0,0
2008-05-22,29.57,29.57,29.57,29.57,16.4153,0,0,0
2008-05-23,29.27,29.27,29.27,29.27,16.2488,0,0,0
2008-05-27,29.39,29.39,29.39,29.39,16.3154,0,0,0
2008-05-28,29.47,29.47,29.47,29.47,16.3598,0,0,0
2008-05-29,29.57,29.57,29.57,29.57,16.4153,0,0,0
2008-05-30,29.67,29.67,29.67,29.67,16.4709,0,0,0
2008-06-02,29.44,29.44,29.44,29.44,16.3432,0,0,0
2008-06-03,29.35,29.35,29.35,29.35,16.2932,0,0,0
2008-06-04,29.33,29.33,29.33,29.33,16.2821,0,0,0
2008-06-05,29.78,29.78,29.78,29.78,16.5319,0,0,0
2008-06-06,29.07,29.07,29.07,29.07,16.1378,0,0,0
2008-06-09,29.03,29.03,29.03,29.03,16.1156,0,0,0
2008-06-10,28.85,28.85,28.85,28.85,16.0157,0,0,0
2008-06-11,28.48,28.48,28.48,28.48,15.8103,0,0,0
2008-06-12,28.49,28.49,28.49,28.49,15.8158,0,0,0
2008-06-13,28.81,28.81,28.81,28.81,15.9934,0,0,0
2008-06-16,28.87,28.87,28.87,28.87,16.0268,0,0,0
2008-06-17,28.8,28.8,28.8,28.8,15.9879,0,0,0
2008-06-18,28.58,28.58,28.58,28.58,15.8658,0,0,0
2008-06-19,28.63,28.63,28.63,28.63,15.8935,0,0,0
2008-06-20,28.21,28.21,28.21,28.21,15.6604,0,0,0
2008-06-23,28.17,28.17,28.17,28.17,15.6382,0,0,0
2008-06-24,28.06,28.06,28.06,28.06,15.5771,0,0,0
2008-06-25,28.24,28.24,28.24,28.24,15.677,0,0,0
2008-06-26,27.6,27.6,27.6,27.6,15.3217,0,0,0
2008-06-27,27.56,27.56,27.56,27.56,15.2995,0,0,0
2008-06-30,27.57,27.57,27.57,27.57,15.3051,0,0,0
2008-07-01,27.58,27.58,27.58,27.58,15.3106,0,0,0
2008-07-02,27.13,27.13,27.13,27.13,15.0608,0,0,0
2008-07-03,27.12,27.12,27.12,27.12,15.0553,0,0,0
2008-07-07,26.95,26.95,26.95,26.95,14.9609,0,0,0
2008-07-08,27.3,27.3,27.3,27.3,15.1552,0,0,0
2008-07-09,26.88,26.88,26.88,26.88,14.922,0,0,0
2008-07-10,27.03,27.03,27.03,27.03,15.0053,0,0,0
2008-07-11,26.76,26.76,26.76,26.76,14.8554,0,0,0
2008-07-14,26.61,26.61,26.61,26.61,14.7721,0,0,0
2008-07-15,26.36,26.36,26.36,26.36,14.6334,0,0,0
2008-07-16,26.86,26.86,26.86,26.86,14.9109,0,0,0
2008-07-17,27.11,27.11,27.11,27.11,15.0497,0,0,0
2008-07-18,27.11,27.11,27.11,27.11,15.0497,0,0,0
2008-07-21,27.18,27.18,27.18,27.18,15.0886,0,0,0
2008-07-22,27.44,27.44,27.44,27.44,15.2329,0,0,0
2008-07-23,27.52,27.52,27.52,27.52,15.2773,0,0,0
2008-07-24,27.02,27.02,27.02,27.02,14.9998,0,0,0
2008-07-25,27.1,27.1,27.1,27.1,15.0442,0,0,0
2008-07-28,26.73,26.73,26.73,26.73,14.8388,0,0,0
2008-07-29,27.18,27.18,27.18,27.18,15.0886,0,0,0
2008-07-30,27.52,27.52,27.52,27.52,15.2773,0,0,0
2008-07-31,27.27,27.27,27.27,27.27,15.1385,0,0,0
2008-08-01,27.13,27.13,27.13,27.13,15.0608,0,0,0
2008-08-04,26.87,26.87,26.87,26.87,14.9165,0,0,0
2008-08-05,27.44,27.44,27.44,27.44,15.2329,0,0,0
2008-08-06,27.53,27.53,27.53,27.53,15.2829,0,0,0
2008-08-07,27.15,27.15,27.15,27.15,15.0719,0,0,0
2008-08-08,27.6,27.6,27.6,27.6,15.3217,0,0,0
2008-08-11,27.75,27.75,27.75,27.75,15.405,0,0,0
2008-08-12,27.54,27.54,27.54,27.54,15.2884,0,0,0
2008-08-13,27.43,27.43,27.43,27.43,15.2274,0,0,0
2008-08-14,27.54,27.54,27.54,27.54,15.2884,0,0,0
2008-08-15,27.6,27.6,27.6,27.6,15.3217,0,0,0
2008-08-18,27.3,27.3,27.3,27.3,15.1552,0,0,0
2008-08-19,27.05,27.05,27.05,27.05,15.0164,0,0,0
2008-08-20,27.2,27.2,27.2,27.2,15.0997,0,0,0
2008-08-21,27.23,27.23,27.23,27.23,15.1163,0,0,0
2008-08-22,27.46,27.46,27.46,27.46,15.244,0,0,0
2008-08-25,27.06,27.06,27.06,27.06,15.022,0,0,0
2008-08-26,27.14,27.14,27.14,27.14,15.0664,0,0,0
2008-08-27,27.33,27.33,27.33,27.33,15.1718,0,0,0
2008-08-28,27.67,27.67,27.67,27.67,15.3606,0,0,0
2008-08-29,27.42,27.42,27.42,27.42,15.2218,0,0,0
2008-09-02,27.3,27.3,27.3,27.3,15.1552,0,0,0
2008-09-03,27.24,27.24,27.24,27.24,15.1219,0,0,0
2008-09-04,26.55,26.55,26.55,26.55,14.7388,0,0,0
2008-09-05,26.58,26.58,26.58,26.58,14.7555,0,0,0
2008-09-08,27.04,27.04,27.04,27.04,15.0109,0,0,0
2008-09-09,26.27,26.27,26.27,26.27,14.5834,0,0,0
2008-09-10,26.42,26.42,26.42,26.42,14.6667,0,0,0
2008-09-11,26.63,26.63,26.63,26.63,14.7833,0,0,0
2008-09-12,26.76,26.76,26.76,26.76,14.8554,0,0,0
2008-09-15,25.73,25.73,25.73,25.73,14.2836,0,0,0
2008-09-16,26.04,26.04,26.04,26.04,14.4557,0,0,0
2008-09-17,25.02,25.02,25.02,25.02,13.8895,0,0,0
2008-09-18,25.94,25.94,25.94,25.94,14.4002,0,0,0
2008-09-19,26.92,26.92,26.92,26.92,14.9442,0,0,0
2008-09-22,26.1,26.1,26.1,26.1,14.489,0,0,0
2008-09-23,25.74,25.74,25.74,25.74,14.2892,0,0,0
2008-09-24,25.71,25.71,25.71,25.71,14.2725,0,0,0
2008-09-25,26.07,26.07,26.07,26.07,14.4724,0,0,0
2008-09-26,26.05,26.05,26.05,26.05,14.4613,0,0,0
2008-09-29,24.2,24.2,24.2,24.2,13.4343,0,0,0
2008-09-30,25.08,25.08,25.08,25.08,13.9228,0,0,0
2008-10-01,25,25,25,25,13.8784,0,0,0
2008-10-02,24.12,24.12,24.12,24.12,13.3899,0,0,0
2008-10-03,23.86,23.86,23.86,23.86,13.2455,0,0,0
2008-10-06,22.99,22.99,22.99,22.99,12.7626,0,0,0
2008-10-07,21.95,21.95,21.95,21.95,12.1852,0,0,0
2008-10-08,21.63,21.63,21.63,21.63,12.0076,0,0,0
2008-10-09,20.25,20.25,20.25,20.25,11.2415,0,0,0
2008-10-10,20.01,20.01,20.01,20.01,11.1083,0,0,0
2008-10-13,22.03,22.03,22.03,22.03,12.2296,0,0,0
2008-10-14,21.86,21.86,21.86,21.86,12.1353,0,0,0
2008-10-15,20.14,20.14,20.14,20.14,11.1804,0,0,0
2008-10-16,20.9,20.9,20.9,20.9,11.6023,0,0,0
2008-10-17,20.76,20.76,20.76,20.76,11.5246,0,0,0
2008-10-20,21.64,21.64,21.64,21.64,12.0131,0,0,0
2008-10-21,21.04,21.04,21.04,21.04,11.68,0,0,0
2008-10-22,19.95,19.95,19.95,19.95,11.0749,0,0,0
2008-10-23,20.06,20.06,20.06,20.06,11.136,0,0,0
2008-10-24,19.37,19.37,19.37,19.37,10.753,0,0,0
2008-10-27,18.75,18.75,18.75,18.75,10.4088,0,0,0
2008-10-28,20.36,20.36,20.36,20.36,11.3026,0,0,0
2008-10-29,20.32,20.32,20.32,20.32,11.2804,0,0,0
2008-10-30,20.89,20.89,20.89,20.89,11.5968,0,0,0
2008-10-31,21.16,21.16,21.16,21.16,11.7467,0,0,0
2008-11-03,21.15,21.15,21.15,21.15,11.7411,0,0,0
2008-11-04,21.94,21.94,21.94,21.94,12.1797,0,0,0
2008-11-05,21.03,21.03,21.03,21.03,11.6745,0,0,0
2008-11-06,20.1,20.1,20.1,20.1,11.1582,0,0,0
2008-11-07,20.62,20.62,20.62,20.62,11.4469,0,0,0
2008-11-10,20.38,20.38,20.38,20.38,11.3137,0,0,0
2008-11-11,19.93,19.93,19.93,19.93,11.0638,0,0,0
2008-11-12,19.09,19.09,19.09,19.09,10.5975,0,0,0
2008-11-13,20.17,20.17,20.17,20.17,11.1971,0,0,0
2008-11-14,19.39,19.39,19.39,19.39,10.7641,0,0,0
2008-11-17,19.01,19.01,19.01,19.01,10.5531,0,0,0
2008-11-18,19.12,19.12,19.12,19.12,10.6142,0,0,0
2008-11-19,18.07,18.07,18.07,18.07,10.0313,0,0,0
2008-11-20,17.06,17.06,17.06,17.06,9.47061,0,0,0
2008-11-21,17.94,17.94,17.94,17.94,9.95912,0,0,0
2008-11-24,18.93,18.93,18.93,18.93,10.5087,0,0,0
2008-11-25,19.12,19.12,19.12,19.12,10.6142,0,0,0
2008-11-26,19.68,19.68,19.68,19.68,10.9251,0,0,0
2008-11-28,19.85,19.85,19.85,19.85,11.0194,0,0,0
2008-12-01,18.33,18.33,18.33,18.33,10.1756,0,0,0
2008-12-02,18.97,18.97,18.97,18.97,10.5309,0,0,0
2008-12-03,19.35,19.35,19.35,19.35,10.7419,0,0,0
2008-12-04,18.87,18.87,18.87,18.87,10.4754,0,0,0
2008-12-05,19.4,19.4,19.4,19.4,10.7696,0,0,0
2008-12-08,20.07,20.07,20.07,20.07,11.1416,0,0,0
2008-12-09,19.74,19.74,19.74,19.74,10.9584,0,0,0
2008-12-10,20,20,20,20,11.1027,0,0,0
2008-12-11,19.56,19.56,19.56,19.56,10.8584,0,0,0
2008-12-12,19.74,19.74,19.74,19.74,10.9584,0,0,0
2008-12-15,19.55,19.55,19.55,19.55,10.8529,0,0,0
2008-12-16,20.44,20.44,20.44,20.44,11.347,0,0,0
2008-12-17,20.37,20.37,20.37,20.37,11.3081,0,0,0
2008-12-18,20.01,20.01,20.01,20.01,11.1083,0,0,0
2008-12-19,20.02,20.02,20.02,20.02,11.1138,0,0,0
2008-12-22,19.73,19.73,19.73,19.73,10.9528,0,0,0
2008-12-23,19.58,19.58,19.58,19.58,10.8696,0,0,0
2008-12-24,19.66,19.66,19.66,19.66,10.914,0,0,0
2008-12-26,19.18,19.18,19.18,19.18,10.9856,0,0.605,0
2008-12-29,19.15,19.15,19.15,19.15,10.9684,0,0,0
2008-12-30,19.55,19.55,19.55,19.55,11.1975,0,0,0
2008-12-31,19.83,19.83,19.83,19.83,11.3579,0,0,0
2009-01-02,20.28,20.28,20.28,20.28,11.6156,0,0,0
2009-01-05,20.2,20.2,20.2,20.2,11.5698,0,0,0
2009-01-06,20.38,20.38,20.38,20.38,11.6729,0,0,0
2009-01-07,19.92,19.92,19.92,19.92,11.4094,0,0,0
2009-01-08,20.02,20.02,20.02,20.02,11.4667,0,0,0
2009-01-09,19.62,19.62,19.62,19.62,11.2376,0,0,0
2009-01-12,19.23,19.23,19.23,19.23,11.0142,0,0,0
2009-01-13,19.23,19.23,19.23,19.23,11.0142,0,0,0
2009-01-14,18.66,18.66,18.66,18.66,10.6877,0,0,0
2009-01-15,18.72,18.72,18.72,18.72,10.7221,0,0,0
2009-01-16,18.83,18.83,18.83,18.83,10.7851,0,0,0
2009-01-20,17.92,17.92,17.92,17.92,10.2639,0,0,0
2009-01-21,18.55,18.55,18.55,18.55,10.6247,0,0,0
2009-01-22,18.27,18.27,18.27,18.27,10.4643,0,0,0
2009-01-23,18.31,18.31,18.31,18.31,10.4873,0,0,0
2009-01-26,18.44,18.44,18.44,18.44,10.5617,0,0,0
2009-01-27,18.64,18.64,18.64,18.64,10.6763,0,0,0
2009-01-28,19.17,19.17,19.17,19.17,10.9798,0,0,0
2009-01-29,18.6,18.6,18.6,18.6,10.6534,0,0,0
2009-01-30,18.28,18.28,18.28,18.28,10.4701,0,0,0
2009-02-02,18.27,18.27,18.27,18.27,10.4643,0,0,0
2009-02-03,18.5,18.5,18.5,18.5,10.5961,0,0,0
2009-02-04,18.43,18.43,18.43,18.43,10.556,0,0,0
2009-02-05,18.66,18.66,18.66,18.66,10.6877,0,0,0
2009-02-06,19.09,19.09,19.09,19.09,10.934,0,0,0
2009-02-09,19.11,19.11,19.11,19.11,10.9455,0,0,0
2009-02-10,18.36,18.36,18.36,18.36,10.5159,0,0,0
2009-02-11,18.49,18.49,18.49,18.49,10.5904,0,0,0
2009-02-12,18.51,18.51,18.51,18.51,10.6018,0,0,0
2009-02-13,18.35,18.35,18.35,18.35,10.5102,0,0,0
2009-02-17,17.64,17.64,17.64,17.64,10.1035,0,0,0
2009-02-18,17.58,17.58,17.58,17.58,10.0691,0,0,0
2009-02-19,17.43,17.43,17.43,17.43,9.98322,0,0,0
2009-02-20,17.25,17.25,17.25,17.25,9.88012,0,0,0
2009-02-23,16.75,16.75,16.75,16.75,9.59375,0,0,0
2009-02-24,17.29,17.29,17.29,17.29,9.90304,0,0,0
2009-02-25,17.08,17.08,17.08,17.08,9.78276,0,0,0
2009-02-26,16.89,16.89,16.89,16.89,9.67394,0,0,0
2009-02-27,16.64,16.64,16.64,16.64,9.53074,0,0,0
2009-03-02,15.95,15.95,15.95,15.95,9.13554,0,0,0
2009-03-03,15.85,15.85,15.85,15.85,9.07826,0,0,0
2009-03-04,16.2,16.2,16.2,16.2,9.27873,0,0,0
2009-03-05,15.63,15.63,15.63,15.63,8.95225,0,0,0
2009-03-06,15.64,15.64,15.64,15.64,8.95798,0,0,0
2009-03-09,15.46,15.46,15.46,15.46,8.85489,0,0,0
2009-03-10,16.29,16.29,16.29,16.29,9.33028,0,0,0
2009-03-11,16.35,16.35,16.35,16.35,9.36464,0,0,0
2009-03-12,16.89,16.89,16.89,16.89,9.67394,0,0,0
2009-03-13,17,17,17,17,9.73694,0,0,0
2009-03-16,16.95,16.95,16.95,16.95,9.7083,0,0,0
2009-03-17,17.41,17.41,17.41,17.41,9.97177,0,0,0
2009-03-18,17.78,17.78,17.78,17.78,10.1837,0,0,0
2009-03-19,17.66,17.66,17.66,17.66,10.115,0,0,0
2009-03-20,17.35,17.35,17.35,17.35,9.93741,0,0,0
2009-03-23,18.39,18.39,18.39,18.39,10.5331,0,0,0
2009-03-24,18.04,18.04,18.04,18.04,10.3326,0,0,0
2009-03-25,18.21,18.21,18.21,18.21,10.43,0,0,0
2009-03-26,18.6,18.6,18.6,18.6,10.6534,0,0,0
2009-03-27,18.23,18.23,18.23,18.23,10.4414,0,0,0
2009-03-30,17.67,17.67,17.67,17.67,10.1207,0,0,0
2009-03-31,17.91,17.91,17.91,17.91,10.2581,0,0,0
2009-04-01,18.18,18.18,18.18,18.18,10.4128,0,0,0
2009-04-02,18.71,18.71,18.71,18.71,10.7164,0,0,0
2009-04-03,18.85,18.85,18.85,18.85,10.7965,0,0,0
2009-04-06,18.69,18.69,18.69,18.69,10.7049,0,0,0
2009-04-07,18.31,18.31,18.31,18.31,10.4873,0,0,0
2009-04-08,18.49,18.49,18.49,18.49,10.5904,0,0,0
2009-04-09,19.1,19.1,19.1,19.1,10.9397,0,0,0
2009-04-13,19.17,19.17,19.17,19.17,10.9798,0,0,0
2009-04-14,18.88,18.88,18.88,18.88,10.8137,0,0,0
2009-04-15,19.08,19.08,19.08,19.08,10.9283,0,0,0
2009-04-16,19.34,19.34,19.34,19.34,11.0772,0,0,0
2009-04-17,19.39,19.39,19.39,19.39,11.1173,0,0.02,0
2009-04-20,18.66,18.66,18.66,18.66,10.6988,0,0,0
2009-04-21,19.01,19.01,19.01,19.01,10.8995,0,0,0
2009-04-22,18.91,18.91,18.91,18.91,10.8421,0,0,0
2009-04-23,19.08,19.08,19.08,19.08,10.9396,0,0,0
2009-04-24,19.39,19.39,19.39,19.39,11.1173,0,0,0
2009-04-27,19.2,19.2,19.2,19.2,11.0084,0,0,0
2009-04-28,19.15,19.15,19.15,19.15,10.9797,0,0,0
2009-04-29,19.56,19.56,19.56,19.56,11.2148,0,0,0
2009-04-30,19.56,19.56,19.56,19.56,11.2148,0,0,0
2009-05-01,19.65,19.65,19.65,19.65,11.2664,0,0,0
2009-05-04,20.25,20.25,20.25,20.25,11.6104,0,0,0
2009-05-05,20.18,20.18,20.18,20.18,11.5703,0,0,0
2009-05-06,20.48,20.48,20.48,20.48,11.7423,0,0,0
2009-05-07,20.22,20.22,20.22,20.22,11.5932,0,0,0
2009-05-08,20.71,20.71,20.71,20.71,11.8742,0,0,0
2009-05-11,20.36,20.36,20.36,20.36,11.6735,0,0,0
2009-05-12,20.32,20.32,20.32,20.32,11.6506,0,0,0
2009-05-13,19.82,19.82,19.82,19.82,11.3639,0,0,0
2009-05-14,20,20,20,20,11.4671,0,0,0
2009-05-15,19.83,19.83,19.83,19.83,11.3696,0,0,0
2009-05-18,20.37,20.37,20.37,20.37,11.6792,0,0,0
2009-05-19,20.39,20.39,20.39,20.39,11.6907,0,0,0
2009-05-20,20.36,20.36,20.36,20.36,11.6735,0,0,0
2009-05-21,20.09,20.09,20.09,20.09,11.5187,0,0,0
2009-05-22,20.07,20.07,20.07,20.07,11.5072,0,0,0
2009-05-26,20.51,20.51,20.51,20.51,11.7595,0,0,0
2009-05-27,20.19,20.19,20.19,20.19,11.576,0,0,0
2009-05-28,20.4,20.4,20.4,20.4,11.6964,0,0,0
2009-05-29,20.7,20.7,20.7,20.7,11.8684,0,0,0
2009-06-01,21.16,21.16,21.16,21.16,12.1322,0,0,0
2009-06-02,21.23,21.23,21.23,21.23,12.1723,0,0,0
2009-06-03,20.94,20.94,20.94,20.94,12.006,0,0,0
2009-06-04,21.12,21.12,21.12,21.12,12.1092,0,0,0
2009-06-05,21.04,21.04,21.04,21.04,12.0634,0,0,0
2009-06-08,20.97,20.97,20.97,20.97,12.0232,0,0,0
2009-06-09,21.08,21.08,21.08,21.08,12.0863,0,0,0
2009-06-10,21.04,21.04,21.04,21.04,12.0634,0,0,0
2009-06-11,21.2,21.2,21.2,21.2,12.1551,0,0,0
2009-06-12,21.2,21.2,21.2,21.2,12.1551,0,0,0
2009-06-15,20.74,20.74,20.74,20.74,11.8914,0,0,0
2009-06-16,20.53,20.53,20.53,20.53,11.771,0,0,0
2009-06-17,20.51,20.51,20.51,20.51,11.7595,0,0,0
2009-06-18,20.6,20.6,20.6,20.6,11.8111,0,0,0
2009-06-19,20.7,20.7,20.7,20.7,11.8684,0,0,0
2009-06-22,20.16,20.16,20.16,20.16,11.5588,0,0,0
2009-06-23,20.2,20.2,20.2,20.2,11.5818,0,0,0
2009-06-24,20.33,20.33,20.33,20.33,11.6563,0,0,0
2009-06-25,20.69,20.69,20.69,20.69,11.8627,0,0,0
2009-06-26,20.71,20.71,20.71,20.71,11.8742,0,0,0
2009-06-29,20.86,20.86,20.86,20.86,11.9602,0,0,0
2009-06-30,20.73,20.73,20.73,20.73,11.8856,0,0,0
2009-07-01,20.86,20.86,20.86,20.86,11.9602,0,0,0
2009-07-02,20.34,20.34,20.34,20.34,11.662,0,0,0
2009-07-06,20.33,20.33,20.33,20.33,11.6563,0,0,0
2009-07-07,20.01,20.01,20.01,20.01,11.4728,0,0,0
2009-07-08,19.97,19.97,19.97,19.97,11.4499,0,0,0
2009-07-09,20.04,20.04,20.04,20.04,11.49,0,0,0
2009-07-10,19.98,19.98,19.98,19.98,11.4556,0,0,0
2009-07-13,20.38,20.38,20.38,20.38,11.685,0,0,0
2009-07-14,20.46,20.46,20.46,20.46,11.7308,0,0,0
2009-07-15,20.97,20.97,20.97,20.97,12.0232,0,0,0
2009-07-16,21.15,21.15,21.15,21.15,12.1264,0,0,0
2009-07-17,21.13,21.13,21.13,21.13,12.115,0,0,0
2009-07-20,21.38,21.38,21.38,21.38,12.2583,0,0,0
2009-07-21,21.46,21.46,21.46,21.46,12.3042,0,0,0
2009-07-22,21.48,21.48,21.48,21.48,12.3156,0,0,0
2009-07-23,21.88,21.88,21.88,21.88,12.545,0,0,0
2009-07-24,21.96,21.96,21.96,21.96,12.5908,0,0,0
2009-07-27,22.02,22.02,22.02,22.02,12.6253,0,0,0
2009-07-28,21.98,21.98,21.98,21.98,12.6023,0,0,0
2009-07-29,21.88,21.88,21.88,21.88,12.545,0,0,0
2009-07-30,22.14,22.14,22.14,22.14,12.6941,0,0,0
2009-07-31,22.22,22.22,22.22,22.22,12.7399,0,0,0
2009-08-03,22.55,22.55,22.55,22.55,12.9291,0,0,0
2009-08-04,22.59,22.59,22.59,22.59,12.9521,0,0,0
2009-08-05,22.52,22.52,22.52,22.52,12.9119,0,0,0
2009-08-06,22.43,22.43,22.43,22.43,12.8603,0,0,0
2009-08-07,22.65,22.65,22.65,22.65,12.9865,0,0,0
2009-08-10,22.59,22.59,22.59,22.59,12.9521,0,0,0
2009-08-11,22.36,22.36,22.36,22.36,12.8202,0,0,0
2009-08-12,22.59,22.59,22.59,22.59,12.9521,0,0,0
2009-08-13,22.76,22.76,22.76,22.76,13.0495,0,0,0
2009-08-14,22.6,22.6,22.6,22.6,12.9578,0,0,0
2009-08-17,22.09,22.09,22.09,22.09,12.6654,0,0,0
2009-08-18,22.31,22.31,22.31,22.31,12.7915,0,0,0
2009-08-19,22.44,22.44,22.44,22.44,12.8661,0,0,0
2009-08-20,22.66,22.66,22.66,22.66,12.9922,0,0,0
2009-08-21,23,23,23,23,13.1871,0,0,0
2009-08-24,23.02,23.02,23.02,23.02,13.1986,0,0,0
2009-08-25,23.08,23.08,23.08,23.08,13.233,0,0,0
2009-08-26,23.07,23.07,23.07,23.07,13.2273,0,0,0
2009-08-27,23.14,23.14,23.14,23.14,13.2674,0,0,0
2009-08-28,23.12,23.12,23.12,23.12,13.2559,0,0,0
2009-08-31,22.97,22.97,22.97,22.97,13.1699,0,0,0
2009-09-01,22.53,22.53,22.53,22.53,12.9177,0,0,0
2009-09-02,22.49,22.49,22.49,22.49,12.8947,0,0,0
2009-09-03,22.64,22.64,22.64,22.64,12.9807,0,0,0
2009-09-04,22.89,22.89,22.89,22.89,13.1241,0,0,0
2009-09-08,23.12,23.12,23.12,23.12,13.2559,0,0,0
2009-09-09,23.31,23.31,23.31,23.31,13.3649,0,0,0
2009-09-10,23.53,23.53,23.53,23.53,13.491,0,0,0
2009-09-11,23.53,23.53,23.53,23.53,13.491,0,0,0
2009-09-14,23.63,23.63,23.63,23.63,13.5483,0,0,0
2009-09-15,23.71,23.71,23.71,23.71,13.5942,0,0,0
2009-09-16,24.04,24.04,24.04,24.04,13.7834,0,0,0
2009-09-17,23.99,23.99,23.99,23.99,13.7548,0,0,0
2009-09-18,24.02,24.02,24.02,24.02,13.772,0,0,0
2009-09-21,23.93,23.93,23.93,23.93,13.7204,0,0,0
2009-09-22,24.1,24.1,24.1,24.1,13.8178,0,0,0
2009-09-23,23.91,23.91,23.91,23.91,13.7089,0,0,0
2009-09-24,23.67,23.67,23.67,23.67,13.5713,0,0,0
2009-09-25,23.56,23.56,23.56,23.56,13.5082,0,0,0
2009-09-28,23.91,23.91,23.91,23.91,13.7089,0,0,0
2009-09-29,23.87,23.87,23.87,23.87,13.686,0,0,0
2009-09-30,23.81,23.81,23.81,23.81,13.6516,0,0,0
2009-10-01,23.28,23.28,23.28,23.28,13.3477,0,0,0
2009-10-02,23.15,23.15,23.15,23.15,13.2731,0,0,0
2009-10-05,23.45,23.45,23.45,23.45,13.4451,0,0,0
2009-10-06,23.75,23.75,23.75,23.75,13.6172,0,0,0
2009-10-07,23.81,23.81,23.81,23.81,13.6516,0,0,0
2009-10-08,24,24,24,24,13.7605,0,0,0
2009-10-09,24.07,24.07,24.07,24.07,13.8006,0,0,0
2009-10-12,24.17,24.17,24.17,24.17,13.858,0,0,0
2009-10-13,24.12,24.12,24.12,24.12,13.8293,0,0,0
2009-10-14,24.49,24.49,24.49,24.49,14.0414,0,0,0
2009-10-15,24.55,24.55,24.55,24.55,14.0758,0,0,0
2009-10-16,24.37,24.37,24.37,24.37,13.9726,0,0,0
2009-10-19,24.59,24.59,24.59,24.59,14.0988,0,0,0
2009-10-20,24.46,24.46,24.46,24.46,14.0242,0,0,0
2009-10-21,24.29,24.29,24.29,24.29,13.9268,0,0,0
2009-10-22,24.48,24.48,24.48,24.48,14.0357,0,0,0
2009-10-23,24.21,24.21,24.21,24.21,13.8809,0,0,0
2009-10-26,23.95,23.95,23.95,23.95,13.7318,0,0,0
2009-10-27,23.86,23.86,23.86,23.86,13.6802,0,0,0
2009-10-28,23.41,23.41,23.41,23.41,13.4222,0,0,0
2009-10-29,23.85,23.85,23.85,23.85,13.6745,0,0,0
2009-10-30,23.31,23.31,23.31,23.31,13.3649,0,0,0
2009-11-02,23.42,23.42,23.42,23.42,13.4279,0,0,0
2009-11-03,23.43,23.43,23.43,23.43,13.4337,0,0,0
2009-11-04,23.52,23.52,23.52,23.52,13.4853,0,0,0
2009-11-05,23.86,23.86,23.86,23.86,13.6802,0,0,0
2009-11-06,23.9,23.9,23.9,23.9,13.7032,0,0,0
2009-11-09,24.38,24.38,24.38,24.38,13.9784,0,0,0
2009-11-10,24.35,24.35,24.35,24.35,13.9612,0,0,0
2009-11-11,24.45,24.45,24.45,24.45,14.0185,0,0,0
2009-11-12,24.24,24.24,24.24,24.24,13.8981,0,0,0
2009-11-13,24.39,24.39,24.39,24.39,13.9841,0,0,0
2009-11-16,24.73,24.73,24.73,24.73,14.179,0,0,0
2009-11-17,24.68,24.68,24.68,24.68,14.1504,0,0,0
2009-11-18,24.66,24.66,24.66,24.66,14.1389,0,0,0
2009-11-19,24.34,24.34,24.34,24.34,13.9554,0,0,0
2009-11-20,24.25,24.25,24.25,24.25,13.9038,0,0,0
2009-11-23,24.56,24.56,24.56,24.56,14.0816,0,0,0
2009-11-24,24.51,24.51,24.51,24.51,14.0529,0,0,0
2009-11-25,24.68,24.68,24.68,24.68,14.1504,0,0,0
2009-11-27,24.24,24.24,24.24,24.24,13.8981,0,0,0
2009-11-30,24.31,24.31,24.31,24.31,13.9382,0,0,0
2009-12-01,24.65,24.65,24.65,24.65,14.1332,0,0,0
2009-12-02,24.69,24.69,24.69,24.69,14.1561,0,0,0
2009-12-03,24.56,24.56,24.56,24.56,14.0816,0,0,0
2009-12-04,24.64,24.64,24.64,24.64,14.1274,0,0,0
2009-12-07,24.58,24.58,24.58,24.58,14.093,0,0,0
2009-12-08,24.34,24.34,24.34,24.34,13.9554,0,0,0
2009-12-09,24.37,24.37,24.37,24.37,13.9726,0,0,0
2009-12-10,24.46,24.46,24.46,24.46,14.0242,0,0,0
2009-12-11,24.52,24.52,24.52,24.52,14.0586,0,0,0
2009-12-14,24.69,24.69,24.69,24.69,14.1561,0,0,0
2009-12-15,24.57,24.57,24.57,24.57,14.0873,0,0,0
2009-12-16,24.67,24.67,24.67,24.67,14.1446,0,0,0
2009-12-17,24.38,24.38,24.38,24.38,13.9784,0,0,0
2009-12-18,24.45,24.45,24.45,24.45,14.0185,0,0,0
2009-12-21,24.61,24.61,24.61,24.61,14.1102,0,0,0
2009-12-22,24.71,24.71,24.71,24.71,14.1676,0,0,0
2009-12-23,24.8,24.8,24.8,24.8,14.2192,0,0,0
2009-12-24,24.9,24.9,24.9,24.9,14.2765,0,0,0
2009-12-28,24.44,24.44,24.44,24.44,14.3028,0,0.505,0
2009-12-29,24.43,24.43,24.43,24.43,14.297,0,0,0
2009-12-30,24.41,24.41,24.41,24.41,14.2853,0,0,0
2009-12-31,24.26,24.26,24.26,24.26,14.1975,0,0,0
2010-01-04,24.63,24.63,24.63,24.63,14.414,0,0,0
2010-01-05,24.7,24.7,24.7,24.7,14.455,0,0,0
2010-01-06,24.73,24.73,24.73,24.73,14.4726,0,0,0
2010-01-07,24.77,24.77,24.77,24.77,14.496,0,0,0
2010-01-08,24.88,24.88,24.88,24.88,14.5603,0,0,0
2010-01-11,24.94,24.94,24.94,24.94,14.5955,0,0,0
2010-01-12,24.76,24.76,24.76,24.76,14.4901,0,0,0
2010-01-13,24.9,24.9,24.9,24.9,14.5721,0,0,0
2010-01-14,24.99,24.99,24.99,24.99,14.6247,0,0,0
2010-01-15,24.76,24.76,24.76,24.76,14.4901,0,0,0
2010-01-19,24.99,24.99,24.99,24.99,14.6247,0,0,0
2010-01-20,24.69,24.69,24.69,24.69,14.4492,0,0,0
2010-01-21,24.34,24.34,24.34,24.34,14.2443,0,0,0
2010-01-22,23.92,23.92,23.92,23.92,13.9985,0,0,0
2010-01-25,24.02,24.02,24.02,24.02,14.0571,0,0,0
2010-01-26,23.91,23.91,23.91,23.91,13.9927,0,0,0
2010-01-27,23.95,23.95,23.95,23.95,14.0161,0,0,0
2010-01-28,23.69,23.69,23.69,23.69,13.8639,0,0,0
2010-01-29,23.51,23.51,23.51,23.51,13.7586,0,0,0
2010-02-01,23.79,23.79,23.79,23.79,13.9225,0,0,0
2010-02-02,24.05,24.05,24.05,24.05,14.0746,0,0,0
2010-02-03,23.91,23.91,23.91,23.91,13.9927,0,0,0
2010-02-04,23.26,23.26,23.26,23.26,13.6123,0,0,0
2010-02-05,23.22,23.22,23.22,23.22,13.5889,0,0,0
2010-02-08,23.07,23.07,23.07,23.07,13.5011,0,0,0
2010-02-09,23.36,23.36,23.36,23.36,13.6708,0,0,0
2010-02-10,23.31,23.31,23.31,23.31,13.6415,0,0,0
2010-02-11,23.5,23.5,23.5,23.5,13.7527,0,0,0
2010-02-12,23.46,23.46,23.46,23.46,13.7293,0,0,0
2010-02-16,23.84,23.84,23.84,23.84,13.9517,0,0,0
2010-02-17,23.91,23.91,23.91,23.91,13.9927,0,0,0
2010-02-18,24.03,24.03,24.03,24.03,14.0629,0,0,0
2010-02-19,24.04,24.04,24.04,24.04,14.0688,0,0,0
2010-02-22,24.06,24.06,24.06,24.06,14.0805,0,0,0
2010-02-23,23.81,23.81,23.81,23.81,13.9342,0,0,0
2010-02-24,23.97,23.97,23.97,23.97,14.0278,0,0,0
2010-02-25,23.93,23.93,23.93,23.93,14.0044,0,0,0
2010-02-26,24,24,24,24,14.0453,0,0,0
2010-03-01,24.21,24.21,24.21,24.21,14.1682,0,0,0
2010-03-02,24.32,24.32,24.32,24.32,14.2326,0,0,0
2010-03-03,24.41,24.41,24.41,24.41,14.2853,0,0,0
2010-03-04,24.43,24.43,24.43,24.43,14.297,0,0,0
2010-03-05,24.74,24.74,24.74,24.74,14.4784,0,0,0
2010-03-08,24.75,24.75,24.75,24.75,14.4843,0,0,0
2010-03-09,24.77,24.77,24.77,24.77,14.496,0,0,0
2010-03-10,24.89,24.89,24.89,24.89,14.5662,0,0,0
2010-03-11,24.96,24.96,24.96,24.96,14.6072,0,0,0
2010-03-12,25.01,25.01,25.01,25.01,14.6364,0,0,0
2010-03-15,24.95,24.95,24.95,24.95,14.6013,0,0,0
2010-03-16,25.16,25.16,25.16,25.16,14.7242,0,0,0
2010-03-17,25.3,25.3,25.3,25.3,14.8061,0,0,0
2010-03-18,25.23,25.23,25.23,25.23,14.7652,0,0,0
2010-03-19,25.09,25.09,25.09,25.09,14.6832,0,0,0
2010-03-22,25.19,25.19,25.19,25.19,14.7418,0,0,0
2010-03-23,25.35,25.35,25.35,25.35,14.8354,0,0,0
2010-03-24,25.16,25.16,25.16,25.16,14.7242,0,0,0
2010-03-25,25.11,25.11,25.11,25.11,14.6949,0,0,0
2010-03-26,25.18,25.18,25.18,25.18,14.7359,0,0,0
2010-03-29,25.33,25.33,25.33,25.33,14.8237,0,0,0
2010-03-30,25.32,25.32,25.32,25.32,14.8178,0,0,0
2010-03-31,25.28,25.28,25.28,25.28,14.7944,0,0,0
2010-04-01,25.48,25.48,25.48,25.48,14.9115,0,0,0
2010-04-05,25.6,25.6,25.6,25.6,14.9817,0,0,0
2010-04-06,25.66,25.66,25.66,25.66,15.0168,0,0,0
2010-04-07,25.57,25.57,25.57,25.57,14.9641,0,0,0
2010-04-08,25.57,25.57,25.57,25.57,14.9641,0,0,0
2010-04-09,25.77,25.77,25.77,25.77,15.0812,0,0,0
2010-04-12,25.84,25.84,25.84,25.84,15.1222,0,0,0
2010-04-13,25.84,25.84,25.84,25.84,15.1222,0,0,0
2010-04-14,26.11,26.11,26.11,26.11,15.2802,0,0,0
2010-04-15,26.13,26.13,26.13,26.13,15.2919,0,0,0
2010-04-16,25.74,25.74,25.74,25.74,15.0636,0,0,0
2010-04-19,25.74,25.74,25.74,25.74,15.0636,0,0,0
2010-04-20,25.92,25.92,25.92,25.92,15.169,0,0,0
2010-04-21,25.9,25.9,25.9,25.9,15.1573,0,0,0
2010-04-22,25.87,25.87,25.87,25.87,15.1397,0,0,0
2010-04-23,26.04,26.04,26.04,26.04,15.2392,0,0,0
2010-04-26,26.01,26.01,26.01,26.01,15.2216,0,0,0
2010-04-27,25.42,25.42,25.42,25.42,14.8764,0,0,0
2010-04-28,25.47,25.47,25.47,25.47,14.9056,0,0,0
2010-04-29,25.79,25.79,25.79,25.79,15.0929,0,0,0
2010-04-30,25.46,25.46,25.46,25.46,14.8998,0,0,0
2010-05-03,25.69,25.69,25.69,25.69,15.0344,0,0,0
2010-05-04,25.08,25.08,25.08,25.08,14.6774,0,0,0
2010-05-05,24.87,24.87,24.87,24.87,14.5545,0,0,0
2010-05-06,24.17,24.17,24.17,24.17,14.1448,0,0,0
2010-05-07,23.84,23.84,23.84,23.84,13.9517,0,0,0
2010-05-10,24.8,24.8,24.8,24.8,14.5135,0,0,0
2010-05-11,24.71,24.71,24.71,24.71,14.4609,0,0,0
2010-05-12,25,25,25,25,14.6306,0,0,0
2010-05-13,24.78,24.78,24.78,24.78,14.5018,0,0,0
2010-05-14,24.34,24.34,24.34,24.34,14.2443,0,0,0
2010-05-17,24.35,24.35,24.35,24.35,14.2502,0,0,0
2010-05-18,24.03,24.03,24.03,24.03,14.0629,0,0,0
2010-05-19,23.96,23.96,23.96,23.96,14.0219,0,0,0
2010-05-20,23.22,23.22,23.22,23.22,13.5889,0,0,0
2010-05-21,23.5,23.5,23.5,23.5,13.7527,0,0,0
2010-05-24,23.24,23.24,23.24,23.24,13.6006,0,0,0
2010-05-25,23.19,23.19,23.19,23.19,13.5713,0,0,0
2010-05-26,23.09,23.09,23.09,23.09,13.5128,0,0,0
2010-05-27,23.8,23.8,23.8,23.8,13.9283,0,0,0
2010-05-28,23.57,23.57,23.57,23.57,13.7937,0,0,0
2010-06-01,23.26,23.26,23.26,23.26,13.6123,0,0,0
2010-06-02,23.72,23.72,23.72,23.72,13.8815,0,0,0
2010-06-03,23.8,23.8,23.8,23.8,13.9283,0,0,0
2010-06-04,23.09,23.09,23.09,23.09,13.5128,0,0,0
2010-06-07,22.82,22.82,22.82,22.82,13.3548,0,0,0
2010-06-08,22.97,22.97,22.97,22.97,13.4426,0,0,0
2010-06-09,22.92,22.92,22.92,22.92,13.4133,0,0,0
2010-06-10,23.52,23.52,23.52,23.52,13.7644,0,0,0
2010-06-11,23.63,23.63,23.63,23.63,13.8288,0,0,0
2010-06-14,23.7,23.7,23.7,23.7,13.8698,0,0,0
2010-06-15,24.18,24.18,24.18,24.18,14.1507,0,0,0
2010-06-16,24.14,24.14,24.14,24.14,14.1273,0,0,0
2010-06-17,24.19,24.19,24.19,24.19,14.1565,0,0,0
2010-06-18,24.21,24.21,24.21,24.21,14.1682,0,0,0
2010-06-21,24.17,24.17,24.17,24.17,14.1448,0,0,0
2010-06-22,23.86,23.86,23.86,23.86,13.9634,0,0,0
2010-06-23,23.85,23.85,23.85,23.85,13.9576,0,0,0
2010-06-24,23.5,23.5,23.5,23.5,13.7527,0,0,0
2010-06-25,23.59,23.59,23.59,23.59,13.8054,0,0,0
2010-06-28,23.56,23.56,23.56,23.56,13.7878,0,0,0
2010-06-29,22.91,22.91,22.91,22.91,13.4075,0,0,0
2010-06-30,22.75,22.75,22.75,22.75,13.3138,0,0,0
2010-07-01,22.73,22.73,22.73,22.73,13.3021,0,0,0
2010-07-02,22.66,22.66,22.66,22.66,13.2612,0,0,0
2010-07-06,22.83,22.83,22.83,22.83,13.3606,0,0,0
2010-07-07,23.41,23.41,23.41,23.41,13.7001,0,0,0
2010-07-08,23.6,23.6,23.6,23.6,13.8113,0,0,0
2010-07-09,23.71,23.71,23.71,23.71,13.8756,0,0,0
2010-07-12,23.69,23.69,23.69,23.69,13.8639,0,0,0
2010-07-13,24.05,24.05,24.05,24.05,14.0746,0,0,0
2010-07-14,24.09,24.09,24.09,24.09,14.098,0,0,0
2010-07-15,24.11,24.11,24.11,24.11,14.1097,0,0,0
2010-07-16,23.54,23.54,23.54,23.54,13.7761,0,0,0
2010-07-19,23.61,23.61,23.61,23.61,13.8171,0,0,0
2010-07-20,23.82,23.82,23.82,23.82,13.94,0,0,0
2010-07-21,23.57,23.57,23.57,23.57,13.7937,0,0,0
2010-07-22,24.09,24.09,24.09,24.09,14.098,0,0,0
2010-07-23,24.28,24.28,24.28,24.28,14.2092,0,0,0
2010-07-26,24.52,24.52,24.52,24.52,14.3497,0,0,0
2010-07-27,24.51,24.51,24.51,24.51,14.3438,0,0,0
2010-07-28,24.38,24.38,24.38,24.38,14.2677,0,0,0
2010-07-29,24.37,24.37,24.37,24.37,14.2619,0,0,0
2010-07-30,24.35,24.35,24.35,24.35,14.2502,0,0,0
2010-08-02,24.84,24.84,24.84,24.84,14.5369,0,0,0
2010-08-03,24.78,24.78,24.78,24.78,14.5018,0,0,0
2010-08-04,24.86,24.86,24.86,24.86,14.5486,0,0,0
2010-08-05,24.84,24.84,24.84,24.84,14.5369,0,0,0
2010-08-06,24.81,24.81,24.81,24.81,14.5194,0,0,0
2010-08-09,24.91,24.91,24.91,24.91,14.5779,0,0,0
2010-08-10,24.75,24.75,24.75,24.75,14.4843,0,0,0
2010-08-11,24.07,24.07,24.07,24.07,14.0863,0,0,0
2010-08-12,23.97,23.97,23.97,23.97,14.0278,0,0,0
2010-08-13,23.9,23.9,23.9,23.9,13.9868,0,0,0
2010-08-16,23.96,23.96,23.96,23.96,14.0219,0,0,0
2010-08-17,24.22,24.22,24.22,24.22,14.1741,0,0,0
2010-08-18,24.24,24.24,24.24,24.24,14.1858,0,0,0
2010-08-19,23.91,23.91,23.91,23.91,13.9927,0,0,0
2010-08-20,23.79,23.79,23.79,23.79,13.9225,0,0,0
2010-08-23,23.71,23.71,23.71,23.71,13.8756,0,0,0
2010-08-24,23.43,23.43,23.43,23.43,13.7118,0,0,0
2010-08-25,23.47,23.47,23.47,23.47,13.7352,0,0,0
2010-08-26,23.4,23.4,23.4,23.4,13.6942,0,0,0
2010-08-27,23.72,23.72,23.72,23.72,13.8815,0,0,0
2010-08-30,23.47,23.47,23.47,23.47,13.7352,0,0,0
2010-08-31,23.49,23.49,23.49,23.49,13.7469,0,0,0
2010-09-01,24.11,24.11,24.11,24.11,14.1097,0,0,0
2010-09-02,24.26,24.26,24.26,24.26,14.1975,0,0,0
2010-09-03,24.52,24.52,24.52,24.52,14.3497,0,0,0
2010-09-07,24.29,24.29,24.29,24.29,14.2151,0,0,0
2010-09-08,24.41,24.41,24.41,24.41,14.2853,0,0,0
2010-09-09,24.52,24.52,24.52,24.52,14.3497,0,0,0
2010-09-10,24.58,24.58,24.58,24.58,14.3848,0,0,0
2010-09-13,24.89,24.89,24.89,24.89,14.5662,0,0,0
2010-09-14,24.93,24.93,24.93,24.93,14.5896,0,0,0
2010-09-15,24.98,24.98,24.98,24.98,14.6189,0,0,0
2010-09-16,24.93,24.93,24.93,24.93,14.5896,0,0,0
2010-09-17,24.94,24.94,24.94,24.94,14.5955,0,0,0
2010-09-20,25.27,25.27,25.27,25.27,14.7886,0,0,0
2010-09-21,25.26,25.26,25.26,25.26,14.7827,0,0,0
2010-09-22,25.17,25.17,25.17,25.17,14.7301,0,0,0
2010-09-23,25,25,25,25,14.6306,0,0,0
2010-09-24,25.47,25.47,25.47,25.47,14.9056,0,0,0
2010-09-27,25.39,25.39,25.39,25.39,14.8588,0,0,0
2010-09-28,25.52,25.52,25.52,25.52,14.9349,0,0,0
2010-09-29,25.48,25.48,25.48,25.48,14.9115,0,0,0
2010-09-30,25.4,25.4,25.4,25.4,14.8647,0,0,0
2010-10-01,25.51,25.51,25.51,25.51,14.929,0,0,0
2010-10-04,25.32,25.32,25.32,25.32,14.8178,0,0,0
2010-10-05,25.79,25.79,25.79,25.79,15.0929,0,0,0
2010-10-06,25.85,25.85,25.85,25.85,15.128,0,0,0
2010-10-07,25.82,25.82,25.82,25.82,15.1105,0,0,0
2010-10-08,25.96,25.96,25.96,25.96,15.1924,0,0,0
2010-10-11,25.96,25.96,25.96,25.96,15.1924,0,0,0
2010-10-12,26,26,26,26,15.2158,0,0,0
2010-10-13,26.21,26.21,26.21,26.21,15.3387,0,0,0
2010-10-14,26.2,26.2,26.2,26.2,15.3328,0,0,0
2010-10-15,26.17,26.17,26.17,26.17,15.3153,0,0,0
2010-10-18,26.32,26.32,26.32,26.32,15.4031,0,0,0
2010-10-19,25.93,25.93,25.93,25.93,15.1748,0,0,0
2010-10-20,26.2,26.2,26.2,26.2,15.3328,0,0,0
2010-10-21,26.2,26.2,26.2,26.2,15.3328,0,0,0
2010-10-22,26.25,26.25,26.25,26.25,15.3621,0,0,0
2010-10-25,26.34,26.34,26.34,26.34,15.4148,0,0,0
2010-10-26,26.26,26.26,26.26,26.26,15.368,0,0,0
2010-10-27,26.14,26.14,26.14,26.14,15.2977,0,0,0
2010-10-28,26.23,26.23,26.23,26.23,15.3504,0,0,0
2010-10-29,26.25,26.25,26.25,26.25,15.3621,0,0,0
2010-11-01,26.25,26.25,26.25,26.25,15.3621,0,0,0
2010-11-02,26.48,26.48,26.48,26.48,15.4967,0,0,0
2010-11-03,26.56,26.56,26.56,26.56,15.5435,0,0,0
2010-11-04,27.06,27.06,27.06,27.06,15.8361,0,0,0
2010-11-05,27.08,27.08,27.08,27.08,15.8478,0,0,0
2010-11-08,27.02,27.02,27.02,27.02,15.8127,0,0,0
2010-11-09,26.82,26.82,26.82,26.82,15.6957,0,0,0
2010-11-10,26.91,26.91,26.91,26.91,15.7483,0,0,0
2010-11-11,26.79,26.79,26.79,26.79,15.6781,0,0,0
2010-11-12,26.53,26.53,26.53,26.53,15.526,0,0,0
2010-11-15,26.49,26.49,26.49,26.49,15.5026,0,0,0
2010-11-16,26.08,26.08,26.08,26.08,15.2626,0,0,0
2010-11-17,26.14,26.14,26.14,26.14,15.2977,0,0,0
2010-11-18,26.53,26.53,26.53,26.53,15.526,0,0,0
2010-11-19,26.58,26.58,26.58,26.58,15.5552,0,0,0
2010-11-22,26.54,26.54,26.54,26.54,15.5318,0,0,0
2010-11-23,26.12,26.12,26.12,26.12,15.286,0,0,0
2010-11-24,26.43,26.43,26.43,26.43,15.4674,0,0,0
2010-11-26,26.26,26.26,26.26,26.26,15.368,0,0,0
2010-11-29,26.16,26.16,26.16,26.16,15.3094,0,0,0
2010-11-30,25.99,25.99,25.99,25.99,15.2099,0,0,0
2010-12-01,26.48,26.48,26.48,26.48,15.4967,0,0,0
2010-12-02,26.8,26.8,26.8,26.8,15.684,0,0,0
2010-12-03,26.93,26.93,26.93,26.93,15.7601,0,0,0
2010-12-06,26.92,26.92,26.92,26.92,15.7542,0,0,0
2010-12-07,26.91,26.91,26.91,26.91,15.7483,0,0,0
2010-12-08,26.95,26.95,26.95,26.95,15.7718,0,0,0
2010-12-09,27.04,27.04,27.04,27.04,15.8244,0,0,0
2010-12-10,27.14,27.14,27.14,27.14,15.8829,0,0,0
2010-12-13,27.23,27.23,27.23,27.23,15.9356,0,0,0
2010-12-14,27.24,27.24,27.24,27.24,15.9415,0,0,0
2010-12-15,27.04,27.04,27.04,27.04,15.8244,0,0,0
2010-12-16,27.2,27.2,27.2,27.2,15.9181,0,0,0
2010-12-17,27.2,27.2,27.2,27.2,15.9181,0,0,0
2010-12-20,27.25,27.25,27.25,27.25,15.9473,0,0,0
2010-12-21,27.43,27.43,27.43,27.43,16.0527,0,0,0
2010-12-22,27.49,27.49,27.49,27.49,16.0878,0,0,0
2010-12-23,27.47,27.47,27.47,27.47,16.0761,0,0,0
2010-12-27,27.47,27.47,27.47,27.47,16.0761,0,0,0
2010-12-28,27.46,27.46,27.46,27.46,16.0702,0,0,0
2010-12-29,27.58,27.58,27.58,27.58,16.1404,0,0,0
2010-12-30,26.99,26.99,26.99,26.99,16.1082,0,0.536,0
2010-12-31,27,27,27,27,16.1142,0,0,0
2011-01-03,27.24,27.24,27.24,27.24,16.2574,0,0,0
2011-01-04,27.19,27.19,27.19,27.19,16.2276,0,0,0
2011-01-05,27.21,27.21,27.21,27.21,16.2395,0,0,0
2011-01-06,27.15,27.15,27.15,27.15,16.2037,0,0,0
2011-01-07,27.11,27.11,27.11,27.11,16.1798,0,0,0
2011-01-10,27.08,27.08,27.08,27.08,16.1619,0,0,0
2011-01-11,27.19,27.19,27.19,27.19,16.2276,0,0,0
2011-01-12,27.47,27.47,27.47,27.47,16.3947,0,0,0
2011-01-13,27.5,27.5,27.5,27.5,16.4126,0,0,0
2011-01-14,27.63,27.63,27.63,27.63,16.4902,0,0,0
2011-01-18,27.7,27.7,27.7,27.7,16.532,0,0,0
2011-01-19,27.48,27.48,27.48,27.48,16.4007,0,0,0
2011-01-20,27.34,27.34,27.34,27.34,16.3171,0,0,0
2011-01-21,27.41,27.41,27.41,27.41,16.3589,0,0,0
2011-01-24,27.57,27.57,27.57,27.57,16.4544,0,0,0
2011-01-25,27.58,27.58,27.58,27.58,16.4603,0,0,0
2011-01-26,27.71,27.71,27.71,27.71,16.5379,0,0,0
2011-01-27,27.78,27.78,27.78,27.78,16.5797,0,0,0
2011-01-28,27.35,27.35,27.35,27.35,16.3231,0,0,0
2011-01-31,27.51,27.51,27.51,27.51,16.4186,0,0,0
2011-02-01,27.92,27.92,27.92,27.92,16.6633,0,0,0
2011-02-02,27.91,27.91,27.91,27.91,16.6573,0,0,0
2011-02-03,27.9,27.9,27.9,27.9,16.6513,0,0,0
2011-02-04,27.94,27.94,27.94,27.94,16.6752,0,0,0
2011-02-07,28.09,28.09,28.09,28.09,16.7647,0,0,0
2011-02-08,28.18,28.18,28.18,28.18,16.8184,0,0,0
2011-02-09,28.13,28.13,28.13,28.13,16.7886,0,0,0
2011-02-10,28.08,28.08,28.08,28.08,16.7588,0,0,0
2011-02-11,28.22,28.22,28.22,28.22,16.8423,0,0,0
2011-02-14,28.3,28.3,28.3,28.3,16.8901,0,0,0
2011-02-15,28.23,28.23,28.23,28.23,16.8483,0,0,0
2011-02-16,28.42,28.42,28.42,28.42,16.9617,0,0,0
2011-02-17,28.52,28.52,28.52,28.52,17.0214,0,0,0
2011-02-18,28.57,28.57,28.57,28.57,17.0512,0,0,0
2011-02-22,28.05,28.05,28.05,28.05,16.7408,0,0,0
2011-02-23,27.91,27.91,27.91,27.91,16.6573,0,0,0
2011-02-24,27.9,27.9,27.9,27.9,16.6513,0,0,0
2011-02-25,28.2,28.2,28.2,28.2,16.8304,0,0,0
2011-02-28,28.36,28.36,28.36,28.36,16.9259,0,0,0
2011-03-01,28.02,28.02,28.02,28.02,16.7229,0,0,0
2011-03-02,28.05,28.05,28.05,28.05,16.7408,0,0,0
2011-03-03,28.4,28.4,28.4,28.4,16.9497,0,0,0
2011-03-04,28.27,28.27,28.27,28.27,16.8722,0,0,0
2011-03-07,28.05,28.05,28.05,28.05,16.7408,0,0,0
2011-03-08,28.21,28.21,28.21,28.21,16.8363,0,0,0
2011-03-09,28.19,28.19,28.19,28.19,16.8244,0,0,0
2011-03-10,27.73,27.73,27.73,27.73,16.5499,0,0,0
2011-03-11,27.82,27.82,27.82,27.82,16.6036,0,0,0
2011-03-14,27.6,27.6,27.6,27.6,16.4723,0,0,0
2011-03-15,27.28,27.28,27.28,27.28,16.2813,0,0,0
2011-03-16,26.82,26.82,26.82,26.82,16.0068,0,0,0
2011-03-17,27.23,27.23,27.23,27.23,16.2515,0,0,0
2011-03-18,27.39,27.39,27.39,27.39,16.3469,0,0,0
2011-03-21,27.78,27.78,27.78,27.78,16.5797,0,0,0
2011-03-22,27.71,27.71,27.71,27.71,16.5379,0,0,0
2011-03-23,27.75,27.75,27.75,27.75,16.5618,0,0,0
2011-03-24,27.98,27.98,27.98,27.98,16.6991,0,0,0
2011-03-25,27.99,27.99,27.99,27.99,16.705,0,0,0
2011-03-28,27.95,27.95,27.95,27.95,16.6812,0,0,0
2011-03-29,28.08,28.08,28.08,28.08,16.7588,0,0,0
2011-03-30,28.3,28.3,28.3,28.3,16.8901,0,0,0
2011-03-31,28.25,28.25,28.25,28.25,16.8602,0,0,0
2011-04-01,28.42,28.42,28.42,28.42,16.9617,0,0,0
2011-04-04,28.43,28.43,28.43,28.43,16.9676,0,0,0
2011-04-05,28.42,28.42,28.42,28.42,16.9617,0,0,0
2011-04-06,28.5,28.5,28.5,28.5,17.0094,0,0,0
2011-04-07,28.43,28.43,28.43,28.43,16.9676,0,0,0
2011-04-08,28.44,28.44,28.44,28.44,16.9736,0,0,0
2011-04-11,28.35,28.35,28.35,28.35,16.9199,0,0,0
2011-04-12,28.15,28.15,28.15,28.15,16.8005,0,0,0
2011-04-13,28.21,28.21,28.21,28.21,16.8363,0,0,0
2011-04-14,28.22,28.22,28.22,28.22,16.8423,0,0,0
2011-04-15,28.29,28.29,28.29,28.29,16.8931,0,0.015,0
2011-04-18,27.95,27.95,27.95,27.95,16.69,0,0,0
2011-04-19,28.09,28.09,28.09,28.09,16.7736,0,0,0
2011-04-20,28.51,28.51,28.51,28.51,17.0244,0,0,0
2011-04-21,28.66,28.66,28.66,28.66,17.114,0,0,0
2011-04-25,28.65,28.65,28.65,28.65,17.108,0,0,0
2011-04-26,28.86,28.86,28.86,28.86,17.2334,0,0,0
2011-04-27,29.04,29.04,29.04,29.04,17.3409,0,0,0
2011-04-28,29.17,29.17,29.17,29.17,17.4185,0,0,0
2011-04-29,29.24,29.24,29.24,29.24,17.4603,0,0,0
2011-05-02,29.2,29.2,29.2,29.2,17.4365,0,0,0
2011-05-03,29.07,29.07,29.07,29.07,17.3588,0,0,0
2011-05-04,28.87,28.87,28.87,28.87,17.2394,0,0,0
2011-05-05,28.61,28.61,28.61,28.61,17.0841,0,0,0
2011-05-06,28.69,28.69,28.69,28.69,17.1319,0,0,0
2011-05-09,28.82,28.82,28.82,28.82,17.2096,0,0,0
2011-05-10,29.01,29.01,29.01,29.01,17.323,0,0,0
2011-05-11,28.76,28.76,28.76,28.76,17.1737,0,0,0
2011-05-12,28.81,28.81,28.81,28.81,17.2036,0,0,0
2011-05-13,28.58,28.58,28.58,28.58,17.0662,0,0,0
2011-05-16,28.46,28.46,28.46,28.46,16.9946,0,0,0
2011-05-17,28.42,28.42,28.42,28.42,16.9707,0,0,0
2011-05-18,28.62,28.62,28.62,28.62,17.0901,0,0,0
2011-05-19,28.72,28.72,28.72,28.72,17.1498,0,0,0
2011-05-20,28.51,28.51,28.51,28.51,17.0244,0,0,0
2011-05-23,28.13,28.13,28.13,28.13,16.7975,0,0,0
2011-05-24,28.16,28.16,28.16,28.16,16.8154,0,0,0
2011-05-25,28.26,28.26,28.26,28.26,16.8751,0,0,0
2011-05-26,28.42,28.42,28.42,28.42,16.9707,0,0,0
2011-05-27,28.58,28.58,28.58,28.58,17.0662,0,0,0
2011-05-31,28.87,28.87,28.87,28.87,17.2394,0,0,0
2011-06-01,28.36,28.36,28.36,28.36,16.9349,0,0,0
2011-06-02,28.33,28.33,28.33,28.33,16.9169,0,0,0
2011-06-03,28.18,28.18,28.18,28.18,16.8274,0,0,0
2011-06-06,27.91,27.91,27.91,27.91,16.6662,0,0,0
2011-06-07,27.97,27.97,27.97,27.97,16.702,0,0,0
2011-06-08,27.8,27.8,27.8,27.8,16.6005,0,0,0
2011-06-09,27.94,27.94,27.94,27.94,16.6841,0,0,0
2011-06-10,27.57,27.57,27.57,27.57,16.4631,0,0,0
2011-06-13,27.6,27.6,27.6,27.6,16.481,0,0,0
2011-06-14,27.89,27.89,27.89,27.89,16.6542,0,0,0
2011-06-15,27.44,27.44,27.44,27.44,16.3855,0,0,0
2011-06-16,27.42,27.42,27.42,27.42,16.3736,0,0,0
2011-06-17,27.52,27.52,27.52,27.52,16.4333,0,0,0
2011-06-20,27.59,27.59,27.59,27.59,16.4751,0,0,0
2011-06-21,27.97,27.97,27.97,27.97,16.702,0,0,0
2011-06-22,27.82,27.82,27.82,27.82,16.6124,0,0,0
2011-06-23,27.72,27.72,27.72,27.72,16.5527,0,0,0
2011-06-24,27.5,27.5,27.5,27.5,16.4213,0,0,0
2011-06-27,27.65,27.65,27.65,27.65,16.5109,0,0,0
2011-06-28,27.94,27.94,27.94,27.94,16.6841,0,0,0
2011-06-29,28.19,28.19,28.19,28.19,16.8334,0,0,0
2011-06-30,28.46,28.46,28.46,28.46,16.9946,0,0,0
2011-07-01,28.78,28.78,28.78,28.78,17.1857,0,0,0
2011-07-05,28.75,28.75,28.75,28.75,17.1678,0,0,0
2011-07-06,28.75,28.75,28.75,28.75,17.1678,0,0,0
2011-07-07,28.98,28.98,28.98,28.98,17.3051,0,0,0
2011-07-08,28.82,28.82,28.82,28.82,17.2096,0,0,0
2011-07-11,28.3,28.3,28.3,28.3,16.899,0,0,0
2011-07-12,28.18,28.18,28.18,28.18,16.8274,0,0,0
2011-07-13,28.37,28.37,28.37,28.37,16.9408,0,0,0
2011-07-14,28.17,28.17,28.17,28.17,16.8214,0,0,0
2011-07-15,28.27,28.27,28.27,28.27,16.8811,0,0,0
2011-07-18,27.99,27.99,27.99,27.99,16.7139,0,0,0
2011-07-19,28.37,28.37,28.37,28.37,16.9408,0,0,0
2011-07-20,28.45,28.45,28.45,28.45,16.9886,0,0,0
2011-07-21,28.79,28.79,28.79,28.79,17.1916,0,0,0
2011-07-22,28.84,28.84,28.84,28.84,17.2215,0,0,0
2011-07-25,28.69,28.69,28.69,28.69,17.1319,0,0,0
2011-07-26,28.67,28.67,28.67,28.67,17.12,0,0,0
2011-07-27,28.14,28.14,28.14,28.14,16.8035,0,0,0
2011-07-28,28.06,28.06,28.06,28.06,16.7557,0,0,0
2011-07-29,28,28,28,28,16.7199,0,0,0
2011-08-01,27.85,27.85,27.85,27.85,16.6303,0,0,0
2011-08-02,27.27,27.27,27.27,27.27,16.284,0,0,0
2011-08-03,27.33,27.33,27.33,27.33,16.3198,0,0,0
2011-08-04,26.14,26.14,26.14,26.14,15.6092,0,0,0
2011-08-05,26.08,26.08,26.08,26.08,15.5734,0,0,0
2011-08-08,24.6,24.6,24.6,24.6,14.6896,0,0,0
2011-08-09,25.66,25.66,25.66,25.66,15.3226,0,0,0
2011-08-10,24.73,24.73,24.73,24.73,14.7673,0,0,0
2011-08-11,25.6,25.6,25.6,25.6,15.2868,0,0,0
2011-08-12,25.79,25.79,25.79,25.79,15.4002,0,0,0
2011-08-15,26.27,26.27,26.27,26.27,15.6868,0,0,0
2011-08-16,26.05,26.05,26.05,26.05,15.5555,0,0,0
2011-08-17,26.11,26.11,26.11,26.11,15.5913,0,0,0
2011-08-18,25.09,25.09,25.09,25.09,14.9822,0,0,0
2011-08-19,24.76,24.76,24.76,24.76,14.7852,0,0,0
2011-08-22,24.8,24.8,24.8,24.8,14.8091,0,0,0
2011-08-23,25.45,25.45,25.45,25.45,15.1972,0,0,0
2011-08-24,25.63,25.63,25.63,25.63,15.3047,0,0,0
2011-08-25,25.28,25.28,25.28,25.28,15.0957,0,0,0
2011-08-26,25.59,25.59,25.59,25.59,15.2808,0,0,0
2011-08-29,26.18,26.18,26.18,26.18,15.6331,0,0,0
2011-08-30,26.24,26.24,26.24,26.24,15.6689,0,0,0
2011-08-31,26.43,26.43,26.43,26.43,15.7824,0,0,0
2011-09-01,26.2,26.2,26.2,26.2,15.645,0,0,0
2011-09-02,25.64,25.64,25.64,25.64,15.3106,0,0,0
2011-09-06,25.27,25.27,25.27,25.27,15.0897,0,0,0
2011-09-07,25.91,25.91,25.91,25.91,15.4719,0,0,0
2011-09-08,25.66,25.66,25.66,25.66,15.3226,0,0,0
2011-09-09,25.05,25.05,25.05,25.05,14.9583,0,0,0
2011-09-12,25.05,25.05,25.05,25.05,14.9583,0,0,0
2011-09-13,25.28,25.28,25.28,25.28,15.0957,0,0,0
2011-09-14,25.57,25.57,25.57,25.57,15.2688,0,0,0
2011-09-15,25.94,25.94,25.94,25.94,15.4898,0,0,0
2011-09-16,26.04,26.04,26.04,26.04,15.5495,0,0,0
2011-09-19,25.73,25.73,25.73,25.73,15.3644,0,0,0
2011-09-20,25.7,25.7,25.7,25.7,15.3465,0,0,0
2011-09-21,25.08,25.08,25.08,25.08,14.9763,0,0,0
2011-09-22,24.39,24.39,24.39,24.39,14.5642,0,0,0
2011-09-23,24.52,24.52,24.52,24.52,14.6418,0,0,0
2011-09-26,24.93,24.93,24.93,24.93,14.8867,0,0,0
2011-09-27,25.3,25.3,25.3,25.3,15.1076,0,0,0
2011-09-28,24.85,24.85,24.85,24.85,14.8389,0,0,0
2011-09-29,25.07,25.07,25.07,25.07,14.9703,0,0,0
2011-09-30,24.55,24.55,24.55,24.55,14.6598,0,0,0
2011-10-03,23.89,23.89,23.89,23.89,14.2657,0,0,0
2011-10-04,24.32,24.32,24.32,24.32,14.5224,0,0,0
2011-10-05,24.69,24.69,24.69,24.69,14.7434,0,0,0
2011-10-06,25.14,25.14,25.14,25.14,15.0121,0,0,0
2011-10-07,24.97,24.97,24.97,24.97,14.9106,0,0,0
2011-10-10,25.71,25.71,25.71,25.71,15.3525,0,0,0
2011-10-11,25.71,25.71,25.71,25.71,15.3525,0,0,0
2011-10-12,25.99,25.99,25.99,25.99,15.5196,0,0,0
2011-10-13,25.95,25.95,25.95,25.95,15.4958,0,0,0
2011-10-14,26.29,26.29,26.29,26.29,15.6988,0,0,0
2011-10-17,25.84,25.84,25.84,25.84,15.4301,0,0,0
2011-10-18,26.23,26.23,26.23,26.23,15.663,0,0,0
2011-10-19,25.95,25.95,25.95,25.95,15.4958,0,0,0
2011-10-20,25.98,25.98,25.98,25.98,15.5137,0,0,0
2011-10-21,26.45,26.45,26.45,26.45,15.7943,0,0,0
2011-10-24,26.82,26.82,26.82,26.82,16.0153,0,0,0
2011-10-25,26.41,26.41,26.41,26.41,15.7704,0,0,0
2011-10-26,26.64,26.64,26.64,26.64,15.9078,0,0,0
2011-10-27,27.58,27.58,27.58,27.58,16.4691,0,0,0
2011-10-28,27.54,27.54,27.54,27.54,16.4452,0,0,0
2011-10-31,26.82,26.82,26.82,26.82,16.0153,0,0,0
2011-11-01,26.16,26.16,26.16,26.16,15.6212,0,0,0
2011-11-02,26.48,26.48,26.48,26.48,15.8122,0,0,0
2011-11-03,26.93,26.93,26.93,26.93,16.081,0,0,0
2011-11-04,26.78,26.78,26.78,26.78,15.9914,0,0,0
2011-11-07,26.88,26.88,26.88,26.88,16.0511,0,0,0
2011-11-08,27.13,27.13,27.13,27.13,16.2004,0,0,0
2011-11-09,26.23,26.23,26.23,26.23,15.663,0,0,0
2011-11-10,26.37,26.37,26.37,26.37,15.7466,0,0,0
2011-11-11,26.87,26.87,26.87,26.87,16.0451,0,0,0
2011-11-14,26.62,26.62,26.62,26.62,15.8958,0,0,0
2011-11-15,26.66,26.66,26.66,26.66,15.9197,0,0,0
2011-11-16,26.32,26.32,26.32,26.32,15.7167,0,0,0
2011-11-17,25.98,25.98,25.98,25.98,15.5137,0,0,0
2011-11-18,25.98,25.98,25.98,25.98,15.5137,0,0,0
2011-11-21,25.52,25.52,25.52,25.52,15.239,0,0,0
2011-11-22,25.43,25.43,25.43,25.43,15.1852,0,0,0
2011-11-23,24.93,24.93,24.93,24.93,14.8867,0,0,0
2011-11-25,24.84,24.84,24.84,24.84,14.8329,0,0,0
2011-11-28,25.54,25.54,25.54,25.54,15.2509,0,0,0
2011-11-29,25.61,25.61,25.61,25.61,15.2927,0,0,0
2011-11-30,26.57,26.57,26.57,26.57,15.866,0,0,0
2011-12-01,26.49,26.49,26.49,26.49,15.8182,0,0,0
2011-12-02,26.54,26.54,26.54,26.54,15.8481,0,0,0
2011-12-05,26.78,26.78,26.78,26.78,15.9914,0,0,0
2011-12-06,26.74,26.74,26.74,26.74,15.9675,0,0,0
2011-12-07,26.8,26.8,26.8,26.8,16.0033,0,0,0
2011-12-08,26.28,26.28,26.28,26.28,15.6928,0,0,0
2011-12-09,26.67,26.67,26.67,26.67,15.9257,0,0,0
2011-12-12,26.26,26.26,26.26,26.26,15.6809,0,0,0
2011-12-13,26.03,26.03,26.03,26.03,15.5435,0,0,0
2011-12-14,25.76,25.76,25.76,25.76,15.3823,0,0,0
2011-12-15,25.86,25.86,25.86,25.86,15.442,0,0,0
2011-12-16,25.92,25.92,25.92,25.92,15.4778,0,0,0
2011-12-19,25.66,25.66,25.66,25.66,15.3226,0,0,0
2011-12-20,26.31,26.31,26.31,26.31,15.7107,0,0,0
2011-12-21,26.31,26.31,26.31,26.31,15.7107,0,0,0
2011-12-22,26.5,26.5,26.5,26.5,15.8242,0,0,0
2011-12-23,26.66,26.66,26.66,26.66,15.9197,0,0,0
2011-12-27,26.68,26.68,26.68,26.68,15.9317,0,0,0
2011-12-28,26.37,26.37,26.37,26.37,15.7466,0,0,0
2011-12-29,25.99,25.99,25.99,25.99,15.9063,0,0.641,0
2011-12-30,25.97,25.97,25.97,25.97,15.8941,0,0,0
2012-01-03,26.39,26.39,26.39,26.39,16.1511,0,0,0
2012-01-04,26.33,26.33,26.33,26.33,16.1144,0,0,0
2012-01-05,26.28,26.28,26.28,26.28,16.0838,0,0,0
2012-01-06,26.21,26.21,26.21,26.21,16.0409,0,0,0
2012-01-09,26.26,26.26,26.26,26.26,16.0715,0,0,0
2012-01-10,26.52,26.52,26.52,26.52,16.2307,0,0,0
2012-01-11,26.51,26.51,26.51,26.51,16.2245,0,0,0
2012-01-12,26.58,26.58,26.58,26.58,16.2674,0,0,0
2012-01-13,26.45,26.45,26.45,26.45,16.1878,0,0,0
2012-01-17,26.59,26.59,26.59,26.59,16.2735,0,0,0
2012-01-18,26.86,26.86,26.86,26.86,16.4387,0,0,0
2012-01-19,27.02,27.02,27.02,27.02,16.5367,0,0,0
2012-01-20,27.05,27.05,27.05,27.05,16.555,0,0,0
2012-01-23,27.1,27.1,27.1,27.1,16.5856,0,0,0
2012-01-24,27.08,27.08,27.08,27.08,16.5734,0,0,0
2012-01-25,27.31,27.31,27.31,27.31,16.7142,0,0,0
2012-01-26,27.26,27.26,27.26,27.26,16.6836,0,0,0
2012-01-27,27.27,27.27,27.27,27.27,16.6897,0,0,0
2012-01-30,27.14,27.14,27.14,27.14,16.6101,0,0,0
2012-01-31,27.15,27.15,27.15,27.15,16.6162,0,0,0
2012-02-01,27.45,27.45,27.45,27.45,16.7998,0,0,0
2012-02-02,27.5,27.5,27.5,27.5,16.8304,0,0,0
2012-02-03,27.84,27.84,27.84,27.84,17.0385,0,0,0
2012-02-06,27.82,27.82,27.82,27.82,17.0263,0,0,0
2012-02-07,27.88,27.88,27.88,27.88,17.063,0,0,0
2012-02-08,27.93,27.93,27.93,27.93,17.0936,0,0,0
2012-02-09,27.96,27.96,27.96,27.96,17.112,0,0,0
2012-02-10,27.73,27.73,27.73,27.73,16.9712,0,0,0
2012-02-13,27.92,27.92,27.92,27.92,17.0875,0,0,0
2012-02-14,27.86,27.86,27.86,27.86,17.0508,0,0,0
2012-02-15,27.82,27.82,27.82,27.82,17.0263,0,0,0
2012-02-16,28.06,28.06,28.06,28.06,17.1732,0,0,0
2012-02-17,28.12,28.12,28.12,28.12,17.2099,0,0,0
2012-02-21,28.15,28.15,28.15,28.15,17.2283,0,0,0
2012-02-22,28.06,28.06,28.06,28.06,17.1732,0,0,0
2012-02-23,28.21,28.21,28.21,28.21,17.265,0,0,0
2012-02-24,28.29,28.29,28.29,28.29,17.3139,0,0,0
2012-02-27,28.26,28.26,28.26,28.26,17.2956,0,0,0
2012-02-28,28.37,28.37,28.37,28.37,17.3629,0,0,0
2012-02-29,28.2,28.2,28.2,28.2,17.2588,0,0,0
2012-03-01,28.36,28.36,28.36,28.36,17.3568,0,0,0
2012-03-02,28.23,28.23,28.23,28.23,17.2772,0,0,0
2012-03-05,28.13,28.13,28.13,28.13,17.216,0,0,0
2012-03-06,27.66,27.66,27.66,27.66,16.9284,0,0,0
2012-03-07,27.84,27.84,27.84,27.84,17.0385,0,0,0
2012-03-08,28.16,28.16,28.16,28.16,17.2344,0,0,0
2012-03-09,28.21,28.21,28.21,28.21,17.265,0,0,0
2012-03-12,28.19,28.19,28.19,28.19,17.2527,0,0,0
2012-03-13,28.58,28.58,28.58,28.58,17.4914,0,0,0
2012-03-14,28.49,28.49,28.49,28.49,17.4363,0,0,0
2012-03-15,28.66,28.66,28.66,28.66,17.5404,0,0,0
2012-03-16,28.74,28.74,28.74,28.74,17.5893,0,0,0
2012-03-19,28.83,28.83,28.83,28.83,17.6444,0,0,0
2012-03-20,28.68,28.68,28.68,28.68,17.5526,0,0,0
2012-03-21,28.64,28.64,28.64,28.64,17.5281,0,0,0
2012-03-22,28.45,28.45,28.45,28.45,17.4119,0,0,0
2012-03-23,28.56,28.56,28.56,28.56,17.4792,0,0,0
2012-03-26,28.9,28.9,28.9,28.9,17.6873,0,0,0
2012-03-27,28.83,28.83,28.83,28.83,17.6444,0,0,0
2012-03-28,28.7,28.7,28.7,28.7,17.5649,0,0,0
2012-03-29,28.62,28.62,28.62,28.62,17.5159,0,0,0
2012-03-30,28.71,28.71,28.71,28.71,17.571,0,0,0
2012-04-02,28.93,28.93,28.93,28.93,17.7056,0,0,0
2012-04-03,28.74,28.74,28.74,28.74,17.5893,0,0,0
2012-04-04,28.38,28.38,28.38,28.38,17.369,0,0,0
2012-04-05,28.36,28.36,28.36,28.36,17.3568,0,0,0
2012-04-09,28.17,28.17,28.17,28.17,17.2405,0,0,0
2012-04-10,27.71,27.71,27.71,27.71,16.959,0,0,0
2012-04-11,27.92,27.92,27.92,27.92,17.0875,0,0,0
2012-04-12,28.27,28.27,28.27,28.27,17.3017,0,0,0
2012-04-13,27.93,27.93,27.93,27.93,17.1021,0,0.014,0
2012-04-16,27.97,27.97,27.97,27.97,17.1266,0,0,0
2012-04-17,28.33,28.33,28.33,28.33,17.347,0,0,0
2012-04-18,28.22,28.22,28.22,28.22,17.2796,0,0,0
2012-04-19,28.1,28.1,28.1,28.1,17.2062,0,0,0
2012-04-20,28.18,28.18,28.18,28.18,17.2552,0,0,0
2012-04-23,27.9,27.9,27.9,27.9,17.0837,0,0,0
2012-04-24,28.02,28.02,28.02,28.02,17.1572,0,0,0
2012-04-25,28.34,28.34,28.34,28.34,17.3531,0,0,0
2012-04-26,28.49,28.49,28.49,28.49,17.445,0,0,0
2012-04-27,28.58,28.58,28.58,28.58,17.5001,0,0,0
2012-04-30,28.47,28.47,28.47,28.47,17.4327,0,0,0
2012-05-01,28.56,28.56,28.56,28.56,17.4878,0,0,0
2012-05-02,28.49,28.49,28.49,28.49,17.445,0,0,0
2012-05-03,28.31,28.31,28.31,28.31,17.3348,0,0,0
2012-05-04,27.93,27.93,27.93,27.93,17.1021,0,0,0
2012-05-07,27.96,27.96,27.96,27.96,17.1204,0,0,0
2012-05-08,27.81,27.81,27.81,27.81,17.0286,0,0,0
2012-05-09,27.63,27.63,27.63,27.63,16.9184,0,0,0
2012-05-10,27.7,27.7,27.7,27.7,16.9612,0,0,0
2012-05-11,27.64,27.64,27.64,27.64,16.9245,0,0,0
2012-05-14,27.33,27.33,27.33,27.33,16.7347,0,0,0
2012-05-15,27.16,27.16,27.16,27.16,16.6306,0,0,0
2012-05-16,27.02,27.02,27.02,27.02,16.5449,0,0,0
2012-05-17,26.67,26.67,26.67,26.67,16.3306,0,0,0
2012-05-18,26.5,26.5,26.5,26.5,16.2265,0,0,0
2012-05-21,26.85,26.85,26.85,26.85,16.4408,0,0,0
2012-05-22,26.87,26.87,26.87,26.87,16.453,0,0,0
2012-05-23,26.81,26.81,26.81,26.81,16.4163,0,0,0
2012-05-24,26.81,26.81,26.81,26.81,16.4163,0,0,0
2012-05-25,26.78,26.78,26.78,26.78,16.3979,0,0,0
2012-05-29,27.03,27.03,27.03,27.03,16.551,0,0,0
2012-05-30,26.65,26.65,26.65,26.65,16.3183,0,0,0
2012-05-31,26.65,26.65,26.65,26.65,16.3183,0,0,0
2012-06-01,26.11,26.11,26.11,26.11,15.9877,0,0,0
2012-06-04,26.11,26.11,26.11,26.11,15.9877,0,0,0
2012-06-05,26.24,26.24,26.24,26.24,16.0673,0,0,0
2012-06-06,26.79,26.79,26.79,26.79,16.404,0,0,0
2012-06-07,26.81,26.81,26.81,26.81,16.4163,0,0,0
2012-06-08,26.9,26.9,26.9,26.9,16.4714,0,0,0
2012-06-11,26.64,26.64,26.64,26.64,16.3122,0,0,0
2012-06-12,26.9,26.9,26.9,26.9,16.4714,0,0,0
2012-06-13,26.77,26.77,26.77,26.77,16.3918,0,0,0
2012-06-14,26.96,26.96,26.96,26.96,16.5081,0,0,0
2012-06-15,27.23,27.23,27.23,27.23,16.6735,0,0,0
2012-06-18,27.26,27.26,27.26,27.26,16.6918,0,0,0
2012-06-19,27.55,27.55,27.55,27.55,16.8694,0,0,0
2012-06-20,27.56,27.56,27.56,27.56,16.8755,0,0,0
2012-06-21,27.03,27.03,27.03,27.03,16.551,0,0,0
2012-06-22,27.17,27.17,27.17,27.17,16.6367,0,0,0
2012-06-25,26.8,26.8,26.8,26.8,16.4102,0,0,0
2012-06-26,26.89,26.89,26.89,26.89,16.4653,0,0,0
2012-06-27,27.11,27.11,27.11,27.11,16.6,0,0,0
2012-06-28,27.09,27.09,27.09,27.09,16.5877,0,0,0
2012-06-29,27.75,27.75,27.75,27.75,16.9919,0,0,0
2012-07-02,27.87,27.87,27.87,27.87,17.0653,0,0,0
2012-07-03,28.06,28.06,28.06,28.06,17.1817,0,0,0
2012-07-05,27.9,27.9,27.9,27.9,17.0837,0,0,0
2012-07-06,27.66,27.66,27.66,27.66,16.9367,0,0,0
2012-07-09,27.61,27.61,27.61,27.61,16.9061,0,0,0
2012-07-10,27.45,27.45,27.45,27.45,16.8082,0,0,0
2012-07-11,27.45,27.45,27.45,27.45,16.8082,0,0,0
2012-07-12,27.3,27.3,27.3,27.3,16.7163,0,0,0
2012-07-13,27.66,27.66,27.66,27.66,16.9367,0,0,0
2012-07-16,27.62,27.62,27.62,27.62,16.9123,0,0,0
2012-07-17,27.75,27.75,27.75,27.75,16.9919,0,0,0
2012-07-18,27.91,27.91,27.91,27.91,17.0898,0,0,0
2012-07-19,28.02,28.02,28.02,28.02,17.1572,0,0,0
2012-07-20,27.71,27.71,27.71,27.71,16.9674,0,0,0
2012-07-23,27.4,27.4,27.4,27.4,16.7775,0,0,0
2012-07-24,27.18,27.18,27.18,27.18,16.6428,0,0,0
2012-07-25,27.21,27.21,27.21,27.21,16.6612,0,0,0
2012-07-26,27.65,27.65,27.65,27.65,16.9306,0,0,0
2012-07-27,28.1,28.1,28.1,28.1,17.2062,0,0,0
2012-07-30,28.11,28.11,28.11,28.11,17.2123,0,0,0
2012-07-31,28.01,28.01,28.01,28.01,17.1511,0,0,0
2012-08-01,27.91,27.91,27.91,27.91,17.0898,0,0,0
2012-08-02,27.72,27.72,27.72,27.72,16.9735,0,0,0
2012-08-03,28.24,28.24,28.24,28.24,17.2919,0,0,0
2012-08-06,28.34,28.34,28.34,28.34,17.3531,0,0,0
2012-08-07,28.49,28.49,28.49,28.49,17.445,0,0,0
2012-08-08,28.49,28.49,28.49,28.49,17.445,0,0,0
2012-08-09,28.53,28.53,28.53,28.53,17.4695,0,0,0
2012-08-10,28.55,28.55,28.55,28.55,17.4817,0,0,0
2012-08-13,28.51,28.51,28.51,28.51,17.4572,0,0,0
2012-08-14,28.51,28.51,28.51,28.51,17.4572,0,0,0
2012-08-15,28.52,28.52,28.52,28.52,17.4633,0,0,0
2012-08-16,28.72,28.72,28.72,28.72,17.5858,0,0,0
2012-08-17,28.79,28.79,28.79,28.79,17.6287,0,0,0
2012-08-20,28.77,28.77,28.77,28.77,17.6164,0,0,0
2012-08-21,28.78,28.78,28.78,28.78,17.6225,0,0,0
2012-08-22,28.78,28.78,28.78,28.78,17.6225,0,0,0
2012-08-23,28.62,28.62,28.62,28.62,17.5246,0,0,0
2012-08-24,28.71,28.71,28.71,28.71,17.5797,0,0,0
2012-08-27,28.71,28.71,28.71,28.71,17.5797,0,0,0
2012-08-28,28.69,28.69,28.69,28.69,17.5674,0,0,0
2012-08-29,28.69,28.69,28.69,28.69,17.5674,0,0,0
2012-08-30,28.49,28.49,28.49,28.49,17.445,0,0,0
2012-08-31,28.64,28.64,28.64,28.64,17.5368,0,0,0
2012-09-04,28.6,28.6,28.6,28.6,17.5123,0,0,0
2012-09-05,28.58,28.58,28.58,28.58,17.5001,0,0,0
2012-09-06,29.08,29.08,29.08,29.08,17.8062,0,0,0
2012-09-07,29.26,29.26,29.26,29.26,17.9165,0,0,0
2012-09-10,29.12,29.12,29.12,29.12,17.8307,0,0,0
2012-09-11,29.24,29.24,29.24,29.24,17.9042,0,0,0
2012-09-12,29.33,29.33,29.33,29.33,17.9593,0,0,0
2012-09-13,29.72,29.72,29.72,29.72,18.1981,0,0,0
2012-09-14,29.89,29.89,29.89,29.89,18.3022,0,0,0
2012-09-17,29.78,29.78,29.78,29.78,18.2349,0,0,0
2012-09-18,29.7,29.7,29.7,29.7,18.1859,0,0,0
2012-09-19,29.77,29.77,29.77,29.77,18.2287,0,0,0
2012-09-20,29.69,29.69,29.69,29.69,18.1798,0,0,0
2012-09-21,29.73,29.73,29.73,29.73,18.2043,0,0,0
2012-09-24,29.64,29.64,29.64,29.64,18.1491,0,0,0
2012-09-25,29.41,29.41,29.41,29.41,18.0083,0,0,0
2012-09-26,29.23,29.23,29.23,29.23,17.8981,0,0,0
2012-09-27,29.47,29.47,29.47,29.47,18.045,0,0,0
2012-09-28,29.29,29.29,29.29,29.29,17.9348,0,0,0
2012-10-01,29.38,29.38,29.38,29.38,17.9899,0,0,0
2012-10-02,29.42,29.42,29.42,29.42,18.0144,0,0,0
2012-10-03,29.45,29.45,29.45,29.45,18.0328,0,0,0
2012-10-04,29.64,29.64,29.64,29.64,18.1491,0,0,0
2012-10-05,29.67,29.67,29.67,29.67,18.1675,0,0,0
2012-10-08,29.55,29.55,29.55,29.55,18.094,0,0,0
2012-10-09,29.28,29.28,29.28,29.28,17.9287,0,0,0
2012-10-10,29.16,29.16,29.16,29.16,17.8552,0,0,0
2012-10-11,29.23,29.23,29.23,29.23,17.8981,0,0,0
2012-10-12,29.16,29.16,29.16,29.16,17.8552,0,0,0
2012-10-15,29.34,29.34,29.34,29.34,17.9654,0,0,0
2012-10-16,29.64,29.64,29.64,29.64,18.1491,0,0,0
2012-10-17,29.78,29.78,29.78,29.78,18.2349,0,0,0
2012-10-18,29.73,29.73,29.73,29.73,18.2043,0,0,0
2012-10-19,29.36,29.36,29.36,29.36,17.9777,0,0,0
2012-10-22,29.37,29.37,29.37,29.37,17.9838,0,0,0
2012-10-23,29,29,29,29,17.7573,0,0,0
2012-10-24,28.97,28.97,28.97,28.97,17.7389,0,0,0
2012-10-25,29.04,29.04,29.04,29.04,17.7818,0,0,0
2012-10-26,29.01,29.01,29.01,29.01,17.7634,0,0,0
2012-10-31,29.06,29.06,29.06,29.06,17.794,0,0,0
2012-11-01,29.33,29.33,29.33,29.33,17.9593,0,0,0
2012-11-02,29.1,29.1,29.1,29.1,17.8185,0,0,0
2012-11-05,29.13,29.13,29.13,29.13,17.8369,0,0,0
2012-11-06,29.3,29.3,29.3,29.3,17.941,0,0,0
2012-11-07,28.8,28.8,28.8,28.8,17.6348,0,0,0
2012-11-08,28.56,28.56,28.56,28.56,17.4878,0,0,0
2012-11-09,28.58,28.58,28.58,28.58,17.5001,0,0,0
2012-11-12,28.56,28.56,28.56,28.56,17.4878,0,0,0
2012-11-13,28.48,28.48,28.48,28.48,17.4388,0,0,0
2012-11-14,28.17,28.17,28.17,28.17,17.249,0,0,0
2012-11-15,28.14,28.14,28.14,28.14,17.2307,0,0,0
2012-11-16,28.22,28.22,28.22,28.22,17.2796,0,0,0
2012-11-19,28.71,28.71,28.71,28.71,17.5797,0,0,0
2012-11-20,28.72,28.72,28.72,28.72,17.5858,0,0,0
2012-11-21,28.78,28.78,28.78,28.78,17.6225,0,0,0
2012-11-23,29.16,29.16,29.16,29.16,17.8552,0,0,0
2012-11-26,29.11,29.11,29.11,29.11,17.8246,0,0,0
2012-11-27,29.02,29.02,29.02,29.02,17.7695,0,0,0
2012-11-28,29.18,29.18,29.18,29.18,17.8675,0,0,0
2012-11-29,29.35,29.35,29.35,29.35,17.9716,0,0,0
2012-11-30,29.37,29.37,29.37,29.37,17.9838,0,0,0
2012-12-03,29.31,29.31,29.31,29.31,17.9471,0,0,0
2012-12-04,29.32,29.32,29.32,29.32,17.9532,0,0,0
2012-12-05,29.35,29.35,29.35,29.35,17.9716,0,0,0
2012-12-06,29.42,29.42,29.42,29.42,18.0144,0,0,0
2012-12-07,29.46,29.46,29.46,29.46,18.0389,0,0,0
2012-12-10,29.49,29.49,29.49,29.49,18.0573,0,0,0
2012-12-11,29.65,29.65,29.65,29.65,18.1553,0,0,0
2012-12-12,29.67,29.67,29.67,29.67,18.1675,0,0,0
2012-12-13,29.53,29.53,29.53,29.53,18.0818,0,0,0
2012-12-14,29.51,29.51,29.51,29.51,18.0695,0,0,0
2012-12-17,29.73,29.73,29.73,29.73,18.2043,0,0,0
2012-12-18,30,30,30,30,18.3696,0,0,0
2012-12-19,29.93,29.93,29.93,29.93,18.3267,0,0,0
2012-12-20,30.08,30.08,30.08,30.08,18.4186,0,0,0
2012-12-21,29.86,29.86,29.86,29.86,18.2839,0,0,0
2012-12-24,29.8,29.8,29.8,29.8,18.2471,0,0,0
2012-12-26,29.72,29.72,29.72,29.72,18.1981,0,0,0
2012-12-27,29.73,29.73,29.73,29.73,18.2043,0,0,0
2012-12-28,28.85,28.85,28.85,28.85,18.0646,0,0.657,0
2012-12-31,29.21,29.21,29.21,29.21,18.29,0,0,0
2013-01-02,29.78,29.78,29.78,29.78,18.6469,0,0,0
2013-01-03,29.68,29.68,29.68,29.68,18.5843,0,0,0
2013-01-04,29.82,29.82,29.82,29.82,18.672,0,0,0
2013-01-07,29.74,29.74,29.74,29.74,18.6219,0,0,0
2013-01-08,29.65,29.65,29.65,29.65,18.5655,0,0,0
2013-01-09,29.75,29.75,29.75,29.75,18.6282,0,0,0
2013-01-10,29.96,29.96,29.96,29.96,18.7596,0,0,0
2013-01-11,29.97,29.97,29.97,29.97,18.7659,0,0,0
2013-01-14,29.97,29.97,29.97,29.97,18.7659,0,0,0
2013-01-15,29.99,29.99,29.99,29.99,18.7784,0,0,0
2013-01-16,29.96,29.96,29.96,29.96,18.7596,0,0,0
2013-01-17,30.13,30.13,30.13,30.13,18.8661,0,0,0
2013-01-18,30.18,30.18,30.18,30.18,18.8974,0,0,0
2013-01-22,30.27,30.27,30.27,30.27,18.9538,0,0,0
2013-01-23,30.29,30.29,30.29,30.29,18.9663,0,0,0
2013-01-24,30.34,30.34,30.34,30.34,18.9976,0,0,0
2013-01-25,30.5,30.5,30.5,30.5,19.0978,0,0,0
2013-01-28,30.44,30.44,30.44,30.44,19.0602,0,0,0
2013-01-29,30.57,30.57,30.57,30.57,19.1416,0,0,0
2013-01-30,30.5,30.5,30.5,30.5,19.0978,0,0,0
2013-01-31,30.46,30.46,30.46,30.46,19.0727,0,0,0
2013-02-01,30.68,30.68,30.68,30.68,19.2105,0,0,0
2013-02-04,30.36,30.36,30.36,30.36,19.0101,0,0,0
2013-02-05,30.56,30.56,30.56,30.56,19.1353,0,0,0
2013-02-06,30.59,30.59,30.59,30.59,19.1541,0,0,0
2013-02-07,30.5,30.5,30.5,30.5,19.0978,0,0,0
2013-02-08,30.65,30.65,30.65,30.65,19.1917,0,0,0
2013-02-11,30.63,30.63,30.63,30.63,19.1792,0,0,0
2013-02-12,30.7,30.7,30.7,30.7,19.223,0,0,0
2013-02-13,30.74,30.74,30.74,30.74,19.2481,0,0,0
2013-02-14,30.73,30.73,30.73,30.73,19.2418,0,0,0
2013-02-15,30.69,30.69,30.69,30.69,19.2167,0,0,0
2013-02-19,30.92,30.92,30.92,30.92,19.3608,0,0,0
2013-02-20,30.61,30.61,30.61,30.61,19.1667,0,0,0
2013-02-21,30.36,30.36,30.36,30.36,19.0101,0,0,0
2013-02-22,30.61,30.61,30.61,30.61,19.1667,0,0,0
2013-02-25,30.18,30.18,30.18,30.18,18.8974,0,0,0
2013-02-26,30.29,30.29,30.29,30.29,18.9663,0,0,0
2013-02-27,30.61,30.61,30.61,30.61,19.1667,0,0,0
2013-02-28,30.62,30.62,30.62,30.62,19.1729,0,0,0
2013-03-01,30.64,30.64,30.64,30.64,19.1854,0,0,0
2013-03-04,30.73,30.73,30.73,30.73,19.2418,0,0,0
2013-03-05,31.01,31.01,31.01,31.01,19.4171,0,0,0
2013-03-06,31.03,31.03,31.03,31.03,19.4296,0,0,0
2013-03-07,31.1,31.1,31.1,31.1,19.4735,0,0,0
2013-03-08,31.19,31.19,31.19,31.19,19.5298,0,0,0
2013-03-11,31.29,31.29,31.29,31.29,19.5924,0,0,0
2013-03-12,31.24,31.24,31.24,31.24,19.5611,0,0,0
2013-03-13,31.24,31.24,31.24,31.24,19.5611,0,0,0
2013-03-14,31.44,31.44,31.44,31.44,19.6864,0,0,0
2013-03-15,31.44,31.44,31.44,31.44,19.6864,0,0,0
2013-03-18,31.26,31.26,31.26,31.26,19.5737,0,0,0
2013-03-19,31.18,31.18,31.18,31.18,19.5236,0,0,0
2013-03-20,31.35,31.35,31.35,31.35,19.63,0,0,0
2013-03-21,31.17,31.17,31.17,31.17,19.5173,0,0,0
2013-03-22,31.32,31.32,31.32,31.32,19.6112,0,0,0
2013-03-25,31.2,31.2,31.2,31.2,19.5361,0,0,0
2013-03-26,31.36,31.36,31.36,31.36,19.6363,0,0,0
2013-03-27,31.33,31.33,31.33,31.33,19.6175,0,0,0
2013-03-28,31.44,31.44,31.44,31.44,19.6864,0,0,0
2013-04-01,31.28,31.28,31.28,31.28,19.5862,0,0,0
2013-04-02,31.41,31.41,31.41,31.41,19.6676,0,0,0
2013-04-03,31.15,31.15,31.15,31.15,19.5048,0,0,0
2013-04-04,31.29,31.29,31.29,31.29,19.5924,0,0,0
2013-04-05,31.19,31.19,31.19,31.19,19.5298,0,0,0
2013-04-08,31.35,31.35,31.35,31.35,19.63,0,0,0
2013-04-09,31.44,31.44,31.44,31.44,19.6864,0,0,0
2013-04-10,31.78,31.78,31.78,31.78,19.8993,0,0,0
2013-04-11,31.92,31.92,31.92,31.92,19.9869,0,0,0
2013-04-12,31.84,31.84,31.84,31.84,19.9437,0,0.011,0
2013-04-15,31.24,31.24,31.24,31.24,19.5679,0,0,0
2013-04-16,31.59,31.59,31.59,31.59,19.7871,0,0,0
2013-04-17,31.16,31.16,31.16,31.16,19.5178,0,0,0
2013-04-18,31.02,31.02,31.02,31.02,19.4301,0,0,0
2013-04-19,31.24,31.24,31.24,31.24,19.5679,0,0,0
2013-04-22,31.35,31.35,31.35,31.35,19.6368,0,0,0
2013-04-23,31.67,31.67,31.67,31.67,19.8372,0,0,0
2013-04-24,31.76,31.76,31.76,31.76,19.8936,0,0,0
2013-04-25,31.9,31.9,31.9,31.9,19.9813,0,0,0
2013-04-26,31.86,31.86,31.86,31.86,19.9562,0,0,0
2013-04-29,32.08,32.08,32.08,32.08,20.094,0,0,0
2013-04-30,32.18,32.18,32.18,32.18,20.1567,0,0,0
2013-05-01,31.95,31.95,31.95,31.95,20.0126,0,0,0
2013-05-02,32.13,32.13,32.13,32.13,20.1253,0,0,0
2013-05-03,32.42,32.42,32.42,32.42,20.307,0,0,0
2013-05-06,32.44,32.44,32.44,32.44,20.3195,0,0,0
2013-05-07,32.58,32.58,32.58,32.58,20.4072,0,0,0
2013-05-08,32.75,32.75,32.75,32.75,20.5137,0,0,0
2013-05-09,32.6,32.6,32.6,32.6,20.4197,0,0,0
2013-05-10,32.71,32.71,32.71,32.71,20.4886,0,0,0
2013-05-13,32.69,32.69,32.69,32.69,20.4761,0,0,0
2013-05-14,32.92,32.92,32.92,32.92,20.6202,0,0,0
2013-05-15,33.05,33.05,33.05,33.05,20.7016,0,0,0
2013-05-16,32.92,32.92,32.92,32.92,20.6202,0,0,0
2013-05-17,33.14,33.14,33.14,33.14,20.758,0,0,0
2013-05-20,33.2,33.2,33.2,33.2,20.7956,0,0,0
2013-05-21,33.25,33.25,33.25,33.25,20.8269,0,0,0
2013-05-22,32.97,32.97,32.97,32.97,20.6515,0,0,0
2013-05-23,32.79,32.79,32.79,32.79,20.5388,0,0,0
2013-05-24,32.7,32.7,32.7,32.7,20.4824,0,0,0
2013-05-28,32.85,32.85,32.85,32.85,20.5763,0,0,0
2013-05-29,32.63,32.63,32.63,32.63,20.4385,0,0,0
2013-05-30,32.76,32.76,32.76,32.76,20.52,0,0,0
2013-05-31,32.33,32.33,32.33,32.33,20.2506,0,0,0
2013-06-03,32.45,32.45,32.45,32.45,20.3258,0,0,0
2013-06-04,32.37,32.37,32.37,32.37,20.2757,0,0,0
2013-06-05,31.95,31.95,31.95,31.95,20.0126,0,0,0
2013-06-06,32.15,32.15,32.15,32.15,20.1379,0,0,0
2013-06-07,32.45,32.45,32.45,32.45,20.3258,0,0,0
2013-06-10,32.49,32.49,32.49,32.49,20.3508,0,0,0
2013-06-11,32.21,32.21,32.21,32.21,20.1755,0,0,0
2013-06-12,32.01,32.01,32.01,32.01,20.0502,0,0,0
2013-06-13,32.41,32.41,32.41,32.41,20.3007,0,0,0
2013-06-14,32.27,32.27,32.27,32.27,20.213,0,0,0
2013-06-17,32.5,32.5,32.5,32.5,20.3571,0,0,0
2013-06-18,32.69,32.69,32.69,32.69,20.4761,0,0,0
2013-06-19,32.26,32.26,32.26,32.26,20.2068,0,0,0
2013-06-20,31.48,31.48,31.48,31.48,19.7182,0,0,0
2013-06-21,31.48,31.48,31.48,31.48,19.7182,0,0,0
2013-06-24,31.1,31.1,31.1,31.1,19.4802,0,0,0
2013-06-25,31.36,31.36,31.36,31.36,19.643,0,0,0
2013-06-26,31.6,31.6,31.6,31.6,19.7934,0,0,0
2013-06-27,31.87,31.87,31.87,31.87,19.9625,0,0,0
2013-06-28,31.77,31.77,31.77,31.77,19.8999,0,0,0
2013-07-01,31.99,31.99,31.99,31.99,20.0377,0,0,0
2013-07-02,31.96,31.96,31.96,31.96,20.0189,0,0,0
2013-07-03,31.93,31.93,31.93,31.93,20.0001,0,0,0
2013-07-05,32.11,32.11,32.11,32.11,20.1128,0,0,0
2013-07-08,32.3,32.3,32.3,32.3,20.2318,0,0,0
2013-07-09,32.49,32.49,32.49,32.49,20.3508,0,0,0
2013-07-10,32.53,32.53,32.53,32.53,20.3759,0,0,0
2013-07-11,33.02,33.02,33.02,33.02,20.6828,0,0,0
2013-07-12,33.04,33.04,33.04,33.04,20.6953,0,0,0
2013-07-15,33.13,33.13,33.13,33.13,20.7517,0,0,0
2013-07-16,33.06,33.06,33.06,33.06,20.7079,0,0,0
2013-07-17,33.15,33.15,33.15,33.15,20.7642,0,0,0
2013-07-18,33.3,33.3,33.3,33.3,20.8582,0,0,0
2013-07-19,33.35,33.35,33.35,33.35,20.8895,0,0,0
2013-07-22,33.44,33.44,33.44,33.44,20.9459,0,0,0
2013-07-23,33.42,33.42,33.42,33.42,20.9334,0,0,0
2013-07-24,33.3,33.3,33.3,33.3,20.8582,0,0,0
2013-07-25,33.38,33.38,33.38,33.38,20.9083,0,0,0
2013-07-26,33.32,33.32,33.32,33.32,20.8707,0,0,0
2013-07-29,33.18,33.18,33.18,33.18,20.783,0,0,0
2013-07-30,33.2,33.2,33.2,33.2,20.7956,0,0,0
2013-07-31,33.24,33.24,33.24,33.24,20.8206,0,0,0
2013-08-01,33.56,33.56,33.56,33.56,21.0211,0,0,0
2013-08-02,33.68,33.68,33.68,33.68,21.0962,0,0,0
2013-08-05,33.66,33.66,33.66,33.66,21.0837,0,0,0
2013-08-06,33.52,33.52,33.52,33.52,20.996,0,0,0
2013-08-07,33.4,33.4,33.4,33.4,20.9208,0,0,0
2013-08-08,33.56,33.56,33.56,33.56,21.0211,0,0,0
2013-08-09,33.53,33.53,33.53,33.53,21.0023,0,0,0
2013-08-12,33.49,33.49,33.49,33.49,20.9772,0,0,0
2013-08-13,33.55,33.55,33.55,33.55,21.0148,0,0,0
2013-08-14,33.45,33.45,33.45,33.45,20.9522,0,0,0
2013-08-15,33.09,33.09,33.09,33.09,20.7267,0,0,0
2013-08-16,33.04,33.04,33.04,33.04,20.6953,0,0,0
2013-08-19,32.85,32.85,32.85,32.85,20.5763,0,0,0
2013-08-20,32.94,32.94,32.94,32.94,20.6327,0,0,0
2013-08-21,32.71,32.71,32.71,32.71,20.4886,0,0,0
2013-08-22,32.97,32.97,32.97,32.97,20.6515,0,0,0
2013-08-23,33.13,33.13,33.13,33.13,20.7517,0,0,0
2013-08-26,33.04,33.04,33.04,33.04,20.6953,0,0,0
2013-08-27,32.6,32.6,32.6,32.6,20.4197,0,0,0
2013-08-28,32.62,32.62,32.62,32.62,20.4323,0,0,0
2013-08-29,32.68,32.68,32.68,32.68,20.4699,0,0,0
2013-08-30,32.49,32.49,32.49,32.49,20.3508,0,0,0
2013-09-03,32.7,32.7,32.7,32.7,20.4824,0,0,0
2013-09-04,32.9,32.9,32.9,32.9,20.6077,0,0,0
2013-09-05,32.9,32.9,32.9,32.9,20.6077,0,0,0
2013-09-06,32.98,32.98,32.98,32.98,20.6578,0,0,0
2013-09-09,33.3,33.3,33.3,33.3,20.8582,0,0,0
2013-09-10,33.54,33.54,33.54,33.54,21.0085,0,0,0
2013-09-11,33.65,33.65,33.65,33.65,21.0774,0,0,0
2013-09-12,33.55,33.55,33.55,33.55,21.0148,0,0,0
2013-09-13,33.63,33.63,33.63,33.63,21.0649,0,0,0
2013-09-16,33.82,33.82,33.82,33.82,21.1839,0,0,0
2013-09-17,33.93,33.93,33.93,33.93,21.2528,0,0,0
2013-09-18,34.44,34.44,34.44,34.44,21.5723,0,0,0
2013-09-19,34.35,34.35,34.35,34.35,21.5159,0,0,0
2013-09-20,34.17,34.17,34.17,34.17,21.4031,0,0,0
2013-09-23,34.07,34.07,34.07,34.07,21.3405,0,0,0
2013-09-24,34.04,34.04,34.04,34.04,21.3217,0,0,0
2013-09-25,34.02,34.02,34.02,34.02,21.3092,0,0,0
2013-09-26,34.12,34.12,34.12,34.12,21.3718,0,0,0
2013-09-27,34.04,34.04,34.04,34.04,21.3217,0,0,0
2013-09-30,33.87,33.87,33.87,33.87,21.2152,0,0,0
2013-10-01,34.09,34.09,34.09,34.09,21.353,0,0,0
2013-10-02,34.06,34.06,34.06,34.06,21.3342,0,0,0
2013-10-03,33.86,33.86,33.86,33.86,21.209,0,0,0
2013-10-04,33.99,33.99,33.99,33.99,21.2904,0,0,0
2013-10-07,33.75,33.75,33.75,33.75,21.1401,0,0,0
2013-10-08,33.41,33.41,33.41,33.41,20.9271,0,0,0
2013-10-09,33.41,33.41,33.41,33.41,20.9271,0,0,0
2013-10-10,33.98,33.98,33.98,33.98,21.2841,0,0,0
2013-10-11,34.18,34.18,34.18,34.18,21.4094,0,0,0
2013-10-14,34.28,34.28,34.28,34.28,21.472,0,0,0
2013-10-15,34.13,34.13,34.13,34.13,21.3781,0,0,0
2013-10-16,34.48,34.48,34.48,34.48,21.5973,0,0,0
2013-10-17,34.74,34.74,34.74,34.74,21.7602,0,0,0
2013-10-18,34.95,34.95,34.95,34.95,21.8917,0,0,0
2013-10-21,34.96,34.96,34.96,34.96,21.898,0,0,0
2013-10-22,35.18,35.18,35.18,35.18,22.0358,0,0,0
2013-10-23,35,35,35,35,21.923,0,0,0
2013-10-24,35.14,35.14,35.14,35.14,22.0107,0,0,0
2013-10-25,35.19,35.19,35.19,35.19,22.042,0,0,0
2013-10-28,35.19,35.19,35.19,35.19,22.042,0,0,0
2013-10-29,35.31,35.31,35.31,35.31,22.1172,0,0,0
2013-10-30,35.16,35.16,35.16,35.16,22.0233,0,0,0
2013-10-31,35.04,35.04,35.04,35.04,21.9481,0,0,0
2013-11-01,35.01,35.01,35.01,35.01,21.9293,0,0,0
2013-11-04,35.15,35.15,35.15,35.15,22.017,0,0,0
2013-11-05,35.02,35.02,35.02,35.02,21.9356,0,0,0
2013-11-06,35.17,35.17,35.17,35.17,22.0295,0,0,0
2013-11-07,34.76,34.76,34.76,34.76,21.7727,0,0,0
2013-11-08,35.03,35.03,35.03,35.03,21.9418,0,0,0
2013-11-11,35.07,35.07,35.07,35.07,21.9669,0,0,0
2013-11-12,35.01,35.01,35.01,35.01,21.9293,0,0,0
2013-11-13,35.22,35.22,35.22,35.22,22.0608,0,0,0
2013-11-14,35.38,35.38,35.38,35.38,22.1611,0,0,0
2013-11-15,35.55,35.55,35.55,35.55,22.2675,0,0,0
2013-11-18,35.47,35.47,35.47,35.47,22.2174,0,0,0
2013-11-19,35.38,35.38,35.38,35.38,22.1611,0,0,0
2013-11-20,35.23,35.23,35.23,35.23,22.0671,0,0,0
2013-11-21,35.45,35.45,35.45,35.45,22.2049,0,0,0
2013-11-22,35.61,35.61,35.61,35.61,22.3051,0,0,0
2013-11-25,35.57,35.57,35.57,35.57,22.2801,0,0,0
2013-11-26,35.59,35.59,35.59,35.59,22.2926,0,0,0
2013-11-27,35.68,35.68,35.68,35.68,22.349,0,0,0
2013-11-29,35.68,35.68,35.68,35.68,22.349,0,0,0
2013-12-02,35.55,35.55,35.55,35.55,22.2675,0,0,0
2013-12-03,35.4,35.4,35.4,35.4,22.1736,0,0,0
2013-12-04,35.33,35.33,35.33,35.33,22.1297,0,0,0
2013-12-05,35.21,35.21,35.21,35.21,22.0546,0,0,0
2013-12-06,35.52,35.52,35.52,35.52,22.2487,0,0,0
2013-12-09,35.57,35.57,35.57,35.57,22.2801,0,0,0
2013-12-10,35.49,35.49,35.49,35.49,22.23,0,0,0
2013-12-11,35.14,35.14,35.14,35.14,22.0107,0,0,0
2013-12-12,35.02,35.02,35.02,35.02,21.9356,0,0,0
2013-12-13,35.02,35.02,35.02,35.02,21.9356,0,0,0
2013-12-16,35.24,35.24,35.24,35.24,22.0734,0,0,0
2013-12-17,35.15,35.15,35.15,35.15,22.017,0,0,0
2013-12-18,35.59,35.59,35.59,35.59,22.2926,0,0,0
2013-12-19,35.56,35.56,35.56,35.56,22.2738,0,0,0
2013-12-20,35.77,35.77,35.77,35.77,22.4053,0,0,0
2013-12-23,35.97,35.97,35.97,35.97,22.5306,0,0,0
2013-12-24,36.02,36.02,36.02,36.02,22.5619,0,0,0
2013-12-26,36.17,36.17,36.17,36.17,22.6559,0,0,0
2013-12-27,35.5,35.5,35.5,35.5,22.6872,0,0.719,0
2013-12-30,35.54,35.54,35.54,35.54,22.7128,0,0,0
2013-12-31,35.64,35.64,35.64,35.64,22.7767,0,0,0
2014-01-02,35.33,35.33,35.33,35.33,22.5786,0,0,0
2014-01-03,35.34,35.34,35.34,35.34,22.585,0,0,0
2014-01-06,35.29,35.29,35.29,35.29,22.553,0,0,0
2014-01-07,35.47,35.47,35.47,35.47,22.668,0,0,0
2014-01-08,35.47,35.47,35.47,35.47,22.668,0,0,0
2014-01-09,35.47,35.47,35.47,35.47,22.668,0,0,0
2014-01-10,35.64,35.64,35.64,35.64,22.7767,0,0,0
2014-01-13,35.34,35.34,35.34,35.34,22.585,0,0,0
2014-01-14,35.6,35.6,35.6,35.6,22.7511,0,0,0
2014-01-15,35.74,35.74,35.74,35.74,22.8406,0,0,0
2014-01-16,35.73,35.73,35.73,35.73,22.8342,0,0,0
2014-01-17,35.64,35.64,35.64,35.64,22.7767,0,0,0
2014-01-21,35.74,35.74,35.74,35.74,22.8406,0,0,0
2014-01-22,35.77,35.77,35.77,35.77,22.8598,0,0,0
2014-01-23,35.55,35.55,35.55,35.55,22.7192,0,0,0
2014-01-24,34.88,34.88,34.88,34.88,22.291,0,0,0
2014-01-27,34.69,34.69,34.69,34.69,22.1696,0,0,0
2014-01-28,34.89,34.89,34.89,34.89,22.2974,0,0,0
2014-01-29,34.63,34.63,34.63,34.63,22.1312,0,0,0
2014-01-30,34.87,34.87,34.87,34.87,22.2846,0,0,0
2014-01-31,34.65,34.65,34.65,34.65,22.144,0,0,0
2014-02-03,34.02,34.02,34.02,34.02,21.7414,0,0,0
2014-02-04,34.2,34.2,34.2,34.2,21.8564,0,0,0
2014-02-05,34.16,34.16,34.16,34.16,21.8308,0,0,0
2014-02-06,34.55,34.55,34.55,34.55,22.0801,0,0,0
2014-02-07,34.94,34.94,34.94,34.94,22.3293,0,0,0
2014-02-10,34.97,34.97,34.97,34.97,22.3485,0,0,0
2014-02-11,35.3,35.3,35.3,35.3,22.5594,0,0,0
2014-02-12,35.35,35.35,35.35,35.35,22.5913,0,0,0
2014-02-13,35.52,35.52,35.52,35.52,22.7,0,0,0
2014-02-14,35.65,35.65,35.65,35.65,22.7831,0,0,0
2014-02-18,35.81,35.81,35.81,35.81,22.8853,0,0,0
2014-02-19,35.63,35.63,35.63,35.63,22.7703,0,0,0
2014-02-20,35.77,35.77,35.77,35.77,22.8598,0,0,0
2014-02-21,35.79,35.79,35.79,35.79,22.8725,0,0,0
2014-02-24,35.99,35.99,35.99,35.99,23.0004,0,0,0
2014-02-25,35.98,35.98,35.98,35.98,22.994,0,0,0
2014-02-26,35.97,35.97,35.97,35.97,22.9876,0,0,0
2014-02-27,36.1,36.1,36.1,36.1,23.0707,0,0,0
2014-02-28,36.18,36.18,36.18,36.18,23.1218,0,0,0
2014-03-03,35.84,35.84,35.84,35.84,22.9045,0,0,0
2014-03-04,36.34,36.34,36.34,36.34,23.224,0,0,0
2014-03-05,36.32,36.32,36.32,36.32,23.2112,0,0,0
2014-03-06,36.44,36.44,36.44,36.44,23.2879,0,0,0
2014-03-07,36.36,36.36,36.36,36.36,23.2368,0,0,0
2014-03-10,36.29,36.29,36.29,36.29,23.1921,0,0,0
2014-03-11,36.13,36.13,36.13,36.13,23.0898,0,0,0
2014-03-12,36.12,36.12,36.12,36.12,23.0834,0,0,0
2014-03-13,35.75,35.75,35.75,35.75,22.847,0,0,0
2014-03-14,35.68,35.68,35.68,35.68,22.8022,0,0,0
2014-03-17,35.94,35.94,35.94,35.94,22.9684,0,0,0
2014-03-18,36.18,36.18,36.18,36.18,23.1218,0,0,0
2014-03-19,35.93,35.93,35.93,35.93,22.962,0,0,0
2014-03-20,36,36,36,36,23.0067,0,0,0
2014-03-21,35.94,35.94,35.94,35.94,22.9684,0,0,0
2014-03-24,35.82,35.82,35.82,35.82,22.8917,0,0,0
2014-03-25,35.97,35.97,35.97,35.97,22.9876,0,0,0
2014-03-26,35.84,35.84,35.84,35.84,22.9045,0,0,0
2014-03-27,35.83,35.83,35.83,35.83,22.8981,0,0,0
2014-03-28,35.97,35.97,35.97,35.97,22.9876,0,0,0
2014-03-31,36.23,36.23,36.23,36.23,23.1537,0,0,0
2014-04-01,36.45,36.45,36.45,36.45,23.2943,0,0,0
2014-04-02,36.51,36.51,36.51,36.51,23.3327,0,0,0
2014-04-03,36.44,36.44,36.44,36.44,23.2879,0,0,0
2014-04-04,36.16,36.16,36.16,36.16,23.109,0,0,0
2014-04-07,35.85,35.85,35.85,35.85,22.9109,0,0,0
2014-04-08,35.95,35.95,35.95,35.95,22.9748,0,0,0
2014-04-09,36.29,36.29,36.29,36.29,23.1921,0,0,0
2014-04-10,35.7,35.7,35.7,35.7,22.815,0,0,0
2014-04-11,35.37,35.37,35.37,35.37,22.6517,0,0.075,0
2014-04-14,35.54,35.54,35.54,35.54,22.7606,0,0,0
2014-04-15,35.63,35.63,35.63,35.63,22.8182,0,0,0
2014-04-16,35.96,35.96,35.96,35.96,23.0296,0,0,0
2014-04-17,36.02,36.02,36.02,36.02,23.068,0,0,0
2014-04-21,36.11,36.11,36.11,36.11,23.1256,0,0,0
2014-04-22,36.3,36.3,36.3,36.3,23.2473,0,0,0
2014-04-23,36.22,36.22,36.22,36.22,23.1961,0,0,0
2014-04-24,36.26,36.26,36.26,36.26,23.2217,0,0,0
2014-04-25,36.01,36.01,36.01,36.01,23.0616,0,0,0
2014-04-28,36.06,36.06,36.06,36.06,23.0936,0,0,0
2014-04-29,36.23,36.23,36.23,36.23,23.2025,0,0,0
2014-04-30,36.35,36.35,36.35,36.35,23.2793,0,0,0
2014-05-01,36.39,36.39,36.39,36.39,23.3049,0,0,0
2014-05-02,36.37,36.37,36.37,36.37,23.2921,0,0,0
2014-05-05,36.39,36.39,36.39,36.39,23.3049,0,0,0
2014-05-06,36.19,36.19,36.19,36.19,23.1769,0,0,0
2014-05-07,36.29,36.29,36.29,36.29,23.2409,0,0,0
2014-05-08,36.27,36.27,36.27,36.27,23.2281,0,0,0
2014-05-09,36.28,36.28,36.28,36.28,23.2345,0,0,0
2014-05-12,36.57,36.57,36.57,36.57,23.4202,0,0,0
2014-05-13,36.58,36.58,36.58,36.58,23.4266,0,0,0
2014-05-14,36.48,36.48,36.48,36.48,23.3626,0,0,0
2014-05-15,36.24,36.24,36.24,36.24,23.2089,0,0,0
2014-05-16,36.33,36.33,36.33,36.33,23.2665,0,0,0
2014-05-19,36.41,36.41,36.41,36.41,23.3178,0,0,0
2014-05-20,36.22,36.22,36.22,36.22,23.1961,0,0,0
2014-05-21,36.45,36.45,36.45,36.45,23.3434,0,0,0
2014-05-22,36.52,36.52,36.52,36.52,23.3882,0,0,0
2014-05-23,36.67,36.67,36.67,36.67,23.4843,0,0,0
2014-05-27,36.89,36.89,36.89,36.89,23.6252,0,0,0
2014-05-28,36.85,36.85,36.85,36.85,23.5995,0,0,0
2014-05-29,37,37,37,37,23.6956,0,0,0
2014-05-30,37.02,37.02,37.02,37.02,23.7084,0,0,0
2014-06-02,37.04,37.04,37.04,37.04,23.7212,0,0,0
2014-06-03,37,37,37,37,23.6956,0,0,0
2014-06-04,37.06,37.06,37.06,37.06,23.734,0,0,0
2014-06-05,37.29,37.29,37.29,37.29,23.8813,0,0,0
2014-06-06,37.45,37.45,37.45,37.45,23.9838,0,0,0
2014-06-09,37.48,37.48,37.48,37.48,24.003,0,0,0
2014-06-10,37.45,37.45,37.45,37.45,23.9838,0,0,0
2014-06-11,37.34,37.34,37.34,37.34,23.9133,0,0,0
2014-06-12,37.21,37.21,37.21,37.21,23.8301,0,0,0
2014-06-13,37.28,37.28,37.28,37.28,23.8749,0,0,0
2014-06-16,37.28,37.28,37.28,37.28,23.8749,0,0,0
2014-06-17,37.34,37.34,37.34,37.34,23.9133,0,0,0
2014-06-18,37.6,37.6,37.6,37.6,24.0799,0,0,0
2014-06-19,37.67,37.67,37.67,37.67,24.1247,0,0,0
2014-06-20,37.71,37.71,37.71,37.71,24.1503,0,0,0
2014-06-23,37.67,37.67,37.67,37.67,24.1247,0,0,0
2014-06-24,37.5,37.5,37.5,37.5,24.0158,0,0,0
2014-06-25,37.58,37.58,37.58,37.58,24.0671,0,0,0
2014-06-26,37.57,37.57,37.57,37.57,24.0606,0,0,0
2014-06-27,37.64,37.64,37.64,37.64,24.1055,0,0,0
2014-06-30,37.68,37.68,37.68,37.68,24.1311,0,0,0
2014-07-01,37.91,37.91,37.91,37.91,24.2784,0,0,0
2014-07-02,37.9,37.9,37.9,37.9,24.272,0,0,0
2014-07-03,38.05,38.05,38.05,38.05,24.368,0,0,0
2014-07-07,37.85,37.85,37.85,37.85,24.24,0,0,0
2014-07-08,37.6,37.6,37.6,37.6,24.0799,0,0,0
2014-07-09,37.71,37.71,37.71,37.71,24.1503,0,0,0
2014-07-10,37.51,37.51,37.51,37.51,24.0222,0,0,0
2014-07-11,37.55,37.55,37.55,37.55,24.0478,0,0,0
2014-07-14,37.73,37.73,37.73,37.73,24.1631,0,0,0
2014-07-15,37.62,37.62,37.62,37.62,24.0927,0,0,0
2014-07-16,37.77,37.77,37.77,37.77,24.1887,0,0,0
2014-07-17,37.42,37.42,37.42,37.42,23.9646,0,0,0
2014-07-18,37.7,37.7,37.7,37.7,24.1439,0,0,0
2014-07-21,37.6,37.6,37.6,37.6,24.0799,0,0,0
2014-07-22,37.79,37.79,37.79,37.79,24.2015,0,0,0
2014-07-23,37.85,37.85,37.85,37.85,24.24,0,0,0
2014-07-24,37.86,37.86,37.86,37.86,24.2464,0,0,0
2014-07-25,37.7,37.7,37.7,37.7,24.1439,0,0,0
2014-07-28,37.69,37.69,37.69,37.69,24.1375,0,0,0
2014-07-29,37.61,37.61,37.61,37.61,24.0863,0,0,0
2014-07-30,37.57,37.57,37.57,37.57,24.0606,0,0,0
2014-07-31,36.97,36.97,36.97,36.97,23.6764,0,0,0
2014-08-01,36.87,36.87,36.87,36.87,23.6123,0,0,0
2014-08-04,37.05,37.05,37.05,37.05,23.7276,0,0,0
2014-08-05,36.78,36.78,36.78,36.78,23.5547,0,0,0
2014-08-06,36.76,36.76,36.76,36.76,23.5419,0,0,0
2014-08-07,36.59,36.59,36.59,36.59,23.433,0,0,0
2014-08-08,36.85,36.85,36.85,36.85,23.5995,0,0,0
2014-08-11,36.98,36.98,36.98,36.98,23.6828,0,0,0
2014-08-12,36.92,36.92,36.92,36.92,23.6444,0,0,0
2014-08-13,37.14,37.14,37.14,37.14,23.7853,0,0,0
2014-08-14,37.27,37.27,37.27,37.27,23.8685,0,0,0
2014-08-15,37.28,37.28,37.28,37.28,23.8749,0,0,0
2014-08-18,37.54,37.54,37.54,37.54,24.0414,0,0,0
2014-08-19,37.67,37.67,37.67,37.67,24.1247,0,0,0
2014-08-20,37.68,37.68,37.68,37.68,24.1311,0,0,0
2014-08-21,37.8,37.8,37.8,37.8,24.2079,0,0,0
2014-08-22,37.72,37.72,37.72,37.72,24.1567,0,0,0
2014-08-25,37.89,37.89,37.89,37.89,24.2656,0,0,0
2014-08-26,37.94,37.94,37.94,37.94,24.2976,0,0,0
2014-08-27,37.99,37.99,37.99,37.99,24.3296,0,0,0
2014-08-28,37.89,37.89,37.89,37.89,24.2656,0,0,0
2014-08-29,37.98,37.98,37.98,37.98,24.3232,0,0,0
2014-09-02,37.98,37.98,37.98,37.98,24.3232,0,0,0
2014-09-03,38.03,38.03,38.03,38.03,24.3552,0,0,0
2014-09-04,37.92,37.92,37.92,37.92,24.2848,0,0,0
2014-09-05,38.02,38.02,38.02,38.02,24.3488,0,0,0
2014-09-08,37.89,37.89,37.89,37.89,24.2656,0,0,0
2014-09-09,37.69,37.69,37.69,37.69,24.1375,0,0,0
2014-09-10,37.78,37.78,37.78,37.78,24.1951,0,0,0
2014-09-11,37.79,37.79,37.79,37.79,24.2015,0,0,0
2014-09-12,37.62,37.62,37.62,37.62,24.0927,0,0,0
2014-09-15,37.55,37.55,37.55,37.55,24.0478,0,0,0
2014-09-16,37.72,37.72,37.72,37.72,24.1567,0,0,0
2014-09-17,37.69,37.69,37.69,37.69,24.1375,0,0,0
2014-09-18,37.88,37.88,37.88,37.88,24.2592,0,0,0
2014-09-19,37.82,37.82,37.82,37.82,24.2207,0,0,0
2014-09-22,37.57,37.57,37.57,37.57,24.0606,0,0,0
2014-09-23,37.35,37.35,37.35,37.35,23.9198,0,0,0
2014-09-24,37.56,37.56,37.56,37.56,24.0542,0,0,0
2014-09-25,37.1,37.1,37.1,37.1,23.7596,0,0,0
2014-09-26,37.3,37.3,37.3,37.3,23.8877,0,0,0
2014-09-29,37.2,37.2,37.2,37.2,23.8237,0,0,0
2014-09-30,37.08,37.08,37.08,37.08,23.7468,0,0,0
2014-10-01,36.71,36.71,36.71,36.71,23.5099,0,0,0
2014-10-02,36.6,36.6,36.6,36.6,23.4394,0,0,0
2014-10-03,36.84,36.84,36.84,36.84,23.5931,0,0,0
2014-10-06,36.86,36.86,36.86,36.86,23.6059,0,0,0
2014-10-07,36.41,36.41,36.41,36.41,23.3178,0,0,0
2014-10-08,36.91,36.91,36.91,36.91,23.638,0,0,0
2014-10-09,36.22,36.22,36.22,36.22,23.1961,0,0,0
2014-10-10,35.82,35.82,35.82,35.82,22.9399,0,0,0
2014-10-13,35.48,35.48,35.48,35.48,22.7222,0,0,0
2014-10-14,35.58,35.58,35.58,35.58,22.7862,0,0,0
2014-10-15,35.39,35.39,35.39,35.39,22.6645,0,0,0
2014-10-16,35.38,35.38,35.38,35.38,22.6581,0,0,0
2014-10-17,35.75,35.75,35.75,35.75,22.8951,0,0,0
2014-10-20,36.01,36.01,36.01,36.01,23.0616,0,0,0
2014-10-21,36.53,36.53,36.53,36.53,23.3946,0,0,0
2014-10-22,36.31,36.31,36.31,36.31,23.2537,0,0,0
2014-10-23,36.67,36.67,36.67,36.67,23.4843,0,0,0
2014-10-24,36.83,36.83,36.83,36.83,23.5867,0,0,0
2014-10-27,36.78,36.78,36.78,36.78,23.5547,0,0,0
2014-10-28,37.17,37.17,37.17,37.17,23.8045,0,0,0
2014-10-29,37.08,37.08,37.08,37.08,23.7468,0,0,0
2014-10-30,37.26,37.26,37.26,37.26,23.8621,0,0,0
2014-10-31,37.68,37.68,37.68,37.68,24.1311,0,0,0
2014-11-03,37.59,37.59,37.59,37.59,24.0734,0,0,0
2014-11-04,37.47,37.47,37.47,37.47,23.9966,0,0,0
2014-11-05,37.62,37.62,37.62,37.62,24.0927,0,0,0
2014-11-06,37.66,37.66,37.66,37.66,24.1183,0,0,0
2014-11-07,37.7,37.7,37.7,37.7,24.1439,0,0,0
2014-11-10,37.81,37.81,37.81,37.81,24.2143,0,0,0
2014-11-11,37.88,37.88,37.88,37.88,24.2592,0,0,0
2014-11-12,37.8,37.8,37.8,37.8,24.2079,0,0,0
2014-11-13,37.83,37.83,37.83,37.83,24.2272,0,0,0
2014-11-14,37.87,37.87,37.87,37.87,24.2528,0,0,0
2014-11-17,37.82,37.82,37.82,37.82,24.2207,0,0,0
2014-11-18,38.03,38.03,38.03,38.03,24.3552,0,0,0
2014-11-19,37.96,37.96,37.96,37.96,24.3104,0,0,0
2014-11-20,37.99,37.99,37.99,37.99,24.3296,0,0,0
2014-11-21,38.19,38.19,38.19,38.19,24.4577,0,0,0
2014-11-24,38.33,38.33,38.33,38.33,24.5474,0,0,0
2014-11-25,38.34,38.34,38.34,38.34,24.5538,0,0,0
2014-11-26,38.44,38.44,38.44,38.44,24.6178,0,0,0
2014-11-28,38.3,38.3,38.3,38.3,24.5281,0,0,0
2014-12-01,38.09,38.09,38.09,38.09,24.3937,0,0,0
2014-12-02,38.23,38.23,38.23,38.23,24.4833,0,0,0
2014-12-03,38.33,38.33,38.33,38.33,24.5474,0,0,0
2014-12-04,38.28,38.28,38.28,38.28,24.5153,0,0,0
2014-12-05,38.35,38.35,38.35,38.35,24.5602,0,0,0
2014-12-08,38.1,38.1,38.1,38.1,24.4001,0,0,0
2014-12-09,38.06,38.06,38.06,38.06,24.3744,0,0,0
2014-12-10,37.62,37.62,37.62,37.62,24.0927,0,0,0
2014-12-11,37.7,37.7,37.7,37.7,24.1439,0,0,0
2014-12-12,37.22,37.22,37.22,37.22,23.8365,0,0,0
2014-12-15,36.87,36.87,36.87,36.87,23.6123,0,0,0
2014-12-16,36.79,36.79,36.79,36.79,23.5611,0,0,0
2014-12-17,37.31,37.31,37.31,37.31,23.8941,0,0,0
2014-12-18,37.97,37.97,37.97,37.97,24.3168,0,0,0
2014-12-19,38.1,38.1,38.1,38.1,24.4001,0,0,0
2014-12-22,38.23,38.23,38.23,38.23,24.4833,0,0,0
2014-12-23,38.23,38.23,38.23,38.23,24.4833,0,0,0
2014-12-24,38.26,38.26,38.26,38.26,24.5025,0,0,0
2014-12-26,38.37,38.37,38.37,38.37,24.573,0,0,0
2014-12-29,37.56,37.56,37.56,37.56,24.592,0,0.839,0
2014-12-30,37.37,37.37,37.37,37.37,24.4676,0,0,0
2014-12-31,37.12,37.12,37.12,37.12,24.3039,0,0,0
2015-01-02,37.07,37.07,37.07,37.07,24.2711,0,0,0
2015-01-05,36.49,36.49,36.49,36.49,23.8914,0,0,0
2015-01-06,36.2,36.2,36.2,36.2,23.7015,0,0,0
2015-01-07,36.52,36.52,36.52,36.52,23.911,0,0,0
2015-01-08,37.03,37.03,37.03,37.03,24.245,0,0,0
2015-01-09,36.81,36.81,36.81,36.81,24.1009,0,0,0
2015-01-12,36.66,36.66,36.66,36.66,24.0027,0,0,0
2015-01-13,36.66,36.66,36.66,36.66,24.0027,0,0,0
2015-01-14,36.51,36.51,36.51,36.51,23.9045,0,0,0
2015-01-15,36.39,36.39,36.39,36.39,23.8259,0,0,0
2015-01-16,36.73,36.73,36.73,36.73,24.0485,0,0,0
2015-01-20,36.81,36.81,36.81,36.81,24.1009,0,0,0
2015-01-21,36.96,36.96,36.96,36.96,24.1991,0,0,0
2015-01-22,37.33,37.33,37.33,37.33,24.4414,0,0,0
2015-01-23,37.22,37.22,37.22,37.22,24.3694,0,0,0
2015-01-26,37.4,37.4,37.4,37.4,24.4872,0,0,0
2015-01-27,37.15,37.15,37.15,37.15,24.3235,0,0,0
2015-01-28,36.77,36.77,36.77,36.77,24.0747,0,0,0
2015-01-29,37.06,37.06,37.06,37.06,24.2646,0,0,0
2015-01-30,36.69,36.69,36.69,36.69,24.0223,0,0,0
2015-02-02,37.04,37.04,37.04,37.04,24.2515,0,0,0
2015-02-03,37.48,37.48,37.48,37.48,24.5396,0,0,0
2015-02-04,37.36,37.36,37.36,37.36,24.461,0,0,0
2015-02-05,37.69,37.69,37.69,37.69,24.6771,0,0,0
2015-02-06,37.48,37.48,37.48,37.48,24.5396,0,0,0
2015-02-09,37.33,37.33,37.33,37.33,24.4414,0,0,0
2015-02-10,37.61,37.61,37.61,37.61,24.6247,0,0,0
2015-02-11,37.57,37.57,37.57,37.57,24.5985,0,0,0
2015-02-12,37.95,37.95,37.95,37.95,24.8473,0,0,0
2015-02-13,38.1,38.1,38.1,38.1,24.9455,0,0,0
2015-02-17,38.14,38.14,38.14,38.14,24.9717,0,0,0
2015-02-18,38.23,38.23,38.23,38.23,25.0306,0,0,0
2015-02-19,38.23,38.23,38.23,38.23,25.0306,0,0,0
2015-02-20,38.45,38.45,38.45,38.45,25.1747,0,0,0
2015-02-23,38.43,38.43,38.43,38.43,25.1616,0,0,0
2015-02-24,38.56,38.56,38.56,38.56,25.2467,0,0,0
2015-02-25,38.58,38.58,38.58,38.58,25.2598,0,0,0
2015-02-26,38.5,38.5,38.5,38.5,25.2074,0,0,0
2015-02-27,38.45,38.45,38.45,38.45,25.1747,0,0,0
2015-03-02,38.57,38.57,38.57,38.57,25.2533,0,0,0
2015-03-03,38.4,38.4,38.4,38.4,25.1419,0,0,0
2015-03-04,38.28,38.28,38.28,38.28,25.0634,0,0,0
2015-03-05,38.34,38.34,38.34,38.34,25.1027,0,0,0
2015-03-06,37.87,37.87,37.87,37.87,24.7949,0,0,0
2015-03-09,37.96,37.96,37.96,37.96,24.8539,0,0,0
2015-03-10,37.42,37.42,37.42,37.42,24.5003,0,0,0
2015-03-11,37.43,37.43,37.43,37.43,24.5069,0,0,0
2015-03-12,37.84,37.84,37.84,37.84,24.7753,0,0,0
2015-03-13,37.64,37.64,37.64,37.64,24.6443,0,0,0
2015-03-16,38.05,38.05,38.05,38.05,24.9128,0,0,0
2015-03-17,37.97,37.97,37.97,37.97,24.8604,0,0,0
2015-03-18,38.47,38.47,38.47,38.47,25.1878,0,0,0
2015-03-19,38.27,38.27,38.27,38.27,25.0568,0,0,0
2015-03-20,38.7,38.7,38.7,38.7,25.3384,0,0,0
2015-03-23,38.72,38.72,38.72,38.72,25.3515,0,0,0
2015-03-24,38.59,38.59,38.59,38.59,25.2663,0,0,0
2015-03-25,38.17,38.17,38.17,38.17,24.9914,0,0,0
2015-03-26,38.01,38.01,38.01,38.01,24.8866,0,0,0
2015-03-27,38.12,38.12,38.12,38.12,24.9586,0,0,0
2015-03-30,38.42,38.42,38.42,38.42,25.155,0,0,0
2015-03-31,38.1,38.1,38.1,38.1,24.9455,0,0,0
2015-04-01,38.08,38.08,38.08,38.08,24.9324,0,0,0
2015-04-02,38.24,38.24,38.24,38.24,25.0372,0,0,0
2015-04-06,38.47,38.47,38.47,38.47,25.1878,0,0,0
2015-04-07,38.44,38.44,38.44,38.44,25.1681,0,0,0
2015-04-08,38.54,38.54,38.54,38.54,25.2336,0,0,0
2015-04-09,38.62,38.62,38.62,38.62,25.286,0,0,0
2015-04-10,38.62,38.62,38.62,38.62,25.374,0,0.134,0
2015-04-13,38.5,38.5,38.5,38.5,25.2952,0,0,0
2015-04-14,38.6,38.6,38.6,38.6,25.3609,0,0,0
2015-04-15,38.76,38.76,38.76,38.76,25.466,0,0,0
2015-04-16,38.78,38.78,38.78,38.78,25.4791,0,0,0
2015-04-17,38.39,38.39,38.39,38.39,25.2229,0,0,0
2015-04-20,38.6,38.6,38.6,38.6,25.3609,0,0,0
2015-04-21,38.64,38.64,38.64,38.64,25.3872,0,0,0
2015-04-22,38.74,38.74,38.74,38.74,25.4529,0,0,0
2015-04-23,38.86,38.86,38.86,38.86,25.5317,0,0,0
2015-04-24,38.96,38.96,38.96,38.96,25.5974,0,0,0
2015-04-27,38.92,38.92,38.92,38.92,25.5711,0,0,0
2015-04-28,38.95,38.95,38.95,38.95,25.5908,0,0,0
2015-04-29,38.75,38.75,38.75,38.75,25.4594,0,0,0
2015-04-30,38.42,38.42,38.42,38.42,25.2426,0,0,0
2015-05-01,38.67,38.67,38.67,38.67,25.4069,0,0,0
2015-05-04,38.74,38.74,38.74,38.74,25.4529,0,0,0
2015-05-05,38.33,38.33,38.33,38.33,25.1835,0,0,0
2015-05-06,38.29,38.29,38.29,38.29,25.1572,0,0,0
2015-05-07,38.36,38.36,38.36,38.36,25.2032,0,0,0
2015-05-08,38.85,38.85,38.85,38.85,25.5251,0,0,0
2015-05-11,38.67,38.67,38.67,38.67,25.4069,0,0,0
2015-05-12,38.59,38.59,38.59,38.59,25.3543,0,0,0
2015-05-13,38.66,38.66,38.66,38.66,25.4003,0,0,0
2015-05-14,39.01,39.01,39.01,39.01,25.6303,0,0,0
2015-05-15,39.07,39.07,39.07,39.07,25.6697,0,0,0
2015-05-18,39.11,39.11,39.11,39.11,25.696,0,0,0
2015-05-19,39.06,39.06,39.06,39.06,25.6631,0,0,0
2015-05-20,39.06,39.06,39.06,39.06,25.6631,0,0,0
2015-05-21,39.18,39.18,39.18,39.18,25.742,0,0,0
2015-05-22,39.05,39.05,39.05,39.05,25.6565,0,0,0
2015-05-26,38.67,38.67,38.67,38.67,25.4069,0,0,0
2015-05-27,38.98,38.98,38.98,38.98,25.6105,0,0,0
2015-05-28,38.93,38.93,38.93,38.93,25.5777,0,0,0
2015-05-29,38.71,38.71,38.71,38.71,25.4332,0,0,0
2015-06-01,38.7,38.7,38.7,38.7,25.4266,0,0,0
2015-06-02,38.72,38.72,38.72,38.72,25.4397,0,0,0
2015-06-03,38.85,38.85,38.85,38.85,25.5251,0,0,0
2015-06-04,38.55,38.55,38.55,38.55,25.328,0,0,0
2015-06-05,38.4,38.4,38.4,38.4,25.2295,0,0,0
2015-06-08,38.25,38.25,38.25,38.25,25.1309,0,0,0
2015-06-09,38.18,38.18,38.18,38.18,25.0849,0,0,0
2015-06-10,38.63,38.63,38.63,38.63,25.3806,0,0,0
2015-06-11,38.74,38.74,38.74,38.74,25.4529,0,0,0
2015-06-12,38.52,38.52,38.52,38.52,25.3083,0,0,0
2015-06-15,38.34,38.34,38.34,38.34,25.1901,0,0,0
2015-06-16,38.48,38.48,38.48,38.48,25.282,0,0,0
2015-06-17,38.52,38.52,38.52,38.52,25.3083,0,0,0
2015-06-18,38.81,38.81,38.81,38.81,25.4989,0,0,0
2015-06-19,38.72,38.72,38.72,38.72,25.4397,0,0,0
2015-06-22,39,39,39,39,25.6237,0,0,0
2015-06-23,39.03,39.03,39.03,39.03,25.6434,0,0,0
2015-06-24,38.81,38.81,38.81,38.81,25.4989,0,0,0
2015-06-25,38.73,38.73,38.73,38.73,25.4463,0,0,0
2015-06-26,38.68,38.68,38.68,38.68,25.4135,0,0,0
2015-06-29,37.96,37.96,37.96,37.96,24.9404,0,0,0
2015-06-30,37.98,37.98,37.98,37.98,24.9535,0,0,0
2015-07-01,38.16,38.16,38.16,38.16,25.0718,0,0,0
2015-07-02,38.16,38.16,38.16,38.16,25.0718,0,0,0
2015-07-06,37.93,37.93,37.93,37.93,24.9207,0,0,0
2015-07-07,38.02,38.02,38.02,38.02,24.9798,0,0,0
2015-07-08,37.5,37.5,37.5,37.5,24.6382,0,0,0
2015-07-09,37.65,37.65,37.65,37.65,24.7367,0,0,0
2015-07-10,38.15,38.15,38.15,38.15,25.0652,0,0,0
2015-07-13,38.47,38.47,38.47,38.47,25.2755,0,0,0
2015-07-14,38.66,38.66,38.66,38.66,25.4003,0,0,0
2015-07-15,38.61,38.61,38.61,38.61,25.3675,0,0,0
2015-07-16,38.86,38.86,38.86,38.86,25.5317,0,0,0
2015-07-17,38.85,38.85,38.85,38.85,25.5251,0,0,0
2015-07-20,38.86,38.86,38.86,38.86,25.5317,0,0,0
2015-07-21,38.75,38.75,38.75,38.75,25.4594,0,0,0
2015-07-22,38.62,38.62,38.62,38.62,25.374,0,0,0
2015-07-23,38.51,38.51,38.51,38.51,25.3018,0,0,0
2015-07-24,38.15,38.15,38.15,38.15,25.0652,0,0,0
2015-07-27,37.94,37.94,37.94,37.94,24.9273,0,0,0
2015-07-28,38.28,38.28,38.28,38.28,25.1506,0,0,0
2015-07-29,38.48,38.48,38.48,38.48,25.282,0,0,0
2015-07-30,38.5,38.5,38.5,38.5,25.2952,0,0,0
2015-07-31,38.56,38.56,38.56,38.56,25.3346,0,0,0
2015-08-03,38.5,38.5,38.5,38.5,25.2952,0,0,0
2015-08-04,38.4,38.4,38.4,38.4,25.2295,0,0,0
2015-08-05,38.54,38.54,38.54,38.54,25.3215,0,0,0
2015-08-06,38.33,38.33,38.33,38.33,25.1835,0,0,0
2015-08-07,38.24,38.24,38.24,38.24,25.1244,0,0,0
2015-08-10,38.63,38.63,38.63,38.63,25.3806,0,0,0
2015-08-11,38.29,38.29,38.29,38.29,25.1572,0,0,0
2015-08-12,38.23,38.23,38.23,38.23,25.1178,0,0,0
2015-08-13,38.2,38.2,38.2,38.2,25.0981,0,0,0
2015-08-14,38.28,38.28,38.28,38.28,25.1506,0,0,0
2015-08-17,38.42,38.42,38.42,38.42,25.2426,0,0,0
2015-08-18,38.29,38.29,38.29,38.29,25.1572,0,0,0
2015-08-19,38.03,38.03,38.03,38.03,24.9864,0,0,0
2015-08-20,37.35,37.35,37.35,37.35,24.5396,0,0,0
2015-08-21,36.49,36.49,36.49,36.49,23.9746,0,0,0
2015-08-24,35.33,35.33,35.33,35.33,23.2124,0,0,0
2015-08-25,35.11,35.11,35.11,35.11,23.0679,0,0,0
2015-08-26,35.99,35.99,35.99,35.99,23.6461,0,0,0
2015-08-27,36.64,36.64,36.64,36.64,24.0731,0,0,0
2015-08-28,36.69,36.69,36.69,36.69,24.106,0,0,0
2015-08-31,36.45,36.45,36.45,36.45,23.9483,0,0,0
2015-09-01,35.55,35.55,35.55,35.55,23.357,0,0,0
2015-09-02,36.01,36.01,36.01,36.01,23.6592,0,0,0
2015-09-03,36.07,36.07,36.07,36.07,23.6986,0,0,0
2015-09-04,35.59,35.59,35.59,35.59,23.3833,0,0,0
2015-09-08,36.31,36.31,36.31,36.31,23.8563,0,0,0
2015-09-09,36.06,36.06,36.06,36.06,23.6921,0,0,0
2015-09-10,36.17,36.17,36.17,36.17,23.7643,0,0,0
2015-09-11,36.26,36.26,36.26,36.26,23.8235,0,0,0
2015-09-14,36.12,36.12,36.12,36.12,23.7315,0,0,0
2015-09-15,36.4,36.4,36.4,36.4,23.9154,0,0,0
2015-09-16,36.73,36.73,36.73,36.73,24.1323,0,0,0
2015-09-17,36.78,36.78,36.78,36.78,24.1651,0,0,0
2015-09-18,36.22,36.22,36.22,36.22,23.7972,0,0,0
2015-09-21,36.25,36.25,36.25,36.25,23.8169,0,0,0
2015-09-22,35.76,35.76,35.76,35.76,23.495,0,0,0
2015-09-23,35.69,35.69,35.69,35.69,23.449,0,0,0
2015-09-24,35.55,35.55,35.55,35.55,23.357,0,0,0
2015-09-25,35.6,35.6,35.6,35.6,23.3898,0,0,0
2015-09-28,34.9,34.9,34.9,34.9,22.9299,0,0,0
2015-09-29,34.85,34.85,34.85,34.85,22.8971,0,0,0
2015-09-30,35.42,35.42,35.42,35.42,23.2716,0,0,0
2015-10-01,35.48,35.48,35.48,35.48,23.311,0,0,0
2015-10-02,35.93,35.93,35.93,35.93,23.6066,0,0,0
2015-10-05,36.51,36.51,36.51,36.51,23.9877,0,0,0
2015-10-06,36.49,36.49,36.49,36.49,23.9746,0,0,0
2015-10-07,36.76,36.76,36.76,36.76,24.152,0,0,0
2015-10-08,37,37,37,37,24.3097,0,0,0
2015-10-09,37.09,37.09,37.09,37.09,24.3688,0,0,0
2015-10-12,37.1,37.1,37.1,37.1,24.3754,0,0,0
2015-10-13,36.83,36.83,36.83,36.83,24.198,0,0,0
2015-10-14,36.72,36.72,36.72,36.72,24.1257,0,0,0
2015-10-15,37.2,37.2,37.2,37.2,24.4411,0,0,0
2015-10-16,37.29,37.29,37.29,37.29,24.5002,0,0,0
2015-10-19,37.26,37.26,37.26,37.26,24.4805,0,0,0
2015-10-20,37.19,37.19,37.19,37.19,24.4345,0,0,0
2015-10-21,37.06,37.06,37.06,37.06,24.3491,0,0,0
2015-10-22,37.46,37.46,37.46,37.46,24.6119,0,0,0
2015-10-23,37.77,37.77,37.77,37.77,24.8156,0,0,0
2015-10-26,37.72,37.72,37.72,37.72,24.7827,0,0,0
2015-10-27,37.55,37.55,37.55,37.55,24.671,0,0,0
2015-10-28,37.91,37.91,37.91,37.91,24.9075,0,0,0
2015-10-29,37.78,37.78,37.78,37.78,24.8221,0,0,0
2015-10-30,37.7,37.7,37.7,37.7,24.7696,0,0,0
2015-11-02,38.03,38.03,38.03,38.03,24.9864,0,0,0
2015-11-03,38.09,38.09,38.09,38.09,25.0258,0,0,0
2015-11-04,37.98,37.98,37.98,37.98,24.9535,0,0,0
2015-11-05,37.94,37.94,37.94,37.94,24.9273,0,0,0
2015-11-06,37.86,37.86,37.86,37.86,24.8747,0,0,0
2015-11-09,37.55,37.55,37.55,37.55,24.671,0,0,0
2015-11-10,37.59,37.59,37.59,37.59,24.6973,0,0,0
2015-11-11,37.55,37.55,37.55,37.55,24.671,0,0,0
2015-11-12,37.13,37.13,37.13,37.13,24.3951,0,0,0
2015-11-13,36.83,36.83,36.83,36.83,24.198,0,0,0
2015-11-16,37.2,37.2,37.2,37.2,24.4411,0,0,0
2015-11-17,37.23,37.23,37.23,37.23,24.4608,0,0,0
2015-11-18,37.66,37.66,37.66,37.66,24.7433,0,0,0
2015-11-19,37.7,37.7,37.7,37.7,24.7696,0,0,0
2015-11-20,37.77,37.77,37.77,37.77,24.8156,0,0,0
2015-11-23,37.71,37.71,37.71,37.71,24.7761,0,0,0
2015-11-24,37.73,37.73,37.73,37.73,24.7893,0,0,0
2015-11-25,37.79,37.79,37.79,37.79,24.8287,0,0,0
2015-11-27,37.83,37.83,37.83,37.83,24.855,0,0,0
2015-11-30,37.71,37.71,37.71,37.71,24.7761,0,0,0
2015-12-01,38.04,38.04,38.04,38.04,24.993,0,0,0
2015-12-02,37.72,37.72,37.72,37.72,24.7827,0,0,0
2015-12-03,37.32,37.32,37.32,37.32,24.5199,0,0,0
2015-12-04,37.77,37.77,37.77,37.77,24.8156,0,0,0
2015-12-07,37.55,37.55,37.55,37.55,24.671,0,0,0
2015-12-08,37.28,37.28,37.28,37.28,24.4936,0,0,0
2015-12-09,37.09,37.09,37.09,37.09,24.3688,0,0,0
2015-12-10,37.11,37.11,37.11,37.11,24.3819,0,0,0
2015-12-11,36.55,36.55,36.55,36.55,24.014,0,0,0
2015-12-14,36.55,36.55,36.55,36.55,24.014,0,0,0
2015-12-15,36.84,36.84,36.84,36.84,24.2045,0,0,0
2015-12-16,37.29,37.29,37.29,37.29,24.5002,0,0,0
2015-12-17,36.94,36.94,36.94,36.94,24.2702,0,0,0
2015-12-18,36.49,36.49,36.49,36.49,23.9746,0,0,0
2015-12-21,36.67,36.67,36.67,36.67,24.0928,0,0,0
2015-12-22,36.9,36.9,36.9,36.9,24.244,0,0,0
2015-12-23,37.33,37.33,37.33,37.33,24.5265,0,0,0
2015-12-24,37.31,37.31,37.31,37.31,24.5133,0,0,0
2015-12-28,37.24,37.24,37.24,37.24,24.4673,0,0,0
2015-12-29,36.69,36.69,36.69,36.69,24.6826,0,0.87,0
2015-12-30,36.48,36.48,36.48,36.48,24.5413,0,0,0
2015-12-31,36.18,36.18,36.18,36.18,24.3395,0,0,0
2016-01-04,35.7,35.7,35.7,35.7,24.0166,0,0,0
2016-01-05,35.71,35.71,35.71,35.71,24.0233,0,0,0
2016-01-06,35.31,35.31,35.31,35.31,23.7542,0,0,0
2016-01-07,34.65,34.65,34.65,34.65,23.3102,0,0,0
2016-01-08,34.3,34.3,34.3,34.3,23.0748,0,0,0
2016-01-11,34.28,34.28,34.28,34.28,23.0613,0,0,0
2016-01-12,34.48,34.48,34.48,34.48,23.1959,0,0,0
2016-01-13,33.87,33.87,33.87,33.87,22.7855,0,0,0
2016-01-14,34.22,34.22,34.22,34.22,23.021,0,0,0
2016-01-15,33.57,33.57,33.57,33.57,22.5837,0,0,0
2016-01-19,33.59,33.59,33.59,33.59,22.5971,0,0,0
2016-01-20,33.19,33.19,33.19,33.19,22.328,0,0,0
2016-01-21,33.3,33.3,33.3,33.3,22.402,0,0,0
2016-01-22,33.95,33.95,33.95,33.95,22.8393,0,0,0
2016-01-25,33.54,33.54,33.54,33.54,22.5635,0,0,0
2016-01-26,33.96,33.96,33.96,33.96,22.846,0,0,0
2016-01-27,33.71,33.71,33.71,33.71,22.6779,0,0,0
2016-01-28,33.79,33.79,33.79,33.79,22.7317,0,0,0
2016-01-29,34.49,34.49,34.49,34.49,23.2026,0,0,0
2016-02-01,34.47,34.47,34.47,34.47,23.1892,0,0,0
2016-02-02,33.91,33.91,33.91,33.91,22.8124,0,0,0
2016-02-03,34.04,34.04,34.04,34.04,22.8999,0,0,0
2016-02-04,34.12,34.12,34.12,34.12,22.9537,0,0,0
2016-02-05,33.57,33.57,33.57,33.57,22.5837,0,0,0
2016-02-08,33.11,33.11,33.11,33.11,22.2742,0,0,0
2016-02-09,32.99,32.99,32.99,32.99,22.1935,0,0,0
2016-02-10,33.02,33.02,33.02,33.02,22.2137,0,0,0
2016-02-11,32.65,32.65,32.65,32.65,21.9648,0,0,0
2016-02-12,33.11,33.11,33.11,33.11,22.2742,0,0,0
2016-02-16,33.64,33.64,33.64,33.64,22.6308,0,0,0
2016-02-17,34.14,34.14,34.14,34.14,22.9671,0,0,0
2016-02-18,34.04,34.04,34.04,34.04,22.8999,0,0,0
2016-02-19,34.03,34.03,34.03,34.03,22.8931,0,0,0
2016-02-22,34.41,34.41,34.41,34.41,23.1488,0,0,0
2016-02-23,34.04,34.04,34.04,34.04,22.8999,0,0,0
2016-02-24,34.07,34.07,34.07,34.07,22.9201,0,0,0
2016-02-25,34.45,34.45,34.45,34.45,23.1757,0,0,0
2016-02-26,34.42,34.42,34.42,34.42,23.1555,0,0,0
2016-02-29,34.26,34.26,34.26,34.26,23.0479,0,0,0
2016-03-01,34.9,34.9,34.9,34.9,23.4784,0,0,0
2016-03-02,35.09,35.09,35.09,35.09,23.6062,0,0,0
2016-03-03,35.3,35.3,35.3,35.3,23.7475,0,0,0
2016-03-04,35.43,35.43,35.43,35.43,23.835,0,0,0
2016-03-07,35.47,35.47,35.47,35.47,23.8619,0,0,0
2016-03-08,35.11,35.11,35.11,35.11,23.6197,0,0,0
2016-03-09,35.24,35.24,35.24,35.24,23.7072,0,0,0
2016-03-10,35.2,35.2,35.2,35.2,23.6802,0,0,0
2016-03-11,35.79,35.79,35.79,35.79,24.0772,0,0,0
2016-03-14,35.76,35.76,35.76,35.76,24.057,0,0,0
2016-03-15,35.58,35.58,35.58,35.58,23.9359,0,0,0
2016-03-16,35.82,35.82,35.82,35.82,24.0973,0,0,0
2016-03-17,36.07,36.07,36.07,36.07,24.2655,0,0,0
2016-03-18,36.17,36.17,36.17,36.17,24.3328,0,0,0
2016-03-21,36.15,36.15,36.15,36.15,24.3193,0,0,0
2016-03-22,36.12,36.12,36.12,36.12,24.2992,0,0,0
2016-03-23,35.89,35.89,35.89,35.89,24.1444,0,0,0
2016-03-24,35.79,35.79,35.79,35.79,24.0772,0,0,0
2016-03-28,35.88,35.88,35.88,35.88,24.1377,0,0,0
2016-03-29,36.22,36.22,36.22,36.22,24.3664,0,0,0
2016-03-30,36.38,36.38,36.38,36.38,24.4741,0,0,0
2016-03-31,36.31,36.31,36.31,36.31,24.427,0,0,0
2016-04-01,36.31,36.31,36.31,36.31,24.427,0,0,0
2016-04-04,36.24,36.24,36.24,36.24,24.3799,0,0,0
2016-04-05,35.86,35.86,35.86,35.86,24.1243,0,0,0
2016-04-06,36.2,36.2,36.2,36.2,24.353,0,0,0
2016-04-07,35.85,35.85,35.85,35.85,24.1175,0,0,0
2016-04-08,36.08,36.08,36.08,36.08,24.2723,0,0,0
2016-04-11,36.03,36.03,36.03,36.03,24.2386,0,0,0
2016-04-12,36.34,36.34,36.34,36.34,24.4472,0,0,0
2016-04-13,36.75,36.75,36.75,36.75,24.723,0,0,0
2016-04-14,36.78,36.78,36.78,36.78,24.7432,0,0,0
2016-04-15,36.61,36.61,36.61,36.61,24.7357,0,0.159,0
2016-04-18,36.81,36.81,36.81,36.81,24.8709,0,0,0
2016-04-19,37.03,37.03,37.03,37.03,25.0195,0,0,0
2016-04-20,37.04,37.04,37.04,37.04,25.0263,0,0,0
2016-04-21,36.89,36.89,36.89,36.89,24.9249,0,0,0
2016-04-22,36.9,36.9,36.9,36.9,24.9317,0,0,0
2016-04-25,36.8,36.8,36.8,36.8,24.8641,0,0,0
2016-04-26,36.9,36.9,36.9,36.9,24.9317,0,0,0
2016-04-27,36.96,36.96,36.96,36.96,24.9722,0,0,0
2016-04-28,36.69,36.69,36.69,36.69,24.7898,0,0,0
2016-04-29,36.52,36.52,36.52,36.52,24.6749,0,0,0
2016-05-02,36.75,36.75,36.75,36.75,24.8303,0,0,0
2016-05-03,36.4,36.4,36.4,36.4,24.5938,0,0,0
2016-05-04,36.16,36.16,36.16,36.16,24.4317,0,0,0
2016-05-05,36.15,36.15,36.15,36.15,24.4249,0,0,0
2016-05-06,36.21,36.21,36.21,36.21,24.4655,0,0,0
2016-05-09,36.24,36.24,36.24,36.24,24.4857,0,0,0
2016-05-10,36.62,36.62,36.62,36.62,24.7425,0,0,0
2016-05-11,36.36,36.36,36.36,36.36,24.5668,0,0,0
2016-05-12,36.31,36.31,36.31,36.31,24.533,0,0,0
2016-05-13,36.08,36.08,36.08,36.08,24.3776,0,0,0
2016-05-16,36.36,36.36,36.36,36.36,24.5668,0,0,0
2016-05-17,36.12,36.12,36.12,36.12,24.4047,0,0,0
2016-05-18,36.11,36.11,36.11,36.11,24.3979,0,0,0
2016-05-19,35.94,35.94,35.94,35.94,24.283,0,0,0
2016-05-20,36.19,36.19,36.19,36.19,24.452,0,0,0
2016-05-23,36.12,36.12,36.12,36.12,24.4047,0,0,0
2016-05-24,36.55,36.55,36.55,36.55,24.6952,0,0,0
2016-05-25,36.78,36.78,36.78,36.78,24.8506,0,0,0
2016-05-26,36.81,36.81,36.81,36.81,24.8709,0,0,0
2016-05-27,36.9,36.9,36.9,36.9,24.9317,0,0,0
2016-05-31,36.88,36.88,36.88,36.88,24.9182,0,0,0
2016-06-01,36.91,36.91,36.91,36.91,24.9384,0,0,0
2016-06-02,36.99,36.99,36.99,36.99,24.9925,0,0,0
2016-06-03,37.01,37.01,37.01,37.01,25.006,0,0,0
2016-06-06,37.19,37.19,37.19,37.19,25.1276,0,0,0
2016-06-07,37.31,37.31,37.31,37.31,25.2087,0,0,0
2016-06-08,37.41,37.41,37.41,37.41,25.2763,0,0,0
2016-06-09,37.25,37.25,37.25,37.25,25.1682,0,0,0
2016-06-10,36.77,36.77,36.77,36.77,24.8438,0,0,0
2016-06-13,36.47,36.47,36.47,36.47,24.6411,0,0,0
2016-06-14,36.27,36.27,36.27,36.27,24.506,0,0,0
2016-06-15,36.32,36.32,36.32,36.32,24.5398,0,0,0
2016-06-16,36.38,36.38,36.38,36.38,24.5803,0,0,0
2016-06-17,36.39,36.39,36.39,36.39,24.5871,0,0,0
2016-06-20,36.77,36.77,36.77,36.77,24.8438,0,0,0
2016-06-21,36.86,36.86,36.86,36.86,24.9046,0,0,0
2016-06-22,36.85,36.85,36.85,36.85,24.8979,0,0,0
2016-06-23,37.38,37.38,37.38,37.38,25.256,0,0,0
2016-06-24,35.8,35.8,35.8,35.8,24.1885,0,0,0
2016-06-27,35.2,35.2,35.2,35.2,23.7831,0,0,0
2016-06-28,35.8,35.8,35.8,35.8,24.1885,0,0,0
2016-06-29,36.34,36.34,36.34,36.34,24.5533,0,0,0
2016-06-30,36.78,36.78,36.78,36.78,24.8506,0,0,0
2016-07-01,36.88,36.88,36.88,36.88,24.9182,0,0,0
2016-07-05,36.53,36.53,36.53,36.53,24.6817,0,0,0
2016-07-06,36.63,36.63,36.63,36.63,24.7492,0,0,0
2016-07-07,36.61,36.61,36.61,36.61,24.7357,0,0,0
2016-07-08,37.09,37.09,37.09,37.09,25.06,0,0,0
2016-07-11,37.32,37.32,37.32,37.32,25.2154,0,0,0
2016-07-12,37.6,37.6,37.6,37.6,25.4046,0,0,0
2016-07-13,37.59,37.59,37.59,37.59,25.3979,0,0,0
2016-07-14,37.76,37.76,37.76,37.76,25.5127,0,0,0
2016-07-15,37.69,37.69,37.69,37.69,25.4654,0,0,0
2016-07-18,37.77,37.77,37.77,37.77,25.5195,0,0,0
2016-07-19,37.67,37.67,37.67,37.67,25.4519,0,0,0
2016-07-20,37.85,37.85,37.85,37.85,25.5735,0,0,0
2016-07-21,37.75,37.75,37.75,37.75,25.506,0,0,0
2016-07-22,37.86,37.86,37.86,37.86,25.5803,0,0,0
2016-07-25,37.8,37.8,37.8,37.8,25.5398,0,0,0
2016-07-26,37.85,37.85,37.85,37.85,25.5735,0,0,0
2016-07-27,37.9,37.9,37.9,37.9,25.6073,0,0,0
2016-07-28,37.91,37.91,37.91,37.91,25.6141,0,0,0
2016-07-29,38.09,38.09,38.09,38.09,25.7357,0,0,0
2016-08-01,37.98,37.98,37.98,37.98,25.6614,0,0,0
2016-08-02,37.76,37.76,37.76,37.76,25.5127,0,0,0
2016-08-03,37.8,37.8,37.8,37.8,25.5398,0,0,0
2016-08-04,37.88,37.88,37.88,37.88,25.5938,0,0,0
2016-08-05,38.11,38.11,38.11,38.11,25.7492,0,0,0
2016-08-08,38.11,38.11,38.11,38.11,25.7492,0,0,0
2016-08-09,38.23,38.23,38.23,38.23,25.8303,0,0,0
2016-08-10,38.2,38.2,38.2,38.2,25.81,0,0,0
2016-08-11,38.35,38.35,38.35,38.35,25.9114,0,0,0
2016-08-12,38.34,38.34,38.34,38.34,25.9046,0,0,0
2016-08-15,38.45,38.45,38.45,38.45,25.9789,0,0,0
2016-08-16,38.3,38.3,38.3,38.3,25.8776,0,0,0
2016-08-17,38.31,38.31,38.31,38.31,25.8843,0,0,0
2016-08-18,38.45,38.45,38.45,38.45,25.9789,0,0,0
2016-08-19,38.34,38.34,38.34,38.34,25.9046,0,0,0
2016-08-22,38.36,38.36,38.36,38.36,25.9181,0,0,0
2016-08-23,38.47,38.47,38.47,38.47,25.9924,0,0,0
2016-08-24,38.32,38.32,38.32,38.32,25.8911,0,0,0
2016-08-25,38.26,38.26,38.26,38.26,25.8506,0,0,0
2016-08-26,38.14,38.14,38.14,38.14,25.7695,0,0,0
2016-08-29,38.3,38.3,38.3,38.3,25.8776,0,0,0
2016-08-30,38.25,38.25,38.25,38.25,25.8438,0,0,0
2016-08-31,38.19,38.19,38.19,38.19,25.8033,0,0,0
2016-09-01,38.24,38.24,38.24,38.24,25.8371,0,0,0
2016-09-02,38.47,38.47,38.47,38.47,25.9924,0,0,0
2016-09-06,38.62,38.62,38.62,38.62,26.0938,0,0,0
2016-09-07,38.67,38.67,38.67,38.67,26.1276,0,0,0
2016-09-08,38.58,38.58,38.58,38.58,26.0668,0,0,0
2016-09-09,37.78,37.78,37.78,37.78,25.5263,0,0,0
2016-09-12,38.17,38.17,38.17,38.17,25.7897,0,0,0
2016-09-13,37.62,37.62,37.62,37.62,25.4181,0,0,0
2016-09-14,37.61,37.61,37.61,37.61,25.4114,0,0,0
2016-09-15,37.91,37.91,37.91,37.91,25.6141,0,0,0
2016-09-16,37.7,37.7,37.7,37.7,25.4722,0,0,0
2016-09-19,37.8,37.8,37.8,37.8,25.5398,0,0,0
2016-09-20,37.83,37.83,37.83,37.83,25.56,0,0,0
2016-09-21,38.23,38.23,38.23,38.23,25.8303,0,0,0
2016-09-22,38.54,38.54,38.54,38.54,26.0397,0,0,0
2016-09-23,38.35,38.35,38.35,38.35,25.9114,0,0,0
2016-09-26,38.07,38.07,38.07,38.07,25.7222,0,0,0
2016-09-27,38.23,38.23,38.23,38.23,25.8303,0,0,0
2016-09-28,38.44,38.44,38.44,38.44,25.9722,0,0,0
2016-09-29,38.11,38.11,38.11,38.11,25.7492,0,0,0
2016-09-30,38.36,38.36,38.36,38.36,25.9181,0,0,0
2016-10-03,38.26,38.26,38.26,38.26,25.8506,0,0,0
2016-10-04,38.14,38.14,38.14,38.14,25.7695,0,0,0
2016-10-05,38.26,38.26,38.26,38.26,25.8506,0,0,0
2016-10-06,38.19,38.19,38.19,38.19,25.8033,0,0,0
2016-10-07,38.07,38.07,38.07,38.07,25.7222,0,0,0
2016-10-10,38.2,38.2,38.2,38.2,25.81,0,0,0
2016-10-11,37.76,37.76,37.76,37.76,25.5127,0,0,0
2016-10-12,37.77,37.77,37.77,37.77,25.5195,0,0,0
2016-10-13,37.65,37.65,37.65,37.65,25.4384,0,0,0
2016-10-14,37.66,37.66,37.66,37.66,25.4452,0,0,0
2016-10-17,37.58,37.58,37.58,37.58,25.3911,0,0,0
2016-10-18,37.82,37.82,37.82,37.82,25.5533,0,0,0
2016-10-19,37.91,37.91,37.91,37.91,25.6141,0,0,0
2016-10-20,37.88,37.88,37.88,37.88,25.5938,0,0,0
2016-10-21,37.85,37.85,37.85,37.85,25.5735,0,0,0
2016-10-24,37.96,37.96,37.96,37.96,25.6479,0,0,0
2016-10-25,37.85,37.85,37.85,37.85,25.5735,0,0,0
2016-10-26,37.74,37.74,37.74,37.74,25.4992,0,0,0
2016-10-27,37.61,37.61,37.61,37.61,25.4114,0,0,0
2016-10-28,37.57,37.57,37.57,37.57,25.3844,0,0,0
2016-10-31,37.59,37.59,37.59,37.59,25.3979,0,0,0
2016-11-01,37.39,37.39,37.39,37.39,25.2627,0,0,0
2016-11-02,37.16,37.16,37.16,37.16,25.1073,0,0,0
2016-11-03,37.05,37.05,37.05,37.05,25.033,0,0,0
2016-11-04,36.98,36.98,36.98,36.98,24.9857,0,0,0
2016-11-07,37.56,37.56,37.56,37.56,25.3776,0,0,0
2016-11-08,37.64,37.64,37.64,37.64,25.4317,0,0,0
2016-11-09,37.93,37.93,37.93,37.93,25.6276,0,0,0
2016-11-10,37.93,37.93,37.93,37.93,25.6276,0,0,0
2016-11-11,37.9,37.9,37.9,37.9,25.6073,0,0,0
2016-11-14,37.89,37.89,37.89,37.89,25.6006,0,0,0
2016-11-15,38.1,38.1,38.1,38.1,25.7425,0,0,0
2016-11-16,38,38,38,38,25.6749,0,0,0
2016-11-17,38.14,38.14,38.14,38.14,25.7695,0,0,0
2016-11-18,38.01,38.01,38.01,38.01,25.6816,0,0,0
2016-11-21,38.24,38.24,38.24,38.24,25.8371,0,0,0
2016-11-22,38.34,38.34,38.34,38.34,25.9046,0,0,0
2016-11-23,38.34,38.34,38.34,38.34,25.9046,0,0,0
2016-11-25,38.46,38.46,38.46,38.46,25.9857,0,0,0
2016-11-28,38.3,38.3,38.3,38.3,25.8776,0,0,0
2016-11-29,38.38,38.38,38.38,38.38,25.9316,0,0,0
2016-11-30,38.29,38.29,38.29,38.29,25.8708,0,0,0
2016-12-01,38.17,38.17,38.17,38.17,25.7897,0,0,0
2016-12-02,38.2,38.2,38.2,38.2,25.81,0,0,0
2016-12-05,38.46,38.46,38.46,38.46,25.9857,0,0,0
2016-12-06,38.61,38.61,38.61,38.61,26.087,0,0,0
2016-12-07,39.08,39.08,39.08,39.08,26.4046,0,0,0
2016-12-08,39.14,39.14,39.14,39.14,26.4451,0,0,0
2016-12-09,39.27,39.27,39.27,39.27,26.533,0,0,0
2016-12-12,39.21,39.21,39.21,39.21,26.4924,0,0,0
2016-12-13,39.42,39.42,39.42,39.42,26.6343,0,0,0
2016-12-14,39.04,39.04,39.04,39.04,26.3776,0,0,0
2016-12-15,39.11,39.11,39.11,39.11,26.4249,0,0,0
2016-12-16,39.09,39.09,39.09,39.09,26.4114,0,0,0
2016-12-19,39.16,39.16,39.16,39.16,26.4587,0,0,0
2016-12-20,39.28,39.28,39.28,39.28,26.5397,0,0,0
2016-12-21,39.22,39.22,39.22,39.22,26.4992,0,0,0
2016-12-22,39.13,39.13,39.13,39.13,26.4384,0,0,0
2016-12-23,39.2,39.2,39.2,39.2,26.4857,0,0,0
2016-12-27,39.25,39.25,39.25,39.25,26.5195,0,0,0
2016-12-28,38.24,38.24,38.24,38.24,26.3732,0,0.798,0
2016-12-29,38.28,38.28,38.28,38.28,26.4008,0,0,0
2016-12-30,38.22,38.22,38.22,38.22,26.3595,0,0,0
2017-01-03,38.45,38.45,38.45,38.45,26.5181,0,0,0
2017-01-04,38.74,38.74,38.74,38.74,26.7181,0,0,0
2017-01-05,38.83,38.83,38.83,38.83,26.7802,0,0,0
2017-01-06,38.82,38.82,38.82,38.82,26.7733,0,0,0
2017-01-09,38.74,38.74,38.74,38.74,26.7181,0,0,0
2017-01-10,38.77,38.77,38.77,38.77,26.7388,0,0,0
2017-01-11,38.9,38.9,38.9,38.9,26.8284,0,0,0
2017-01-12,38.82,38.82,38.82,38.82,26.7733,0,0,0
2017-01-13,38.93,38.93,38.93,38.93,26.8491,0,0,0
2017-01-17,38.83,38.83,38.83,38.83,26.7802,0,0,0
2017-01-18,38.82,38.82,38.82,38.82,26.7733,0,0,0
2017-01-19,38.71,38.71,38.71,38.71,26.6974,0,0,0
2017-01-20,38.82,38.82,38.82,38.82,26.7733,0,0,0
2017-01-23,38.79,38.79,38.79,38.79,26.7526,0,0,0
2017-01-24,38.99,38.99,38.99,38.99,26.8905,0,0,0
2017-01-25,39.28,39.28,39.28,39.28,27.0905,0,0,0
2017-01-26,39.21,39.21,39.21,39.21,27.0422,0,0,0
2017-01-27,39.18,39.18,39.18,39.18,27.0215,0,0,0
2017-01-30,38.94,38.94,38.94,38.94,26.856,0,0,0
2017-01-31,38.98,38.98,38.98,38.98,26.8836,0,0,0
2017-02-01,39.01,39.01,39.01,39.01,26.9043,0,0,0
2017-02-02,39.02,39.02,39.02,39.02,26.9112,0,0,0
2017-02-03,39.26,39.26,39.26,39.26,27.0767,0,0,0
2017-02-06,39.15,39.15,39.15,39.15,27.0009,0,0,0
2017-02-07,39.13,39.13,39.13,39.13,26.9871,0,0,0
2017-02-08,39.2,39.2,39.2,39.2,27.0353,0,0,0
2017-02-09,39.37,39.37,39.37,39.37,27.1526,0,0,0
2017-02-10,39.48,39.48,39.48,39.48,27.2285,0,0,0
2017-02-13,39.65,39.65,39.65,39.65,27.3457,0,0,0
2017-02-14,39.71,39.71,39.71,39.71,27.3871,0,0,0
2017-02-15,39.86,39.86,39.86,39.86,27.4905,0,0,0
2017-02-16,39.87,39.87,39.87,39.87,27.4974,0,0,0
2017-02-17,39.9,39.9,39.9,39.9,27.5181,0,0,0
2017-02-21,40.07,40.07,40.07,40.07,27.6354,0,0,0
2017-02-22,40.06,40.06,40.06,40.06,27.6285,0,0,0
2017-02-23,40.06,40.06,40.06,40.06,27.6285,0,0,0
2017-02-24,40.05,40.05,40.05,40.05,27.6216,0,0,0
2017-02-27,40.1,40.1,40.1,40.1,27.656,0,0,0
2017-02-28,39.99,39.99,39.99,39.99,27.5802,0,0,0
2017-03-01,40.4,40.4,40.4,40.4,27.863,0,0,0
2017-03-02,40.17,40.17,40.17,40.17,27.7043,0,0,0
2017-03-03,40.24,40.24,40.24,40.24,27.7526,0,0,0
2017-03-06,40.1,40.1,40.1,40.1,27.656,0,0,0
2017-03-07,39.98,39.98,39.98,39.98,27.5733,0,0,0
2017-03-08,39.86,39.86,39.86,39.86,27.4905,0,0,0
2017-03-09,39.89,39.89,39.89,39.89,27.5112,0,0,0
2017-03-10,40.06,40.06,40.06,40.06,27.6285,0,0,0
2017-03-13,40.11,40.11,40.11,40.11,27.6629,0,0,0
2017-03-14,39.97,39.97,39.97,39.97,27.5664,0,0,0
2017-03-15,40.36,40.36,40.36,40.36,27.8354,0,0,0
2017-03-16,40.39,40.39,40.39,40.39,27.8561,0,0,0
2017-03-17,40.41,40.41,40.41,40.41,27.8699,0,0,0
2017-03-20,40.35,40.35,40.35,40.35,27.8285,0,0,0
2017-03-21,39.97,39.97,39.97,39.97,27.5664,0,0,0
2017-03-22,40,40,40,40,27.5871,0,0,0
2017-03-23,40.02,40.02,40.02,40.02,27.6009,0,0,0
2017-03-24,40.05,40.05,40.05,40.05,27.6216,0,0,0
2017-03-27,40.07,40.07,40.07,40.07,27.6354,0,0,0
2017-03-28,40.27,40.27,40.27,40.27,27.7733,0,0,0
2017-03-29,40.33,40.33,40.33,40.33,27.8147,0,0,0
2017-03-30,40.37,40.37,40.37,40.37,27.8423,0,0,0
2017-03-31,40.32,40.32,40.32,40.32,27.8078,0,0,0
2017-04-03,40.24,40.24,40.24,40.24,27.7526,0,0,0
2017-04-04,40.25,40.25,40.25,40.25,27.7595,0,0,0
2017-04-05,40.13,40.13,40.13,40.13,27.6767,0,0,0
2017-04-06,40.2,40.2,40.2,40.2,27.725,0,0,0
2017-04-07,40.15,40.15,40.15,40.15,27.6905,0,0,0
2017-04-10,40.2,40.2,40.2,40.2,27.725,0,0,0
2017-04-11,40.25,40.25,40.25,40.25,27.7595,0,0,0
2017-04-12,39.93,39.93,39.93,39.93,27.6908,0,0.221,0
2017-04-13,39.7,39.7,39.7,39.7,27.5313,0,0,0
2017-04-17,39.96,39.96,39.96,39.96,27.7116,0,0,0
2017-04-18,39.89,39.89,39.89,39.89,27.6631,0,0,0
2017-04-19,39.83,39.83,39.83,39.83,27.6215,0,0,0
2017-04-20,40.07,40.07,40.07,40.07,27.7879,0,0,0
2017-04-21,40.01,40.01,40.01,40.01,27.7463,0,0,0
2017-04-24,40.51,40.51,40.51,40.51,28.0931,0,0,0
2017-04-25,40.72,40.72,40.72,40.72,28.2387,0,0,0
2017-04-26,40.73,40.73,40.73,40.73,28.2456,0,0,0
2017-04-27,40.74,40.74,40.74,40.74,28.2526,0,0,0
2017-04-28,40.65,40.65,40.65,40.65,28.1902,0,0,0
2017-05-01,40.71,40.71,40.71,40.71,28.2318,0,0,0
2017-05-02,40.8,40.8,40.8,40.8,28.2942,0,0,0
2017-05-03,40.71,40.71,40.71,40.71,28.2318,0,0,0
2017-05-04,40.8,40.8,40.8,40.8,28.2942,0,0,0
2017-05-05,41.02,41.02,41.02,41.02,28.4467,0,0,0
2017-05-08,40.93,40.93,40.93,40.93,28.3843,0,0,0
2017-05-09,40.88,40.88,40.88,40.88,28.3497,0,0,0
2017-05-10,40.94,40.94,40.94,40.94,28.3913,0,0,0
2017-05-11,40.86,40.86,40.86,40.86,28.3358,0,0,0
2017-05-12,40.9,40.9,40.9,40.9,28.3635,0,0,0
2017-05-15,41.07,41.07,41.07,41.07,28.4814,0,0,0
2017-05-16,41.14,41.14,41.14,41.14,28.53,0,0,0
2017-05-17,40.61,40.61,40.61,40.61,28.1624,0,0,0
2017-05-18,40.69,40.69,40.69,40.69,28.2179,0,0,0
2017-05-19,40.97,40.97,40.97,40.97,28.4121,0,0,0
2017-05-22,41.13,41.13,41.13,41.13,28.523,0,0,0
2017-05-23,41.15,41.15,41.15,41.15,28.5369,0,0,0
2017-05-24,41.24,41.24,41.24,41.24,28.5993,0,0,0
2017-05-25,41.34,41.34,41.34,41.34,28.6687,0,0,0
2017-05-26,41.31,41.31,41.31,41.31,28.6479,0,0,0
2017-05-30,41.27,41.27,41.27,41.27,28.6201,0,0,0
2017-05-31,41.29,41.29,41.29,41.29,28.634,0,0,0
2017-06-01,41.57,41.57,41.57,41.57,28.8282,0,0,0
2017-06-02,41.81,41.81,41.81,41.81,28.9946,0,0,0
2017-06-05,41.71,41.71,41.71,41.71,28.9252,0,0,0
2017-06-06,41.62,41.62,41.62,41.62,28.8628,0,0,0
2017-06-07,41.65,41.65,41.65,41.65,28.8836,0,0,0
2017-06-08,41.66,41.66,41.66,41.66,28.8906,0,0,0
2017-06-09,41.62,41.62,41.62,41.62,28.8628,0,0,0
2017-06-12,41.55,41.55,41.55,41.55,28.8143,0,0,0
2017-06-13,41.75,41.75,41.75,41.75,28.953,0,0,0
2017-06-14,41.74,41.74,41.74,41.74,28.946,0,0,0
2017-06-15,41.55,41.55,41.55,41.55,28.8143,0,0,0
2017-06-16,41.64,41.64,41.64,41.64,28.8767,0,0,0
2017-06-19,41.89,41.89,41.89,41.89,29.0501,0,0,0
2017-06-20,41.64,41.64,41.64,41.64,28.8767,0,0,0
2017-06-21,41.6,41.6,41.6,41.6,28.849,0,0,0
2017-06-22,41.61,41.61,41.61,41.61,28.8559,0,0,0
2017-06-23,41.7,41.7,41.7,41.7,28.9183,0,0,0
2017-06-26,41.74,41.74,41.74,41.74,28.946,0,0,0
2017-06-27,41.53,41.53,41.53,41.53,28.8004,0,0,0
2017-06-28,41.83,41.83,41.83,41.83,29.0085,0,0,0
2017-06-29,41.53,41.53,41.53,41.53,28.8004,0,0,0
2017-06-30,41.54,41.54,41.54,41.54,28.8074,0,0,0
2017-07-03,41.61,41.61,41.61,41.61,28.8559,0,0,0
2017-07-05,41.62,41.62,41.62,41.62,28.8628,0,0,0
2017-07-06,41.34,41.34,41.34,41.34,28.6687,0,0,0
2017-07-07,41.49,41.49,41.49,41.49,28.7727,0,0,0
2017-07-10,41.53,41.53,41.53,41.53,28.8004,0,0,0
2017-07-11,41.55,41.55,41.55,41.55,28.8143,0,0,0
2017-07-12,41.83,41.83,41.83,41.83,29.0085,0,0,0
2017-07-13,41.9,41.9,41.9,41.9,29.057,0,0,0
2017-07-14,42.1,42.1,42.1,42.1,29.1957,0,0,0
2017-07-17,42.1,42.1,42.1,42.1,29.1957,0,0,0
2017-07-18,42.12,42.12,42.12,42.12,29.2096,0,0,0
2017-07-19,42.31,42.31,42.31,42.31,29.3413,0,0,0
2017-07-20,42.36,42.36,42.36,42.36,29.376,0,0,0
2017-07-21,42.31,42.31,42.31,42.31,29.3413,0,0,0
2017-07-24,42.25,42.25,42.25,42.25,29.2997,0,0,0
2017-07-25,42.35,42.35,42.35,42.35,29.3691,0,0,0
2017-07-26,42.42,42.42,42.42,42.42,29.4176,0,0,0
2017-07-27,42.36,42.36,42.36,42.36,29.376,0,0,0
2017-07-28,42.32,42.32,42.32,42.32,29.3483,0,0,0
2017-07-31,42.32,42.32,42.32,42.32,29.3483,0,0,0
2017-08-01,42.46,42.46,42.46,42.46,29.4454,0,0,0
2017-08-02,42.43,42.43,42.43,42.43,29.4246,0,0,0
2017-08-03,42.41,42.41,42.41,42.41,29.4107,0,0,0
2017-08-04,42.45,42.45,42.45,42.45,29.4384,0,0,0
2017-08-07,42.5,42.5,42.5,42.5,29.4731,0,0,0
2017-08-08,42.4,42.4,42.4,42.4,29.4037,0,0,0
2017-08-09,42.32,42.32,42.32,42.32,29.3483,0,0,0
2017-08-10,41.85,41.85,41.85,41.85,29.0223,0,0,0
2017-08-11,41.86,41.86,41.86,41.86,29.0293,0,0,0
2017-08-14,42.18,42.18,42.18,42.18,29.2512,0,0,0
2017-08-15,42.12,42.12,42.12,42.12,29.2096,0,0,0
2017-08-16,42.25,42.25,42.25,42.25,29.2997,0,0,0
2017-08-17,41.76,41.76,41.76,41.76,28.9599,0,0,0
2017-08-18,41.73,41.73,41.73,41.73,28.9391,0,0,0
2017-08-21,41.76,41.76,41.76,41.76,28.9599,0,0,0
2017-08-22,42.04,42.04,42.04,42.04,29.1541,0,0,0
2017-08-23,41.98,41.98,41.98,41.98,29.1125,0,0,0
2017-08-24,41.92,41.92,41.92,41.92,29.0709,0,0,0
2017-08-25,42.05,42.05,42.05,42.05,29.161,0,0,0
2017-08-28,42.07,42.07,42.07,42.07,29.1749,0,0,0
2017-08-29,42.03,42.03,42.03,42.03,29.1472,0,0,0
2017-08-30,42.16,42.16,42.16,42.16,29.2373,0,0,0
2017-08-31,42.42,42.42,42.42,42.42,29.4176,0,0,0
2017-09-01,42.49,42.49,42.49,42.49,29.4662,0,0,0
2017-09-05,42.28,42.28,42.28,42.28,29.3205,0,0,0
2017-09-06,42.34,42.34,42.34,42.34,29.3621,0,0,0
2017-09-07,42.45,42.45,42.45,42.45,29.4384,0,0,0
2017-09-08,42.44,42.44,42.44,42.44,29.4315,0,0,0
2017-09-11,42.76,42.76,42.76,42.76,29.6534,0,0,0
2017-09-12,42.89,42.89,42.89,42.89,29.7436,0,0,0
2017-09-13,42.84,42.84,42.84,42.84,29.7089,0,0,0
2017-09-14,42.84,42.84,42.84,42.84,29.7089,0,0,0
2017-09-15,42.9,42.9,42.9,42.9,29.7505,0,0,0
2017-09-18,42.98,42.98,42.98,42.98,29.806,0,0,0
2017-09-19,43.06,43.06,43.06,43.06,29.8615,0,0,0
2017-09-20,43.04,43.04,43.04,43.04,29.8476,0,0,0
2017-09-21,42.96,42.96,42.96,42.96,29.7921,0,0,0
2017-09-22,43.02,43.02,43.02,43.02,29.8337,0,0,0
2017-09-25,42.94,42.94,42.94,42.94,29.7782,0,0,0
2017-09-26,42.91,42.91,42.91,42.91,29.7574,0,0,0
2017-09-27,43.04,43.04,43.04,43.04,29.8476,0,0,0
2017-09-28,43.12,43.12,43.12,43.12,29.9031,0,0,0
2017-09-29,43.26,43.26,43.26,43.26,30.0002,0,0,0
2017-10-02,43.39,43.39,43.39,43.39,30.0903,0,0,0
2017-10-03,43.48,43.48,43.48,43.48,30.1527,0,0,0
2017-10-04,43.5,43.5,43.5,43.5,30.1666,0,0,0
2017-10-05,43.61,43.61,43.61,43.61,30.2429,0,0,0
2017-10-06,43.59,43.59,43.59,43.59,30.229,0,0,0
2017-10-09,43.55,43.55,43.55,43.55,30.2013,0,0,0
2017-10-10,43.68,43.68,43.68,43.68,30.2914,0,0,0
2017-10-11,43.76,43.76,43.76,43.76,30.3469,0,0,0
2017-10-12,43.74,43.74,43.74,43.74,30.333,0,0,0
2017-10-13,43.8,43.8,43.8,43.8,30.3746,0,0,0
2017-10-16,43.83,43.83,43.83,43.83,30.3954,0,0,0
2017-10-17,43.81,43.81,43.81,43.81,30.3816,0,0,0
2017-10-18,43.86,43.86,43.86,43.86,30.4162,0,0,0
2017-10-19,43.86,43.86,43.86,43.86,30.4162,0,0,0
2017-10-20,43.95,43.95,43.95,43.95,30.4787,0,0,0
2017-10-23,43.83,43.83,43.83,43.83,30.3954,0,0,0
2017-10-24,43.87,43.87,43.87,43.87,30.4232,0,0,0
2017-10-25,43.7,43.7,43.7,43.7,30.3053,0,0,0
2017-10-26,43.72,43.72,43.72,43.72,30.3192,0,0,0
2017-10-27,43.97,43.97,43.97,43.97,30.4925,0,0,0
2017-10-30,43.92,43.92,43.92,43.92,30.4579,0,0,0
2017-10-31,44,44,44,44,30.5133,0,0,0
2017-11-01,44.04,44.04,44.04,44.04,30.5411,0,0,0
2017-11-02,44.08,44.08,44.08,44.08,30.5688,0,0,0
2017-11-03,44.15,44.15,44.15,44.15,30.6173,0,0,0
2017-11-06,44.2,44.2,44.2,44.2,30.652,0,0,0
2017-11-07,44.14,44.14,44.14,44.14,30.6104,0,0,0
2017-11-08,44.2,44.2,44.2,44.2,30.652,0,0,0
2017-11-09,44.03,44.03,44.03,44.03,30.5341,0,0,0
2017-11-10,43.96,43.96,43.96,43.96,30.4856,0,0,0
2017-11-13,43.94,43.94,43.94,43.94,30.4717,0,0,0
2017-11-14,43.9,43.9,43.9,43.9,30.444,0,0,0
2017-11-15,43.7,43.7,43.7,43.7,30.3053,0,0,0
2017-11-16,44.02,44.02,44.02,44.02,30.5272,0,0,0
2017-11-17,43.98,43.98,43.98,43.98,30.4995,0,0,0
2017-11-20,44.04,44.04,44.04,44.04,30.5411,0,0,0
2017-11-21,44.3,44.3,44.3,44.3,30.7214,0,0,0
2017-11-22,44.35,44.35,44.35,44.35,30.756,0,0,0
2017-11-24,44.46,44.46,44.46,44.46,30.8323,0,0,0
2017-11-27,44.4,44.4,44.4,44.4,30.7907,0,0,0
2017-11-28,44.71,44.71,44.71,44.71,31.0057,0,0,0
2017-11-29,44.67,44.67,44.67,44.67,30.978,0,0,0
2017-11-30,44.87,44.87,44.87,44.87,31.1167,0,0,0
2017-12-01,44.78,44.78,44.78,44.78,31.0542,0,0,0
2017-12-04,44.72,44.72,44.72,44.72,31.0126,0,0,0
2017-12-05,44.59,44.59,44.59,44.59,30.9225,0,0,0
2017-12-06,44.54,44.54,44.54,44.54,30.8878,0,0,0
2017-12-07,44.65,44.65,44.65,44.65,30.9641,0,0,0
2017-12-08,44.85,44.85,44.85,44.85,31.1028,0,0,0
2017-12-11,44.94,44.94,44.94,44.94,31.1652,0,0,0
2017-12-12,44.99,44.99,44.99,44.99,31.1999,0,0,0
2017-12-13,45.05,45.05,45.05,45.05,31.2415,0,0,0
2017-12-14,44.87,44.87,44.87,44.87,31.1167,0,0,0
2017-12-15,45.1,45.1,45.1,45.1,31.2762,0,0,0
2017-12-18,45.4,45.4,45.4,45.4,31.4842,0,0,0
2017-12-19,45.26,45.26,45.26,45.26,31.3871,0,0,0
2017-12-20,45.21,45.21,45.21,45.21,31.3524,0,0,0
2017-12-21,45.33,45.33,45.33,45.33,31.4357,0,0,0
2017-12-22,45.31,45.31,45.31,45.31,31.4218,0,0,0
2017-12-26,45.31,45.31,45.31,45.31,31.4218,0,0,0
2017-12-27,45.39,45.39,45.39,45.39,31.4773,0,0,0
2017-12-28,44.58,44.58,44.58,44.58,31.5324,0,0.888,0
2017-12-29,44.45,44.45,44.45,44.45,31.4405,0,0,0
2018-01-02,44.71,44.71,44.71,44.71,31.6244,0,0,0
2018-01-03,44.93,44.93,44.93,44.93,31.78,0,0,0
2018-01-04,45.16,45.16,45.16,45.16,31.9427,0,0,0
2018-01-05,45.4,45.4,45.4,45.4,32.1125,0,0,0
2018-01-08,45.44,45.44,45.44,45.44,32.1407,0,0,0
2018-01-09,45.46,45.46,45.46,45.46,32.1549,0,0,0
2018-01-10,45.43,45.43,45.43,45.43,32.1337,0,0,0
2018-01-11,45.73,45.73,45.73,45.73,32.3459,0,0,0
2018-01-12,46.01,46.01,46.01,46.01,32.5439,0,0,0
2018-01-16,45.9,45.9,45.9,45.9,32.4661,0,0,0
2018-01-17,46.19,46.19,46.19,46.19,32.6712,0,0,0
2018-01-18,46.09,46.09,46.09,46.09,32.6005,0,0,0
2018-01-19,46.29,46.29,46.29,46.29,32.742,0,0,0
2018-01-22,46.58,46.58,46.58,46.58,32.9471,0,0,0
2018-01-23,46.71,46.71,46.71,46.71,33.039,0,0,0
2018-01-24,46.7,46.7,46.7,46.7,33.032,0,0,0
2018-01-25,46.67,46.67,46.67,46.67,33.0107,0,0,0
2018-01-26,47.05,47.05,47.05,47.05,33.2795,0,0,0
2018-01-29,46.76,46.76,46.76,46.76,33.0744,0,0,0
2018-01-30,46.36,46.36,46.36,46.36,32.7915,0,0,0
2018-01-31,46.34,46.34,46.34,46.34,32.7773,0,0,0
2018-02-01,46.35,46.35,46.35,46.35,32.7844,0,0,0
2018-02-02,45.51,45.51,45.51,45.51,32.1902,0,0,0
2018-02-05,44.03,44.03,44.03,44.03,31.1434,0,0,0
2018-02-06,44.58,44.58,44.58,44.58,31.5324,0,0,0
2018-02-07,44.35,44.35,44.35,44.35,31.3698,0,0,0
2018-02-08,43.11,43.11,43.11,43.11,30.4927,0,0,0
2018-02-09,43.53,43.53,43.53,43.53,30.7897,0,0,0
2018-02-12,43.98,43.98,43.98,43.98,31.108,0,0,0
2018-02-13,44.03,44.03,44.03,44.03,31.1434,0,0,0
2018-02-14,44.57,44.57,44.57,44.57,31.5254,0,0,0
2018-02-15,44.99,44.99,44.99,44.99,31.8224,0,0,0
2018-02-16,45.06,45.06,45.06,45.06,31.872,0,0,0
2018-02-20,44.82,44.82,44.82,44.82,31.7022,0,0,0
2018-02-21,44.61,44.61,44.61,44.61,31.5537,0,0,0
2018-02-22,44.68,44.68,44.68,44.68,31.6032,0,0,0
2018-02-23,45.19,45.19,45.19,45.19,31.9639,0,0,0
2018-02-26,45.57,45.57,45.57,45.57,32.2327,0,0,0
2018-02-27,45.07,45.07,45.07,45.07,31.879,0,0,0
2018-02-28,44.65,44.65,44.65,44.65,31.582,0,0,0
2018-03-01,44.23,44.23,44.23,44.23,31.2849,0,0,0
2018-03-02,44.4,44.4,44.4,44.4,31.4051,0,0,0
2018-03-05,44.74,44.74,44.74,44.74,31.6456,0,0,0
2018-03-06,44.91,44.91,44.91,44.91,31.7659,0,0,0
2018-03-07,44.93,44.93,44.93,44.93,31.78,0,0,0
2018-03-08,45.07,45.07,45.07,45.07,31.879,0,0,0
2018-03-09,45.58,45.58,45.58,45.58,32.2398,0,0,0
2018-03-12,45.62,45.62,45.62,45.62,32.2681,0,0,0
2018-03-13,45.37,45.37,45.37,45.37,32.0912,0,0,0
2018-03-14,45.25,45.25,45.25,45.25,32.0064,0,0,0
2018-03-15,45.21,45.21,45.21,45.21,31.9781,0,0,0
2018-03-16,45.26,45.26,45.26,45.26,32.0134,0,0,0
2018-03-19,44.8,44.8,44.8,44.8,31.6881,0,0,0
2018-03-20,44.81,44.81,44.81,44.81,31.6951,0,0,0
2018-03-21,44.85,44.85,44.85,44.85,31.7234,0,0,0
2018-03-22,43.98,43.98,43.98,43.98,31.108,0,0,0
2018-03-23,43.32,43.32,43.32,43.32,30.6412,0,0,0
2018-03-26,44.17,44.17,44.17,44.17,31.2424,0,0,0
2018-03-27,43.65,43.65,43.65,43.65,30.8746,0,0,0
2018-03-28,43.65,43.65,43.65,43.65,30.8746,0,0,0
2018-03-29,44.1,44.1,44.1,44.1,31.1929,0,0,0
2018-04-02,43.35,43.35,43.35,43.35,30.6624,0,0,0
2018-04-03,43.75,43.75,43.75,43.75,30.9454,0,0,0
2018-04-04,44.07,44.07,44.07,44.07,31.1717,0,0,0
2018-04-05,44.34,44.34,44.34,44.34,31.3627,0,0,0
2018-04-06,43.72,43.72,43.72,43.72,30.9242,0,0,0
2018-04-09,43.9,43.9,43.9,43.9,31.0515,0,0,0
2018-04-10,44.45,44.45,44.45,44.45,31.4405,0,0,0
2018-04-11,44.11,44.11,44.11,44.11,31.3332,0,0.189,0
2018-04-12,44.33,44.33,44.33,44.33,31.4895,0,0,0
2018-04-13,44.26,44.26,44.26,44.26,31.4398,0,0,0
2018-04-16,44.5,44.5,44.5,44.5,31.6103,0,0,0
2018-04-17,44.83,44.83,44.83,44.83,31.8447,0,0,0
2018-04-18,44.9,44.9,44.9,44.9,31.8944,0,0,0
2018-04-19,44.71,44.71,44.71,44.71,31.7594,0,0,0
2018-04-20,44.44,44.44,44.44,44.44,31.5677,0,0,0
2018-04-23,44.39,44.39,44.39,44.39,31.5321,0,0,0
2018-04-24,44.03,44.03,44.03,44.03,31.2764,0,0,0
2018-04-25,44.01,44.01,44.01,44.01,31.2622,0,0,0
2018-04-26,44.32,44.32,44.32,44.32,31.4824,0,0,0
2018-04-27,44.38,44.38,44.38,44.38,31.525,0,0,0
2018-04-30,44.14,44.14,44.14,44.14,31.3545,0,0,0
2018-05-01,44.16,44.16,44.16,44.16,31.3687,0,0,0
2018-05-02,44,44,44,44,31.2551,0,0,0
2018-05-03,43.95,43.95,43.95,43.95,31.2196,0,0,0
2018-05-04,44.33,44.33,44.33,44.33,31.4895,0,0,0
2018-05-07,44.47,44.47,44.47,44.47,31.589,0,0,0
2018-05-08,44.46,44.46,44.46,44.46,31.5818,0,0,0
2018-05-09,44.71,44.71,44.71,44.71,31.7594,0,0,0
2018-05-10,45.04,45.04,45.04,45.04,31.9939,0,0,0
2018-05-11,45.14,45.14,45.14,45.14,32.0649,0,0,0
2018-05-14,45.16,45.16,45.16,45.16,32.0791,0,0,0
2018-05-15,44.89,44.89,44.89,44.89,31.8873,0,0,0
2018-05-16,45,45,45,45,31.9654,0,0,0
2018-05-17,45.04,45.04,45.04,45.04,31.9939,0,0,0
2018-05-18,44.98,44.98,44.98,44.98,31.9512,0,0,0
2018-05-21,45.23,45.23,45.23,45.23,32.1288,0,0,0
2018-05-22,45.13,45.13,45.13,45.13,32.0578,0,0,0
2018-05-23,45.1,45.1,45.1,45.1,32.0365,0,0,0
2018-05-24,45.02,45.02,45.02,45.02,31.9796,0,0,0
2018-05-25,44.94,44.94,44.94,44.94,31.9228,0,0,0
2018-05-29,44.51,44.51,44.51,44.51,31.6174,0,0,0
2018-05-30,44.94,44.94,44.94,44.94,31.9228,0,0,0
2018-05-31,44.71,44.71,44.71,44.71,31.7594,0,0,0
2018-06-01,45.05,45.05,45.05,45.05,32.001,0,0,0
2018-06-04,45.23,45.23,45.23,45.23,32.1288,0,0,0
2018-06-05,45.26,45.26,45.26,45.26,32.1501,0,0,0
2018-06-06,45.54,45.54,45.54,45.54,32.349,0,0,0
2018-06-07,45.53,45.53,45.53,45.53,32.3419,0,0,0
2018-06-08,45.58,45.58,45.58,45.58,32.3774,0,0,0
2018-06-11,45.68,45.68,45.68,45.68,32.4485,0,0,0
2018-06-12,45.7,45.7,45.7,45.7,32.4627,0,0,0
2018-06-13,45.59,45.59,45.59,45.59,32.3845,0,0,0
2018-06-14,45.65,45.65,45.65,45.65,32.4272,0,0,0
2018-06-15,45.57,45.57,45.57,45.57,32.3703,0,0,0
2018-06-18,45.46,45.46,45.46,45.46,32.2922,0,0,0
2018-06-19,45.26,45.26,45.26,45.26,32.1501,0,0,0
2018-06-20,45.35,45.35,45.35,45.35,32.2141,0,0,0
2018-06-21,45.09,45.09,45.09,45.09,32.0294,0,0,0
2018-06-22,45.27,45.27,45.27,45.27,32.1572,0,0,0
2018-06-25,44.7,44.7,44.7,44.7,31.7523,0,0,0
2018-06-26,44.79,44.79,44.79,44.79,31.8163,0,0,0
2018-06-27,44.49,44.49,44.49,44.49,31.6032,0,0,0
2018-06-28,44.63,44.63,44.63,44.63,31.7026,0,0,0
2018-06-29,44.75,44.75,44.75,44.75,31.7878,0,0,0
2018-07-02,44.69,44.69,44.69,44.69,31.7452,0,0,0
2018-07-03,44.68,44.68,44.68,44.68,31.7381,0,0,0
2018-07-05,44.99,44.99,44.99,44.99,31.9583,0,0,0
2018-07-06,45.31,45.31,45.31,45.31,32.1856,0,0,0
2018-07-09,45.63,45.63,45.63,45.63,32.413,0,0,0
2018-07-10,45.71,45.71,45.71,45.71,32.4698,0,0,0
2018-07-11,45.34,45.34,45.34,45.34,32.207,0,0,0
2018-07-12,45.64,45.64,45.64,45.64,32.42,0,0,0
2018-07-13,45.7,45.7,45.7,45.7,32.4627,0,0,0
2018-07-16,45.64,45.64,45.64,45.64,32.42,0,0,0
2018-07-17,45.76,45.76,45.76,45.76,32.5053,0,0,0
2018-07-18,45.85,45.85,45.85,45.85,32.5692,0,0,0
2018-07-19,45.76,45.76,45.76,45.76,32.5053,0,0,0
2018-07-20,45.78,45.78,45.78,45.78,32.5195,0,0,0
2018-07-23,45.76,45.76,45.76,45.76,32.5053,0,0,0
2018-07-24,45.9,45.9,45.9,45.9,32.6047,0,0,0
2018-07-25,46.19,46.19,46.19,46.19,32.8107,0,0,0
2018-07-26,46.1,46.1,46.1,46.1,32.7468,0,0,0
2018-07-27,45.94,45.94,45.94,45.94,32.6332,0,0,0
2018-07-30,45.76,45.76,45.76,45.76,32.5053,0,0,0
2018-07-31,45.93,45.93,45.93,45.93,32.6261,0,0,0
2018-08-01,45.84,45.84,45.84,45.84,32.5621,0,0,0
2018-08-02,45.91,45.91,45.91,45.91,32.6118,0,0,0
2018-08-03,46.03,46.03,46.03,46.03,32.6971,0,0,0
2018-08-06,46.11,46.11,46.11,46.11,32.7539,0,0,0
2018-08-07,46.27,46.27,46.27,46.27,32.8676,0,0,0
2018-08-08,46.26,46.26,46.26,46.26,32.8605,0,0,0
2018-08-09,46.21,46.21,46.21,46.21,32.8249,0,0,0
2018-08-10,45.84,45.84,45.84,45.84,32.5621,0,0,0
2018-08-13,45.66,45.66,45.66,45.66,32.4343,0,0,0
2018-08-14,45.84,45.84,45.84,45.84,32.5621,0,0,0
2018-08-15,45.49,45.49,45.49,45.49,32.3135,0,0,0
2018-08-16,45.78,45.78,45.78,45.78,32.5195,0,0,0
2018-08-17,45.94,45.94,45.94,45.94,32.6332,0,0,0
2018-08-20,46.1,46.1,46.1,46.1,32.7468,0,0,0
2018-08-21,46.25,46.25,46.25,46.25,32.8534,0,0,0
2018-08-22,46.29,46.29,46.29,46.29,32.8818,0,0,0
2018-08-23,46.16,46.16,46.16,46.16,32.7894,0,0,0
2018-08-24,46.41,46.41,46.41,46.41,32.967,0,0,0
2018-08-27,46.74,46.74,46.74,46.74,33.2014,0,0,0
2018-08-28,46.74,46.74,46.74,46.74,33.2014,0,0,0
2018-08-29,46.93,46.93,46.93,46.93,33.3364,0,0,0
2018-08-30,46.74,46.74,46.74,46.74,33.2014,0,0,0
2018-08-31,46.67,46.67,46.67,46.67,33.1517,0,0,0
2018-09-04,46.51,46.51,46.51,46.51,33.038,0,0,0
2018-09-05,46.31,46.31,46.31,46.31,32.896,0,0,0
2018-09-06,46.17,46.17,46.17,46.17,32.7965,0,0,0
2018-09-07,46.02,46.02,46.02,46.02,32.69,0,0,0
2018-09-10,46.14,46.14,46.14,46.14,32.7752,0,0,0
2018-09-11,46.23,46.23,46.23,46.23,32.8392,0,0,0
2018-09-12,46.31,46.31,46.31,46.31,32.896,0,0,0
2018-09-13,46.51,46.51,46.51,46.51,33.038,0,0,0
2018-09-14,46.55,46.55,46.55,46.55,33.0665,0,0,0
2018-09-17,46.4,46.4,46.4,46.4,32.9599,0,0,0
2018-09-18,46.61,46.61,46.61,46.61,33.1091,0,0,0
2018-09-19,46.66,46.66,46.66,46.66,33.1446,0,0,0
2018-09-20,47.03,47.03,47.03,47.03,33.4074,0,0,0
2018-09-21,47.03,47.03,47.03,47.03,33.4074,0,0,0
2018-09-24,46.87,46.87,46.87,46.87,33.2938,0,0,0
2018-09-25,46.91,46.91,46.91,46.91,33.3222,0,0,0
2018-09-26,46.83,46.83,46.83,46.83,33.2654,0,0,0
2018-09-27,46.84,46.84,46.84,46.84,33.2725,0,0,0
2018-09-28,46.77,46.77,46.77,46.77,33.2227,0,0,0
2018-10-01,46.8,46.8,46.8,46.8,33.2441,0,0,0
2018-10-02,46.7,46.7,46.7,46.7,33.173,0,0,0
2018-10-03,46.69,46.69,46.69,46.69,33.1659,0,0,0
2018-10-04,46.29,46.29,46.29,46.29,32.8818,0,0,0
2018-10-05,46.05,46.05,46.05,46.05,32.7113,0,0,0
2018-10-08,45.92,45.92,45.92,45.92,32.619,0,0,0
2018-10-09,45.87,45.87,45.87,45.87,32.5834,0,0,0
2018-10-10,44.75,44.75,44.75,44.75,31.7878,0,0,0
2018-10-11,44.1,44.1,44.1,44.1,31.3261,0,0,0
2018-10-12,44.44,44.44,44.44,44.44,31.5677,0,0,0
2018-10-15,44.32,44.32,44.32,44.32,31.4824,0,0,0
2018-10-16,45.08,45.08,45.08,45.08,32.0223,0,0,0
2018-10-17,44.97,44.97,44.97,44.97,31.9441,0,0,0
2018-10-18,44.43,44.43,44.43,44.43,31.5605,0,0,0
2018-10-19,44.42,44.42,44.42,44.42,31.5534,0,0,0
2018-10-22,44.25,44.25,44.25,44.25,31.4327,0,0,0
2018-10-23,43.98,43.98,43.98,43.98,31.2409,0,0,0
2018-10-24,42.89,42.89,42.89,42.89,30.4666,0,0,0
2018-10-25,43.48,43.48,43.48,43.48,30.8857,0,0,0
2018-10-26,43,43,43,43,30.5448,0,0,0
2018-10-29,42.81,42.81,42.81,42.81,30.4098,0,0,0
2018-10-30,43.3,43.3,43.3,43.3,30.7579,0,0,0
2018-10-31,43.68,43.68,43.68,43.68,31.0278,0,0,0
2018-11-01,44.14,44.14,44.14,44.14,31.3545,0,0,0
2018-11-02,43.98,43.98,43.98,43.98,31.2409,0,0,0
2018-11-05,44.11,44.11,44.11,44.11,31.3332,0,0,0
2018-11-06,44.29,44.29,44.29,44.29,31.4611,0,0,0
2018-11-07,44.99,44.99,44.99,44.99,31.9583,0,0,0
2018-11-08,44.83,44.83,44.83,44.83,31.8447,0,0,0
2018-11-09,44.49,44.49,44.49,44.49,31.6032,0,0,0
2018-11-12,43.8,43.8,43.8,43.8,31.113,0,0,0
2018-11-13,43.81,43.81,43.81,43.81,31.1201,0,0,0
2018-11-14,43.62,43.62,43.62,43.62,30.9852,0,0,0
2018-11-15,43.93,43.93,43.93,43.93,31.2054,0,0,0
2018-11-16,44.02,44.02,44.02,44.02,31.2693,0,0,0
2018-11-19,43.48,43.48,43.48,43.48,30.8857,0,0,0
2018-11-20,42.84,42.84,42.84,42.84,30.4311,0,0,0
2018-11-21,43.1,43.1,43.1,43.1,30.6158,0,0,0
2018-11-23,42.92,42.92,42.92,42.92,30.4879,0,0,0
2018-11-26,43.45,43.45,43.45,43.45,30.8644,0,0,0
2018-11-27,43.42,43.42,43.42,43.42,30.8431,0,0,0
2018-11-28,44.17,44.17,44.17,44.17,31.3758,0,0,0
2018-11-29,44.09,44.09,44.09,44.09,31.319,0,0,0
2018-11-30,44.26,44.26,44.26,44.26,31.4398,0,0,0
2018-12-03,44.71,44.71,44.71,44.71,31.7594,0,0,0
2018-12-04,43.57,43.57,43.57,43.57,30.9496,0,0,0
2018-12-06,43.41,43.41,43.41,43.41,30.836,0,0,0
2018-12-07,42.75,42.75,42.75,42.75,30.3672,0,0,0
2018-12-10,42.67,42.67,42.67,42.67,30.3103,0,0,0
2018-12-11,42.65,42.65,42.65,42.65,30.2961,0,0,0
2018-12-12,42.99,42.99,42.99,42.99,30.5376,0,0,0
2018-12-13,42.94,42.94,42.94,42.94,30.5021,0,0,0
2018-12-14,42.35,42.35,42.35,42.35,30.083,0,0,0
2018-12-17,41.73,41.73,41.73,41.73,29.6426,0,0,0
2018-12-18,41.73,41.73,41.73,41.73,29.6426,0,0,0
2018-12-19,41.29,41.29,41.29,41.29,29.3301,0,0,0
2018-12-20,40.84,40.84,40.84,40.84,29.0104,0,0,0
2018-12-21,40.17,40.17,40.17,40.17,28.5345,0,0,0
2018-12-24,39.5,39.5,39.5,39.5,28.0586,0,0,0
2018-12-26,40.84,40.84,40.84,40.84,29.0104,0,0,0
2018-12-27,40.98,40.98,40.98,40.98,29.1099,0,0,0
2018-12-28,40.11,40.11,40.11,40.11,29.1899,0,0.98,0
2018-12-31,40.36,40.36,40.36,40.36,29.3718,0,0,0
2019-01-02,40.34,40.34,40.34,40.34,29.3573,0,0,0
2019-01-03,39.75,39.75,39.75,39.75,28.9279,0,0,0
2019-01-04,40.84,40.84,40.84,40.84,29.7212,0,0,0
2019-01-07,41.09,41.09,41.09,41.09,29.9031,0,0,0
2019-01-08,41.4,41.4,41.4,41.4,30.1287,0,0,0
2019-01-09,41.68,41.68,41.68,41.68,30.3325,0,0,0
2019-01-10,41.8,41.8,41.8,41.8,30.4198,0,0,0
2019-01-11,41.79,41.79,41.79,41.79,30.4125,0,0,0
2019-01-14,41.59,41.59,41.59,41.59,30.267,0,0,0
2019-01-15,41.89,41.89,41.89,41.89,30.4853,0,0,0
2019-01-16,41.98,41.98,41.98,41.98,30.5508,0,0,0
2019-01-17,42.21,42.21,42.21,42.21,30.7182,0,0,0
2019-01-18,42.65,42.65,42.65,42.65,31.0384,0,0,0
2019-01-22,42.17,42.17,42.17,42.17,30.6891,0,0,0
2019-01-23,42.23,42.23,42.23,42.23,30.7327,0,0,0
2019-01-24,42.3,42.3,42.3,42.3,30.7837,0,0,0
2019-01-25,42.67,42.67,42.67,42.67,31.0529,0,0,0
2019-01-28,42.43,42.43,42.43,42.43,30.8783,0,0,0
2019-01-29,42.44,42.44,42.44,42.44,30.8856,0,0,0
2019-01-30,42.94,42.94,42.94,42.94,31.2494,0,0,0
2019-01-31,43.19,43.19,43.19,43.19,31.4314,0,0,0
2019-02-01,43.21,43.21,43.21,43.21,31.4459,0,0,0
2019-02-04,43.41,43.41,43.41,43.41,31.5915,0,0,0
2019-02-05,43.65,43.65,43.65,43.65,31.7661,0,0,0
2019-02-06,43.55,43.55,43.55,43.55,31.6934,0,0,0
2019-02-07,43.18,43.18,43.18,43.18,31.4241,0,0,0
2019-02-08,43.16,43.16,43.16,43.16,31.4095,0,0,0
2019-02-11,43.2,43.2,43.2,43.2,31.4386,0,0,0
2019-02-12,43.65,43.65,43.65,43.65,31.7661,0,0,0
2019-02-13,43.74,43.74,43.74,43.74,31.8316,0,0,0
2019-02-14,43.71,43.71,43.71,43.71,31.8098,0,0,0
2019-02-15,44.14,44.14,44.14,44.14,32.1227,0,0,0
2019-02-19,44.25,44.25,44.25,44.25,32.2028,0,0,0
2019-02-20,44.35,44.35,44.35,44.35,32.2756,0,0,0
2019-02-21,44.2,44.2,44.2,44.2,32.1664,0,0,0
2019-02-22,44.44,44.44,44.44,44.44,32.3411,0,0,0
2019-02-25,44.52,44.52,44.52,44.52,32.3993,0,0,0
2019-02-26,44.52,44.52,44.52,44.52,32.3993,0,0,0
2019-02-27,44.48,44.48,44.48,44.48,32.3702,0,0,0
2019-02-28,44.37,44.37,44.37,44.37,32.2901,0,0,0
2019-03-01,44.59,44.59,44.59,44.59,32.4502,0,0,0
2019-03-04,44.47,44.47,44.47,44.47,32.3629,0,0,0
2019-03-05,44.43,44.43,44.43,44.43,32.3338,0,0,0
2019-03-06,44.19,44.19,44.19,44.19,32.1591,0,0,0
2019-03-07,43.86,43.86,43.86,43.86,31.919,0,0,0
2019-03-08,43.78,43.78,43.78,43.78,31.8607,0,0,0
2019-03-11,44.27,44.27,44.27,44.27,32.2173,0,0,0
2019-03-12,44.39,44.39,44.39,44.39,32.3047,0,0,0
2019-03-13,44.64,44.64,44.64,44.64,32.4866,0,0,0
2019-03-14,44.6,44.6,44.6,44.6,32.4575,0,0,0
2019-03-15,44.84,44.84,44.84,44.84,32.6321,0,0,0
2019-03-18,45.01,45.01,45.01,45.01,32.7559,0,0,0
2019-03-19,45.01,45.01,45.01,45.01,32.7559,0,0,0
2019-03-20,44.93,44.93,44.93,44.93,32.6976,0,0,0
2019-03-21,45.24,45.24,45.24,45.24,32.9233,0,0,0
2019-03-22,44.5,44.5,44.5,44.5,32.3847,0,0,0
2019-03-25,44.49,44.49,44.49,44.49,32.3774,0,0,0
2019-03-26,44.76,44.76,44.76,44.76,32.5739,0,0,0
2019-03-27,44.65,44.65,44.65,44.65,32.4939,0,0,0
2019-03-28,44.74,44.74,44.74,44.74,32.5594,0,0,0
2019-03-29,44.95,44.95,44.95,44.95,32.7122,0,0,0
2019-04-01,45.37,45.37,45.37,45.37,33.0179,0,0,0
2019-04-02,45.38,45.38,45.38,45.38,33.0251,0,0,0
2019-04-03,45.55,45.55,45.55,45.55,33.1488,0,0,0
2019-04-04,45.58,45.58,45.58,45.58,33.1707,0,0,0
2019-04-05,45.75,45.75,45.75,45.75,33.2944,0,0,0
2019-04-08,45.78,45.78,45.78,45.78,33.3162,0,0,0
2019-04-09,45.55,45.55,45.55,45.55,33.1488,0,0,0
2019-04-10,45.73,45.73,45.73,45.73,33.2798,0,0,0
2019-04-11,45.7,45.7,45.7,45.7,33.258,0,0,0
2019-04-12,45.67,45.67,45.67,45.67,33.4271,0,0.261,0
2019-04-15,45.67,45.67,45.67,45.67,33.4271,0,0,0
2019-04-16,45.69,45.69,45.69,45.69,33.4417,0,0,0
2019-04-17,45.61,45.61,45.61,45.61,33.3832,0,0,0
2019-04-18,45.64,45.64,45.64,45.64,33.4051,0,0,0
2019-04-22,45.64,45.64,45.64,45.64,33.4051,0,0,0
2019-04-23,45.94,45.94,45.94,45.94,33.6247,0,0,0
2019-04-24,45.82,45.82,45.82,45.82,33.5369,0,0,0
2019-04-25,45.76,45.76,45.76,45.76,33.493,0,0,0
2019-04-26,45.99,45.99,45.99,45.99,33.6613,0,0,0
2019-04-29,46.06,46.06,46.06,46.06,33.7125,0,0,0
2019-04-30,46.09,46.09,46.09,46.09,33.7345,0,0,0
2019-05-01,45.84,45.84,45.84,45.84,33.5515,0,0,0
2019-05-02,45.75,45.75,45.75,45.75,33.4856,0,0,0
2019-05-03,46.16,46.16,46.16,46.16,33.7857,0,0,0
2019-05-06,45.95,45.95,45.95,45.95,33.632,0,0,0
2019-05-07,45.33,45.33,45.33,45.33,33.1782,0,0,0
2019-05-08,45.27,45.27,45.27,45.27,33.1343,0,0,0
2019-05-09,45.13,45.13,45.13,45.13,33.0318,0,0,0
2019-05-10,45.28,45.28,45.28,45.28,33.1416,0,0,0
2019-05-13,44.4,44.4,44.4,44.4,32.4975,0,0,0
2019-05-14,44.72,44.72,44.72,44.72,32.7318,0,0,0
2019-05-15,44.95,44.95,44.95,44.95,32.9001,0,0,0
2019-05-16,45.27,45.27,45.27,45.27,33.1343,0,0,0
2019-05-17,45.03,45.03,45.03,45.03,32.9587,0,0,0
2019-05-20,44.79,44.79,44.79,44.79,32.783,0,0,0
2019-05-21,45.07,45.07,45.07,45.07,32.9879,0,0,0
2019-05-22,44.96,44.96,44.96,44.96,32.9074,0,0,0
2019-05-23,44.53,44.53,44.53,44.53,32.5927,0,0,0
2019-05-24,44.71,44.71,44.71,44.71,32.7244,0,0,0
2019-05-28,44.44,44.44,44.44,44.44,32.5268,0,0,0
2019-05-29,44.15,44.15,44.15,44.15,32.3146,0,0,0
2019-05-30,44.23,44.23,44.23,44.23,32.3731,0,0,0
2019-05-31,43.86,43.86,43.86,43.86,32.1023,0,0,0
2019-06-03,43.9,43.9,43.9,43.9,32.1316,0,0,0
2019-06-04,44.58,44.58,44.58,44.58,32.6293,0,0,0
2019-06-05,44.77,44.77,44.77,44.77,32.7684,0,0,0
2019-06-06,44.96,44.96,44.96,44.96,32.9074,0,0,0
2019-06-07,45.39,45.39,45.39,45.39,33.2221,0,0,0
2019-06-10,45.53,45.53,45.53,45.53,33.3246,0,0,0
2019-06-11,45.58,45.58,45.58,45.58,33.3612,0,0,0
2019-06-12,45.46,45.46,45.46,45.46,33.2734,0,0,0
2019-06-13,45.62,45.62,45.62,45.62,33.3905,0,0,0
2019-06-14,45.47,45.47,45.47,45.47,33.2807,0,0,0
2019-06-17,45.5,45.5,45.5,45.5,33.3027,0,0,0
2019-06-18,45.94,45.94,45.94,45.94,33.6247,0,0,0
2019-06-19,46.12,46.12,46.12,46.12,33.7564,0,0,0
2019-06-20,46.49,46.49,46.49,46.49,34.0273,0,0,0
2019-06-21,46.4,46.4,46.4,46.4,33.9614,0,0,0
2019-06-24,46.33,46.33,46.33,46.33,33.9102,0,0,0
2019-06-25,46.01,46.01,46.01,46.01,33.6759,0,0,0
2019-06-26,45.94,45.94,45.94,45.94,33.6247,0,0,0
2019-06-27,46.18,46.18,46.18,46.18,33.8004,0,0,0
2019-06-28,46.42,46.42,46.42,46.42,33.976,0,0,0
2019-07-01,46.67,46.67,46.67,46.67,34.159,0,0,0
2019-07-02,46.79,46.79,46.79,46.79,34.2468,0,0,0
2019-07-03,47.09,47.09,47.09,47.09,34.4664,0,0,0
2019-07-05,46.94,46.94,46.94,46.94,34.3566,0,0,0
2019-07-08,46.72,46.72,46.72,46.72,34.1956,0,0,0
2019-07-09,46.72,46.72,46.72,46.72,34.1956,0,0,0
2019-07-10,46.86,46.86,46.86,46.86,34.2981,0,0,0
2019-07-11,46.89,46.89,46.89,46.89,34.32,0,0,0
2019-07-12,47.07,47.07,47.07,47.07,34.4518,0,0,0
2019-07-15,47.07,47.07,47.07,47.07,34.4518,0,0,0
2019-07-16,46.94,46.94,46.94,46.94,34.3566,0,0,0
2019-07-17,46.77,46.77,46.77,46.77,34.2322,0,0,0
2019-07-18,46.9,46.9,46.9,46.9,34.3274,0,0,0
2019-07-19,46.7,46.7,46.7,46.7,34.181,0,0,0
2019-07-22,46.77,46.77,46.77,46.77,34.2322,0,0,0
2019-07-23,47.02,47.02,47.02,47.02,34.4152,0,0,0
2019-07-24,47.22,47.22,47.22,47.22,34.5616,0,0,0
2019-07-25,46.95,46.95,46.95,46.95,34.3639,0,0,0
2019-07-26,47.19,47.19,47.19,47.19,34.5396,0,0,0
2019-07-29,47.13,47.13,47.13,47.13,34.4957,0,0,0
2019-07-30,47.01,47.01,47.01,47.01,34.4079,0,0,0
2019-07-31,46.63,46.63,46.63,46.63,34.1297,0,0,0
2019-08-01,46.38,46.38,46.38,46.38,33.9468,0,0,0
2019-08-02,46.05,46.05,46.05,46.05,33.7052,0,0,0
2019-08-05,45.01,45.01,45.01,45.01,32.944,0,0,0
2019-08-06,45.37,45.37,45.37,45.37,33.2075,0,0,0
2019-08-07,45.47,45.47,45.47,45.47,33.2807,0,0,0
2019-08-08,46.13,46.13,46.13,46.13,33.7638,0,0,0
2019-08-09,45.83,45.83,45.83,45.83,33.5442,0,0,0
2019-08-12,45.45,45.45,45.45,45.45,33.2661,0,0,0
2019-08-13,45.87,45.87,45.87,45.87,33.5735,0,0,0
2019-08-14,44.86,44.86,44.86,44.86,32.8342,0,0,0
2019-08-15,44.96,44.96,44.96,44.96,32.9074,0,0,0
2019-08-16,45.47,45.47,45.47,45.47,33.2807,0,0,0
2019-08-19,45.84,45.84,45.84,45.84,33.5515,0,0,0
2019-08-20,45.62,45.62,45.62,45.62,33.3905,0,0,0
2019-08-21,45.91,45.91,45.91,45.91,33.6027,0,0,0
2019-08-22,45.86,45.86,45.86,45.86,33.5662,0,0,0
2019-08-23,45.07,45.07,45.07,45.07,32.9879,0,0,0
2019-08-26,45.4,45.4,45.4,45.4,33.2295,0,0,0
2019-08-27,45.32,45.32,45.32,45.32,33.1709,0,0,0
2019-08-28,45.49,45.49,45.49,45.49,33.2953,0,0,0
2019-08-29,45.93,45.93,45.93,45.93,33.6174,0,0,0
2019-08-30,45.99,45.99,45.99,45.99,33.6613,0,0,0
2019-09-03,45.77,45.77,45.77,45.77,33.5003,0,0,0
2019-09-04,46.22,46.22,46.22,46.22,33.8296,0,0,0
2019-09-05,46.63,46.63,46.63,46.63,34.1297,0,0,0
2019-09-06,46.69,46.69,46.69,46.69,34.1736,0,0,0
2019-09-09,46.7,46.7,46.7,46.7,34.181,0,0,0
2019-09-10,46.7,46.7,46.7,46.7,34.181,0,0,0
2019-09-11,47.04,47.04,47.04,47.04,34.4298,0,0,0
2019-09-12,47.16,47.16,47.16,47.16,34.5177,0,0,0
2019-09-13,47.17,47.17,47.17,47.17,34.525,0,0,0
2019-09-16,47.05,47.05,47.05,47.05,34.4371,0,0,0
2019-09-17,47.16,47.16,47.16,47.16,34.5177,0,0,0
2019-09-18,47.11,47.11,47.11,47.11,34.4811,0,0,0
2019-09-19,47.17,47.17,47.17,47.17,34.525,0,0,0
2019-09-20,47.05,47.05,47.05,47.05,34.4371,0,0,0
2019-09-23,47.01,47.01,47.01,47.01,34.4079,0,0,0
2019-09-24,46.75,46.75,46.75,46.75,34.2176,0,0,0
2019-09-25,46.83,46.83,46.83,46.83,34.2761,0,0,0
2019-09-26,46.78,46.78,46.78,46.78,34.2395,0,0,0
2019-09-27,46.63,46.63,46.63,46.63,34.1297,0,0,0
2019-09-30,46.76,46.76,46.76,46.76,34.2249,0,0,0
2019-10-01,46.33,46.33,46.33,46.33,33.9102,0,0,0
2019-10-02,45.66,45.66,45.66,45.66,33.4198,0,0,0
2019-10-03,45.93,45.93,45.93,45.93,33.6174,0,0,0
2019-10-04,46.41,46.41,46.41,46.41,33.9687,0,0,0
2019-10-07,46.28,46.28,46.28,46.28,33.8736,0,0,0
2019-10-08,45.72,45.72,45.72,45.72,33.4637,0,0,0
2019-10-09,46.03,46.03,46.03,46.03,33.6906,0,0,0
2019-10-10,46.25,46.25,46.25,46.25,33.8516,0,0,0
2019-10-11,46.76,46.76,46.76,46.76,34.2249,0,0,0
2019-10-14,46.69,46.69,46.69,46.69,34.1736,0,0,0
2019-10-15,47.08,47.08,47.08,47.08,34.4591,0,0,0
2019-10-16,47.03,47.03,47.03,47.03,34.4225,0,0,0
2019-10-17,47.18,47.18,47.18,47.18,34.5323,0,0,0
2019-10-18,47.07,47.07,47.07,47.07,34.4518,0,0,0
2019-10-21,47.31,47.31,47.31,47.31,34.6274,0,0,0
2019-10-22,47.21,47.21,47.21,47.21,34.5542,0,0,0
2019-10-23,47.32,47.32,47.32,47.32,34.6348,0,0,0
2019-10-24,47.42,47.42,47.42,47.42,34.708,0,0,0
2019-10-25,47.54,47.54,47.54,47.54,34.7958,0,0,0
2019-10-28,47.73,47.73,47.73,47.73,34.9349,0,0,0
2019-10-29,47.74,47.74,47.74,47.74,34.9422,0,0,0
2019-10-30,47.88,47.88,47.88,47.88,35.0446,0,0,0
2019-10-31,47.77,47.77,47.77,47.77,34.9641,0,0,0
2019-11-01,48.18,48.18,48.18,48.18,35.2642,0,0,0
2019-11-04,48.32,48.32,48.32,48.32,35.3667,0,0,0
2019-11-05,48.26,48.26,48.26,48.26,35.3228,0,0,0
2019-11-06,48.27,48.27,48.27,48.27,35.3301,0,0,0
2019-11-07,48.37,48.37,48.37,48.37,35.4033,0,0,0
2019-11-08,48.41,48.41,48.41,48.41,35.4326,0,0,0
2019-11-11,48.36,48.36,48.36,48.36,35.396,0,0,0
2019-11-12,48.42,48.42,48.42,48.42,35.4399,0,0,0
2019-11-13,48.4,48.4,48.4,48.4,35.4252,0,0,0
2019-11-14,48.42,48.42,48.42,48.42,35.4399,0,0,0
2019-11-15,48.72,48.72,48.72,48.72,35.6595,0,0,0
2019-11-18,48.75,48.75,48.75,48.75,35.6814,0,0,0
2019-11-19,48.76,48.76,48.76,48.76,35.6887,0,0,0
2019-11-20,48.62,48.62,48.62,48.62,35.5863,0,0,0
2019-11-21,48.5,48.5,48.5,48.5,35.4984,0,0,0
2019-11-22,48.59,48.59,48.59,48.59,35.5643,0,0,0
2019-11-25,48.97,48.97,48.97,48.97,35.8424,0,0,0
2019-11-26,49.06,49.06,49.06,49.06,35.9083,0,0,0
2019-11-27,49.22,49.22,49.22,49.22,36.0254,0,0,0
2019-11-29,49.01,49.01,49.01,49.01,35.8717,0,0,0
2019-12-02,48.66,48.66,48.66,48.66,35.6155,0,0,0
2019-12-03,48.48,48.48,48.48,48.48,35.4838,0,0,0
2019-12-04,48.74,48.74,48.74,48.74,35.6741,0,0,0
2019-12-05,48.76,48.76,48.76,48.76,35.6887,0,0,0
2019-12-06,49.12,49.12,49.12,49.12,35.9522,0,0,0
2019-12-09,49,49,49,49,35.8644,0,0,0
2019-12-10,48.96,48.96,48.96,48.96,35.8351,0,0,0
2019-12-11,49.11,49.11,49.11,49.11,35.9449,0,0,0
2019-12-12,49.39,49.39,49.39,49.39,36.1499,0,0,0
2019-12-13,49.49,49.49,49.49,49.49,36.223,0,0,0
2019-12-16,49.83,49.83,49.83,49.83,36.4719,0,0,0
2019-12-17,49.8,49.8,49.8,49.8,36.4499,0,0,0
2019-12-18,49.76,49.76,49.76,49.76,36.4207,0,0,0
2019-12-19,49.91,49.91,49.91,49.91,36.5305,0,0,0
2019-12-20,50.07,50.07,50.07,50.07,36.6476,0,0,0
2019-12-23,50.11,50.11,50.11,50.11,36.6768,0,0,0
2019-12-24,50.13,50.13,50.13,50.13,36.6915,0,0,0
2019-12-26,50.3,50.3,50.3,50.3,36.8159,0,0,0
2019-12-27,50.35,50.35,50.35,50.35,36.8525,0,0,0
2019-12-30,48.9,48.9,48.9,48.9,36.6583,0,1.191,0
2019-12-31,49.01,49.01,49.01,49.01,36.7408,0,0,0
2020-01-02,49.34,49.34,49.34,49.34,36.9882,0,0,0
2020-01-03,49.11,49.11,49.11,49.11,36.8158,0,0,0
2020-01-06,49.21,49.21,49.21,49.21,36.8907,0,0,0
2020-01-07,49.11,49.11,49.11,49.11,36.8158,0,0,0
2020-01-08,49.24,49.24,49.24,49.24,36.9132,0,0,0
2020-01-09,49.46,49.46,49.46,49.46,37.0781,0,0,0
2020-01-10,49.38,49.38,49.38,49.38,37.0182,0,0,0
2020-01-13,49.63,49.63,49.63,49.63,37.2056,0,0,0
2020-01-14,49.64,49.64,49.64,49.64,37.2131,0,0,0
2020-01-15,49.71,49.71,49.71,49.71,37.2656,0,0,0
2020-01-16,50,50,50,50,37.483,0,0,0
2020-01-17,50.12,50.12,50.12,50.12,37.5729,0,0,0
2020-01-21,49.99,49.99,49.99,49.99,37.4755,0,0,0
2020-01-22,50.03,50.03,50.03,50.03,37.5055,0,0,0
2020-01-23,50.02,50.02,50.02,50.02,37.498,0,0,0
2020-01-24,49.73,49.73,49.73,49.73,37.2806,0,0,0
2020-01-27,49.06,49.06,49.06,49.06,36.7783,0,0,0
2020-01-28,49.44,49.44,49.44,49.44,37.0631,0,0,0
2020-01-29,49.42,49.42,49.42,49.42,37.0482,0,0,0
2020-01-30,49.49,49.49,49.49,49.49,37.1006,0,0,0
2020-01-31,48.81,48.81,48.81,48.81,36.5909,0,0,0
2020-02-03,49.08,49.08,49.08,49.08,36.7933,0,0,0
2020-02-04,49.68,49.68,49.68,49.68,37.2431,0,0,0
2020-02-05,50.07,50.07,50.07,50.07,37.5354,0,0,0
2020-02-06,50.2,50.2,50.2,50.2,37.6329,0,0,0
2020-02-07,49.96,49.96,49.96,49.96,37.453,0,0,0
2020-02-10,50.19,50.19,50.19,50.19,37.6254,0,0,0
2020-02-11,50.35,50.35,50.35,50.35,37.7453,0,0,0
2020-02-12,50.56,50.56,50.56,50.56,37.9028,0,0,0
2020-02-13,50.51,50.51,50.51,50.51,37.8653,0,0,0
2020-02-14,50.53,50.53,50.53,50.53,37.8803,0,0,0
2020-02-18,50.39,50.39,50.39,50.39,37.7753,0,0,0
2020-02-19,50.59,50.59,50.59,50.59,37.9253,0,0,0
2020-02-20,50.43,50.43,50.43,50.43,37.8053,0,0,0
2020-02-21,50.1,50.1,50.1,50.1,37.5579,0,0,0
2020-02-24,48.67,48.67,48.67,48.67,36.4859,0,0,0
2020-02-25,47.56,47.56,47.56,47.56,35.6538,0,0,0
2020-02-26,47.41,47.41,47.41,47.41,35.5413,0,0,0
2020-02-27,45.87,45.87,45.87,45.87,34.3869,0,0,0
2020-02-28,45.6,45.6,45.6,45.6,34.1845,0,0,0
2020-03-02,46.94,46.94,46.94,46.94,35.189,0,0,0
2020-03-03,46.11,46.11,46.11,46.11,34.5668,0,0,0
2020-03-04,47.53,47.53,47.53,47.53,35.6313,0,0,0
2020-03-05,46.34,46.34,46.34,46.34,34.7392,0,0,0
2020-03-06,45.68,45.68,45.68,45.68,34.2444,0,0,0
2020-03-09,42.64,42.64,42.64,42.64,31.9655,0,0,0
2020-03-10,44.03,44.03,44.03,44.03,33.0075,0,0,0
2020-03-11,42.17,42.17,42.17,42.17,31.6131,0,0,0
2020-03-12,38.56,38.56,38.56,38.56,28.9069,0,0,0
2020-03-13,41.05,41.05,41.05,41.05,30.7735,0,0,0
2020-03-16,37.08,37.08,37.08,37.08,27.7974,0,0,0
2020-03-17,38.59,38.59,38.59,38.59,28.9294,0,0,0
2020-03-18,36.62,36.62,36.62,36.62,27.4525,0,0,0
2020-03-19,36.95,36.95,36.95,36.95,27.6999,0,0,0
2020-03-20,36.09,36.09,36.09,36.09,27.0552,0,0,0
2020-03-23,35.45,35.45,35.45,35.45,26.5754,0,0,0
2020-03-24,38.09,38.09,38.09,38.09,28.5545,0,0,0
2020-03-25,38.77,38.77,38.77,38.77,29.0643,0,0,0
2020-03-26,40.65,40.65,40.65,40.65,30.4737,0,0,0
2020-03-27,39.65,39.65,39.65,39.65,29.724,0,0,0
2020-03-30,40.51,40.51,40.51,40.51,30.3687,0,0,0
2020-03-31,40.07,40.07,40.07,40.07,30.0389,0,0,0
2020-04-01,38.59,38.59,38.59,38.59,28.9294,0,0,0
2020-04-02,39.17,39.17,39.17,39.17,29.3642,0,0,0
2020-04-03,38.57,38.57,38.57,38.57,28.9144,0,0,0
2020-04-06,40.71,40.71,40.71,40.71,30.5186,0,0,0
2020-04-07,40.75,40.75,40.75,40.75,30.5486,0,0,0
2020-04-08,41.67,41.67,41.67,41.67,31.3475,0,0.142,0
2020-04-09,42.32,42.32,42.32,42.32,31.8365,0,0,0
2020-04-13,41.97,41.97,41.97,41.97,31.5732,0,0,0
2020-04-14,42.94,42.94,42.94,42.94,32.3029,0,0,0
2020-04-15,42,42,42,42,31.5958,0,0,0
2020-04-16,42.11,42.11,42.11,42.11,31.6785,0,0,0
2020-04-17,43.14,43.14,43.14,43.14,32.4534,0,0,0
2020-04-20,42.56,42.56,42.56,42.56,32.0171,0,0,0
2020-04-21,41.54,41.54,41.54,41.54,31.2497,0,0,0
2020-04-22,42.24,42.24,42.24,42.24,31.7763,0,0,0
2020-04-23,42.28,42.28,42.28,42.28,31.8064,0,0,0
2020-04-24,42.73,42.73,42.73,42.73,32.145,0,0,0
2020-04-27,43.36,43.36,43.36,43.36,32.6189,0,0,0
2020-04-28,43.39,43.39,43.39,43.39,32.6415,0,0,0
2020-04-29,44.44,44.44,44.44,44.44,33.4314,0,0,0
2020-04-30,43.9,43.9,43.9,43.9,33.0251,0,0,0
2020-05-01,42.89,42.89,42.89,42.89,32.2653,0,0,0
2020-05-04,42.95,42.95,42.95,42.95,32.3105,0,0,0
2020-05-05,43.24,43.24,43.24,43.24,32.5286,0,0,0
2020-05-06,43,43,43,43,32.3481,0,0,0
2020-05-07,43.51,43.51,43.51,43.51,32.7317,0,0,0
2020-05-08,44.17,44.17,44.17,44.17,33.2282,0,0,0
2020-05-11,44.11,44.11,44.11,44.11,33.1831,0,0,0
2020-05-12,43.43,43.43,43.43,43.43,32.6716,0,0,0
2020-05-13,42.83,42.83,42.83,42.83,32.2202,0,0,0
2020-05-14,43.03,43.03,43.03,43.03,32.3706,0,0,0
2020-05-15,43.17,43.17,43.17,43.17,32.476,0,0,0
2020-05-18,44.45,44.45,44.45,44.45,33.4389,0,0,0
2020-05-19,44.08,44.08,44.08,44.08,33.1605,0,0,0
2020-05-20,44.8,44.8,44.8,44.8,33.7022,0,0,0
2020-05-21,44.52,44.52,44.52,44.52,33.4915,0,0,0
2020-05-22,44.55,44.55,44.55,44.55,33.5141,0,0,0
2020-05-26,45.29,45.29,45.29,45.29,34.0708,0,0,0
2020-05-27,45.85,45.85,45.85,45.85,34.4921,0,0,0
2020-05-28,45.87,45.87,45.87,45.87,34.5071,0,0,0
2020-05-29,45.96,45.96,45.96,45.96,34.5748,0,0,0
2020-06-01,46.31,46.31,46.31,46.31,34.8381,0,0,0
2020-06-02,46.69,46.69,46.69,46.69,35.124,0,0,0
2020-06-03,47.39,47.39,47.39,47.39,35.6506,0,0,0
2020-06-04,47.26,47.26,47.26,47.26,35.5528,0,0,0
2020-06-05,48.23,48.23,48.23,48.23,36.2825,0,0,0
2020-06-08,48.76,48.76,48.76,48.76,36.6812,0,0,0
2020-06-09,48.37,48.37,48.37,48.37,36.3878,0,0,0
2020-06-10,48.16,48.16,48.16,48.16,36.2298,0,0,0
2020-06-11,45.73,45.73,45.73,45.73,34.4018,0,0,0
2020-06-12,46.31,46.31,46.31,46.31,34.8381,0,0,0
2020-06-15,46.63,46.63,46.63,46.63,35.0789,0,0,0
2020-06-16,47.34,47.34,47.34,47.34,35.613,0,0,0
2020-06-17,47.25,47.25,47.25,47.25,35.5453,0,0,0
2020-06-18,47.22,47.22,47.22,47.22,35.5227,0,0,0
2020-06-19,47.04,47.04,47.04,47.04,35.3873,0,0,0
2020-06-22,47.32,47.32,47.32,47.32,35.5979,0,0,0
2020-06-23,47.53,47.53,47.53,47.53,35.7559,0,0,0
2020-06-24,46.44,46.44,46.44,46.44,34.9359,0,0,0
2020-06-25,46.91,46.91,46.91,46.91,35.2895,0,0,0
2020-06-26,46.1,46.1,46.1,46.1,34.6801,0,0,0
2020-06-29,46.61,46.61,46.61,46.61,35.0638,0,0,0
2020-06-30,47.05,47.05,47.05,47.05,35.3948,0,0,0
2020-07-01,47.2,47.2,47.2,47.2,35.5077,0,0,0
2020-07-02,47.49,47.49,47.49,47.49,35.7258,0,0,0
2020-07-06,48.13,48.13,48.13,48.13,36.2073,0,0,0
2020-07-07,47.65,47.65,47.65,47.65,35.8462,0,0,0
2020-07-08,47.96,47.96,47.96,47.96,36.0794,0,0,0
2020-07-09,47.67,47.67,47.67,47.67,35.8612,0,0,0
2020-07-10,48.09,48.09,48.09,48.09,36.1772,0,0,0
2020-07-13,47.73,47.73,47.73,47.73,35.9064,0,0,0
2020-07-14,48.28,48.28,48.28,48.28,36.3201,0,0,0
2020-07-15,48.8,48.8,48.8,48.8,36.7113,0,0,0
2020-07-16,48.6,48.6,48.6,48.6,36.5608,0,0,0
2020-07-17,48.76,48.76,48.76,48.76,36.6812,0,0,0
2020-07-20,49.09,49.09,49.09,49.09,36.9295,0,0,0
2020-07-21,49.23,49.23,49.23,49.23,37.0348,0,0,0
2020-07-22,49.38,49.38,49.38,49.38,37.1476,0,0,0
2020-07-23,48.99,48.99,48.99,48.99,36.8542,0,0,0
2020-07-24,48.69,48.69,48.69,48.69,36.6285,0,0,0
2020-07-27,49.08,49.08,49.08,49.08,36.9219,0,0,0
2020-07-28,48.82,48.82,48.82,48.82,36.7263,0,0,0
2020-07-29,49.33,49.33,49.33,49.33,37.11,0,0,0
2020-07-30,49.09,49.09,49.09,49.09,36.9295,0,0,0
2020-07-31,48.99,48.99,48.99,48.99,36.8542,0,0,0
2020-08-03,49.44,49.44,49.44,49.44,37.1928,0,0,0
2020-08-04,49.66,49.66,49.66,49.66,37.3583,0,0,0
2020-08-05,49.95,49.95,49.95,49.95,37.5764,0,0,0
2020-08-06,50.08,50.08,50.08,50.08,37.6742,0,0,0
2020-08-07,50.05,50.05,50.05,50.05,37.6516,0,0,0
2020-08-10,50.15,50.15,50.15,50.15,37.7269,0,0,0
2020-08-11,50,50,50,50,37.614,0,0,0
2020-08-12,50.64,50.64,50.64,50.64,38.0955,0,0,0
2020-08-13,50.55,50.55,50.55,50.55,38.0278,0,0,0
2020-08-14,50.46,50.46,50.46,50.46,37.9601,0,0,0
2020-08-17,50.66,50.66,50.66,50.66,38.1105,0,0,0
2020-08-18,50.72,50.72,50.72,50.72,38.1557,0,0,0
2020-08-19,50.56,50.56,50.56,50.56,38.0353,0,0,0
2020-08-20,50.58,50.58,50.58,50.58,38.0504,0,0,0
2020-08-21,50.59,50.59,50.59,50.59,38.0579,0,0,0
2020-08-24,51.03,51.03,51.03,51.03,38.3889,0,0,0
2020-08-25,51.15,51.15,51.15,51.15,38.4792,0,0,0
2020-08-26,51.5,51.5,51.5,51.5,38.7425,0,0,0
2020-08-27,51.43,51.43,51.43,51.43,38.6898,0,0,0
2020-08-28,51.72,51.72,51.72,51.72,38.908,0,0,0
2020-08-31,51.64,51.64,51.64,51.64,38.8478,0,0,0
2020-09-01,51.87,51.87,51.87,51.87,39.0208,0,0,0
2020-09-02,52.47,52.47,52.47,52.47,39.4722,0,0,0
2020-09-03,51.09,51.09,51.09,51.09,38.434,0,0,0
2020-09-04,50.79,50.79,50.79,50.79,38.2083,0,0,0
2020-09-08,49.8,49.8,49.8,49.8,37.4636,0,0,0
2020-09-09,50.57,50.57,50.57,50.57,38.0428,0,0,0
2020-09-10,49.99,49.99,49.99,49.99,37.6065,0,0,0
2020-09-11,50.11,50.11,50.11,50.11,37.6968,0,0,0
2020-09-14,50.67,50.67,50.67,50.67,38.1181,0,0,0
2020-09-15,50.88,50.88,50.88,50.88,38.276,0,0,0
2020-09-16,50.82,50.82,50.82,50.82,38.2309,0,0,0
2020-09-17,50.55,50.55,50.55,50.55,38.0278,0,0,0
2020-09-18,50.2,50.2,50.2,50.2,37.7645,0,0,0
2020-09-21,49.49,49.49,49.49,49.49,37.2304,0,0,0
2020-09-22,49.77,49.77,49.77,49.77,37.441,0,0,0
2020-09-23,48.94,48.94,48.94,48.94,36.8166,0,0,0
2020-09-24,48.97,48.97,48.97,48.97,36.8392,0,0,0
2020-09-25,49.49,49.49,49.49,49.49,37.2304,0,0,0
2020-09-28,50.19,50.19,50.19,50.19,37.757,0,0,0
2020-09-29,50.07,50.07,50.07,50.07,37.6667,0,0,0
2020-09-30,50.22,50.22,50.22,50.22,37.7795,0,0,0
2020-10-01,50.53,50.53,50.53,50.53,38.0127,0,0,0
2020-10-02,50.23,50.23,50.23,50.23,37.7871,0,0,0
2020-10-05,50.97,50.97,50.97,50.97,38.3437,0,0,0
2020-10-06,50.52,50.52,50.52,50.52,38.0052,0,0,0
2020-10-07,51.15,51.15,51.15,51.15,38.4792,0,0,0
2020-10-08,51.5,51.5,51.5,51.5,38.7425,0,0,0
2020-10-09,51.84,51.84,51.84,51.84,38.9982,0,0,0
2020-10-12,52.37,52.37,52.37,52.37,39.3969,0,0,0
2020-10-13,52.12,52.12,52.12,52.12,39.2089,0,0,0
2020-10-14,51.9,51.9,51.9,51.9,39.0434,0,0,0
2020-10-15,51.69,51.69,51.69,51.69,38.8854,0,0,0
2020-10-16,51.73,51.73,51.73,51.73,38.9155,0,0,0
2020-10-19,51.21,51.21,51.21,51.21,38.5243,0,0,0
2020-10-20,51.38,51.38,51.38,51.38,38.6522,0,0,0
2020-10-21,51.23,51.23,51.23,51.23,38.5393,0,0,0
2020-10-22,51.37,51.37,51.37,51.37,38.6447,0,0,0
2020-10-23,51.59,51.59,51.59,51.59,38.8102,0,0,0
2020-10-26,50.81,50.81,50.81,50.81,38.2234,0,0,0
2020-10-27,50.63,50.63,50.63,50.63,38.088,0,0,0
2020-10-28,49.23,49.23,49.23,49.23,37.0348,0,0,0
2020-10-29,49.57,49.57,49.57,49.57,37.2906,0,0,0
2020-10-30,49.06,49.06,49.06,49.06,36.9069,0,0,0
2020-11-02,49.63,49.63,49.63,49.63,37.3357,0,0,0
2020-11-03,50.52,50.52,50.52,50.52,38.0052,0,0,0
2020-11-04,51.36,51.36,51.36,51.36,38.6371,0,0,0
2020-11-05,52.31,52.31,52.31,52.31,39.3518,0,0,0
2020-11-06,52.3,52.3,52.3,52.3,39.3443,0,0,0
2020-11-09,52.92,52.92,52.92,52.92,39.8107,0,0,0
2020-11-10,53.07,53.07,53.07,53.07,39.9235,0,0,0
2020-11-11,53.46,53.46,53.46,53.46,40.2169,0,0,0
2020-11-12,53.01,53.01,53.01,53.01,39.8784,0,0,0
2020-11-13,53.57,53.57,53.57,53.57,40.2997,0,0,0
2020-11-16,54.15,54.15,54.15,54.15,40.736,0,0,0
2020-11-17,54.11,54.11,54.11,54.11,40.7059,0,0,0
2020-11-18,53.75,53.75,53.75,53.75,40.4351,0,0,0
2020-11-19,53.99,53.99,53.99,53.99,40.6156,0,0,0
2020-11-20,53.86,53.86,53.86,53.86,40.5178,0,0,0
2020-11-23,54.1,54.1,54.1,54.1,40.6984,0,0,0
2020-11-24,54.84,54.84,54.84,54.84,41.2551,0,0,0
2020-11-25,54.82,54.82,54.82,54.82,41.24,0,0,0
2020-11-27,55.05,55.05,55.05,55.05,41.4131,0,0,0
2020-11-30,54.62,54.62,54.62,54.62,41.0896,0,0,0
2020-12-01,55.17,55.17,55.17,55.17,41.5033,0,0,0
2020-12-02,55.22,55.22,55.22,55.22,41.541,0,0,0
2020-12-03,55.34,55.34,55.34,55.34,41.6312,0,0,0
2020-12-04,55.75,55.75,55.75,55.75,41.9396,0,0,0
2020-12-07,55.65,55.65,55.65,55.65,41.8644,0,0,0
2020-12-08,55.82,55.82,55.82,55.82,41.9923,0,0,0
2020-12-09,55.51,55.51,55.51,55.51,41.7591,0,0,0
2020-12-10,55.62,55.62,55.62,55.62,41.8419,0,0,0
2020-12-11,55.5,55.5,55.5,55.5,41.7516,0,0,0
2020-12-14,55.45,55.45,55.45,55.45,41.714,0,0,0
2020-12-15,55.98,55.98,55.98,55.98,42.1127,0,0,0
2020-12-16,56.1,56.1,56.1,56.1,42.2029,0,0,0
2020-12-17,56.48,56.48,56.48,56.48,42.4888,0,0,0
2020-12-18,56.36,56.36,56.36,56.36,42.3985,0,0,0
2020-12-21,56.07,56.07,56.07,56.07,42.1804,0,0,0
2020-12-22,56.04,56.04,56.04,56.04,42.1578,0,0,0
2020-12-23,56.22,56.22,56.22,56.22,42.2932,0,0,0
2020-12-24,56.32,56.32,56.32,56.32,42.3684,0,0,0
2020-12-28,56.61,56.61,56.61,56.61,42.5866,0,0,0
2020-12-29,56.6,56.6,56.6,56.6,42.5791,0,0,0
2020-12-30,55.28,55.28,55.28,55.28,42.6748,0,1.444,0
2020-12-31,55.35,55.35,55.35,55.35,42.7288,0,0,0
2021-01-04,54.91,54.91,54.91,54.91,42.3892,0,0,0
2021-01-05,55.28,55.28,55.28,55.28,42.6748,0,0,0
2021-01-06,55.67,55.67,55.67,55.67,42.9759,0,0,0
2021-01-07,56.27,56.27,56.27,56.27,43.4391,0,0,0
2021-01-08,56.52,56.52,56.52,56.52,43.6321,0,0,0
2021-01-11,56.17,56.17,56.17,56.17,43.3619,0,0,0
2021-01-12,56.36,56.36,56.36,56.36,43.5085,0,0,0
2021-01-13,56.38,56.38,56.38,56.38,43.524,0,0,0
2021-01-14,56.44,56.44,56.44,56.44,43.5703,0,0,0
2021-01-15,55.98,55.98,55.98,55.98,43.2152,0,0,0
2021-01-19,56.36,56.36,56.36,56.36,43.5085,0,0,0
2021-01-20,56.87,56.87,56.87,56.87,43.9023,0,0,0
2021-01-21,56.86,56.86,56.86,56.86,43.8945,0,0,0
2021-01-22,56.76,56.76,56.76,56.76,43.8173,0,0,0
2021-01-25,56.81,56.81,56.81,56.81,43.8559,0,0,0
2021-01-26,56.71,56.71,56.71,56.71,43.7787,0,0,0
2021-01-27,55.54,55.54,55.54,55.54,42.8755,0,0,0
2021-01-28,55.96,55.96,55.96,55.96,43.1998,0,0,0
2021-01-29,55.04,55.04,55.04,55.04,42.4895,0,0,0
2021-02-01,55.78,55.78,55.78,55.78,43.0608,0,0,0
2021-02-02,56.37,56.37,56.37,56.37,43.5163,0,0,0
2021-02-03,56.47,56.47,56.47,56.47,43.5935,0,0,0
2021-02-04,56.88,56.88,56.88,56.88,43.91,0,0,0
2021-02-05,57.16,57.16,57.16,57.16,44.1261,0,0,0
2021-02-08,57.63,57.63,57.63,57.63,44.489,0,0,0
2021-02-09,57.71,57.71,57.71,57.71,44.5507,0,0,0
2021-02-10,57.67,57.67,57.67,57.67,44.5198,0,0,0
2021-02-11,57.83,57.83,57.83,57.83,44.6433,0,0,0
2021-02-12,58.05,58.05,58.05,58.05,44.8132,0,0,0
2021-02-16,58.1,58.1,58.1,58.1,44.8518,0,0,0
2021-02-17,57.93,57.93,57.93,57.93,44.7206,0,0,0
2021-02-18,57.66,57.66,57.66,57.66,44.5121,0,0,0
2021-02-19,57.75,57.75,57.75,57.75,44.5816,0,0,0
2021-02-22,57.37,57.37,57.37,57.37,44.2882,0,0,0
2021-02-23,57.36,57.36,57.36,57.36,44.2805,0,0,0
2021-02-24,57.77,57.77,57.77,57.77,44.597,0,0,0
2021-02-25,56.56,56.56,56.56,56.56,43.6629,0,0,0
2021-02-26,56.29,56.29,56.29,56.29,43.4545,0,0,0
2021-03-01,57.38,57.38,57.38,57.38,44.296,0,0,0
2021-03-02,57.04,57.04,57.04,57.04,44.0335,0,0,0
2021-03-03,56.46,56.46,56.46,56.46,43.5857,0,0,0
2021-03-04,55.72,55.72,55.72,55.72,43.0145,0,0,0
2021-03-05,56.41,56.41,56.41,56.41,43.5471,0,0,0
2021-03-08,56.14,56.14,56.14,56.14,43.3387,0,0,0
2021-03-09,56.91,56.91,56.91,56.91,43.9331,0,0,0
2021-03-10,57.22,57.22,57.22,57.22,44.1724,0,0,0
2021-03-11,57.79,57.79,57.79,57.79,44.6125,0,0,0
2021-03-12,57.8,57.8,57.8,57.8,44.6202,0,0,0
2021-03-15,58.07,58.07,58.07,58.07,44.8286,0,0,0
2021-03-16,57.99,57.99,57.99,57.99,44.7669,0,0,0
2021-03-17,58.16,58.16,58.16,58.16,44.8981,0,0,0
2021-03-18,57.41,57.41,57.41,57.41,44.3191,0,0,0
2021-03-19,57.47,57.47,57.47,57.47,44.3654,0,0,0
2021-03-22,57.71,57.71,57.71,57.71,44.5507,0,0,0
2021-03-23,57.14,57.14,57.14,57.14,44.1107,0,0,0
2021-03-24,56.77,56.77,56.77,56.77,43.8251,0,0,0
2021-03-25,57.08,57.08,57.08,57.08,44.0644,0,0,0
2021-03-26,57.82,57.82,57.82,57.82,44.6356,0,0,0
2021-03-29,57.56,57.56,57.56,57.56,44.4349,0,0,0
2021-03-30,57.55,57.55,57.55,57.55,44.4272,0,0,0
2021-03-31,57.68,57.68,57.68,57.68,44.5276,0,0,0
2021-04-01,58.31,58.31,58.31,58.31,45.0139,0,0,0
2021-04-05,58.91,58.91,58.91,58.91,45.4771,0,0,0
2021-04-06,58.87,58.87,58.87,58.87,45.4462,0,0,0
2021-04-07,58.84,58.84,58.84,58.84,45.4231,0,0,0
2021-04-08,59.17,59.17,59.17,59.17,45.6778,0,0,0
2021-04-09,59.04,59.04,59.04,59.04,45.8596,0,0.364,0
2021-04-12,58.96,58.96,58.96,58.96,45.7974,0,0,0
2021-04-13,59.19,59.19,59.19,59.19,45.9761,0,0,0
2021-04-14,59.11,59.11,59.11,59.11,45.9139,0,0,0
2021-04-15,59.62,59.62,59.62,59.62,46.3101,0,0,0
2021-04-16,59.8,59.8,59.8,59.8,46.4499,0,0,0
2021-04-19,59.55,59.55,59.55,59.55,46.2557,0,0,0
2021-04-20,59.01,59.01,59.01,59.01,45.8363,0,0,0
2021-04-21,59.52,59.52,59.52,59.52,46.2324,0,0,0
2021-04-22,59.25,59.25,59.25,59.25,46.0227,0,0,0
2021-04-23,59.83,59.83,59.83,59.83,46.4732,0,0,0
2021-04-26,59.96,59.96,59.96,59.96,46.5742,0,0,0
2021-04-27,59.88,59.88,59.88,59.88,46.512,0,0,0
2021-04-28,59.91,59.91,59.91,59.91,46.5353,0,0,0
2021-04-29,60.05,60.05,60.05,60.05,46.6441,0,0,0
2021-04-30,59.58,59.58,59.58,59.58,46.279,0,0,0
2021-05-03,59.8,59.8,59.8,59.8,46.4499,0,0,0
2021-05-04,59.3,59.3,59.3,59.3,46.0615,0,0,0
2021-05-05,59.48,59.48,59.48,59.48,46.2013,0,0,0
2021-05-06,59.79,59.79,59.79,59.79,46.4421,0,0,0
2021-05-07,60.29,60.29,60.29,60.29,46.8305,0,0,0
2021-05-10,59.77,59.77,59.77,59.77,46.4266,0,0,0
2021-05-11,59.3,59.3,59.3,59.3,46.0615,0,0,0
2021-05-12,58.22,58.22,58.22,58.22,45.2226,0,0,0
2021-05-13,58.69,58.69,58.69,58.69,45.5877,0,0,0
2021-05-14,59.56,59.56,59.56,59.56,46.2635,0,0,0
2021-05-17,59.44,59.44,59.44,59.44,46.1703,0,0,0
2021-05-18,59.26,59.26,59.26,59.26,46.0304,0,0,0
2021-05-19,58.95,58.95,58.95,58.95,45.7897,0,0,0
2021-05-20,59.58,59.58,59.58,59.58,46.279,0,0,0
2021-05-21,59.58,59.58,59.58,59.58,46.279,0,0,0
2021-05-24,60.02,60.02,60.02,60.02,46.6208,0,0,0
2021-05-25,59.96,59.96,59.96,59.96,46.5742,0,0,0
2021-05-26,60.09,60.09,60.09,60.09,46.6752,0,0,0
2021-05-27,60.2,60.2,60.2,60.2,46.7606,0,0,0
2021-05-28,60.3,60.3,60.3,60.3,46.8383,0,0,0
2021-06-01,60.35,60.35,60.35,60.35,46.8771,0,0,0
2021-06-02,60.46,60.46,60.46,60.46,46.9626,0,0,0
2021-06-03,60.2,60.2,60.2,60.2,46.7606,0,0,0
2021-06-04,60.66,60.66,60.66,60.66,47.1179,0,0,0
2021-06-07,60.75,60.75,60.75,60.75,47.1878,0,0,0
2021-06-08,60.83,60.83,60.83,60.83,47.2499,0,0,0
2021-06-09,60.72,60.72,60.72,60.72,47.1645,0,0,0
2021-06-10,60.92,60.92,60.92,60.92,47.3199,0,0,0
2021-06-11,61.05,61.05,61.05,61.05,47.4208,0,0,0
2021-06-14,61.11,61.11,61.11,61.11,47.4674,0,0,0
2021-06-15,61.05,61.05,61.05,61.05,47.4208,0,0,0
2021-06-16,60.74,60.74,60.74,60.74,47.18,0,0,0
2021-06-17,60.62,60.62,60.62,60.62,47.0868,0,0,0
2021-06-18,59.89,59.89,59.89,59.89,46.5198,0,0,0
2021-06-21,60.54,60.54,60.54,60.54,47.0247,0,0,0
2021-06-22,60.78,60.78,60.78,60.78,47.2111,0,0,0
2021-06-23,60.67,60.67,60.67,60.67,47.1257,0,0,0
2021-06-24,61.05,61.05,61.05,61.05,47.4208,0,0,0
2021-06-25,61.2,61.2,61.2,61.2,47.5373,0,0,0
2021-06-28,61.2,61.2,61.2,61.2,47.5373,0,0,0
2021-06-29,61.19,61.19,61.19,61.19,47.5296,0,0,0
2021-06-30,61.08,61.08,61.08,61.08,47.4441,0,0,0
2021-07-01,61.29,61.29,61.29,61.29,47.6073,0,0,0
2021-07-02,61.59,61.59,61.59,61.59,47.8403,0,0,0
2021-07-06,61.43,61.43,61.43,61.43,47.716,0,0,0
2021-07-07,61.57,61.57,61.57,61.57,47.8247,0,0,0
2021-07-08,61.06,61.06,61.06,61.06,47.4286,0,0,0
2021-07-09,61.75,61.75,61.75,61.75,47.9646,0,0,0
2021-07-12,61.91,61.91,61.91,61.91,48.0888,0,0,0
2021-07-13,61.6,61.6,61.6,61.6,47.848,0,0,0
2021-07-14,61.61,61.61,61.61,61.61,47.8558,0,0,0
2021-07-15,61.34,61.34,61.34,61.34,47.6461,0,0,0
2021-07-16,60.95,60.95,60.95,60.95,47.3432,0,0,0
2021-07-19,60.18,60.18,60.18,60.18,46.7451,0,0,0
2021-07-20,60.89,60.89,60.89,60.89,47.2966,0,0,0
2021-07-21,61.43,61.43,61.43,61.43,47.716,0,0,0
2021-07-22,61.49,61.49,61.49,61.49,47.7626,0,0,0
2021-07-23,61.96,61.96,61.96,61.96,48.1277,0,0,0
2021-07-26,62.04,62.04,62.04,62.04,48.1898,0,0,0
2021-07-27,61.79,61.79,61.79,61.79,47.9956,0,0,0
2021-07-28,61.96,61.96,61.96,61.96,48.1277,0,0,0
2021-07-29,62.22,62.22,62.22,62.22,48.3296,0,0,0
2021-07-30,61.91,61.91,61.91,61.91,48.0888,0,0,0
2021-08-02,61.97,61.97,61.97,61.97,48.1354,0,0,0
2021-08-03,62.33,62.33,62.33,62.33,48.4151,0,0,0
2021-08-04,62.13,62.13,62.13,62.13,48.2597,0,0,0
2021-08-05,62.45,62.45,62.45,62.45,48.5083,0,0,0
2021-08-06,62.37,62.37,62.37,62.37,48.4462,0,0,0
2021-08-09,62.32,62.32,62.32,62.32,48.4073,0,0,0
2021-08-10,62.35,62.35,62.35,62.35,48.4306,0,0,0
2021-08-11,62.57,62.57,62.57,62.57,48.6015,0,0,0
2021-08-12,62.64,62.64,62.64,62.64,48.6559,0,0,0
2021-08-13,62.83,62.83,62.83,62.83,48.8035,0,0,0
2021-08-16,62.75,62.75,62.75,62.75,48.7413,0,0,0
2021-08-17,62.32,62.32,62.32,62.32,48.4073,0,0,0
2021-08-18,61.91,61.91,61.91,61.91,48.0888,0,0,0
2021-08-19,61.7,61.7,61.7,61.7,47.9257,0,0,0
2021-08-20,62.09,62.09,62.09,62.09,48.2287,0,0,0
2021-08-23,62.63,62.63,62.63,62.63,48.6481,0,0,0
2021-08-24,62.8,62.8,62.8,62.8,48.7802,0,0,0
2021-08-25,62.89,62.89,62.89,62.89,48.8501,0,0,0
2021-08-26,62.58,62.58,62.58,62.58,48.6093,0,0,0
2021-08-27,63.14,63.14,63.14,63.14,49.0442,0,0,0
2021-08-30,63.28,63.28,63.28,63.28,49.153,0,0,0
2021-08-31,63.2,63.2,63.2,63.2,49.0909,0,0,0
2021-09-01,63.4,63.4,63.4,63.4,49.2462,0,0,0
2021-09-02,63.62,63.62,63.62,63.62,49.4171,0,0,0
2021-09-03,63.66,63.66,63.66,63.66,49.4482,0,0,0
2021-09-07,63.47,63.47,63.47,63.47,49.3006,0,0,0
2021-09-08,63.25,63.25,63.25,63.25,49.1297,0,0,0
2021-09-09,63.11,63.11,63.11,63.11,49.0209,0,0,0
2021-09-10,62.77,62.77,62.77,62.77,48.7569,0,0,0
2021-09-13,62.97,62.97,62.97,62.97,48.9122,0,0,0
2021-09-14,62.7,62.7,62.7,62.7,48.7025,0,0,0
2021-09-15,63.01,63.01,63.01,63.01,48.9433,0,0,0
2021-09-16,62.94,62.94,62.94,62.94,48.8889,0,0,0
2021-09-17,62.47,62.47,62.47,62.47,48.5238,0,0,0
2021-09-20,61.53,61.53,61.53,61.53,47.7937,0,0,0
2021-09-21,61.71,61.71,61.71,61.71,47.9335,0,0,0
2021-09-22,62.14,62.14,62.14,62.14,48.2675,0,0,0
2021-09-23,62.73,62.73,62.73,62.73,48.7258,0,0,0
2021-09-24,62.59,62.59,62.59,62.59,48.617,0,0,0
2021-09-27,62.5,62.5,62.5,62.5,48.5471,0,0,0
2021-09-28,61.31,61.31,61.31,61.31,47.6228,0,0,0
2021-09-29,61.33,61.33,61.33,61.33,47.6383,0,0,0
2021-09-30,60.87,60.87,60.87,60.87,47.281,0,0,0
2021-10-01,61.37,61.37,61.37,61.37,47.6694,0,0,0
2021-10-04,60.69,60.69,60.69,60.69,47.1412,0,0,0
2021-10-05,61.16,61.16,61.16,61.16,47.5063,0,0,0
2021-10-06,61.19,61.19,61.19,61.19,47.5296,0,0,0
2021-10-07,61.64,61.64,61.64,61.64,47.8791,0,0,0
2021-10-08,61.5,61.5,61.5,61.5,47.7704,0,0,0
2021-10-11,61.23,61.23,61.23,61.23,47.5606,0,0,0
2021-10-12,61.22,61.22,61.22,61.22,47.5529,0,0,0
2021-10-13,61.53,61.53,61.53,61.53,47.7937,0,0,0
2021-10-14,62.34,62.34,62.34,62.34,48.4228,0,0,0
2021-10-15,62.65,62.65,62.65,62.65,48.6636,0,0,0
2021-10-18,62.72,62.72,62.72,62.72,48.718,0,0,0
2021-10-19,63.06,63.06,63.06,63.06,48.9821,0,0,0
2021-10-20,63.25,63.25,63.25,63.25,49.1297,0,0,0
2021-10-21,63.3,63.3,63.3,63.3,49.1685,0,0,0
2021-10-22,63.32,63.32,63.32,63.32,49.1841,0,0,0
2021-10-25,63.51,63.51,63.51,63.51,49.3316,0,0,0
2021-10-26,63.59,63.59,63.59,63.59,49.3938,0,0,0
2021-10-27,63.25,63.25,63.25,63.25,49.1297,0,0,0
2021-10-28,63.83,63.83,63.83,63.83,49.5802,0,0,0
2021-10-29,63.77,63.77,63.77,63.77,49.5336,0,0,0
2021-11-01,64.14,64.14,64.14,64.14,49.821,0,0,0
2021-11-02,64.19,64.19,64.19,64.19,49.8598,0,0,0
2021-11-03,64.57,64.57,64.57,64.57,50.155,0,0,0
2021-11-04,64.71,64.71,64.71,64.71,50.2638,0,0,0
2021-11-05,64.92,64.92,64.92,64.92,50.4269,0,0,0
2021-11-08,65.03,65.03,65.03,65.03,50.5123,0,0,0
2021-11-09,64.9,64.9,64.9,64.9,50.4113,0,0,0
2021-11-10,64.29,64.29,64.29,64.29,49.9375,0,0,0
2021-11-11,64.41,64.41,64.41,64.41,50.0307,0,0,0
2021-11-12,64.77,64.77,64.77,64.77,50.3104,0,0,0
2021-11-15,64.68,64.68,64.68,64.68,50.2405,0,0,0
2021-11-16,64.78,64.78,64.78,64.78,50.3181,0,0,0
2021-11-17,64.62,64.62,64.62,64.62,50.1939,0,0,0
2021-11-18,64.66,64.66,64.66,64.66,50.2249,0,0,0
2021-11-19,64.48,64.48,64.48,64.48,50.0851,0,0,0
2021-11-22,64.11,64.11,64.11,64.11,49.7977,0,0,0
2021-11-23,64.01,64.01,64.01,64.01,49.72,0,0,0
2021-11-24,64.07,64.07,64.07,64.07,49.7666,0,0,0
2021-11-26,62.88,62.88,62.88,62.88,48.8423,0,0,0
2021-11-29,63.29,63.29,63.29,63.29,49.1608,0,0,0
2021-11-30,62.49,62.49,62.49,62.49,48.5394,0,0,0
2021-12-01,61.99,61.99,61.99,61.99,48.151,0,0,0
2021-12-02,62.74,62.74,62.74,62.74,48.7336,0,0,0
2021-12-03,62.27,62.27,62.27,62.27,48.3685,0,0,0
2021-12-06,62.8,62.8,62.8,62.8,48.7802,0,0,0
2021-12-07,63.87,63.87,63.87,63.87,49.6113,0,0,0
2021-12-08,64.02,64.02,64.02,64.02,49.7278,0,0,0
2021-12-09,63.6,63.6,63.6,63.6,49.4016,0,0,0
2021-12-10,63.81,63.81,63.81,63.81,49.5647,0,0,0
2021-12-13,63.32,63.32,63.32,63.32,49.1841,0,0,0
2021-12-14,62.94,62.94,62.94,62.94,48.8889,0,0,0
2021-12-15,63.61,63.61,63.61,63.61,49.4093,0,0,0
2021-12-16,63.29,63.29,63.29,63.29,49.1608,0,0,0
2021-12-17,62.93,62.93,62.93,62.93,48.8811,0,0,0
2021-12-20,62.32,62.32,62.32,62.32,48.4073,0,0,0
2021-12-21,63.22,63.22,63.22,63.22,49.1064,0,0,0
2021-12-22,63.72,63.72,63.72,63.72,49.4948,0,0,0
2021-12-23,64.01,64.01,64.01,64.01,49.72,0,0,0
2021-12-27,64.56,64.56,64.56,64.56,50.1472,0,0,0
2021-12-28,64.5,64.5,64.5,64.5,50.1006,0,0,0
2021-12-29,64.46,64.46,64.46,64.46,50.0696,0,0,0
2021-12-30,61.32,61.32,61.32,61.32,50.0647,0,3.134,0
2021-12-31,61.26,61.26,61.26,61.26,50.0157,0,0,0
2022-01-03,61.39,61.39,61.39,61.39,50.1218,0,0,0
2022-01-04,61.41,61.41,61.41,61.41,50.1381,0,0,0
2022-01-05,60.46,60.46,60.46,60.46,49.3625,0,0,0
2022-01-06,60.41,60.41,60.41,60.41,49.3217,0,0,0
2022-01-07,60.32,60.32,60.32,60.32,49.2482,0,0,0
2022-01-10,60.14,60.14,60.14,60.14,49.1013,0,0,0
2022-01-11,60.77,60.77,60.77,60.77,49.6156,0,0,0
2022-01-12,61.02,61.02,61.02,61.02,49.8197,0,0,0
2022-01-13,60.42,60.42,60.42,60.42,49.3299,0,0,0
2022-01-14,60.35,60.35,60.35,60.35,49.2727,0,0,0
2022-01-18,59.34,59.34,59.34,59.34,48.4481,0,0,0
2022-01-19,59.07,59.07,59.07,59.07,48.2277,0,0,0
2022-01-20,58.7,58.7,58.7,58.7,47.9256,0,0,0
2022-01-21,57.94,57.94,57.94,57.94,47.3051,0,0,0
2022-01-24,57.87,57.87,57.87,57.87,47.2479,0,0,0
2022-01-25,57.31,57.31,57.31,57.31,46.7907,0,0,0
2022-01-26,57.07,57.07,57.07,57.07,46.5948,0,0,0
2022-01-27,56.77,56.77,56.77,56.77,46.3498,0,0,0
2022-01-28,57.52,57.52,57.52,57.52,46.9622,0,0,0
2022-01-31,58.54,58.54,58.54,58.54,47.7949,0,0,0
2022-02-01,58.89,58.89,58.89,58.89,48.0807,0,0,0
2022-02-02,59.2,59.2,59.2,59.2,48.3338,0,0,0
2022-02-03,58.14,58.14,58.14,58.14,47.4684,0,0,0
2022-02-04,58.33,58.33,58.33,58.33,47.6235,0,0,0
2022-02-07,58.28,58.28,58.28,58.28,47.5827,0,0,0
2022-02-08,58.61,58.61,58.61,58.61,47.8521,0,0,0
2022-02-09,59.44,59.44,59.44,59.44,48.5297,0,0,0
2022-02-10,58.62,58.62,58.62,58.62,47.8602,0,0,0
2022-02-11,57.88,57.88,57.88,57.88,47.2561,0,0,0
2022-02-14,57.58,57.58,57.58,57.58,47.0111,0,0,0
2022-02-15,58.4,58.4,58.4,58.4,47.6806,0,0,0
2022-02-16,58.51,58.51,58.51,58.51,47.7704,0,0,0
2022-02-17,57.64,57.64,57.64,57.64,47.0601,0,0,0
2022-02-18,57.3,57.3,57.3,57.3,46.7825,0,0,0
2022-02-22,56.73,56.73,56.73,56.73,46.3172,0,0,0
2022-02-23,55.94,55.94,55.94,55.94,45.6722,0,0,0
2022-02-24,56.13,56.13,56.13,56.13,45.8273,0,0,0
2022-02-25,57.19,57.19,57.19,57.19,46.6927,0,0,0
2022-02-28,56.99,56.99,56.99,56.99,46.5294,0,0,0
2022-03-01,56.26,56.26,56.26,56.26,45.9334,0,0,0
2022-03-02,56.79,56.79,56.79,56.79,46.3661,0,0,0
2022-03-03,56.27,56.27,56.27,56.27,45.9416,0,0,0
2022-03-04,55.53,55.53,55.53,55.53,45.3374,0,0,0
2022-03-07,54.06,54.06,54.06,54.06,44.1372,0,0,0
2022-03-08,53.88,53.88,53.88,53.88,43.9903,0,0,0
2022-03-09,55.26,55.26,55.26,55.26,45.117,0,0,0
2022-03-10,54.85,54.85,54.85,54.85,44.7822,0,0,0
2022-03-11,54.22,54.22,54.22,54.22,44.2679,0,0,0
2022-03-14,53.86,53.86,53.86,53.86,43.974,0,0,0
2022-03-15,54.46,54.46,54.46,54.46,44.4638,0,0,0
2022-03-16,56.01,56.01,56.01,56.01,45.7293,0,0,0
2022-03-17,56.57,56.57,56.57,56.57,46.1865,0,0,0
2022-03-18,57.2,57.2,57.2,57.2,46.7009,0,0,0
2022-03-21,56.84,56.84,56.84,56.84,46.407,0,0,0
2022-03-22,57.38,57.38,57.38,57.38,46.8479,0,0,0
2022-03-23,56.91,56.91,56.91,56.91,46.4641,0,0,0
2022-03-24,57.38,57.38,57.38,57.38,46.8479,0,0,0
2022-03-25,57.36,57.36,57.36,57.36,46.8315,0,0,0
2022-03-28,57.58,57.58,57.58,57.58,47.0111,0,0,0
2022-03-29,58.46,58.46,58.46,58.46,47.7296,0,0,0
2022-03-30,58.2,58.2,58.2,58.2,47.5174,0,0,0
2022-03-31,57.45,57.45,57.45,57.45,46.905,0,0,0
2022-04-01,57.76,57.76,57.76,57.76,47.1581,0,0,0
2022-04-04,58.14,58.14,58.14,58.14,47.4684,0,0,0
2022-04-05,57.34,57.34,57.34,57.34,46.8152,0,0,0
2022-04-06,56.75,56.75,56.75,56.75,46.3335,0,0,0
2022-04-07,56.75,56.75,56.75,56.75,46.3335,0,0,0
2022-04-08,54.77,54.77,54.77,54.77,46.2314,0,1.859,0
2022-04-11,54.11,54.11,54.11,54.11,45.6742,0,0,0
2022-04-12,53.91,53.91,53.91,53.91,45.5054,0,0,0
2022-04-13,54.49,54.49,54.49,54.49,45.995,0,0,0
2022-04-14,53.96,53.96,53.96,53.96,45.5476,0,0,0
2022-04-18,53.78,53.78,53.78,53.78,45.3957,0,0,0
2022-04-19,54.23,54.23,54.23,54.23,45.7755,0,0,0
2022-04-20,54.37,54.37,54.37,54.37,45.8937,0,0,0
2022-04-21,53.61,53.61,53.61,53.61,45.2522,0,0,0
2022-04-22,52.6,52.6,52.6,52.6,44.3997,0,0,0
2022-04-25,52.68,52.68,52.68,52.68,44.4672,0,0,0
2022-04-26,51.5,51.5,51.5,51.5,43.4711,0,0,0
2022-04-27,51.61,51.61,51.61,51.61,43.564,0,0,0
2022-04-28,52.45,52.45,52.45,52.45,44.273,0,0,0
2022-04-29,51.36,51.36,51.36,51.36,43.353,0,0,0
2022-05-02,51.44,51.44,51.44,51.44,43.4205,0,0,0
2022-05-03,51.69,51.69,51.69,51.69,43.6315,0,0,0
2022-05-04,52.74,52.74,52.74,52.74,44.5178,0,0,0
2022-05-05,51.08,51.08,51.08,51.08,43.1166,0,0,0
2022-05-06,50.59,50.59,50.59,50.59,42.703,0,0,0
2022-05-09,49.21,49.21,49.21,49.21,41.5382,0,0,0
2022-05-10,49.38,49.38,49.38,49.38,41.6817,0,0,0
2022-05-11,48.91,48.91,48.91,48.91,41.2849,0,0,0
2022-05-12,48.87,48.87,48.87,48.87,41.2512,0,0,0
2022-05-13,49.92,49.92,49.92,49.92,42.1375,0,0,0
2022-05-16,49.79,49.79,49.79,49.79,42.0277,0,0,0
2022-05-17,50.63,50.63,50.63,50.63,42.7368,0,0,0
2022-05-18,49.32,49.32,49.32,49.32,41.631,0,0,0
2022-05-19,49.37,49.37,49.37,49.37,41.6732,0,0,0
2022-05-20,49.53,49.53,49.53,49.53,41.8083,0,0,0
2022-05-23,50.13,50.13,50.13,50.13,42.3147,0,0,0
2022-05-24,49.79,49.79,49.79,49.79,42.0277,0,0,0
2022-05-25,50.15,50.15,50.15,50.15,42.3316,0,0,0
2022-05-26,50.89,50.89,50.89,50.89,42.9562,0,0,0
2022-05-27,51.77,51.77,51.77,51.77,43.6991,0,0,0
2022-05-31,51.54,51.54,51.54,51.54,43.5049,0,0,0
2022-06-01,51.15,51.15,51.15,51.15,43.1757,0,0,0
2022-06-02,51.98,51.98,51.98,51.98,43.8763,0,0,0
2022-06-03,51.3,51.3,51.3,51.3,43.3023,0,0,0
2022-06-06,51.41,51.41,51.41,51.41,43.3952,0,0,0
2022-06-07,51.76,51.76,51.76,51.76,43.6906,0,0,0
2022-06-08,51.33,51.33,51.33,51.33,43.3277,0,0,0
2022-06-09,50.3,50.3,50.3,50.3,42.4582,0,0,0
2022-06-10,49.15,49.15,49.15,49.15,41.4875,0,0,0
2022-06-13,47.39,47.39,47.39,47.39,40.0019,0,0,0
2022-06-14,47.2,47.2,47.2,47.2,39.8415,0,0,0
2022-06-15,47.93,47.93,47.93,47.93,40.4577,0,0,0
2022-06-16,46.74,46.74,46.74,46.74,39.4532,0,0,0
2022-06-17,46.81,46.81,46.81,46.81,39.5123,0,0,0
2022-06-21,47.52,47.52,47.52,47.52,40.1116,0,0,0
2022-06-22,47.44,47.44,47.44,47.44,40.0441,0,0,0
2022-06-23,47.7,47.7,47.7,47.7,40.2636,0,0,0
2022-06-24,48.84,48.84,48.84,48.84,41.2258,0,0,0
2022-06-27,48.75,48.75,48.75,48.75,41.1499,0,0,0
2022-06-28,48.18,48.18,48.18,48.18,40.6687,0,0,0
2022-06-29,48.11,48.11,48.11,48.11,40.6097,0,0,0
2022-06-30,47.78,47.78,47.78,47.78,40.3311,0,0,0
2022-07-01,48.09,48.09,48.09,48.09,40.5928,0,0,0
2022-07-05,47.97,47.97,47.97,47.97,40.4915,0,0,0
2022-07-06,47.9,47.9,47.9,47.9,40.4324,0,0,0
2022-07-07,48.56,48.56,48.56,48.56,40.9895,0,0,0
2022-07-08,48.51,48.51,48.51,48.51,40.9473,0,0,0
2022-07-11,47.97,47.97,47.97,47.97,40.4915,0,0,0
2022-07-12,47.75,47.75,47.75,47.75,40.3058,0,0,0
2022-07-13,47.65,47.65,47.65,47.65,40.2214,0,0,0
2022-07-14,47.32,47.32,47.32,47.32,39.9428,0,0,0
2022-07-15,48.02,48.02,48.02,48.02,40.5337,0,0,0
2022-07-18,47.91,47.91,47.91,47.91,40.4408,0,0,0
2022-07-19,48.95,48.95,48.95,48.95,41.3187,0,0,0
2022-07-20,49.11,49.11,49.11,49.11,41.4537,0,0,0
2022-07-21,49.58,49.58,49.58,49.58,41.8505,0,0,0
2022-07-22,49.31,49.31,49.31,49.31,41.6226,0,0,0
2022-07-25,49.39,49.39,49.39,49.39,41.6901,0,0,0
2022-07-26,48.93,48.93,48.93,48.93,41.3018,0,0,0
2022-07-27,49.9,49.9,49.9,49.9,42.1206,0,0,0
2022-07-28,50.36,50.36,50.36,50.36,42.5089,0,0,0
2022-07-29,50.82,50.82,50.82,50.82,42.8972,0,0,0
2022-08-01,50.87,50.87,50.87,50.87,42.9394,0,0,0
2022-08-02,50.42,50.42,50.42,50.42,42.5595,0,0,0
2022-08-03,50.98,50.98,50.98,50.98,43.0322,0,0,0
2022-08-04,51.07,51.07,51.07,51.07,43.1082,0,0,0
2022-08-05,50.89,50.89,50.89,50.89,42.9562,0,0,0
2022-08-08,51.01,51.01,51.01,51.01,43.0575,0,0,0
2022-08-09,50.73,50.73,50.73,50.73,42.8212,0,0,0
2022-08-10,51.65,51.65,51.65,51.65,43.5978,0,0,0
2022-08-11,51.62,51.62,51.62,51.62,43.5724,0,0,0
2022-08-12,52.23,52.23,52.23,52.23,44.0873,0,0,0
2022-08-15,52.25,52.25,52.25,52.25,44.1042,0,0,0
2022-08-16,52.29,52.29,52.29,52.29,44.138,0,0,0
2022-08-17,51.9,51.9,51.9,51.9,43.8088,0,0,0
2022-08-18,51.9,51.9,51.9,51.9,43.8088,0,0,0
2022-08-19,51.22,51.22,51.22,51.22,43.2348,0,0,0
2022-08-22,50.38,50.38,50.38,50.38,42.5258,0,0,0
2022-08-23,50.33,50.33,50.33,50.33,42.4836,0,0,0
2022-08-24,50.41,50.41,50.41,50.41,42.5511,0,0,0
2022-08-25,51.09,51.09,51.09,51.09,43.1251,0,0,0
2022-08-26,49.85,49.85,49.85,49.85,42.0784,0,0,0
2022-08-29,49.55,49.55,49.55,49.55,41.8252,0,0,0
2022-08-30,49.17,49.17,49.17,49.17,41.5044,0,0,0
2022-08-31,48.88,48.88,48.88,48.88,41.2596,0,0,0
2022-09-01,48.58,48.58,48.58,48.58,41.0064,0,0,0
2022-09-02,48.3,48.3,48.3,48.3,40.77,0,0,0
2022-09-06,48,48,48,48,40.5168,0,0,0
2022-09-07,48.62,48.62,48.62,48.62,41.0401,0,0,0
2022-09-08,48.79,48.79,48.79,48.79,41.1836,0,0,0
2022-09-09,49.55,49.55,49.55,49.55,41.8252,0,0,0
2022-09-12,50.04,50.04,50.04,50.04,42.2388,0,0,0
2022-09-13,48.4,48.4,48.4,48.4,40.8544,0,0,0
2022-09-14,48.52,48.52,48.52,48.52,40.9557,0,0,0
2022-09-15,48.12,48.12,48.12,48.12,40.6181,0,0,0
2022-09-16,47.76,47.76,47.76,47.76,40.3142,0,0,0
2022-09-19,47.96,47.96,47.96,47.96,40.483,0,0,0
2022-09-20,47.42,47.42,47.42,47.42,40.0272,0,0,0
2022-09-21,46.84,46.84,46.84,46.84,39.5376,0,0,0
2022-09-22,46.39,46.39,46.39,46.39,39.1578,0,0,0
2022-09-23,45.47,45.47,45.47,45.47,38.3812,0,0,0
2022-09-26,44.9,44.9,44.9,44.9,37.9001,0,0,0
2022-09-27,44.76,44.76,44.76,44.76,37.7819,0,0,0
2022-09-28,45.64,45.64,45.64,45.64,38.5247,0,0,0
2022-09-29,44.89,44.89,44.89,44.89,37.8916,0,0,0
2022-09-30,44.51,44.51,44.51,44.51,37.5709,0,0,0
2022-10-03,45.45,45.45,45.45,45.45,38.3643,0,0,0
2022-10-04,46.81,46.81,46.81,46.81,39.5123,0,0,0
2022-10-05,46.57,46.57,46.57,46.57,39.3097,0,0,0
2022-10-06,46.11,46.11,46.11,46.11,38.9215,0,0,0
2022-10-07,45.12,45.12,45.12,45.12,38.0858,0,0,0
2022-10-10,44.74,44.74,44.74,44.74,37.765,0,0,0
2022-10-11,44.45,44.45,44.45,44.45,37.5202,0,0,0
2022-10-12,44.36,44.36,44.36,44.36,37.4443,0,0,0
2022-10-13,45.09,45.09,45.09,45.09,38.0605,0,0,0
2022-10-14,44.26,44.26,44.26,44.26,37.3599,0,0,0
2022-10-17,45.27,45.27,45.27,45.27,38.2124,0,0,0
2022-10-18,45.65,45.65,45.65,45.65,38.5332,0,0,0
2022-10-19,45.15,45.15,45.15,45.15,38.1111,0,0,0
2022-10-20,44.92,44.92,44.92,44.92,37.917,0,0,0
2022-10-21,45.65,45.65,45.65,45.65,38.5332,0,0,0
2022-10-24,45.71,45.71,45.71,45.71,38.5838,0,0,0
2022-10-25,46.54,46.54,46.54,46.54,39.2844,0,0,0
2022-10-26,46.61,46.61,46.61,46.61,39.3435,0,0,0
2022-10-27,46.43,46.43,46.43,46.43,39.1916,0,0,0
2022-10-28,47.04,47.04,47.04,47.04,39.7065,0,0,0
2022-10-31,46.71,46.71,46.71,46.71,39.4279,0,0,0
2022-11-01,46.88,46.88,46.88,46.88,39.5714,0,0,0
2022-11-02,46.05,46.05,46.05,46.05,38.8708,0,0,0
2022-11-03,45.7,45.7,45.7,45.7,38.5754,0,0,0
2022-11-04,46.55,46.55,46.55,46.55,39.2928,0,0,0
2022-11-07,46.8,46.8,46.8,46.8,39.5039,0,0,0
2022-11-08,47.12,47.12,47.12,47.12,39.774,0,0,0
2022-11-09,46.4,46.4,46.4,46.4,39.1662,0,0,0
2022-11-10,48.67,48.67,48.67,48.67,41.0823,0,0,0
2022-11-11,49.26,49.26,49.26,49.26,41.5804,0,0,0
2022-11-14,48.92,48.92,48.92,48.92,41.2934,0,0,0
2022-11-15,49.44,49.44,49.44,49.44,41.7323,0,0,0
2022-11-16,49.13,49.13,49.13,49.13,41.4706,0,0,0
2022-11-17,48.96,48.96,48.96,48.96,41.3271,0,0,0
2022-11-18,49.06,49.06,49.06,49.06,41.4115,0,0,0
2022-11-21,48.79,48.79,48.79,48.79,41.1836,0,0,0
2022-11-22,49.35,49.35,49.35,49.35,41.6563,0,0,0
2022-11-23,49.74,49.74,49.74,49.74,41.9855,0,0,0
2022-11-25,49.82,49.82,49.82,49.82,42.0531,0,0,0
2022-11-28,49.22,49.22,49.22,49.22,41.5466,0,0,0
2022-11-29,49.3,49.3,49.3,49.3,41.6141,0,0,0
2022-11-30,50.55,50.55,50.55,50.55,42.6693,0,0,0
2022-12-01,50.71,50.71,50.71,50.71,42.8043,0,0,0
2022-12-02,50.72,50.72,50.72,50.72,42.8128,0,0,0
2022-12-05,49.93,49.93,49.93,49.93,42.1459,0,0,0
2022-12-06,49.56,49.56,49.56,49.56,41.8336,0,0,0
2022-12-07,49.54,49.54,49.54,49.54,41.8167,0,0,0
2022-12-08,49.83,49.83,49.83,49.83,42.0615,0,0,0
2022-12-09,49.59,49.59,49.59,49.59,41.8589,0,0,0
2022-12-12,49.9,49.9,49.9,49.9,42.1206,0,0,0
2022-12-13,50.36,50.36,50.36,50.36,42.5089,0,0,0
2022-12-14,50.26,50.26,50.26,50.26,42.4245,0,0,0
2022-12-15,49.19,49.19,49.19,49.19,41.5213,0,0,0
2022-12-16,48.8,48.8,48.8,48.8,41.1921,0,0,0
2022-12-19,48.46,48.46,48.46,48.46,40.9051,0,0,0
2022-12-20,48.48,48.48,48.48,48.48,40.922,0,0,0
2022-12-21,49.01,49.01,49.01,49.01,41.3693,0,0,0
2022-12-22,48.53,48.53,48.53,48.53,40.9642,0,0,0
2022-12-23,48.64,48.64,48.64,48.64,41.057,0,0,0
2022-12-27,48.51,48.51,48.51,48.51,40.9473,0,0,0
2022-12-28,48.06,48.06,48.06,48.06,40.5674,0,0,0
2022-12-29,47.3,47.3,47.3,47.3,41.2122,0,1.5,0
2022-12-30,47.06,47.06,47.06,47.06,41.0031,0,0,0
2023-01-03,47.12,47.12,47.12,47.12,41.0554,0,0,0
2023-01-04,47.65,47.65,47.65,47.65,41.5172,0,0,0
2023-01-05,47.27,47.27,47.27,47.27,41.1861,0,0,0
2023-01-06,48.25,48.25,48.25,48.25,42.0399,0,0,0
2023-01-09,48.4,48.4,48.4,48.4,42.1706,0,0,0
2023-01-10,48.58,48.58,48.58,48.58,42.3275,0,0,0
2023-01-11,49.06,49.06,49.06,49.06,42.7457,0,0,0
2023-01-12,49.47,49.47,49.47,49.47,43.1029,0,0,0
2023-01-13,49.65,49.65,49.65,49.65,43.2597,0,0,0
2023-01-17,49.64,49.64,49.64,49.64,43.251,0,0,0
2023-01-18,49.29,49.29,49.29,49.29,42.9461,0,0,0
2023-01-19,49.05,49.05,49.05,49.05,42.737,0,0,0
2023-01-20,49.64,49.64,49.64,49.64,43.251,0,0,0
2023-01-23,50.02,50.02,50.02,50.02,43.5821,0,0,0
2023-01-24,50.05,50.05,50.05,50.05,43.6083,0,0,0
2023-01-25,50.14,50.14,50.14,50.14,43.6867,0,0,0
2023-01-26,50.45,50.45,50.45,50.45,43.9568,0,0,0
2023-01-27,50.5,50.5,50.5,50.5,44.0003,0,0,0
2023-01-30,49.97,49.97,49.97,49.97,43.5386,0,0,0
2023-01-31,50.44,50.44,50.44,50.44,43.9481,0,0,0
2023-02-01,51,51,51,51,44.436,0,0,0
2023-02-02,51.38,51.38,51.38,51.38,44.7671,0,0,0
2023-02-03,50.84,50.84,50.84,50.84,44.2966,0,0,0
2023-02-06,50.39,50.39,50.39,50.39,43.9045,0,0,0
2023-02-07,50.8,50.8,50.8,50.8,44.2617,0,0,0
2023-02-08,50.46,50.46,50.46,50.46,43.9655,0,0,0
2023-02-09,50.24,50.24,50.24,50.24,43.7738,0,0,0
2023-02-10,50.11,50.11,50.11,50.11,43.6605,0,0,0
2023-02-13,50.58,50.58,50.58,50.58,44.07,0,0,0
2023-02-14,50.57,50.57,50.57,50.57,44.0613,0,0,0
2023-02-15,50.59,50.59,50.59,50.59,44.0788,0,0,0
2023-02-16,50.17,50.17,50.17,50.17,43.7128,0,0,0
2023-02-17,50.09,50.09,50.09,50.09,43.6431,0,0,0
2023-02-21,49.28,49.28,49.28,49.28,42.9374,0,0,0
2023-02-22,49.21,49.21,49.21,49.21,42.8764,0,0,0
2023-02-23,49.42,49.42,49.42,49.42,43.0593,0,0,0
2023-02-24,48.83,48.83,48.83,48.83,42.5453,0,0,0
2023-02-27,49.05,49.05,49.05,49.05,42.737,0,0,0
2023-02-28,48.92,48.92,48.92,48.92,42.6237,0,0,0
2023-03-01,48.93,48.93,48.93,48.93,42.6324,0,0,0
2023-03-02,49.1,49.1,49.1,49.1,42.7805,0,0,0
2023-03-03,49.8,49.8,49.8,49.8,43.3904,0,0,0
2023-03-06,49.71,49.71,49.71,49.71,43.312,0,0,0
2023-03-07,49.08,49.08,49.08,49.08,42.7631,0,0,0
2023-03-08,49.15,49.15,49.15,49.15,42.8241,0,0,0
2023-03-09,48.51,48.51,48.51,48.51,42.2665,0,0,0
2023-03-10,48.08,48.08,48.08,48.08,41.8918,0,0,0
2023-03-13,47.98,47.98,47.98,47.98,41.8047,0,0,0
2023-03-14,48.42,48.42,48.42,48.42,42.1881,0,0,0
2023-03-15,47.88,47.88,47.88,47.88,41.7176,0,0,0
2023-03-16,48.46,48.46,48.46,48.46,42.2229,0,0,0
2023-03-17,48.1,48.1,48.1,48.1,41.9092,0,0,0
2023-03-20,48.45,48.45,48.45,48.45,42.2142,0,0,0
2023-03-21,48.97,48.97,48.97,48.97,42.6673,0,0,0
2023-03-22,48.61,48.61,48.61,48.61,42.3536,0,0,0
2023-03-23,48.77,48.77,48.77,48.77,42.493,0,0,0
2023-03-24,48.81,48.81,48.81,48.81,42.5279,0,0,0
2023-03-27,48.84,48.84,48.84,48.84,42.554,0,0,0
2023-03-28,48.92,48.92,48.92,48.92,42.6237,0,0,0
2023-03-29,49.43,49.43,49.43,49.43,43.0681,0,0,0
2023-03-30,49.76,49.76,49.76,49.76,43.3556,0,0,0
2023-03-31,50.26,50.26,50.26,50.26,43.7912,0,0,0
2023-04-03,50.44,50.44,50.44,50.44,43.9481,0,0,0
2023-04-04,50.29,50.29,50.29,50.29,43.8174,0,0,0
2023-04-05,50.13,50.13,50.13,50.13,43.678,0,0,0
2023-04-06,50.25,50.25,50.25,50.25,43.7825,0,0,0
2023-04-10,50.22,50.22,50.22,50.22,43.7564,0,0,0
2023-04-11,50.37,50.37,50.37,50.37,43.8871,0,0,0
2023-04-12,50.3,50.3,50.3,50.3,43.8261,0,0,0
2023-04-13,50.83,50.83,50.83,50.83,44.2879,0,0,0
2023-04-14,50.65,50.65,50.65,50.65,44.1354,0,0.005,0
2023-04-17,50.71,50.71,50.71,50.71,44.1877,0,0,0
2023-04-18,50.8,50.8,50.8,50.8,44.2661,0,0,0
2023-04-19,50.7,50.7,50.7,50.7,44.1789,0,0,0
2023-04-20,50.58,50.58,50.58,50.58,44.0744,0,0,0
2023-04-21,50.58,50.58,50.58,50.58,44.0744,0,0,0
2023-04-24,50.65,50.65,50.65,50.65,44.1354,0,0,0
2023-04-25,50.03,50.03,50.03,50.03,43.5951,0,0,0
2023-04-26,49.92,49.92,49.92,49.92,43.4993,0,0,0
2023-04-27,50.5,50.5,50.5,50.5,44.0047,0,0,0
2023-04-28,50.8,50.8,50.8,50.8,44.2661,0,0,0
2023-05-01,50.65,50.65,50.65,50.65,44.1354,0,0,0
2023-05-02,50.27,50.27,50.27,50.27,43.8043,0,0,0
2023-05-03,50.21,50.21,50.21,50.21,43.752,0,0,0
2023-05-04,49.98,49.98,49.98,49.98,43.5516,0,0,0
2023-05-05,50.66,50.66,50.66,50.66,44.1441,0,0,0
2023-05-08,50.65,50.65,50.65,50.65,44.1354,0,0,0
2023-05-09,50.46,50.46,50.46,50.46,43.9698,0,0,0
2023-05-10,50.61,50.61,50.61,50.61,44.1005,0,0,0
2023-05-11,50.52,50.52,50.52,50.52,44.0221,0,0,0
2023-05-12,50.37,50.37,50.37,50.37,43.8914,0,0,0
2023-05-15,50.61,50.61,50.61,50.61,44.1005,0,0,0
2023-05-16,50.27,50.27,50.27,50.27,43.8043,0,0,0
2023-05-17,50.66,50.66,50.66,50.66,44.1441,0,0,0
2023-05-18,50.81,50.81,50.81,50.81,44.2748,0,0,0
2023-05-19,50.8,50.8,50.8,50.8,44.2661,0,0,0
2023-05-22,50.9,50.9,50.9,50.9,44.3532,0,0,0
2023-05-23,50.44,50.44,50.44,50.44,43.9524,0,0,0
2023-05-24,50,50,50,50,43.569,0,0,0
2023-05-25,50.05,50.05,50.05,50.05,43.6125,0,0,0
2023-05-26,50.62,50.62,50.62,50.62,44.1092,0,0,0
2023-05-30,50.53,50.53,50.53,50.53,44.0308,0,0,0
2023-05-31,50.22,50.22,50.22,50.22,43.7607,0,0,0
2023-06-01,50.74,50.74,50.74,50.74,44.2138,0,0,0
2023-06-02,51.37,51.37,51.37,51.37,44.7628,0,0,0
2023-06-05,51.27,51.27,51.27,51.27,44.6756,0,0,0
2023-06-06,51.54,51.54,51.54,51.54,44.9109,0,0,0
2023-06-07,51.33,51.33,51.33,51.33,44.7279,0,0,0
2023-06-08,51.65,51.65,51.65,51.65,45.0068,0,0,0
2023-06-09,51.65,51.65,51.65,51.65,45.0068,0,0,0
2023-06-12,51.97,51.97,51.97,51.97,45.2856,0,0,0
2023-06-13,52.3,52.3,52.3,52.3,45.5732,0,0,0
2023-06-14,52.4,52.4,52.4,52.4,45.6603,0,0,0
2023-06-15,52.95,52.95,52.95,52.95,46.1395,0,0,0
2023-06-16,52.81,52.81,52.81,52.81,46.0176,0,0,0
2023-06-20,52.45,52.45,52.45,52.45,45.7039,0,0,0
2023-06-21,52.29,52.29,52.29,52.29,45.5644,0,0,0
2023-06-22,52.2,52.2,52.2,52.2,45.486,0,0,0
2023-06-23,51.75,51.75,51.75,51.75,45.0939,0,0,0
2023-06-26,51.69,51.69,51.69,51.69,45.0416,0,0,0
2023-06-27,52.15,52.15,52.15,52.15,45.4424,0,0,0
2023-06-28,52.19,52.19,52.19,52.19,45.4773,0,0,0
2023-06-29,52.2,52.2,52.2,52.2,45.486,0,0,0
2023-06-30,52.72,52.72,52.72,52.72,45.9391,0,0,0
2023-07-03,52.82,52.82,52.82,52.82,46.0263,0,0,0
2023-07-05,52.54,52.54,52.54,52.54,45.7823,0,0,0
2023-07-06,51.91,51.91,51.91,51.91,45.2333,0,0,0
2023-07-07,51.99,51.99,51.99,51.99,45.303,0,0,0
2023-07-10,52.17,52.17,52.17,52.17,45.4599,0,0,0
2023-07-11,52.58,52.58,52.58,52.58,45.8171,0,0,0
2023-07-12,53.17,53.17,53.17,53.17,46.3312,0,0,0
2023-07-13,53.76,53.76,53.76,53.76,46.8454,0,0,0
2023-07-14,53.6,53.6,53.6,53.6,46.7059,0,0,0
2023-07-17,53.73,53.73,53.73,53.73,46.8192,0,0,0
2023-07-18,54,54,54,54,47.0545,0,0,0
2023-07-19,54.1,54.1,54.1,54.1,47.1416,0,0,0
2023-07-20,53.74,53.74,53.74,53.74,46.8279,0,0,0
2023-07-21,53.75,53.75,53.75,53.75,46.8367,0,0,0
2023-07-24,53.83,53.83,53.83,53.83,46.9064,0,0,0
2023-07-25,54.01,54.01,54.01,54.01,47.0632,0,0,0
2023-07-26,54.08,54.08,54.08,54.08,47.1242,0,0,0
2023-07-27,53.73,53.73,53.73,53.73,46.8192,0,0,0
2023-07-28,54.25,54.25,54.25,54.25,47.2723,0,0,0
2023-07-31,54.33,54.33,54.33,54.33,47.3421,0,0,0
2023-08-01,54.02,54.02,54.02,54.02,47.0719,0,0,0
2023-08-02,53.21,53.21,53.21,53.21,46.3661,0,0,0
2023-08-03,53.02,53.02,53.02,53.02,46.2005,0,0,0
2023-08-04,53.01,53.01,53.01,53.01,46.1918,0,0,0
2023-08-07,53.26,53.26,53.26,53.26,46.4097,0,0,0
2023-08-08,53.04,53.04,53.04,53.04,46.218,0,0,0
2023-08-09,52.88,52.88,52.88,52.88,46.0786,0,0,0
2023-08-10,52.89,52.89,52.89,52.89,46.0873,0,0,0
2023-08-11,52.67,52.67,52.67,52.67,45.8956,0,0,0
2023-08-14,52.68,52.68,52.68,52.68,45.9043,0,0,0
2023-08-15,52.16,52.16,52.16,52.16,45.4512,0,0,0
2023-08-16,51.79,51.79,51.79,51.79,45.1287,0,0,0
2023-08-17,51.47,51.47,51.47,51.47,44.8499,0,0,0
2023-08-18,51.45,51.45,51.45,51.45,44.8325,0,0,0
2023-08-21,51.59,51.59,51.59,51.59,44.9545,0,0,0
2023-08-22,51.54,51.54,51.54,51.54,44.9109,0,0,0
2023-08-23,52.1,52.1,52.1,52.1,45.3989,0,0,0
2023-08-24,51.56,51.56,51.56,51.56,44.9283,0,0,0
2023-08-25,51.78,51.78,51.78,51.78,45.12,0,0,0
2023-08-28,52.13,52.13,52.13,52.13,45.425,0,0,0
2023-08-29,52.83,52.83,52.83,52.83,46.035,0,0,0
2023-08-30,52.92,52.92,52.92,52.92,46.1134,0,0,0
2023-08-31,52.82,52.82,52.82,52.82,46.0263,0,0,0
2023-09-01,52.87,52.87,52.87,52.87,46.0698,0,0,0
2023-09-05,52.54,52.54,52.54,52.54,45.7823,0,0,0
2023-09-06,52.3,52.3,52.3,52.3,45.5732,0,0,0
2023-09-07,52.13,52.13,52.13,52.13,45.425,0,0,0
2023-09-08,52.16,52.16,52.16,52.16,45.4512,0,0,0
2023-09-11,52.46,52.46,52.46,52.46,45.7126,0,0,0
2023-09-12,52.31,52.31,52.31,52.31,45.5819,0,0,0
2023-09-13,52.26,52.26,52.26,52.26,45.5383,0,0,0
2023-09-14,52.65,52.65,52.65,52.65,45.8781,0,0,0
2023-09-15,52.3,52.3,52.3,52.3,45.5732,0,0,0
2023-09-18,52.24,52.24,52.24,52.24,45.5209,0,0,0
2023-09-19,52.13,52.13,52.13,52.13,45.425,0,0,0
2023-09-20,51.86,51.86,51.86,51.86,45.1897,0,0,0
2023-09-21,51.05,51.05,51.05,51.05,44.4839,0,0,0
2023-09-22,51.09,51.09,51.09,51.09,44.5188,0,0,0
2023-09-25,51,51,51,51,44.4404,0,0,0
2023-09-26,50.41,50.41,50.41,50.41,43.9262,0,0,0
2023-09-27,50.4,50.4,50.4,50.4,43.9175,0,0,0
2023-09-28,50.67,50.67,50.67,50.67,44.1528,0,0,0
2023-09-29,50.61,50.61,50.61,50.61,44.1005,0,0,0
2023-10-02,50.3,50.3,50.3,50.3,43.8304,0,0,0
2023-10-03,49.6,49.6,49.6,49.6,43.2204,0,0,0
2023-10-04,49.84,49.84,49.84,49.84,43.4296,0,0,0
2023-10-05,49.92,49.92,49.92,49.92,43.4993,0,0,0
2023-10-06,50.37,50.37,50.37,50.37,43.8914,0,0,0
2023-10-09,50.58,50.58,50.58,50.58,44.0744,0,0,0
2023-10-10,51,51,51,51,44.4404,0,0,0
2023-10-11,51.24,51.24,51.24,51.24,44.6495,0,0,0
2023-10-12,50.8,50.8,50.8,50.8,44.2661,0,0,0
2023-10-13,50.56,50.56,50.56,50.56,44.057,0,0,0
2023-10-16,50.91,50.91,50.91,50.91,44.3619,0,0,0
2023-10-17,50.89,50.89,50.89,50.89,44.3445,0,0,0
2023-10-18,50.2,50.2,50.2,50.2,43.7433,0,0,0
2023-10-19,49.76,49.76,49.76,49.76,43.3598,0,0,0
2023-10-20,49.29,49.29,49.29,49.29,42.9503,0,0,0
2023-10-23,49.27,49.27,49.27,49.27,42.9329,0,0,0
2023-10-24,49.57,49.57,49.57,49.57,43.1943,0,0,0
2023-10-25,48.98,48.98,48.98,48.98,42.6802,0,0,0
2023-10-26,48.71,48.71,48.71,48.71,42.4449,0,0,0
2023-10-27,48.52,48.52,48.52,48.52,42.2793,0,0,0
2023-10-30,48.94,48.94,48.94,48.94,42.6453,0,0,0
2023-10-31,49.1,49.1,49.1,49.1,42.7847,0,0,0
2023-11-01,49.6,49.6,49.6,49.6,43.2204,0,0,0
2023-11-02,50.48,50.48,50.48,50.48,43.9872,0,0,0
2023-11-03,51.08,51.08,51.08,51.08,44.5101,0,0,0
2023-11-06,51.05,51.05,51.05,51.05,44.4839,0,0,0
2023-11-07,51.09,51.09,51.09,51.09,44.5188,0,0,0
2023-11-08,51.08,51.08,51.08,51.08,44.5101,0,0,0
2023-11-09,50.73,50.73,50.73,50.73,44.2051,0,0,0
2023-11-10,51.21,51.21,51.21,51.21,44.6234,0,0,0
2023-11-13,51.2,51.2,51.2,51.2,44.6146,0,0,0
2023-11-14,52.38,52.38,52.38,52.38,45.6429,0,0,0
2023-11-15,52.42,52.42,52.42,52.42,45.6777,0,0,0
2023-11-16,52.39,52.39,52.39,52.39,45.6516,0,0,0
2023-11-17,52.65,52.65,52.65,52.65,45.8781,0,0,0
2023-11-20,52.98,52.98,52.98,52.98,46.1657,0,0,0
2023-11-21,52.84,52.84,52.84,52.84,46.0437,0,0,0
2023-11-22,52.97,52.97,52.97,52.97,46.157,0,0,0
2023-11-24,53.06,53.06,53.06,53.06,46.2354,0,0,0
2023-11-27,53.04,53.04,53.04,53.04,46.218,0,0,0
2023-11-28,53.12,53.12,53.12,53.12,46.2877,0,0,0
2023-11-29,53.21,53.21,53.21,53.21,46.3661,0,0,0
2023-11-30,53.28,53.28,53.28,53.28,46.4271,0,0,0
2023-12-01,53.76,53.76,53.76,53.76,46.8454,0,0,0
2023-12-04,53.53,53.53,53.53,53.53,46.645,0,0,0
2023-12-05,53.44,53.44,53.44,53.44,46.5665,0,0,0
2023-12-06,53.45,53.45,53.45,53.45,46.5752,0,0,0
2023-12-07,53.71,53.71,53.71,53.71,46.8018,0,0,0
2023-12-08,53.82,53.82,53.82,53.82,46.8977,0,0,0
2023-12-11,53.98,53.98,53.98,53.98,47.0371,0,0,0
2023-12-12,54.12,54.12,54.12,54.12,47.1591,0,0,0
2023-12-13,54.91,54.91,54.91,54.91,47.8475,0,0,0
2023-12-14,55.4,55.4,55.4,55.4,48.2744,0,0,0
2023-12-15,55.27,55.27,55.27,55.27,48.1611,0,0,0
2023-12-18,55.34,55.34,55.34,55.34,48.2221,0,0,0
2023-12-19,55.73,55.73,55.73,55.73,48.562,0,0,0
2023-12-20,55.13,55.13,55.13,55.13,48.0392,0,0,0
2023-12-21,55.71,55.71,55.71,55.71,48.5446,0,0,0
2023-12-22,55.74,55.74,55.74,55.74,48.5707,0,0,0
2023-12-26,55.98,55.98,55.98,55.98,48.7798,0,0,0
2023-12-27,56.28,56.28,56.28,56.28,49.0412,0,0,0
2023-12-28,54.55,54.55,54.55,54.55,49.0376,0,1.726,0
2023-12-29,54.41,54.41,54.41,54.41,48.9118,0,0,0
2024-01-02,53.97,53.97,53.97,53.97,48.5163,0,0,0
2024-01-03,53.54,53.54,53.54,53.54,48.1297,0,0,0
2024-01-04,53.44,53.44,53.44,53.44,48.0398,0,0,0
2024-01-05,53.46,53.46,53.46,53.46,48.0578,0,0,0
2024-01-08,54.04,54.04,54.04,54.04,48.5792,0,0,0
2024-01-09,53.8,53.8,53.8,53.8,48.3634,0,0,0
2024-01-10,53.97,53.97,53.97,53.97,48.5163,0,0,0
2024-01-11,54,54,54,54,48.5432,0,0,0
2024-01-12,54.08,54.08,54.08,54.08,48.6151,0,0,0
2024-01-16,53.58,53.58,53.58,53.58,48.1657,0,0,0
2024-01-17,53.17,53.17,53.17,53.17,47.7971,0,0,0
2024-01-18,53.51,53.51,53.51,53.51,48.1027,0,0,0
2024-01-19,53.94,53.94,53.94,53.94,48.4893,0,0,0
2024-01-22,54.08,54.08,54.08,54.08,48.6151,0,0,0
2024-01-23,54.11,54.11,54.11,54.11,48.6421,0,0,0
2024-01-24,54.22,54.22,54.22,54.22,48.741,0,0,0
2024-01-25,54.44,54.44,54.44,54.44,48.9388,0,0,0
2024-01-26,54.49,54.49,54.49,54.49,48.9837,0,0,0
2024-01-29,54.88,54.88,54.88,54.88,49.3343,0,0,0
2024-01-30,54.82,54.82,54.82,54.82,49.2804,0,0,0
2024-01-31,54.29,54.29,54.29,54.29,48.8039,0,0,0
2024-02-01,54.88,54.88,54.88,54.88,49.3343,0,0,0
2024-02-02,54.91,54.91,54.91,54.91,49.3613,0,0,0
2024-02-05,54.63,54.63,54.63,54.63,49.1096,0,0,0
2024-02-06,54.94,54.94,54.94,54.94,49.3882,0,0,0
2024-02-07,55.14,55.14,55.14,55.14,49.568,0,0,0
2024-02-08,55.19,55.19,55.19,55.19,49.613,0,0,0
2024-02-09,55.41,55.41,55.41,55.41,49.8107,0,0,0
2024-02-12,55.51,55.51,55.51,55.51,49.9006,0,0,0
2024-02-13,54.69,54.69,54.69,54.69,49.1635,0,0,0
2024-02-14,55.24,55.24,55.24,55.24,49.6579,0,0,0
2024-02-15,55.66,55.66,55.66,55.66,50.0355,0,0,0
2024-02-16,55.53,55.53,55.53,55.53,49.9186,0,0,0
2024-02-20,55.41,55.41,55.41,55.41,49.8107,0,0,0
2024-02-21,55.39,55.39,55.39,55.39,49.7928,0,0,0
2024-02-22,56.16,56.16,56.16,56.16,50.485,0,0,0
2024-02-23,56.24,56.24,56.24,56.24,50.5569,0,0,0
2024-02-26,56.13,56.13,56.13,56.13,50.458,0,0,0
2024-02-27,56.23,56.23,56.23,56.23,50.5479,0,0,0
2024-02-28,56.08,56.08,56.08,56.08,50.413,0,0,0
2024-02-29,56.29,56.29,56.29,56.29,50.6018,0,0,0
2024-03-01,56.77,56.77,56.77,56.77,51.0333,0,0,0
2024-03-04,56.69,56.69,56.69,56.69,50.9614,0,0,0
2024-03-05,56.37,56.37,56.37,56.37,50.6737,0,0,0
2024-03-06,56.77,56.77,56.77,56.77,51.0333,0,0,0
2024-03-07,57.28,57.28,57.28,57.28,51.4918,0,0,0
2024-03-08,57.06,57.06,57.06,57.06,51.294,0,0,0
2024-03-11,56.92,56.92,56.92,56.92,51.1682,0,0,0
2024-03-12,57.34,57.34,57.34,57.34,51.5457,0,0,0
2024-03-13,57.27,57.27,57.27,57.27,51.4828,0,0,0
2024-03-14,56.94,56.94,56.94,56.94,51.1861,0,0,0
2024-03-15,56.72,56.72,56.72,56.72,50.9884,0,0,0
2024-03-18,56.86,56.86,56.86,56.86,51.1142,0,0,0
2024-03-19,57.05,57.05,57.05,57.05,51.285,0,0,0
2024-03-20,57.55,57.55,57.55,57.55,51.7345,0,0,0
2024-03-21,57.72,57.72,57.72,57.72,51.8873,0,0,0
2024-03-22,57.62,57.62,57.62,57.62,51.7974,0,0,0
2024-03-25,57.5,57.5,57.5,57.5,51.6895,0,0,0
2024-03-26,57.46,57.46,57.46,57.46,51.6536,0,0,0
2024-03-27,57.86,57.86,57.86,57.86,52.0132,0,0,0
2024-03-28,57.88,57.88,57.88,57.88,52.0311,0,0,0
2024-04-01,57.63,57.63,57.63,57.63,51.8064,0,0,0
2024-04-02,57.33,57.33,57.33,57.33,51.5367,0,0,0
2024-04-03,57.46,57.46,57.46,57.46,51.6536,0,0,0
2024-04-04,57.02,57.02,57.02,57.02,51.258,0,0,0
2024-04-05,57.31,57.31,57.31,57.31,51.5187,0,0,0
2024-04-08,57.41,57.41,57.41,57.41,51.6086,0,0,0
2024-04-09,57.53,57.53,57.53,57.53,51.7165,0,0,0
2024-04-10,56.88,56.88,56.88,56.88,51.1322,0,0,0
2024-04-11,57.12,57.12,57.12,57.12,51.3479,0,0,0
2024-04-12,55.39,55.39,55.39,55.39,50.662,0,0.98,0
2024-04-15,54.87,54.87,54.87,54.87,50.1863,0,0,0
2024-04-16,54.56,54.56,54.56,54.56,49.9028,0,0,0
2024-04-17,54.41,54.41,54.41,54.41,49.7656,0,0,0
2024-04-18,54.33,54.33,54.33,54.33,49.6924,0,0,0
2024-04-19,54.09,54.09,54.09,54.09,49.4729,0,0,0
2024-04-22,54.56,54.56,54.56,54.56,49.9028,0,0,0
2024-04-23,55.13,55.13,55.13,55.13,50.4242,0,0,0
2024-04-24,55.12,55.12,55.12,55.12,50.415,0,0,0
2024-04-25,54.87,54.87,54.87,54.87,50.1863,0,0,0
2024-04-26,55.32,55.32,55.32,55.32,50.5979,0,0,0
2024-04-29,55.57,55.57,55.57,55.57,50.8266,0,0,0
2024-04-30,54.84,54.84,54.84,54.84,50.1589,0,0,0
2024-05-01,54.79,54.79,54.79,54.79,50.1132,0,0,0
2024-05-02,55.38,55.38,55.38,55.38,50.6528,0,0,0
2024-05-03,55.96,55.96,55.96,55.96,51.1833,0,0,0
2024-05-06,56.4,56.4,56.4,56.4,51.5858,0,0,0
2024-05-07,56.46,56.46,56.46,56.46,51.6406,0,0,0
2024-05-08,56.38,56.38,56.38,56.38,51.5675,0,0,0
2024-05-09,56.68,56.68,56.68,56.68,51.8419,0,0,0
2024-05-10,56.74,56.74,56.74,56.74,51.8967,0,0,0
2024-05-13,56.79,56.79,56.79,56.79,51.9425,0,0,0
2024-05-14,57.11,57.11,57.11,57.11,52.2351,0,0,0
2024-05-15,57.71,57.71,57.71,57.71,52.7839,0,0,0
2024-05-16,57.58,57.58,57.58,57.58,52.665,0,0,0
2024-05-17,57.63,57.63,57.63,57.63,52.7108,0,0,0
2024-05-20,57.69,57.69,57.69,57.69,52.7656,0,0,0
2024-05-21,57.67,57.67,57.67,57.67,52.7473,0,0,0
2024-05-22,57.45,57.45,57.45,57.45,52.5461,0,0,0
2024-05-23,57.04,57.04,57.04,57.04,52.1711,0,0,0
2024-05-24,57.37,57.37,57.37,57.37,52.4729,0,0,0
2024-05-28,57.31,57.31,57.31,57.31,52.4181,0,0,0
2024-05-29,56.71,56.71,56.71,56.71,51.8693,0,0,0
2024-05-30,56.68,56.68,56.68,56.68,51.8419,0,0,0
2024-05-31,56.68,56.68,56.68,56.68,51.8419,0,0,0
2024-06-03,57.24,57.24,57.24,57.24,52.3541,0,0,0
2024-06-04,57.14,57.14,57.14,57.14,52.2626,0,0,0
2024-06-05,57.73,57.73,57.73,57.73,52.8022,0,0,0
2024-06-06,57.77,57.77,57.77,57.77,52.8388,0,0,0
2024-06-07,57.42,57.42,57.42,57.42,52.5187,0,0,0
2024-06-10,57.51,57.51,57.51,57.51,52.601,0,0,0
2024-06-11,57.42,57.42,57.42,57.42,52.5187,0,0,0
2024-06-12,57.94,57.94,57.94,57.94,52.9943,0,0,0
2024-06-13,57.82,57.82,57.82,57.82,52.8845,0,0,0
2024-06-14,57.65,57.65,57.65,57.65,52.7291,0,0,0
2024-06-17,57.88,57.88,57.88,57.88,52.9394,0,0,0
2024-06-18,58.1,58.1,58.1,58.1,53.1406,0,0,0
2024-06-20,58.02,58.02,58.02,58.02,53.0675,0,0,0
2024-06-21,57.88,57.88,57.88,57.88,52.9394,0,0,0
2024-06-24,57.93,57.93,57.93,57.93,52.9852,0,0,0
2024-06-25,58.07,58.07,58.07,58.07,53.1132,0,0,0
2024-06-26,57.93,57.93,57.93,57.93,52.9852,0,0,0
2024-06-27,57.99,57.99,57.99,57.99,53.04,0,0,0
2024-06-28,57.87,57.87,57.87,57.87,52.9303,0,0,0
2024-07-01,57.88,57.88,57.88,57.88,52.9394,0,0,0
2024-07-02,58.11,58.11,58.11,58.11,53.1498,0,0,0
2024-07-03,58.53,58.53,58.53,58.53,53.5339,0,0,0
2024-07-05,58.84,58.84,58.84,58.84,53.8175,0,0,0
2024-07-08,58.82,58.82,58.82,58.82,53.7992,0,0,0
2024-07-09,58.78,58.78,58.78,58.78,53.7626,0,0,0
2024-07-10,59.3,59.3,59.3,59.3,54.2382,0,0,0
2024-07-11,59.37,59.37,59.37,59.37,54.3022,0,0,0
2024-07-12,59.75,59.75,59.75,59.75,54.6498,0,0,0
2024-07-15,59.69,59.69,59.69,59.69,54.5949,0,0,0
2024-07-16,60.12,60.12,60.12,60.12,54.9882,0,0,0
2024-07-17,59.51,59.51,59.51,59.51,54.4303,0,0,0
2024-07-18,59.05,59.05,59.05,59.05,54.0096,0,0,0
2024-07-19,58.67,58.67,58.67,58.67,53.662,0,0,0
2024-07-22,59.17,59.17,59.17,59.17,54.1193,0,0,0
2024-07-23,59.09,59.09,59.09,59.09,54.0461,0,0,0
2024-07-24,58.08,58.08,58.08,58.08,53.1223,0,0,0
2024-07-25,57.94,57.94,57.94,57.94,52.9943,0,0,0
2024-07-26,58.53,58.53,58.53,58.53,53.5339,0,0,0
2024-07-29,58.5,58.5,58.5,58.5,53.5065,0,0,0
2024-07-30,58.38,58.38,58.38,58.38,53.3967,0,0,0
2024-07-31,59.19,59.19,59.19,59.19,54.1376,0,0,0
2024-08-01,58.32,58.32,58.32,58.32,53.3419,0,0,0
2024-08-02,57.51,57.51,57.51,57.51,52.601,0,0,0
2024-08-05,56.18,56.18,56.18,56.18,51.3845,0,0,0
2024-08-06,56.48,56.48,56.48,56.48,51.6589,0,0,0
2024-08-07,56.29,56.29,56.29,56.29,51.4851,0,0,0
2024-08-08,57.28,57.28,57.28,57.28,52.3906,0,0,0
2024-08-09,57.5,57.5,57.5,57.5,52.5919,0,0,0
2024-08-12,57.48,57.48,57.48,57.48,52.5736,0,0,0
2024-08-13,58.33,58.33,58.33,58.33,53.351,0,0,0
2024-08-14,58.45,58.45,58.45,58.45,53.4608,0,0,0
2024-08-15,59.17,59.17,59.17,59.17,54.1193,0,0,0
2024-08-16,59.42,59.42,59.42,59.42,54.348,0,0,0
2024-08-19,59.95,59.95,59.95,59.95,54.8327,0,0,0
2024-08-20,59.8,59.8,59.8,59.8,54.6955,0,0,0
2024-08-21,60.12,60.12,60.12,60.12,54.9882,0,0,0
2024-08-22,59.67,59.67,59.67,59.67,54.5766,0,0,0
2024-08-23,60.45,60.45,60.45,60.45,55.2901,0,0,0
2024-08-26,60.25,60.25,60.25,60.25,55.1071,0,0,0
2024-08-27,60.35,60.35,60.35,60.35,55.1986,0,0,0
2024-08-28,60.06,60.06,60.06,60.06,54.9333,0,0,0
2024-08-29,60.15,60.15,60.15,60.15,55.0157,0,0,0
2024-08-30,60.45,60.45,60.45,60.45,55.2901,0,0,0
2024-09-03,59.46,59.46,59.46,59.46,54.3846,0,0,0
2024-09-04,59.38,59.38,59.38,59.38,54.3114,0,0,0
2024-09-05,59.35,59.35,59.35,59.35,54.2839,0,0,0
2024-09-06,58.46,58.46,58.46,58.46,53.4699,0,0,0
2024-09-09,58.96,58.96,58.96,58.96,53.9272,0,0,0
2024-09-10,59.02,59.02,59.02,59.02,53.9821,0,0,0
2024-09-11,59.45,59.45,59.45,59.45,54.3754,0,0,0
2024-09-12,59.85,59.85,59.85,59.85,54.7413,0,0,0
2024-09-13,60.16,60.16,60.16,60.16,55.0248,0,0,0
2024-09-16,60.38,60.38,60.38,60.38,55.226,0,0,0
2024-09-17,60.37,60.37,60.37,60.37,55.2169,0,0,0
2024-09-18,60.17,60.17,60.17,60.17,55.0339,0,0,0
2024-09-19,61.13,61.13,61.13,61.13,55.912,0,0,0
2024-09-20,60.86,60.86,60.86,60.86,55.6651,0,0,0
2024-09-23,61,61,61,61,55.7931,0,0,0
2024-09-24,61.36,61.36,61.36,61.36,56.1224,0,0,0
2024-09-25,61.1,61.1,61.1,61.1,55.8846,0,0,0
2024-09-26,61.78,61.78,61.78,61.78,56.5065,0,0,0
2024-09-27,61.7,61.7,61.7,61.7,56.4333,0,0,0
2024-09-30,61.68,61.68,61.68,61.68,56.4151,0,0,0
2024-10-01,61.33,61.33,61.33,61.33,56.0949,0,0,0
2024-10-02,61.39,61.39,61.39,61.39,56.1498,0,0,0
2024-10-03,61.06,61.06,61.06,61.06,55.848,0,0,0
2024-10-04,61.42,61.42,61.42,61.42,56.1772,0,0,0
2024-10-07,61.06,61.06,61.06,61.06,55.848,0,0,0
2024-10-08,61.16,61.16,61.16,61.16,55.9394,0,0,0
2024-10-09,61.33,61.33,61.33,61.33,56.0949,0,0,0
2024-10-10,61.24,61.24,61.24,61.24,56.0126,0,0,0
2024-10-11,61.61,61.61,61.61,61.61,56.351,0,0,0
2024-10-14,61.86,61.86,61.86,61.86,56.5797,0,0,0
2024-10-15,61.34,61.34,61.34,61.34,56.1041,0,0,0
2024-10-16,61.63,61.63,61.63,61.63,56.3693,0,0,0
2024-10-17,61.56,61.56,61.56,61.56,56.3053,0,0,0
2024-10-18,61.83,61.83,61.83,61.83,56.5523,0,0,0
2024-10-21,61.45,61.45,61.45,61.45,56.2047,0,0,0
2024-10-22,61.28,61.28,61.28,61.28,56.0492,0,0,0
2024-10-23,60.82,60.82,60.82,60.82,55.6285,0,0,0
2024-10-24,60.98,60.98,60.98,60.98,55.7748,0,0,0
2024-10-25,60.88,60.88,60.88,60.88,55.6833,0,0,0
2024-10-28,61.12,61.12,61.12,61.12,55.9029,0,0,0
2024-10-29,61.13,61.13,61.13,61.13,55.912,0,0,0
2024-10-30,60.91,60.91,60.91,60.91,55.7108,0,0,0
2024-10-31,60.15,60.15,60.15,60.15,55.0157,0,0,0
2024-11-01,60.3,60.3,60.3,60.3,55.1528,0,0,0
2024-11-04,60.36,60.36,60.36,60.36,55.2077,0,0,0
2024-11-05,61,61,61,61,55.7931,0,0,0
2024-11-06,61.54,61.54,61.54,61.54,56.287,0,0,0
2024-11-07,62.14,62.14,62.14,62.14,56.8358,0,0,0
2024-11-08,62.04,62.04,62.04,62.04,56.7443,0,0,0
2024-11-11,62.11,62.11,62.11,62.11,56.8084,0,0,0
2024-11-12,61.54,61.54,61.54,61.54,56.287,0,0,0
2024-11-13,61.32,61.32,61.32,61.32,56.0858,0,0,0
2024-11-14,61.11,61.11,61.11,61.11,55.8937,0,0,0
2024-11-15,60.59,60.59,60.59,60.59,55.4181,0,0,0
2024-11-18,60.9,60.9,60.9,60.9,55.7016,0,0,0
2024-11-19,61.08,61.08,61.08,61.08,55.8663,0,0,0
2024-11-20,61.02,61.02,61.02,61.02,55.8114,0,0,0
2024-11-21,61.24,61.24,61.24,61.24,56.0126,0,0,0
2024-11-22,61.52,61.52,61.52,61.52,56.2687,0,0,0
2024-11-25,61.88,61.88,61.88,61.88,56.598,0,0,0
2024-11-26,61.86,61.86,61.86,61.86,56.5797,0,0,0
2024-11-27,61.86,61.86,61.86,61.86,56.5797,0,0,0
2024-11-29,62.25,62.25,62.25,62.25,56.9364,0,0,0
2024-12-02,62.41,62.41,62.41,62.41,57.0827,0,0,0
2024-12-03,62.51,62.51,62.51,62.51,57.1742,0,0,0
2024-12-04,62.81,62.81,62.81,62.81,57.4486,0,0,0
2024-12-05,62.82,62.82,62.82,62.82,57.4577,0,0,0
2024-12-06,62.93,62.93,62.93,62.93,57.5584,0,0,0
2024-12-09,62.74,62.74,62.74,62.74,57.3846,0,0,0
2024-12-10,62.39,62.39,62.39,62.39,57.0644,0,0,0
2024-12-11,62.72,62.72,62.72,62.72,57.3663,0,0,0
2024-12-12,62.35,62.35,62.35,62.35,57.0279,0,0,0
2024-12-13,62.23,62.23,62.23,62.23,56.9181,0,0,0
2024-12-16,62.3,62.3,62.3,62.3,56.9821,0,0,0
2024-12-17,62.05,62.05,62.05,62.05,56.7535,0,0,0
2024-12-18,60.49,60.49,60.49,60.49,55.3266,0,0,0
2024-12-19,60.39,60.39,60.39,60.39,55.2352,0,0,0
2024-12-20,60.73,60.73,60.73,60.73,55.5461,0,0,0
2024-12-23,60.99,60.99,60.99,60.99,55.784,0,0,0
2024-12-24,61.38,61.38,61.38,61.38,56.1407,0,0,0
2024-12-26,61.43,61.43,61.43,61.43,56.1864,0,0,0
2024-12-27,61.05,61.05,61.05,61.05,55.8388,0,0,0
2024-12-30,57.9,57.9,57.9,57.9,55.4396,0,2.733,0
2024-12-31,57.75,57.75,57.75,57.75,55.2959,0,0,0
2025-01-02,57.69,57.69,57.69,57.69,55.2385,0,0,0
2025-01-03,58.17,58.17,58.17,58.17,55.6981,0,0,0
2025-01-06,58.47,58.47,58.47,58.47,55.9853,0,0,0
2025-01-07,58.03,58.03,58.03,58.03,55.564,0,0,0
2025-01-08,58.02,58.02,58.02,58.02,55.5545,0,0,0
2025-01-10,58.02,58.02,58.02,58.02,55.5545,0,0,0
2025-01-13,57.14,57.14,57.14,57.14,54.7118,0,0,0
2025-01-14,57.35,57.35,57.35,57.35,54.9129,0,0,0
2025-01-15,58.2,58.2,58.2,58.2,55.7268,0,0,0
2025-01-16,58.31,58.31,58.31,58.31,55.8321,0,0,0
2025-01-17,58.69,58.69,58.69,58.69,56.196,0,0,0
2025-01-21,59.36,59.36,59.36,59.36,56.8375,0,0,0
2025-01-22,59.47,59.47,59.47,59.47,56.9428,0,0,0
2025-01-23,59.68,59.68,59.68,59.68,57.1439,0,0,0
2025-01-24,59.76,59.76,59.76,59.76,57.2205,0,0,0
2025-01-27,59.24,59.24,59.24,59.24,56.7226,0,0,0
2025-01-28,59.54,59.54,59.54,59.54,57.0099,0,0,0
2025-01-29,59.41,59.41,59.41,59.41,56.8854,0,0,0
2025-01-30,59.87,59.87,59.87,59.87,57.3258,0,0,0
2025-01-31,59.53,59.53,59.53,59.53,57.0003,0,0,0
2025-02-03,59.1,59.1,59.1,59.1,56.5886,0,0,0
2025-02-04,59.6,59.6,59.6,59.6,57.0673,0,0,0
2025-02-05,59.92,59.92,59.92,59.92,57.3737,0,0,0
2025-02-06,60.11,60.11,60.11,60.11,57.5556,0,0,0
2025-02-07,59.66,59.66,59.66,59.66,57.1248,0,0,0
2025-02-10,59.97,59.97,59.97,59.97,57.4216,0,0,0
2025-02-11,59.96,59.96,59.96,59.96,57.412,0,0,0
2025-02-12,59.87,59.87,59.87,59.87,57.3258,0,0,0
2025-02-13,60.5,60.5,60.5,60.5,57.9291,0,0,0
2025-02-14,60.61,60.61,60.61,60.61,58.0344,0,0,0
2025-02-18,60.79,60.79,60.79,60.79,58.2067,0,0,0
2025-02-19,60.67,60.67,60.67,60.67,58.0918,0,0,0
2025-02-20,60.59,60.59,60.59,60.59,58.0152,0,0,0
2025-02-21,59.96,59.96,59.96,59.96,57.412,0,0,0
2025-02-24,59.7,59.7,59.7,59.7,57.1631,0,0,0
2025-02-25,59.74,59.74,59.74,59.74,57.2014,0,0,0
2025-02-26,59.9,59.9,59.9,59.9,57.3546,0,0,0
2025-02-27,59.12,59.12,59.12,59.12,56.6077,0,0,0
2025-02-28,59.59,59.59,59.59,59.59,57.0577,0,0,0
2025-03-03,59.07,59.07,59.07,59.07,56.5598,0,0,0
2025-03-04,58.75,58.75,58.75,58.75,56.2534,0,0,0
2025-03-05,59.54,59.54,59.54,59.54,57.0099,0,0,0
2025-03-06,58.77,58.77,58.77,58.77,56.2726,0,0,0
2025-03-07,59.09,59.09,59.09,59.09,56.579,0,0,0
2025-03-10,57.81,57.81,57.81,57.81,55.3534,0,0,0
2025-03-11,57.61,57.61,57.61,57.61,55.1619,0,0,0
2025-03-12,57.83,57.83,57.83,57.83,55.3725,0,0,0
2025-03-13,57.32,57.32,57.32,57.32,54.8842,0,0,0
2025-03-14,58.28,58.28,58.28,58.28,55.8034,0,0,0
2025-03-17,58.81,58.81,58.81,58.81,56.3109,0,0,0
2025-03-18,58.52,58.52,58.52,58.52,56.0332,0,0,0
2025-03-19,58.91,58.91,58.91,58.91,56.4066,0,0,0
2025-03-20,58.71,58.71,58.71,58.71,56.2151,0,0,0
2025-03-21,58.56,58.56,58.56,58.56,56.0715,0,0,0
2025-03-24,59.09,59.09,59.09,59.09,56.579,0,0,0
2025-03-25,59.17,59.17,59.17,59.17,56.6556,0,0,0
2025-03-26,58.6,58.6,58.6,58.6,56.1098,0,0,0
2025-03-27,58.53,58.53,58.53,58.53,56.0428,0,0,0
2025-03-28,57.78,57.78,57.78,57.78,55.3246,0,0,0
2025-03-31,57.74,57.74,57.74,57.74,55.2864,0,0,0
2025-04-01,57.97,57.97,57.97,57.97,55.5066,0,0,0
2025-04-02,58.27,58.27,58.27,58.27,55.7938,0,0,0
2025-04-03,56.35,56.35,56.35,56.35,53.9554,0,0,0
2025-04-04,53.57,53.57,53.57,53.57,51.2936,0,0,0
2025-04-07,52.9,52.9,52.9,52.9,50.652,0,0,0
2025-04-08,52.22,52.22,52.22,52.22,50.0009,0,0,0
2025-04-09,55.81,55.81,55.81,55.81,53.4384,0,0,0
2025-04-10,54.46,54.46,54.46,54.46,52.1457,0,0,0
2025-04-11,54.43,54.43,54.43,54.43,53.079,0,0.987,0
2025-04-14,54.92,54.92,54.92,54.92,53.5568,0,0,0
2025-04-15,55.03,55.03,55.03,55.03,53.6641,0,0,0
2025-04-16,54.41,54.41,54.41,54.41,53.0595,0,0,0
2025-04-17,54.62,54.62,54.62,54.62,53.2643,0,0,0
2025-04-21,53.9,53.9,53.9,53.9,52.5621,0,0,0
2025-04-22,54.89,54.89,54.89,54.89,53.5276,0,0,0
2025-04-23,55.52,55.52,55.52,55.52,54.1419,0,0,0
2025-04-24,56.41,56.41,56.41,56.41,55.0098,0,0,0
2025-04-25,56.65,56.65,56.65,56.65,55.2439,0,0,0
2025-04-28,56.83,56.83,56.83,56.83,55.4194,0,0,0
2025-04-29,57.06,57.06,57.06,57.06,55.6437,0,0,0
2025-04-30,57.1,57.1,57.1,57.1,55.6827,0,0,0
2025-05-01,57.2,57.2,57.2,57.2,55.7802,0,0,0
2025-05-02,58.01,58.01,58.01,58.01,56.5701,0,0,0
2025-05-05,57.87,57.87,57.87,57.87,56.4336,0,0,0
2025-05-06,57.64,57.64,57.64,57.64,56.2093,0,0,0
2025-05-07,57.64,57.64,57.64,57.64,56.2093,0,0,0
2025-05-08,57.8,57.8,57.8,57.8,56.3653,0,0,0
2025-05-09,57.92,57.92,57.92,57.92,56.4824,0,0,0
2025-05-12,59.06,59.06,59.06,59.06,57.5941,0,0,0
2025-05-13,59.35,59.35,59.35,59.35,57.8769,0,0,0
2025-05-14,59.28,59.28,59.28,59.28,57.8086,0,0,0
2025-05-15,59.57,59.57,59.57,59.57,58.0914,0,0,0
2025-05-16,59.85,59.85,59.85,59.85,58.3644,0,0,0
2025-05-19,59.99,59.99,59.99,59.99,58.501,0,0,0
2025-05-20,59.91,59.91,59.91,59.91,58.423,0,0,0
2025-05-21,59.18,59.18,59.18,59.18,57.7111,0,0,0
2025-05-22,59.19,59.19,59.19,59.19,57.7208,0,0,0
2025-05-23,59.08,59.08,59.08,59.08,57.6136,0,0,0
2025-05-27,59.93,59.93,59.93,59.93,58.4425,0,0,0
2025-05-28,59.93,59.93,59.93,59.93,58.4425,0,0,0
2025-05-29,59.78,59.78,59.78,59.78,58.2962,0,0,0
2025-05-30,59.76,59.76,59.76,59.76,58.2767,0,0,0
2025-06-02,60.01,60.01,60.01,60.01,58.5205,0,0,0
2025-06-03,60.14,60.14,60.14,60.14,58.6473,0,0,0
2025-06-04,60.35,60.35,60.35,60.35,58.852,0,0,0
2025-06-05,60.25,60.25,60.25,60.25,58.7545,0,0,0
2025-06-06,60.57,60.57,60.57,60.57,59.0666,0,0,0
2025-06-09,60.69,60.69,60.69,60.69,59.1836,0,0,0
2025-06-10,60.91,60.91,60.91,60.91,59.3981,0,0,0
2025-06-11,60.87,60.87,60.87,60.87,59.3591,0,0,0
2025-06-12,61.11,61.11,61.11,61.11,59.5932,0,0,0
2025-06-13,60.4,60.4,60.4,60.4,58.9008,0,0,0
2025-06-16,60.8,60.8,60.8,60.8,59.2909,0,0,0
2025-06-17,60.34,60.34,60.34,60.34,58.8423,0,0,0
2025-06-18,60.34,60.34,60.34,60.34,58.8423,0,0,0
2025-06-20,60.39,60.39,60.39,60.39,58.891,0,0,0
2025-06-23,60.61,60.61,60.61,60.61,59.1056,0,0,0
2025-06-24,61.34,61.34,61.34,61.34,59.8175,0,0,0
2025-06-25,61.24,61.24,61.24,61.24,59.72,0,0,0
2025-06-26,61.74,61.74,61.74,61.74,60.2075,0,0,0
2025-06-27,61.98,61.98,61.98,61.98,60.4416,0,0,0
2025-06-30,62.21,62.21,62.21,62.21,60.6659,0,0,0
2025-07-01,62.2,62.2,62.2,62.2,60.6561,0,0,0
2025-07-02,62.45,62.45,62.45,62.45,60.8999,0,0,0
2025-07-03,62.72,62.72,62.72,62.72,61.1632,0,0,0
2025-07-07,62.17,62.17,62.17,62.17,60.6269,0,0,0
2025-07-08,62.29,62.29,62.29,62.29,60.7439,0,0,0
2025-07-09,62.63,62.63,62.63,62.63,61.0754,0,0,0
2025-07-10,62.74,62.74,62.74,62.74,61.1827,0,0,0
2025-07-11,62.38,62.38,62.38,62.38,60.8317,0,0,0
2025-07-14,62.43,62.43,62.43,62.43,60.8804,0,0,0
2025-07-15,62.13,62.13,62.13,62.13,60.5879,0,0,0
2025-07-16,62.32,62.32,62.32,62.32,60.7731,0,0,0
2025-07-17,62.63,62.63,62.63,62.63,61.0754,0,0,0
2025-07-18,62.61,62.61,62.61,62.61,61.0559,0,0,0
2025-07-21,62.76,62.76,62.76,62.76,61.2022,0,0,0
2025-07-22,62.92,62.92,62.92,62.92,61.3582,0,0,0
2025-07-23,63.6,63.6,63.6,63.6,62.0214,0,0,0
2025-07-24,63.43,63.43,63.43,63.43,61.8556,0,0,0
2025-07-25,63.55,63.55,63.55,63.55,61.9726,0,0,0
2025-07-28,63.25,63.25,63.25,63.25,61.6801,0,0,0
2025-07-29,63.2,63.2,63.2,63.2,61.6313,0,0,0
2025-07-30,62.94,62.94,62.94,62.94,61.3777,0,0,0
2025-07-31,62.62,62.62,62.62,62.62,61.0657,0,0,0
2025-08-01,62.1,62.1,62.1,62.1,60.5586,0,0,0
2025-08-04,62.86,62.86,62.86,62.86,61.2997,0,0,0
2025-08-05,62.78,62.78,62.78,62.78,61.2217,0,0,0
2025-08-06,63.06,63.06,63.06,63.06,61.4948,0,0,0
2025-08-07,63.25,63.25,63.25,63.25,61.6801,0,0,0
2025-08-08,63.47,63.47,63.47,63.47,61.8946,0,0,0
2025-08-11,63.31,63.31,63.31,63.31,61.7386,0,0,0
2025-08-12,64,64,64,64,62.4114,0,0,0
2025-08-13,64.38,64.38,64.38,64.38,62.782,0,0,0
2025-08-14,64.21,64.21,64.21,64.21,62.6162,0,0,0
2025-08-15,64.2,64.2,64.2,64.2,62.6065,0,0,0
2025-08-18,64.2,64.2,64.2,64.2,62.6065,0,0,0
2025-08-19,63.98,63.98,63.98,63.98,62.3919,0,0,0
2025-08-20,63.93,63.93,63.93,63.93,62.3432,0,0,0
2025-08-21,63.72,63.72,63.72,63.72,62.1384,0,0,0
2025-08-22,64.71,64.71,64.71,64.71,63.1038,0,0,0
2025-08-25,64.29,64.29,64.29,64.29,62.6942,0,0,0
2025-08-26,64.42,64.42,64.42,64.42,62.821,0,0,0
2025-08-27,64.45,64.45,64.45,64.45,62.8503,0,0,0
2025-08-28,64.67,64.67,64.67,64.67,63.0648,0,0,0
2025-08-29,64.3,64.3,64.3,64.3,62.704,0,0,0
2025-09-02,63.92,63.92,63.92,63.92,62.3334,0,0,0
2025-09-03,64.12,64.12,64.12,64.12,62.5285,0,0,0
2025-09-04,64.56,64.56,64.56,64.56,62.9575,0,0,0
2025-09-05,64.73,64.73,64.73,64.73,63.1233,0,0,0
2025-09-08,65.07,65.07,65.07,65.07,63.4549,0,0,0
2025-09-09,65.08,65.08,65.08,65.08,63.4646,0,0,0
2025-09-10,65.24,65.24,65.24,65.24,63.6207,0,0,0
2025-09-11,65.81,65.81,65.81,65.81,64.1765,0,0,0
2025-09-12,65.69,65.69,65.69,65.69,64.0595,0,0,0
2025-09-15,65.98,65.98,65.98,65.98,64.3423,0,0,0
2025-09-16,66,66,66,66,64.3618,0,0,0
2025-09-17,65.9,65.9,65.9,65.9,64.2643,0,0,0
2025-09-18,66.16,66.16,66.16,66.16,64.5178,0,0,0
2025-09-19,66.16,66.16,66.16,66.16,64.5178,0,0,0
2025-09-22,66.38,66.38,66.38,66.38,64.7324,0,0,0
2025-09-23,66.22,66.22,66.22,66.22,64.5763,0,0,0
2025-09-24,65.94,65.94,65.94,65.94,64.3033,0,0,0
2025-09-25,65.59,65.59,65.59,65.59,63.962,0,0,0
2025-09-26,65.89,65.89,65.89,65.89,64.2545,0,0,0
2025-09-29,66.13,66.13,66.13,66.13,64.4886,0,0,0
2025-09-30,66.35,66.35,66.35,66.35,64.7031,0,0,0
2025-10-01,66.64,66.64,66.64,66.64,64.9859,0,0,0
2025-10-02,66.8,66.8,66.8,66.8,65.1419,0,0,0
2025-10-03,66.95,66.95,66.95,66.95,65.2882,0,0,0
2025-10-06,67.11,67.11,67.11,67.11,65.4443,0,0,0
2025-10-07,66.76,66.76,66.76,66.76,65.1029,0,0,0
2025-10-08,67.11,67.11,67.11,67.11,65.4443,0,0,0
2025-10-09,66.81,66.81,66.81,66.81,65.1517,0,0,0
2025-10-10,65.37,65.37,65.37,65.37,63.7474,0,0,0
2025-10-13,66.29,66.29,66.29,66.29,64.6446,0,0,0
2025-10-14,66.31,66.31,66.31,66.31,64.6641,0,0,0
2025-10-15,66.63,66.63,66.63,66.63,64.9762,0,0,0
2025-10-16,66.54,66.54,66.54,66.54,64.8884,0,0,0
2025-10-17,66.66,66.66,66.66,66.66,65.0054,0,0,0
2025-10-20,67.28,67.28,67.28,67.28,65.61,0,0,0
2025-10-21,67.16,67.16,67.16,67.16,65.493,0,0,0
2025-10-22,66.86,66.86,66.86,66.86,65.2005,0,0,0
2025-10-23,67.22,67.22,67.22,67.22,65.5515,0,0,0
2025-10-24,67.56,67.56,67.56,67.56,65.8831,0,0,0
2025-10-27,68.16,68.16,68.16,68.16,66.4682,0,0,0
2025-10-28,68.19,68.19,68.19,68.19,66.4974,0,0,0
2025-10-29,67.98,67.98,67.98,67.98,66.2927,0,0,0
2025-10-30,67.49,67.49,67.49,67.49,65.8148,0,0,0
2025-10-31,67.59,67.59,67.59,67.59,65.9123,0,0,0
2025-11-03,67.66,67.66,67.66,67.66,65.9806,0,0,0
2025-11-04,66.94,66.94,66.94,66.94,65.2785,0,0,0
2025-11-05,67.19,67.19,67.19,67.19,65.5223,0,0,0
2025-11-06,66.74,66.74,66.74,66.74,65.0834,0,0,0
2025-11-07,66.87,66.87,66.87,66.87,65.2102,0,0,0
2025-11-10,67.61,67.61,67.61,67.61,65.9318,0,0,0
2025-11-11,67.84,67.84,67.84,67.84,66.1561,0,0,0
2025-11-12,67.96,67.96,67.96,67.96,66.2731,0,0,0
2025-11-13,67.06,67.06,67.06,67.06,65.3955,0,0,0
2025-11-14,66.97,66.97,66.97,66.97,65.3077,0,0,0
2025-11-17,66.31,66.31,66.31,66.31,64.6641,0,0,0
2025-11-18,65.84,65.84,65.84,65.84,64.2058,0,0,0
2025-11-19,65.86,65.86,65.86,65.86,64.2253,0,0,0
2025-11-20,65,65,65,65,63.3866,0,0,0
2025-11-21,65.67,65.67,65.67,65.67,64.04,0,0,0
2025-11-24,66.3,66.3,66.3,66.3,64.6544,0,0,0
2025-11-25,66.9,66.9,66.9,66.9,65.2395,0,0,0
2025-11-26,67.4,67.4,67.4,67.4,65.7271,0,0,0
2025-11-28,67.62,67.62,67.62,67.62,65.9416,0,0,0
2025-12-01,67.3,67.3,67.3,67.3,65.6295,0,0,0
2025-12-02,67.46,67.46,67.46,67.46,65.7856,0,0,0
2025-12-03,67.73,67.73,67.73,67.73,66.0489,0,0,0
2025-12-04,67.82,67.82,67.82,67.82,66.1366,0,0,0
2025-12-05,67.87,67.87,67.87,67.87,66.1854,0,0,0
2025-12-08,67.74,67.74,67.74,67.74,66.0586,0,0,0
2025-12-09,67.64,67.64,67.64,67.64,65.9611,0,0,0
2025-12-10,68.21,68.21,68.21,68.21,66.5169,0,0,0
2025-12-11,68.37,68.37,68.37,68.37,66.673,0,0,0
2025-12-12,67.75,67.75,67.75,67.75,66.0684,0,0,0
2025-12-15,67.76,67.76,67.76,67.76,66.0781,0,0,0
2025-12-16,67.55,67.55,67.55,67.55,65.8733,0,0,0
2025-12-17,67,67,67,67,65.337,0,0,0
2025-12-18,67.47,67.47,67.47,67.47,65.7953,0,0,0
2025-12-19,67.89,67.89,67.89,67.89,66.2049,0,0,0
2025-12-22,68.27,68.27,68.27,68.27,66.5755,0,0,0
2025-12-23,68.53,68.53,68.53,68.53,66.829,0,0,0
2025-12-24,68.66,68.66,68.66,68.66,66.9558,0,0,0
2025-12-26,68.69,68.69,68.69,68.69,66.985,0,0,0
2025-12-29,68.54,68.54,68.54,68.54,66.8388,0,0,0
2025-12-30,67.03,67.03,67.03,67.03,66.7959,0,1.467,0
2025-12-31,66.69,66.69,66.69,66.69,66.4571,0,0,0
2026-01-02,67.11,67.11,67.11,67.11,66.8756,0,0,0
2026-01-05,67.68,67.68,67.68,67.68,67.4436,0,0,0
2026-01-06,68.04,68.04,68.04,68.04,67.8024,0,0,0
2026-01-07,67.84,67.84,67.84,67.84,67.6031,0,0,0
2026-01-08,67.81,67.81,67.81,67.81,67.5732,0,0,0
2026-01-09,68.26,68.26,68.26,68.26,68.0216,0,0,0
2026-01-12,68.5,68.5,68.5,68.5,68.2608,0,0,0
2026-01-13,68.35,68.35,68.35,68.35,68.1113,0,0,0
2026-01-14,68.33,68.33,68.33,68.33,68.0914,0,0,0
2026-01-15,68.49,68.49,68.49,68.49,68.2508,0,0,0
2026-01-16,68.46,68.46,68.46,68.46,68.2209,0,0,0
2026-01-20,67.41,67.41,67.41,67.41,67.1746,0,0,0
2026-01-21,68.08,68.08,68.08,68.08,67.8422,0,0,0
2026-01-22,68.45,68.45,68.45,68.45,68.2109,0,0,0
2026-01-23,68.55,68.55,68.55,68.55,68.3106,0,0,0
2026-01-26,68.78,68.78,68.78,68.78,68.5398,0,0,0
2026-01-27,69.29,69.29,69.29,69.29,69.048,0,0,0
2026-01-28,69.15,69.15,69.15,69.15,68.9085,0,0,0
2026-01-29,69.16,69.16,69.16,69.16,68.9185,0,0,0
2026-01-30,68.61,68.61,68.61,68.61,68.3704,0,0,0
2026-02-02,68.89,68.89,68.89,68.89,68.6494,0,0,0
2026-02-03,68.7,68.7,68.7,68.7,68.4601,0,0,0
2026-02-04,68.48,68.48,68.48,68.48,68.2408,0,0,0
2026-02-05,67.84,67.84,67.84,67.84,67.6031,0,0,0
2026-02-06,69.12,69.12,69.12,69.12,68.8786,0,0,0
2026-02-09,69.62,69.62,69.62,69.62,69.3769,0,0,0
2026-02-10,69.6,69.6,69.6,69.6,69.3569,0,0,0
2026-02-11,69.74,69.74,69.74,69.74,69.4964,0,0,0
2026-02-12,69.02,69.02,69.02,69.02,68.779,0,0,0
2026-02-13,69.2,69.2,69.2,69.2,68.9583,0,0,0
2026-02-17,69.21,69.21,69.21,69.21,68.9683,0,0,0
2026-02-18,69.46,69.46,69.46,69.46,69.2174,0,0,0
2026-02-19,69.36,69.36,69.36,69.36,69.1178,0,0,0
2026-02-20,69.8,69.8,69.8,69.8,69.5562,0,0,0
2026-02-23,69.26,69.26,69.26,69.26,69.0181,0,0,0
2026-02-24,69.72,69.72,69.72,69.72,69.4765,0,0,0
2026-02-25,70.21,70.21,70.21,70.21,69.9648,0,0,0
2026-02-26,70.04,70.04,70.04,70.04,69.7954,0,0,0
2026-02-27,69.89,69.89,69.89,69.89,69.6459,0,0,0
2026-03-02,69.46,69.46,69.46,69.46,69.2174,0,0,0
2026-03-03,68.24,68.24,68.24,68.24,68.0017,0,0,0
2026-03-04,68.63,68.63,68.63,68.63,68.3903,0,0,0
2026-03-05,67.96,67.96,67.96,67.96,67.7227,0,0,0
2026-03-06,67.2,67.2,67.2,67.2,66.9653,0,0,0
2026-03-09,67.78,67.78,67.78,67.78,67.5433,0,0,0
2026-03-10,67.73,67.73,67.73,67.73,67.4935,0,0,0
2026-03-11,67.6,67.6,67.6,67.6,67.3639,0,0,0
2026-03-12,66.52,66.52,66.52,66.52,66.2877,0,0,0
2026-03-13,66.14,66.14,66.14,66.14,65.909,0,0,0
2026-03-16,66.96,66.96,66.96,66.96,66.7262,0,0,0
2026-03-17,67.21,67.21,67.21,67.21,66.9753,0,0,0
2026-03-18,66.29,66.29,66.29,66.29,66.0585,0,0,0
2026-03-19,66.27,66.27,66.27,66.27,66.0386,0,0,0
2026-03-20,64.93,64.93,64.93,64.93,64.7032,0,0,0
2026-03-23,65.91,65.91,65.91,65.91,65.6798,0,0,0
2026-03-24,65.65,65.65,65.65,65.65,65.4207,0,0,0
2026-03-25,66.24,66.24,66.24,66.24,66.0087,0,0,0
2026-03-26,65.04,65.04,65.04,65.04,64.8129,0,0,0
2026-03-27,64.27,64.27,64.27,64.27,64.0455,0,0,0
2026-03-30,64.17,64.17,64.17,64.17,63.9459,0,0,0
2026-03-31,65.82,65.82,65.82,65.82,65.5901,0,0,0
2026-04-01,66.39,66.39,66.39,66.39,66.1581,0,0,0
2026-04-02,66.35,66.35,66.35,66.35,66.1183,0,0,0
2026-04-06,66.57,66.57,66.57,66.57,66.3375,0,0,0
2026-04-07,66.61,66.61,66.61,66.61,66.3774,0,0,0
2026-04-08,68.52,68.52,68.52,68.52,68.2807,0,0,0
2026-04-09,68.72,68.72,68.72,68.72,68.48,0,0,0
2026-04-10,68.39,68.39,68.39,68.39,68.39,0,0.24,0
2026-04-13,69.04,69.04,69.04,69.04,69.04,0,0,0
2026-04-14,69.66,69.66,69.66,69.66,69.66,0,0,0
2026-04-15,69.87,69.87,69.87,69.87,69.87,0,0,0
2026-04-16,69.95,69.95,69.95,69.95,69.95,0,0,0
2026-04-17,70.79,70.79,70.79,70.79,70.79,0,0,0
2026-04-20,70.62,70.62,70.62,70.62,70.62,0,0,0
2026-04-21,69.96,69.96,69.96,69.96,69.96,0,0,0
2026-04-22,70.44,70.44,70.44,70.44,70.44,0,0,0
2026-04-23,70.06,70.06,70.06,70.06,70.06,0,0,0
2026-04-24,70.51,70.51,70.51,70.51,70.51,0,0,0
2026-04-27,70.47,70.47,70.47,70.47,70.47,0,0,0
2026-04-28,70.12,70.12,70.12,70.12,70.12,0,0,0
2026-04-29,69.9,69.9,69.9,69.9,69.9,0,0,0
2026-04-30,70.78,70.78,70.78,70.78,70.78,0,0,0
2026-05-01,70.85,70.85,70.85,70.85,70.85,0,0,0
2026-05-04,70.54,70.54,70.54,70.54,70.54,0,0,0
2026-05-05,71.18,71.18,71.18,71.18,71.18,0,0,0
2026-05-06,72.47,72.47,72.47,72.47,72.47,0,0,0
2026-05-07,71.88,71.88,71.88,71.88,71.88,0,0,0
2026-05-08,72.37,72.37,72.37,72.37,72.37,0,0,0
2026-05-11,72.41,72.41,72.41,72.41,72.41,0,0,0
2026-05-12,72,72,72,72,72,0,0,0
2026-05-13,72.39,72.39,72.39,72.39,72.39,0,0,0
2026-05-14,72.65,72.65,72.65,72.65,72.65,0,0,0
2026-05-15,71.51,71.51,71.51,71.51,71.51,0,0,0
2026-05-18,71.58,71.58,71.58,71.58,71.58,0,0,0
2026-05-19,71.1,71.1,71.1,71.1,71.1,0,0,0
2026-05-20,72,72,72,72,72,0,0,0
2026-05-21,72.32,72.32,72.32,72.32,72.32,0,0,0
2026-05-22,72.51,72.51,72.51,72.51,72.51,0,0,0
2026-05-26,73.26,73.26,73.26,73.26,73.26,0,0,0
2026-05-27,73.22,73.22,73.22,73.22,73.22,0,0,0
2026-05-28,73.53,73.53,73.53,73.53,73.53,0,0,0
2026-05-29,73.65,73.65,73.65,73.65,73.65,0,0,0
2026-06-01,73.85,73.85,73.85,73.85,73.85,0,0,0
2026-06-02,74.15,74.15,74.15,74.15,74.15,0,0,0
2026-06-03,73.61,73.61,73.61,73.61,73.61,0,0,0
2026-06-04,73.85,73.85,73.85,73.85,73.85,0,0,0
2026-06-05,71.84,71.84,71.84,71.84,71.84,0,0,0
2026-06-08,72.14,72.14,72.14,72.14,72.14,0,0,0
2026-06-09,72.17,72.17,72.17,72.17,72.17,0,0,0
2026-06-10,71.16,71.16,71.16,71.16,71.16,0,0,0
2026-06-11,72.79,72.79,72.79,72.79,72.79,0,0,0
2026-06-12,73.11,73.11,73.11,73.11,73.11,0,0,0
2026-06-15,74.03,74.03,74.03,74.03,74.03,0,0,0
2026-06-16,73.75,73.75,73.75,73.75,73.75,0,0,0
2026-06-17,73.14,73.14,73.14,73.14,73.14,0,0,0
2026-06-18,73.99,73.99,73.99,73.99,73.99,0,0,0
2026-06-22,73.87,73.87,73.87,73.87,73.87,0,0,0
2026-06-23,72.66,72.66,72.66,72.66,72.66,0,0,0
2026-06-24,72.75,72.75,72.75,72.75,72.75,0,0,0
2026-06-25,72.98,72.98,72.98,72.98,72.98,0,0,0
2026-06-26,72.82,72.82,72.82,72.82,72.82,0,0,0
2026-06-29,73.49,73.49,73.49,73.49,73.49,0,0,0
2026-06-30,73.88,73.88,73.88,73.88,73.88,0,0,0
2026-07-01,73.36,73.36,73.36,73.36,73.36,0,0,0
2026-07-02,73.43,73.43,73.43,73.43,73.43,0,0,0
2026-07-06,74.13,74.13,74.13,74.13,74.13,0,0,0
2026-07-07,73.43,73.43,73.43,73.43,73.43,0,0,0
2026-07-08,73.14,73.14,73.14,73.14,73.14,0,0,0
2026-07-09,73.64,73.64,73.64,73.64,73.64,0,0,0
2026-07-10,73.81,73.81,73.81,73.81,73.81,0,0,0
2026-07-13,73.03,73.03,73.03,73.03,73.03,0,0,0
2026-07-14,73.43,73.43,73.43,73.43,73.43,0,0,0
2026-07-15,73.7,73.7,73.7,73.7,73.7,0,0,0
2026-07-16,73.25,73.25,73.25,73.25,73.25,0,0,0
2026-07-17,72.77,72.77,72.77,72.77,72.77,0,0,0
2026-07-20,72.46,72.46,72.46,72.46,72.46,0,0,0
2026-07-21,73.26,73.26,73.26,73.26,73.26,0,0,0
2026-07-22,73.14,73.14,73.14,73.14,73.14,0,0,0
2026-07-23,72.49,72.49,72.49,72.49,72.49,0,0,0
2026-07-24,72.39,72.39,72.39,72.39,72.39,0,0,0
2026-07-27,72.56,72.56,72.56,72.56,72.56,0,0,0
2026-07-28,72.49,72.49,72.49,72.49,72.49,0,0,0
2026-07-29,71.68,71.68,71.68,71.68,71.68,0,0,0
2026-07-30,72.99,72.99,72.99,72.99,72.99,0,0,0
2026-07-31,73.13,73.13,73.13,73.13,73.13,0,0,0
2026-08-03,73.89,73.89,73.89,73.89,73.89,0,0,0
2026-08-04,75.02,75.02,75.02,75.02,75.02,0,0,0
2026-08-05,74.88,74.88,74.88,74.88,74.88,0,0,0
2026-08-06,74.65,74.65,74.65,74.65,74.65,0,0,0
2026-08-07,75.24,75.24,75.24,75.24,75.24,0,0,0
2026-08-10,75.07,75.07,75.07,75.07,75.07,0,0,0
2026-08-11,75,75,75,75,75,0,0,0
2026-08-12,75.28,75.28,75.28,75.28,75.28,0,0,0
2026-08-13,75.68,75.68,75.68,75.68,75.68,0,0,0
2026-08-14,75.58,75.58,75.58,75.58,75.58,0,0,0
2026-08-17,75.41,75.41,75.41,75.41,75.41,0,0,0
2026-08-18,74.69,74.69,74.69,74.69,74.69,0,0,0
2026-08-19,74.93,74.93,74.93,74.93,74.93,0,0,0
2026-08-20,74.56,74.56,74.56,74.56,74.56,0,0,0
2026-08-21,75.02,75.02,75.02,75.02,75.02,0,0,0
2026-08-24,74.71,74.71,74.71,74.71,74.71,0,0,0
2026-08-25,75.09,75.09,75.09,75.09,75.09,0,0,0
2026-08-26,75.05,75.05,75.05,75.05,75.05,0,0,0
2026-08-27,75.29,75.29,75.29,75.29,75.29,0,0,0
2026-08-28,74.97,74.97,74.97,74.97,74.97,0,0,0
2026-08-31,74.81,74.81,74.81,74.81,74.81,0,0,0
2026-09-01,74.27,74.27,74.27,74.27,74.27,0,0,0
2026-09-02,74.54,74.54,74.54,74.54,74.54,0,0,0
2026-09-03,75.26,75.26,75.26,75.26,75.26,0,0,0
2026-09-04,75.24,75.24,75.24,75.24,75.24,0,0,0
2026-09-08,75,75,75,75,75,0,0,0
2026-09-09,74.51,74.51,74.51,74.51,74.51,0,0,0
2026-09-10,73.85,73.85,73.85,73.85,73.85,0,0,0
2026-09-11,74.39,74.39,74.39,74.39,74.39,0,0,0
2026-09-14,73.9,73.9,73.9,73.9,73.9,0,0,0
2026-09-15,73.55,73.55,73.55,73.55,73.55,0,0,0
2026-09-16,73.33,73.33,73.33,73.33,73.33,0,0,0
2026-09-17,74.15,74.15,74.15,74.15,74.15,0,0,0
2026-09-18,73.99,73.99,73.99,73.99,73.99,0,0,0
2026-09-21,74.94,74.94,74.94,74.94,74.94,0,0,0
2026-09-22,75.03,75.03,75.03,75.03,75.03,0,0,0
2026-09-23,74.2,74.2,74.2,74.2,74.2,0,0,0
2026-09-24,73.97,73.97,73.97,73.97,73.97,0,0,0
2026-09-25,74.42,74.42,74.42,74.42,74.42,0,0,0
2026-09-28,73.82,73.82,73.82,73.82,73.82,0,0,0
