date,open,high,low,close,adj_close,volume,dividend,split
1981-12-10,10,10,10,10,1.1923,0,0,0
1981-12-11,10,10,10,10,1.1923,0,0,0
1981-12-14,10,10,10,10,1.1923,0,0,0
1981-12-15,10,10,10,10,1.1923,0,0,0
1981-12-16,10,10,10,10,1.1923,0,0,0
1981-12-17,10,10,10,10,1.1923,0,0,0
1981-12-18,10,10,10,10,1.1923,0,0,0
1981-12-21,10,10,10,10,1.1923,0,0,0
1981-12-22,10,10,10,10,1.1923,0,0,0
1981-12-23,10,10,10,10,1.1923,0,0,0
1981-12-24,10,10,10,10,1.1923,0,0,0
1981-12-28,10,10,10,10,1.1923,0,0,0
1981-12-29,10,10,10,10,1.1923,0,0,0
1981-12-30,10,10,10,10,1.1923,0,0,0
1981-12-31,9.86,9.86,9.86,9.86,1.17561,0,0,0
1982-01-04,9.86,9.86,9.86,9.86,1.17561,0,0,0
1982-01-05,9.86,9.86,9.86,9.86,1.17561,0,0,0
1982-01-06,9.86,9.86,9.86,9.86,1.17561,0,0,0
1982-01-07,9.86,9.86,9.86,9.86,1.17561,0,0,0
1982-01-08,9.86,9.86,9.86,9.86,1.17561,0,0,0
1982-01-11,9.86,9.86,9.86,9.86,1.17561,0,0,0
1982-01-12,9.86,9.86,9.86,9.86,1.17561,0,0,0
1982-01-13,9.86,9.86,9.86,9.86,1.17561,0,0,0
1982-01-14,9.86,9.86,9.86,9.86,1.17561,0,0,0
1982-01-15,9.86,9.86,9.86,9.86,1.17561,0,0,0
1982-01-18,9.86,9.86,9.86,9.86,1.17561,0,0,0
1982-01-19,9.86,9.86,9.86,9.86,1.17561,0,0,0
1982-01-20,9.86,9.86,9.86,9.86,1.17561,0,0,0
1982-01-21,9.86,9.86,9.86,9.86,1.17561,0,0,0
1982-01-22,9.86,9.86,9.86,9.86,1.17561,0,0,0
1982-01-25,9.86,9.86,9.86,9.86,1.17561,0,0,0
1982-01-26,9.86,9.86,9.86,9.86,1.17561,0,0,0
1982-01-27,9.86,9.86,9.86,9.86,1.17561,0,0,0
1982-01-28,9.86,9.86,9.86,9.86,1.17561,0,0,0
1982-01-29,9.81,9.81,9.81,9.81,1.16965,0,0,0
1982-02-01,9.81,9.81,9.81,9.81,1.16965,0,0,0
1982-02-02,9.81,9.81,9.81,9.81,1.16965,0,0,0
1982-02-03,9.81,9.81,9.81,9.81,1.16965,0,0,0
1982-02-04,9.81,9.81,9.81,9.81,1.16965,0,0,0
1982-02-05,9.81,9.81,9.81,9.81,1.16965,0,0,0
1982-02-08,9.81,9.81,9.81,9.81,1.16965,0,0,0
1982-02-09,9.81,9.81,9.81,9.81,1.16965,0,0,0
1982-02-10,9.81,9.81,9.81,9.81,1.16965,0,0,0
1982-02-11,9.81,9.81,9.81,9.81,1.16965,0,0,0
1982-02-12,9.81,9.81,9.81,9.81,1.16965,0,0,0
1982-02-16,9.81,9.81,9.81,9.81,1.16965,0,0,0
1982-02-17,9.81,9.81,9.81,9.81,1.16965,0,0,0
1982-02-18,9.81,9.81,9.81,9.81,1.16965,0,0,0
1982-02-19,9.81,9.81,9.81,9.81,1.16965,0,0,0
1982-02-22,9.81,9.81,9.81,9.81,1.16965,0,0,0
1982-02-23,9.81,9.81,9.81,9.81,1.16965,0,0,0
1982-02-24,9.81,9.81,9.81,9.81,1.16965,0,0,0
1982-02-25,9.81,9.81,9.81,9.81,1.16965,0,0,0
1982-02-26,9.79,9.79,9.79,9.79,1.16726,0,0,0
1982-03-01,9.79,9.79,9.79,9.79,1.16726,0,0,0
1982-03-02,9.79,9.79,9.79,9.79,1.16726,0,0,0
1982-03-03,9.79,9.79,9.79,9.79,1.16726,0,0,0
1982-03-04,9.79,9.79,9.79,9.79,1.16726,0,0,0
1982-03-05,9.79,9.79,9.79,9.79,1.16726,0,0,0
1982-03-08,9.79,9.79,9.79,9.79,1.16726,0,0,0
1982-03-09,9.79,9.79,9.79,9.79,1.16726,0,0,0
1982-03-10,9.79,9.79,9.79,9.79,1.16726,0,0,0
1982-03-11,9.79,9.79,9.79,9.79,1.16726,0,0,0
1982-03-12,9.79,9.79,9.79,9.79,1.16726,0,0,0
1982-03-15,9.79,9.79,9.79,9.79,1.16726,0,0,0
1982-03-16,9.79,9.79,9.79,9.79,1.16726,0,0,0
1982-03-17,9.79,9.79,9.79,9.79,1.16726,0,0,0
1982-03-18,9.79,9.79,9.79,9.79,1.16726,0,0,0
1982-03-19,9.79,9.79,9.79,9.79,1.16726,0,0,0
1982-03-22,9.79,9.79,9.79,9.79,1.16726,0,0,0
1982-03-23,9.79,9.79,9.79,9.79,1.16726,0,0,0
1982-03-24,9.79,9.79,9.79,9.79,1.16726,0,0,0
1982-03-25,9.79,9.79,9.79,9.79,1.16726,0,0,0
1982-03-26,9.79,9.79,9.79,9.79,1.16726,0,0,0
1982-03-29,9.79,9.79,9.79,9.79,1.16726,0,0,0
1982-03-30,9.79,9.79,9.79,9.79,1.16726,0,0,0
1982-03-31,9.69,9.69,9.69,9.69,1.15534,0,0,0
1982-04-01,9.69,9.69,9.69,9.69,1.15534,0,0,0
1982-04-02,9.69,9.69,9.69,9.69,1.15534,0,0,0
1982-04-05,9.69,9.69,9.69,9.69,1.15534,0,0,0
1982-04-06,9.69,9.69,9.69,9.69,1.15534,0,0,0
1982-04-07,9.69,9.69,9.69,9.69,1.15534,0,0,0
1982-04-08,9.69,9.69,9.69,9.69,1.15534,0,0,0
1982-04-12,9.69,9.69,9.69,9.69,1.15534,0,0,0
1982-04-13,9.69,9.69,9.69,9.69,1.15534,0,0,0
1982-04-14,9.69,9.69,9.69,9.69,1.15534,0,0,0
1982-04-15,9.69,9.69,9.69,9.69,1.15534,0,0,0
1982-04-16,9.69,9.69,9.69,9.69,1.15534,0,0,0
1982-04-19,9.69,9.69,9.69,9.69,1.15534,0,0,0
1982-04-20,9.69,9.69,9.69,9.69,1.15534,0,0,0
1982-04-21,9.69,9.69,9.69,9.69,1.15534,0,0,0
1982-04-22,9.69,9.69,9.69,9.69,1.15534,0,0,0
1982-04-23,9.69,9.69,9.69,9.69,1.15534,0,0,0
1982-04-26,9.69,9.69,9.69,9.69,1.15534,0,0,0
1982-04-27,9.69,9.69,9.69,9.69,1.15534,0,0,0
1982-04-28,9.69,9.69,9.69,9.69,1.15534,0,0,0
1982-04-29,9.69,9.69,9.69,9.69,1.15534,0,0,0
1982-04-30,10.61,10.61,10.61,10.61,1.26503,0,0,0
1982-05-03,10.61,10.61,10.61,10.61,1.26503,0,0,0
1982-05-04,10.61,10.61,10.61,10.61,1.26503,0,0,0
1982-05-05,10.61,10.61,10.61,10.61,1.26503,0,0,0
1982-05-06,10.61,10.61,10.61,10.61,1.26503,0,0,0
1982-05-07,10.61,10.61,10.61,10.61,1.26503,0,0,0
1982-05-10,10.61,10.61,10.61,10.61,1.26503,0,0,0
1982-05-11,10.61,10.61,10.61,10.61,1.26503,0,0,0
1982-05-12,10.61,10.61,10.61,10.61,1.26503,0,0,0
1982-05-13,10.61,10.61,10.61,10.61,1.26503,0,0,0
1982-05-14,10.61,10.61,10.61,10.61,1.26503,0,0,0
1982-05-17,10.61,10.61,10.61,10.61,1.26503,0,0,0
1982-05-18,10.61,10.61,10.61,10.61,1.26503,0,0,0
1982-05-19,10.61,10.61,10.61,10.61,1.26503,0,0,0
1982-05-20,10.61,10.61,10.61,10.61,1.26503,0,0,0
1982-05-21,10.61,10.61,10.61,10.61,1.26503,0,0,0
1982-05-24,10.61,10.61,10.61,10.61,1.26503,0,0,0
1982-05-25,10.61,10.61,10.61,10.61,1.26503,0,0,0
1982-05-26,10.61,10.61,10.61,10.61,1.26503,0,0,0
1982-05-27,10.61,10.61,10.61,10.61,1.26503,0,0,0
1982-05-28,10.59,10.59,10.59,10.59,1.26265,0,0,0
1982-06-01,10.59,10.59,10.59,10.59,1.26265,0,0,0
1982-06-02,10.59,10.59,10.59,10.59,1.26265,0,0,0
1982-06-03,10.59,10.59,10.59,10.59,1.26265,0,0,0
1982-06-04,10.59,10.59,10.59,10.59,1.26265,0,0,0
1982-06-07,10.59,10.59,10.59,10.59,1.26265,0,0,0
1982-06-08,10.59,10.59,10.59,10.59,1.26265,0,0,0
1982-06-09,10.59,10.59,10.59,10.59,1.26265,0,0,0
1982-06-10,10.59,10.59,10.59,10.59,1.26265,0,0,0
1982-06-11,10.59,10.59,10.59,10.59,1.26265,0,0,0
1982-06-14,10.59,10.59,10.59,10.59,1.26265,0,0,0
1982-06-15,10.59,10.59,10.59,10.59,1.26265,0,0,0
1982-06-16,10.59,10.59,10.59,10.59,1.26265,0,0,0
1982-06-17,10.59,10.59,10.59,10.59,1.26265,0,0,0
1982-06-18,10.59,10.59,10.59,10.59,1.26265,0,0,0
1982-06-21,10.59,10.59,10.59,10.59,1.26265,0,0,0
1982-06-22,10.59,10.59,10.59,10.59,1.26265,0,0,0
1982-06-23,10.59,10.59,10.59,10.59,1.26265,0,0,0
1982-06-24,10.59,10.59,10.59,10.59,1.26265,0,0,0
1982-06-25,10.59,10.59,10.59,10.59,1.26265,0,0,0
1982-06-28,10.59,10.59,10.59,10.59,1.26265,0,0,0
1982-06-29,10.59,10.59,10.59,10.59,1.26265,0,0,0
1982-06-30,10.79,10.79,10.79,10.79,1.28649,0,0,0
1982-07-01,10.79,10.79,10.79,10.79,1.28649,0,0,0
1982-07-02,10.79,10.79,10.79,10.79,1.28649,0,0,0
1982-07-06,10.79,10.79,10.79,10.79,1.28649,0,0,0
1982-07-07,10.79,10.79,10.79,10.79,1.28649,0,0,0
1982-07-08,10.79,10.79,10.79,10.79,1.28649,0,0,0
1982-07-09,10.79,10.79,10.79,10.79,1.28649,0,0,0
1982-07-12,10.79,10.79,10.79,10.79,1.28649,0,0,0
1982-07-13,10.79,10.79,10.79,10.79,1.28649,0,0,0
1982-07-14,10.79,10.79,10.79,10.79,1.28649,0,0,0
1982-07-15,10.79,10.79,10.79,10.79,1.28649,0,0,0
1982-07-16,10.79,10.79,10.79,10.79,1.28649,0,0,0
1982-07-19,10.79,10.79,10.79,10.79,1.28649,0,0,0
1982-07-20,10.79,10.79,10.79,10.79,1.28649,0,0,0
1982-07-21,10.79,10.79,10.79,10.79,1.28649,0,0,0
1982-07-22,10.79,10.79,10.79,10.79,1.28649,0,0,0
1982-07-23,10.79,10.79,10.79,10.79,1.28649,0,0,0
1982-07-26,10.79,10.79,10.79,10.79,1.28649,0,0,0
1982-07-27,10.79,10.79,10.79,10.79,1.28649,0,0,0
1982-07-28,10.79,10.79,10.79,10.79,1.28649,0,0,0
1982-07-29,10.79,10.79,10.79,10.79,1.28649,0,0,0
1982-07-30,10.81,10.81,10.81,10.81,1.28888,0,0,0
1982-08-02,10.81,10.81,10.81,10.81,1.28888,0,0,0
1982-08-03,10.81,10.81,10.81,10.81,1.28888,0,0,0
1982-08-04,10.81,10.81,10.81,10.81,1.28888,0,0,0
1982-08-05,10.81,10.81,10.81,10.81,1.28888,0,0,0
1982-08-06,10.81,10.81,10.81,10.81,1.28888,0,0,0
1982-08-09,10.81,10.81,10.81,10.81,1.28888,0,0,0
1982-08-10,10.81,10.81,10.81,10.81,1.28888,0,0,0
1982-08-11,10.81,10.81,10.81,10.81,1.28888,0,0,0
1982-08-12,10.81,10.81,10.81,10.81,1.28888,0,0,0
1982-08-13,10.81,10.81,10.81,10.81,1.28888,0,0,0
1982-08-16,10.81,10.81,10.81,10.81,1.28888,0,0,0
1982-08-17,10.81,10.81,10.81,10.81,1.28888,0,0,0
1982-08-18,10.81,10.81,10.81,10.81,1.28888,0,0,0
1982-08-19,10.81,10.81,10.81,10.81,1.28888,0,0,0
1982-08-20,10.81,10.81,10.81,10.81,1.28888,0,0,0
1982-08-23,10.81,10.81,10.81,10.81,1.28888,0,0,0
1982-08-24,10.81,10.81,10.81,10.81,1.28888,0,0,0
1982-08-25,10.81,10.81,10.81,10.81,1.28888,0,0,0
1982-08-26,10.81,10.81,10.81,10.81,1.28888,0,0,0
1982-08-27,10.81,10.81,10.81,10.81,1.28888,0,0,0
1982-08-30,10.81,10.81,10.81,10.81,1.28888,0,0,0
1982-08-31,11.19,11.19,11.19,11.19,1.33418,0,0,0
1982-09-01,11.19,11.19,11.19,11.19,1.33418,0,0,0
1982-09-02,11.19,11.19,11.19,11.19,1.33418,0,0,0
1982-09-03,11.19,11.19,11.19,11.19,1.33418,0,0,0
1982-09-07,11.19,11.19,11.19,11.19,1.33418,0,0,0
1982-09-08,11.19,11.19,11.19,11.19,1.33418,0,0,0
1982-09-09,11.19,11.19,11.19,11.19,1.33418,0,0,0
1982-09-10,11.19,11.19,11.19,11.19,1.33418,0,0,0
1982-09-13,11.19,11.19,11.19,11.19,1.33418,0,0,0
1982-09-14,11.19,11.19,11.19,11.19,1.33418,0,0,0
1982-09-15,11.19,11.19,11.19,11.19,1.33418,0,0,0
1982-09-16,11.19,11.19,11.19,11.19,1.33418,0,0,0
1982-09-17,11.19,11.19,11.19,11.19,1.33418,0,0,0
1982-09-20,11.19,11.19,11.19,11.19,1.33418,0,0,0
1982-09-21,11.19,11.19,11.19,11.19,1.33418,0,0,0
1982-09-22,11.19,11.19,11.19,11.19,1.33418,0,0,0
1982-09-23,11.19,11.19,11.19,11.19,1.33418,0,0,0
1982-09-24,11.19,11.19,11.19,11.19,1.33418,0,0,0
1982-09-27,11.19,11.19,11.19,11.19,1.33418,0,0,0
1982-09-28,11.19,11.19,11.19,11.19,1.33418,0,0,0
1982-09-29,11.19,11.19,11.19,11.19,1.33418,0,0,0
1982-09-30,11.69,11.69,11.69,11.69,1.3938,0,0,0
1982-10-01,11.69,11.69,11.69,11.69,1.3938,0,0,0
1982-10-04,11.69,11.69,11.69,11.69,1.3938,0,0,0
1982-10-05,11.69,11.69,11.69,11.69,1.3938,0,0,0
1982-10-06,11.69,11.69,11.69,11.69,1.3938,0,0,0
1982-10-07,11.69,11.69,11.69,11.69,1.3938,0,0,0
1982-10-08,11.69,11.69,11.69,11.69,1.3938,0,0,0
1982-10-11,11.69,11.69,11.69,11.69,1.3938,0,0,0
1982-10-12,11.69,11.69,11.69,11.69,1.3938,0,0,0
1982-10-13,11.69,11.69,11.69,11.69,1.3938,0,0,0
1982-10-14,11.69,11.69,11.69,11.69,1.3938,0,0,0
1982-10-15,11.69,11.69,11.69,11.69,1.3938,0,0,0
1982-10-18,11.69,11.69,11.69,11.69,1.3938,0,0,0
1982-10-19,11.69,11.69,11.69,11.69,1.3938,0,0,0
1982-10-20,11.69,11.69,11.69,11.69,1.3938,0,0,0
1982-10-21,11.69,11.69,11.69,11.69,1.3938,0,0,0
1982-10-22,11.69,11.69,11.69,11.69,1.3938,0,0,0
1982-10-25,11.69,11.69,11.69,11.69,1.3938,0,0,0
1982-10-26,11.69,11.69,11.69,11.69,1.3938,0,0,0
1982-10-27,11.69,11.69,11.69,11.69,1.3938,0,0,0
1982-10-28,11.69,11.69,11.69,11.69,1.3938,0,0,0
1982-10-29,11.99,11.99,11.99,11.99,1.42957,0,0,0
1982-11-01,11.99,11.99,11.99,11.99,1.42957,0,0,0
1982-11-02,11.99,11.99,11.99,11.99,1.42957,0,0,0
1982-11-03,11.99,11.99,11.99,11.99,1.42957,0,0,0
1982-11-04,11.99,11.99,11.99,11.99,1.42957,0,0,0
1982-11-05,11.99,11.99,11.99,11.99,1.42957,0,0,0
1982-11-08,11.99,11.99,11.99,11.99,1.42957,0,0,0
1982-11-09,11.99,11.99,11.99,11.99,1.42957,0,0,0
1982-11-10,11.99,11.99,11.99,11.99,1.42957,0,0,0
1982-11-11,11.99,11.99,11.99,11.99,1.42957,0,0,0
1982-11-12,11.99,11.99,11.99,11.99,1.42957,0,0,0
1982-11-15,11.99,11.99,11.99,11.99,1.42957,0,0,0
1982-11-16,11.99,11.99,11.99,11.99,1.42957,0,0,0
1982-11-17,11.99,11.99,11.99,11.99,1.42957,0,0,0
1982-11-18,11.99,11.99,11.99,11.99,1.42957,0,0,0
1982-11-19,11.99,11.99,11.99,11.99,1.42957,0,0,0
1982-11-22,11.99,11.99,11.99,11.99,1.42957,0,0,0
1982-11-23,11.99,11.99,11.99,11.99,1.42957,0,0,0
1982-11-24,11.99,11.99,11.99,11.99,1.42957,0,0,0
1982-11-26,11.99,11.99,11.99,11.99,1.42957,0,0,0
1982-11-29,11.99,11.99,11.99,11.99,1.42957,0,0,0
1982-11-30,12.01,12.01,12.01,12.01,1.43195,0,0,0
1982-12-01,12.01,12.01,12.01,12.01,1.43195,0,0,0
1982-12-02,12.01,12.01,12.01,12.01,1.43195,0,0,0
1982-12-03,12.01,12.01,12.01,12.01,1.43195,0,0,0
1982-12-06,12.01,12.01,12.01,12.01,1.43195,0,0,0
1982-12-07,12.01,12.01,12.01,12.01,1.43195,0,0,0
1982-12-08,12.01,12.01,12.01,12.01,1.43195,0,0,0
1982-12-09,12.01,12.01,12.01,12.01,1.43195,0,0,0
1982-12-10,12.01,12.01,12.01,12.01,1.43195,0,0,0
1982-12-13,12.01,12.01,12.01,12.01,1.43195,0,0,0
1982-12-14,12.01,12.01,12.01,12.01,1.43195,0,0,0
1982-12-15,12.01,12.01,12.01,12.01,1.43195,0,0,0
1982-12-16,12.01,12.01,12.01,12.01,1.43195,0,0,0
1982-12-17,12.01,12.01,12.01,12.01,1.43195,0,0,0
1982-12-20,12.01,12.01,12.01,12.01,1.43195,0,0,0
1982-12-21,12.01,12.01,12.01,12.01,1.43195,0,0,0
1982-12-22,12.01,12.01,12.01,12.01,1.43195,0,0,0
1982-12-23,12.01,12.01,12.01,12.01,1.43195,0,0,0
1982-12-27,12.01,12.01,12.01,12.01,1.43195,0,0,0
1982-12-28,12.01,12.01,12.01,12.01,1.43195,0,0,0
1982-12-29,12.01,12.01,12.01,12.01,1.43195,0,0,0
1982-12-30,12.01,12.01,12.01,12.01,1.43195,0,0,0
1982-12-31,12.14,12.14,12.14,12.14,1.44745,0,0,0
1983-01-03,12.14,12.14,12.14,12.14,1.44745,0,0,0
1983-01-04,12.14,12.14,12.14,12.14,1.44745,0,0,0
1983-01-05,12.14,12.14,12.14,12.14,1.44745,0,0,0
1983-01-06,12.14,12.14,12.14,12.14,1.44745,0,0,0
1983-01-07,12.14,12.14,12.14,12.14,1.44745,0,0,0
1983-01-10,12.14,12.14,12.14,12.14,1.44745,0,0,0
1983-01-11,12.14,12.14,12.14,12.14,1.44745,0,0,0
1983-01-12,12.14,12.14,12.14,12.14,1.44745,0,0,0
1983-01-13,12.14,12.14,12.14,12.14,1.44745,0,0,0
1983-01-14,12.14,12.14,12.14,12.14,1.44745,0,0,0
1983-01-17,12.14,12.14,12.14,12.14,1.44745,0,0,0
1983-01-18,12.14,12.14,12.14,12.14,1.44745,0,0,0
1983-01-19,12.14,12.14,12.14,12.14,1.44745,0,0,0
1983-01-20,12.14,12.14,12.14,12.14,1.44745,0,0,0
1983-01-21,12.14,12.14,12.14,12.14,1.44745,0,0,0
1983-01-24,12.14,12.14,12.14,12.14,1.44745,0,0,0
1983-01-25,12.14,12.14,12.14,12.14,1.44745,0,0,0
1983-01-26,12.14,12.14,12.14,12.14,1.44745,0,0,0
1983-01-27,12.14,12.14,12.14,12.14,1.44745,0,0,0
1983-01-28,12.14,12.14,12.14,12.14,1.44745,0,0,0
1983-01-31,12.2,12.2,12.2,12.2,1.4546,0,0,0
1983-02-01,12.2,12.2,12.2,12.2,1.4546,0,0,0
1983-02-02,12.2,12.2,12.2,12.2,1.4546,0,0,0
1983-02-03,12.2,12.2,12.2,12.2,1.4546,0,0,0
1983-02-04,12.2,12.2,12.2,12.2,1.4546,0,0,0
1983-02-07,12.2,12.2,12.2,12.2,1.4546,0,0,0
1983-02-08,12.2,12.2,12.2,12.2,1.4546,0,0,0
1983-02-09,12.2,12.2,12.2,12.2,1.4546,0,0,0
1983-02-10,12.2,12.2,12.2,12.2,1.4546,0,0,0
1983-02-11,12.2,12.2,12.2,12.2,1.4546,0,0,0
1983-02-14,12.2,12.2,12.2,12.2,1.4546,0,0,0
1983-02-15,12.2,12.2,12.2,12.2,1.4546,0,0,0
1983-02-16,12.2,12.2,12.2,12.2,1.4546,0,0,0
1983-02-17,12.2,12.2,12.2,12.2,1.4546,0,0,0
1983-02-18,12.2,12.2,12.2,12.2,1.4546,0,0,0
1983-02-22,12.2,12.2,12.2,12.2,1.4546,0,0,0
1983-02-23,12.2,12.2,12.2,12.2,1.4546,0,0,0
1983-02-24,12.2,12.2,12.2,12.2,1.4546,0,0,0
1983-02-25,12.2,12.2,12.2,12.2,1.4546,0,0,0
1983-02-28,12.49,12.49,12.49,12.49,1.48918,0,0,0
1983-03-01,12.49,12.49,12.49,12.49,1.48918,0,0,0
1983-03-02,12.49,12.49,12.49,12.49,1.48918,0,0,0
1983-03-03,12.49,12.49,12.49,12.49,1.48918,0,0,0
1983-03-04,12.49,12.49,12.49,12.49,1.48918,0,0,0
1983-03-07,12.49,12.49,12.49,12.49,1.48918,0,0,0
1983-03-08,12.49,12.49,12.49,12.49,1.48918,0,0,0
1983-03-09,12.49,12.49,12.49,12.49,1.48918,0,0,0
1983-03-10,12.49,12.49,12.49,12.49,1.48918,0,0,0
1983-03-11,12.49,12.49,12.49,12.49,1.48918,0,0,0
1983-03-14,12.49,12.49,12.49,12.49,1.48918,0,0,0
1983-03-15,12.49,12.49,12.49,12.49,1.48918,0,0,0
1983-03-16,12.49,12.49,12.49,12.49,1.48918,0,0,0
1983-03-17,12.49,12.49,12.49,12.49,1.48918,0,0,0
1983-03-18,12.49,12.49,12.49,12.49,1.48918,0,0,0
1983-03-21,12.49,12.49,12.49,12.49,1.48918,0,0,0
1983-03-22,12.49,12.49,12.49,12.49,1.48918,0,0,0
1983-03-23,12.49,12.49,12.49,12.49,1.48918,0,0,0
1983-03-24,12.49,12.49,12.49,12.49,1.48918,0,0,0
1983-03-25,12.49,12.49,12.49,12.49,1.48918,0,0,0
1983-03-28,12.49,12.49,12.49,12.49,1.48918,0,0,0
1983-03-29,12.49,12.49,12.49,12.49,1.48918,0,0,0
1983-03-30,12.49,12.49,12.49,12.49,1.48918,0,0,0
1983-03-31,12.79,12.79,12.79,12.79,1.52495,0,0,0
1983-04-04,12.79,12.79,12.79,12.79,1.52495,0,0,0
1983-04-05,12.79,12.79,12.79,12.79,1.52495,0,0,0
1983-04-06,12.79,12.79,12.79,12.79,1.52495,0,0,0
1983-04-07,12.79,12.79,12.79,12.79,1.52495,0,0,0
1983-04-08,12.79,12.79,12.79,12.79,1.52495,0,0,0
1983-04-11,12.79,12.79,12.79,12.79,1.52495,0,0,0
1983-04-12,12.79,12.79,12.79,12.79,1.52495,0,0,0
1983-04-13,12.79,12.79,12.79,12.79,1.52495,0,0,0
1983-04-14,12.79,12.79,12.79,12.79,1.52495,0,0,0
1983-04-15,12.79,12.79,12.79,12.79,1.52495,0,0,0
1983-04-18,12.79,12.79,12.79,12.79,1.52495,0,0,0
1983-04-19,12.79,12.79,12.79,12.79,1.52495,0,0,0
1983-04-20,12.79,12.79,12.79,12.79,1.52495,0,0,0
1983-04-21,12.79,12.79,12.79,12.79,1.52495,0,0,0
1983-04-22,12.79,12.79,12.79,12.79,1.52495,0,0,0
1983-04-25,12.79,12.79,12.79,12.79,1.52495,0,0,0
1983-04-26,12.79,12.79,12.79,12.79,1.52495,0,0,0
1983-04-27,12.79,12.79,12.79,12.79,1.52495,0,0,0
1983-04-28,12.79,12.79,12.79,12.79,1.52495,0,0,0
1983-04-29,13.2,13.2,13.2,13.2,1.57384,0,0,0
1983-05-02,13.2,13.2,13.2,13.2,1.57384,0,0,0
1983-05-03,13.2,13.2,13.2,13.2,1.57384,0,0,0
1983-05-04,13.2,13.2,13.2,13.2,1.57384,0,0,0
1983-05-05,13.2,13.2,13.2,13.2,1.57384,0,0,0
1983-05-06,13.2,13.2,13.2,13.2,1.57384,0,0,0
1983-05-09,13.2,13.2,13.2,13.2,1.57384,0,0,0
1983-05-10,13.2,13.2,13.2,13.2,1.57384,0,0,0
1983-05-11,13.2,13.2,13.2,13.2,1.57384,0,0,0
1983-05-12,13.2,13.2,13.2,13.2,1.57384,0,0,0
1983-05-13,13.2,13.2,13.2,13.2,1.57384,0,0,0
1983-05-16,13.2,13.2,13.2,13.2,1.57384,0,0,0
1983-05-17,13.2,13.2,13.2,13.2,1.57384,0,0,0
1983-05-18,13.2,13.2,13.2,13.2,1.57384,0,0,0
1983-05-19,13.2,13.2,13.2,13.2,1.57384,0,0,0
1983-05-20,13.2,13.2,13.2,13.2,1.57384,0,0,0
1983-05-23,13.2,13.2,13.2,13.2,1.57384,0,0,0
1983-05-24,13.2,13.2,13.2,13.2,1.57384,0,0,0
1983-05-25,13.2,13.2,13.2,13.2,1.57384,0,0,0
1983-05-26,13.2,13.2,13.2,13.2,1.57384,0,0,0
1983-05-27,13.2,13.2,13.2,13.2,1.57384,0,0,0
1983-05-31,13.39,13.39,13.39,13.39,1.59649,0,0,0
1983-06-01,13.39,13.39,13.39,13.39,1.59649,0,0,0
1983-06-02,13.39,13.39,13.39,13.39,1.59649,0,0,0
1983-06-03,13.39,13.39,13.39,13.39,1.59649,0,0,0
1983-06-06,13.39,13.39,13.39,13.39,1.59649,0,0,0
1983-06-07,13.39,13.39,13.39,13.39,1.59649,0,0,0
1983-06-08,13.39,13.39,13.39,13.39,1.59649,0,0,0
1983-06-09,13.39,13.39,13.39,13.39,1.59649,0,0,0
1983-06-10,13.39,13.39,13.39,13.39,1.59649,0,0,0
1983-06-13,13.39,13.39,13.39,13.39,1.59649,0,0,0
1983-06-14,13.39,13.39,13.39,13.39,1.59649,0,0,0
1983-06-15,13.39,13.39,13.39,13.39,1.59649,0,0,0
1983-06-16,13.39,13.39,13.39,13.39,1.59649,0,0,0
1983-06-17,13.39,13.39,13.39,13.39,1.59649,0,0,0
1983-06-20,13.39,13.39,13.39,13.39,1.59649,0,0,0
1983-06-21,13.39,13.39,13.39,13.39,1.59649,0,0,0
1983-06-22,13.39,13.39,13.39,13.39,1.59649,0,0,0
1983-06-23,13.39,13.39,13.39,13.39,1.59649,0,0,0
1983-06-24,13.39,13.39,13.39,13.39,1.59649,0,0,0
1983-06-27,13.39,13.39,13.39,13.39,1.59649,0,0,0
1983-06-28,13.39,13.39,13.39,13.39,1.59649,0,0,0
1983-06-29,13.39,13.39,13.39,13.39,1.59649,0,0,0
1983-06-30,13.11,13.11,13.11,13.11,1.5631,0,0,0
1983-07-01,13.11,13.11,13.11,13.11,1.5631,0,0,0
1983-07-05,13.11,13.11,13.11,13.11,1.5631,0,0,0
1983-07-06,13.11,13.11,13.11,13.11,1.5631,0,0,0
1983-07-07,13.11,13.11,13.11,13.11,1.5631,0,0,0
1983-07-08,13.11,13.11,13.11,13.11,1.5631,0,0,0
1983-07-11,13.11,13.11,13.11,13.11,1.5631,0,0,0
1983-07-12,13.11,13.11,13.11,13.11,1.5631,0,0,0
1983-07-13,13.11,13.11,13.11,13.11,1.5631,0,0,0
1983-07-14,13.11,13.11,13.11,13.11,1.5631,0,0,0
1983-07-15,13.11,13.11,13.11,13.11,1.5631,0,0,0
1983-07-18,13.11,13.11,13.11,13.11,1.5631,0,0,0
1983-07-19,13.11,13.11,13.11,13.11,1.5631,0,0,0
1983-07-20,13.11,13.11,13.11,13.11,1.5631,0,0,0
1983-07-21,13.11,13.11,13.11,13.11,1.5631,0,0,0
1983-07-22,13.11,13.11,13.11,13.11,1.5631,0,0,0
1983-07-25,13.11,13.11,13.11,13.11,1.5631,0,0,0
1983-07-26,13.11,13.11,13.11,13.11,1.5631,0,0,0
1983-07-27,13.11,13.11,13.11,13.11,1.5631,0,0,0
1983-07-28,13.11,13.11,13.11,13.11,1.5631,0,0,0
1983-07-29,13.34,13.34,13.34,13.34,1.59053,0,0,0
1983-08-01,13.34,13.34,13.34,13.34,1.59053,0,0,0
1983-08-02,13.34,13.34,13.34,13.34,1.59053,0,0,0
1983-08-03,13.34,13.34,13.34,13.34,1.59053,0,0,0
1983-08-04,13.34,13.34,13.34,13.34,1.59053,0,0,0
1983-08-05,13.34,13.34,13.34,13.34,1.59053,0,0,0
1983-08-08,13.34,13.34,13.34,13.34,1.59053,0,0,0
1983-08-09,13.34,13.34,13.34,13.34,1.59053,0,0,0
1983-08-10,13.34,13.34,13.34,13.34,1.59053,0,0,0
1983-08-11,13.34,13.34,13.34,13.34,1.59053,0,0,0
1983-08-12,13.34,13.34,13.34,13.34,1.59053,0,0,0
1983-08-15,13.34,13.34,13.34,13.34,1.59053,0,0,0
1983-08-16,13.34,13.34,13.34,13.34,1.59053,0,0,0
1983-08-17,13.34,13.34,13.34,13.34,1.59053,0,0,0
1983-08-18,13.34,13.34,13.34,13.34,1.59053,0,0,0
1983-08-19,13.34,13.34,13.34,13.34,1.59053,0,0,0
1983-08-22,13.34,13.34,13.34,13.34,1.59053,0,0,0
1983-08-23,13.34,13.34,13.34,13.34,1.59053,0,0,0
1983-08-24,13.34,13.34,13.34,13.34,1.59053,0,0,0
1983-08-25,13.34,13.34,13.34,13.34,1.59053,0,0,0
1983-08-26,13.34,13.34,13.34,13.34,1.59053,0,0,0
1983-08-29,13.34,13.34,13.34,13.34,1.59053,0,0,0
1983-08-30,13.34,13.34,13.34,13.34,1.59053,0,0,0
1983-08-31,13.61,13.61,13.61,13.61,1.62272,0,0,0
1983-09-01,13.61,13.61,13.61,13.61,1.62272,0,0,0
1983-09-02,13.61,13.61,13.61,13.61,1.62272,0,0,0
1983-09-06,13.61,13.61,13.61,13.61,1.62272,0,0,0
1983-09-07,13.61,13.61,13.61,13.61,1.62272,0,0,0
1983-09-08,13.61,13.61,13.61,13.61,1.62272,0,0,0
1983-09-09,13.61,13.61,13.61,13.61,1.62272,0,0,0
1983-09-12,13.61,13.61,13.61,13.61,1.62272,0,0,0
1983-09-13,13.61,13.61,13.61,13.61,1.62272,0,0,0
1983-09-14,13.61,13.61,13.61,13.61,1.62272,0,0,0
1983-09-15,13.61,13.61,13.61,13.61,1.62272,0,0,0
1983-09-16,13.61,13.61,13.61,13.61,1.62272,0,0,0
1983-09-19,13.61,13.61,13.61,13.61,1.62272,0,0,0
1983-09-20,13.61,13.61,13.61,13.61,1.62272,0,0,0
1983-09-21,13.61,13.61,13.61,13.61,1.62272,0,0,0
1983-09-22,13.61,13.61,13.61,13.61,1.62272,0,0,0
1983-09-23,13.61,13.61,13.61,13.61,1.62272,0,0,0
1983-09-26,13.61,13.61,13.61,13.61,1.62272,0,0,0
1983-09-27,13.61,13.61,13.61,13.61,1.62272,0,0,0
1983-09-28,13.61,13.61,13.61,13.61,1.62272,0,0,0
1983-09-29,13.61,13.61,13.61,13.61,1.62272,0,0,0
1983-09-30,14.31,14.31,14.31,14.31,1.70618,0,0,0
1983-10-03,14.31,14.31,14.31,14.31,1.70618,0,0,0
1983-10-04,14.31,14.31,14.31,14.31,1.70618,0,0,0
1983-10-05,14.31,14.31,14.31,14.31,1.70618,0,0,0
1983-10-06,14.31,14.31,14.31,14.31,1.70618,0,0,0
1983-10-07,14.31,14.31,14.31,14.31,1.70618,0,0,0
1983-10-10,14.31,14.31,14.31,14.31,1.70618,0,0,0
1983-10-11,14.31,14.31,14.31,14.31,1.70618,0,0,0
1983-10-12,14.31,14.31,14.31,14.31,1.70618,0,0,0
1983-10-13,14.31,14.31,14.31,14.31,1.70618,0,0,0
1983-10-14,14.31,14.31,14.31,14.31,1.70618,0,0,0
1983-10-17,14.31,14.31,14.31,14.31,1.70618,0,0,0
1983-10-18,14.31,14.31,14.31,14.31,1.70618,0,0,0
1983-10-19,14.31,14.31,14.31,14.31,1.70618,0,0,0
1983-10-20,14.31,14.31,14.31,14.31,1.70618,0,0,0
1983-10-21,14.31,14.31,14.31,14.31,1.70618,0,0,0
1983-10-24,14.31,14.31,14.31,14.31,1.70618,0,0,0
1983-10-25,14.31,14.31,14.31,14.31,1.70618,0,0,0
1983-10-26,14.31,14.31,14.31,14.31,1.70618,0,0,0
1983-10-27,14.31,14.31,14.31,14.31,1.70618,0,0,0
1983-10-28,14.31,14.31,14.31,14.31,1.70618,0,0,0
1983-10-31,14.96,14.96,14.96,14.96,1.78368,0,0,0
1983-11-01,14.96,14.96,14.96,14.96,1.78368,0,0,0
1983-11-02,14.96,14.96,14.96,14.96,1.78368,0,0,0
1983-11-03,14.96,14.96,14.96,14.96,1.78368,0,0,0
1983-11-04,14.96,14.96,14.96,14.96,1.78368,0,0,0
1983-11-07,14.96,14.96,14.96,14.96,1.78368,0,0,0
1983-11-08,14.96,14.96,14.96,14.96,1.78368,0,0,0
1983-11-09,14.96,14.96,14.96,14.96,1.78368,0,0,0
1983-11-10,14.96,14.96,14.96,14.96,1.78368,0,0,0
1983-11-11,14.96,14.96,14.96,14.96,1.78368,0,0,0
1983-11-14,14.96,14.96,14.96,14.96,1.78368,0,0,0
1983-11-15,14.96,14.96,14.96,14.96,1.78368,0,0,0
1983-11-16,14.96,14.96,14.96,14.96,1.78368,0,0,0
1983-11-17,14.96,14.96,14.96,14.96,1.78368,0,0,0
1983-11-18,14.96,14.96,14.96,14.96,1.78368,0,0,0
1983-11-21,14.96,14.96,14.96,14.96,1.78368,0,0,0
1983-11-22,14.96,14.96,14.96,14.96,1.78368,0,0,0
1983-11-23,14.96,14.96,14.96,14.96,1.78368,0,0,0
1983-11-25,14.96,14.96,14.96,14.96,1.78368,0,0,0
1983-11-28,14.96,14.96,14.96,14.96,1.78368,0,0,0
1983-11-29,14.96,14.96,14.96,14.96,1.78368,0,0,0
1983-11-30,14.92,14.92,14.92,14.92,1.77891,0,0,0
1983-12-01,14.92,14.92,14.92,14.92,1.77891,0,0,0
1983-12-02,14.92,14.92,14.92,14.92,1.77891,0,0,0
1983-12-05,14.92,14.92,14.92,14.92,1.77891,0,0,0
1983-12-06,14.92,14.92,14.92,14.92,1.77891,0,0,0
1983-12-07,14.92,14.92,14.92,14.92,1.77891,0,0,0
1983-12-08,14.92,14.92,14.92,14.92,1.77891,0,0,0
1983-12-09,14.92,14.92,14.92,14.92,1.77891,0,0,0
1983-12-12,14.92,14.92,14.92,14.92,1.77891,0,0,0
1983-12-13,14.92,14.92,14.92,14.92,1.77891,0,0,0
1983-12-14,14.92,14.92,14.92,14.92,1.77891,0,0,0
1983-12-15,14.92,14.92,14.92,14.92,1.77891,0,0,0
1983-12-16,14.92,14.92,14.92,14.92,1.77891,0,0,0
1983-12-19,14.92,14.92,14.92,14.92,1.77891,0,0,0
1983-12-20,14.92,14.92,14.92,14.92,1.77891,0,0,0
1983-12-21,14.92,14.92,14.92,14.92,1.77891,0,0,0
1983-12-22,14.92,14.92,14.92,14.92,1.77891,0,0,0
1983-12-23,14.92,14.92,14.92,14.92,1.77891,0,0,0
1983-12-27,14.92,14.92,14.92,14.92,1.77891,0,0,0
1983-12-28,14.92,14.92,14.92,14.92,1.77891,0,0,0
1983-12-29,14.92,14.92,14.92,14.92,1.77891,0,0,0
1983-12-30,14.57,14.57,14.57,14.57,1.73718,0,0,0
1984-01-03,14.57,14.57,14.57,14.57,1.73718,0,0,0
1984-01-04,14.57,14.57,14.57,14.57,1.73718,0,0,0
1984-01-05,14.57,14.57,14.57,14.57,1.73718,0,0,0
1984-01-06,14.57,14.57,14.57,14.57,1.73718,0,0,0
1984-01-09,14.57,14.57,14.57,14.57,1.73718,0,0,0
1984-01-10,14.57,14.57,14.57,14.57,1.73718,0,0,0
1984-01-11,14.57,14.57,14.57,14.57,1.73718,0,0,0
1984-01-12,14.57,14.57,14.57,14.57,1.73718,0,0,0
1984-01-13,14.57,14.57,14.57,14.57,1.73718,0,0,0
1984-01-16,14.57,14.57,14.57,14.57,1.73718,0,0,0
1984-01-17,14.57,14.57,14.57,14.57,1.73718,0,0,0
1984-01-18,14.57,14.57,14.57,14.57,1.73718,0,0,0
1984-01-19,14.57,14.57,14.57,14.57,1.73718,0,0,0
1984-01-20,14.57,14.57,14.57,14.57,1.73718,0,0,0
1984-01-23,14.57,14.57,14.57,14.57,1.73718,0,0,0
1984-01-24,14.57,14.57,14.57,14.57,1.73718,0,0,0
1984-01-25,14.57,14.57,14.57,14.57,1.73718,0,0,0
1984-01-26,14.57,14.57,14.57,14.57,1.73718,0,0,0
1984-01-27,14.57,14.57,14.57,14.57,1.73718,0,0,0
1984-01-30,14.62,14.62,14.62,14.62,1.74674,0,0.03,0
1984-01-31,14.64,14.64,14.64,14.64,1.74913,0,0,0
1984-02-01,14.64,14.64,14.64,14.64,1.74913,0,0,0
1984-02-02,14.64,14.64,14.64,14.64,1.74913,0,0,0
1984-02-03,14.64,14.64,14.64,14.64,1.74913,0,0,0
1984-02-06,14.64,14.64,14.64,14.64,1.74913,0,0,0
1984-02-07,14.64,14.64,14.64,14.64,1.74913,0,0,0
1984-02-08,14.64,14.64,14.64,14.64,1.74913,0,0,0
1984-02-09,14.64,14.64,14.64,14.64,1.74913,0,0,0
1984-02-10,14.64,14.64,14.64,14.64,1.74913,0,0,0
1984-02-13,14.64,14.64,14.64,14.64,1.74913,0,0,0
1984-02-14,14.64,14.64,14.64,14.64,1.74913,0,0,0
1984-02-15,14.64,14.64,14.64,14.64,1.74913,0,0,0
1984-02-16,14.64,14.64,14.64,14.64,1.74913,0,0,0
1984-02-17,14.64,14.64,14.64,14.64,1.74913,0,0,0
1984-02-21,14.64,14.64,14.64,14.64,1.74913,0,0,0
1984-02-22,14.64,14.64,14.64,14.64,1.74913,0,0,0
1984-02-23,14.64,14.64,14.64,14.64,1.74913,0,0,0
1984-02-24,14.64,14.64,14.64,14.64,1.74913,0,0,0
1984-02-27,14.64,14.64,14.64,14.64,1.74913,0,0,0
1984-02-28,14.64,14.64,14.64,14.64,1.74913,0,0,0
1984-02-29,14.02,14.02,14.02,14.02,1.67505,0,0,0
1984-03-01,14.02,14.02,14.02,14.02,1.67505,0,0,0
1984-03-02,14.02,14.02,14.02,14.02,1.67505,0,0,0
1984-03-05,14.02,14.02,14.02,14.02,1.67505,0,0,0
1984-03-06,14.02,14.02,14.02,14.02,1.67505,0,0,0
1984-03-07,14.02,14.02,14.02,14.02,1.67505,0,0,0
1984-03-08,14.02,14.02,14.02,14.02,1.67505,0,0,0
1984-03-09,14.02,14.02,14.02,14.02,1.67505,0,0,0
1984-03-12,14.02,14.02,14.02,14.02,1.67505,0,0,0
1984-03-13,14.02,14.02,14.02,14.02,1.67505,0,0,0
1984-03-14,14.02,14.02,14.02,14.02,1.67505,0,0,0
1984-03-15,14.02,14.02,14.02,14.02,1.67505,0,0,0
1984-03-16,14.02,14.02,14.02,14.02,1.67505,0,0,0
1984-03-19,14.02,14.02,14.02,14.02,1.67505,0,0,0
1984-03-20,14.02,14.02,14.02,14.02,1.67505,0,0,0
1984-03-21,14.02,14.02,14.02,14.02,1.67505,0,0,0
1984-03-22,14.02,14.02,14.02,14.02,1.67505,0,0,0
1984-03-23,14.02,14.02,14.02,14.02,1.67505,0,0,0
1984-03-26,14.02,14.02,14.02,14.02,1.67505,0,0,0
1984-03-27,14.02,14.02,14.02,14.02,1.67505,0,0,0
1984-03-28,14.02,14.02,14.02,14.02,1.67505,0,0,0
1984-03-29,14.02,14.02,14.02,14.02,1.67505,0,0,0
1984-03-30,14.06,14.06,14.06,14.06,1.67983,0,0,0
1984-04-02,14.06,14.06,14.06,14.06,1.67983,0,0,0
1984-04-03,14.06,14.06,14.06,14.06,1.67983,0,0,0
1984-04-04,14.06,14.06,14.06,14.06,1.67983,0,0,0
1984-04-05,14.06,14.06,14.06,14.06,1.67983,0,0,0
1984-04-06,14.06,14.06,14.06,14.06,1.67983,0,0,0
1984-04-09,14.06,14.06,14.06,14.06,1.67983,0,0,0
1984-04-10,14.06,14.06,14.06,14.06,1.67983,0,0,0
1984-04-11,14.06,14.06,14.06,14.06,1.67983,0,0,0
1984-04-12,14.06,14.06,14.06,14.06,1.67983,0,0,0
1984-04-13,14.06,14.06,14.06,14.06,1.67983,0,0,0
1984-04-16,14.06,14.06,14.06,14.06,1.67983,0,0,0
1984-04-17,14.06,14.06,14.06,14.06,1.67983,0,0,0
1984-04-18,14.06,14.06,14.06,14.06,1.67983,0,0,0
1984-04-19,14.06,14.06,14.06,14.06,1.67983,0,0,0
1984-04-23,14.06,14.06,14.06,14.06,1.67983,0,0,0
1984-04-24,14.06,14.06,14.06,14.06,1.67983,0,0,0
1984-04-25,14.06,14.06,14.06,14.06,1.67983,0,0,0
1984-04-26,14.06,14.06,14.06,14.06,1.67983,0,0,0
1984-04-27,14.06,14.06,14.06,14.06,1.67983,0,0,0
1984-04-30,14.3,14.3,14.3,14.3,1.70851,0,0,0
1984-05-01,14.3,14.3,14.3,14.3,1.70851,0,0,0
1984-05-02,14.3,14.3,14.3,14.3,1.70851,0,0,0
1984-05-03,14.3,14.3,14.3,14.3,1.70851,0,0,0
1984-05-04,14.3,14.3,14.3,14.3,1.70851,0,0,0
1984-05-07,14.3,14.3,14.3,14.3,1.70851,0,0,0
1984-05-08,14.3,14.3,14.3,14.3,1.70851,0,0,0
1984-05-09,14.3,14.3,14.3,14.3,1.70851,0,0,0
1984-05-10,14.3,14.3,14.3,14.3,1.70851,0,0,0
1984-05-11,14.3,14.3,14.3,14.3,1.70851,0,0,0
1984-05-14,14.3,14.3,14.3,14.3,1.70851,0,0,0
1984-05-15,14.3,14.3,14.3,14.3,1.70851,0,0,0
1984-05-16,14.3,14.3,14.3,14.3,1.70851,0,0,0
1984-05-17,14.3,14.3,14.3,14.3,1.70851,0,0,0
1984-05-18,14.3,14.3,14.3,14.3,1.70851,0,0,0
1984-05-21,14.3,14.3,14.3,14.3,1.70851,0,0,0
1984-05-22,14.3,14.3,14.3,14.3,1.70851,0,0,0
1984-05-23,14.3,14.3,14.3,14.3,1.70851,0,0,0
1984-05-24,14.3,14.3,14.3,14.3,1.70851,0,0,0
1984-05-25,14.3,14.3,14.3,14.3,1.70851,0,0,0
1984-05-29,14.3,14.3,14.3,14.3,1.70851,0,0,0
1984-05-30,14.3,14.3,14.3,14.3,1.70851,0,0,0
1984-05-31,14.07,14.07,14.07,14.07,1.68103,0,0,0
1984-06-01,14.07,14.07,14.07,14.07,1.68103,0,0,0
1984-06-04,14.07,14.07,14.07,14.07,1.68103,0,0,0
1984-06-05,14.07,14.07,14.07,14.07,1.68103,0,0,0
1984-06-06,14.07,14.07,14.07,14.07,1.68103,0,0,0
1984-06-07,14.07,14.07,14.07,14.07,1.68103,0,0,0
1984-06-08,14.07,14.07,14.07,14.07,1.68103,0,0,0
1984-06-11,14.07,14.07,14.07,14.07,1.68103,0,0,0
1984-06-12,14.07,14.07,14.07,14.07,1.68103,0,0,0
1984-06-13,14.07,14.07,14.07,14.07,1.68103,0,0,0
1984-06-14,14.07,14.07,14.07,14.07,1.68103,0,0,0
1984-06-15,14.07,14.07,14.07,14.07,1.68103,0,0,0
1984-06-18,14.07,14.07,14.07,14.07,1.68103,0,0,0
1984-06-19,14.07,14.07,14.07,14.07,1.68103,0,0,0
1984-06-20,14.07,14.07,14.07,14.07,1.68103,0,0,0
1984-06-21,14.07,14.07,14.07,14.07,1.68103,0,0,0
1984-06-22,14.07,14.07,14.07,14.07,1.68103,0,0,0
1984-06-25,14.17,14.17,14.17,14.17,1.71739,0,0.2,0
1984-06-26,14.17,14.17,14.17,14.17,1.71739,0,0,0
1984-06-27,14.17,14.17,14.17,14.17,1.71739,0,0,0
1984-06-28,14.17,14.17,14.17,14.17,1.71739,0,0,0
1984-06-29,14.17,14.17,14.17,14.17,1.71739,0,0,0
1984-07-02,14.17,14.17,14.17,14.17,1.71739,0,0,0
1984-07-03,14.17,14.17,14.17,14.17,1.71739,0,0,0
1984-07-05,14.17,14.17,14.17,14.17,1.71739,0,0,0
1984-07-06,14.17,14.17,14.17,14.17,1.71739,0,0,0
1984-07-09,14.17,14.17,14.17,14.17,1.71739,0,0,0
1984-07-10,14.17,14.17,14.17,14.17,1.71739,0,0,0
1984-07-11,14.17,14.17,14.17,14.17,1.71739,0,0,0
1984-07-12,14.17,14.17,14.17,14.17,1.71739,0,0,0
1984-07-13,14.17,14.17,14.17,14.17,1.71739,0,0,0
1984-07-16,14.17,14.17,14.17,14.17,1.71739,0,0,0
1984-07-17,14.17,14.17,14.17,14.17,1.71739,0,0,0
1984-07-18,14.17,14.17,14.17,14.17,1.71739,0,0,0
1984-07-19,14.17,14.17,14.17,14.17,1.71739,0,0,0
1984-07-20,14.17,14.17,14.17,14.17,1.71739,0,0,0
1984-07-23,14.17,14.17,14.17,14.17,1.71739,0,0,0
1984-07-24,14.17,14.17,14.17,14.17,1.71739,0,0,0
1984-07-25,14.17,14.17,14.17,14.17,1.71739,0,0,0
1984-07-26,14.17,14.17,14.17,14.17,1.71739,0,0,0
1984-07-27,14.17,14.17,14.17,14.17,1.71739,0,0,0
1984-07-30,14.17,14.17,14.17,14.17,1.71739,0,0,0
1984-07-31,14.43,14.43,14.43,14.43,1.7489,0,0,0
1984-08-01,14.43,14.43,14.43,14.43,1.7489,0,0,0
1984-08-02,14.43,14.43,14.43,14.43,1.7489,0,0,0
1984-08-03,14.43,14.43,14.43,14.43,1.7489,0,0,0
1984-08-06,14.43,14.43,14.43,14.43,1.7489,0,0,0
1984-08-07,14.43,14.43,14.43,14.43,1.7489,0,0,0
1984-08-08,14.43,14.43,14.43,14.43,1.7489,0,0,0
1984-08-09,14.43,14.43,14.43,14.43,1.7489,0,0,0
1984-08-10,14.43,14.43,14.43,14.43,1.7489,0,0,0
1984-08-13,14.43,14.43,14.43,14.43,1.7489,0,0,0
1984-08-14,14.43,14.43,14.43,14.43,1.7489,0,0,0
1984-08-15,14.43,14.43,14.43,14.43,1.7489,0,0,0
1984-08-16,14.43,14.43,14.43,14.43,1.7489,0,0,0
1984-08-17,14.43,14.43,14.43,14.43,1.7489,0,0,0
1984-08-20,14.43,14.43,14.43,14.43,1.7489,0,0,0
1984-08-21,14.43,14.43,14.43,14.43,1.7489,0,0,0
1984-08-22,14.43,14.43,14.43,14.43,1.7489,0,0,0
1984-08-23,14.43,14.43,14.43,14.43,1.7489,0,0,0
1984-08-24,14.43,14.43,14.43,14.43,1.7489,0,0,0
1984-08-27,14.43,14.43,14.43,14.43,1.7489,0,0,0
1984-08-28,14.43,14.43,14.43,14.43,1.7489,0,0,0
1984-08-29,14.43,14.43,14.43,14.43,1.7489,0,0,0
1984-08-30,14.43,14.43,14.43,14.43,1.7489,0,0,0
1984-08-31,15.27,15.27,15.27,15.27,1.85071,0,0,0
1984-09-04,15.27,15.27,15.27,15.27,1.85071,0,0,0
1984-09-05,15.27,15.27,15.27,15.27,1.85071,0,0,0
1984-09-06,15.27,15.27,15.27,15.27,1.85071,0,0,0
1984-09-07,15.27,15.27,15.27,15.27,1.85071,0,0,0
1984-09-10,15.27,15.27,15.27,15.27,1.85071,0,0,0
1984-09-11,15.27,15.27,15.27,15.27,1.85071,0,0,0
1984-09-12,15.27,15.27,15.27,15.27,1.85071,0,0,0
1984-09-13,15.27,15.27,15.27,15.27,1.85071,0,0,0
1984-09-14,15.27,15.27,15.27,15.27,1.85071,0,0,0
1984-09-17,15.27,15.27,15.27,15.27,1.85071,0,0,0
1984-09-18,15.27,15.27,15.27,15.27,1.85071,0,0,0
1984-09-19,15.27,15.27,15.27,15.27,1.85071,0,0,0
1984-09-20,15.27,15.27,15.27,15.27,1.85071,0,0,0
1984-09-21,15.27,15.27,15.27,15.27,1.85071,0,0,0
1984-09-24,15.27,15.27,15.27,15.27,1.85071,0,0,0
1984-09-25,15.27,15.27,15.27,15.27,1.85071,0,0,0
1984-09-26,15.27,15.27,15.27,15.27,1.85071,0,0,0
1984-09-27,15.27,15.27,15.27,15.27,1.85071,0,0,0
1984-09-28,15.9,15.9,15.9,15.9,1.92706,0,0,0
1984-10-01,15.9,15.9,15.9,15.9,1.92706,0,0,0
1984-10-02,15.9,15.9,15.9,15.9,1.92706,0,0,0
1984-10-03,15.9,15.9,15.9,15.9,1.92706,0,0,0
1984-10-04,15.9,15.9,15.9,15.9,1.92706,0,0,0
1984-10-05,15.9,15.9,15.9,15.9,1.92706,0,0,0
1984-10-08,15.9,15.9,15.9,15.9,1.92706,0,0,0
1984-10-09,15.9,15.9,15.9,15.9,1.92706,0,0,0
1984-10-10,15.9,15.9,15.9,15.9,1.92706,0,0,0
1984-10-11,15.9,15.9,15.9,15.9,1.92706,0,0,0
1984-10-12,15.9,15.9,15.9,15.9,1.92706,0,0,0
1984-10-15,15.9,15.9,15.9,15.9,1.92706,0,0,0
1984-10-16,15.9,15.9,15.9,15.9,1.92706,0,0,0
1984-10-17,15.9,15.9,15.9,15.9,1.92706,0,0,0
1984-10-18,15.9,15.9,15.9,15.9,1.92706,0,0,0
1984-10-19,15.9,15.9,15.9,15.9,1.92706,0,0,0
1984-10-22,15.9,15.9,15.9,15.9,1.92706,0,0,0
1984-10-23,15.9,15.9,15.9,15.9,1.92706,0,0,0
1984-10-24,15.9,15.9,15.9,15.9,1.92706,0,0,0
1984-10-25,15.9,15.9,15.9,15.9,1.92706,0,0,0
1984-10-26,15.9,15.9,15.9,15.9,1.92706,0,0,0
1984-10-29,15.9,15.9,15.9,15.9,1.92706,0,0,0
1984-10-30,15.9,15.9,15.9,15.9,1.92706,0,0,0
1984-10-31,16.41,16.41,16.41,16.41,1.98887,0,0,0
1984-11-01,16.41,16.41,16.41,16.41,1.98887,0,0,0
1984-11-02,16.41,16.41,16.41,16.41,1.98887,0,0,0
1984-11-05,16.41,16.41,16.41,16.41,1.98887,0,0,0
1984-11-06,16.41,16.41,16.41,16.41,1.98887,0,0,0
1984-11-07,16.41,16.41,16.41,16.41,1.98887,0,0,0
1984-11-08,16.41,16.41,16.41,16.41,1.98887,0,0,0
1984-11-09,16.41,16.41,16.41,16.41,1.98887,0,0,0
1984-11-12,16.41,16.41,16.41,16.41,1.98887,0,0,0
1984-11-13,16.41,16.41,16.41,16.41,1.98887,0,0,0
1984-11-14,16.41,16.41,16.41,16.41,1.98887,0,0,0
1984-11-15,16.41,16.41,16.41,16.41,1.98887,0,0,0
1984-11-16,16.41,16.41,16.41,16.41,1.98887,0,0,0
1984-11-19,16.41,16.41,16.41,16.41,1.98887,0,0,0
1984-11-20,16.41,16.41,16.41,16.41,1.98887,0,0,0
1984-11-21,16.41,16.41,16.41,16.41,1.98887,0,0,0
1984-11-23,16.41,16.41,16.41,16.41,1.98887,0,0,0
1984-11-26,16.41,16.41,16.41,16.41,1.98887,0,0,0
1984-11-27,16.41,16.41,16.41,16.41,1.98887,0,0,0
1984-11-28,16.41,16.41,16.41,16.41,1.98887,0,0,0
1984-11-29,16.41,16.41,16.41,16.41,1.98887,0,0,0
1984-11-30,16.74,16.74,16.74,16.74,2.02887,0,0,0
1984-12-03,16.74,16.74,16.74,16.74,2.02887,0,0,0
1984-12-04,16.74,16.74,16.74,16.74,2.02887,0,0,0
1984-12-05,16.74,16.74,16.74,16.74,2.02887,0,0,0
1984-12-06,16.74,16.74,16.74,16.74,2.02887,0,0,0
1984-12-07,16.74,16.74,16.74,16.74,2.02887,0,0,0
1984-12-10,16.74,16.74,16.74,16.74,2.02887,0,0,0
1984-12-11,16.74,16.74,16.74,16.74,2.02887,0,0,0
1984-12-12,16.74,16.74,16.74,16.74,2.02887,0,0,0
1984-12-13,16.74,16.74,16.74,16.74,2.02887,0,0,0
1984-12-14,16.74,16.74,16.74,16.74,2.02887,0,0,0
1984-12-17,16.74,16.74,16.74,16.74,2.02887,0,0,0
1984-12-18,16.74,16.74,16.74,16.74,2.02887,0,0,0
1984-12-19,16.74,16.74,16.74,16.74,2.02887,0,0,0
1984-12-20,16.74,16.74,16.74,16.74,2.02887,0,0,0
1984-12-21,16.74,16.74,16.74,16.74,2.02887,0,0,0
1984-12-24,16.74,16.74,16.74,16.74,2.02887,0,0,0
1984-12-26,16.74,16.74,16.74,16.74,2.02887,0,0,0
1984-12-27,16.74,16.74,16.74,16.74,2.02887,0,0,0
1984-12-28,16.74,16.74,16.74,16.74,2.02887,0,0,0
1984-12-31,17.33,17.33,17.33,17.33,2.10037,0,0,0
1985-01-02,17.3,17.3,17.3,17.3,2.09674,0,0,0
1985-01-03,17.26,17.26,17.26,17.26,2.09189,0,0,0
1985-01-04,17.2,17.2,17.2,17.2,2.08462,0,0,0
1985-01-07,17.23,17.23,17.23,17.23,2.08825,0,0,0
1985-01-08,17.21,17.21,17.21,17.21,2.08583,0,0,0
1985-01-09,17.28,17.28,17.28,17.28,2.09431,0,0,0
1985-01-10,17.37,17.37,17.37,17.37,2.10522,0,0,0
1985-01-11,17.4,17.4,17.4,17.4,2.10886,0,0,0
1985-01-14,17.49,17.49,17.49,17.49,2.11977,0,0,0
1985-01-15,17.51,17.51,17.51,17.51,2.12219,0,0,0
1985-01-16,17.5,17.5,17.5,17.5,2.12098,0,0,0
1985-01-17,17.52,17.52,17.52,17.52,2.1234,0,0,0
1985-01-18,17.55,17.55,17.55,17.55,2.12704,0,0,0
1985-01-21,17.55,17.55,17.55,17.55,2.12704,0,0,0
1985-01-22,17.55,17.55,17.55,17.55,2.12704,0,0,0
1985-01-23,17.56,17.56,17.56,17.56,2.12825,0,0,0
1985-01-24,17.54,17.54,17.54,17.54,2.12583,0,0,0
1985-01-25,17.59,17.59,17.59,17.59,2.13189,0,0,0
1985-01-28,17.61,17.61,17.61,17.61,2.13431,0,0,0
1985-01-29,17.66,17.66,17.66,17.66,2.14037,0,0,0
1985-01-30,17.69,17.69,17.69,17.69,2.14401,0,0,0
1985-01-31,17.68,17.68,17.68,17.68,2.14279,0,0,0
1985-02-01,17.64,17.64,17.64,17.64,2.13795,0,0,0
1985-02-04,17.68,17.68,17.68,17.68,2.14279,0,0,0
1985-02-05,17.68,17.68,17.68,17.68,2.14279,0,0,0
1985-02-06,17.73,17.73,17.73,17.73,2.14885,0,0,0
1985-02-07,17.87,17.87,17.87,17.87,2.16582,0,0,0
1985-02-08,17.9,17.9,17.9,17.9,2.16946,0,0,0
1985-02-11,17.83,17.83,17.83,17.83,2.16097,0,0,0
1985-02-12,17.84,17.84,17.84,17.84,2.16219,0,0,0
1985-02-13,17.97,17.97,17.97,17.97,2.17794,0,0,0
1985-02-14,18.01,18.01,18.01,18.01,2.18279,0,0,0
1985-02-15,17.99,17.99,17.99,17.99,2.18037,0,0,0
1985-02-19,17.97,17.97,17.97,17.97,2.17794,0,0,0
1985-02-20,17.99,17.99,17.99,17.99,2.18037,0,0,0
1985-02-21,17.94,17.94,17.94,17.94,2.17431,0,0,0
1985-02-22,17.91,17.91,17.91,17.91,2.17067,0,0,0
1985-02-25,17.85,17.85,17.85,17.85,2.1634,0,0,0
1985-02-26,17.88,17.88,17.88,17.88,2.16703,0,0,0
1985-02-27,17.85,17.85,17.85,17.85,2.1634,0,0,0
1985-02-28,17.85,17.85,17.85,17.85,2.1634,0,0,0
1985-03-01,17.93,17.93,17.93,17.93,2.17309,0,0,0
1985-03-04,17.89,17.89,17.89,17.89,2.16825,0,0,0
1985-03-05,17.89,17.89,17.89,17.89,2.16825,0,0,0
1985-03-06,17.86,17.86,17.86,17.86,2.16461,0,0,0
1985-03-07,17.9,17.9,17.9,17.9,2.16946,0,0,0
1985-03-08,17.86,17.86,17.86,17.86,2.16461,0,0,0
1985-03-11,17.91,17.91,17.91,17.91,2.17067,0,0,0
1985-03-12,17.97,17.97,17.97,17.97,2.17794,0,0,0
1985-03-13,17.94,17.94,17.94,17.94,2.17431,0,0,0
1985-03-14,17.99,17.99,17.99,17.99,2.18037,0,0,0
1985-03-15,18.01,18.01,18.01,18.01,2.18279,0,0,0
1985-03-18,18.08,18.08,18.08,18.08,2.19127,0,0,0
1985-03-19,18.2,18.2,18.2,18.2,2.20582,0,0,0
1985-03-20,18.19,18.19,18.19,18.19,2.2046,0,0,0
1985-03-21,18.28,18.28,18.28,18.28,2.21551,0,0,0
1985-03-22,18.33,18.33,18.33,18.33,2.22157,0,0,0
1985-03-25,18.34,18.34,18.34,18.34,2.22279,0,0,0
1985-03-26,18.44,18.44,18.44,18.44,2.23491,0,0,0
1985-03-27,18.61,18.61,18.61,18.61,2.25551,0,0,0
1985-03-28,18.69,18.69,18.69,18.69,2.2652,0,0,0
1985-03-29,18.86,18.86,18.86,18.86,2.28581,0,0,0
1985-04-01,18.94,18.94,18.94,18.94,2.2955,0,0,0
1985-04-02,18.96,18.96,18.96,18.96,2.29793,0,0,0
1985-04-03,18.9,18.9,18.9,18.9,2.29066,0,0,0
1985-04-04,18.95,18.95,18.95,18.95,2.29672,0,0,0
1985-04-08,18.96,18.96,18.96,18.96,2.29793,0,0,0
1985-04-09,18.91,18.91,18.91,18.91,2.29187,0,0,0
1985-04-10,19.03,19.03,19.03,19.03,2.30641,0,0,0
1985-04-11,19.09,19.09,19.09,19.09,2.31368,0,0,0
1985-04-12,19.17,19.17,19.17,19.17,2.32338,0,0,0
1985-04-15,19.31,19.31,19.31,19.31,2.34035,0,0,0
1985-04-16,19.25,19.25,19.25,19.25,2.33308,0,0,0
1985-04-17,19.29,19.29,19.29,19.29,2.33792,0,0,0
1985-04-18,19.28,19.28,19.28,19.28,2.33671,0,0,0
1985-04-19,19.31,19.31,19.31,19.31,2.34035,0,0,0
1985-04-22,19.32,19.32,19.32,19.32,2.34156,0,0,0
1985-04-23,19.39,19.39,19.39,19.39,2.35004,0,0,0
1985-04-24,19.44,19.44,19.44,19.44,2.3561,0,0,0
1985-04-25,19.51,19.51,19.51,19.51,2.36459,0,0,0
1985-04-26,19.47,19.47,19.47,19.47,2.35974,0,0,0
1985-04-29,19.33,19.33,19.33,19.33,2.34277,0,0,0
1985-04-30,19.27,19.27,19.27,19.27,2.3355,0,0,0
1985-05-01,19.27,19.27,19.27,19.27,2.3355,0,0,0
1985-05-02,19.31,19.31,19.31,19.31,2.34035,0,0,0
1985-05-03,19.38,19.38,19.38,19.38,2.34883,0,0,0
1985-05-06,19.4,19.4,19.4,19.4,2.35126,0,0,0
1985-05-07,19.52,19.52,19.52,19.52,2.3658,0,0,0
1985-05-08,19.58,19.58,19.58,19.58,2.37307,0,0,0
1985-05-09,19.67,19.67,19.67,19.67,2.38398,0,0,0
1985-05-10,19.81,19.81,19.81,19.81,2.40095,0,0,0
1985-05-13,19.82,19.82,19.82,19.82,2.40216,0,0,0
1985-05-14,19.79,19.79,19.79,19.79,2.39852,0,0,0
1985-05-15,19.86,19.86,19.86,19.86,2.40701,0,0,0
1985-05-16,20.1,20.1,20.1,20.1,2.4361,0,0,0
1985-05-17,20.32,20.32,20.32,20.32,2.46276,0,0,0
1985-05-20,20.42,20.42,20.42,20.42,2.47488,0,0,0
1985-05-21,20.33,20.33,20.33,20.33,2.46397,0,0,0
1985-05-22,20.19,20.19,20.19,20.19,2.447,0,0,0
1985-05-23,20.11,20.11,20.11,20.11,2.43731,0,0,0
1985-05-24,20.15,20.15,20.15,20.15,2.44216,0,0,0
1985-05-28,20.15,20.15,20.15,20.15,2.44216,0,0,0
1985-05-29,20.15,20.15,20.15,20.15,2.44216,0,0,0
1985-05-30,20.2,20.2,20.2,20.2,2.44821,0,0,0
1985-05-31,20.34,20.34,20.34,20.34,2.46518,0,0,0
1985-06-03,20.39,20.39,20.39,20.39,2.47124,0,0,0
1985-06-04,20.47,20.47,20.47,20.47,2.48094,0,0,0
1985-06-05,20.57,20.57,20.57,20.57,2.49306,0,0,0
1985-06-06,20.54,20.54,20.54,20.54,2.48942,0,0,0
1985-06-07,20.52,20.52,20.52,20.52,2.487,0,0,0
1985-06-10,20.45,20.45,20.45,20.45,2.47851,0,0,0
1985-06-11,20.51,20.51,20.51,20.51,2.48579,0,0,0
1985-06-12,20.47,20.47,20.47,20.47,2.48094,0,0,0
1985-06-13,20.47,20.47,20.47,20.47,2.48094,0,0,0
1985-06-14,20.57,20.57,20.57,20.57,2.49306,0,0,0
1985-06-17,20.57,20.57,20.57,20.57,2.49306,0,0,0
1985-06-18,20.64,20.64,20.64,20.64,2.50154,0,0,0
1985-06-19,20.71,20.71,20.71,20.71,2.51003,0,0,0
1985-06-20,20.73,20.73,20.73,20.73,2.51245,0,0,0
1985-06-21,20.84,20.84,20.84,20.84,2.52578,0,0,0
1985-06-24,20.32,20.32,20.32,20.32,2.52082,0,0.48,0
1985-06-25,19.87,19.87,19.87,19.87,2.46499,0,0,0
1985-06-26,20.31,20.31,20.31,20.31,2.51958,0,0,0
1985-06-27,20.34,20.34,20.34,20.34,2.5233,0,0,0
1985-06-28,20.4,20.4,20.4,20.4,2.53074,0,0,0
1985-07-01,20.45,20.45,20.45,20.45,2.53695,0,0,0
1985-07-02,20.47,20.47,20.47,20.47,2.53943,0,0,0
1985-07-03,20.49,20.49,20.49,20.49,2.54191,0,0,0
1985-07-05,20.6,20.6,20.6,20.6,2.55556,0,0,0
1985-07-08,20.63,20.63,20.63,20.63,2.55928,0,0,0
1985-07-09,20.65,20.65,20.65,20.65,2.56176,0,0,0
1985-07-10,20.74,20.74,20.74,20.74,2.57292,0,0,0
1985-07-11,20.78,20.78,20.78,20.78,2.57789,0,0,0
1985-07-12,20.83,20.83,20.83,20.83,2.58409,0,0,0
1985-07-15,20.86,20.86,20.86,20.86,2.58781,0,0,0
1985-07-16,20.93,20.93,20.93,20.93,2.59649,0,0,0
1985-07-17,20.85,20.85,20.85,20.85,2.58657,0,0,0
1985-07-18,20.69,20.69,20.69,20.69,2.56672,0,0,0
1985-07-19,20.65,20.65,20.65,20.65,2.56176,0,0,0
1985-07-22,20.44,20.44,20.44,20.44,2.53571,0,0,0
1985-07-23,19.83,19.83,19.83,19.83,2.46003,0,0,0
1985-07-24,19.55,19.55,19.55,19.55,2.4253,0,0,0
1985-07-25,19.5,19.5,19.5,19.5,2.41909,0,0,0
1985-07-26,19.26,19.26,19.26,19.26,2.38932,0,0,0
1985-07-29,18.97,18.97,18.97,18.97,2.35334,0,0,0
1985-07-30,19.11,19.11,19.11,19.11,2.37071,0,0,0
1985-07-31,19.24,19.24,19.24,19.24,2.38684,0,0,0
1985-08-01,19.4,19.4,19.4,19.4,2.40669,0,0,0
1985-08-02,19.42,19.42,19.42,19.42,2.40917,0,0,0
1985-08-05,19.27,19.27,19.27,19.27,2.39056,0,0,0
1985-08-06,19.11,19.11,19.11,19.11,2.37071,0,0,0
1985-08-07,19.05,19.05,19.05,19.05,2.36327,0,0,0
1985-08-08,19.3,19.3,19.3,19.3,2.39428,0,0,0
1985-08-09,19.28,19.28,19.28,19.28,2.3918,0,0,0
1985-08-12,19.26,19.26,19.26,19.26,2.38932,0,0,0
1985-08-13,19.31,19.31,19.31,19.31,2.39552,0,0,0
1985-08-14,19.36,19.36,19.36,19.36,2.40173,0,0,0
1985-08-15,19.45,19.45,19.45,19.45,2.41289,0,0,0
1985-08-16,19.39,19.39,19.39,19.39,2.40545,0,0,0
1985-08-19,19.49,19.49,19.49,19.49,2.41785,0,0,0
1985-08-20,19.56,19.56,19.56,19.56,2.42654,0,0,0
1985-08-21,19.61,19.61,19.61,19.61,2.43274,0,0,0
1985-08-22,19.6,19.6,19.6,19.6,2.4315,0,0,0
1985-08-23,19.61,19.61,19.61,19.61,2.43274,0,0,0
1985-08-26,19.61,19.61,19.61,19.61,2.43274,0,0,0
1985-08-27,19.66,19.66,19.66,19.66,2.43894,0,0,0
1985-08-28,19.73,19.73,19.73,19.73,2.44763,0,0,0
1985-08-29,19.8,19.8,19.8,19.8,2.45631,0,0,0
1985-08-30,19.78,19.78,19.78,19.78,2.45383,0,0,0
1985-09-03,19.77,19.77,19.77,19.77,2.45259,0,0,0
1985-09-04,19.76,19.76,19.76,19.76,2.45135,0,0,0
1985-09-05,19.77,19.77,19.77,19.77,2.45259,0,0,0
1985-09-06,19.75,19.75,19.75,19.75,2.45011,0,0,0
1985-09-09,19.8,19.8,19.8,19.8,2.45631,0,0,0
1985-09-10,19.63,19.63,19.63,19.63,2.43522,0,0,0
1985-09-11,19.42,19.42,19.42,19.42,2.40917,0,0,0
1985-09-12,19.1,19.1,19.1,19.1,2.36947,0,0,0
1985-09-13,19,19,19,19,2.35706,0,0,0
1985-09-16,19.02,19.02,19.02,19.02,2.35955,0,0,0
1985-09-17,18.99,18.99,18.99,18.99,2.35582,0,0,0
1985-09-18,18.99,18.99,18.99,18.99,2.35582,0,0,0
1985-09-19,19.11,19.11,19.11,19.11,2.37071,0,0,0
1985-09-20,19.08,19.08,19.08,19.08,2.36699,0,0,0
1985-09-23,19.16,19.16,19.16,19.16,2.37691,0,0,0
1985-09-24,19.05,19.05,19.05,19.05,2.36327,0,0,0
1985-09-25,18.97,18.97,18.97,18.97,2.35334,0,0,0
1985-09-26,18.88,18.88,18.88,18.88,2.34218,0,0,0
1985-09-30,18.89,18.89,18.89,18.89,2.34342,0,0,0
1985-10-01,19.11,19.11,19.11,19.11,2.37071,0,0,0
1985-10-02,19.18,19.18,19.18,19.18,2.3794,0,0,0
1985-10-03,19.21,19.21,19.21,19.21,2.38312,0,0,0
1985-10-04,19.19,19.19,19.19,19.19,2.38064,0,0,0
1985-10-07,19.15,19.15,19.15,19.15,2.37567,0,0,0
1985-10-08,19.16,19.16,19.16,19.16,2.37691,0,0,0
1985-10-09,19.16,19.16,19.16,19.16,2.37691,0,0,0
1985-10-10,19.28,19.28,19.28,19.28,2.3918,0,0,0
1985-10-11,19.34,19.34,19.34,19.34,2.39925,0,0,0
1985-10-14,19.48,19.48,19.48,19.48,2.41661,0,0,0
1985-10-15,19.49,19.49,19.49,19.49,2.41785,0,0,0
1985-10-16,19.55,19.55,19.55,19.55,2.4253,0,0,0
1985-10-17,19.55,19.55,19.55,19.55,2.4253,0,0,0
1985-10-18,19.54,19.54,19.54,19.54,2.42406,0,0,0
1985-10-21,19.6,19.6,19.6,19.6,2.4315,0,0,0
1985-10-22,19.74,19.74,19.74,19.74,2.44887,0,0,0
1985-10-23,19.8,19.8,19.8,19.8,2.45631,0,0,0
1985-10-24,19.85,19.85,19.85,19.85,2.46251,0,0,0
1985-10-25,19.85,19.85,19.85,19.85,2.46251,0,0,0
1985-10-28,19.83,19.83,19.83,19.83,2.46003,0,0,0
1985-10-29,20.05,20.05,20.05,20.05,2.48732,0,0,0
1985-10-30,20.24,20.24,20.24,20.24,2.5109,0,0,0
1985-10-31,20.17,20.17,20.17,20.17,2.50221,0,0,0
1985-11-01,20.29,20.29,20.29,20.29,2.5171,0,0,0
1985-11-04,20.27,20.27,20.27,20.27,2.51462,0,0,0
1985-11-05,20.35,20.35,20.35,20.35,2.52454,0,0,0
1985-11-06,20.37,20.37,20.37,20.37,2.52702,0,0,0
1985-11-07,20.42,20.42,20.42,20.42,2.53323,0,0,0
1985-11-08,20.52,20.52,20.52,20.52,2.54563,0,0,0
1985-11-11,20.75,20.75,20.75,20.75,2.57416,0,0,0
1985-11-12,20.85,20.85,20.85,20.85,2.58657,0,0,0
1985-11-13,20.79,20.79,20.79,20.79,2.57913,0,0,0
1985-11-14,20.93,20.93,20.93,20.93,2.59649,0,0,0
1985-11-15,20.88,20.88,20.88,20.88,2.59029,0,0,0
1985-11-18,20.9,20.9,20.9,20.9,2.59277,0,0,0
1985-11-19,20.96,20.96,20.96,20.96,2.60021,0,0,0
1985-11-20,20.95,20.95,20.95,20.95,2.59897,0,0,0
1985-11-21,21.09,21.09,21.09,21.09,2.61634,0,0,0
1985-11-22,21.06,21.06,21.06,21.06,2.61262,0,0,0
1985-11-25,20.97,20.97,20.97,20.97,2.60146,0,0,0
1985-11-26,20.99,20.99,20.99,20.99,2.60394,0,0,0
1985-11-27,21.03,21.03,21.03,21.03,2.6089,0,0,0
1985-11-29,21.03,21.03,21.03,21.03,2.6089,0,0,0
1985-12-02,20.98,20.98,20.98,20.98,2.6027,0,0,0
1985-12-03,21.1,21.1,21.1,21.1,2.61758,0,0,0
1985-12-04,21.27,21.27,21.27,21.27,2.63867,0,0,0
1985-12-05,21.26,21.26,21.26,21.26,2.63743,0,0,0
1985-12-06,21.21,21.21,21.21,21.21,2.63123,0,0,0
1985-12-09,21.37,21.37,21.37,21.37,2.65108,0,0,0
1985-12-10,21.46,21.46,21.46,21.46,2.66224,0,0,0
1985-12-11,21.62,21.62,21.62,21.62,2.68209,0,0,0
1985-12-12,21.62,21.62,21.62,21.62,2.68209,0,0,0
1985-12-13,21.8,21.8,21.8,21.8,2.70442,0,0,0
1985-12-16,22.1,22.1,22.1,22.1,2.74164,0,0,0
1985-12-17,22.17,22.17,22.17,22.17,2.75033,0,0,0
1985-12-18,22.17,22.17,22.17,22.17,2.75033,0,0,0
1985-12-19,22.12,22.12,22.12,22.12,2.74412,0,0,0
1985-12-20,22.19,22.19,22.19,22.19,2.7528,0,0,0
1985-12-23,22.05,22.05,22.05,22.05,2.73544,0,0,0
1985-12-24,21.98,21.98,21.98,21.98,2.72675,0,0,0
1985-12-26,21.99,21.99,21.99,21.99,2.72799,0,0,0
1985-12-27,22.14,22.14,22.14,22.14,2.7466,0,0,0
1985-12-30,22.19,22.19,22.19,22.19,2.7528,0,0,0
1985-12-31,22.37,22.37,22.37,22.37,2.77513,0,0,0
1986-01-02,22.26,22.26,22.26,22.26,2.76149,0,0,0
1986-01-03,22.37,22.37,22.37,22.37,2.77513,0,0,0
1986-01-06,22.41,22.41,22.41,22.41,2.7801,0,0,0
1986-01-07,22.7,22.7,22.7,22.7,2.81608,0,0,0
1986-01-08,22.48,22.48,22.48,22.48,2.78878,0,0,0
1986-01-09,22.48,22.48,22.48,22.48,2.78878,0,0,0
1986-01-10,22.05,22.05,22.05,22.05,2.73544,0,0,0
1986-01-13,21.99,21.99,21.99,21.99,2.72799,0,0,0
1986-01-14,22.02,22.02,22.02,22.02,2.73172,0,0,0
1986-01-15,22.02,22.02,22.02,22.02,2.73172,0,0,0
1986-01-16,22.14,22.14,22.14,22.14,2.7466,0,0,0
1986-01-17,22.14,22.14,22.14,22.14,2.7466,0,0,0
1986-01-20,22.12,22.12,22.12,22.12,2.74412,0,0,0
1986-01-21,22.15,22.15,22.15,22.15,2.74784,0,0,0
1986-01-22,22.14,22.14,22.14,22.14,2.7466,0,0,0
1986-01-23,22.23,22.23,22.23,22.23,2.75777,0,0,0
1986-01-24,22.42,22.42,22.42,22.42,2.78134,0,0,0
1986-01-27,22.57,22.57,22.57,22.57,2.79995,0,0,0
1986-01-28,22.77,22.77,22.77,22.77,2.82476,0,0,0
1986-01-29,22.78,22.78,22.78,22.78,2.826,0,0,0
1986-01-30,22.77,22.77,22.77,22.77,2.82476,0,0,0
1986-01-31,22.92,22.92,22.92,22.92,2.84336,0,0,0
1986-02-03,23.06,23.06,23.06,23.06,2.86073,0,0,0
1986-02-04,23.1,23.1,23.1,23.1,2.8657,0,0,0
1986-02-05,23.15,23.15,23.15,23.15,2.8719,0,0,0
1986-02-06,23.18,23.18,23.18,23.18,2.87562,0,0,0
1986-02-07,23.13,23.13,23.13,23.13,2.86942,0,0,0
1986-02-10,23.24,23.24,23.24,23.24,2.88306,0,0,0
1986-02-11,23.35,23.35,23.35,23.35,2.89671,0,0,0
1986-02-12,23.42,23.42,23.42,23.42,2.90539,0,0,0
1986-02-13,23.47,23.47,23.47,23.47,2.9116,0,0,0
1986-02-14,23.71,23.71,23.71,23.71,2.94137,0,0,0
1986-02-18,24,24,24,24,2.97735,0,0,0
1986-02-19,23.92,23.92,23.92,23.92,2.96742,0,0,0
1986-02-20,23.98,23.98,23.98,23.98,2.97486,0,0,0
1986-02-21,24.21,24.21,24.21,24.21,3.0034,0,0,0
1986-02-24,24.22,24.22,24.22,24.22,3.00464,0,0,0
1986-02-25,24.22,24.22,24.22,24.22,3.00464,0,0,0
1986-02-26,24.23,24.23,24.23,24.23,3.00588,0,0,0
1986-02-27,24.23,24.23,24.23,24.23,3.00588,0,0,0
1986-02-28,24.54,24.54,24.54,24.54,3.04434,0,0,0
1986-03-03,24.6,24.6,24.6,24.6,3.05178,0,0,0
1986-03-04,24.78,24.78,24.78,24.78,3.07411,0,0,0
1986-03-05,24.64,24.64,24.64,24.64,3.05674,0,0,0
1986-03-06,24.73,24.73,24.73,24.73,3.06791,0,0,0
1986-03-07,24.73,24.73,24.73,24.73,3.06791,0,0,0
1986-03-10,24.84,24.84,24.84,24.84,3.08155,0,0,0
1986-03-11,25.12,25.12,25.12,25.12,3.11629,0,0,0
1986-03-12,25.23,25.23,25.23,25.23,3.12994,0,0,0
1986-03-13,25.2,25.2,25.2,25.2,3.12621,0,0,0
1986-03-14,25.32,25.32,25.32,25.32,3.1411,0,0,0
1986-03-17,25,25,25,25,3.1014,0,0,0
1986-03-18,25,25,25,25,3.1014,0,0,0
1986-03-19,24.82,24.82,24.82,24.82,3.07907,0,0,0
1986-03-20,24.79,24.79,24.79,24.79,3.07535,0,0,0
1986-03-21,24.89,24.89,24.89,24.89,3.08776,0,0,0
1986-03-24,24.92,24.92,24.92,24.92,3.09148,0,0,0
1986-03-25,24.87,24.87,24.87,24.87,3.08528,0,0,0
1986-03-26,25.04,25.04,25.04,25.04,3.10636,0,0,0
1986-03-27,25.22,25.22,25.22,25.22,3.1287,0,0,0
1986-03-31,25.36,25.36,25.36,25.36,3.14606,0,0,0
1986-04-01,25.34,25.34,25.34,25.34,3.14358,0,0,0
1986-04-02,25.35,25.35,25.35,25.35,3.14482,0,0,0
1986-04-03,25.24,25.24,25.24,25.24,3.13118,0,0,0
1986-04-04,25.04,25.04,25.04,25.04,3.10636,0,0,0
1986-04-07,24.89,24.89,24.89,24.89,3.08776,0,0,0
1986-04-08,25.11,25.11,25.11,25.11,3.11505,0,0,0
1986-04-09,25.25,25.25,25.25,25.25,3.13242,0,0,0
1986-04-10,25.33,25.33,25.33,25.33,3.14234,0,0,0
1986-04-11,25.33,25.33,25.33,25.33,3.14234,0,0,0
1986-04-14,25.44,25.44,25.44,25.44,3.15599,0,0,0
1986-04-15,25.53,25.53,25.53,25.53,3.16715,0,0,0
1986-04-16,25.83,25.83,25.83,25.83,3.20437,0,0,0
1986-04-17,25.9,25.9,25.9,25.9,3.21305,0,0,0
1986-04-18,26.02,26.02,26.02,26.02,3.22794,0,0,0
1986-04-21,26.15,26.15,26.15,26.15,3.24407,0,0,0
1986-04-22,26.12,26.12,26.12,26.12,3.24035,0,0,0
1986-04-23,25.92,25.92,25.92,25.92,3.21553,0,0,0
1986-04-24,25.79,25.79,25.79,25.79,3.19941,0,0,0
1986-04-25,25.67,25.67,25.67,25.67,3.18452,0,0,0
1986-04-28,25.59,25.59,25.59,25.59,3.1746,0,0,0
1986-04-29,25.22,25.22,25.22,25.22,3.1287,0,0,0
1986-04-30,24.87,24.87,24.87,24.87,3.08528,0,0,0
1986-05-01,24.88,24.88,24.88,24.88,3.08651,0,0,0
1986-05-02,24.88,24.88,24.88,24.88,3.08651,0,0,0
1986-05-05,25.2,25.2,25.2,25.2,3.12621,0,0,0
1986-05-06,25.24,25.24,25.24,25.24,3.13118,0,0,0
1986-05-07,25.1,25.1,25.1,25.1,3.11381,0,0,0
1986-05-08,25.23,25.23,25.23,25.23,3.12994,0,0,0
1986-05-09,25.19,25.19,25.19,25.19,3.12497,0,0,0
1986-05-12,25.17,25.17,25.17,25.17,3.12249,0,0,0
1986-05-13,25.12,25.12,25.12,25.12,3.11629,0,0,0
1986-05-14,25.23,25.23,25.23,25.23,3.12994,0,0,0
1986-05-15,25.17,25.17,25.17,25.17,3.12249,0,0,0
1986-05-16,25.17,25.17,25.17,25.17,3.12249,0,0,0
1986-05-19,25.07,25.07,25.07,25.07,3.11009,0,0,0
1986-05-20,25.09,25.09,25.09,25.09,3.11257,0,0,0
1986-05-21,25.11,25.11,25.11,25.11,3.11505,0,0,0
1986-05-22,25.32,25.32,25.32,25.32,3.1411,0,0,0
1986-05-23,25.5,25.5,25.5,25.5,3.16343,0,0,0
1986-05-27,25.78,25.78,25.78,25.78,3.19817,0,0,0
1986-05-28,25.87,25.87,25.87,25.87,3.20933,0,0,0
1986-05-29,25.91,25.91,25.91,25.91,3.21429,0,0,0
1986-05-30,25.89,25.89,25.89,25.89,3.21181,0,0,0
1986-06-02,25.87,25.87,25.87,25.87,3.20933,0,0,0
1986-06-03,25.91,25.91,25.91,25.91,3.21429,0,0,0
1986-06-04,25.8,25.8,25.8,25.8,3.20065,0,0,0
1986-06-05,25.91,25.91,25.91,25.91,3.21429,0,0,0
1986-06-06,25.88,25.88,25.88,25.88,3.21057,0,0,0
1986-06-09,25.66,25.66,25.66,25.66,3.18328,0,0,0
1986-06-10,25.58,25.58,25.58,25.58,3.17335,0,0,0
1986-06-11,25.62,25.62,25.62,25.62,3.17832,0,0,0
1986-06-12,25.73,25.73,25.73,25.73,3.19196,0,0,0
1986-06-13,25.98,25.98,25.98,25.98,3.22298,0,0,0
1986-06-16,26.13,26.13,26.13,26.13,3.24159,0,0,0
1986-06-17,26.21,26.21,26.21,26.21,3.25151,0,0,0
1986-06-18,26.33,26.33,26.33,26.33,3.2664,0,0,0
1986-06-19,26.37,26.37,26.37,26.37,3.27136,0,0,0
1986-06-20,26.43,26.43,26.43,26.43,3.2788,0,0,0
1986-06-23,26.52,26.52,26.52,26.52,3.28997,0,0,0
1986-06-24,26.74,26.74,26.74,26.74,3.31726,0,0,0
1986-06-25,26.98,26.98,26.98,26.98,3.34703,0,0,0
1986-06-26,27.06,27.06,27.06,27.06,3.35696,0,0,0
1986-06-27,27.18,27.18,27.18,27.18,3.37185,0,0,0
1986-06-30,27.39,27.39,27.39,27.39,3.3979,0,0,0
1986-07-01,27.48,27.48,27.48,27.48,3.40906,0,0,0
1986-07-02,27.61,27.61,27.61,27.61,3.42519,0,0,0
1986-07-03,27.62,27.62,27.62,27.62,3.42643,0,0,0
1986-07-07,27.37,27.37,27.37,27.37,3.39542,0,0,0
1986-07-08,27.16,27.16,27.16,27.16,3.36937,0,0,0
1986-07-09,27.34,27.34,27.34,27.34,3.39169,0,0,0
1986-07-10,27.52,27.52,27.52,27.52,3.41402,0,0,0
1986-07-11,27.85,27.85,27.85,27.85,3.45496,0,0,0
1986-07-14,27.56,27.56,27.56,27.56,3.46313,0,0.355,0
1986-07-15,27.67,27.67,27.67,27.67,3.47695,0,0,0
1986-07-16,27.78,27.78,27.78,27.78,3.49078,0,0,0
1986-07-17,27.82,27.82,27.82,27.82,3.4958,0,0,0
1986-07-18,27.82,27.82,27.82,27.82,3.4958,0,0,0
1986-07-21,27.95,27.95,27.95,27.95,3.51213,0,0,0
1986-07-22,28.21,28.21,28.21,28.21,3.54481,0,0,0
1986-07-23,28.42,28.42,28.42,28.42,3.5712,0,0,0
1986-07-24,28.56,28.56,28.56,28.56,3.58879,0,0,0
1986-07-25,28.71,28.71,28.71,28.71,3.60764,0,0,0
1986-07-28,28.44,28.44,28.44,28.44,3.57371,0,0,0
1986-07-29,28.25,28.25,28.25,28.25,3.54983,0,0,0
1986-07-30,28.23,28.23,28.23,28.23,3.54732,0,0,0
1986-07-31,28.25,28.25,28.25,28.25,3.54983,0,0,0
1986-08-01,28.24,28.24,28.24,28.24,3.54858,0,0,0
1986-08-04,28.13,28.13,28.13,28.13,3.53476,0,0,0
1986-08-05,28.21,28.21,28.21,28.21,3.54481,0,0,0
1986-08-06,28.19,28.19,28.19,28.19,3.5423,0,0,0
1986-08-07,28.3,28.3,28.3,28.3,3.55612,0,0,0
1986-08-08,28.34,28.34,28.34,28.34,3.56114,0,0,0
1986-08-11,28.59,28.59,28.59,28.59,3.59256,0,0,0
1986-08-12,28.74,28.74,28.74,28.74,3.61141,0,0,0
1986-08-13,28.98,28.98,28.98,28.98,3.64156,0,0,0
1986-08-14,29.13,29.13,29.13,29.13,3.66041,0,0,0
1986-08-15,29.25,29.25,29.25,29.25,3.67549,0,0,0
1986-08-18,29.42,29.42,29.42,29.42,3.69686,0,0,0
1986-08-19,29.64,29.64,29.64,29.64,3.7245,0,0,0
1986-08-20,30.17,30.17,30.17,30.17,3.7911,0,0,0
1986-08-21,30.2,30.2,30.2,30.2,3.79487,0,0,0
1986-08-22,30.08,30.08,30.08,30.08,3.77979,0,0,0
1986-08-25,29.76,29.76,29.76,29.76,3.73958,0,0,0
1986-08-26,30.05,30.05,30.05,30.05,3.77602,0,0,0
1986-08-27,30.06,30.06,30.06,30.06,3.77727,0,0,0
1986-08-28,30.04,30.04,30.04,30.04,3.77476,0,0,0
1986-08-29,30.12,30.12,30.12,30.12,3.78481,0,0,0
1986-09-02,29.88,29.88,29.88,29.88,3.75466,0,0,0
1986-09-03,29.69,29.69,29.69,29.69,3.73078,0,0,0
1986-09-04,29.71,29.71,29.71,29.71,3.73329,0,0,0
1986-09-05,28.95,28.95,28.95,28.95,3.63779,0,0,0
1986-09-08,28.27,28.27,28.27,28.27,3.55235,0,0,0
1986-09-09,28.16,28.16,28.16,28.16,3.53852,0,0,0
1986-09-10,27.85,27.85,27.85,27.85,3.49957,0,0,0
1986-09-11,26.68,26.68,26.68,26.68,3.35255,0,0,0
1986-09-12,26.68,26.68,26.68,26.68,3.35255,0,0,0
1986-09-15,26.48,26.48,26.48,26.48,3.32742,0,0,0
1986-09-16,26.56,26.56,26.56,26.56,3.33747,0,0,0
1986-09-17,26.87,26.87,26.87,26.87,3.37643,0,0,0
1986-09-18,26.82,26.82,26.82,26.82,3.37014,0,0,0
1986-09-19,26.71,26.71,26.71,26.71,3.35632,0,0,0
1986-09-22,27.03,27.03,27.03,27.03,3.39653,0,0,0
1986-09-23,27.16,27.16,27.16,27.16,3.41287,0,0,0
1986-09-24,27.44,27.44,27.44,27.44,3.44805,0,0,0
1986-09-25,27.07,27.07,27.07,27.07,3.40156,0,0,0
1986-09-26,27.03,27.03,27.03,27.03,3.39653,0,0,0
1986-09-29,26.66,26.66,26.66,26.66,3.35004,0,0,0
1986-09-30,26.79,26.79,26.79,26.79,3.36637,0,0,0
1986-10-01,26.95,26.95,26.95,26.95,3.38648,0,0,0
1986-10-02,26.96,26.96,26.96,26.96,3.38773,0,0,0
1986-10-03,27.07,27.07,27.07,27.07,3.40156,0,0,0
1986-10-06,27.14,27.14,27.14,27.14,3.41035,0,0,0
1986-10-07,27.08,27.08,27.08,27.08,3.40281,0,0,0
1986-10-08,27.08,27.08,27.08,27.08,3.40281,0,0,0
1986-10-09,27.02,27.02,27.02,27.02,3.39528,0,0,0
1986-10-10,26.98,26.98,26.98,26.98,3.39025,0,0,0
1986-10-13,26.94,26.94,26.94,26.94,3.38522,0,0,0
1986-10-14,26.86,26.86,26.86,26.86,3.37517,0,0,0
1986-10-15,27.01,27.01,27.01,27.01,3.39402,0,0,0
1986-10-16,27.13,27.13,27.13,27.13,3.4091,0,0,0
1986-10-17,27.08,27.08,27.08,27.08,3.40281,0,0,0
1986-10-20,26.99,26.99,26.99,26.99,3.3915,0,0,0
1986-10-21,27.03,27.03,27.03,27.03,3.39653,0,0,0
1986-10-22,27.06,27.06,27.06,27.06,3.4003,0,0,0
1986-10-23,27.3,27.3,27.3,27.3,3.43046,0,0,0
1986-10-24,27.45,27.45,27.45,27.45,3.44931,0,0,0
1986-10-27,27.45,27.45,27.45,27.45,3.44931,0,0,0
1986-10-28,27.55,27.55,27.55,27.55,3.46187,0,0,0
1986-10-29,27.71,27.71,27.71,27.71,3.48198,0,0,0
1986-10-30,28,28,28,28,3.51842,0,0,0
1986-10-31,28.04,28.04,28.04,28.04,3.52345,0,0,0
1986-11-03,28.19,28.19,28.19,28.19,3.5423,0,0,0
1986-11-04,28.25,28.25,28.25,28.25,3.54983,0,0,0
1986-11-05,28.32,28.32,28.32,28.32,3.55863,0,0,0
1986-11-06,28.27,28.27,28.27,28.27,3.55235,0,0,0
1986-11-07,28.24,28.24,28.24,28.24,3.54858,0,0,0
1986-11-10,28.26,28.26,28.26,28.26,3.55109,0,0,0
1986-11-11,28.31,28.31,28.31,28.31,3.55737,0,0,0
1986-11-12,28.32,28.32,28.32,28.32,3.55863,0,0,0
1986-11-13,28.17,28.17,28.17,28.17,3.53978,0,0,0
1986-11-14,28.12,28.12,28.12,28.12,3.5335,0,0,0
1986-11-17,28.05,28.05,28.05,28.05,3.5247,0,0,0
1986-11-18,27.67,27.67,27.67,27.67,3.47695,0,0,0
1986-11-19,27.62,27.62,27.62,27.62,3.47067,0,0,0
1986-11-20,27.9,27.9,27.9,27.9,3.50586,0,0,0
1986-11-21,28.17,28.17,28.17,28.17,3.53978,0,0,0
1986-11-24,28.3,28.3,28.3,28.3,3.55612,0,0,0
1986-11-25,28.24,28.24,28.24,28.24,3.54858,0,0,0
1986-11-26,28.28,28.28,28.28,28.28,3.5536,0,0,0
1986-11-28,28.29,28.29,28.29,28.29,3.55486,0,0,0
1986-12-01,28.22,28.22,28.22,28.22,3.54606,0,0,0
1986-12-02,28.59,28.59,28.59,28.59,3.59256,0,0,0
1986-12-03,28.53,28.53,28.53,28.53,3.58502,0,0,0
1986-12-04,28.57,28.57,28.57,28.57,3.59004,0,0,0
1986-12-05,28.42,28.42,28.42,28.42,3.5712,0,0,0
1986-12-08,28.38,28.38,28.38,28.38,3.56617,0,0,0
1986-12-09,28.3,28.3,28.3,28.3,3.55612,0,0,0
1986-12-10,28.36,28.36,28.36,28.36,3.56366,0,0,0
1986-12-11,28.19,28.19,28.19,28.19,3.5423,0,0,0
1986-12-12,28.09,28.09,28.09,28.09,3.52973,0,0,0
1986-12-15,28.11,28.11,28.11,28.11,3.53224,0,0,0
1986-12-16,28.29,28.29,28.29,28.29,3.55486,0,0,0
1986-12-17,28.08,28.08,28.08,28.08,3.52847,0,0,0
1986-12-18,28,28,28,28,3.51842,0,0,0
1986-12-19,27.9,27.9,27.9,27.9,3.50586,0,0,0
1986-12-22,28.04,28.04,28.04,28.04,3.52345,0,0,0
1986-12-23,27.83,27.83,27.83,27.83,3.49706,0,0,0
1986-12-24,27.86,27.86,27.86,27.86,3.50083,0,0,0
1986-12-26,27.89,27.89,27.89,27.89,3.5046,0,0,0
1986-12-29,27.68,27.68,27.68,27.68,3.47821,0,0,0
1986-12-30,27.45,27.45,27.45,27.45,3.44931,0,0,0
1986-12-31,27.31,27.31,27.31,27.31,3.43172,0,0,0
1987-01-02,27.83,27.83,27.83,27.83,3.49706,0,0,0
1987-01-05,28.46,28.46,28.46,28.46,3.57622,0,0,0
1987-01-06,28.5,28.5,28.5,28.5,3.58125,0,0,0
1987-01-07,28.76,28.76,28.76,28.76,3.61392,0,0,0
1987-01-08,28.92,28.92,28.92,28.92,3.63402,0,0,0
1987-01-09,28.95,28.95,28.95,28.95,3.63779,0,0,0
1987-01-12,29.04,29.04,29.04,29.04,3.6491,0,0,0
1987-01-13,29.01,29.01,29.01,29.01,3.64533,0,0,0
1987-01-14,29.08,29.08,29.08,29.08,3.65413,0,0,0
1987-01-15,29.17,29.17,29.17,29.17,3.66544,0,0,0
1987-01-16,29.14,29.14,29.14,29.14,3.66167,0,0,0
1987-01-19,29.22,29.22,29.22,29.22,3.67172,0,0,0
1987-01-20,29.26,29.26,29.26,29.26,3.67675,0,0,0
1987-01-21,29.19,29.19,29.19,29.19,3.66795,0,0,0
1987-01-22,29.64,29.64,29.64,29.64,3.7245,0,0,0
1987-01-23,29.5,29.5,29.5,29.5,3.70691,0,0,0
1987-01-26,29.41,29.41,29.41,29.41,3.6956,0,0,0
1987-01-27,29.66,29.66,29.66,29.66,3.72701,0,0,0
1987-01-28,29.73,29.73,29.73,29.73,3.73581,0,0,0
1987-01-29,29.55,29.55,29.55,29.55,3.71319,0,0,0
1987-01-30,29.52,29.52,29.52,29.52,3.70942,0,0,0
1987-02-02,29.64,29.64,29.64,29.64,3.7245,0,0,0
1987-02-03,29.61,29.61,29.61,29.61,3.72073,0,0,0
1987-02-04,29.69,29.69,29.69,29.69,3.73078,0,0,0
1987-02-05,29.64,29.64,29.64,29.64,3.7245,0,0,0
1987-02-06,29.48,29.48,29.48,29.48,3.70439,0,0,0
1987-02-09,29.22,29.22,29.22,29.22,3.67172,0,0,0
1987-02-10,28.87,28.87,28.87,28.87,3.62774,0,0,0
1987-02-11,28.91,28.91,28.91,28.91,3.63277,0,0,0
1987-02-12,28.6,28.6,28.6,28.6,3.59381,0,0,0
1987-02-13,28.74,28.74,28.74,28.74,3.61141,0,0,0
1987-02-17,28.75,28.75,28.75,28.75,3.61266,0,0,0
1987-02-18,28.68,28.68,28.68,28.68,3.60387,0,0,0
1987-02-19,28.78,28.78,28.78,28.78,3.61643,0,0,0
1987-02-20,28.84,28.84,28.84,28.84,3.62397,0,0,0
1987-02-23,28.64,28.64,28.64,28.64,3.59884,0,0,0
1987-02-24,28.74,28.74,28.74,28.74,3.61141,0,0,0
1987-02-25,28.66,28.66,28.66,28.66,3.60135,0,0,0
1987-02-26,28.47,28.47,28.47,28.47,3.57748,0,0,0
1987-02-27,28.48,28.48,28.48,28.48,3.57873,0,0,0
1987-03-02,28.43,28.43,28.43,28.43,3.57245,0,0,0
1987-03-03,28.45,28.45,28.45,28.45,3.57497,0,0,0
1987-03-04,28.64,28.64,28.64,28.64,3.59884,0,0,0
1987-03-05,28.64,28.64,28.64,28.64,3.59884,0,0,0
1987-03-06,28.54,28.54,28.54,28.54,3.58628,0,0,0
1987-03-09,28.36,28.36,28.36,28.36,3.56366,0,0,0
1987-03-10,28.33,28.33,28.33,28.33,3.55989,0,0,0
1987-03-11,28.21,28.21,28.21,28.21,3.54481,0,0,0
1987-03-12,28.26,28.26,28.26,28.26,3.55109,0,0,0
1987-03-13,28.28,28.28,28.28,28.28,3.5536,0,0,0
1987-03-16,28.09,28.09,28.09,28.09,3.52973,0,0,0
1987-03-17,28.14,28.14,28.14,28.14,3.53601,0,0,0
1987-03-18,28.11,28.11,28.11,28.11,3.53224,0,0,0
1987-03-19,28.16,28.16,28.16,28.16,3.53852,0,0,0
1987-03-20,28.41,28.41,28.41,28.41,3.56994,0,0,0
1987-03-23,28.5,28.5,28.5,28.5,3.58125,0,0,0
1987-03-24,28.52,28.52,28.52,28.52,3.58376,0,0,0
1987-03-25,28.56,28.56,28.56,28.56,3.58879,0,0,0
1987-03-26,28.62,28.62,28.62,28.62,3.59633,0,0,0
1987-03-27,28.39,28.39,28.39,28.39,3.56743,0,0,0
1987-03-30,27.84,27.84,27.84,27.84,3.49831,0,0,0
1987-03-31,27.91,27.91,27.91,27.91,3.50711,0,0,0
1987-04-01,27.61,27.61,27.61,27.61,3.46941,0,0,0
1987-04-02,27.53,27.53,27.53,27.53,3.45936,0,0,0
1987-04-03,27.72,27.72,27.72,27.72,3.48324,0,0,0
1987-04-06,27.69,27.69,27.69,27.69,3.47946,0,0,0
1987-04-07,27.25,27.25,27.25,27.25,3.42418,0,0,0
1987-04-08,27.1,27.1,27.1,27.1,3.40533,0,0,0
1987-04-09,26.6,26.6,26.6,26.6,3.3425,0,0,0
1987-04-10,26.29,26.29,26.29,26.29,3.30355,0,0,0
1987-04-13,25.9,25.9,25.9,25.9,3.25454,0,0,0
1987-04-14,25.15,25.15,25.15,25.15,3.1603,0,0,0
1987-04-15,25.67,25.67,25.67,25.67,3.22564,0,0,0
1987-04-16,26.44,26.44,26.44,26.44,3.32239,0,0,0
1987-04-20,26.43,26.43,26.43,26.43,3.32114,0,0,0
1987-04-21,26.68,26.68,26.68,26.68,3.35255,0,0,0
1987-04-22,26.28,26.28,26.28,26.28,3.30229,0,0,0
1987-04-23,26.17,26.17,26.17,26.17,3.28846,0,0,0
1987-04-24,25.72,25.72,25.72,25.72,3.23192,0,0,0
1987-04-27,25.7,25.7,25.7,25.7,3.22941,0,0,0
1987-04-28,25.86,25.86,25.86,25.86,3.24951,0,0,0
1987-04-29,26.07,26.07,26.07,26.07,3.2759,0,0,0
1987-04-30,26.32,26.32,26.32,26.32,3.30731,0,0,0
1987-05-01,26.21,26.21,26.21,26.21,3.29349,0,0,0
1987-05-04,26.28,26.28,26.28,26.28,3.30229,0,0,0
1987-05-05,26.52,26.52,26.52,26.52,3.33244,0,0,0
1987-05-06,26.45,26.45,26.45,26.45,3.32365,0,0,0
1987-05-07,26.41,26.41,26.41,26.41,3.31862,0,0,0
1987-05-08,26.29,26.29,26.29,26.29,3.30355,0,0,0
1987-05-11,26.21,26.21,26.21,26.21,3.29349,0,0,0
1987-05-12,26.29,26.29,26.29,26.29,3.30355,0,0,0
1987-05-13,26.19,26.19,26.19,26.19,3.29098,0,0,0
1987-05-14,26.13,26.13,26.13,26.13,3.28344,0,0,0
1987-05-15,25.71,25.71,25.71,25.71,3.23066,0,0,0
1987-05-18,25.56,25.56,25.56,25.56,3.21182,0,0,0
1987-05-19,25.14,25.14,25.14,25.14,3.15904,0,0,0
1987-05-20,24.9,24.9,24.9,24.9,3.12888,0,0,0
1987-05-21,25.07,25.07,25.07,25.07,3.15024,0,0,0
1987-05-22,25.18,25.18,25.18,25.18,3.16406,0,0,0
1987-05-26,25.7,25.7,25.7,25.7,3.22941,0,0,0
1987-05-27,25.68,25.68,25.68,25.68,3.22689,0,0,0
1987-05-28,25.77,25.77,25.77,25.77,3.2382,0,0,0
1987-05-29,25.89,25.89,25.89,25.89,3.25328,0,0,0
1987-06-01,25.96,25.96,25.96,25.96,3.26208,0,0,0
1987-06-02,25.8,25.8,25.8,25.8,3.24197,0,0,0
1987-06-03,26.07,26.07,26.07,26.07,3.2759,0,0,0
1987-06-04,26.19,26.19,26.19,26.19,3.29098,0,0,0
1987-06-05,26.25,26.25,26.25,26.25,3.29852,0,0,0
1987-06-08,26.51,26.51,26.51,26.51,3.33119,0,0,0
1987-06-09,26.5,26.5,26.5,26.5,3.32993,0,0,0
1987-06-10,26.52,26.52,26.52,26.52,3.33244,0,0,0
1987-06-11,26.54,26.54,26.54,26.54,3.33496,0,0,0
1987-06-12,26.72,26.72,26.72,26.72,3.35758,0,0,0
1987-06-15,26.82,26.82,26.82,26.82,3.37014,0,0,0
1987-06-16,26.84,26.84,26.84,26.84,3.37266,0,0,0
1987-06-17,26.84,26.84,26.84,26.84,3.37266,0,0,0
1987-06-18,26.84,26.84,26.84,26.84,3.37266,0,0,0
1987-06-19,26.91,26.91,26.91,26.91,3.38145,0,0,0
1987-06-22,27.03,27.03,27.03,27.03,3.39653,0,0,0
1987-06-23,26.98,26.98,26.98,26.98,3.39025,0,0,0
1987-06-24,26.86,26.86,26.86,26.86,3.37517,0,0,0
1987-06-25,27.07,27.07,27.07,27.07,3.40156,0,0,0
1987-06-26,26.99,26.99,26.99,26.99,3.3915,0,0,0
1987-06-29,27.04,27.04,27.04,27.04,3.39779,0,0,0
1987-06-30,26.81,26.81,26.81,26.81,3.36889,0,0,0
1987-07-01,26.79,26.79,26.79,26.79,3.36637,0,0,0
1987-07-02,26.85,26.85,26.85,26.85,3.37391,0,0,0
1987-07-06,26.69,26.69,26.69,26.69,3.35381,0,0,0
1987-07-07,26.73,26.73,26.73,26.73,3.35883,0,0,0
1987-07-08,26.68,26.68,26.68,26.68,3.35255,0,0,0
1987-07-09,26.7,26.7,26.7,26.7,3.35507,0,0,0
1987-07-10,26.71,26.71,26.71,26.71,3.35632,0,0,0
1987-07-13,26.6,26.6,26.6,26.6,3.3425,0,0,0
1987-07-14,26.64,26.64,26.64,26.64,3.34752,0,0,0
1987-07-15,26.55,26.55,26.55,26.55,3.33622,0,0,0
1987-07-16,26.57,26.57,26.57,26.57,3.33873,0,0,0
1987-07-17,26.72,26.72,26.72,26.72,3.35758,0,0,0
1987-07-20,26.54,26.54,26.54,26.54,3.33496,0,0,0
1987-07-21,26.35,26.35,26.35,26.35,3.31108,0,0,0
1987-07-22,26.31,26.31,26.31,26.31,3.30606,0,0,0
1987-07-23,26.21,26.21,26.21,26.21,3.29349,0,0,0
1987-07-24,26.19,26.19,26.19,26.19,3.29098,0,0,0
1987-07-27,26.25,26.25,26.25,26.25,3.29852,0,0,0
1987-07-28,26.25,26.25,26.25,26.25,3.29852,0,0,0
1987-07-29,26.34,26.34,26.34,26.34,3.30983,0,0,0
1987-07-30,26.4,26.4,26.4,26.4,3.31737,0,0,0
1987-07-31,26.44,26.44,26.44,26.44,3.32239,0,0,0
1987-08-03,26.39,26.39,26.39,26.39,3.31611,0,0,0
1987-08-04,26.35,26.35,26.35,26.35,3.31108,0,0,0
1987-08-05,26.54,26.54,26.54,26.54,3.33496,0,0,0
1987-08-06,26.74,26.74,26.74,26.74,3.36009,0,0,0
1987-08-07,26.81,26.81,26.81,26.81,3.36889,0,0,0
1987-08-10,27.04,27.04,27.04,27.04,3.39779,0,0,0
1987-08-11,27.37,27.37,27.37,27.37,3.43926,0,0,0
1987-08-12,27.34,27.34,27.34,27.34,3.43549,0,0,0
1987-08-13,27.71,27.71,27.71,27.71,3.48198,0,0,0
1987-08-14,27.93,27.93,27.93,27.93,3.50962,0,0,0
1987-08-17,27.93,27.93,27.93,27.93,3.50962,0,0,0
1987-08-18,27.59,27.59,27.59,27.59,3.4669,0,0,0
1987-08-19,27.49,27.49,27.49,27.49,3.45433,0,0,0
1987-08-20,27.76,27.76,27.76,27.76,3.48826,0,0,0
1987-08-21,27.83,27.83,27.83,27.83,3.49706,0,0,0
1987-08-24,27.83,27.83,27.83,27.83,3.49706,0,0,0
1987-08-25,27.88,27.88,27.88,27.88,3.50334,0,0,0
1987-08-26,27.7,27.7,27.7,27.7,3.48072,0,0,0
1987-08-27,27.44,27.44,27.44,27.44,3.44805,0,0,0
1987-08-28,27.12,27.12,27.12,27.12,3.40784,0,0,0
1987-08-31,27.27,27.27,27.27,27.27,3.42669,0,0,0
1987-09-01,26.98,26.98,26.98,26.98,3.39025,0,0,0
1987-09-02,26.76,26.76,26.76,26.76,3.3626,0,0,0
1987-09-03,26.66,26.66,26.66,26.66,3.35004,0,0,0
1987-09-04,26.59,26.59,26.59,26.59,3.34124,0,0,0
1987-09-08,26.35,26.35,26.35,26.35,3.31108,0,0,0
1987-09-09,26.37,26.37,26.37,26.37,3.3136,0,0,0
1987-09-10,26.46,26.46,26.46,26.46,3.32491,0,0,0
1987-09-11,26.71,26.71,26.71,26.71,3.35632,0,0,0
1987-09-14,26.81,26.81,26.81,26.81,3.36889,0,0,0
1987-09-15,26.59,26.59,26.59,26.59,3.34124,0,0,0
1987-09-16,26.49,26.49,26.49,26.49,3.32868,0,0,0
1987-09-17,26.46,26.46,26.46,26.46,3.32491,0,0,0
1987-09-18,26.38,26.38,26.38,26.38,3.31485,0,0,0
1987-09-21,26.27,26.27,26.27,26.27,3.30103,0,0,0
1987-09-22,26.79,26.79,26.79,26.79,3.36637,0,0,0
1987-09-23,26.82,26.82,26.82,26.82,3.37014,0,0,0
1987-09-24,26.75,26.75,26.75,26.75,3.36135,0,0,0
1987-09-25,26.84,26.84,26.84,26.84,3.37266,0,0,0
1987-09-28,27.09,27.09,27.09,27.09,3.40407,0,0,0
1987-09-29,27.09,27.09,27.09,27.09,3.40407,0,0,0
1987-09-30,27.05,27.05,27.05,27.05,3.39904,0,0,0
1987-10-01,27.35,27.35,27.35,27.35,3.43674,0,0,0
1987-10-02,27.37,27.37,27.37,27.37,3.43926,0,0,0
1987-10-05,27.32,27.32,27.32,27.32,3.43297,0,0,0
1987-10-06,27.11,27.11,27.11,27.11,3.40659,0,0,0
1987-10-07,27.11,27.11,27.11,27.11,3.40659,0,0,0
1987-10-08,27.03,27.03,27.03,27.03,3.39653,0,0,0
1987-10-09,26.92,26.92,26.92,26.92,3.38271,0,0,0
1987-10-12,26.82,26.82,26.82,26.82,3.37014,0,0,0
1987-10-13,27.52,27.52,27.52,27.52,3.4581,0,0,0
1987-10-14,27.31,27.31,27.31,27.31,3.43172,0,0,0
1987-10-15,27.19,27.19,27.19,27.19,3.41664,0,0,0
1987-10-16,26.46,26.46,26.46,26.46,3.32491,0,0,0
1987-10-19,26.46,26.46,26.46,26.46,3.32491,0,0,0
1987-10-20,24.09,24.09,24.09,24.09,3.0271,0,0,0
1987-10-21,25.55,25.55,25.55,25.55,3.21056,0,0,0
1987-10-22,25.3,25.3,25.3,25.3,3.17914,0,0,0
1987-10-23,25.43,25.43,25.43,25.43,3.19548,0,0,0
1987-10-26,24.74,24.74,24.74,24.74,3.10878,0,0,0
1987-10-27,24.9,24.9,24.9,24.9,3.12888,0,0,0
1987-10-28,24.82,24.82,24.82,24.82,3.11883,0,0,0
1987-10-29,25.15,25.15,25.15,25.15,3.1603,0,0,0
1987-10-30,25.42,25.42,25.42,25.42,3.19422,0,0,0
1987-11-02,25.52,25.52,25.52,25.52,3.20679,0,0,0
1987-11-03,25.37,25.37,25.37,25.37,3.18794,0,0,0
1987-11-04,25.36,25.36,25.36,25.36,3.18668,0,0,0
1987-11-05,25.66,25.66,25.66,25.66,3.22438,0,0,0
1987-11-06,25.69,25.69,25.69,25.69,3.22815,0,0,0
1987-11-09,25.41,25.41,25.41,25.41,3.19297,0,0,0
1987-11-10,25.22,25.22,25.22,25.22,3.16909,0,0,0
1987-11-11,25.33,25.33,25.33,25.33,3.18291,0,0,0
1987-11-12,25.49,25.49,25.49,25.49,3.20302,0,0,0
1987-11-13,25.3,25.3,25.3,25.3,3.17914,0,0,0
1987-11-16,25.27,25.27,25.27,25.27,3.17537,0,0,0
1987-11-17,25.12,25.12,25.12,25.12,3.15652,0,0,0
1987-11-18,25.27,25.27,25.27,25.27,3.17537,0,0,0
1987-11-19,25.07,25.07,25.07,25.07,3.15024,0,0,0
1987-11-20,25.1,25.1,25.1,25.1,3.15401,0,0,0
1987-11-23,25.16,25.16,25.16,25.16,3.16155,0,0,0
1987-11-24,25.27,25.27,25.27,25.27,3.17537,0,0,0
1987-11-25,25.18,25.18,25.18,25.18,3.16406,0,0,0
1987-11-27,25.09,25.09,25.09,25.09,3.15275,0,0,0
1987-11-30,24.57,24.57,24.57,24.57,3.08741,0,0,0
1987-12-01,24.72,24.72,24.72,24.72,3.10626,0,0,0
1987-12-02,24.73,24.73,24.73,24.73,3.10752,0,0,0
1987-12-03,24.42,24.42,24.42,24.42,3.06856,0,0,0
1987-12-04,24.19,24.19,24.19,24.19,3.03966,0,0,0
1987-12-07,24.28,24.28,24.28,24.28,3.05097,0,0,0
1987-12-08,24.46,24.46,24.46,24.46,3.07359,0,0,0
1987-12-09,24.56,24.56,24.56,24.56,3.08616,0,0,0
1987-12-10,24.29,24.29,24.29,24.29,3.05223,0,0,0
1987-12-11,24.35,24.35,24.35,24.35,3.05977,0,0,0
1987-12-14,24.64,24.64,24.64,24.64,3.09621,0,0,0
1987-12-15,23.37,23.37,23.37,23.37,3.09886,0,1.29,0
1987-12-16,23.49,23.49,23.49,23.49,3.11477,0,0,0
1987-12-17,23.26,23.26,23.26,23.26,3.08428,0,0,0
1987-12-18,23.52,23.52,23.52,23.52,3.11875,0,0,0
1987-12-21,23.52,23.52,23.52,23.52,3.11875,0,0,0
1987-12-22,23.44,23.44,23.44,23.44,3.10814,0,0,0
1987-12-23,23.61,23.61,23.61,23.61,3.13069,0,0,0
1987-12-24,23.53,23.53,23.53,23.53,3.12008,0,0,0
1987-12-28,23.29,23.29,23.29,23.29,3.08825,0,0,0
1987-12-29,23.26,23.26,23.26,23.26,3.08428,0,0,0
1987-12-30,23.4,23.4,23.4,23.4,3.10284,0,0,0
1987-12-31,23.49,23.49,23.49,23.49,3.11477,0,0,0
1988-01-04,23.98,23.98,23.98,23.98,3.17975,0,0,0
1988-01-05,24.25,24.25,24.25,24.25,3.21555,0,0,0
1988-01-06,24.32,24.32,24.32,24.32,3.22483,0,0,0
1988-01-07,24.53,24.53,24.53,24.53,3.25268,0,0,0
1988-01-08,23.91,23.91,23.91,23.91,3.17047,0,0,0
1988-01-11,23.9,23.9,23.9,23.9,3.16914,0,0,0
1988-01-12,23.75,23.75,23.75,23.75,3.14925,0,0,0
1988-01-13,23.84,23.84,23.84,23.84,3.16118,0,0,0
1988-01-14,23.87,23.87,23.87,23.87,3.16516,0,0,0
1988-01-15,24.26,24.26,24.26,24.26,3.21688,0,0,0
1988-01-18,24.35,24.35,24.35,24.35,3.22881,0,0,0
1988-01-19,24.39,24.39,24.39,24.39,3.23411,0,0,0
1988-01-20,24.25,24.25,24.25,24.25,3.21555,0,0,0
1988-01-21,24.29,24.29,24.29,24.29,3.22085,0,0,0
1988-01-22,24.71,24.71,24.71,24.71,3.27654,0,0,0
1988-01-25,25.04,25.04,25.04,25.04,3.3203,0,0,0
1988-01-26,24.96,24.96,24.96,24.96,3.3097,0,0,0
1988-01-27,24.98,24.98,24.98,24.98,3.31235,0,0,0
1988-01-28,25.27,25.27,25.27,25.27,3.3508,0,0,0
1988-01-29,25.52,25.52,25.52,25.52,3.38395,0,0,0
1988-02-01,25.49,25.49,25.49,25.49,3.37997,0,0,0
1988-02-02,25.48,25.48,25.48,25.48,3.37865,0,0,0
1988-02-03,25.23,25.23,25.23,25.23,3.3455,0,0,0
1988-02-04,25.18,25.18,25.18,25.18,3.33887,0,0,0
1988-02-05,25.24,25.24,25.24,25.24,3.34682,0,0,0
1988-02-08,25.06,25.06,25.06,25.06,3.32295,0,0,0
1988-02-09,25.16,25.16,25.16,25.16,3.33622,0,0,0
1988-02-10,25.42,25.42,25.42,25.42,3.37069,0,0,0
1988-02-11,25.35,25.35,25.35,25.35,3.36141,0,0,0
1988-02-12,25.35,25.35,25.35,25.35,3.36141,0,0,0
1988-02-16,25.28,25.28,25.28,25.28,3.35213,0,0,0
1988-02-17,25.19,25.19,25.19,25.19,3.34019,0,0,0
1988-02-18,25.14,25.14,25.14,25.14,3.33356,0,0,0
1988-02-19,25.29,25.29,25.29,25.29,3.35345,0,0,0
1988-02-22,25.47,25.47,25.47,25.47,3.37732,0,0,0
1988-02-23,25.35,25.35,25.35,25.35,3.36141,0,0,0
1988-02-24,25.27,25.27,25.27,25.27,3.3508,0,0,0
1988-02-25,25.1,25.1,25.1,25.1,3.32826,0,0,0
1988-02-26,25.17,25.17,25.17,25.17,3.33754,0,0,0
1988-02-29,25.32,25.32,25.32,25.32,3.35743,0,0,0
1988-03-01,25.26,25.26,25.26,25.26,3.34947,0,0,0
1988-03-02,25.33,25.33,25.33,25.33,3.35876,0,0,0
1988-03-03,25.31,25.31,25.31,25.31,3.3561,0,0,0
1988-03-04,25.2,25.2,25.2,25.2,3.34152,0,0,0
1988-03-07,25.04,25.04,25.04,25.04,3.3203,0,0,0
1988-03-08,24.94,24.94,24.94,24.94,3.30704,0,0,0
1988-03-09,24.8,24.8,24.8,24.8,3.28848,0,0,0
1988-03-10,24.64,24.64,24.64,24.64,3.26726,0,0,0
1988-03-11,24.75,24.75,24.75,24.75,3.28185,0,0,0
1988-03-14,24.79,24.79,24.79,24.79,3.28715,0,0,0
1988-03-15,24.89,24.89,24.89,24.89,3.30041,0,0,0
1988-03-16,25.12,25.12,25.12,25.12,3.33091,0,0,0
1988-03-17,25.19,25.19,25.19,25.19,3.34019,0,0,0
1988-03-18,25.21,25.21,25.21,25.21,3.34284,0,0,0
1988-03-21,24.99,24.99,24.99,24.99,3.31367,0,0,0
1988-03-22,24.99,24.99,24.99,24.99,3.31367,0,0,0
1988-03-23,25,25,25,25,3.315,0,0,0
1988-03-24,24.74,24.74,24.74,24.74,3.28052,0,0,0
1988-03-25,24.64,24.64,24.64,24.64,3.26726,0,0,0
1988-03-28,24.58,24.58,24.58,24.58,3.2593,0,0,0
1988-03-29,24.65,24.65,24.65,24.65,3.26859,0,0,0
1988-03-30,24.61,24.61,24.61,24.61,3.26329,0,0,0
1988-03-31,24.6,24.6,24.6,24.6,3.26196,0,0,0
1988-04-04,24.52,24.52,24.52,24.52,3.25135,0,0,0
1988-04-05,24.61,24.61,24.61,24.61,3.26329,0,0,0
1988-04-06,24.98,24.98,24.98,24.98,3.31235,0,0,0
1988-04-07,24.99,24.99,24.99,24.99,3.31367,0,0,0
1988-04-08,25.22,25.22,25.22,25.22,3.34417,0,0,0
1988-04-11,25.14,25.14,25.14,25.14,3.33356,0,0,0
1988-04-12,25.16,25.16,25.16,25.16,3.33622,0,0,0
1988-04-13,25.17,25.17,25.17,25.17,3.33754,0,0,0
1988-04-14,24.58,24.58,24.58,24.58,3.2593,0,0,0
1988-04-15,24.49,24.49,24.49,24.49,3.24737,0,0,0
1988-04-18,24.41,24.41,24.41,24.41,3.23677,0,0,0
1988-04-19,24.4,24.4,24.4,24.4,3.23544,0,0,0
1988-04-20,24.25,24.25,24.25,24.25,3.21555,0,0,0
1988-04-21,24.25,24.25,24.25,24.25,3.21555,0,0,0
1988-04-22,24.47,24.47,24.47,24.47,3.24472,0,0,0
1988-04-25,24.59,24.59,24.59,24.59,3.26063,0,0,0
1988-04-26,24.7,24.7,24.7,24.7,3.27522,0,0,0
1988-04-27,24.72,24.72,24.72,24.72,3.27787,0,0,0
1988-04-28,24.68,24.68,24.68,24.68,3.27257,0,0,0
1988-04-29,24.67,24.67,24.67,24.67,3.27124,0,0,0
1988-05-02,24.59,24.59,24.59,24.59,3.26063,0,0,0
1988-05-03,24.69,24.69,24.69,24.69,3.27389,0,0,0
1988-05-04,24.57,24.57,24.57,24.57,3.25798,0,0,0
1988-05-05,24.5,24.5,24.5,24.5,3.2487,0,0,0
1988-05-06,24.53,24.53,24.53,24.53,3.25268,0,0,0
1988-05-09,24.52,24.52,24.52,24.52,3.25135,0,0,0
1988-05-10,24.6,24.6,24.6,24.6,3.26196,0,0,0
1988-05-11,24.37,24.37,24.37,24.37,3.23146,0,0,0
1988-05-12,24.48,24.48,24.48,24.48,3.24605,0,0,0
1988-05-13,24.65,24.65,24.65,24.65,3.26859,0,0,0
1988-05-16,24.73,24.73,24.73,24.73,3.2792,0,0,0
1988-05-17,24.57,24.57,24.57,24.57,3.25798,0,0,0
1988-05-18,24.4,24.4,24.4,24.4,3.23544,0,0,0
1988-05-19,24.43,24.43,24.43,24.43,3.23942,0,0,0
1988-05-20,24.47,24.47,24.47,24.47,3.24472,0,0,0
1988-05-23,24.38,24.38,24.38,24.38,3.23279,0,0,0
1988-05-24,24.57,24.57,24.57,24.57,3.25798,0,0,0
1988-05-25,24.69,24.69,24.69,24.69,3.27389,0,0,0
1988-05-26,24.86,24.86,24.86,24.86,3.29644,0,0,0
1988-05-27,24.88,24.88,24.88,24.88,3.29909,0,0,0
1988-05-31,25.44,25.44,25.44,25.44,3.37334,0,0,0
1988-06-01,25.66,25.66,25.66,25.66,3.40251,0,0,0
1988-06-02,25.56,25.56,25.56,25.56,3.38926,0,0,0
1988-06-03,25.65,25.65,25.65,25.65,3.40119,0,0,0
1988-06-06,25.6,25.6,25.6,25.6,3.39456,0,0,0
1988-06-07,25.48,25.48,25.48,25.48,3.37865,0,0,0
1988-06-08,25.82,25.82,25.82,25.82,3.42373,0,0,0
1988-06-09,25.75,25.75,25.75,25.75,3.41445,0,0,0
1988-06-10,25.77,25.77,25.77,25.77,3.4171,0,0,0
1988-06-13,25.8,25.8,25.8,25.8,3.42108,0,0,0
1988-06-14,26.02,26.02,26.02,26.02,3.45025,0,0,0
1988-06-15,25.99,25.99,25.99,25.99,3.44627,0,0,0
1988-06-16,25.81,25.81,25.81,25.81,3.4224,0,0,0
1988-06-17,25.86,25.86,25.86,25.86,3.42903,0,0,0
1988-06-20,25.78,25.78,25.78,25.78,3.41843,0,0,0
1988-06-21,25.96,25.96,25.96,25.96,3.4423,0,0,0
1988-06-22,26.22,26.22,26.22,26.22,3.47677,0,0,0
1988-06-23,26.18,26.18,26.18,26.18,3.47147,0,0,0
1988-06-24,26.17,26.17,26.17,26.17,3.47014,0,0,0
1988-06-27,25.97,25.97,25.97,25.97,3.44362,0,0,0
1988-06-28,26.08,26.08,26.08,26.08,3.45821,0,0,0
1988-06-29,25.99,25.99,25.99,25.99,3.44627,0,0,0
1988-06-30,26.11,26.11,26.11,26.11,3.46218,0,0,0
1988-07-01,25.35,25.35,25.35,25.35,3.45809,0,0.73,0
1988-07-05,25.55,25.55,25.55,25.55,3.48537,0,0,0
1988-07-06,25.35,25.35,25.35,25.35,3.45809,0,0,0
1988-07-07,25.29,25.29,25.29,25.29,3.44991,0,0,0
1988-07-08,25.24,25.24,25.24,25.24,3.44309,0,0,0
1988-07-11,25.23,25.23,25.23,25.23,3.44172,0,0,0
1988-07-12,25.15,25.15,25.15,25.15,3.43081,0,0,0
1988-07-13,25.21,25.21,25.21,25.21,3.43899,0,0,0
1988-07-14,25.25,25.25,25.25,25.25,3.44445,0,0,0
1988-07-15,25.33,25.33,25.33,25.33,3.45537,0,0,0
1988-07-18,25.2,25.2,25.2,25.2,3.43763,0,0,0
1988-07-19,25.17,25.17,25.17,25.17,3.43354,0,0,0
1988-07-20,25.19,25.19,25.19,25.19,3.43627,0,0,0
1988-07-21,25.04,25.04,25.04,25.04,3.41581,0,0,0
1988-07-22,24.87,24.87,24.87,24.87,3.39261,0,0,0
1988-07-25,24.88,24.88,24.88,24.88,3.39398,0,0,0
1988-07-26,24.95,24.95,24.95,24.95,3.40353,0,0,0
1988-07-27,24.82,24.82,24.82,24.82,3.38579,0,0,0
1988-07-28,25.01,25.01,25.01,25.01,3.41171,0,0,0
1988-07-29,25.3,25.3,25.3,25.3,3.45127,0,0,0
1988-08-01,25.35,25.35,25.35,25.35,3.45809,0,0,0
1988-08-02,25.35,25.35,25.35,25.35,3.45809,0,0,0
1988-08-03,25.39,25.39,25.39,25.39,3.46355,0,0,0
1988-08-04,25.4,25.4,25.4,25.4,3.46491,0,0,0
1988-08-05,25.34,25.34,25.34,25.34,3.45673,0,0,0
1988-08-08,25.33,25.33,25.33,25.33,3.45537,0,0,0
1988-08-09,25.09,25.09,25.09,25.09,3.42263,0,0,0
1988-08-10,24.81,24.81,24.81,24.81,3.38443,0,0,0
1988-08-11,24.89,24.89,24.89,24.89,3.39534,0,0,0
1988-08-12,24.84,24.84,24.84,24.84,3.38852,0,0,0
1988-08-15,24.66,24.66,24.66,24.66,3.36397,0,0,0
1988-08-16,24.78,24.78,24.78,24.78,3.38034,0,0,0
1988-08-17,24.78,24.78,24.78,24.78,3.38034,0,0,0
1988-08-18,24.79,24.79,24.79,24.79,3.3817,0,0,0
1988-08-19,24.87,24.87,24.87,24.87,3.39261,0,0,0
1988-08-22,24.87,24.87,24.87,24.87,3.39261,0,0,0
1988-08-23,24.84,24.84,24.84,24.84,3.38852,0,0,0
1988-08-24,25.03,25.03,25.03,25.03,3.41444,0,0,0
1988-08-25,24.95,24.95,24.95,24.95,3.40353,0,0,0
1988-08-26,25,25,25,25,3.41035,0,0,0
1988-08-29,25.11,25.11,25.11,25.11,3.42535,0,0,0
1988-08-30,25.22,25.22,25.22,25.22,3.44036,0,0,0
1988-08-31,25.26,25.26,25.26,25.26,3.44582,0,0,0
1988-09-01,25.09,25.09,25.09,25.09,3.42263,0,0,0
1988-09-02,25.4,25.4,25.4,25.4,3.46491,0,0,0
1988-09-06,25.4,25.4,25.4,25.4,3.46491,0,0,0
1988-09-07,25.4,25.4,25.4,25.4,3.46491,0,0,0
1988-09-08,25.46,25.46,25.46,25.46,3.4731,0,0,0
1988-09-09,25.49,25.49,25.49,25.49,3.47719,0,0,0
1988-09-12,25.45,25.45,25.45,25.45,3.47173,0,0,0
1988-09-13,25.46,25.46,25.46,25.46,3.4731,0,0,0
1988-09-14,25.53,25.53,25.53,25.53,3.48265,0,0,0
1988-09-15,25.52,25.52,25.52,25.52,3.48128,0,0,0
1988-09-16,25.62,25.62,25.62,25.62,3.49492,0,0,0
1988-09-19,25.57,25.57,25.57,25.57,3.48811,0,0,0
1988-09-20,25.67,25.67,25.67,25.67,3.50175,0,0,0
1988-09-21,25.65,25.65,25.65,25.65,3.49902,0,0,0
1988-09-22,25.67,25.67,25.67,25.67,3.50175,0,0,0
1988-09-23,25.74,25.74,25.74,25.74,3.51129,0,0,0
1988-09-26,25.74,25.74,25.74,25.74,3.51129,0,0,0
1988-09-27,25.8,25.8,25.8,25.8,3.51948,0,0,0
1988-09-28,25.82,25.82,25.82,25.82,3.52221,0,0,0
1988-09-29,26.03,26.03,26.03,26.03,3.55085,0,0,0
1988-09-30,26.14,26.14,26.14,26.14,3.56586,0,0,0
1988-10-03,26.07,26.07,26.07,26.07,3.55631,0,0,0
1988-10-04,26.06,26.06,26.06,26.06,3.55495,0,0,0
1988-10-05,26.18,26.18,26.18,26.18,3.57132,0,0,0
1988-10-06,26.25,26.25,26.25,26.25,3.58087,0,0,0
1988-10-07,26.64,26.64,26.64,26.64,3.63407,0,0,0
1988-10-10,26.45,26.45,26.45,26.45,3.60815,0,0,0
1988-10-11,26.36,26.36,26.36,26.36,3.59587,0,0,0
1988-10-12,26.19,26.19,26.19,26.19,3.57268,0,0,0
1988-10-13,26.31,26.31,26.31,26.31,3.58905,0,0,0
1988-10-14,26.37,26.37,26.37,26.37,3.59723,0,0,0
1988-10-17,26.41,26.41,26.41,26.41,3.60269,0,0,0
1988-10-18,26.49,26.49,26.49,26.49,3.61361,0,0,0
1988-10-19,26.35,26.35,26.35,26.35,3.5945,0,0,0
1988-10-20,26.62,26.62,26.62,26.62,3.63134,0,0,0
1988-10-21,26.74,26.74,26.74,26.74,3.64771,0,0,0
1988-10-24,26.73,26.73,26.73,26.73,3.64634,0,0,0
1988-10-25,26.71,26.71,26.71,26.71,3.64362,0,0,0
1988-10-26,26.76,26.76,26.76,26.76,3.65044,0,0,0
1988-10-27,26.57,26.57,26.57,26.57,3.62452,0,0,0
1988-10-28,26.66,26.66,26.66,26.66,3.63679,0,0,0
1988-10-31,26.7,26.7,26.7,26.7,3.64225,0,0,0
1988-11-01,26.72,26.72,26.72,26.72,3.64498,0,0,0
1988-11-02,26.73,26.73,26.73,26.73,3.64634,0,0,0
1988-11-03,26.79,26.79,26.79,26.79,3.65453,0,0,0
1988-11-04,26.68,26.68,26.68,26.68,3.63952,0,0,0
1988-11-07,26.47,26.47,26.47,26.47,3.61088,0,0,0
1988-11-08,26.59,26.59,26.59,26.59,3.62725,0,0,0
1988-11-09,26.52,26.52,26.52,26.52,3.6177,0,0,0
1988-11-10,26.62,26.62,26.62,26.62,3.63134,0,0,0
1988-11-11,26.62,26.62,26.62,26.62,3.63134,0,0,0
1988-11-14,26.32,26.32,26.32,26.32,3.59041,0,0,0
1988-11-15,26.38,26.38,26.38,26.38,3.5986,0,0,0
1988-11-16,26.18,26.18,26.18,26.18,3.57132,0,0,0
1988-11-17,26.18,26.18,26.18,26.18,3.57132,0,0,0
1988-11-18,26.27,26.27,26.27,26.27,3.58359,0,0,0
1988-11-21,26.24,26.24,26.24,26.24,3.5795,0,0,0
1988-11-22,26.26,26.26,26.26,26.26,3.58223,0,0,0
1988-11-23,26.45,26.45,26.45,26.45,3.60815,0,0,0
1988-11-25,26.36,26.36,26.36,26.36,3.59587,0,0,0
1988-11-28,26.39,26.39,26.39,26.39,3.59996,0,0,0
1988-11-29,26.53,26.53,26.53,26.53,3.61906,0,0,0
1988-11-30,26.64,26.64,26.64,26.64,3.63407,0,0,0
1988-12-01,26.63,26.63,26.63,26.63,3.6327,0,0,0
1988-12-02,26.51,26.51,26.51,26.51,3.61633,0,0,0
1988-12-05,26.55,26.55,26.55,26.55,3.62179,0,0,0
1988-12-06,26.62,26.62,26.62,26.62,3.63134,0,0,0
1988-12-07,26.69,26.69,26.69,26.69,3.64089,0,0,0
1988-12-08,26.6,26.6,26.6,26.6,3.62861,0,0,0
1988-12-09,26.59,26.59,26.59,26.59,3.62725,0,0,0
1988-12-12,26.63,26.63,26.63,26.63,3.6327,0,0,0
1988-12-13,26.59,26.59,26.59,26.59,3.62725,0,0,0
1988-12-14,26.57,26.57,26.57,26.57,3.62452,0,0,0
1988-12-15,26.46,26.46,26.46,26.46,3.60951,0,0,0
1988-12-16,26.61,26.61,26.61,26.61,3.62997,0,0,0
1988-12-19,26,26,26,26,3.64118,0,0.69,0
1988-12-20,25.95,25.95,25.95,25.95,3.63418,0,0,0
1988-12-21,25.97,25.97,25.97,25.97,3.63698,0,0,0
1988-12-22,25.94,25.94,25.94,25.94,3.63277,0,0,0
1988-12-23,25.98,25.98,25.98,25.98,3.63838,0,0,0
1988-12-27,25.95,25.95,25.95,25.95,3.63418,0,0,0
1988-12-28,25.94,25.94,25.94,25.94,3.63277,0,0,0
1988-12-29,25.99,25.99,25.99,25.99,3.63978,0,0,0
1988-12-30,25.9,25.9,25.9,25.9,3.62717,0,0,0
1989-01-03,25.75,25.75,25.75,25.75,3.60617,0,0,0
1989-01-04,25.93,25.93,25.93,25.93,3.63138,0,0,0
1989-01-05,25.94,25.94,25.94,25.94,3.63277,0,0,0
1989-01-06,26.07,26.07,26.07,26.07,3.65098,0,0,0
1989-01-09,26.1,26.1,26.1,26.1,3.65518,0,0,0
1989-01-10,26.08,26.08,26.08,26.08,3.65238,0,0,0
1989-01-11,26.19,26.19,26.19,26.19,3.66779,0,0,0
1989-01-12,26.24,26.24,26.24,26.24,3.67479,0,0,0
1989-01-13,26.29,26.29,26.29,26.29,3.68179,0,0,0
1989-01-16,26.55,26.55,26.55,26.55,3.7182,0,0,0
1989-01-17,26.63,26.63,26.63,26.63,3.72941,0,0,0
1989-01-18,26.74,26.74,26.74,26.74,3.74481,0,0,0
1989-01-19,26.77,26.77,26.77,26.77,3.74901,0,0,0
1989-01-20,26.78,26.78,26.78,26.78,3.75041,0,0,0
1989-01-23,26.76,26.76,26.76,26.76,3.74761,0,0,0
1989-01-24,26.89,26.89,26.89,26.89,3.76582,0,0,0
1989-01-25,26.87,26.87,26.87,26.87,3.76302,0,0,0
1989-01-26,26.94,26.94,26.94,26.94,3.77282,0,0,0
1989-01-27,27,27,27,27,3.78122,0,0,0
1989-01-30,27.09,27.09,27.09,27.09,3.79383,0,0,0
1989-01-31,27.12,27.12,27.12,27.12,3.79803,0,0,0
1989-02-01,27.12,27.12,27.12,27.12,3.79803,0,0,0
1989-02-02,27.08,27.08,27.08,27.08,3.79243,0,0,0
1989-02-03,27.05,27.05,27.05,27.05,3.78823,0,0,0
1989-02-06,27.11,27.11,27.11,27.11,3.79663,0,0,0
1989-02-07,27.4,27.4,27.4,27.4,3.83724,0,0,0
1989-02-08,27.38,27.38,27.38,27.38,3.83444,0,0,0
1989-02-09,27.26,27.26,27.26,27.26,3.81763,0,0,0
1989-02-10,27.12,27.12,27.12,27.12,3.79803,0,0,0
1989-02-13,27.25,27.25,27.25,27.25,3.81623,0,0,0
1989-02-14,27.22,27.22,27.22,27.22,3.81203,0,0,0
1989-02-15,27.23,27.23,27.23,27.23,3.81343,0,0,0
1989-02-16,27.23,27.23,27.23,27.23,3.81343,0,0,0
1989-02-17,27.36,27.36,27.36,27.36,3.83164,0,0,0
1989-02-21,27.29,27.29,27.29,27.29,3.82184,0,0,0
1989-02-22,27.12,27.12,27.12,27.12,3.79803,0,0,0
1989-02-23,27.21,27.21,27.21,27.21,3.81063,0,0,0
1989-02-24,26.92,26.92,26.92,26.92,3.77002,0,0,0
1989-02-27,26.91,26.91,26.91,26.91,3.76862,0,0,0
1989-02-28,26.95,26.95,26.95,26.95,3.77422,0,0,0
1989-03-01,27,27,27,27,3.78122,0,0,0
1989-03-02,27.15,27.15,27.15,27.15,3.80223,0,0,0
1989-03-03,27.21,27.21,27.21,27.21,3.81063,0,0,0
1989-03-06,27.44,27.44,27.44,27.44,3.84284,0,0,0
1989-03-07,27.41,27.41,27.41,27.41,3.83864,0,0,0
1989-03-08,27.44,27.44,27.44,27.44,3.84284,0,0,0
1989-03-09,27.38,27.38,27.38,27.38,3.83444,0,0,0
1989-03-10,27.3,27.3,27.3,27.3,3.82324,0,0,0
1989-03-13,27.41,27.41,27.41,27.41,3.83864,0,0,0
1989-03-14,27.36,27.36,27.36,27.36,3.83164,0,0,0
1989-03-15,27.35,27.35,27.35,27.35,3.83024,0,0,0
1989-03-16,27.49,27.49,27.49,27.49,3.84985,0,0,0
1989-03-17,27.13,27.13,27.13,27.13,3.79943,0,0,0
1989-03-20,27,27,27,27,3.78122,0,0,0
1989-03-21,27.02,27.02,27.02,27.02,3.78402,0,0,0
1989-03-22,27.09,27.09,27.09,27.09,3.79383,0,0,0
1989-03-23,27.05,27.05,27.05,27.05,3.78823,0,0,0
1989-03-27,27.14,27.14,27.14,27.14,3.80083,0,0,0
1989-03-28,27.14,27.14,27.14,27.14,3.80083,0,0,0
1989-03-29,27.13,27.13,27.13,27.13,3.79943,0,0,0
1989-03-30,27.24,27.24,27.24,27.24,3.81483,0,0,0
1989-03-31,27.41,27.41,27.41,27.41,3.83864,0,0,0
1989-04-03,27.49,27.49,27.49,27.49,3.84985,0,0,0
1989-04-04,27.44,27.44,27.44,27.44,3.84284,0,0,0
1989-04-05,27.59,27.59,27.59,27.59,3.86385,0,0,0
1989-04-06,27.6,27.6,27.6,27.6,3.86525,0,0,0
1989-04-07,27.63,27.63,27.63,27.63,3.86945,0,0,0
1989-04-10,27.55,27.55,27.55,27.55,3.85825,0,0,0
1989-04-11,27.71,27.71,27.71,27.71,3.88065,0,0,0
1989-04-12,27.69,27.69,27.69,27.69,3.87785,0,0,0
1989-04-13,27.55,27.55,27.55,27.55,3.85825,0,0,0
1989-04-14,27.83,27.83,27.83,27.83,3.89746,0,0,0
1989-04-17,27.93,27.93,27.93,27.93,3.91147,0,0,0
1989-04-18,28.23,28.23,28.23,28.23,3.95348,0,0,0
1989-04-19,28.29,28.29,28.29,28.29,3.96188,0,0,0
1989-04-20,28.27,28.27,28.27,28.27,3.95908,0,0,0
1989-04-21,28.41,28.41,28.41,28.41,3.97869,0,0,0
1989-04-24,28.45,28.45,28.45,28.45,3.98429,0,0,0
1989-04-25,28.41,28.41,28.41,28.41,3.97869,0,0,0
1989-04-26,28.44,28.44,28.44,28.44,3.98289,0,0,0
1989-04-27,28.72,28.72,28.72,28.72,4.0221,0,0,0
1989-04-28,28.83,28.83,28.83,28.83,4.03751,0,0,0
1989-05-01,28.91,28.91,28.91,28.91,4.04871,0,0,0
1989-05-02,28.88,28.88,28.88,28.88,4.04451,0,0,0
1989-05-03,28.84,28.84,28.84,28.84,4.03891,0,0,0
1989-05-04,28.89,28.89,28.89,28.89,4.04591,0,0,0
1989-05-05,28.94,28.94,28.94,28.94,4.05291,0,0,0
1989-05-08,28.82,28.82,28.82,28.82,4.03611,0,0,0
1989-05-09,28.8,28.8,28.8,28.8,4.0333,0,0,0
1989-05-10,28.84,28.84,28.84,28.84,4.03891,0,0,0
1989-05-11,28.9,28.9,28.9,28.9,4.04731,0,0,0
1989-05-12,29.35,29.35,29.35,29.35,4.11033,0,0,0
1989-05-15,29.44,29.44,29.44,29.44,4.12293,0,0,0
1989-05-16,29.42,29.42,29.42,29.42,4.12013,0,0,0
1989-05-17,29.69,29.69,29.69,29.69,4.15795,0,0,0
1989-05-18,29.78,29.78,29.78,29.78,4.17055,0,0,0
1989-05-19,30.04,30.04,30.04,30.04,4.20696,0,0,0
1989-05-22,30.15,30.15,30.15,30.15,4.22236,0,0,0
1989-05-23,30.02,30.02,30.02,30.02,4.20416,0,0,0
1989-05-24,30,30,30,30,4.20136,0,0,0
1989-05-25,30,30,30,30,4.20136,0,0,0
1989-05-26,30.17,30.17,30.17,30.17,4.22517,0,0,0
1989-05-30,30.04,30.04,30.04,30.04,4.20696,0,0,0
1989-05-31,30.19,30.19,30.19,30.19,4.22797,0,0,0
1989-06-01,30.29,30.29,30.29,30.29,4.24197,0,0,0
1989-06-02,30.58,30.58,30.58,30.58,4.28259,0,0,0
1989-06-05,30.52,30.52,30.52,30.52,4.27418,0,0,0
1989-06-06,30.62,30.62,30.62,30.62,4.28819,0,0,0
1989-06-07,30.88,30.88,30.88,30.88,4.3246,0,0,0
1989-06-08,30.82,30.82,30.82,30.82,4.31619,0,0,0
1989-06-09,30.82,30.82,30.82,30.82,4.31619,0,0,0
1989-06-12,30.78,30.78,30.78,30.78,4.3106,0,0,0
1989-06-13,30.63,30.63,30.63,30.63,4.28959,0,0,0
1989-06-14,30.69,30.69,30.69,30.69,4.29799,0,0,0
1989-06-15,30.55,30.55,30.55,30.55,4.27838,0,0,0
1989-06-16,29.8,29.8,29.8,29.8,4.28702,0,0.81,0
1989-06-19,29.75,29.75,29.75,29.75,4.27982,0,0,0
1989-06-20,29.71,29.71,29.71,29.71,4.27407,0,0,0
1989-06-21,29.74,29.74,29.74,29.74,4.27838,0,0,0
1989-06-22,29.95,29.95,29.95,29.95,4.3086,0,0,0
1989-06-23,30.33,30.33,30.33,30.33,4.36326,0,0,0
1989-06-26,30.3,30.3,30.3,30.3,4.35895,0,0,0
1989-06-27,30.43,30.43,30.43,30.43,4.37765,0,0,0
1989-06-28,30.38,30.38,30.38,30.38,4.37045,0,0,0
1989-06-29,30.07,30.07,30.07,30.07,4.32586,0,0,0
1989-06-30,30.13,30.13,30.13,30.13,4.33449,0,0,0
1989-07-03,30.2,30.2,30.2,30.2,4.34456,0,0,0
1989-07-05,30.31,30.31,30.31,30.31,4.36039,0,0,0
1989-07-06,30.42,30.42,30.42,30.42,4.37621,0,0,0
1989-07-07,30.67,30.67,30.67,30.67,4.41217,0,0,0
1989-07-10,30.89,30.89,30.89,30.89,4.44382,0,0,0
1989-07-11,31.1,31.1,31.1,31.1,4.47403,0,0,0
1989-07-12,31.1,31.1,31.1,31.1,4.47403,0,0,0
1989-07-13,31.16,31.16,31.16,31.16,4.48266,0,0,0
1989-07-14,31.21,31.21,31.21,31.21,4.48986,0,0,0
1989-07-17,31.19,31.19,31.19,31.19,4.48698,0,0,0
1989-07-18,31.01,31.01,31.01,31.01,4.46109,0,0,0
1989-07-19,31.19,31.19,31.19,31.19,4.48698,0,0,0
1989-07-20,30.97,30.97,30.97,30.97,4.45533,0,0,0
1989-07-21,30.93,30.93,30.93,30.93,4.44958,0,0,0
1989-07-24,30.81,30.81,30.81,30.81,4.43231,0,0,0
1989-07-25,30.97,30.97,30.97,30.97,4.45533,0,0,0
1989-07-26,31.21,31.21,31.21,31.21,4.48986,0,0,0
1989-07-27,31.41,31.41,31.41,31.41,4.51863,0,0,0
1989-07-28,31.55,31.55,31.55,31.55,4.53877,0,0,0
1989-07-31,31.78,31.78,31.78,31.78,4.57186,0,0,0
1989-08-01,31.87,31.87,31.87,31.87,4.5848,0,0,0
1989-08-02,31.89,31.89,31.89,31.89,4.58768,0,0,0
1989-08-03,31.96,31.96,31.96,31.96,4.59775,0,0,0
1989-08-04,31.85,31.85,31.85,31.85,4.58193,0,0,0
1989-08-07,32.07,32.07,32.07,32.07,4.61358,0,0,0
1989-08-08,32.05,32.05,32.05,32.05,4.6107,0,0,0
1989-08-09,31.93,31.93,31.93,31.93,4.59344,0,0,0
1989-08-10,31.92,31.92,31.92,31.92,4.592,0,0,0
1989-08-11,31.69,31.69,31.69,31.69,4.55891,0,0,0
1989-08-14,31.66,31.66,31.66,31.66,4.55459,0,0,0
1989-08-15,31.83,31.83,31.83,31.83,4.57905,0,0,0
1989-08-16,31.88,31.88,31.88,31.88,4.58624,0,0,0
1989-08-17,31.75,31.75,31.75,31.75,4.56754,0,0,0
1989-08-18,31.86,31.86,31.86,31.86,4.58337,0,0,0
1989-08-21,31.59,31.59,31.59,31.59,4.54452,0,0,0
1989-08-22,31.42,31.42,31.42,31.42,4.52007,0,0,0
1989-08-23,31.6,31.6,31.6,31.6,4.54596,0,0,0
1989-08-24,31.96,31.96,31.96,31.96,4.59775,0,0,0
1989-08-25,31.88,31.88,31.88,31.88,4.58624,0,0,0
1989-08-28,31.91,31.91,31.91,31.91,4.59056,0,0,0
1989-08-29,31.89,31.89,31.89,31.89,4.58768,0,0,0
1989-08-30,31.88,31.88,31.88,31.88,4.58624,0,0,0
1989-08-31,31.92,31.92,31.92,31.92,4.592,0,0,0
1989-09-01,32.07,32.07,32.07,32.07,4.61358,0,0,0
1989-09-05,32.07,32.07,32.07,32.07,4.61358,0,0,0
1989-09-06,31.89,31.89,31.89,31.89,4.58768,0,0,0
1989-09-07,31.91,31.91,31.91,31.91,4.59056,0,0,0
1989-09-08,32.03,32.03,32.03,32.03,4.60782,0,0,0
1989-09-11,32.01,32.01,32.01,32.01,4.60495,0,0,0
1989-09-12,32.03,32.03,32.03,32.03,4.60782,0,0,0
1989-09-13,31.96,31.96,31.96,31.96,4.59775,0,0,0
1989-09-14,31.84,31.84,31.84,31.84,4.58049,0,0,0
1989-09-15,31.91,31.91,31.91,31.91,4.59056,0,0,0
1989-09-18,32,32,32,32,4.60351,0,0,0
1989-09-19,32.03,32.03,32.03,32.03,4.60782,0,0,0
1989-09-20,32.06,32.06,32.06,32.06,4.61214,0,0,0
1989-09-21,32.01,32.01,32.01,32.01,4.60495,0,0,0
1989-09-22,32.12,32.12,32.12,32.12,4.62077,0,0,0
1989-09-25,32.05,32.05,32.05,32.05,4.6107,0,0,0
1989-09-26,32.09,32.09,32.09,32.09,4.61645,0,0,0
1989-09-27,32.14,32.14,32.14,32.14,4.62365,0,0,0
1989-09-28,32.25,32.25,32.25,32.25,4.63947,0,0,0
1989-09-29,32.38,32.38,32.38,32.38,4.65817,0,0,0
1989-10-02,32.42,32.42,32.42,32.42,4.66393,0,0,0
1989-10-03,32.57,32.57,32.57,32.57,4.68551,0,0,0
1989-10-04,32.69,32.69,32.69,32.69,4.70277,0,0,0
1989-10-05,32.76,32.76,32.76,32.76,4.71284,0,0,0
1989-10-06,32.9,32.9,32.9,32.9,4.73298,0,0,0
1989-10-09,32.89,32.89,32.89,32.89,4.73154,0,0,0
1989-10-10,32.9,32.9,32.9,32.9,4.73298,0,0,0
1989-10-11,32.75,32.75,32.75,32.75,4.7114,0,0,0
1989-10-12,32.75,32.75,32.75,32.75,4.7114,0,0,0
1989-10-13,31.57,31.57,31.57,31.57,4.54165,0,0,0
1989-10-16,31.72,31.72,31.72,31.72,4.56323,0,0,0
1989-10-17,31.76,31.76,31.76,31.76,4.56898,0,0,0
1989-10-18,31.84,31.84,31.84,31.84,4.58049,0,0,0
1989-10-19,32.14,32.14,32.14,32.14,4.62365,0,0,0
1989-10-20,32.14,32.14,32.14,32.14,4.62365,0,0,0
1989-10-23,32.1,32.1,32.1,32.1,4.61789,0,0,0
1989-10-24,31.97,31.97,31.97,31.97,4.59919,0,0,0
1989-10-25,32.04,32.04,32.04,32.04,4.60926,0,0,0
1989-10-26,31.92,31.92,31.92,31.92,4.592,0,0,0
1989-10-27,31.87,31.87,31.87,31.87,4.5848,0,0,0
1989-10-30,31.93,31.93,31.93,31.93,4.59344,0,0,0
1989-10-31,32.24,32.24,32.24,32.24,4.63803,0,0,0
1989-11-01,32.37,32.37,32.37,32.37,4.65673,0,0,0
1989-11-02,32.41,32.41,32.41,32.41,4.66249,0,0,0
1989-11-03,32.32,32.32,32.32,32.32,4.64954,0,0,0
1989-11-06,32.16,32.16,32.16,32.16,4.62653,0,0,0
1989-11-07,32.31,32.31,32.31,32.31,4.6481,0,0,0
1989-11-08,32.5,32.5,32.5,32.5,4.67544,0,0,0
1989-11-09,32.39,32.39,32.39,32.39,4.65961,0,0,0
1989-11-10,32.4,32.4,32.4,32.4,4.66105,0,0,0
1989-11-13,32.43,32.43,32.43,32.43,4.66537,0,0,0
1989-11-14,32.48,32.48,32.48,32.48,4.67256,0,0,0
1989-11-15,32.63,32.63,32.63,32.63,4.69414,0,0,0
1989-11-16,32.6,32.6,32.6,32.6,4.68982,0,0,0
1989-11-17,32.56,32.56,32.56,32.56,4.68407,0,0,0
1989-11-20,32.51,32.51,32.51,32.51,4.67687,0,0,0
1989-11-21,32.52,32.52,32.52,32.52,4.67831,0,0,0
1989-11-22,32.69,32.69,32.69,32.69,4.70277,0,0,0
1989-11-24,32.78,32.78,32.78,32.78,4.71572,0,0,0
1989-11-27,32.97,32.97,32.97,32.97,4.74305,0,0,0
1989-11-28,33.04,33.04,33.04,33.04,4.75312,0,0,0
1989-11-29,33.04,33.04,33.04,33.04,4.75312,0,0,0
1989-11-30,33.29,33.29,33.29,33.29,4.78909,0,0,0
1989-12-01,33.63,33.63,33.63,33.63,4.838,0,0,0
1989-12-04,33.77,33.77,33.77,33.77,4.85814,0,0,0
1989-12-05,33.78,33.78,33.78,33.78,4.85958,0,0,0
1989-12-06,33.88,33.88,33.88,33.88,4.87396,0,0,0
1989-12-07,33.86,33.86,33.86,33.86,4.87108,0,0,0
1989-12-08,33.94,33.94,33.94,33.94,4.88259,0,0,0
1989-12-11,33.95,33.95,33.95,33.95,4.88403,0,0,0
1989-12-12,34.26,34.26,34.26,34.26,4.92863,0,0,0
1989-12-13,34.61,34.61,34.61,34.61,4.97898,0,0,0
1989-12-14,34.7,34.7,34.7,34.7,4.99193,0,0,0
1989-12-15,34.65,34.65,34.65,34.65,4.98473,0,0,0
1989-12-18,34.41,34.41,34.41,34.41,4.95021,0,0,0
1989-12-19,34.32,34.32,34.32,34.32,4.93726,0,0,0
1989-12-20,34.39,34.39,34.39,34.39,4.94733,0,0,0
1989-12-21,34.47,34.47,34.47,34.47,4.95884,0,0,0
1989-12-22,34.6,34.6,34.6,34.6,4.97754,0,0,0
1989-12-26,34.61,34.61,34.61,34.61,4.97898,0,0,0
1989-12-27,34.73,34.73,34.73,34.73,4.99624,0,0,0
1989-12-28,34.85,34.85,34.85,34.85,5.01351,0,0,0
1989-12-29,35.05,35.05,35.05,35.05,5.04228,0,0,0
1990-01-02,35.13,35.13,35.13,35.13,5.05379,0,0,0
1990-01-03,34.94,34.94,34.94,34.94,5.02645,0,0,0
1990-01-04,34.66,34.66,34.66,34.66,4.98617,0,0,0
1990-01-05,34.25,34.25,34.25,34.25,4.92719,0,0,0
1990-01-08,34.24,34.24,34.24,34.24,4.92575,0,0,0
1990-01-09,34.04,34.04,34.04,34.04,4.89698,0,0,0
1990-01-10,34,34,34,34,4.89123,0,0,0
1990-01-11,34.07,34.07,34.07,34.07,4.9013,0,0,0
1990-01-12,33.7,33.7,33.7,33.7,4.84807,0,0,0
1990-01-15,33.53,33.53,33.53,33.53,4.82361,0,0,0
1990-01-16,33.61,33.61,33.61,33.61,4.83512,0,0,0
1990-01-17,33.58,33.58,33.58,33.58,4.8308,0,0,0
1990-01-18,33.57,33.57,33.57,33.57,4.82937,0,0,0
1990-01-19,33.69,33.69,33.69,33.69,4.84663,0,0,0
1990-01-22,33.34,33.34,33.34,33.34,4.79628,0,0,0
1990-01-23,33.37,33.37,33.37,33.37,4.80059,0,0,0
1990-01-24,33.12,33.12,33.12,33.12,4.76463,0,0,0
1990-01-25,33.03,33.03,33.03,33.03,4.75168,0,0,0
1990-01-26,33.08,33.08,33.08,33.08,4.75888,0,0,0
1990-01-29,33.08,33.08,33.08,33.08,4.75888,0,0,0
1990-01-30,32.95,32.95,32.95,32.95,4.74017,0,0,0
1990-01-31,33.32,33.32,33.32,33.32,4.7934,0,0,0
1990-02-01,33.45,33.45,33.45,33.45,4.8121,0,0,0
1990-02-02,33.55,33.55,33.55,33.55,4.82649,0,0,0
1990-02-05,33.62,33.62,33.62,33.62,4.83656,0,0,0
1990-02-06,33.52,33.52,33.52,33.52,4.82217,0,0,0
1990-02-07,33.6,33.6,33.6,33.6,4.83368,0,0,0
1990-02-08,33.61,33.61,33.61,33.61,4.83512,0,0,0
1990-02-09,33.69,33.69,33.69,33.69,4.84663,0,0,0
1990-02-12,33.51,33.51,33.51,33.51,4.82073,0,0,0
1990-02-13,33.54,33.54,33.54,33.54,4.82505,0,0,0
1990-02-14,33.62,33.62,33.62,33.62,4.83656,0,0,0
1990-02-15,33.72,33.72,33.72,33.72,4.85095,0,0,0
1990-02-16,33.58,33.58,33.58,33.58,4.8308,0,0,0
1990-02-20,33.27,33.27,33.27,33.27,4.78621,0,0,0
1990-02-21,33.13,33.13,33.13,33.13,4.76607,0,0,0
1990-02-22,33.11,33.11,33.11,33.11,4.76319,0,0,0
1990-02-23,32.85,32.85,32.85,32.85,4.72579,0,0,0
1990-02-26,32.97,32.97,32.97,32.97,4.74305,0,0,0
1990-02-27,33.1,33.1,33.1,33.1,4.76175,0,0,0
1990-02-28,33.26,33.26,33.26,33.26,4.78477,0,0,0
1990-03-01,33.32,33.32,33.32,33.32,4.7934,0,0,0
1990-03-02,33.46,33.46,33.46,33.46,4.81354,0,0,0
1990-03-05,33.35,33.35,33.35,33.35,4.79772,0,0,0
1990-03-06,33.44,33.44,33.44,33.44,4.81067,0,0,0
1990-03-07,33.35,33.35,33.35,33.35,4.79772,0,0,0
1990-03-08,33.51,33.51,33.51,33.51,4.82073,0,0,0
1990-03-09,33.32,33.32,33.32,33.32,4.7934,0,0,0
1990-03-12,33.31,33.31,33.31,33.31,4.79197,0,0,0
1990-03-13,33.17,33.17,33.17,33.17,4.77182,0,0,0
1990-03-14,33.11,33.11,33.11,33.11,4.76319,0,0,0
1990-03-15,33.18,33.18,33.18,33.18,4.77326,0,0,0
1990-03-16,33.24,33.24,33.24,33.24,4.78189,0,0,0
1990-03-19,33.14,33.14,33.14,33.14,4.76751,0,0,0
1990-03-20,32.99,32.99,32.99,32.99,4.74593,0,0,0
1990-03-21,32.99,32.99,32.99,32.99,4.74593,0,0,0
1990-03-22,32.66,32.66,32.66,32.66,4.69845,0,0,0
1990-03-23,32.71,32.71,32.71,32.71,4.70565,0,0,0
1990-03-26,32.8,32.8,32.8,32.8,4.71859,0,0,0
1990-03-27,33,33,33,33,4.74737,0,0,0
1990-03-28,32.98,32.98,32.98,32.98,4.74449,0,0,0
1990-03-29,32.99,32.99,32.99,32.99,4.74593,0,0,0
1990-03-30,33.08,33.08,33.08,33.08,4.75888,0,0,0
1990-04-02,32.94,32.94,32.94,32.94,4.73873,0,0,0
1990-04-03,33.14,33.14,33.14,33.14,4.76751,0,0,0
1990-04-04,33.05,33.05,33.05,33.05,4.75456,0,0,0
1990-04-05,33.02,33.02,33.02,33.02,4.75024,0,0,0
1990-04-06,32.95,32.95,32.95,32.95,4.74017,0,0,0
1990-04-09,32.87,32.87,32.87,32.87,4.72866,0,0,0
1990-04-10,32.78,32.78,32.78,32.78,4.71572,0,0,0
1990-04-11,32.83,32.83,32.83,32.83,4.72291,0,0,0
1990-04-12,32.95,32.95,32.95,32.95,4.74017,0,0,0
1990-04-16,33,33,33,33,4.74737,0,0,0
1990-04-17,33.01,33.01,33.01,33.01,4.7488,0,0,0
1990-04-18,32.88,32.88,32.88,32.88,4.7301,0,0,0
1990-04-19,32.71,32.71,32.71,32.71,4.70565,0,0,0
1990-04-20,32.46,32.46,32.46,32.46,4.66968,0,0,0
1990-04-23,32.24,32.24,32.24,32.24,4.63803,0,0,0
1990-04-24,32.1,32.1,32.1,32.1,4.61789,0,0,0
1990-04-25,32.17,32.17,32.17,32.17,4.62796,0,0,0
1990-04-26,32.07,32.07,32.07,32.07,4.61358,0,0,0
1990-04-27,31.81,31.81,31.81,31.81,4.57617,0,0,0
1990-04-30,31.7,31.7,31.7,31.7,4.56035,0,0,0
1990-05-01,31.85,31.85,31.85,31.85,4.58193,0,0,0
1990-05-02,31.96,31.96,31.96,31.96,4.59775,0,0,0
1990-05-03,32.11,32.11,32.11,32.11,4.61933,0,0,0
1990-05-04,32.41,32.41,32.41,32.41,4.66249,0,0,0
1990-05-07,32.68,32.68,32.68,32.68,4.70133,0,0,0
1990-05-08,32.77,32.77,32.77,32.77,4.71428,0,0,0
1990-05-09,32.94,32.94,32.94,32.94,4.73873,0,0,0
1990-05-10,33.05,33.05,33.05,33.05,4.75456,0,0,0
1990-05-11,33.59,33.59,33.59,33.59,4.83224,0,0,0
1990-05-14,33.75,33.75,33.75,33.75,4.85526,0,0,0
1990-05-15,33.66,33.66,33.66,33.66,4.84231,0,0,0
1990-05-16,33.6,33.6,33.6,33.6,4.83368,0,0,0
1990-05-17,33.59,33.59,33.59,33.59,4.83224,0,0,0
1990-05-18,33.51,33.51,33.51,33.51,4.82073,0,0,0
1990-05-21,33.48,33.48,33.48,33.48,4.81642,0,0,0
1990-05-22,33.47,33.47,33.47,33.47,4.81498,0,0,0
1990-05-23,33.33,33.33,33.33,33.33,4.79484,0,0,0
1990-05-24,33.24,33.24,33.24,33.24,4.78189,0,0,0
1990-05-25,33.1,33.1,33.1,33.1,4.76175,0,0,0
1990-05-29,33.3,33.3,33.3,33.3,4.79052,0,0,0
1990-05-30,33.34,33.34,33.34,33.34,4.79628,0,0,0
1990-05-31,33.35,33.35,33.35,33.35,4.79772,0,0,0
1990-06-01,33.47,33.47,33.47,33.47,4.81498,0,0,0
1990-06-04,33.81,33.81,33.81,33.81,4.86389,0,0,0
1990-06-05,33.9,33.9,33.9,33.9,4.87684,0,0,0
1990-06-06,33.86,33.86,33.86,33.86,4.87108,0,0,0
1990-06-07,33.78,33.78,33.78,33.78,4.85958,0,0,0
1990-06-08,33.61,33.61,33.61,33.61,4.83512,0,0,0
1990-06-11,33.64,33.64,33.64,33.64,4.83944,0,0,0
1990-06-12,33.83,33.83,33.83,33.83,4.86677,0,0,0
1990-06-13,33.83,33.83,33.83,33.83,4.86677,0,0,0
1990-06-14,33.65,33.65,33.65,33.65,4.84088,0,0,0
1990-06-15,32.7,32.7,32.7,32.7,4.82612,0,0.85,0
1990-06-18,32.44,32.44,32.44,32.44,4.78774,0,0,0
1990-06-19,32.52,32.52,32.52,32.52,4.79955,0,0,0
1990-06-20,32.58,32.58,32.58,32.58,4.8084,0,0,0
1990-06-21,32.61,32.61,32.61,32.61,4.81283,0,0,0
1990-06-22,32.39,32.39,32.39,32.39,4.78036,0,0,0
1990-06-25,32.28,32.28,32.28,32.28,4.76413,0,0,0
1990-06-26,32.51,32.51,32.51,32.51,4.79807,0,0,0
1990-06-27,32.65,32.65,32.65,32.65,4.81874,0,0,0
1990-06-28,32.75,32.75,32.75,32.75,4.8335,0,0,0
1990-06-29,32.89,32.89,32.89,32.89,4.85416,0,0,0
1990-07-02,32.95,32.95,32.95,32.95,4.86301,0,0,0
1990-07-03,32.99,32.99,32.99,32.99,4.86892,0,0,0
1990-07-05,32.75,32.75,32.75,32.75,4.8335,0,0,0
1990-07-06,32.83,32.83,32.83,32.83,4.8453,0,0,0
1990-07-09,32.81,32.81,32.81,32.81,4.84235,0,0,0
1990-07-10,32.72,32.72,32.72,32.72,4.82907,0,0,0
1990-07-11,32.76,32.76,32.76,32.76,4.83497,0,0,0
1990-07-12,32.9,32.9,32.9,32.9,4.85563,0,0,0
1990-07-13,32.94,32.94,32.94,32.94,4.86154,0,0,0
1990-07-16,32.9,32.9,32.9,32.9,4.85563,0,0,0
1990-07-17,32.76,32.76,32.76,32.76,4.83497,0,0,0
1990-07-18,32.55,32.55,32.55,32.55,4.80398,0,0,0
1990-07-19,32.58,32.58,32.58,32.58,4.8084,0,0,0
1990-07-20,32.54,32.54,32.54,32.54,4.80251,0,0,0
1990-07-23,32.24,32.24,32.24,32.24,4.75823,0,0,0
1990-07-24,32.28,32.28,32.28,32.28,4.76413,0,0,0
1990-07-25,32.48,32.48,32.48,32.48,4.79365,0,0,0
1990-07-26,32.49,32.49,32.49,32.49,4.79512,0,0,0
1990-07-27,32.55,32.55,32.55,32.55,4.80398,0,0,0
1990-07-30,32.78,32.78,32.78,32.78,4.83793,0,0,0
1990-07-31,33.16,33.16,33.16,33.16,4.89401,0,0,0
1990-08-01,33.3,33.3,33.3,33.3,4.91467,0,0,0
1990-08-02,33.16,33.16,33.16,33.16,4.89401,0,0,0
1990-08-03,32.7,32.7,32.7,32.7,4.82612,0,0,0
1990-08-06,32.13,32.13,32.13,32.13,4.74199,0,0,0
1990-08-07,32.18,32.18,32.18,32.18,4.74937,0,0,0
1990-08-08,32.35,32.35,32.35,32.35,4.77446,0,0,0
1990-08-09,32.37,32.37,32.37,32.37,4.77741,0,0,0
1990-08-10,32.32,32.32,32.32,32.32,4.77004,0,0,0
1990-08-13,32.46,32.46,32.46,32.46,4.7907,0,0,0
1990-08-14,32.62,32.62,32.62,32.62,4.81431,0,0,0
1990-08-15,32.7,32.7,32.7,32.7,4.82612,0,0,0
1990-08-16,32.53,32.53,32.53,32.53,4.80103,0,0,0
1990-08-17,32.16,32.16,32.16,32.16,4.74642,0,0,0
1990-08-20,32.21,32.21,32.21,32.21,4.7538,0,0,0
1990-08-21,31.78,31.78,31.78,31.78,4.69033,0,0,0
1990-08-22,31.59,31.59,31.59,31.59,4.66229,0,0,0
1990-08-23,30.91,30.91,30.91,30.91,4.56194,0,0,0
1990-08-24,30.8,30.8,30.8,30.8,4.5457,0,0,0
1990-08-27,31.33,31.33,31.33,31.33,4.62392,0,0,0
1990-08-28,31.29,31.29,31.29,31.29,4.61802,0,0,0
1990-08-29,31.44,31.44,31.44,31.44,4.64016,0,0,0
1990-08-30,31.26,31.26,31.26,31.26,4.61359,0,0,0
1990-08-31,31.34,31.34,31.34,31.34,4.6254,0,0,0
1990-09-04,31.38,31.38,31.38,31.38,4.6313,0,0,0
1990-09-05,31.51,31.51,31.51,31.51,4.65049,0,0,0
1990-09-06,31.49,31.49,31.49,31.49,4.64754,0,0,0
1990-09-07,31.71,31.71,31.71,31.71,4.68,0,0,0
1990-09-10,31.78,31.78,31.78,31.78,4.69033,0,0,0
1990-09-11,31.67,31.67,31.67,31.67,4.6741,0,0,0
1990-09-12,31.75,31.75,31.75,31.75,4.68591,0,0,0
1990-09-13,31.65,31.65,31.65,31.65,4.67115,0,0,0
1990-09-14,31.54,31.54,31.54,31.54,4.65491,0,0,0
1990-09-17,31.67,31.67,31.67,31.67,4.6741,0,0,0
1990-09-18,31.68,31.68,31.68,31.68,4.67558,0,0,0
1990-09-19,31.78,31.78,31.78,31.78,4.69033,0,0,0
1990-09-20,31.57,31.57,31.57,31.57,4.65934,0,0,0
1990-09-21,31.62,31.62,31.62,31.62,4.66672,0,0,0
1990-09-24,31.36,31.36,31.36,31.36,4.62835,0,0,0
1990-09-25,31.42,31.42,31.42,31.42,4.63721,0,0,0
1990-09-26,31.32,31.32,31.32,31.32,4.62245,0,0,0
1990-09-27,31.39,31.39,31.39,31.39,4.63278,0,0,0
1990-09-28,31.42,31.42,31.42,31.42,4.63721,0,0,0
1990-10-01,31.87,31.87,31.87,31.87,4.70362,0,0,0
1990-10-02,32.05,32.05,32.05,32.05,4.73018,0,0,0
1990-10-03,31.94,31.94,31.94,31.94,4.71395,0,0,0
1990-10-04,32.1,32.1,32.1,32.1,4.73756,0,0,0
1990-10-05,32.14,32.14,32.14,32.14,4.74347,0,0,0
1990-10-08,32.47,32.47,32.47,32.47,4.79217,0,0,0
1990-10-09,32.15,32.15,32.15,32.15,4.74494,0,0,0
1990-10-10,32,32,32,32,4.72281,0,0,0
1990-10-11,31.86,31.86,31.86,31.86,4.70214,0,0,0
1990-10-12,32.1,32.1,32.1,32.1,4.73756,0,0,0
1990-10-15,32.25,32.25,32.25,32.25,4.7597,0,0,0
1990-10-16,32.13,32.13,32.13,32.13,4.74199,0,0,0
1990-10-17,32.16,32.16,32.16,32.16,4.74642,0,0,0
1990-10-18,32.35,32.35,32.35,32.35,4.77446,0,0,0
1990-10-19,32.64,32.64,32.64,32.64,4.81726,0,0,0
1990-10-22,32.73,32.73,32.73,32.73,4.83054,0,0,0
1990-10-23,32.72,32.72,32.72,32.72,4.82907,0,0,0
1990-10-24,32.82,32.82,32.82,32.82,4.84383,0,0,0
1990-10-25,32.8,32.8,32.8,32.8,4.84087,0,0,0
1990-10-26,32.67,32.67,32.67,32.67,4.82169,0,0,0
1990-10-29,32.59,32.59,32.59,32.59,4.80988,0,0,0
1990-10-30,32.8,32.8,32.8,32.8,4.84087,0,0,0
1990-10-31,33.03,33.03,33.03,33.03,4.87482,0,0,0
1990-11-01,33.23,33.23,33.23,33.23,4.90434,0,0,0
1990-11-02,33.39,33.39,33.39,33.39,4.92795,0,0,0
1990-11-05,33.39,33.39,33.39,33.39,4.92795,0,0,0
1990-11-06,33.33,33.33,33.33,33.33,4.9191,0,0,0
1990-11-07,33.12,33.12,33.12,33.12,4.8881,0,0,0
1990-11-08,33.18,33.18,33.18,33.18,4.89696,0,0,0
1990-11-09,33.42,33.42,33.42,33.42,4.93238,0,0,0
1990-11-12,33.65,33.65,33.65,33.65,4.96632,0,0,0
1990-11-13,33.51,33.51,33.51,33.51,4.94566,0,0,0
1990-11-14,33.47,33.47,33.47,33.47,4.93976,0,0,0
1990-11-15,33.37,33.37,33.37,33.37,4.925,0,0,0
1990-11-16,33.5,33.5,33.5,33.5,4.94419,0,0,0
1990-11-19,33.53,33.53,33.53,33.53,4.94861,0,0,0
1990-11-20,33.39,33.39,33.39,33.39,4.92795,0,0,0
1990-11-21,33.46,33.46,33.46,33.46,4.93828,0,0,0
1990-11-23,33.41,33.41,33.41,33.41,4.9309,0,0,0
1990-11-26,33.39,33.39,33.39,33.39,4.92795,0,0,0
1990-11-27,33.54,33.54,33.54,33.54,4.95009,0,0,0
1990-11-28,33.61,33.61,33.61,33.61,4.96042,0,0,0
1990-11-29,33.57,33.57,33.57,33.57,4.95452,0,0,0
1990-11-30,33.9,33.9,33.9,33.9,5.00322,0,0,0
1990-12-03,34.04,34.04,34.04,34.04,5.02388,0,0,0
1990-12-04,34.11,34.11,34.11,34.11,5.03421,0,0,0
1990-12-05,34.21,34.21,34.21,34.21,5.04897,0,0,0
1990-12-06,34.07,34.07,34.07,34.07,5.02831,0,0,0
1990-12-07,34.07,34.07,34.07,34.07,5.02831,0,0,0
1990-12-10,34.13,34.13,34.13,34.13,5.03717,0,0,0
1990-12-11,34.07,34.07,34.07,34.07,5.02831,0,0,0
1990-12-12,34.27,34.27,34.27,34.27,5.05783,0,0,0
1990-12-13,34.31,34.31,34.31,34.31,5.06373,0,0,0
1990-12-14,34.18,34.18,34.18,34.18,5.04455,0,0,0
1990-12-17,34.05,34.05,34.05,34.05,5.02536,0,0,0
1990-12-18,34.29,34.29,34.29,34.29,5.06078,0,0,0
1990-12-19,34.31,34.31,34.31,34.31,5.06373,0,0,0
1990-12-20,34.25,34.25,34.25,34.25,5.05488,0,0,0
1990-12-21,33.94,33.94,33.94,33.94,5.05786,0,0.33,0
1990-12-24,33.88,33.88,33.88,33.88,5.04892,0,0,0
1990-12-26,33.97,33.97,33.97,33.97,5.06233,0,0,0
1990-12-27,33.93,33.93,33.93,33.93,5.05637,0,0,0
1990-12-28,33.99,33.99,33.99,33.99,5.06531,0,0,0
1990-12-31,34.02,34.02,34.02,34.02,5.06978,0,0,0
1991-01-02,33.86,33.86,33.86,33.86,5.04594,0,0,0
1991-01-03,33.71,33.71,33.71,33.71,5.02358,0,0,0
1991-01-04,33.66,33.66,33.66,33.66,5.01613,0,0,0
1991-01-07,33.3,33.3,33.3,33.3,4.96248,0,0,0
1991-01-08,33.25,33.25,33.25,33.25,4.95503,0,0,0
1991-01-09,33.15,33.15,33.15,33.15,4.94013,0,0,0
1991-01-10,33.23,33.23,33.23,33.23,4.95205,0,0,0
1991-01-11,33.23,33.23,33.23,33.23,4.95205,0,0,0
1991-01-14,32.97,32.97,32.97,32.97,4.91331,0,0,0
1991-01-15,32.94,32.94,32.94,32.94,4.90884,0,0,0
1991-01-16,32.97,32.97,32.97,32.97,4.91331,0,0,0
1991-01-17,33.65,33.65,33.65,33.65,5.01464,0,0,0
1991-01-18,33.79,33.79,33.79,33.79,5.0355,0,0,0
1991-01-21,33.75,33.75,33.75,33.75,5.02954,0,0,0
1991-01-22,33.61,33.61,33.61,33.61,5.00868,0,0,0
1991-01-23,33.45,33.45,33.45,33.45,4.98484,0,0,0
1991-01-24,33.65,33.65,33.65,33.65,5.01464,0,0,0
1991-01-25,33.7,33.7,33.7,33.7,5.02209,0,0,0
1991-01-28,33.79,33.79,33.79,33.79,5.0355,0,0,0
1991-01-29,33.76,33.76,33.76,33.76,5.03103,0,0,0
1991-01-30,33.81,33.81,33.81,33.81,5.03849,0,0,0
1991-01-31,33.87,33.87,33.87,33.87,5.04742,0,0,0
1991-02-01,33.87,33.87,33.87,33.87,5.04742,0,0,0
1991-02-04,34.07,34.07,34.07,34.07,5.07723,0,0,0
1991-02-05,34.15,34.15,34.15,34.15,5.08915,0,0,0
1991-02-06,34.43,34.43,34.43,34.43,5.13088,0,0,0
1991-02-07,34.67,34.67,34.67,34.67,5.16664,0,0,0
1991-02-08,34.84,34.84,34.84,34.84,5.19198,0,0,0
1991-02-11,35.4,35.4,35.4,35.4,5.27543,0,0,0
1991-02-12,35.34,35.34,35.34,35.34,5.26649,0,0,0
1991-02-13,35.63,35.63,35.63,35.63,5.30971,0,0,0
1991-02-14,35.54,35.54,35.54,35.54,5.2963,0,0,0
1991-02-15,35.61,35.61,35.61,35.61,5.30673,0,0,0
1991-02-19,35.54,35.54,35.54,35.54,5.2963,0,0,0
1991-02-20,35.35,35.35,35.35,35.35,5.26798,0,0,0
1991-02-21,35.4,35.4,35.4,35.4,5.27543,0,0,0
1991-02-22,35.47,35.47,35.47,35.47,5.28586,0,0,0
1991-02-25,35.49,35.49,35.49,35.49,5.28884,0,0,0
1991-02-26,35.27,35.27,35.27,35.27,5.25606,0,0,0
1991-02-27,35.4,35.4,35.4,35.4,5.27543,0,0,0
1991-02-28,35.33,35.33,35.33,35.33,5.265,0,0,0
1991-03-01,35.33,35.33,35.33,35.33,5.265,0,0,0
1991-03-04,35.33,35.33,35.33,35.33,5.265,0,0,0
1991-03-05,35.49,35.49,35.49,35.49,5.28884,0,0,0
1991-03-06,35.35,35.35,35.35,35.35,5.26798,0,0,0
1991-03-07,35.28,35.28,35.28,35.28,5.25755,0,0,0
1991-03-08,35.19,35.19,35.19,35.19,5.24414,0,0,0
1991-03-11,35.19,35.19,35.19,35.19,5.24414,0,0,0
1991-03-12,35.14,35.14,35.14,35.14,5.23668,0,0,0
1991-03-13,35.31,35.31,35.31,35.31,5.26202,0,0,0
1991-03-14,35.33,35.33,35.33,35.33,5.265,0,0,0
1991-03-15,35.31,35.31,35.31,35.31,5.26202,0,0,0
1991-03-18,35.36,35.36,35.36,35.36,5.26947,0,0,0
1991-03-19,35.18,35.18,35.18,35.18,5.24265,0,0,0
1991-03-20,35.29,35.29,35.29,35.29,5.25904,0,0,0
1991-03-21,35.33,35.33,35.33,35.33,5.265,0,0,0
1991-03-22,35.44,35.44,35.44,35.44,5.28139,0,0,0
1991-03-25,35.71,35.71,35.71,35.71,5.32163,0,0,0
1991-03-26,35.76,35.76,35.76,35.76,5.32908,0,0,0
1991-03-27,35.69,35.69,35.69,35.69,5.31865,0,0,0
1991-03-28,35.73,35.73,35.73,35.73,5.32461,0,0,0
1991-04-01,35.57,35.57,35.57,35.57,5.30077,0,0,0
1991-04-02,35.79,35.79,35.79,35.79,5.33355,0,0,0
1991-04-03,35.83,35.83,35.83,35.83,5.33951,0,0,0
1991-04-04,35.85,35.85,35.85,35.85,5.34249,0,0,0
1991-04-05,35.66,35.66,35.66,35.66,5.31418,0,0,0
1991-04-08,35.62,35.62,35.62,35.62,5.30822,0,0,0
1991-04-09,35.51,35.51,35.51,35.51,5.29183,0,0,0
1991-04-10,35.55,35.55,35.55,35.55,5.29779,0,0,0
1991-04-11,35.79,35.79,35.79,35.79,5.33355,0,0,0
1991-04-12,35.87,35.87,35.87,35.87,5.34547,0,0,0
1991-04-15,35.96,35.96,35.96,35.96,5.35888,0,0,0
1991-04-16,36.12,36.12,36.12,36.12,5.38273,0,0,0
1991-04-17,36.17,36.17,36.17,36.17,5.39018,0,0,0
1991-04-18,35.86,35.86,35.86,35.86,5.34398,0,0,0
1991-04-19,35.64,35.64,35.64,35.64,5.3112,0,0,0
1991-04-22,35.49,35.49,35.49,35.49,5.28884,0,0,0
1991-04-23,35.6,35.6,35.6,35.6,5.30524,0,0,0
1991-04-24,35.63,35.63,35.63,35.63,5.30971,0,0,0
1991-04-25,35.5,35.5,35.5,35.5,5.29033,0,0,0
1991-04-26,35.49,35.49,35.49,35.49,5.28884,0,0,0
1991-04-29,35.4,35.4,35.4,35.4,5.27543,0,0,0
1991-04-30,35.57,35.57,35.57,35.57,5.30077,0,0,0
1991-05-01,35.84,35.84,35.84,35.84,5.341,0,0,0
1991-05-02,35.79,35.79,35.79,35.79,5.33355,0,0,0
1991-05-03,35.76,35.76,35.76,35.76,5.32908,0,0,0
1991-05-06,35.73,35.73,35.73,35.73,5.32461,0,0,0
1991-05-07,35.57,35.57,35.57,35.57,5.30077,0,0,0
1991-05-08,35.54,35.54,35.54,35.54,5.2963,0,0,0
1991-05-09,35.6,35.6,35.6,35.6,5.30524,0,0,0
1991-05-10,35.24,35.24,35.24,35.24,5.25159,0,0,0
1991-05-13,35.34,35.34,35.34,35.34,5.26649,0,0,0
1991-05-14,35.15,35.15,35.15,35.15,5.23818,0,0,0
1991-05-15,35.13,35.13,35.13,35.13,5.2352,0,0,0
1991-05-16,35.25,35.25,35.25,35.25,5.25308,0,0,0
1991-05-17,35.3,35.3,35.3,35.3,5.26053,0,0,0
1991-05-20,35.26,35.26,35.26,35.26,5.25457,0,0,0
1991-05-21,35.41,35.41,35.41,35.41,5.27692,0,0,0
1991-05-22,35.42,35.42,35.42,35.42,5.27841,0,0,0
1991-05-23,35.33,35.33,35.33,35.33,5.265,0,0,0
1991-05-24,35.37,35.37,35.37,35.37,5.27096,0,0,0
1991-05-28,35.4,35.4,35.4,35.4,5.27543,0,0,0
1991-05-29,35.41,35.41,35.41,35.41,5.27692,0,0,0
1991-05-30,35.61,35.61,35.61,35.61,5.30673,0,0,0
1991-05-31,35.58,35.58,35.58,35.58,5.30226,0,0,0
1991-06-03,35.42,35.42,35.42,35.42,5.27841,0,0,0
1991-06-04,35.36,35.36,35.36,35.36,5.26947,0,0,0
1991-06-05,35.21,35.21,35.21,35.21,5.24712,0,0,0
1991-06-06,35.13,35.13,35.13,35.13,5.2352,0,0,0
1991-06-07,34.9,34.9,34.9,34.9,5.20092,0,0,0
1991-06-10,34.95,34.95,34.95,34.95,5.20837,0,0,0
1991-06-11,35.12,35.12,35.12,35.12,5.2337,0,0,0
1991-06-12,34.94,34.94,34.94,34.94,5.20688,0,0,0
1991-06-13,35.03,35.03,35.03,35.03,5.22029,0,0,0
1991-06-14,33.97,33.97,33.97,33.97,5.26524,0,1.35,0
1991-06-17,33.85,33.85,33.85,33.85,5.24664,0,0,0
1991-06-18,33.76,33.76,33.76,33.76,5.23269,0,0,0
1991-06-19,33.53,33.53,33.53,33.53,5.19704,0,0,0
1991-06-20,33.64,33.64,33.64,33.64,5.2141,0,0,0
1991-06-21,33.72,33.72,33.72,33.72,5.22649,0,0,0
1991-06-24,33.59,33.59,33.59,33.59,5.20634,0,0,0
1991-06-25,33.67,33.67,33.67,33.67,5.21874,0,0,0
1991-06-26,33.74,33.74,33.74,33.74,5.22959,0,0,0
1991-06-27,33.89,33.89,33.89,33.89,5.25284,0,0,0
1991-06-28,33.8,33.8,33.8,33.8,5.23889,0,0,0
1991-07-01,34.13,34.13,34.13,34.13,5.29004,0,0,0
1991-07-02,34.1,34.1,34.1,34.1,5.28539,0,0,0
1991-07-03,33.96,33.96,33.96,33.96,5.26369,0,0,0
1991-07-05,33.93,33.93,33.93,33.93,5.25904,0,0,0
1991-07-08,34.03,34.03,34.03,34.03,5.27454,0,0,0
1991-07-09,33.97,33.97,33.97,33.97,5.26524,0,0,0
1991-07-10,33.93,33.93,33.93,33.93,5.25904,0,0,0
1991-07-11,34.02,34.02,34.02,34.02,5.27299,0,0,0
1991-07-12,34.13,34.13,34.13,34.13,5.29004,0,0,0
1991-07-15,34.2,34.2,34.2,34.2,5.30089,0,0,0
1991-07-16,34.12,34.12,34.12,34.12,5.28849,0,0,0
1991-07-17,34.14,34.14,34.14,34.14,5.29159,0,0,0
1991-07-18,34.34,34.34,34.34,34.34,5.32259,0,0,0
1991-07-19,34.31,34.31,34.31,34.31,5.31794,0,0,0
1991-07-22,34.34,34.34,34.34,34.34,5.32259,0,0,0
1991-07-23,34.29,34.29,34.29,34.29,5.31484,0,0,0
1991-07-24,34.35,34.35,34.35,34.35,5.32414,0,0,0
1991-07-25,34.43,34.43,34.43,34.43,5.33654,0,0,0
1991-07-26,34.6,34.6,34.6,34.6,5.36289,0,0,0
1991-07-29,34.76,34.76,34.76,34.76,5.38769,0,0,0
1991-07-30,34.9,34.9,34.9,34.9,5.40939,0,0,0
1991-07-31,34.9,34.9,34.9,34.9,5.40939,0,0,0
1991-08-01,34.76,34.76,34.76,34.76,5.38769,0,0,0
1991-08-02,34.96,34.96,34.96,34.96,5.41869,0,0,0
1991-08-05,34.97,34.97,34.97,34.97,5.42024,0,0,0
1991-08-06,35.25,35.25,35.25,35.25,5.46364,0,0,0
1991-08-07,35.28,35.28,35.28,35.28,5.46829,0,0,0
1991-08-08,35.3,35.3,35.3,35.3,5.47139,0,0,0
1991-08-09,35.28,35.28,35.28,35.28,5.46829,0,0,0
1991-08-12,35.36,35.36,35.36,35.36,5.48069,0,0,0
1991-08-13,35.39,35.39,35.39,35.39,5.48534,0,0,0
1991-08-14,35.41,35.41,35.41,35.41,5.48844,0,0,0
1991-08-15,35.47,35.47,35.47,35.47,5.49774,0,0,0
1991-08-16,35.25,35.25,35.25,35.25,5.46364,0,0,0
1991-08-19,34.71,34.71,34.71,34.71,5.37994,0,0,0
1991-08-20,34.96,34.96,34.96,34.96,5.41869,0,0,0
1991-08-21,35.49,35.49,35.49,35.49,5.50084,0,0,0
1991-08-22,35.53,35.53,35.53,35.53,5.50704,0,0,0
1991-08-23,35.56,35.56,35.56,35.56,5.51169,0,0,0
1991-08-26,35.52,35.52,35.52,35.52,5.50549,0,0,0
1991-08-27,35.53,35.53,35.53,35.53,5.50704,0,0,0
1991-08-28,35.72,35.72,35.72,35.72,5.53648,0,0,0
1991-08-29,35.65,35.65,35.65,35.65,5.52564,0,0,0
1991-08-30,35.7,35.7,35.7,35.7,5.53339,0,0,0
1991-09-03,35.64,35.64,35.64,35.64,5.52409,0,0,0
1991-09-04,35.58,35.58,35.58,35.58,5.51479,0,0,0
1991-09-05,35.62,35.62,35.62,35.62,5.52099,0,0,0
1991-09-06,35.7,35.7,35.7,35.7,5.53339,0,0,0
1991-09-09,35.75,35.75,35.75,35.75,5.54114,0,0,0
1991-09-10,35.65,35.65,35.65,35.65,5.52564,0,0,0
1991-09-11,35.73,35.73,35.73,35.73,5.53804,0,0,0
1991-09-12,35.8,35.8,35.8,35.8,5.54889,0,0,0
1991-09-13,35.69,35.69,35.69,35.69,5.53184,0,0,0
1991-09-16,35.9,35.9,35.9,35.9,5.56438,0,0,0
1991-09-17,35.95,35.95,35.95,35.95,5.57214,0,0,0
1991-09-18,35.99,35.99,35.99,35.99,5.57834,0,0,0
1991-09-19,36.01,36.01,36.01,36.01,5.58144,0,0,0
1991-09-20,36.03,36.03,36.03,36.03,5.58454,0,0,0
1991-09-23,36.08,36.08,36.08,36.08,5.59229,0,0,0
1991-09-24,36.12,36.12,36.12,36.12,5.59848,0,0,0
1991-09-25,36.2,36.2,36.2,36.2,5.61088,0,0,0
1991-09-26,36.33,36.33,36.33,36.33,5.63104,0,0,0
1991-09-27,36.47,36.47,36.47,36.47,5.65274,0,0,0
1991-09-30,36.8,36.8,36.8,36.8,5.70389,0,0,0
1991-10-01,36.94,36.94,36.94,36.94,5.72558,0,0,0
1991-10-02,36.91,36.91,36.91,36.91,5.72093,0,0,0
1991-10-03,36.87,36.87,36.87,36.87,5.71473,0,0,0
1991-10-04,36.77,36.77,36.77,36.77,5.69923,0,0,0
1991-10-07,36.71,36.71,36.71,36.71,5.68993,0,0,0
1991-10-08,36.77,36.77,36.77,36.77,5.69923,0,0,0
1991-10-09,36.5,36.5,36.5,36.5,5.65738,0,0,0
1991-10-10,36.51,36.51,36.51,36.51,5.65893,0,0,0
1991-10-11,36.57,36.57,36.57,36.57,5.66824,0,0,0
1991-10-14,36.75,36.75,36.75,36.75,5.69613,0,0,0
1991-10-15,36.81,36.81,36.81,36.81,5.70544,0,0,0
1991-10-16,36.76,36.76,36.76,36.76,5.69768,0,0,0
1991-10-17,36.67,36.67,36.67,36.67,5.68373,0,0,0
1991-10-18,36.74,36.74,36.74,36.74,5.69458,0,0,0
1991-10-21,36.59,36.59,36.59,36.59,5.67133,0,0,0
1991-10-22,36.52,36.52,36.52,36.52,5.66048,0,0,0
1991-10-23,36.53,36.53,36.53,36.53,5.66203,0,0,0
1991-10-24,36.57,36.57,36.57,36.57,5.66824,0,0,0
1991-10-25,36.67,36.67,36.67,36.67,5.68373,0,0,0
1991-10-28,36.89,36.89,36.89,36.89,5.71783,0,0,0
1991-10-29,37.11,37.11,37.11,37.11,5.75193,0,0,0
1991-10-30,37.3,37.3,37.3,37.3,5.78138,0,0,0
1991-10-31,37.31,37.31,37.31,37.31,5.78293,0,0,0
1991-11-01,37.37,37.37,37.37,37.37,5.79223,0,0,0
1991-11-04,37.31,37.31,37.31,37.31,5.78293,0,0,0
1991-11-05,37.36,37.36,37.36,37.36,5.79068,0,0,0
1991-11-06,37.54,37.54,37.54,37.54,5.81858,0,0,0
1991-11-07,37.88,37.88,37.88,37.88,5.87128,0,0,0
1991-11-08,37.86,37.86,37.86,37.86,5.86818,0,0,0
1991-11-11,37.89,37.89,37.89,37.89,5.87283,0,0,0
1991-11-12,38.14,38.14,38.14,38.14,5.91158,0,0,0
1991-11-13,38.09,38.09,38.09,38.09,5.90383,0,0,0
1991-11-14,38.14,38.14,38.14,38.14,5.91158,0,0,0
1991-11-15,37.68,37.68,37.68,37.68,5.84028,0,0,0
1991-11-18,37.7,37.7,37.7,37.7,5.84338,0,0,0
1991-11-19,37.39,37.39,37.39,37.39,5.79533,0,0,0
1991-11-20,37.46,37.46,37.46,37.46,5.80618,0,0,0
1991-11-21,37.51,37.51,37.51,37.51,5.81393,0,0,0
1991-11-22,37.22,37.22,37.22,37.22,5.76898,0,0,0
1991-11-25,37.27,37.27,37.27,37.27,5.77673,0,0,0
1991-11-26,37.5,37.5,37.5,37.5,5.81238,0,0,0
1991-11-27,37.7,37.7,37.7,37.7,5.84338,0,0,0
1991-11-29,37.74,37.74,37.74,37.74,5.84958,0,0,0
1991-12-02,37.97,37.97,37.97,37.97,5.88523,0,0,0
1991-12-03,37.93,37.93,37.93,37.93,5.87903,0,0,0
1991-12-04,37.88,37.88,37.88,37.88,5.87128,0,0,0
1991-12-05,37.78,37.78,37.78,37.78,5.85578,0,0,0
1991-12-06,38.09,38.09,38.09,38.09,5.90383,0,0,0
1991-12-09,38.12,38.12,38.12,38.12,5.90848,0,0,0
1991-12-10,38.13,38.13,38.13,38.13,5.91003,0,0,0
1991-12-11,38.14,38.14,38.14,38.14,5.91158,0,0,0
1991-12-12,38.22,38.22,38.22,38.22,5.92398,0,0,0
1991-12-13,38.18,38.18,38.18,38.18,5.91778,0,0,0
1991-12-16,38,38,38,38,5.88988,0,0,0
1991-12-17,37.8,37.8,37.8,37.8,5.85888,0,0,0
1991-12-18,37.83,37.83,37.83,37.83,5.86353,0,0,0
1991-12-19,37.86,37.86,37.86,37.86,5.86818,0,0,0
1991-12-20,36.92,36.92,36.92,36.92,5.96348,0,1.53,0
1991-12-23,37.45,37.45,37.45,37.45,6.04909,0,0,0
1991-12-24,37.48,37.48,37.48,37.48,6.05393,0,0,0
1991-12-26,37.6,37.6,37.6,37.6,6.07331,0,0,0
1991-12-27,37.61,37.61,37.61,37.61,6.07493,0,0,0
1991-12-30,37.8,37.8,37.8,37.8,6.10562,0,0,0
1991-12-31,38.01,38.01,38.01,38.01,6.13954,0,0,0
1992-01-02,37.88,37.88,37.88,37.88,6.11855,0,0,0
1992-01-03,37.94,37.94,37.94,37.94,6.12823,0,0,0
1992-01-06,37.89,37.89,37.89,37.89,6.12016,0,0,0
1992-01-07,37.74,37.74,37.74,37.74,6.09593,0,0,0
1992-01-08,37.61,37.61,37.61,37.61,6.07493,0,0,0
1992-01-09,37.43,37.43,37.43,37.43,6.04586,0,0,0
1992-01-10,37.16,37.16,37.16,37.16,6.00224,0,0,0
1992-01-13,36.84,36.84,36.84,36.84,5.95056,0,0,0
1992-01-14,37.05,37.05,37.05,37.05,5.98448,0,0,0
1992-01-15,36.82,36.82,36.82,36.82,5.94733,0,0,0
1992-01-16,36.44,36.44,36.44,36.44,5.88595,0,0,0
1992-01-17,36.43,36.43,36.43,36.43,5.88433,0,0,0
1992-01-20,36.5,36.5,36.5,36.5,5.89564,0,0,0
1992-01-21,36.62,36.62,36.62,36.62,5.91502,0,0,0
1992-01-22,36.93,36.93,36.93,36.93,5.96509,0,0,0
1992-01-23,36.83,36.83,36.83,36.83,5.94894,0,0,0
1992-01-24,36.97,36.97,36.97,36.97,5.97156,0,0,0
1992-01-27,36.98,36.98,36.98,36.98,5.97317,0,0,0
1992-01-28,37.01,37.01,37.01,37.01,5.97802,0,0,0
1992-01-29,36.93,36.93,36.93,36.93,5.96509,0,0,0
1992-01-30,36.91,36.91,36.91,36.91,5.96186,0,0,0
1992-01-31,36.84,36.84,36.84,36.84,5.95056,0,0,0
1992-02-03,36.72,36.72,36.72,36.72,5.93117,0,0,0
1992-02-04,36.72,36.72,36.72,36.72,5.93117,0,0,0
1992-02-05,36.6,36.6,36.6,36.6,5.91179,0,0,0
1992-02-06,36.54,36.54,36.54,36.54,5.9021,0,0,0
1992-02-07,36.42,36.42,36.42,36.42,5.88272,0,0,0
1992-02-10,36.61,36.61,36.61,36.61,5.91341,0,0,0
1992-02-11,36.75,36.75,36.75,36.75,5.93602,0,0,0
1992-02-12,36.82,36.82,36.82,36.82,5.94733,0,0,0
1992-02-13,36.61,36.61,36.61,36.61,5.91341,0,0,0
1992-02-14,36.6,36.6,36.6,36.6,5.91179,0,0,0
1992-02-18,36.53,36.53,36.53,36.53,5.90048,0,0,0
1992-02-19,36.4,36.4,36.4,36.4,5.87949,0,0,0
1992-02-20,36.53,36.53,36.53,36.53,5.90048,0,0,0
1992-02-21,36.27,36.27,36.27,36.27,5.85849,0,0,0
1992-02-24,36.2,36.2,36.2,36.2,5.84718,0,0,0
1992-02-25,36.27,36.27,36.27,36.27,5.85849,0,0,0
1992-02-26,36.5,36.5,36.5,36.5,5.89564,0,0,0
1992-02-27,36.57,36.57,36.57,36.57,5.90695,0,0,0
1992-02-28,36.57,36.57,36.57,36.57,5.90695,0,0,0
1992-03-02,36.53,36.53,36.53,36.53,5.90048,0,0,0
1992-03-03,36.46,36.46,36.46,36.46,5.88918,0,0,0
1992-03-04,36.37,36.37,36.37,36.37,5.87464,0,0,0
1992-03-05,36.15,36.15,36.15,36.15,5.83911,0,0,0
1992-03-06,36.1,36.1,36.1,36.1,5.83103,0,0,0
1992-03-09,36.32,36.32,36.32,36.32,5.86656,0,0,0
1992-03-10,36.47,36.47,36.47,36.47,5.8908,0,0,0
1992-03-11,36.36,36.36,36.36,36.36,5.87303,0,0,0
1992-03-12,36.19,36.19,36.19,36.19,5.84557,0,0,0
1992-03-13,36.2,36.2,36.2,36.2,5.84718,0,0,0
1992-03-16,36.3,36.3,36.3,36.3,5.86334,0,0,0
1992-03-17,36.36,36.36,36.36,36.36,5.87303,0,0,0
1992-03-18,36.31,36.31,36.31,36.31,5.86495,0,0,0
1992-03-19,36.33,36.33,36.33,36.33,5.86818,0,0,0
1992-03-20,36.35,36.35,36.35,36.35,5.87141,0,0,0
1992-03-23,36.26,36.26,36.26,36.26,5.85687,0,0,0
1992-03-24,36.29,36.29,36.29,36.29,5.86172,0,0,0
1992-03-25,36.21,36.21,36.21,36.21,5.8488,0,0,0
1992-03-26,36.25,36.25,36.25,36.25,5.85526,0,0,0
1992-03-27,36.09,36.09,36.09,36.09,5.82941,0,0,0
1992-03-30,36.14,36.14,36.14,36.14,5.83749,0,0,0
1992-03-31,36.19,36.19,36.19,36.19,5.84557,0,0,0
1992-04-01,36.21,36.21,36.21,36.21,5.8488,0,0,0
1992-04-02,35.95,35.95,35.95,35.95,5.8068,0,0,0
1992-04-03,35.97,35.97,35.97,35.97,5.81003,0,0,0
1992-04-06,35.97,35.97,35.97,35.97,5.81003,0,0,0
1992-04-07,35.8,35.8,35.8,35.8,5.78257,0,0,0
1992-04-08,35.54,35.54,35.54,35.54,5.74057,0,0,0
1992-04-09,35.76,35.76,35.76,35.76,5.77611,0,0,0
1992-04-10,36.12,36.12,36.12,36.12,5.83426,0,0,0
1992-04-13,36.24,36.24,36.24,36.24,5.85364,0,0,0
1992-04-14,36.44,36.44,36.44,36.44,5.88595,0,0,0
1992-04-15,36.67,36.67,36.67,36.67,5.9231,0,0,0
1992-04-16,36.94,36.94,36.94,36.94,5.96671,0,0,0
1992-04-20,36.82,36.82,36.82,36.82,5.94733,0,0,0
1992-04-21,36.78,36.78,36.78,36.78,5.94086,0,0,0
1992-04-22,36.78,36.78,36.78,36.78,5.94086,0,0,0
1992-04-23,36.83,36.83,36.83,36.83,5.94894,0,0,0
1992-04-24,36.8,36.8,36.8,36.8,5.9441,0,0,0
1992-04-27,36.8,36.8,36.8,36.8,5.9441,0,0,0
1992-04-28,36.95,36.95,36.95,36.95,5.96833,0,0,0
1992-04-29,36.99,36.99,36.99,36.99,5.97479,0,0,0
1992-04-30,37.18,37.18,37.18,37.18,6.00548,0,0,0
1992-05-01,37.18,37.18,37.18,37.18,6.00548,0,0,0
1992-05-04,37.39,37.39,37.39,37.39,6.0394,0,0,0
1992-05-05,37.57,37.57,37.57,37.57,6.06847,0,0,0
1992-05-06,37.55,37.55,37.55,37.55,6.06524,0,0,0
1992-05-07,37.43,37.43,37.43,37.43,6.04586,0,0,0
1992-05-08,37.53,37.53,37.53,37.53,6.06201,0,0,0
1992-05-11,37.64,37.64,37.64,37.64,6.07978,0,0,0
1992-05-12,37.69,37.69,37.69,37.69,6.08785,0,0,0
1992-05-13,37.77,37.77,37.77,37.77,6.10078,0,0,0
1992-05-14,37.67,37.67,37.67,37.67,6.08462,0,0,0
1992-05-15,37.59,37.59,37.59,37.59,6.0717,0,0,0
1992-05-18,37.75,37.75,37.75,37.75,6.09754,0,0,0
1992-05-19,38.03,38.03,38.03,38.03,6.14277,0,0,0
1992-05-20,38.03,38.03,38.03,38.03,6.14277,0,0,0
1992-05-21,37.78,37.78,37.78,37.78,6.10239,0,0,0
1992-05-22,37.85,37.85,37.85,37.85,6.11369,0,0,0
1992-05-26,37.7,37.7,37.7,37.7,6.08947,0,0,0
1992-05-27,37.85,37.85,37.85,37.85,6.11369,0,0,0
1992-05-28,38.02,38.02,38.02,38.02,6.14116,0,0,0
1992-05-29,37.9,37.9,37.9,37.9,6.12178,0,0,0
1992-06-01,37.96,37.96,37.96,37.96,6.13146,0,0,0
1992-06-02,37.85,37.85,37.85,37.85,6.11369,0,0,0
1992-06-03,37.85,37.85,37.85,37.85,6.11369,0,0,0
1992-06-04,37.77,37.77,37.77,37.77,6.10078,0,0,0
1992-06-05,36.53,36.53,36.53,36.53,6.10579,0,1.27,0
1992-06-08,36.67,36.67,36.67,36.67,6.12919,0,0,0
1992-06-09,36.64,36.64,36.64,36.64,6.12418,0,0,0
1992-06-10,36.59,36.59,36.59,36.59,6.11582,0,0,0
1992-06-11,36.68,36.68,36.68,36.68,6.13086,0,0,0
1992-06-12,36.84,36.84,36.84,36.84,6.15761,0,0,0
1992-06-15,36.9,36.9,36.9,36.9,6.16763,0,0,0
1992-06-16,36.99,36.99,36.99,36.99,6.18268,0,0,0
1992-06-17,36.81,36.81,36.81,36.81,6.15259,0,0,0
1992-06-18,36.75,36.75,36.75,36.75,6.14256,0,0,0
1992-06-19,36.87,36.87,36.87,36.87,6.16262,0,0,0
1992-06-22,36.84,36.84,36.84,36.84,6.15761,0,0,0
1992-06-23,36.86,36.86,36.86,36.86,6.16095,0,0,0
1992-06-24,36.88,36.88,36.88,36.88,6.16429,0,0,0
1992-06-25,36.79,36.79,36.79,36.79,6.14925,0,0,0
1992-06-26,36.81,36.81,36.81,36.81,6.15259,0,0,0
1992-06-29,36.96,36.96,36.96,36.96,6.17766,0,0,0
1992-06-30,37.05,37.05,37.05,37.05,6.1927,0,0,0
1992-07-01,37.21,37.21,37.21,37.21,6.21945,0,0,0
1992-07-02,37.35,37.35,37.35,37.35,6.24285,0,0,0
1992-07-06,37.54,37.54,37.54,37.54,6.27461,0,0,0
1992-07-07,37.76,37.76,37.76,37.76,6.31137,0,0,0
1992-07-08,37.88,37.88,37.88,37.88,6.33144,0,0,0
1992-07-09,37.95,37.95,37.95,37.95,6.34314,0,0,0
1992-07-10,37.97,37.97,37.97,37.97,6.34648,0,0,0
1992-07-13,38.06,38.06,38.06,38.06,6.36152,0,0,0
1992-07-14,38.26,38.26,38.26,38.26,6.39495,0,0,0
1992-07-15,38.3,38.3,38.3,38.3,6.40163,0,0,0
1992-07-16,38.4,38.4,38.4,38.4,6.41835,0,0,0
1992-07-17,38.27,38.27,38.27,38.27,6.39662,0,0,0
1992-07-20,38.12,38.12,38.12,38.12,6.37155,0,0,0
1992-07-21,38.09,38.09,38.09,38.09,6.36653,0,0,0
1992-07-22,38.1,38.1,38.1,38.1,6.3682,0,0,0
1992-07-23,38.14,38.14,38.14,38.14,6.37489,0,0,0
1992-07-24,38.25,38.25,38.25,38.25,6.39328,0,0,0
1992-07-27,38.29,38.29,38.29,38.29,6.39996,0,0,0
1992-07-28,38.62,38.62,38.62,38.62,6.45512,0,0,0
1992-07-29,38.84,38.84,38.84,38.84,6.49189,0,0,0
1992-07-30,38.88,38.88,38.88,38.88,6.49858,0,0,0
1992-07-31,39.02,39.02,39.02,39.02,6.52198,0,0,0
1992-08-03,39.03,39.03,39.03,39.03,6.52365,0,0,0
1992-08-04,38.97,38.97,38.97,38.97,6.51362,0,0,0
1992-08-05,38.69,38.69,38.69,38.69,6.46682,0,0,0
1992-08-06,38.55,38.55,38.55,38.55,6.44342,0,0,0
1992-08-07,38.52,38.52,38.52,38.52,6.43841,0,0,0
1992-08-10,38.58,38.58,38.58,38.58,6.44844,0,0,0
1992-08-11,38.65,38.65,38.65,38.65,6.46014,0,0,0
1992-08-12,38.71,38.71,38.71,38.71,6.47017,0,0,0
1992-08-13,38.72,38.72,38.72,38.72,6.47184,0,0,0
1992-08-14,38.83,38.83,38.83,38.83,6.49022,0,0,0
1992-08-17,38.91,38.91,38.91,38.91,6.50359,0,0,0
1992-08-18,39.03,39.03,39.03,39.03,6.52365,0,0,0
1992-08-19,39.02,39.02,39.02,39.02,6.52198,0,0,0
1992-08-20,39.05,39.05,39.05,39.05,6.527,0,0,0
1992-08-21,39.08,39.08,39.08,39.08,6.53201,0,0,0
1992-08-24,38.81,38.81,38.81,38.81,6.48688,0,0,0
1992-08-25,38.83,38.83,38.83,38.83,6.49022,0,0,0
1992-08-26,38.92,38.92,38.92,38.92,6.50526,0,0,0
1992-08-27,38.92,38.92,38.92,38.92,6.50526,0,0,0
1992-08-28,38.99,38.99,38.99,38.99,6.51696,0,0,0
1992-08-31,39,39,39,39,6.51864,0,0,0
1992-09-01,39.16,39.16,39.16,39.16,6.54538,0,0,0
1992-09-02,39.15,39.15,39.15,39.15,6.54371,0,0,0
1992-09-03,39.1,39.1,39.1,39.1,6.53535,0,0,0
1992-09-04,39.18,39.18,39.18,39.18,6.54872,0,0,0
1992-09-08,39.07,39.07,39.07,39.07,6.53033,0,0,0
1992-09-09,39.11,39.11,39.11,39.11,6.53702,0,0,0
1992-09-10,39.16,39.16,39.16,39.16,6.54538,0,0,0
1992-09-11,39.06,39.06,39.06,39.06,6.52867,0,0,0
1992-09-14,39.09,39.09,39.09,39.09,6.53368,0,0,0
1992-09-15,38.83,38.83,38.83,38.83,6.49022,0,0,0
1992-09-16,38.82,38.82,38.82,38.82,6.48855,0,0,0
1992-09-17,38.71,38.71,38.71,38.71,6.47017,0,0,0
1992-09-18,38.86,38.86,38.86,38.86,6.49524,0,0,0
1992-09-21,38.79,38.79,38.79,38.79,6.48354,0,0,0
1992-09-22,38.57,38.57,38.57,38.57,6.44677,0,0,0
1992-09-23,38.6,38.6,38.6,38.6,6.45178,0,0,0
1992-09-24,38.78,38.78,38.78,38.78,6.48186,0,0,0
1992-09-25,38.81,38.81,38.81,38.81,6.48688,0,0,0
1992-09-28,38.94,38.94,38.94,38.94,6.50861,0,0,0
1992-09-29,39.06,39.06,39.06,39.06,6.52867,0,0,0
1992-09-30,39.21,39.21,39.21,39.21,6.55374,0,0,0
1992-10-01,39.09,39.09,39.09,39.09,6.53368,0,0,0
1992-10-02,38.87,38.87,38.87,38.87,6.49691,0,0,0
1992-10-05,38.65,38.65,38.65,38.65,6.46014,0,0,0
1992-10-06,38.63,38.63,38.63,38.63,6.45679,0,0,0
1992-10-07,38.51,38.51,38.51,38.51,6.43674,0,0,0
1992-10-08,38.73,38.73,38.73,38.73,6.47351,0,0,0
1992-10-09,38.57,38.57,38.57,38.57,6.44677,0,0,0
1992-10-12,38.82,38.82,38.82,38.82,6.48855,0,0,0
1992-10-13,38.93,38.93,38.93,38.93,6.50694,0,0,0
1992-10-14,38.91,38.91,38.91,38.91,6.50359,0,0,0
1992-10-15,38.98,38.98,38.98,38.98,6.51529,0,0,0
1992-10-16,39.07,39.07,39.07,39.07,6.53033,0,0,0
1992-10-19,39.03,39.03,39.03,39.03,6.52365,0,0,0
1992-10-20,38.93,38.93,38.93,38.93,6.50694,0,0,0
1992-10-21,38.82,38.82,38.82,38.82,6.48855,0,0,0
1992-10-22,38.7,38.7,38.7,38.7,6.46849,0,0,0
1992-10-23,38.61,38.61,38.61,38.61,6.45345,0,0,0
1992-10-26,38.75,38.75,38.75,38.75,6.47685,0,0,0
1992-10-27,38.85,38.85,38.85,38.85,6.49356,0,0,0
1992-10-28,39,39,39,39,6.51864,0,0,0
1992-10-29,39.14,39.14,39.14,39.14,6.54204,0,0,0
1992-10-30,39.2,39.2,39.2,39.2,6.55207,0,0,0
1992-11-02,39.29,39.29,39.29,39.29,6.56711,0,0,0
1992-11-03,39.06,39.06,39.06,39.06,6.52867,0,0,0
1992-11-04,38.93,38.93,38.93,38.93,6.50694,0,0,0
1992-11-05,38.82,38.82,38.82,38.82,6.48855,0,0,0
1992-11-06,38.73,38.73,38.73,38.73,6.47351,0,0,0
1992-11-09,38.64,38.64,38.64,38.64,6.45846,0,0,0
1992-11-10,38.56,38.56,38.56,38.56,6.44509,0,0,0
1992-11-11,38.73,38.73,38.73,38.73,6.47351,0,0,0
1992-11-12,38.72,38.72,38.72,38.72,6.47184,0,0,0
1992-11-13,38.77,38.77,38.77,38.77,6.48019,0,0,0
1992-11-16,38.79,38.79,38.79,38.79,6.48354,0,0,0
1992-11-17,38.88,38.88,38.88,38.88,6.49858,0,0,0
1992-11-18,39.19,39.19,39.19,39.19,6.55039,0,0,0
1992-11-19,39.33,39.33,39.33,39.33,6.57379,0,0,0
1992-11-20,39.48,39.48,39.48,39.48,6.59887,0,0,0
1992-11-23,39.42,39.42,39.42,39.42,6.58884,0,0,0
1992-11-24,39.42,39.42,39.42,39.42,6.58884,0,0,0
1992-11-25,39.43,39.43,39.43,39.43,6.59051,0,0,0
1992-11-27,39.43,39.43,39.43,39.43,6.59051,0,0,0
1992-11-30,39.47,39.47,39.47,39.47,6.59719,0,0,0
1992-12-01,39.45,39.45,39.45,39.45,6.59385,0,0,0
1992-12-02,39.34,39.34,39.34,39.34,6.57547,0,0,0
1992-12-03,39.25,39.25,39.25,39.25,6.56042,0,0,0
1992-12-04,37.52,37.52,37.52,37.52,6.56567,0,1.76,0
1992-12-07,37.75,37.75,37.75,37.75,6.60592,0,0,0
1992-12-08,37.88,37.88,37.88,37.88,6.62867,0,0,0
1992-12-09,37.81,37.81,37.81,37.81,6.61642,0,0,0
1992-12-10,37.89,37.89,37.89,37.89,6.63042,0,0,0
1992-12-11,37.98,37.98,37.98,37.98,6.64617,0,0,0
1992-12-14,38.04,38.04,38.04,38.04,6.65667,0,0,0
1992-12-15,38.1,38.1,38.1,38.1,6.66716,0,0,0
1992-12-16,38.14,38.14,38.14,38.14,6.67417,0,0,0
1992-12-17,38.31,38.31,38.31,38.31,6.70392,0,0,0
1992-12-18,38.59,38.59,38.59,38.59,6.75291,0,0,0
1992-12-21,38.65,38.65,38.65,38.65,6.76341,0,0,0
1992-12-22,38.9,38.9,38.9,38.9,6.80716,0,0,0
1992-12-23,39.05,39.05,39.05,39.05,6.83341,0,0,0
1992-12-24,38.97,38.97,38.97,38.97,6.81941,0,0,0
1992-12-28,38.78,38.78,38.78,38.78,6.78616,0,0,0
1992-12-29,38.82,38.82,38.82,38.82,6.79316,0,0,0
1992-12-30,38.79,38.79,38.79,38.79,6.78791,0,0,0
1992-12-31,38.8,38.8,38.8,38.8,6.78966,0,0,0
1993-01-04,38.73,38.73,38.73,38.73,6.77741,0,0,0
1993-01-05,38.66,38.66,38.66,38.66,6.76516,0,0,0
1993-01-06,38.74,38.74,38.74,38.74,6.77916,0,0,0
1993-01-07,38.5,38.5,38.5,38.5,6.73717,0,0,0
1993-01-08,38.26,38.26,38.26,38.26,6.69516,0,0,0
1993-01-11,38.46,38.46,38.46,38.46,6.73016,0,0,0
1993-01-12,38.54,38.54,38.54,38.54,6.74416,0,0,0
1993-01-13,38.9,38.9,38.9,38.9,6.80716,0,0,0
1993-01-14,39.03,39.03,39.03,39.03,6.82991,0,0,0
1993-01-15,39.16,39.16,39.16,39.16,6.85266,0,0,0
1993-01-18,39.14,39.14,39.14,39.14,6.84916,0,0,0
1993-01-19,39.18,39.18,39.18,39.18,6.85616,0,0,0
1993-01-20,39.05,39.05,39.05,39.05,6.83341,0,0,0
1993-01-21,39.28,39.28,39.28,39.28,6.87365,0,0,0
1993-01-22,39.27,39.27,39.27,39.27,6.87191,0,0,0
1993-01-25,39.34,39.34,39.34,39.34,6.88416,0,0,0
1993-01-26,39.29,39.29,39.29,39.29,6.87541,0,0,0
1993-01-27,39.29,39.29,39.29,39.29,6.87541,0,0,0
1993-01-28,39.41,39.41,39.41,39.41,6.8964,0,0,0
1993-01-29,39.46,39.46,39.46,39.46,6.90516,0,0,0
1993-02-01,39.72,39.72,39.72,39.72,6.95065,0,0,0
1993-02-02,39.86,39.86,39.86,39.86,6.97515,0,0,0
1993-02-03,40.21,40.21,40.21,40.21,7.0364,0,0,0
1993-02-04,40.4,40.4,40.4,40.4,7.06965,0,0,0
1993-02-05,40.19,40.19,40.19,40.19,7.0329,0,0,0
1993-02-08,40.14,40.14,40.14,40.14,7.02415,0,0,0
1993-02-09,40.16,40.16,40.16,40.16,7.02765,0,0,0
1993-02-10,40.26,40.26,40.26,40.26,7.04514,0,0,0
1993-02-11,40.36,40.36,40.36,40.36,7.06265,0,0,0
1993-02-12,40.44,40.44,40.44,40.44,7.07665,0,0,0
1993-02-16,40.11,40.11,40.11,40.11,7.0189,0,0,0
1993-02-17,40.3,40.3,40.3,40.3,7.05215,0,0,0
1993-02-18,40.36,40.36,40.36,40.36,7.06265,0,0,0
1993-02-19,40.71,40.71,40.71,40.71,7.1239,0,0,0
1993-02-22,41.39,41.39,41.39,41.39,7.24289,0,0,0
1993-02-23,41.39,41.39,41.39,41.39,7.24289,0,0,0
1993-02-24,41.38,41.38,41.38,41.38,7.24114,0,0,0
1993-02-25,41.35,41.35,41.35,41.35,7.23588,0,0,0
1993-02-26,41.49,41.49,41.49,41.49,7.26039,0,0,0
1993-03-01,41.5,41.5,41.5,41.5,7.26214,0,0,0
1993-03-02,41.72,41.72,41.72,41.72,7.30064,0,0,0
1993-03-03,41.93,41.93,41.93,41.93,7.33739,0,0,0
1993-03-04,41.95,41.95,41.95,41.95,7.34088,0,0,0
1993-03-05,41.59,41.59,41.59,41.59,7.27788,0,0,0
1993-03-08,41.86,41.86,41.86,41.86,7.32514,0,0,0
1993-03-09,41.76,41.76,41.76,41.76,7.30764,0,0,0
1993-03-10,41.86,41.86,41.86,41.86,7.32514,0,0,0
1993-03-11,41.69,41.69,41.69,41.69,7.29538,0,0,0
1993-03-12,41.35,41.35,41.35,41.35,7.23588,0,0,0
1993-03-15,41.39,41.39,41.39,41.39,7.24289,0,0,0
1993-03-16,41.64,41.64,41.64,41.64,7.28664,0,0,0
1993-03-17,41.56,41.56,41.56,41.56,7.27264,0,0,0
1993-03-18,41.84,41.84,41.84,41.84,7.32163,0,0,0
1993-03-19,41.92,41.92,41.92,41.92,7.33563,0,0,0
1993-03-22,41.82,41.82,41.82,41.82,7.31813,0,0,0
1993-03-23,41.95,41.95,41.95,41.95,7.34088,0,0,0
1993-03-24,42.09,42.09,42.09,42.09,7.36538,0,0,0
1993-03-25,42.23,42.23,42.23,42.23,7.38988,0,0,0
1993-03-26,42.24,42.24,42.24,42.24,7.39163,0,0,0
1993-03-29,42.36,42.36,42.36,42.36,7.41263,0,0,0
1993-03-30,42.48,42.48,42.48,42.48,7.43363,0,0,0
1993-03-31,42.61,42.61,42.61,42.61,7.45638,0,0,0
1993-04-01,42.58,42.58,42.58,42.58,7.45113,0,0,0
1993-04-02,42.24,42.24,42.24,42.24,7.39163,0,0,0
1993-04-05,42.31,42.31,42.31,42.31,7.40388,0,0,0
1993-04-06,42.58,42.58,42.58,42.58,7.45113,0,0,0
1993-04-07,42.62,42.62,42.62,42.62,7.45813,0,0,0
1993-04-08,42.29,42.29,42.29,42.29,7.47403,0,0.42,0
1993-04-12,42.59,42.59,42.59,42.59,7.52705,0,0,0
1993-04-13,42.74,42.74,42.74,42.74,7.55357,0,0,0
1993-04-14,42.83,42.83,42.83,42.83,7.56947,0,0,0
1993-04-15,42.94,42.94,42.94,42.94,7.58891,0,0,0
1993-04-16,43.17,43.17,43.17,43.17,7.62956,0,0,0
1993-04-19,42.96,42.96,42.96,42.96,7.59244,0,0,0
1993-04-20,42.72,42.72,42.72,42.72,7.55003,0,0,0
1993-04-21,42.51,42.51,42.51,42.51,7.51292,0,0,0
1993-04-22,42.17,42.17,42.17,42.17,7.45283,0,0,0
1993-04-23,42.01,42.01,42.01,42.01,7.42455,0,0,0
1993-04-26,41.96,41.96,41.96,41.96,7.41571,0,0,0
1993-04-27,41.94,41.94,41.94,41.94,7.41218,0,0,0
1993-04-28,41.8,41.8,41.8,41.8,7.38743,0,0,0
1993-04-29,41.85,41.85,41.85,41.85,7.39627,0,0,0
1993-04-30,41.96,41.96,41.96,41.96,7.41571,0,0,0
1993-05-03,42.1,42.1,42.1,42.1,7.44045,0,0,0
1993-05-04,42.3,42.3,42.3,42.3,7.4758,0,0,0
1993-05-05,42.3,42.3,42.3,42.3,7.4758,0,0,0
1993-05-06,42.22,42.22,42.22,42.22,7.46166,0,0,0
1993-05-07,42.1,42.1,42.1,42.1,7.44045,0,0,0
1993-05-10,42.13,42.13,42.13,42.13,7.44576,0,0,0
1993-05-11,42.2,42.2,42.2,42.2,7.45813,0,0,0
1993-05-12,42.13,42.13,42.13,42.13,7.44576,0,0,0
1993-05-13,41.55,41.55,41.55,41.55,7.34325,0,0,0
1993-05-14,41.47,41.47,41.47,41.47,7.32911,0,0,0
1993-05-17,41.28,41.28,41.28,41.28,7.29553,0,0,0
1993-05-18,41.1,41.1,41.1,41.1,7.26372,0,0,0
1993-05-19,41.38,41.38,41.38,41.38,7.31321,0,0,0
1993-05-20,41.53,41.53,41.53,41.53,7.33971,0,0,0
1993-05-21,41.4,41.4,41.4,41.4,7.31674,0,0,0
1993-05-24,41.51,41.51,41.51,41.51,7.33618,0,0,0
1993-05-25,41.68,41.68,41.68,41.68,7.36623,0,0,0
1993-05-26,42.02,42.02,42.02,42.02,7.42632,0,0,0
1993-05-27,42.06,42.06,42.06,42.06,7.43339,0,0,0
1993-05-28,42.05,42.05,42.05,42.05,7.43162,0,0,0
1993-06-01,42.37,42.37,42.37,42.37,7.48817,0,0,0
1993-06-02,42.46,42.46,42.46,42.46,7.50408,0,0,0
1993-06-03,42.54,42.54,42.54,42.54,7.51822,0,0,0
1993-06-04,42.42,42.42,42.42,42.42,7.49701,0,0,0
1993-06-07,42.48,42.48,42.48,42.48,7.50762,0,0,0
1993-06-08,42.28,42.28,42.28,42.28,7.47227,0,0,0
1993-06-09,42.38,42.38,42.38,42.38,7.48994,0,0,0
1993-06-10,42.45,42.45,42.45,42.45,7.50231,0,0,0
1993-06-11,42.47,42.47,42.47,42.47,7.50585,0,0,0
1993-06-14,42.41,42.41,42.41,42.41,7.49524,0,0,0
1993-06-15,42.49,42.49,42.49,42.49,7.50938,0,0,0
1993-06-16,42.61,42.61,42.61,42.61,7.53059,0,0,0
1993-06-17,42.69,42.69,42.69,42.69,7.54473,0,0,0
1993-06-18,42.54,42.54,42.54,42.54,7.51822,0,0,0
1993-06-21,42.81,42.81,42.81,42.81,7.56594,0,0,0
1993-06-22,42.93,42.93,42.93,42.93,7.58714,0,0,0
1993-06-23,42.99,42.99,42.99,42.99,7.59775,0,0,0
1993-06-24,43.15,43.15,43.15,43.15,7.62603,0,0,0
1993-06-25,43.19,43.19,43.19,43.19,7.63309,0,0,0
1993-06-28,43.59,43.59,43.59,43.59,7.70379,0,0,0
1993-06-29,43.63,43.63,43.63,43.63,7.71085,0,0,0
1993-06-30,43.66,43.66,43.66,43.66,7.71616,0,0,0
1993-07-01,43.81,43.81,43.81,43.81,7.74267,0,0,0
1993-07-02,43.64,43.64,43.64,43.64,7.71262,0,0,0
1993-07-06,43.64,43.64,43.64,43.64,7.71262,0,0,0
1993-07-07,43.65,43.65,43.65,43.65,7.71439,0,0,0
1993-07-08,43.91,43.91,43.91,43.91,7.76034,0,0,0
1993-07-09,43.9,43.9,43.9,43.9,7.75858,0,0,0
1993-07-12,43.9,43.9,43.9,43.9,7.75858,0,0,0
1993-07-13,43.77,43.77,43.77,43.77,7.7356,0,0,0
1993-07-14,43.85,43.85,43.85,43.85,7.74974,0,0,0
1993-07-15,43.82,43.82,43.82,43.82,7.74443,0,0,0
1993-07-16,43.77,43.77,43.77,43.77,7.7356,0,0,0
1993-07-19,43.76,43.76,43.76,43.76,7.73383,0,0,0
1993-07-20,43.75,43.75,43.75,43.75,7.73206,0,0,0
1993-07-21,43.83,43.83,43.83,43.83,7.7462,0,0,0
1993-07-22,43.77,43.77,43.77,43.77,7.7356,0,0,0
1993-07-23,43.75,43.75,43.75,43.75,7.73206,0,0,0
1993-07-26,43.98,43.98,43.98,43.98,7.77271,0,0,0
1993-07-27,43.97,43.97,43.97,43.97,7.77095,0,0,0
1993-07-28,44.03,44.03,44.03,44.03,7.78155,0,0,0
1993-07-29,44.29,44.29,44.29,44.29,7.8275,0,0,0
1993-07-30,44.16,44.16,44.16,44.16,7.80452,0,0,0
1993-08-02,44.24,44.24,44.24,44.24,7.81866,0,0,0
1993-08-03,44.19,44.19,44.19,44.19,7.80983,0,0,0
1993-08-04,44.13,44.13,44.13,44.13,7.79922,0,0,0
1993-08-05,44.3,44.3,44.3,44.3,7.82927,0,0,0
1993-08-06,44.27,44.27,44.27,44.27,7.82397,0,0,0
1993-08-09,44.44,44.44,44.44,44.44,7.85401,0,0,0
1993-08-10,44.45,44.45,44.45,44.45,7.85578,0,0,0
1993-08-11,44.59,44.59,44.59,44.59,7.88052,0,0,0
1993-08-12,44.63,44.63,44.63,44.63,7.88759,0,0,0
1993-08-13,44.72,44.72,44.72,44.72,7.90349,0,0,0
1993-08-16,44.86,44.86,44.86,44.86,7.92824,0,0,0
1993-08-17,44.98,44.98,44.98,44.98,7.94944,0,0,0
1993-08-18,44.93,44.93,44.93,44.93,7.94061,0,0,0
1993-08-19,44.75,44.75,44.75,44.75,7.9088,0,0,0
1993-08-20,44.83,44.83,44.83,44.83,7.92294,0,0,0
1993-08-23,44.73,44.73,44.73,44.73,7.90526,0,0,0
1993-08-24,45.13,45.13,45.13,45.13,7.97596,0,0,0
1993-08-25,45.43,45.43,45.43,45.43,8.02898,0,0,0
1993-08-26,45.64,45.64,45.64,45.64,8.06609,0,0,0
1993-08-27,45.58,45.58,45.58,45.58,8.05548,0,0,0
1993-08-30,45.95,45.95,45.95,45.95,8.12088,0,0,0
1993-08-31,46.08,46.08,46.08,46.08,8.14385,0,0,0
1993-09-01,46.12,46.12,46.12,46.12,8.15092,0,0,0
1993-09-02,46.1,46.1,46.1,46.1,8.14739,0,0,0
1993-09-03,46.2,46.2,46.2,46.2,8.16506,0,0,0
1993-09-07,46.18,46.18,46.18,46.18,8.16152,0,0,0
1993-09-08,46.02,46.02,46.02,46.02,8.13325,0,0,0
1993-09-09,45.92,45.92,45.92,45.92,8.11557,0,0,0
1993-09-10,46.33,46.33,46.33,46.33,8.18804,0,0,0
1993-09-13,46.6,46.6,46.6,46.6,8.23575,0,0,0
1993-09-14,46.42,46.42,46.42,46.42,8.20394,0,0,0
1993-09-15,46.44,46.44,46.44,46.44,8.20747,0,0,0
1993-09-16,46.25,46.25,46.25,46.25,8.17389,0,0,0
1993-09-17,46.25,46.25,46.25,46.25,8.17389,0,0,0
1993-09-20,46,46,46,46,8.12971,0,0,0
1993-09-21,45.77,45.77,45.77,45.77,8.08906,0,0,0
1993-09-22,45.9,45.9,45.9,45.9,8.11204,0,0,0
1993-09-23,45.79,45.79,45.79,45.79,8.0926,0,0,0
1993-09-24,45.45,45.45,45.45,45.45,8.03251,0,0,0
1993-09-27,45.88,45.88,45.88,45.88,8.1085,0,0,0
1993-09-28,46.19,46.19,46.19,46.19,8.16329,0,0,0
1993-09-29,46,46,46,46,8.12971,0,0,0
1993-09-30,46.08,46.08,46.08,46.08,8.14385,0,0,0
1993-10-01,46.27,46.27,46.27,46.27,8.17743,0,0,0
1993-10-04,46.14,46.14,46.14,46.14,8.15446,0,0,0
1993-10-05,46.15,46.15,46.15,46.15,8.15622,0,0,0
1993-10-06,46.05,46.05,46.05,46.05,8.13855,0,0,0
1993-10-07,45.69,45.69,45.69,45.69,8.07492,0,0,0
1993-10-08,45.79,45.79,45.79,45.79,8.0926,0,0,0
1993-10-11,45.41,45.41,45.41,45.41,8.02544,0,0,0
1993-10-12,45.4,45.4,45.4,45.4,8.02368,0,0,0
1993-10-13,45.39,45.39,45.39,45.39,8.0219,0,0,0
1993-10-14,46.29,46.29,46.29,46.29,8.18097,0,0,0
1993-10-15,46.42,46.42,46.42,46.42,8.20394,0,0,0
1993-10-18,45.98,45.98,45.98,45.98,8.12618,0,0,0
1993-10-19,45.86,45.86,45.86,45.86,8.10497,0,0,0
1993-10-20,45.77,45.77,45.77,45.77,8.08906,0,0,0
1993-10-21,45.55,45.55,45.55,45.55,8.05018,0,0,0
1993-10-22,45.2,45.2,45.2,45.2,7.98833,0,0,0
1993-10-25,44.95,44.95,44.95,44.95,7.94414,0,0,0
1993-10-26,44.89,44.89,44.89,44.89,7.93354,0,0,0
1993-10-27,45.08,45.08,45.08,45.08,7.96712,0,0,0
1993-10-28,45.48,45.48,45.48,45.48,8.03781,0,0,0
1993-10-29,45.61,45.61,45.61,45.61,8.06078,0,0,0
1993-11-01,45.62,45.62,45.62,45.62,8.06255,0,0,0
1993-11-02,45.56,45.56,45.56,45.56,8.05195,0,0,0
1993-11-03,44.37,44.37,44.37,44.37,7.84164,0,0,0
1993-11-04,43.81,43.81,43.81,43.81,7.74267,0,0,0
1993-11-05,43.9,43.9,43.9,43.9,7.75858,0,0,0
1993-11-08,43.78,43.78,43.78,43.78,7.73737,0,0,0
1993-11-09,43.61,43.61,43.61,43.61,7.70732,0,0,0
1993-11-10,43.7,43.7,43.7,43.7,7.72323,0,0,0
1993-11-11,43.48,43.48,43.48,43.48,7.68435,0,0,0
1993-11-12,43.61,43.61,43.61,43.61,7.70732,0,0,0
1993-11-15,43.31,43.31,43.31,43.31,7.6543,0,0,0
1993-11-16,43.57,43.57,43.57,43.57,7.70025,0,0,0
1993-11-17,43.48,43.48,43.48,43.48,7.68435,0,0,0
1993-11-18,43.31,43.31,43.31,43.31,7.6543,0,0,0
1993-11-19,43.07,43.07,43.07,43.07,7.61189,0,0,0
1993-11-22,42.74,42.74,42.74,42.74,7.55357,0,0,0
1993-11-23,43.05,43.05,43.05,43.05,7.60835,0,0,0
1993-11-24,43.36,43.36,43.36,43.36,7.66314,0,0,0
1993-11-26,43.63,43.63,43.63,43.63,7.71085,0,0,0
1993-11-29,43.58,43.58,43.58,43.58,7.70202,0,0,0
1993-11-30,43.38,43.38,43.38,43.38,7.66667,0,0,0
1993-12-01,43.16,43.16,43.16,43.16,7.62779,0,0,0
1993-12-02,43.41,43.41,43.41,43.41,7.67197,0,0,0
1993-12-03,43.46,43.46,43.46,43.46,7.68081,0,0,0
1993-12-06,43.55,43.55,43.55,43.55,7.69671,0,0,0
1993-12-07,43.51,43.51,43.51,43.51,7.68964,0,0,0
1993-12-08,43.26,43.26,43.26,43.26,7.64546,0,0,0
1993-12-09,42.99,42.99,42.99,42.99,7.59775,0,0,0
1993-12-10,43.02,43.02,43.02,43.02,7.60305,0,0,0
1993-12-13,43.22,43.22,43.22,43.22,7.6384,0,0,0
1993-12-14,43.11,43.11,43.11,43.11,7.61896,0,0,0
1993-12-15,43.05,43.05,43.05,43.05,7.60835,0,0,0
1993-12-16,43.09,43.09,43.09,43.09,7.61542,0,0,0
1993-12-17,37.8,37.8,37.8,37.8,7.68865,0,5.65,0
1993-12-20,37.71,37.71,37.71,37.71,7.67034,0,0,0
1993-12-21,37.62,37.62,37.62,37.62,7.65203,0,0,0
1993-12-22,37.73,37.73,37.73,37.73,7.67441,0,0,0
1993-12-23,37.81,37.81,37.81,37.81,7.69068,0,0,0
1993-12-27,38,38,38,38,7.72933,0,0,0
1993-12-28,38.13,38.13,38.13,38.13,7.75577,0,0,0
1993-12-29,38.11,38.11,38.11,38.11,7.7517,0,0,0
1993-12-30,37.88,37.88,37.88,37.88,7.70492,0,0,0
1993-12-31,37.58,37.58,37.58,37.58,7.6439,0,0,0
1994-01-03,37.33,37.33,37.33,37.33,7.59304,0,0,0
1994-01-04,37.12,37.12,37.12,37.12,7.55033,0,0,0
1994-01-05,36.91,36.91,36.91,36.91,7.50762,0,0,0
1994-01-06,36.86,36.86,36.86,36.86,7.49745,0,0,0
1994-01-07,37.05,37.05,37.05,37.05,7.53609,0,0,0
1994-01-10,37.29,37.29,37.29,37.29,7.58491,0,0,0
1994-01-11,37.16,37.16,37.16,37.16,7.55847,0,0,0
1994-01-12,37.17,37.17,37.17,37.17,7.5605,0,0,0
1994-01-13,37.01,37.01,37.01,37.01,7.52796,0,0,0
1994-01-14,36.99,36.99,36.99,36.99,7.52389,0,0,0
1994-01-17,36.76,36.76,36.76,36.76,7.4771,0,0,0
1994-01-18,37.02,37.02,37.02,37.02,7.52999,0,0,0
1994-01-19,37.4,37.4,37.4,37.4,7.60728,0,0,0
1994-01-20,37.59,37.59,37.59,37.59,7.64593,0,0,0
1994-01-21,37.47,37.47,37.47,37.47,7.62152,0,0,0
1994-01-24,37.04,37.04,37.04,37.04,7.53406,0,0,0
1994-01-25,36.98,36.98,36.98,36.98,7.52185,0,0,0
1994-01-26,37.47,37.47,37.47,37.47,7.62152,0,0,0
1994-01-27,38.02,38.02,38.02,38.02,7.73339,0,0,0
1994-01-28,38.12,38.12,38.12,38.12,7.75373,0,0,0
1994-01-31,38.35,38.35,38.35,38.35,7.80052,0,0,0
1994-02-01,38.05,38.05,38.05,38.05,7.73949,0,0,0
1994-02-02,38.09,38.09,38.09,38.09,7.74763,0,0,0
1994-02-03,37.94,37.94,37.94,37.94,7.71712,0,0,0
1994-02-04,37.24,37.24,37.24,37.24,7.57474,0,0,0
1994-02-07,37.37,37.37,37.37,37.37,7.60118,0,0,0
1994-02-08,37.25,37.25,37.25,37.25,7.57677,0,0,0
1994-02-09,37.37,37.37,37.37,37.37,7.60118,0,0,0
1994-02-10,36.93,36.93,36.93,36.93,7.51168,0,0,0
1994-02-11,37.11,37.11,37.11,37.11,7.5483,0,0,0
1994-02-14,37,37,37,37,7.52592,0,0,0
1994-02-15,37.06,37.06,37.06,37.06,7.53813,0,0,0
1994-02-16,36.85,36.85,36.85,36.85,7.49541,0,0,0
1994-02-17,36.55,36.55,36.55,36.55,7.43439,0,0,0
1994-02-18,36.32,36.32,36.32,36.32,7.38761,0,0,0
1994-02-22,36.61,36.61,36.61,36.61,7.4466,0,0,0
1994-02-23,36.38,36.38,36.38,36.38,7.39981,0,0,0
1994-02-24,36.21,36.21,36.21,36.21,7.36524,0,0,0
1994-02-25,36.36,36.36,36.36,36.36,7.39574,0,0,0
1994-02-28,36.37,36.37,36.37,36.37,7.39778,0,0,0
1994-03-01,36.49,36.49,36.49,36.49,7.42219,0,0,0
1994-03-02,36.61,36.61,36.61,36.61,7.4466,0,0,0
1994-03-03,36.59,36.59,36.59,36.59,7.44253,0,0,0
1994-03-04,36.69,36.69,36.69,36.69,7.46287,0,0,0
1994-03-07,36.88,36.88,36.88,36.88,7.50152,0,0,0
1994-03-08,36.72,36.72,36.72,36.72,7.46897,0,0,0
1994-03-09,36.64,36.64,36.64,36.64,7.4527,0,0,0
1994-03-10,36.53,36.53,36.53,36.53,7.43032,0,0,0
1994-03-11,36.64,36.64,36.64,36.64,7.4527,0,0,0
1994-03-14,36.62,36.62,36.62,36.62,7.44863,0,0,0
1994-03-15,36.52,36.52,36.52,36.52,7.42829,0,0,0
1994-03-16,36.68,36.68,36.68,36.68,7.46084,0,0,0
1994-03-17,36.83,36.83,36.83,36.83,7.49135,0,0,0
1994-03-18,36.77,36.77,36.77,36.77,7.47914,0,0,0
1994-03-21,36.6,36.6,36.6,36.6,7.44456,0,0,0
1994-03-22,36.71,36.71,36.71,36.71,7.46694,0,0,0
1994-03-23,36.62,36.62,36.62,36.62,7.44863,0,0,0
1994-03-24,36.39,36.39,36.39,36.39,7.40185,0,0,0
1994-03-25,36.4,36.4,36.4,36.4,7.40388,0,0,0
1994-03-28,36.55,36.55,36.55,36.55,7.43439,0,0,0
1994-03-29,35.98,35.98,35.98,35.98,7.31846,0,0,0
1994-03-30,35.33,35.33,35.33,35.33,7.18624,0,0,0
1994-03-31,35.29,35.29,35.29,35.29,7.1781,0,0,0
1994-04-04,34.64,34.64,34.64,34.64,7.04589,0,0,0
1994-04-05,35.2,35.2,35.2,35.2,7.15979,0,0,0
1994-04-06,35.19,35.19,35.19,35.19,7.15776,0,0,0
1994-04-07,35.32,35.32,35.32,35.32,7.1842,0,0,0
1994-04-08,34.24,34.24,34.24,34.24,7.10946,0,0.72,0
1994-04-11,34.38,34.38,34.38,34.38,7.13853,0,0,0
1994-04-12,34.42,34.42,34.42,34.42,7.14683,0,0,0
1994-04-13,34.53,34.53,34.53,34.53,7.16967,0,0,0
1994-04-14,34.68,34.68,34.68,34.68,7.20082,0,0,0
1994-04-15,34.89,34.89,34.89,34.89,7.24442,0,0,0
1994-04-18,34.94,34.94,34.94,34.94,7.2548,0,0,0
1994-04-19,34.97,34.97,34.97,34.97,7.26103,0,0,0
1994-04-20,35.51,35.51,35.51,35.51,7.37316,0,0,0
1994-04-21,35.99,35.99,35.99,35.99,7.47282,0,0,0
1994-04-22,35.67,35.67,35.67,35.67,7.40637,0,0,0
1994-04-25,35.95,35.95,35.95,35.95,7.46451,0,0,0
1994-04-26,35.78,35.78,35.78,35.78,7.42921,0,0,0
1994-04-28,35.47,35.47,35.47,35.47,7.36485,0,0,0
1994-04-29,35.56,35.56,35.56,35.56,7.38354,0,0,0
1994-05-02,35.42,35.42,35.42,35.42,7.35447,0,0,0
1994-05-03,35.3,35.3,35.3,35.3,7.32955,0,0,0
1994-05-04,35.33,35.33,35.33,35.33,7.33578,0,0,0
1994-05-05,35.27,35.27,35.27,35.27,7.32332,0,0,0
1994-05-06,34.84,34.84,34.84,34.84,7.23404,0,0,0
1994-05-09,34.11,34.11,34.11,34.11,7.08247,0,0,0
1994-05-10,34.27,34.27,34.27,34.27,7.11569,0,0,0
1994-05-11,33.67,33.67,33.67,33.67,6.9911,0,0,0
1994-05-12,33.83,33.83,33.83,33.83,7.02432,0,0,0
1994-05-13,33.96,33.96,33.96,33.96,7.05132,0,0,0
1994-05-16,34.03,34.03,34.03,34.03,7.06585,0,0,0
1994-05-17,34.54,34.54,34.54,34.54,7.17175,0,0,0
1994-05-18,34.98,34.98,34.98,34.98,7.26311,0,0,0
1994-05-19,35.01,35.01,35.01,35.01,7.26934,0,0,0
1994-05-20,34.83,34.83,34.83,34.83,7.23196,0,0,0
1994-05-23,34.5,34.5,34.5,34.5,7.16344,0,0,0
1994-05-24,34.52,34.52,34.52,34.52,7.1676,0,0,0
1994-05-25,34.71,34.71,34.71,34.71,7.20704,0,0,0
1994-05-26,34.87,34.87,34.87,34.87,7.24027,0,0,0
1994-05-27,34.91,34.91,34.91,34.91,7.24857,0,0,0
1994-05-31,34.85,34.85,34.85,34.85,7.23612,0,0,0
1994-06-01,34.95,34.95,34.95,34.95,7.25688,0,0,0
1994-06-02,34.9,34.9,34.9,34.9,7.2465,0,0,0
1994-06-03,35.11,35.11,35.11,35.11,7.2901,0,0,0
1994-06-06,35.38,35.38,35.38,35.38,7.34616,0,0,0
1994-06-07,35.26,35.26,35.26,35.26,7.32124,0,0,0
1994-06-08,35.34,35.34,35.34,35.34,7.33786,0,0,0
1994-06-09,35.4,35.4,35.4,35.4,7.35031,0,0,0
1994-06-10,35.65,35.65,35.65,35.65,7.40222,0,0,0
1994-06-13,35.55,35.55,35.55,35.55,7.38146,0,0,0
1994-06-14,35.7,35.7,35.7,35.7,7.41261,0,0,0
1994-06-15,35.52,35.52,35.52,35.52,7.37523,0,0,0
1994-06-16,35.57,35.57,35.57,35.57,7.38561,0,0,0
1994-06-17,35.4,35.4,35.4,35.4,7.35031,0,0,0
1994-06-20,35.15,35.15,35.15,35.15,7.29841,0,0,0
1994-06-21,34.84,34.84,34.84,34.84,7.23404,0,0,0
1994-06-22,34.97,34.97,34.97,34.97,7.26103,0,0,0
1994-06-23,34.91,34.91,34.91,34.91,7.24857,0,0,0
1994-06-24,34.35,34.35,34.35,34.35,7.1323,0,0,0
1994-06-27,34.35,34.35,34.35,34.35,7.1323,0,0,0
1994-06-28,34.5,34.5,34.5,34.5,7.16344,0,0,0
1994-06-29,34.77,34.77,34.77,34.77,7.2195,0,0,0
1994-06-30,34.74,34.74,34.74,34.74,7.21328,0,0,0
1994-07-01,34.81,34.81,34.81,34.81,7.22781,0,0,0
1994-07-05,34.84,34.84,34.84,34.84,7.23404,0,0,0
1994-07-06,34.86,34.86,34.86,34.86,7.23819,0,0,0
1994-07-07,34.96,34.96,34.96,34.96,7.25895,0,0,0
1994-07-08,35.02,35.02,35.02,35.02,7.27141,0,0,0
1994-07-11,34.96,34.96,34.96,34.96,7.25895,0,0,0
1994-07-12,34.8,34.8,34.8,34.8,7.22573,0,0,0
1994-07-13,34.89,34.89,34.89,34.89,7.24442,0,0,0
1994-07-14,35.43,35.43,35.43,35.43,7.35654,0,0,0
1994-07-15,35.48,35.48,35.48,35.48,7.36692,0,0,0
1994-07-18,35.44,35.44,35.44,35.44,7.35862,0,0,0
1994-07-19,35.46,35.46,35.46,35.46,7.36277,0,0,0
1994-07-20,35.32,35.32,35.32,35.32,7.3337,0,0,0
1994-07-21,35.27,35.27,35.27,35.27,7.32332,0,0,0
1994-07-22,35.31,35.31,35.31,35.31,7.33163,0,0,0
1994-07-25,35.26,35.26,35.26,35.26,7.32124,0,0,0
1994-07-26,35.23,35.23,35.23,35.23,7.31501,0,0,0
1994-07-27,35.23,35.23,35.23,35.23,7.31501,0,0,0
1994-07-28,35.44,35.44,35.44,35.44,7.35862,0,0,0
1994-07-29,35.74,35.74,35.74,35.74,7.42091,0,0,0
1994-08-01,36.09,36.09,36.09,36.09,7.49359,0,0,0
1994-08-02,36.12,36.12,36.12,36.12,7.49981,0,0,0
1994-08-03,36.12,36.12,36.12,36.12,7.49981,0,0,0
1994-08-04,36.06,36.06,36.06,36.06,7.48735,0,0,0
1994-08-05,35.85,35.85,35.85,35.85,7.44375,0,0,0
1994-08-08,35.93,35.93,35.93,35.93,7.46036,0,0,0
1994-08-09,35.83,35.83,35.83,35.83,7.4396,0,0,0
1994-08-10,35.95,35.95,35.95,35.95,7.46451,0,0,0
1994-08-11,35.86,35.86,35.86,35.86,7.44583,0,0,0
1994-08-12,35.95,35.95,35.95,35.95,7.46451,0,0,0
1994-08-15,35.89,35.89,35.89,35.89,7.45205,0,0,0
1994-08-16,35.87,35.87,35.87,35.87,7.4479,0,0,0
1994-08-17,35.79,35.79,35.79,35.79,7.43129,0,0,0
1994-08-18,35.55,35.55,35.55,35.55,7.38146,0,0,0
1994-08-19,35.5,35.5,35.5,35.5,7.37108,0,0,0
1994-08-22,35.19,35.19,35.19,35.19,7.30671,0,0,0
1994-08-23,35.26,35.26,35.26,35.26,7.32124,0,0,0
1994-08-24,35.3,35.3,35.3,35.3,7.32955,0,0,0
1994-08-25,35.22,35.22,35.22,35.22,7.31294,0,0,0
1994-08-26,35.46,35.46,35.46,35.46,7.36277,0,0,0
1994-08-29,35.57,35.57,35.57,35.57,7.38561,0,0,0
1994-08-30,35.68,35.68,35.68,35.68,7.40845,0,0,0
1994-08-31,35.6,35.6,35.6,35.6,7.39184,0,0,0
1994-09-01,35.28,35.28,35.28,35.28,7.3254,0,0,0
1994-09-02,35.24,35.24,35.24,35.24,7.31709,0,0,0
1994-09-06,35.17,35.17,35.17,35.17,7.30256,0,0,0
1994-09-07,35.02,35.02,35.02,35.02,7.27141,0,0,0
1994-09-08,35.05,35.05,35.05,35.05,7.27764,0,0,0
1994-09-09,34.74,34.74,34.74,34.74,7.21328,0,0,0
1994-09-12,34.56,34.56,34.56,34.56,7.1759,0,0,0
1994-09-13,34.58,34.58,34.58,34.58,7.18005,0,0,0
1994-09-14,34.63,34.63,34.63,34.63,7.19043,0,0,0
1994-09-15,35.06,35.06,35.06,35.06,7.27972,0,0,0
1994-09-16,34.68,34.68,34.68,34.68,7.20082,0,0,0
1994-09-19,34.62,34.62,34.62,34.62,7.18836,0,0,0
1994-09-20,34.17,34.17,34.17,34.17,7.09492,0,0,0
1994-09-21,34.09,34.09,34.09,34.09,7.07831,0,0,0
1994-09-22,34.12,34.12,34.12,34.12,7.08454,0,0,0
1994-09-23,34.18,34.18,34.18,34.18,7.097,0,0,0
1994-09-26,34.21,34.21,34.21,34.21,7.10323,0,0,0
1994-09-27,34.45,34.45,34.45,34.45,7.15306,0,0,0
1994-09-28,34.8,34.8,34.8,34.8,7.22573,0,0,0
1994-09-29,34.62,34.62,34.62,34.62,7.18836,0,0,0
1994-09-30,34.69,34.69,34.69,34.69,7.20289,0,0,0
1994-10-03,34.5,34.5,34.5,34.5,7.16344,0,0,0
1994-10-04,34.11,34.11,34.11,34.11,7.08247,0,0,0
1994-10-05,33.98,33.98,33.98,33.98,7.05547,0,0,0
1994-10-06,33.98,33.98,33.98,33.98,7.05547,0,0,0
1994-10-07,34.23,34.23,34.23,34.23,7.10738,0,0,0
1994-10-10,34.34,34.34,34.34,34.34,7.13022,0,0,0
1994-10-11,34.65,34.65,34.65,34.65,7.19459,0,0,0
1994-10-12,34.45,34.45,34.45,34.45,7.15306,0,0,0
1994-10-13,34.78,34.78,34.78,34.78,7.22158,0,0,0
1994-10-14,35.02,35.02,35.02,35.02,7.27141,0,0,0
1994-10-17,34.92,34.92,34.92,34.92,7.25064,0,0,0
1994-10-18,34.78,34.78,34.78,34.78,7.22158,0,0,0
1994-10-19,34.97,34.97,34.97,34.97,7.26103,0,0,0
1994-10-20,34.62,34.62,34.62,34.62,7.18836,0,0,0
1994-10-21,34.61,34.61,34.61,34.61,7.18628,0,0,0
1994-10-24,34.31,34.31,34.31,34.31,7.12399,0,0,0
1994-10-25,34.3,34.3,34.3,34.3,7.12191,0,0,0
1994-10-26,34.25,34.25,34.25,34.25,7.11153,0,0,0
1994-10-27,34.6,34.6,34.6,34.6,7.1842,0,0,0
1994-10-28,35.17,35.17,35.17,35.17,7.30256,0,0,0
1994-10-31,35.13,35.13,35.13,35.13,7.29425,0,0,0
1994-11-01,34.81,34.81,34.81,34.81,7.22781,0,0,0
1994-11-02,34.73,34.73,34.73,34.73,7.2112,0,0,0
1994-11-03,34.81,34.81,34.81,34.81,7.22781,0,0,0
1994-11-04,34.39,34.39,34.39,34.39,7.1406,0,0,0
1994-11-07,34.5,34.5,34.5,34.5,7.16344,0,0,0
1994-11-08,34.52,34.52,34.52,34.52,7.1676,0,0,0
1994-11-09,34.44,34.44,34.44,34.44,7.15098,0,0,0
1994-11-10,34.29,34.29,34.29,34.29,7.11984,0,0,0
1994-11-11,34.09,34.09,34.09,34.09,7.07831,0,0,0
1994-11-14,34.38,34.38,34.38,34.38,7.13853,0,0,0
1994-11-15,34.28,34.28,34.28,34.28,7.11777,0,0,0
1994-11-16,34.18,34.18,34.18,34.18,7.097,0,0,0
1994-11-17,34.08,34.08,34.08,34.08,7.07623,0,0,0
1994-11-18,33.9,33.9,33.9,33.9,7.03886,0,0,0
1994-11-21,34.03,34.03,34.03,34.03,7.06585,0,0,0
1994-11-22,33.8,33.8,33.8,33.8,7.0181,0,0,0
1994-11-23,33.98,33.98,33.98,33.98,7.05547,0,0,0
1994-11-25,34.02,34.02,34.02,34.02,7.06378,0,0,0
1994-11-28,33.85,33.85,33.85,33.85,7.02848,0,0,0
1994-11-29,33.88,33.88,33.88,33.88,7.03471,0,0,0
1994-11-30,33.86,33.86,33.86,33.86,7.03056,0,0,0
1994-12-01,33.64,33.64,33.64,33.64,6.98488,0,0,0
1994-12-02,33.84,33.84,33.84,33.84,7.0264,0,0,0
1994-12-05,33.84,33.84,33.84,33.84,7.0264,0,0,0
1994-12-06,33.69,33.69,33.69,33.69,6.99526,0,0,0
1994-12-07,33.66,33.66,33.66,33.66,6.98903,0,0,0
1994-12-08,33.65,33.65,33.65,33.65,6.98695,0,0,0
1994-12-09,33.76,33.76,33.76,33.76,7.00979,0,0,0
1994-12-12,33.68,33.68,33.68,33.68,6.99318,0,0,0
1994-12-13,33.68,33.68,33.68,33.68,6.99318,0,0,0
1994-12-14,34.03,34.03,34.03,34.03,7.06585,0,0,0
1994-12-15,34.08,34.08,34.08,34.08,7.07623,0,0,0
1994-12-16,33.19,33.19,33.19,33.19,7.09977,0,1,0
1994-12-19,33.13,33.13,33.13,33.13,7.08693,0,0,0
1994-12-20,33.12,33.12,33.12,33.12,7.08479,0,0,0
1994-12-21,33.11,33.11,33.11,33.11,7.08265,0,0,0
1994-12-22,33.13,33.13,33.13,33.13,7.08693,0,0,0
1994-12-23,33.1,33.1,33.1,33.1,7.08051,0,0,0
1994-12-27,33.19,33.19,33.19,33.19,7.09977,0,0,0
1994-12-28,33.18,33.18,33.18,33.18,7.09762,0,0,0
1994-12-29,33.11,33.11,33.11,33.11,7.08265,0,0,0
1994-12-30,33.08,33.08,33.08,33.08,7.07623,0,0,0
1995-01-03,33.06,33.06,33.06,33.06,7.07196,0,0,0
1995-01-04,33.26,33.26,33.26,33.26,7.11474,0,0,0
1995-01-05,33.24,33.24,33.24,33.24,7.11046,0,0,0
1995-01-06,33.28,33.28,33.28,33.28,7.11902,0,0,0
1995-01-09,33.17,33.17,33.17,33.17,7.09549,0,0,0
1995-01-10,33.06,33.06,33.06,33.06,7.07196,0,0,0
1995-01-11,32.96,32.96,32.96,32.96,7.05056,0,0,0
1995-01-12,32.95,32.95,32.95,32.95,7.04842,0,0,0
1995-01-13,33.05,33.05,33.05,33.05,7.06982,0,0,0
1995-01-16,33.27,33.27,33.27,33.27,7.11688,0,0,0
1995-01-17,33.25,33.25,33.25,33.25,7.1126,0,0,0
1995-01-18,33.33,33.33,33.33,33.33,7.12971,0,0,0
1995-01-19,33.25,33.25,33.25,33.25,7.1126,0,0,0
1995-01-20,33.28,33.28,33.28,33.28,7.11902,0,0,0
1995-01-23,33.5,33.5,33.5,33.5,7.16608,0,0,0
1995-01-24,33.62,33.62,33.62,33.62,7.19175,0,0,0
1995-01-25,33.92,33.92,33.92,33.92,7.25592,0,0,0
1995-01-26,34.08,34.08,34.08,34.08,7.29015,0,0,0
1995-01-27,34.39,34.39,34.39,34.39,7.35646,0,0,0
1995-01-30,34.29,34.29,34.29,34.29,7.33507,0,0,0
1995-01-31,34.43,34.43,34.43,34.43,7.36502,0,0,0
1995-02-01,34.32,34.32,34.32,34.32,7.34149,0,0,0
1995-02-02,34.19,34.19,34.19,34.19,7.31368,0,0,0
1995-02-03,34.58,34.58,34.58,34.58,7.3971,0,0,0
1995-02-06,34.7,34.7,34.7,34.7,7.42277,0,0,0
1995-02-07,34.75,34.75,34.75,34.75,7.43347,0,0,0
1995-02-08,34.99,34.99,34.99,34.99,7.48481,0,0,0
1995-02-09,34.68,34.68,34.68,34.68,7.41849,0,0,0
1995-02-10,34.78,34.78,34.78,34.78,7.43988,0,0,0
1995-02-13,34.64,34.64,34.64,34.64,7.40994,0,0,0
1995-02-14,34.57,34.57,34.57,34.57,7.39497,0,0,0
1995-02-15,34.66,34.66,34.66,34.66,7.41422,0,0,0
1995-02-16,34.56,34.56,34.56,34.56,7.39283,0,0,0
1995-02-17,34.36,34.36,34.36,34.36,7.35004,0,0,0
1995-02-21,34.39,34.39,34.39,34.39,7.35646,0,0,0
1995-02-22,34.63,34.63,34.63,34.63,7.4078,0,0,0
1995-02-23,34.76,34.76,34.76,34.76,7.43561,0,0,0
1995-02-24,34.84,34.84,34.84,34.84,7.45272,0,0,0
1995-02-27,34.57,34.57,34.57,34.57,7.39497,0,0,0
1995-02-28,34.88,34.88,34.88,34.88,7.46128,0,0,0
1995-03-01,34.65,34.65,34.65,34.65,7.41208,0,0,0
1995-03-02,34.68,34.68,34.68,34.68,7.41849,0,0,0
1995-03-03,34.51,34.51,34.51,34.51,7.38213,0,0,0
1995-03-06,34.34,34.34,34.34,34.34,7.34576,0,0,0
1995-03-07,34.1,34.1,34.1,34.1,7.29442,0,0,0
1995-03-08,34.22,34.22,34.22,34.22,7.3201,0,0,0
1995-03-09,34.38,34.38,34.38,34.38,7.35432,0,0,0
1995-03-10,34.77,34.77,34.77,34.77,7.43775,0,0,0
1995-03-13,34.72,34.72,34.72,34.72,7.42705,0,0,0
1995-03-14,34.96,34.96,34.96,34.96,7.47839,0,0,0
1995-03-15,34.88,34.88,34.88,34.88,7.46128,0,0,0
1995-03-16,35.07,35.07,35.07,35.07,7.50192,0,0,0
1995-03-17,35.02,35.02,35.02,35.02,7.49123,0,0,0
1995-03-20,34.86,34.86,34.86,34.86,7.457,0,0,0
1995-03-21,34.55,34.55,34.55,34.55,7.39068,0,0,0
1995-03-22,34.61,34.61,34.61,34.61,7.40352,0,0,0
1995-03-23,34.74,34.74,34.74,34.74,7.43133,0,0,0
1995-03-24,35.24,35.24,35.24,35.24,7.53828,0,0,0
1995-03-27,35.38,35.38,35.38,35.38,7.56823,0,0,0
1995-03-28,35.37,35.37,35.37,35.37,7.56609,0,0,0
1995-03-29,35.25,35.25,35.25,35.25,7.54043,0,0,0
1995-03-30,35.21,35.21,35.21,35.21,7.53187,0,0,0
1995-03-31,35.02,35.02,35.02,35.02,7.49123,0,0,0
1995-04-03,35.09,35.09,35.09,35.09,7.5062,0,0,0
1995-04-04,35.64,35.64,35.64,35.64,7.62385,0,0,0
1995-04-05,35.7,35.7,35.7,35.7,7.63669,0,0,0
1995-04-06,35.8,35.8,35.8,35.8,7.65808,0,0,0
1995-04-07,35.93,35.93,35.93,35.93,7.69663,0,0.05,0
1995-04-10,35.95,35.95,35.95,35.95,7.70092,0,0,0
1995-04-11,35.97,35.97,35.97,35.97,7.70521,0,0,0
1995-04-12,36.03,36.03,36.03,36.03,7.71806,0,0,0
1995-04-13,36.06,36.06,36.06,36.06,7.72448,0,0,0
1995-04-17,35.64,35.64,35.64,35.64,7.63451,0,0,0
1995-04-18,35.56,35.56,35.56,35.56,7.61738,0,0,0
1995-04-19,35.76,35.76,35.76,35.76,7.66022,0,0,0
1995-04-20,35.73,35.73,35.73,35.73,7.65379,0,0,0
1995-04-21,35.78,35.78,35.78,35.78,7.6645,0,0,0
1995-04-24,35.94,35.94,35.94,35.94,7.69878,0,0,0
1995-04-25,35.97,35.97,35.97,35.97,7.70521,0,0,0
1995-04-26,35.92,35.92,35.92,35.92,7.69449,0,0,0
1995-04-27,35.83,35.83,35.83,35.83,7.67521,0,0,0
1995-04-28,36.19,36.19,36.19,36.19,7.75233,0,0,0
1995-05-01,36.26,36.26,36.26,36.26,7.76732,0,0,0
1995-05-02,36.23,36.23,36.23,36.23,7.76089,0,0,0
1995-05-03,36.45,36.45,36.45,36.45,7.80803,0,0,0
1995-05-04,36.44,36.44,36.44,36.44,7.80588,0,0,0
1995-05-05,36.43,36.43,36.43,36.43,7.80374,0,0,0
1995-05-08,36.59,36.59,36.59,36.59,7.83802,0,0,0
1995-05-09,36.68,36.68,36.68,36.68,7.8573,0,0,0
1995-05-10,36.66,36.66,36.66,36.66,7.85301,0,0,0
1995-05-11,36.53,36.53,36.53,36.53,7.82516,0,0,0
1995-05-12,36.77,36.77,36.77,36.77,7.87657,0,0,0
1995-05-15,36.86,36.86,36.86,36.86,7.89585,0,0,0
1995-05-16,36.45,36.45,36.45,36.45,7.80803,0,0,0
1995-05-17,36.18,36.18,36.18,36.18,7.75019,0,0,0
1995-05-18,35.77,35.77,35.77,35.77,7.66236,0,0,0
1995-05-19,35.81,35.81,35.81,35.81,7.67093,0,0,0
1995-05-22,36.05,36.05,36.05,36.05,7.72234,0,0,0
1995-05-23,36.03,36.03,36.03,36.03,7.71806,0,0,0
1995-05-24,35.9,35.9,35.9,35.9,7.69021,0,0,0
1995-05-25,36.06,36.06,36.06,36.06,7.72448,0,0,0
1995-05-26,35.85,35.85,35.85,35.85,7.6795,0,0,0
1995-05-30,36.09,36.09,36.09,36.09,7.73091,0,0,0
1995-05-31,36.75,36.75,36.75,36.75,7.87229,0,0,0
1995-06-01,36.59,36.59,36.59,36.59,7.83802,0,0,0
1995-06-02,36.56,36.56,36.56,36.56,7.83159,0,0,0
1995-06-05,36.93,36.93,36.93,36.93,7.91085,0,0,0
1995-06-06,36.82,36.82,36.82,36.82,7.88728,0,0,0
1995-06-07,36.49,36.49,36.49,36.49,7.81659,0,0,0
1995-06-08,36.36,36.36,36.36,36.36,7.78875,0,0,0
1995-06-09,36.15,36.15,36.15,36.15,7.74376,0,0,0
1995-06-12,36.39,36.39,36.39,36.39,7.79517,0,0,0
1995-06-13,36.69,36.69,36.69,36.69,7.85943,0,0,0
1995-06-14,36.7,36.7,36.7,36.7,7.86158,0,0,0
1995-06-15,36.73,36.73,36.73,36.73,7.868,0,0,0
1995-06-16,37.09,37.09,37.09,37.09,7.94512,0,0,0
1995-06-19,37.21,37.21,37.21,37.21,7.97083,0,0,0
1995-06-20,37.05,37.05,37.05,37.05,7.93655,0,0,0
1995-06-21,36.87,36.87,36.87,36.87,7.89799,0,0,0
1995-06-22,37.44,37.44,37.44,37.44,8.0201,0,0,0
1995-06-23,37.26,37.26,37.26,37.26,7.98154,0,0,0
1995-06-26,36.89,36.89,36.89,36.89,7.90228,0,0,0
1995-06-27,37.15,37.15,37.15,37.15,7.95798,0,0,0
1995-06-28,37.23,37.23,37.23,37.23,7.97511,0,0,0
1995-06-29,36.96,36.96,36.96,36.96,7.91727,0,0,0
1995-06-30,37.11,37.11,37.11,37.11,7.94941,0,0,0
1995-07-03,37.19,37.19,37.19,37.19,7.96654,0,0,0
1995-07-05,36.97,36.97,36.97,36.97,7.91942,0,0,0
1995-07-06,37.61,37.61,37.61,37.61,8.05651,0,0,0
1995-07-07,37.59,37.59,37.59,37.59,8.05223,0,0,0
1995-07-10,37.25,37.25,37.25,37.25,7.97939,0,0,0
1995-07-11,37.25,37.25,37.25,37.25,7.97939,0,0,0
1995-07-12,37.52,37.52,37.52,37.52,8.03723,0,0,0
1995-07-13,37.32,37.32,37.32,37.32,7.99439,0,0,0
1995-07-14,37.17,37.17,37.17,37.17,7.96226,0,0,0
1995-07-17,37.22,37.22,37.22,37.22,7.97297,0,0,0
1995-07-18,37.16,37.16,37.16,37.16,7.96012,0,0,0
1995-07-19,37.35,37.35,37.35,37.35,8.00082,0,0,0
1995-07-20,37.97,37.97,37.97,37.97,8.13363,0,0,0
1995-07-21,37.89,37.89,37.89,37.89,8.11649,0,0,0
1995-07-24,38.09,38.09,38.09,38.09,8.15933,0,0,0
1995-07-25,38.23,38.23,38.23,38.23,8.18933,0,0,0
1995-07-26,38.23,38.23,38.23,38.23,8.18933,0,0,0
1995-07-27,38.27,38.27,38.27,38.27,8.19789,0,0,0
1995-07-28,38.14,38.14,38.14,38.14,8.17005,0,0,0
1995-07-31,38.11,38.11,38.11,38.11,8.16362,0,0,0
1995-08-01,37.88,37.88,37.88,37.88,8.11435,0,0,0
1995-08-02,38.33,38.33,38.33,38.33,8.21075,0,0,0
1995-08-03,38.5,38.5,38.5,38.5,8.24716,0,0,0
1995-08-04,38.39,38.39,38.39,38.39,8.2236,0,0,0
1995-08-07,38.41,38.41,38.41,38.41,8.22788,0,0,0
1995-08-08,38.42,38.42,38.42,38.42,8.23002,0,0,0
1995-08-09,38.27,38.27,38.27,38.27,8.19789,0,0,0
1995-08-10,38.17,38.17,38.17,38.17,8.17647,0,0,0
1995-08-11,38,38,38,38,8.14006,0,0,0
1995-08-14,38.19,38.19,38.19,38.19,8.18075,0,0,0
1995-08-15,38.08,38.08,38.08,38.08,8.15719,0,0,0
1995-08-16,38.23,38.23,38.23,38.23,8.18933,0,0,0
1995-08-17,38.21,38.21,38.21,38.21,8.18504,0,0,0
1995-08-18,38.33,38.33,38.33,38.33,8.21075,0,0,0
1995-08-21,38.4,38.4,38.4,38.4,8.22574,0,0,0
1995-08-22,38.39,38.39,38.39,38.39,8.2236,0,0,0
1995-08-23,38.19,38.19,38.19,38.19,8.18075,0,0,0
1995-08-24,38.36,38.36,38.36,38.36,8.21717,0,0,0
1995-08-25,38.76,38.76,38.76,38.76,8.30285,0,0,0
1995-08-28,38.83,38.83,38.83,38.83,8.31785,0,0,0
1995-08-29,38.88,38.88,38.88,38.88,8.32856,0,0,0
1995-08-30,38.9,38.9,38.9,38.9,8.33285,0,0,0
1995-08-31,39.08,39.08,39.08,39.08,8.37141,0,0,0
1995-09-01,39.11,39.11,39.11,39.11,8.37783,0,0,0
1995-09-05,39.38,39.38,39.38,39.38,8.43567,0,0,0
1995-09-06,39.31,39.31,39.31,39.31,8.42067,0,0,0
1995-09-07,39.39,39.39,39.39,39.39,8.43781,0,0,0
1995-09-08,39.56,39.56,39.56,39.56,8.47423,0,0,0
1995-09-11,39.5,39.5,39.5,39.5,8.46137,0,0,0
1995-09-12,39.57,39.57,39.57,39.57,8.47637,0,0,0
1995-09-13,39.85,39.85,39.85,39.85,8.53635,0,0,0
1995-09-14,40.35,40.35,40.35,40.35,8.64345,0,0,0
1995-09-15,40.63,40.63,40.63,40.63,8.70343,0,0,0
1995-09-18,40.59,40.59,40.59,40.59,8.69486,0,0,0
1995-09-19,40.66,40.66,40.66,40.66,8.70986,0,0,0
1995-09-20,40.8,40.8,40.8,40.8,8.73984,0,0,0
1995-09-21,40.47,40.47,40.47,40.47,8.66916,0,0,0
1995-09-22,40.47,40.47,40.47,40.47,8.66916,0,0,0
1995-09-25,40.45,40.45,40.45,40.45,8.66487,0,0,0
1995-09-26,40.64,40.64,40.64,40.64,8.70557,0,0,0
1995-09-27,40.73,40.73,40.73,40.73,8.72485,0,0,0
1995-09-28,40.8,40.8,40.8,40.8,8.73984,0,0,0
1995-09-29,40.94,40.94,40.94,40.94,8.76984,0,0,0
1995-10-02,40.93,40.93,40.93,40.93,8.7677,0,0,0
1995-10-03,40.96,40.96,40.96,40.96,8.77412,0,0,0
1995-10-04,41.03,41.03,41.03,41.03,8.78912,0,0,0
1995-10-05,40.94,40.94,40.94,40.94,8.76984,0,0,0
1995-10-06,40.82,40.82,40.82,40.82,8.74413,0,0,0
1995-10-09,40.88,40.88,40.88,40.88,8.75698,0,0,0
1995-10-10,40.96,40.96,40.96,40.96,8.77412,0,0,0
1995-10-11,41.08,41.08,41.08,41.08,8.79983,0,0,0
1995-10-12,41.01,41.01,41.01,41.01,8.78483,0,0,0
1995-10-13,41.07,41.07,41.07,41.07,8.79769,0,0,0
1995-10-16,40.88,40.88,40.88,40.88,8.75698,0,0,0
1995-10-17,41.18,41.18,41.18,41.18,8.82125,0,0,0
1995-10-18,41.15,41.15,41.15,41.15,8.81482,0,0,0
1995-10-19,41.53,41.53,41.53,41.53,8.89622,0,0,0
1995-10-20,41.58,41.58,41.58,41.58,8.90693,0,0,0
1995-10-23,41.43,41.43,41.43,41.43,8.8748,0,0,0
1995-10-24,41.64,41.64,41.64,41.64,8.91979,0,0,0
1995-10-25,41.5,41.5,41.5,41.5,8.88979,0,0,0
1995-10-26,41.06,41.06,41.06,41.06,8.79555,0,0,0
1995-10-27,41.04,41.04,41.04,41.04,8.79126,0,0,0
1995-10-30,41.28,41.28,41.28,41.28,8.84267,0,0,0
1995-10-31,41.34,41.34,41.34,41.34,8.85552,0,0,0
1995-11-01,41.61,41.61,41.61,41.61,8.91336,0,0,0
1995-11-02,41.84,41.84,41.84,41.84,8.96263,0,0,0
1995-11-03,41.87,41.87,41.87,41.87,8.96905,0,0,0
1995-11-06,41.71,41.71,41.71,41.71,8.93478,0,0,0
1995-11-07,41.63,41.63,41.63,41.63,8.91764,0,0,0
1995-11-08,41.88,41.88,41.88,41.88,8.97119,0,0,0
1995-11-09,41.7,41.7,41.7,41.7,8.93264,0,0,0
1995-11-10,41.51,41.51,41.51,41.51,8.89193,0,0,0
1995-11-13,41.52,41.52,41.52,41.52,8.89408,0,0,0
1995-11-14,41.52,41.52,41.52,41.52,8.89408,0,0,0
1995-11-15,41.76,41.76,41.76,41.76,8.94549,0,0,0
1995-11-16,42.02,42.02,42.02,42.02,9.00119,0,0,0
1995-11-17,42.2,42.2,42.2,42.2,9.03974,0,0,0
1995-11-20,42.01,42.01,42.01,42.01,8.99905,0,0,0
1995-11-21,42.11,42.11,42.11,42.11,9.02046,0,0,0
1995-11-22,41.95,41.95,41.95,41.95,8.98619,0,0,0
1995-11-24,42.01,42.01,42.01,42.01,8.99905,0,0,0
1995-11-27,42.24,42.24,42.24,42.24,9.04831,0,0,0
1995-11-28,42.4,42.4,42.4,42.4,9.08259,0,0,0
1995-11-29,42.51,42.51,42.51,42.51,9.10615,0,0,0
1995-11-30,42.25,42.25,42.25,42.25,9.05045,0,0,0
1995-12-01,42.58,42.58,42.58,42.58,9.12115,0,0,0
1995-12-04,42.99,42.99,42.99,42.99,9.20897,0,0,0
1995-12-05,43.01,43.01,43.01,43.01,9.21326,0,0,0
1995-12-06,43.02,43.02,43.02,43.02,9.2154,0,0,0
1995-12-07,42.72,42.72,42.72,42.72,9.15114,0,0,0
1995-12-08,42.64,42.64,42.64,42.64,9.134,0,0,0
1995-12-11,43.15,43.15,43.15,43.15,9.24325,0,0,0
1995-12-12,43.19,43.19,43.19,43.19,9.25182,0,0,0
1995-12-13,43.77,43.77,43.77,43.77,9.37606,0,0,0
1995-12-14,43.53,43.53,43.53,43.53,9.32464,0,0,0
1995-12-15,43.03,43.03,43.03,43.03,9.38792,0,0.79,0
1995-12-18,42.65,42.65,42.65,42.65,9.30501,0,0,0
1995-12-19,42.95,42.95,42.95,42.95,9.37046,0,0,0
1995-12-20,42.78,42.78,42.78,42.78,9.33337,0,0,0
1995-12-21,42.86,42.86,42.86,42.86,9.35083,0,0,0
1995-12-22,42.96,42.96,42.96,42.96,9.37264,0,0,0
1995-12-26,43.2,43.2,43.2,43.2,9.425,0,0,0
1995-12-27,43.35,43.35,43.35,43.35,9.45773,0,0,0
1995-12-28,43.38,43.38,43.38,43.38,9.46427,0,0,0
1995-12-29,43.59,43.59,43.59,43.59,9.5101,0,0,0
1996-01-02,43.88,43.88,43.88,43.88,9.57336,0,0,0
1996-01-03,44.32,44.32,44.32,44.32,9.66935,0,0,0
1996-01-04,44.04,44.04,44.04,44.04,9.60827,0,0,0
1996-01-05,44.24,44.24,44.24,44.24,9.6519,0,0,0
1996-01-08,44.22,44.22,44.22,44.22,9.64754,0,0,0
1996-01-09,43.84,43.84,43.84,43.84,9.56463,0,0,0
1996-01-10,43.17,43.17,43.17,43.17,9.41846,0,0,0
1996-01-11,43.32,43.32,43.32,43.32,9.45119,0,0,0
1996-01-12,43.15,43.15,43.15,43.15,9.4141,0,0,0
1996-01-15,43.23,43.23,43.23,43.23,9.43155,0,0,0
1996-01-16,43.94,43.94,43.94,43.94,9.58645,0,0,0
1996-01-17,43.78,43.78,43.78,43.78,9.55155,0,0,0
1996-01-18,43.71,43.71,43.71,43.71,9.53627,0,0,0
1996-01-19,43.31,43.31,43.31,43.31,9.449,0,0,0
1996-01-22,42.96,42.96,42.96,42.96,9.37264,0,0,0
1996-01-23,42.96,42.96,42.96,42.96,9.37264,0,0,0
1996-01-24,43.43,43.43,43.43,43.43,9.47519,0,0,0
1996-01-25,43.23,43.23,43.23,43.23,9.43155,0,0,0
1996-01-26,43.45,43.45,43.45,43.45,9.47955,0,0,0
1996-01-29,43.48,43.48,43.48,43.48,9.48609,0,0,0
1996-01-30,43.64,43.64,43.64,43.64,9.521,0,0,0
1996-01-31,44.05,44.05,44.05,44.05,9.61045,0,0,0
1996-02-01,44.2,44.2,44.2,44.2,9.64318,0,0,0
1996-02-02,44.17,44.17,44.17,44.17,9.63663,0,0,0
1996-02-05,44.49,44.49,44.49,44.49,9.70645,0,0,0
1996-02-06,44.88,44.88,44.88,44.88,9.79153,0,0,0
1996-02-07,45.43,45.43,45.43,45.43,9.91153,0,0,0
1996-02-08,45.25,45.25,45.25,45.25,9.87226,0,0,0
1996-02-09,45.38,45.38,45.38,45.38,9.90062,0,0,0
1996-02-12,45.78,45.78,45.78,45.78,9.98788,0,0,0
1996-02-13,45.58,45.58,45.58,45.58,9.94425,0,0,0
1996-02-14,44.87,44.87,44.87,44.87,9.78935,0,0,0
1996-02-15,44.41,44.41,44.41,44.41,9.68899,0,0,0
1996-02-16,44.11,44.11,44.11,44.11,9.62354,0,0,0
1996-02-20,43.45,43.45,43.45,43.45,9.47955,0,0,0
1996-02-21,43.88,43.88,43.88,43.88,9.57336,0,0,0
1996-02-22,44.36,44.36,44.36,44.36,9.67808,0,0,0
1996-02-23,44.28,44.28,44.28,44.28,9.66063,0,0,0
1996-02-26,43.68,43.68,43.68,43.68,9.52973,0,0,0
1996-02-27,43.51,43.51,43.51,43.51,9.49264,0,0,0
1996-02-28,43.31,43.31,43.31,43.31,9.449,0,0,0
1996-02-29,43.03,43.03,43.03,43.03,9.38792,0,0,0
1996-03-01,43.12,43.12,43.12,43.12,9.40755,0,0,0
1996-03-04,43.25,43.25,43.25,43.25,9.43591,0,0,0
1996-03-05,43.43,43.43,43.43,43.43,9.47519,0,0,0
1996-03-06,43.24,43.24,43.24,43.24,9.43373,0,0,0
1996-03-07,43.08,43.08,43.08,43.08,9.39882,0,0,0
1996-03-08,41.92,41.92,41.92,41.92,9.14575,0,0,0
1996-03-11,42.16,42.16,42.16,42.16,9.19811,0,0,0
1996-03-12,41.57,41.57,41.57,41.57,9.06939,0,0,0
1996-03-13,41.54,41.54,41.54,41.54,9.06284,0,0,0
1996-03-14,41.47,41.47,41.47,41.47,9.04757,0,0,0
1996-03-15,41.48,41.48,41.48,41.48,9.04975,0,0,0
1996-03-18,42.47,42.47,42.47,42.47,9.26574,0,0,0
1996-03-19,42.68,42.68,42.68,42.68,9.31156,0,0,0
1996-03-20,42.79,42.79,42.79,42.79,9.33556,0,0,0
1996-03-21,42.98,42.98,42.98,42.98,9.37701,0,0,0
1996-03-22,42.92,42.92,42.92,42.92,9.36392,0,0,0
1996-03-25,43.02,43.02,43.02,43.02,9.38574,0,0,0
1996-03-26,42.99,42.99,42.99,42.99,9.37919,0,0,0
1996-03-27,42.99,42.99,42.99,42.99,9.37919,0,0,0
1996-03-28,42.87,42.87,42.87,42.87,9.35301,0,0,0
1996-03-29,42.65,42.65,42.65,42.65,9.30501,0,0,0
1996-04-01,43.59,43.59,43.59,43.59,9.5101,0,0,0
1996-04-02,43.5,43.5,43.5,43.5,9.49046,0,0,0
1996-04-03,43.44,43.44,43.44,43.44,9.47737,0,0,0
1996-04-04,40.3,40.3,40.3,40.3,9.41197,0,2.86,0
1996-04-08,39.37,39.37,39.37,39.37,9.19477,0,0,0
1996-04-09,39.51,39.51,39.51,39.51,9.22747,0,0,0
1996-04-10,39.46,39.46,39.46,39.46,9.21579,0,0,0
1996-04-11,39.24,39.24,39.24,39.24,9.16441,0,0,0
1996-04-12,39.67,39.67,39.67,39.67,9.26484,0,0,0
1996-04-15,40.27,40.27,40.27,40.27,9.40496,0,0,0
1996-04-16,40.41,40.41,40.41,40.41,9.43766,0,0,0
1996-04-17,40.57,40.57,40.57,40.57,9.47503,0,0,0
1996-04-18,40.65,40.65,40.65,40.65,9.49371,0,0,0
1996-04-19,41.02,41.02,41.02,41.02,9.58013,0,0,0
1996-04-22,41.2,41.2,41.2,41.2,9.62217,0,0,0
1996-04-23,41.22,41.22,41.22,41.22,9.62684,0,0,0
1996-04-24,41.22,41.22,41.22,41.22,9.62684,0,0,0
1996-04-25,41.61,41.61,41.61,41.61,9.71792,0,0,0
1996-04-26,41.57,41.57,41.57,41.57,9.70858,0,0,0
1996-04-29,41.6,41.6,41.6,41.6,9.71559,0,0,0
1996-04-30,41.45,41.45,41.45,41.45,9.68055,0,0,0
1996-05-01,41.39,41.39,41.39,41.39,9.66654,0,0,0
1996-05-02,40.63,40.63,40.63,40.63,9.48905,0,0,0
1996-05-03,40.5,40.5,40.5,40.5,9.45868,0,0,0
1996-05-06,40.51,40.51,40.51,40.51,9.46102,0,0,0
1996-05-07,40.44,40.44,40.44,40.44,9.44467,0,0,0
1996-05-08,40.83,40.83,40.83,40.83,9.53575,0,0,0
1996-05-09,41.06,41.06,41.06,41.06,9.58947,0,0,0
1996-05-10,41.45,41.45,41.45,41.45,9.68055,0,0,0
1996-05-13,41.85,41.85,41.85,41.85,9.77397,0,0,0
1996-05-14,41.95,41.95,41.95,41.95,9.79733,0,0,0
1996-05-15,41.86,41.86,41.86,41.86,9.77631,0,0,0
1996-05-16,41.78,41.78,41.78,41.78,9.75762,0,0,0
1996-05-17,41.84,41.84,41.84,41.84,9.77164,0,0,0
1996-05-20,41.77,41.77,41.77,41.77,9.75529,0,0,0
1996-05-21,42.1,42.1,42.1,42.1,9.83236,0,0,0
1996-05-22,42.47,42.47,42.47,42.47,9.91877,0,0,0
1996-05-23,42.08,42.08,42.08,42.08,9.82769,0,0,0
1996-05-24,42.36,42.36,42.36,42.36,9.89308,0,0,0
1996-05-28,42.12,42.12,42.12,42.12,9.83703,0,0,0
1996-05-29,41.86,41.86,41.86,41.86,9.77631,0,0,0
1996-05-30,41.72,41.72,41.72,41.72,9.74361,0,0,0
1996-05-31,41.48,41.48,41.48,41.48,9.68756,0,0,0
1996-06-03,41.03,41.03,41.03,41.03,9.58246,0,0,0
1996-06-04,41.17,41.17,41.17,41.17,9.61516,0,0,0
1996-06-05,41.59,41.59,41.59,41.59,9.71325,0,0,0
1996-06-06,41.26,41.26,41.26,41.26,9.63618,0,0,0
1996-06-07,41.2,41.2,41.2,41.2,9.62217,0,0,0
1996-06-10,41.13,41.13,41.13,41.13,9.60581,0,0,0
1996-06-11,40.98,40.98,40.98,40.98,9.57079,0,0,0
1996-06-12,40.75,40.75,40.75,40.75,9.51707,0,0,0
1996-06-13,40.76,40.76,40.76,40.76,9.5194,0,0,0
1996-06-14,40.7,40.7,40.7,40.7,9.50539,0,0,0
1996-06-17,40.74,40.74,40.74,40.74,9.51473,0,0,0
1996-06-18,40.67,40.67,40.67,40.67,9.49838,0,0,0
1996-06-19,40.67,40.67,40.67,40.67,9.49838,0,0,0
1996-06-20,41.02,41.02,41.02,41.02,9.58013,0,0,0
1996-06-21,41.34,41.34,41.34,41.34,9.65486,0,0,0
1996-06-24,41.44,41.44,41.44,41.44,9.67822,0,0,0
1996-06-25,41.25,41.25,41.25,41.25,9.63385,0,0,0
1996-06-26,41.27,41.27,41.27,41.27,9.63851,0,0,0
1996-06-27,41.64,41.64,41.64,41.64,9.72493,0,0,0
1996-06-28,42.12,42.12,42.12,42.12,9.83703,0,0,0
1996-07-01,42.17,42.17,42.17,42.17,9.84871,0,0,0
1996-07-02,42.17,42.17,42.17,42.17,9.84871,0,0,0
1996-07-03,42.47,42.47,42.47,42.47,9.91877,0,0,0
1996-07-05,41.62,41.62,41.62,41.62,9.72025,0,0,0
1996-07-08,41.33,41.33,41.33,41.33,9.65253,0,0,0
1996-07-09,41.75,41.75,41.75,41.75,9.75062,0,0,0
1996-07-10,41.82,41.82,41.82,41.82,9.76697,0,0,0
1996-07-11,41.69,41.69,41.69,41.69,9.7366,0,0,0
1996-07-12,42.1,42.1,42.1,42.1,9.83236,0,0,0
1996-07-15,41.31,41.31,41.31,41.31,9.64785,0,0,0
1996-07-16,41.14,41.14,41.14,41.14,9.60816,0,0,0
1996-07-17,41.06,41.06,41.06,41.06,9.58947,0,0,0
1996-07-18,41.15,41.15,41.15,41.15,9.61049,0,0,0
1996-07-19,41.16,41.16,41.16,41.16,9.61282,0,0,0
1996-07-22,40.59,40.59,40.59,40.59,9.4797,0,0,0
1996-07-23,40.33,40.33,40.33,40.33,9.41898,0,0,0
1996-07-24,40.3,40.3,40.3,40.3,9.41197,0,0,0
1996-07-25,40.33,40.33,40.33,40.33,9.41898,0,0,0
1996-07-26,40.31,40.31,40.31,40.31,9.41431,0,0,0
1996-07-29,40.11,40.11,40.11,40.11,9.36759,0,0,0
1996-07-30,40.12,40.12,40.12,40.12,9.36993,0,0,0
1996-07-31,40.28,40.28,40.28,40.28,9.4073,0,0,0
1996-08-01,40.99,40.99,40.99,40.99,9.57312,0,0,0
1996-08-02,41.44,41.44,41.44,41.44,9.67822,0,0,0
1996-08-05,41.34,41.34,41.34,41.34,9.65486,0,0,0
1996-08-06,41.32,41.32,41.32,41.32,9.65019,0,0,0
1996-08-07,41.19,41.19,41.19,41.19,9.61983,0,0,0
1996-08-08,40.88,40.88,40.88,40.88,9.54743,0,0,0
1996-08-09,40.9,40.9,40.9,40.9,9.5521,0,0,0
1996-08-12,41.37,41.37,41.37,41.37,9.66187,0,0,0
1996-08-13,41.05,41.05,41.05,41.05,9.58713,0,0,0
1996-08-14,41.22,41.22,41.22,41.22,9.62684,0,0,0
1996-08-15,41.19,41.19,41.19,41.19,9.61983,0,0,0
1996-08-16,41.41,41.41,41.41,41.41,9.67122,0,0,0
1996-08-19,41.5,41.5,41.5,41.5,9.69223,0,0,0
1996-08-20,41.4,41.4,41.4,41.4,9.66887,0,0,0
1996-08-21,41.32,41.32,41.32,41.32,9.65019,0,0,0
1996-08-22,41.53,41.53,41.53,41.53,9.69924,0,0,0
1996-08-23,41.48,41.48,41.48,41.48,9.68756,0,0,0
1996-08-26,41.17,41.17,41.17,41.17,9.61516,0,0,0
1996-08-27,41.15,41.15,41.15,41.15,9.61049,0,0,0
1996-08-28,40.9,40.9,40.9,40.9,9.5521,0,0,0
1996-08-29,40.57,40.57,40.57,40.57,9.47503,0,0,0
1996-08-30,40.29,40.29,40.29,40.29,9.40964,0,0,0
1996-09-03,40.24,40.24,40.24,40.24,9.39796,0,0,0
1996-09-04,40.08,40.08,40.08,40.08,9.36059,0,0,0
1996-09-05,39.74,39.74,39.74,39.74,9.28119,0,0,0
1996-09-06,39.81,39.81,39.81,39.81,9.29753,0,0,0
1996-09-09,40.27,40.27,40.27,40.27,9.40496,0,0,0
1996-09-10,40.22,40.22,40.22,40.22,9.39329,0,0,0
1996-09-11,40.52,40.52,40.52,40.52,9.46335,0,0,0
1996-09-12,40.72,40.72,40.72,40.72,9.51006,0,0,0
1996-09-13,41.09,41.09,41.09,41.09,9.59648,0,0,0
1996-09-16,41.11,41.11,41.11,41.11,9.60115,0,0,0
1996-09-17,40.71,40.71,40.71,40.71,9.50773,0,0,0
1996-09-18,40.62,40.62,40.62,40.62,9.48671,0,0,0
1996-09-19,40.8,40.8,40.8,40.8,9.52874,0,0,0
1996-09-20,41.25,41.25,41.25,41.25,9.63385,0,0,0
1996-09-23,41.27,41.27,41.27,41.27,9.63851,0,0,0
1996-09-24,40.95,40.95,40.95,40.95,9.56378,0,0,0
1996-09-25,40.85,40.85,40.85,40.85,9.54042,0,0,0
1996-09-26,40.9,40.9,40.9,40.9,9.5521,0,0,0
1996-09-27,40.81,40.81,40.81,40.81,9.53108,0,0,0
1996-09-30,41.02,41.02,41.02,41.02,9.58013,0,0,0
1996-10-01,41.22,41.22,41.22,41.22,9.62684,0,0,0
1996-10-02,41.95,41.95,41.95,41.95,9.79733,0,0,0
1996-10-03,41.92,41.92,41.92,41.92,9.79032,0,0,0
1996-10-04,42.3,42.3,42.3,42.3,9.87907,0,0,0
1996-10-07,42.55,42.55,42.55,42.55,9.93745,0,0,0
1996-10-08,42.31,42.31,42.31,42.31,9.88141,0,0,0
1996-10-09,41.99,41.99,41.99,41.99,9.80667,0,0,0
1996-10-10,41.76,41.76,41.76,41.76,9.75295,0,0,0
1996-10-11,41.95,41.95,41.95,41.95,9.79733,0,0,0
1996-10-14,42.06,42.06,42.06,42.06,9.82302,0,0,0
1996-10-15,41.84,41.84,41.84,41.84,9.77164,0,0,0
1996-10-16,42.43,42.43,42.43,42.43,9.90943,0,0,0
1996-10-17,42.4,42.4,42.4,42.4,9.90242,0,0,0
1996-10-18,42.73,42.73,42.73,42.73,9.97949,0,0,0
1996-10-21,42.68,42.68,42.68,42.68,9.96782,0,0,0
1996-10-22,42.39,42.39,42.39,42.39,9.90008,0,0,0
1996-10-23,42.47,42.47,42.47,42.47,9.91877,0,0,0
1996-10-24,42.44,42.44,42.44,42.44,9.91176,0,0,0
1996-10-25,42.64,42.64,42.64,42.64,9.95848,0,0,0
1996-10-28,42.62,42.62,42.62,42.62,9.9538,0,0,0
1996-10-29,42.83,42.83,42.83,42.83,10.0028,0,0,0
1996-10-30,42.64,42.64,42.64,42.64,9.95848,0,0,0
1996-10-31,42.74,42.74,42.74,42.74,9.98183,0,0,0
1996-11-01,42.77,42.77,42.77,42.77,9.98884,0,0,0
1996-11-04,42.83,42.83,42.83,42.83,10.0028,0,0,0
1996-11-05,43.18,43.18,43.18,43.18,10.0846,0,0,0
1996-11-06,43.38,43.38,43.38,43.38,10.1313,0,0,0
1996-11-07,43.43,43.43,43.43,43.43,10.143,0,0,0
1996-11-08,43.37,43.37,43.37,43.37,10.129,0,0,0
1996-11-11,43.4,43.4,43.4,43.4,10.136,0,0,0
1996-11-12,43.36,43.36,43.36,43.36,10.1266,0,0,0
1996-11-13,43.49,43.49,43.49,43.49,10.157,0,0,0
1996-11-14,43.66,43.66,43.66,43.66,10.1967,0,0,0
1996-11-15,43.89,43.89,43.89,43.89,10.2504,0,0,0
1996-11-18,43.77,43.77,43.77,43.77,10.2224,0,0,0
1996-11-19,43.89,43.89,43.89,43.89,10.2504,0,0,0
1996-11-20,43.93,43.93,43.93,43.93,10.2597,0,0,0
1996-11-21,44.15,44.15,44.15,44.15,10.3111,0,0,0
1996-11-22,44.31,44.31,44.31,44.31,10.3485,0,0,0
1996-11-25,44.93,44.93,44.93,44.93,10.4933,0,0,0
1996-11-26,44.9,44.9,44.9,44.9,10.4863,0,0,0
1996-11-27,44.68,44.68,44.68,44.68,10.4349,0,0,0
1996-11-29,44.75,44.75,44.75,44.75,10.4513,0,0,0
1996-12-02,44.76,44.76,44.76,44.76,10.4536,0,0,0
1996-12-03,44.52,44.52,44.52,44.52,10.3975,0,0,0
1996-12-04,44.53,44.53,44.53,44.53,10.3999,0,0,0
1996-12-05,44.7,44.7,44.7,44.7,10.4396,0,0,0
1996-12-06,44.05,44.05,44.05,44.05,10.2878,0,0,0
1996-12-09,44.36,44.36,44.36,44.36,10.3602,0,0,0
1996-12-10,44.28,44.28,44.28,44.28,10.3415,0,0,0
1996-12-11,43.61,43.61,43.61,43.61,10.185,0,0,0
1996-12-12,43.31,43.31,43.31,43.31,10.115,0,0,0
1996-12-13,42.17,42.17,42.17,42.17,10.1729,0,1.38,0
1996-12-16,42.1,42.1,42.1,42.1,10.156,0,0,0
1996-12-17,42.03,42.03,42.03,42.03,10.1391,0,0,0
1996-12-18,42.07,42.07,42.07,42.07,10.1487,0,0,0
1996-12-19,42.4,42.4,42.4,42.4,10.2283,0,0,0
1996-12-20,42.69,42.69,42.69,42.69,10.2983,0,0,0
1996-12-23,42.96,42.96,42.96,42.96,10.3634,0,0,0
1996-12-24,43.45,43.45,43.45,43.45,10.4816,0,0,0
1996-12-26,44,44,44,44,10.6143,0,0,0
1996-12-27,44.64,44.64,44.64,44.64,10.7687,0,0,0
1996-12-30,44.2,44.2,44.2,44.2,10.6626,0,0,0
1996-12-31,43.9,43.9,43.9,43.9,10.5902,0,0,0
1997-01-02,43.86,43.86,43.86,43.86,10.5805,0,0,0
1997-01-03,44.13,44.13,44.13,44.13,10.6457,0,0,0
1997-01-06,43.84,43.84,43.84,43.84,10.5757,0,0,0
1997-01-07,43.88,43.88,43.88,43.88,10.5854,0,0,0
1997-01-08,43.65,43.65,43.65,43.65,10.5299,0,0,0
1997-01-09,43.89,43.89,43.89,43.89,10.5878,0,0,0
1997-01-10,44.04,44.04,44.04,44.04,10.624,0,0,0
1997-01-13,44.19,44.19,44.19,44.19,10.6601,0,0,0
1997-01-14,44.72,44.72,44.72,44.72,10.788,0,0,0
1997-01-15,44.93,44.93,44.93,44.93,10.8387,0,0,0
1997-01-16,44.76,44.76,44.76,44.76,10.7976,0,0,0
1997-01-17,44.92,44.92,44.92,44.92,10.8362,0,0,0
1997-01-20,44.99,44.99,44.99,44.99,10.8531,0,0,0
1997-01-21,45.08,45.08,45.08,45.08,10.8748,0,0,0
1997-01-22,45.01,45.01,45.01,45.01,10.858,0,0,0
1997-01-23,44.7,44.7,44.7,44.7,10.7832,0,0,0
1997-01-24,44.52,44.52,44.52,44.52,10.7397,0,0,0
1997-01-27,44.41,44.41,44.41,44.41,10.7132,0,0,0
1997-01-28,44.39,44.39,44.39,44.39,10.7084,0,0,0
1997-01-29,44.47,44.47,44.47,44.47,10.7277,0,0,0
1997-01-30,44.91,44.91,44.91,44.91,10.8338,0,0,0
1997-01-31,45.22,45.22,45.22,45.22,10.9086,0,0,0
1997-02-03,45.12,45.12,45.12,45.12,10.8845,0,0,0
1997-02-04,45.35,45.35,45.35,45.35,10.94,0,0,0
1997-02-05,45.01,45.01,45.01,45.01,10.858,0,0,0
1997-02-06,45.09,45.09,45.09,45.09,10.8773,0,0,0
1997-02-07,45.28,45.28,45.28,45.28,10.9231,0,0,0
1997-02-10,45.41,45.41,45.41,45.41,10.9544,0,0,0
1997-02-11,45.62,45.62,45.62,45.62,11.0051,0,0,0
1997-02-12,46.3,46.3,46.3,46.3,11.1691,0,0,0
1997-02-13,46.65,46.65,46.65,46.65,11.2536,0,0,0
1997-02-14,46.33,46.33,46.33,46.33,11.1764,0,0,0
1997-02-18,46.79,46.79,46.79,46.79,11.2873,0,0,0
1997-02-19,46.56,46.56,46.56,46.56,11.2319,0,0,0
1997-02-20,46.19,46.19,46.19,46.19,11.1426,0,0,0
1997-02-21,46.35,46.35,46.35,46.35,11.1812,0,0,0
1997-02-24,46.59,46.59,46.59,46.59,11.2391,0,0,0
1997-02-25,46.46,46.46,46.46,46.46,11.2077,0,0,0
1997-02-26,46.11,46.11,46.11,46.11,11.1233,0,0,0
1997-02-27,45.85,45.85,45.85,45.85,11.0606,0,0,0
1997-02-28,45.97,45.97,45.97,45.97,11.0895,0,0,0
1997-03-03,45.68,45.68,45.68,45.68,11.0196,0,0,0
1997-03-04,45.45,45.45,45.45,45.45,10.9641,0,0,0
1997-03-05,45.5,45.5,45.5,45.5,10.9762,0,0,0
1997-03-06,45.09,45.09,45.09,45.09,10.8773,0,0,0
1997-03-07,45.38,45.38,45.38,45.38,10.9472,0,0,0
1997-03-10,45.88,45.88,45.88,45.88,11.0678,0,0,0
1997-03-11,45.95,45.95,45.95,45.95,11.0847,0,0,0
1997-03-12,45.27,45.27,45.27,45.27,10.9207,0,0,0
1997-03-13,44.49,44.49,44.49,44.49,10.7325,0,0,0
1997-03-14,45.04,45.04,45.04,45.04,10.8652,0,0,0
1997-03-17,44.92,44.92,44.92,44.92,10.8362,0,0,0
1997-03-18,44.84,44.84,44.84,44.84,10.8169,0,0,0
1997-03-19,44.61,44.61,44.61,44.61,10.7615,0,0,0
1997-03-20,44.67,44.67,44.67,44.67,10.7759,0,0,0
1997-03-21,45.07,45.07,45.07,45.07,10.8724,0,0,0
1997-03-24,44.95,44.95,44.95,44.95,10.8435,0,0,0
1997-03-25,44.88,44.88,44.88,44.88,10.8266,0,0,0
1997-03-26,45.02,45.02,45.02,45.02,10.8604,0,0,0
1997-03-27,43.98,43.98,43.98,43.98,10.6095,0,0,0
1997-03-31,43.53,43.53,43.53,43.53,10.5009,0,0,0
1997-04-01,43.57,43.57,43.57,43.57,10.5106,0,0,0
1997-04-02,43.08,43.08,43.08,43.08,10.3924,0,0,0
1997-04-03,43.08,43.08,43.08,43.08,10.3924,0,0,0
1997-04-04,43.11,43.11,43.11,43.11,10.3996,0,0,0
1997-04-07,43.69,43.69,43.69,43.69,10.5395,0,0,0
1997-04-08,43.67,43.67,43.67,43.67,10.5347,0,0,0
1997-04-09,43.37,43.37,43.37,43.37,10.4623,0,0,0
1997-04-10,43.59,43.59,43.59,43.59,10.5154,0,0,0
1997-04-11,41.42,41.42,41.42,41.42,10.2458,0,1.08,0
1997-04-14,41.36,41.36,41.36,41.36,10.2309,0,0,0
1997-04-15,41.85,41.85,41.85,41.85,10.3521,0,0,0
1997-04-16,42.11,42.11,42.11,42.11,10.4165,0,0,0
1997-04-17,41.86,41.86,41.86,41.86,10.3546,0,0,0
1997-04-18,42.07,42.07,42.07,42.07,10.4066,0,0,0
1997-04-21,41.61,41.61,41.61,41.61,10.2928,0,0,0
1997-04-22,42.23,42.23,42.23,42.23,10.4461,0,0,0
1997-04-23,42.11,42.11,42.11,42.11,10.4165,0,0,0
1997-04-24,41.7,41.7,41.7,41.7,10.315,0,0,0
1997-04-25,42.23,42.23,42.23,42.23,10.4461,0,0,0
1997-04-28,42.69,42.69,42.69,42.69,10.5599,0,0,0
1997-04-29,43.67,43.67,43.67,43.67,10.8023,0,0,0
1997-04-30,43.96,43.96,43.96,43.96,10.8741,0,0,0
1997-05-01,43.89,43.89,43.89,43.89,10.8568,0,0,0
1997-05-02,44.57,44.57,44.57,44.57,11.025,0,0,0
1997-05-05,45.4,45.4,45.4,45.4,11.2303,0,0,0
1997-05-06,45.26,45.26,45.26,45.26,11.1957,0,0,0
1997-05-07,44.72,44.72,44.72,44.72,11.0621,0,0,0
1997-05-08,44.7,44.7,44.7,44.7,11.0571,0,0,0
1997-05-09,44.68,44.68,44.68,44.68,11.0522,0,0,0
1997-05-12,45.33,45.33,45.33,45.33,11.213,0,0,0
1997-05-13,45.09,45.09,45.09,45.09,11.1536,0,0,0
1997-05-14,45.18,45.18,45.18,45.18,11.1759,0,0,0
1997-05-15,45.5,45.5,45.5,45.5,11.255,0,0,0
1997-05-16,45.25,45.25,45.25,45.25,11.1932,0,0,0
1997-05-19,45.33,45.33,45.33,45.33,11.213,0,0,0
1997-05-20,45.42,45.42,45.42,45.42,11.2352,0,0,0
1997-05-21,45.18,45.18,45.18,45.18,11.1759,0,0,0
1997-05-22,45.02,45.02,45.02,45.02,11.1363,0,0,0
1997-05-23,45.55,45.55,45.55,45.55,11.2674,0,0,0
1997-05-27,45.93,45.93,45.93,45.93,11.3614,0,0,0
1997-05-28,46.02,46.02,46.02,46.02,11.3836,0,0,0
1997-05-29,46.19,46.19,46.19,46.19,11.4257,0,0,0
1997-05-30,46.85,46.85,46.85,46.85,11.589,0,0,0
1997-06-02,46.78,46.78,46.78,46.78,11.5716,0,0,0
1997-06-03,46.84,46.84,46.84,46.84,11.5865,0,0,0
1997-06-04,46.63,46.63,46.63,46.63,11.5345,0,0,0
1997-06-05,46.46,46.46,46.46,46.46,11.4925,0,0,0
1997-06-06,47.1,47.1,47.1,47.1,11.6508,0,0,0
1997-06-09,46.97,46.97,46.97,46.97,11.6186,0,0,0
1997-06-10,47.37,47.37,47.37,47.37,11.7176,0,0,0
1997-06-11,47.39,47.39,47.39,47.39,11.7225,0,0,0
1997-06-12,48.06,48.06,48.06,48.06,11.8883,0,0,0
1997-06-13,48.71,48.71,48.71,48.71,12.0491,0,0,0
1997-06-16,48.48,48.48,48.48,48.48,11.9922,0,0,0
1997-06-17,48.42,48.42,48.42,48.42,11.9773,0,0,0
1997-06-18,48.49,48.49,48.49,48.49,11.9946,0,0,0
1997-06-19,48.66,48.66,48.66,48.66,12.0367,0,0,0
1997-06-20,48.53,48.53,48.53,48.53,12.0045,0,0,0
1997-06-23,47.68,47.68,47.68,47.68,11.7943,0,0,0
1997-06-24,47.98,47.98,47.98,47.98,11.8685,0,0,0
1997-06-25,47.76,47.76,47.76,47.76,11.8141,0,0,0
1997-06-26,47.73,47.73,47.73,47.73,11.8066,0,0,0
1997-06-27,47.99,47.99,47.99,47.99,11.871,0,0,0
1997-06-30,48.28,48.28,48.28,48.28,11.9427,0,0,0
1997-07-01,48.39,48.39,48.39,48.39,11.9699,0,0,0
1997-07-02,48.76,48.76,48.76,48.76,12.0614,0,0,0
1997-07-03,49.42,49.42,49.42,49.42,12.2247,0,0,0
1997-07-07,49.32,49.32,49.32,49.32,12.1999,0,0,0
1997-07-08,49.35,49.35,49.35,49.35,12.2074,0,0,0
1997-07-09,48.65,48.65,48.65,48.65,12.0342,0,0,0
1997-07-10,49.34,49.34,49.34,49.34,12.2049,0,0,0
1997-07-11,48.67,48.67,48.67,48.67,12.0392,0,0,0
1997-07-14,48.58,48.58,48.58,48.58,12.0169,0,0,0
1997-07-15,48.6,48.6,48.6,48.6,12.0218,0,0,0
1997-07-16,48.79,48.79,48.79,48.79,12.0688,0,0,0
1997-07-17,48.01,48.01,48.01,48.01,11.8759,0,0,0
1997-07-18,47.75,47.75,47.75,47.75,11.8116,0,0,0
1997-07-21,47.61,47.61,47.61,47.61,11.777,0,0,0
1997-07-22,48.5,48.5,48.5,48.5,11.9971,0,0,0
1997-07-23,48.13,48.13,48.13,48.13,11.9056,0,0,0
1997-07-24,48.25,48.25,48.25,48.25,11.9353,0,0,0
1997-07-25,48.56,48.56,48.56,48.56,12.0119,0,0,0
1997-07-28,48.82,48.82,48.82,48.82,12.0763,0,0,0
1997-07-29,49.29,49.29,49.29,49.29,12.1925,0,0,0
1997-07-30,49.57,49.57,49.57,49.57,12.2618,0,0,0
1997-07-31,49.43,49.43,49.43,49.43,12.2272,0,0,0
1997-08-01,49.03,49.03,49.03,49.03,12.1282,0,0,0
1997-08-04,49.34,49.34,49.34,49.34,12.2049,0,0,0
1997-08-05,49.06,49.06,49.06,49.06,12.1356,0,0,0
1997-08-06,49.6,49.6,49.6,49.6,12.2692,0,0,0
1997-08-07,49.05,49.05,49.05,49.05,12.1332,0,0,0
1997-08-08,48.6,48.6,48.6,48.6,12.0218,0,0,0
1997-08-11,49.49,49.49,49.49,49.49,12.242,0,0,0
1997-08-12,49.29,49.29,49.29,49.29,12.1925,0,0,0
1997-08-13,48.8,48.8,48.8,48.8,12.0713,0,0,0
1997-08-14,48.73,48.73,48.73,48.73,12.054,0,0,0
1997-08-15,47.85,47.85,47.85,47.85,11.8363,0,0,0
1997-08-18,48.09,48.09,48.09,48.09,11.8957,0,0,0
1997-08-19,48.49,48.49,48.49,48.49,11.9946,0,0,0
1997-08-20,48.99,48.99,48.99,48.99,12.1183,0,0,0
1997-08-21,48.28,48.28,48.28,48.28,11.9427,0,0,0
1997-08-22,48.01,48.01,48.01,48.01,11.8759,0,0,0
1997-08-25,47.81,47.81,47.81,47.81,11.8264,0,0,0
1997-08-26,47.75,47.75,47.75,47.75,11.8116,0,0,0
1997-08-27,47.8,47.8,47.8,47.8,11.824,0,0,0
1997-08-28,47.43,47.43,47.43,47.43,11.7324,0,0,0
1997-08-29,47.21,47.21,47.21,47.21,11.678,0,0,0
1997-09-02,48.09,48.09,48.09,48.09,11.8957,0,0,0
1997-09-03,48.33,48.33,48.33,48.33,11.9551,0,0,0
1997-09-04,48.45,48.45,48.45,48.45,11.9847,0,0,0
1997-09-05,48.34,48.34,48.34,48.34,11.9575,0,0,0
1997-09-08,48.66,48.66,48.66,48.66,12.0367,0,0,0
1997-09-09,49.18,49.18,49.18,49.18,12.1653,0,0,0
1997-09-10,48.91,48.91,48.91,48.91,12.0985,0,0,0
1997-09-11,48.78,48.78,48.78,48.78,12.0664,0,0,0
1997-09-12,49.29,49.29,49.29,49.29,12.1925,0,0,0
1997-09-15,49.26,49.26,49.26,49.26,12.1851,0,0,0
1997-09-16,50.2,50.2,50.2,50.2,12.4176,0,0,0
1997-09-17,49.8,49.8,49.8,49.8,12.3187,0,0,0
1997-09-18,50.13,50.13,50.13,50.13,12.4003,0,0,0
1997-09-19,50.33,50.33,50.33,50.33,12.4498,0,0,0
1997-09-22,50.77,50.77,50.77,50.77,12.5586,0,0,0
1997-09-23,50.59,50.59,50.59,50.59,12.5141,0,0,0
1997-09-24,50.68,50.68,50.68,50.68,12.5364,0,0,0
1997-09-25,50.47,50.47,50.47,50.47,12.4844,0,0,0
1997-09-26,51.01,51.01,51.01,51.01,12.618,0,0,0
1997-09-29,51.26,51.26,51.26,51.26,12.6798,0,0,0
1997-09-30,51.37,51.37,51.37,51.37,12.707,0,0,0
1997-10-01,52.2,52.2,52.2,52.2,12.9123,0,0,0
1997-10-02,53.3,53.3,53.3,53.3,13.1844,0,0,0
1997-10-03,53.21,53.21,53.21,53.21,13.1622,0,0,0
1997-10-06,53.48,53.48,53.48,53.48,13.229,0,0,0
1997-10-07,53.85,53.85,53.85,53.85,13.3205,0,0,0
1997-10-08,53.56,53.56,53.56,53.56,13.2488,0,0,0
1997-10-09,53.4,53.4,53.4,53.4,13.2092,0,0,0
1997-10-10,53.25,53.25,53.25,53.25,13.1721,0,0,0
1997-10-13,53.19,53.19,53.19,53.19,13.1572,0,0,0
1997-10-14,53.26,53.26,53.26,53.26,13.1746,0,0,0
1997-10-15,53.17,53.17,53.17,53.17,13.1523,0,0,0
1997-10-16,52.81,52.81,52.81,52.81,13.0632,0,0,0
1997-10-17,52.35,52.35,52.35,52.35,12.9494,0,0,0
1997-10-20,53.17,53.17,53.17,53.17,13.1523,0,0,0
1997-10-21,53.67,53.67,53.67,53.67,13.276,0,0,0
1997-10-22,53.47,53.47,53.47,53.47,13.2265,0,0,0
1997-10-23,52.88,52.88,52.88,52.88,13.0806,0,0,0
1997-10-24,52.93,52.93,52.93,52.93,13.0929,0,0,0
1997-10-27,50.21,50.21,50.21,50.21,12.4201,0,0,0
1997-10-28,51.11,51.11,51.11,51.11,12.6427,0,0,0
1997-10-29,51.87,51.87,51.87,51.87,12.8307,0,0,0
1997-10-30,51.22,51.22,51.22,51.22,12.6699,0,0,0
1997-10-31,51.51,51.51,51.51,51.51,12.7417,0,0,0
1997-11-03,52.22,52.22,52.22,52.22,12.9173,0,0,0
1997-11-04,52.13,52.13,52.13,52.13,12.895,0,0,0
1997-11-05,52.41,52.41,52.41,52.41,12.9643,0,0,0
1997-11-06,52.4,52.4,52.4,52.4,12.9618,0,0,0
1997-11-07,52.02,52.02,52.02,52.02,12.8678,0,0,0
1997-11-10,52.68,52.68,52.68,52.68,13.0311,0,0,0
1997-11-11,52.64,52.64,52.64,52.64,13.0212,0,0,0
1997-11-12,51.64,51.64,51.64,51.64,12.7738,0,0,0
1997-11-13,52.05,52.05,52.05,52.05,12.8752,0,0,0
1997-11-14,52.47,52.47,52.47,52.47,12.9791,0,0,0
1997-11-17,53.43,53.43,53.43,53.43,13.2166,0,0,0
1997-11-18,53.87,53.87,53.87,53.87,13.3254,0,0,0
1997-11-19,53.83,53.83,53.83,53.83,13.3156,0,0,0
1997-11-20,54.53,54.53,54.53,54.53,13.4887,0,0,0
1997-11-21,54.89,54.89,54.89,54.89,13.5778,0,0,0
1997-11-24,54.16,54.16,54.16,54.16,13.3972,0,0,0
1997-11-25,54.21,54.21,54.21,54.21,13.4096,0,0,0
1997-11-26,54.4,54.4,54.4,54.4,13.4565,0,0,0
1997-11-28,54.63,54.63,54.63,54.63,13.5134,0,0,0
1997-12-01,54.95,54.95,54.95,54.95,13.5926,0,0,0
1997-12-02,54.86,54.86,54.86,54.86,13.5703,0,0,0
1997-12-03,55.21,55.21,55.21,55.21,13.6569,0,0,0
1997-12-04,55.26,55.26,55.26,55.26,13.6693,0,0,0
1997-12-05,55.35,55.35,55.35,55.35,13.6915,0,0,0
1997-12-08,55.3,55.3,55.3,55.3,13.6792,0,0,0
1997-12-09,55.26,55.26,55.26,55.26,13.6693,0,0,0
1997-12-10,55.29,55.29,55.29,55.29,13.6767,0,0,0
1997-12-11,54.94,54.94,54.94,54.94,13.5901,0,0,0
1997-12-12,48.16,48.16,48.16,48.16,13.5958,0,6.8,0
1997-12-15,48.16,48.16,48.16,48.16,13.5958,0,0,0
1997-12-16,48.21,48.21,48.21,48.21,13.6099,0,0,0
1997-12-17,48.43,48.43,48.43,48.43,13.672,0,0,0
1997-12-18,48.32,48.32,48.32,48.32,13.6409,0,0,0
1997-12-19,48.63,48.63,48.63,48.63,13.7285,0,0,0
1997-12-22,48.89,48.89,48.89,48.89,13.8018,0,0,0
1997-12-23,48.4,48.4,48.4,48.4,13.6635,0,0,0
1997-12-24,48.31,48.31,48.31,48.31,13.6381,0,0,0
1997-12-26,48.43,48.43,48.43,48.43,13.672,0,0,0
1997-12-29,49.06,49.06,49.06,49.06,13.8498,0,0,0
1997-12-30,49.28,49.28,49.28,49.28,13.9119,0,0,0
1997-12-31,48.88,48.88,48.88,48.88,13.799,0,0,0
1998-01-02,48.74,48.74,48.74,48.74,13.7595,0,0,0
1998-01-05,49.13,49.13,49.13,49.13,13.8696,0,0,0
1998-01-06,49.32,49.32,49.32,49.32,13.9232,0,0,0
1998-01-07,49.18,49.18,49.18,49.18,13.8837,0,0,0
1998-01-08,49.13,49.13,49.13,49.13,13.8696,0,0,0
1998-01-09,48.42,48.42,48.42,48.42,13.6692,0,0,0
1998-01-12,48.8,48.8,48.8,48.8,13.7764,0,0,0
1998-01-13,49.71,49.71,49.71,49.71,14.0333,0,0,0
1998-01-14,50.01,50.01,50.01,50.01,14.118,0,0,0
1998-01-15,49.81,49.81,49.81,49.81,14.0616,0,0,0
1998-01-16,50.16,50.16,50.16,50.16,14.1604,0,0,0
1998-01-20,50.28,50.28,50.28,50.28,14.1943,0,0,0
1998-01-21,50.49,50.49,50.49,50.49,14.2535,0,0,0
1998-01-22,50.66,50.66,50.66,50.66,14.3015,0,0,0
1998-01-23,50.56,50.56,50.56,50.56,14.2733,0,0,0
1998-01-26,49.97,49.97,49.97,49.97,14.1067,0,0,0
1998-01-27,50.43,50.43,50.43,50.43,14.2366,0,0,0
1998-01-28,50.52,50.52,50.52,50.52,14.262,0,0,0
1998-01-29,50.79,50.79,50.79,50.79,14.3382,0,0,0
1998-01-30,50.77,50.77,50.77,50.77,14.3326,0,0,0
1998-02-02,51.11,51.11,51.11,51.11,14.4286,0,0,0
1998-02-03,51.19,51.19,51.19,51.19,14.4511,0,0,0
1998-02-04,51.38,51.38,51.38,51.38,14.5048,0,0,0
1998-02-05,51.13,51.13,51.13,51.13,14.4342,0,0,0
1998-02-06,51.23,51.23,51.23,51.23,14.4624,0,0,0
1998-02-09,51.23,51.23,51.23,51.23,14.4624,0,0,0
1998-02-10,51.48,51.48,51.48,51.48,14.533,0,0,0
1998-02-11,51.65,51.65,51.65,51.65,14.581,0,0,0
1998-02-12,52,52,52,52,14.6798,0,0,0
1998-02-13,51.93,51.93,51.93,51.93,14.6601,0,0,0
1998-02-17,52.07,52.07,52.07,52.07,14.6996,0,0,0
1998-02-18,52.22,52.22,52.22,52.22,14.7419,0,0,0
1998-02-19,52.17,52.17,52.17,52.17,14.7278,0,0,0
1998-02-20,52.82,52.82,52.82,52.82,14.9113,0,0,0
1998-02-23,52.72,52.72,52.72,52.72,14.8831,0,0,0
1998-02-24,52.35,52.35,52.35,52.35,14.7786,0,0,0
1998-02-25,52.95,52.95,52.95,52.95,14.948,0,0,0
1998-02-26,53.52,53.52,53.52,53.52,15.1089,0,0,0
1998-02-27,53.49,53.49,53.49,53.49,15.1004,0,0,0
1998-03-02,53.66,53.66,53.66,53.66,15.1484,0,0,0
1998-03-03,53.71,53.71,53.71,53.71,15.1626,0,0,0
1998-03-04,53.55,53.55,53.55,53.55,15.1174,0,0,0
1998-03-05,52.96,52.96,52.96,52.96,14.9508,0,0,0
1998-03-06,53.99,53.99,53.99,53.99,15.2416,0,0,0
1998-03-09,54.24,54.24,54.24,54.24,15.3122,0,0,0
1998-03-10,54.53,54.53,54.53,54.53,15.394,0,0,0
1998-03-11,54.86,54.86,54.86,54.86,15.4872,0,0,0
1998-03-12,54.83,54.83,54.83,54.83,15.4787,0,0,0
1998-03-13,55.2,55.2,55.2,55.2,15.5832,0,0,0
1998-03-16,56.05,56.05,56.05,56.05,15.8231,0,0,0
1998-03-17,56.19,56.19,56.19,56.19,15.8627,0,0,0
1998-03-18,56.77,56.77,56.77,56.77,16.0264,0,0,0
1998-03-19,57.43,57.43,57.43,57.43,16.2127,0,0,0
1998-03-20,57.46,57.46,57.46,57.46,16.2212,0,0,0
1998-03-23,57.59,57.59,57.59,57.59,16.2579,0,0,0
1998-03-24,58.22,58.22,58.22,58.22,16.4358,0,0,0
1998-03-25,57.86,57.86,57.86,57.86,16.3341,0,0,0
1998-03-26,57.64,57.64,57.64,57.64,16.272,0,0,0
1998-03-27,57.17,57.17,57.17,57.17,16.1393,0,0,0
1998-03-30,56.96,56.96,56.96,56.96,16.08,0,0,0
1998-03-31,57.13,57.13,57.13,57.13,16.128,0,0,0
1998-04-01,57.22,57.22,57.22,57.22,16.1534,0,0,0
1998-04-02,57.67,57.67,57.67,57.67,16.2805,0,0,0
1998-04-03,56.53,56.53,56.53,56.53,16.2747,0,1.12,0
1998-04-06,56.04,56.04,56.04,56.04,16.1337,0,0,0
1998-04-07,55.48,55.48,55.48,55.48,15.9724,0,0,0
1998-04-08,55.08,55.08,55.08,55.08,15.8573,0,0,0
1998-04-09,55.85,55.85,55.85,55.85,16.079,0,0,0
1998-04-13,55.64,55.64,55.64,55.64,16.0185,0,0,0
1998-04-14,56.18,56.18,56.18,56.18,16.174,0,0,0
1998-04-15,56.32,56.32,56.32,56.32,16.2143,0,0,0
1998-04-16,56.32,56.32,56.32,56.32,16.2143,0,0,0
1998-04-17,56.46,56.46,56.46,56.46,16.2546,0,0,0
1998-04-20,55.93,55.93,55.93,55.93,16.102,0,0,0
1998-04-21,55.59,55.59,55.59,55.59,16.0041,0,0,0
1998-04-22,55.48,55.48,55.48,55.48,15.9724,0,0,0
1998-04-23,55.21,55.21,55.21,55.21,15.8947,0,0,0
1998-04-24,54.71,54.71,54.71,54.71,15.7508,0,0,0
1998-04-27,53.81,53.81,53.81,53.81,15.4917,0,0,0
1998-04-28,53.89,53.89,53.89,53.89,15.5147,0,0,0
1998-04-29,54.18,54.18,54.18,54.18,15.5982,0,0,0
1998-04-30,54.9,54.9,54.9,54.9,15.8055,0,0,0
1998-05-01,54.87,54.87,54.87,54.87,15.7968,0,0,0
1998-05-04,55.26,55.26,55.26,55.26,15.9091,0,0,0
1998-05-05,54.88,54.88,54.88,54.88,15.7997,0,0,0
1998-05-06,54.27,54.27,54.27,54.27,15.6241,0,0,0
1998-05-07,54.06,54.06,54.06,54.06,15.5636,0,0,0
1998-05-08,54.38,54.38,54.38,54.38,15.6557,0,0,0
1998-05-11,54.32,54.32,54.32,54.32,15.6385,0,0,0
1998-05-12,54.48,54.48,54.48,54.48,15.6845,0,0,0
1998-05-13,54.25,54.25,54.25,54.25,15.6183,0,0,0
1998-05-14,54.57,54.57,54.57,54.57,15.7104,0,0,0
1998-05-15,54.19,54.19,54.19,54.19,15.601,0,0,0
1998-05-18,54.01,54.01,54.01,54.01,15.5492,0,0,0
1998-05-19,54.02,54.02,54.02,54.02,15.5521,0,0,0
1998-05-20,54.29,54.29,54.29,54.29,15.6298,0,0,0
1998-05-21,54.14,54.14,54.14,54.14,15.5867,0,0,0
1998-05-22,53.99,53.99,53.99,53.99,15.5435,0,0,0
1998-05-26,53.76,53.76,53.76,53.76,15.4772,0,0,0
1998-05-27,53.39,53.39,53.39,53.39,15.3707,0,0,0
1998-05-28,54.19,54.19,54.19,54.19,15.601,0,0,0
1998-05-29,54.24,54.24,54.24,54.24,15.6154,0,0,0
1998-06-01,54.01,54.01,54.01,54.01,15.5492,0,0,0
1998-06-02,53.83,53.83,53.83,53.83,15.4974,0,0,0
1998-06-03,53.62,53.62,53.62,53.62,15.4369,0,0,0
1998-06-04,54,54,54,54,15.5464,0,0,0
1998-06-05,54.56,54.56,54.56,54.56,15.7076,0,0,0
1998-06-08,54.48,54.48,54.48,54.48,15.6845,0,0,0
1998-06-09,54.6,54.6,54.6,54.6,15.7191,0,0,0
1998-06-10,54.39,54.39,54.39,54.39,15.6586,0,0,0
1998-06-11,53.33,53.33,53.33,53.33,15.3535,0,0,0
1998-06-12,53.5,53.5,53.5,53.5,15.4024,0,0,0
1998-06-15,52.07,52.07,52.07,52.07,14.9907,0,0,0
1998-06-16,53,53,53,53,15.2585,0,0,0
1998-06-17,54.24,54.24,54.24,54.24,15.6154,0,0,0
1998-06-18,53.95,53.95,53.95,53.95,15.5319,0,0,0
1998-06-19,54.51,54.51,54.51,54.51,15.6932,0,0,0
1998-06-22,54.43,54.43,54.43,54.43,15.6701,0,0,0
1998-06-23,55.36,55.36,55.36,55.36,15.9379,0,0,0
1998-06-24,54.57,54.57,54.57,54.57,15.7104,0,0,0
1998-06-25,54.23,54.23,54.23,54.23,15.6126,0,0,0
1998-06-26,53.92,53.92,53.92,53.92,15.5233,0,0,0
1998-06-29,53.89,53.89,53.89,53.89,15.5147,0,0,0
1998-06-30,54.28,54.28,54.28,54.28,15.627,0,0,0
1998-07-01,54.87,54.87,54.87,54.87,15.7968,0,0,0
1998-07-02,54.82,54.82,54.82,54.82,15.7824,0,0,0
1998-07-06,54.94,54.94,54.94,54.94,15.817,0,0,0
1998-07-07,55.32,55.32,55.32,55.32,15.9264,0,0,0
1998-07-08,55.41,55.41,55.41,55.41,15.9523,0,0,0
1998-07-09,55.34,55.34,55.34,55.34,15.9321,0,0,0
1998-07-10,55.21,55.21,55.21,55.21,15.8947,0,0,0
1998-07-13,55.38,55.38,55.38,55.38,15.9436,0,0,0
1998-07-14,55.98,55.98,55.98,55.98,16.1164,0,0,0
1998-07-15,57.02,57.02,57.02,57.02,16.4158,0,0,0
1998-07-16,57.51,57.51,57.51,57.51,16.5569,0,0,0
1998-07-17,57.61,57.61,57.61,57.61,16.5857,0,0,0
1998-07-20,57.96,57.96,57.96,57.96,16.6864,0,0,0
1998-07-21,57.6,57.6,57.6,57.6,16.5828,0,0,0
1998-07-22,57.32,57.32,57.32,57.32,16.5022,0,0,0
1998-07-23,56.68,56.68,56.68,56.68,16.3179,0,0,0
1998-07-24,57.18,57.18,57.18,57.18,16.4619,0,0,0
1998-07-27,56.97,56.97,56.97,56.97,16.4014,0,0,0
1998-07-28,55.48,55.48,55.48,55.48,15.9724,0,0,0
1998-07-29,55.54,55.54,55.54,55.54,15.9897,0,0,0
1998-07-30,55.95,55.95,55.95,55.95,16.1077,0,0,0
1998-07-31,55.49,55.49,55.49,55.49,15.9753,0,0,0
1998-08-03,55.34,55.34,55.34,55.34,15.9321,0,0,0
1998-08-04,52.92,52.92,52.92,52.92,15.2354,0,0,0
1998-08-05,53.24,53.24,53.24,53.24,15.3275,0,0,0
1998-08-06,53.99,53.99,53.99,53.99,15.5435,0,0,0
1998-08-07,54.03,54.03,54.03,54.03,15.555,0,0,0
1998-08-10,53.7,53.7,53.7,53.7,15.46,0,0,0
1998-08-11,53.08,53.08,53.08,53.08,15.2815,0,0,0
1998-08-12,53.8,53.8,53.8,53.8,15.4888,0,0,0
1998-08-13,54,54,54,54,15.5464,0,0,0
1998-08-14,53.34,53.34,53.34,53.34,15.3563,0,0,0
1998-08-17,54.33,54.33,54.33,54.33,15.6414,0,0,0
1998-08-18,54.7,54.7,54.7,54.7,15.7479,0,0,0
1998-08-19,54.74,54.74,54.74,54.74,15.7594,0,0,0
1998-08-20,54.86,54.86,54.86,54.86,15.7939,0,0,0
1998-08-21,54.36,54.36,54.36,54.36,15.65,0,0,0
1998-08-24,54.49,54.49,54.49,54.49,15.6874,0,0,0
1998-08-25,54.71,54.71,54.71,54.71,15.7508,0,0,0
1998-08-26,54.17,54.17,54.17,54.17,15.5953,0,0,0
1998-08-27,52.85,52.85,52.85,52.85,15.2153,0,0,0
1998-08-28,53.13,53.13,53.13,53.13,15.2959,0,0,0
1998-08-31,50.76,50.76,50.76,50.76,14.6136,0,0,0
1998-09-01,51.27,51.27,51.27,51.27,14.7604,0,0,0
1998-09-02,50.91,50.91,50.91,50.91,14.6567,0,0,0
1998-09-03,50.69,50.69,50.69,50.69,14.5934,0,0,0
1998-09-04,50.68,50.68,50.68,50.68,14.5905,0,0,0
1998-09-08,52.79,52.79,52.79,52.79,15.198,0,0,0
1998-09-09,52.28,52.28,52.28,52.28,15.0512,0,0,0
1998-09-10,51.6,51.6,51.6,51.6,14.8554,0,0,0
1998-09-11,53.02,53.02,53.02,53.02,15.2642,0,0,0
1998-09-14,53.93,53.93,53.93,53.93,15.5262,0,0,0
1998-09-15,54.01,54.01,54.01,54.01,15.5492,0,0,0
1998-09-16,54.5,54.5,54.5,54.5,15.6903,0,0,0
1998-09-17,53.59,53.59,53.59,53.59,15.4283,0,0,0
1998-09-18,54.36,54.36,54.36,54.36,15.65,0,0,0
1998-09-21,54.15,54.15,54.15,54.15,15.5895,0,0,0
1998-09-22,54.64,54.64,54.64,54.64,15.7306,0,0,0
1998-09-23,56.39,56.39,56.39,56.39,16.2344,0,0,0
1998-09-24,55.59,55.59,55.59,55.59,16.0041,0,0,0
1998-09-25,55.75,55.75,55.75,55.75,16.0502,0,0,0
1998-09-28,55.71,55.71,55.71,55.71,16.0386,0,0,0
1998-09-29,56.85,56.85,56.85,56.85,16.3669,0,0,0
1998-09-30,55.78,55.78,55.78,55.78,16.0588,0,0,0
1998-10-01,55.22,55.22,55.22,55.22,15.8976,0,0,0
1998-10-02,56.21,56.21,56.21,56.21,16.1826,0,0,0
1998-10-05,56.21,56.21,56.21,56.21,16.1826,0,0,0
1998-10-06,55.72,55.72,55.72,55.72,16.0415,0,0,0
1998-10-07,55.35,55.35,55.35,55.35,15.935,0,0,0
1998-10-08,55.3,55.3,55.3,55.3,15.9206,0,0,0
1998-10-09,54.73,54.73,54.73,54.73,15.7565,0,0,0
1998-10-12,54.31,54.31,54.31,54.31,15.6356,0,0,0
1998-10-13,54.69,54.69,54.69,54.69,15.745,0,0,0
1998-10-14,55.72,55.72,55.72,55.72,16.0415,0,0,0
1998-10-15,57.16,57.16,57.16,57.16,16.4561,0,0,0
1998-10-16,56.51,56.51,56.51,56.51,16.269,0,0,0
1998-10-19,56.95,56.95,56.95,56.95,16.3956,0,0,0
1998-10-20,57.07,57.07,57.07,57.07,16.4302,0,0,0
1998-10-21,57.59,57.59,57.59,57.59,16.5799,0,0,0
1998-10-22,58.57,58.57,58.57,58.57,16.862,0,0,0
1998-10-23,57.97,57.97,57.97,57.97,16.6893,0,0,0
1998-10-26,58.39,58.39,58.39,58.39,16.8102,0,0,0
1998-10-27,58.37,58.37,58.37,58.37,16.8045,0,0,0
1998-10-28,58.01,58.01,58.01,58.01,16.7008,0,0,0
1998-10-29,58.65,58.65,58.65,58.65,16.8851,0,0,0
1998-10-30,59.3,59.3,59.3,59.3,17.0722,0,0,0
1998-11-02,60.08,60.08,60.08,60.08,17.2968,0,0,0
1998-11-03,60.4,60.4,60.4,60.4,17.3889,0,0,0
1998-11-04,60.15,60.15,60.15,60.15,17.3169,0,0,0
1998-11-05,60.56,60.56,60.56,60.56,17.4349,0,0,0
1998-11-06,60.94,60.94,60.94,60.94,17.5443,0,0,0
1998-11-09,61.06,61.06,61.06,61.06,17.5789,0,0,0
1998-11-10,61,61,61,61,17.5616,0,0,0
1998-11-11,60.29,60.29,60.29,60.29,17.3572,0,0,0
1998-11-12,59.93,59.93,59.93,59.93,17.2536,0,0,0
1998-11-13,60.15,60.15,60.15,60.15,17.3169,0,0,0
1998-11-16,60.91,60.91,60.91,60.91,17.5357,0,0,0
1998-11-17,60.92,60.92,60.92,60.92,17.5386,0,0,0
1998-11-18,60.61,60.61,60.61,60.61,17.4493,0,0,0
1998-11-19,61.63,61.63,61.63,61.63,17.743,0,0,0
1998-11-20,61.89,61.89,61.89,61.89,17.8178,0,0,0
1998-11-23,62.57,62.57,62.57,62.57,18.0136,0,0,0
1998-11-24,62.21,62.21,62.21,62.21,17.91,0,0,0
1998-11-25,62.9,62.9,62.9,62.9,18.1086,0,0,0
1998-11-27,63.08,63.08,63.08,63.08,18.1604,0,0,0
1998-11-30,61.59,61.59,61.59,61.59,17.7315,0,0,0
1998-12-01,62.19,62.19,62.19,62.19,17.9042,0,0,0
1998-12-02,61.75,61.75,61.75,61.75,17.7775,0,0,0
1998-12-03,61.72,61.72,61.72,61.72,17.7689,0,0,0
1998-12-04,62.79,62.79,62.79,62.79,18.0769,0,0,0
1998-12-07,63.39,63.39,63.39,63.39,18.2497,0,0,0
1998-12-08,63.62,63.62,63.62,63.62,18.3159,0,0,0
1998-12-09,63.78,63.78,63.78,63.78,18.362,0,0,0
1998-12-10,63.45,63.45,63.45,63.45,18.267,0,0,0
1998-12-11,56.12,56.12,56.12,56.12,18.1795,0,7.06,0
1998-12-14,55.06,55.06,55.06,55.06,17.8361,0,0,0
1998-12-15,55.76,55.76,55.76,55.76,18.0629,0,0,0
1998-12-16,55.84,55.84,55.84,55.84,18.0888,0,0,0
1998-12-17,56.93,56.93,56.93,56.93,18.4419,0,0,0
1998-12-18,57.76,57.76,57.76,57.76,18.7108,0,0,0
1998-12-21,58.69,58.69,58.69,58.69,19.012,0,0,0
1998-12-22,57.97,57.97,57.97,57.97,18.7788,0,0,0
1998-12-23,59.19,59.19,59.19,59.19,19.174,0,0,0
1998-12-24,59.17,59.17,59.17,59.17,19.1675,0,0,0
1998-12-28,59.78,59.78,59.78,59.78,19.3651,0,0,0
1998-12-29,60.89,60.89,60.89,60.89,19.7247,0,0,0
1998-12-30,60.64,60.64,60.64,60.64,19.6437,0,0,0
1998-12-31,60.94,60.94,60.94,60.94,19.7409,0,0,0
1999-01-04,60.65,60.65,60.65,60.65,19.6469,0,0,0
1999-01-05,61.79,61.79,61.79,61.79,20.0162,0,0,0
1999-01-06,62.8,62.8,62.8,62.8,20.3434,0,0,0
1999-01-07,62.38,62.38,62.38,62.38,20.2074,0,0,0
1999-01-08,62.74,62.74,62.74,62.74,20.324,0,0,0
1999-01-11,61.8,61.8,61.8,61.8,20.0195,0,0,0
1999-01-12,61.16,61.16,61.16,61.16,19.8122,0,0,0
1999-01-13,60.96,60.96,60.96,60.96,19.7474,0,0,0
1999-01-14,59.53,59.53,59.53,59.53,19.2841,0,0,0
1999-01-15,61.03,61.03,61.03,61.03,19.77,0,0,0
1999-01-19,63.3,63.3,63.3,63.3,20.5054,0,0,0
1999-01-20,63.47,63.47,63.47,63.47,20.5604,0,0,0
1999-01-21,62.38,62.38,62.38,62.38,20.2074,0,0,0
1999-01-22,62.74,62.74,62.74,62.74,20.324,0,0,0
1999-01-25,61.99,61.99,61.99,61.99,20.081,0,0,0
1999-01-26,62.13,62.13,62.13,62.13,20.1264,0,0,0
1999-01-27,61.36,61.36,61.36,61.36,19.8769,0,0,0
1999-01-28,62.53,62.53,62.53,62.53,20.2559,0,0,0
1999-01-29,62.76,62.76,62.76,62.76,20.3305,0,0,0
1999-02-01,62.69,62.69,62.69,62.69,20.3078,0,0,0
1999-02-02,62.12,62.12,62.12,62.12,20.1231,0,0,0
1999-02-03,62.54,62.54,62.54,62.54,20.2592,0,0,0
1999-02-04,61.53,61.53,61.53,61.53,19.932,0,0,0
1999-02-05,61.06,61.06,61.06,61.06,19.7798,0,0,0
1999-02-08,61.7,61.7,61.7,61.7,19.9871,0,0,0
1999-02-09,60.8,60.8,60.8,60.8,19.6955,0,0,0
1999-02-10,60.41,60.41,60.41,60.41,19.5692,0,0,0
1999-02-11,61.66,61.66,61.66,61.66,19.9741,0,0,0
1999-02-12,60.82,60.82,60.82,60.82,19.702,0,0,0
1999-02-16,61.52,61.52,61.52,61.52,19.9288,0,0,0
1999-02-17,60.8,60.8,60.8,60.8,19.6955,0,0,0
1999-02-18,61.87,61.87,61.87,61.87,20.0421,0,0,0
1999-02-19,61.74,61.74,61.74,61.74,20,0,0,0
1999-02-22,63.25,63.25,63.25,63.25,20.4892,0,0,0
1999-02-23,62.19,62.19,62.19,62.19,20.1458,0,0,0
1999-02-24,62.5,62.5,62.5,62.5,20.2462,0,0,0
1999-02-25,62.21,62.21,62.21,62.21,20.1523,0,0,0
1999-02-26,61.58,61.58,61.58,61.58,19.9482,0,0,0
1999-03-01,60.88,60.88,60.88,60.88,19.7215,0,0,0
1999-03-02,60.59,60.59,60.59,60.59,19.6275,0,0,0
1999-03-03,60.74,60.74,60.74,60.74,19.6761,0,0,0
1999-03-04,61.56,61.56,61.56,61.56,19.9417,0,0,0
1999-03-05,62.93,62.93,62.93,62.93,20.3855,0,0,0
1999-03-08,63.38,63.38,63.38,63.38,20.5313,0,0,0
1999-03-09,62.86,62.86,62.86,62.86,20.3629,0,0,0
1999-03-10,63,63,63,63,20.4082,0,0,0
1999-03-11,63.42,63.42,63.42,63.42,20.5443,0,0,0
1999-03-12,63.69,63.69,63.69,63.69,20.6317,0,0,0
1999-03-15,63.99,63.99,63.99,63.99,20.7289,0,0,0
1999-03-16,64.02,64.02,64.02,64.02,20.7386,0,0,0
1999-03-17,64.45,64.45,64.45,64.45,20.8779,0,0,0
1999-03-18,65.39,65.39,65.39,65.39,21.1824,0,0,0
1999-03-19,64.52,64.52,64.52,64.52,20.9006,0,0,0
1999-03-22,63.93,63.93,63.93,63.93,20.7095,0,0,0
1999-03-23,62.57,62.57,62.57,62.57,20.2689,0,0,0
1999-03-24,63.8,63.8,63.8,63.8,20.6673,0,0,0
1999-03-25,64.39,64.39,64.39,64.39,20.8585,0,0,0
1999-03-26,64.02,64.02,64.02,64.02,20.7386,0,0,0
1999-03-29,64.33,64.33,64.33,64.33,20.839,0,0,0
1999-03-30,63.64,63.64,63.64,63.64,20.6155,0,0,0
1999-03-31,63.28,63.28,63.28,63.28,20.4989,0,0,0
1999-04-01,60.28,60.28,60.28,60.28,20.7189,0,3.64,0
1999-04-05,61.05,61.05,61.05,61.05,20.9835,0,0,0
1999-04-06,60.95,60.95,60.95,60.95,20.9492,0,0,0
1999-04-07,61.44,61.44,61.44,61.44,21.1176,0,0,0
1999-04-08,62.54,62.54,62.54,62.54,21.4957,0,0,0
1999-04-09,63.49,63.49,63.49,63.49,21.8222,0,0,0
1999-04-12,65.09,65.09,65.09,65.09,22.3721,0,0,0
1999-04-13,64.9,64.9,64.9,64.9,22.3068,0,0,0
1999-04-14,63.52,63.52,63.52,63.52,21.8325,0,0,0
1999-04-15,63.41,63.41,63.41,63.41,21.7947,0,0,0
1999-04-16,63.56,63.56,63.56,63.56,21.8462,0,0,0
1999-04-19,62.75,62.75,62.75,62.75,21.5678,0,0,0
1999-04-20,63.68,63.68,63.68,63.68,21.8875,0,0,0
1999-04-21,65,65,65,65,22.3412,0,0,0
1999-04-22,65.72,65.72,65.72,65.72,22.5887,0,0,0
1999-04-23,64.73,64.73,64.73,64.73,22.2484,0,0,0
1999-04-26,65.23,65.23,65.23,65.23,22.4202,0,0,0
1999-04-27,65.28,65.28,65.28,65.28,22.4374,0,0,0
1999-04-28,65.32,65.32,65.32,65.32,22.4512,0,0,0
1999-04-29,65.08,65.08,65.08,65.08,22.3687,0,0,0
1999-04-30,64.47,64.47,64.47,64.47,22.159,0,0,0
1999-05-03,64.93,64.93,64.93,64.93,22.3171,0,0,0
1999-05-04,64.32,64.32,64.32,64.32,22.1075,0,0,0
1999-05-05,65.74,65.74,65.74,65.74,22.5955,0,0,0
1999-05-06,65.73,65.73,65.73,65.73,22.5921,0,0,0
1999-05-07,66.15,66.15,66.15,66.15,22.7365,0,0,0
1999-05-10,65.55,65.55,65.55,65.55,22.5302,0,0,0
1999-05-11,65.89,65.89,65.89,65.89,22.6471,0,0,0
1999-05-12,66.44,66.44,66.44,66.44,22.8361,0,0,0
1999-05-13,67.27,67.27,67.27,67.27,23.1214,0,0,0
1999-05-14,65.91,65.91,65.91,65.91,22.654,0,0,0
1999-05-17,66.79,66.79,66.79,66.79,22.9564,0,0,0
1999-05-18,66.4,66.4,66.4,66.4,22.8224,0,0,0
1999-05-19,67.36,67.36,67.36,67.36,23.1524,0,0,0
1999-05-20,67.46,67.46,67.46,67.46,23.1867,0,0,0
1999-05-21,66.88,66.88,66.88,66.88,22.9874,0,0,0
1999-05-24,66.51,66.51,66.51,66.51,22.8602,0,0,0
1999-05-25,66,66,66,66,22.6849,0,0,0
1999-05-26,66.69,66.69,66.69,66.69,22.9221,0,0,0
1999-05-27,65.37,65.37,65.37,65.37,22.4684,0,0,0
1999-05-28,66.12,66.12,66.12,66.12,22.7261,0,0,0
1999-06-01,65.72,65.72,65.72,65.72,22.5887,0,0,0
1999-06-02,65.61,65.61,65.61,65.61,22.5509,0,0,0
1999-06-03,65.56,65.56,65.56,65.56,22.5337,0,0,0
1999-06-04,66.53,66.53,66.53,66.53,22.8671,0,0,0
1999-06-07,66.96,66.96,66.96,66.96,23.0149,0,0,0
1999-06-08,67.02,67.02,67.02,67.02,23.0355,0,0,0
1999-06-09,67.74,67.74,67.74,67.74,23.283,0,0,0
1999-06-10,66.92,66.92,66.92,66.92,23.0011,0,0,0
1999-06-11,66.4,66.4,66.4,66.4,22.8224,0,0,0
1999-06-14,66.22,66.22,66.22,66.22,22.7605,0,0,0
1999-06-15,66.37,66.37,66.37,66.37,22.8121,0,0,0
1999-06-16,67.33,67.33,67.33,67.33,23.142,0,0,0
1999-06-17,67.54,67.54,67.54,67.54,23.2142,0,0,0
1999-06-18,68.13,68.13,68.13,68.13,23.417,0,0,0
1999-06-21,68.19,68.19,68.19,68.19,23.4376,0,0,0
1999-06-22,67.71,67.71,67.71,67.71,23.2726,0,0,0
1999-06-23,67.55,67.55,67.55,67.55,23.2177,0,0,0
1999-06-24,66.68,66.68,66.68,66.68,22.9186,0,0,0
1999-06-25,66.71,66.71,66.71,66.71,22.9289,0,0,0
1999-06-28,67.33,67.33,67.33,67.33,23.142,0,0,0
1999-06-29,67.42,67.42,67.42,67.42,23.173,0,0,0
1999-06-30,67.61,67.61,67.61,67.61,23.2383,0,0,0
1999-07-01,67.57,67.57,67.57,67.57,23.2245,0,0,0
1999-07-02,67.72,67.72,67.72,67.72,23.2761,0,0,0
1999-07-06,67.94,67.94,67.94,67.94,23.3517,0,0,0
1999-07-07,68.54,68.54,68.54,68.54,23.5579,0,0,0
1999-07-08,68.88,68.88,68.88,68.88,23.6748,0,0,0
1999-07-09,69.13,69.13,69.13,69.13,23.7607,0,0,0
1999-07-12,69.36,69.36,69.36,69.36,23.8398,0,0,0
1999-07-13,68.96,68.96,68.96,68.96,23.7023,0,0,0
1999-07-14,69.07,69.07,69.07,69.07,23.7401,0,0,0
1999-07-15,69.6,69.6,69.6,69.6,23.9223,0,0,0
1999-07-16,70.42,70.42,70.42,70.42,24.2041,0,0,0
1999-07-19,70.24,70.24,70.24,70.24,24.1422,0,0,0
1999-07-20,69.42,69.42,69.42,69.42,23.8604,0,0,0
1999-07-21,69.46,69.46,69.46,69.46,23.8741,0,0,0
1999-07-22,68.7,68.7,68.7,68.7,23.6129,0,0,0
1999-07-23,68.85,68.85,68.85,68.85,23.6645,0,0,0
1999-07-26,68.49,68.49,68.49,68.49,23.5407,0,0,0
1999-07-27,68.94,68.94,68.94,68.94,23.6954,0,0,0
1999-07-28,69.21,69.21,69.21,69.21,23.7882,0,0,0
1999-07-29,68.29,68.29,68.29,68.29,23.472,0,0,0
1999-07-30,68.15,68.15,68.15,68.15,23.4239,0,0,0
1999-08-02,68.32,68.32,68.32,68.32,23.4823,0,0,0
1999-08-03,67.8,67.8,67.8,67.8,23.3036,0,0,0
1999-08-04,66.45,66.45,66.45,66.45,22.8396,0,0,0
1999-08-05,66.49,66.49,66.49,66.49,22.8533,0,0,0
1999-08-06,66.17,66.17,66.17,66.17,22.7433,0,0,0
1999-08-09,65.42,65.42,65.42,65.42,22.4856,0,0,0
1999-08-10,64.26,64.26,64.26,64.26,22.0868,0,0,0
1999-08-11,64.81,64.81,64.81,64.81,22.2759,0,0,0
1999-08-12,64.99,64.99,64.99,64.99,22.3378,0,0,0
1999-08-13,66.08,66.08,66.08,66.08,22.7124,0,0,0
1999-08-16,65.62,65.62,65.62,65.62,22.5543,0,0,0
1999-08-17,66.35,66.35,66.35,66.35,22.8052,0,0,0
1999-08-18,65.71,65.71,65.71,65.71,22.5852,0,0,0
1999-08-19,65.84,65.84,65.84,65.84,22.6299,0,0,0
1999-08-20,65.2,65.2,65.2,65.2,22.4099,0,0,0
1999-08-23,65.84,65.84,65.84,65.84,22.6299,0,0,0
1999-08-24,65.89,65.89,65.89,65.89,22.6471,0,0,0
1999-08-25,67.41,67.41,67.41,67.41,23.1695,0,0,0
1999-08-26,66.89,66.89,66.89,66.89,22.9908,0,0,0
1999-08-27,66.19,66.19,66.19,66.19,22.7502,0,0,0
1999-08-30,65.33,65.33,65.33,65.33,22.4546,0,0,0
1999-08-31,64.84,64.84,64.84,64.84,22.2862,0,0,0
1999-09-01,65.61,65.61,65.61,65.61,22.5509,0,0,0
1999-09-02,64.78,64.78,64.78,64.78,22.2656,0,0,0
1999-09-03,66.2,66.2,66.2,66.2,22.7536,0,0,0
1999-09-07,66.03,66.03,66.03,66.03,22.6952,0,0,0
1999-09-08,65.55,65.55,65.55,65.55,22.5302,0,0,0
1999-09-09,66.12,66.12,66.12,66.12,22.7261,0,0,0
1999-09-10,66.28,66.28,66.28,66.28,22.7811,0,0,0
1999-09-13,66.44,66.44,66.44,66.44,22.8361,0,0,0
1999-09-14,66.31,66.31,66.31,66.31,22.7915,0,0,0
1999-09-15,65.64,65.64,65.64,65.64,22.5612,0,0,0
1999-09-16,65.74,65.74,65.74,65.74,22.5955,0,0,0
1999-09-17,66.52,66.52,66.52,66.52,22.8636,0,0,0
1999-09-20,66.28,66.28,66.28,66.28,22.7811,0,0,0
1999-09-21,65.63,65.63,65.63,65.63,22.5577,0,0,0
1999-09-22,65.75,65.75,65.75,65.75,22.599,0,0,0
1999-09-23,64.43,64.43,64.43,64.43,22.1453,0,0,0
1999-09-24,64.38,64.38,64.38,64.38,22.1281,0,0,0
1999-09-27,64.79,64.79,64.79,64.79,22.269,0,0,0
1999-09-28,64.87,64.87,64.87,64.87,22.2965,0,0,0
1999-09-29,64.38,64.38,64.38,64.38,22.1281,0,0,0
1999-09-30,64.77,64.77,64.77,64.77,22.2621,0,0,0
1999-10-01,64.58,64.58,64.58,64.58,22.1968,0,0,0
1999-10-04,65.96,65.96,65.96,65.96,22.6712,0,0,0
1999-10-05,65.32,65.32,65.32,65.32,22.4512,0,0,0
1999-10-06,66.47,66.47,66.47,66.47,22.8464,0,0,0
1999-10-07,66.55,66.55,66.55,66.55,22.8739,0,0,0
1999-10-08,67.25,67.25,67.25,67.25,23.1145,0,0,0
1999-10-11,67.84,67.84,67.84,67.84,23.3173,0,0,0
1999-10-12,67.25,67.25,67.25,67.25,23.1145,0,0,0
1999-10-13,67.09,67.09,67.09,67.09,23.0595,0,0,0
1999-10-14,66.72,66.72,66.72,66.72,22.9324,0,0,0
1999-10-15,65.34,65.34,65.34,65.34,22.458,0,0,0
1999-10-18,65.26,65.26,65.26,65.26,22.4306,0,0,0
1999-10-19,64.63,64.63,64.63,64.63,22.214,0,0,0
1999-10-20,65.02,65.02,65.02,65.02,22.3481,0,0,0
1999-10-21,64.64,64.64,64.64,64.64,22.2175,0,0,0
1999-10-22,65.07,65.07,65.07,65.07,22.3653,0,0,0
1999-10-25,65.01,65.01,65.01,65.01,22.3446,0,0,0
1999-10-26,65.09,65.09,65.09,65.09,22.3721,0,0,0
1999-10-27,66.12,66.12,66.12,66.12,22.7261,0,0,0
1999-10-28,68.67,68.67,68.67,68.67,23.6026,0,0,0
1999-10-29,69.15,69.15,69.15,69.15,23.7676,0,0,0
1999-11-01,69.06,69.06,69.06,69.06,23.7367,0,0,0
1999-11-02,68.46,68.46,68.46,68.46,23.5304,0,0,0
1999-11-03,68.82,68.82,68.82,68.82,23.6542,0,0,0
1999-11-04,68.8,68.8,68.8,68.8,23.6473,0,0,0
1999-11-05,69.54,69.54,69.54,69.54,23.9016,0,0,0
1999-11-08,69.68,69.68,69.68,69.68,23.9498,0,0,0
1999-11-09,69.15,69.15,69.15,69.15,23.7676,0,0,0
1999-11-10,69.64,69.64,69.64,69.64,23.936,0,0,0
1999-11-11,69.84,69.84,69.84,69.84,24.0047,0,0,0
1999-11-12,70.26,70.26,70.26,70.26,24.1491,0,0,0
1999-11-15,70.45,70.45,70.45,70.45,24.2144,0,0,0
1999-11-16,71.17,71.17,71.17,71.17,24.4619,0,0,0
1999-11-17,70.73,70.73,70.73,70.73,24.3107,0,0,0
1999-11-18,71.1,71.1,71.1,71.1,24.4378,0,0,0
1999-11-19,70.84,70.84,70.84,70.84,24.3485,0,0,0
1999-11-22,70.16,70.16,70.16,70.16,24.1148,0,0,0
1999-11-23,68.89,68.89,68.89,68.89,23.6782,0,0,0
1999-11-24,69.72,69.72,69.72,69.72,23.9635,0,0,0
1999-11-26,70.52,70.52,70.52,70.52,24.2385,0,0,0
1999-11-29,70.29,70.29,70.29,70.29,24.1594,0,0,0
1999-11-30,69.6,69.6,69.6,69.6,23.9223,0,0,0
1999-12-01,69.19,69.19,69.19,69.19,23.7813,0,0,0
1999-12-02,69.52,69.52,69.52,69.52,23.8948,0,0,0
1999-12-03,70.65,70.65,70.65,70.65,24.2832,0,0,0
1999-12-06,70.45,70.45,70.45,70.45,24.2144,0,0,0
1999-12-07,70.72,70.72,70.72,70.72,24.3072,0,0,0
1999-12-08,70.26,70.26,70.26,70.26,24.1491,0,0,0
1999-12-09,70.51,70.51,70.51,70.51,24.235,0,0,0
1999-12-10,63.94,63.94,63.94,63.94,24.0507,0,6.08,0
1999-12-13,64.17,64.17,64.17,64.17,24.1372,0,0,0
1999-12-14,63.83,63.83,63.83,63.83,24.0094,0,0,0
1999-12-15,63.78,63.78,63.78,63.78,23.9905,0,0,0
1999-12-16,63.78,63.78,63.78,63.78,23.9905,0,0,0
1999-12-17,64.11,64.11,64.11,64.11,24.1147,0,0,0
1999-12-20,64.09,64.09,64.09,64.09,24.1071,0,0,0
1999-12-21,65.34,65.34,65.34,65.34,24.5773,0,0,0
1999-12-22,64.98,64.98,64.98,64.98,24.4419,0,0,0
1999-12-23,65.8,65.8,65.8,65.8,24.7504,0,0,0
1999-12-27,64.97,64.97,64.97,64.97,24.4382,0,0,0
1999-12-28,65.68,65.68,65.68,65.68,24.7052,0,0,0
1999-12-29,65.08,65.08,65.08,65.08,24.4795,0,0,0
1999-12-30,65.31,65.31,65.31,65.31,24.566,0,0,0
1999-12-31,66.1,66.1,66.1,66.1,24.8632,0,0,0
2000-01-03,65.39,65.39,65.39,65.39,24.5961,0,0,0
2000-01-04,63.45,63.45,63.45,63.45,23.8664,0,0,0
2000-01-05,64.13,64.13,64.13,64.13,24.1222,0,0,0
2000-01-06,63.54,63.54,63.54,63.54,23.9003,0,0,0
2000-01-07,64.7,64.7,64.7,64.7,24.3366,0,0,0
2000-01-10,66.04,66.04,66.04,66.04,24.8406,0,0,0
2000-01-11,65.12,65.12,65.12,65.12,24.4946,0,0,0
2000-01-12,65.92,65.92,65.92,65.92,24.7955,0,0,0
2000-01-13,66.79,66.79,66.79,66.79,25.1227,0,0,0
2000-01-14,67.5,67.5,67.5,67.5,25.3898,0,0,0
2000-01-18,67.69,67.69,67.69,67.69,25.4613,0,0,0
2000-01-19,68.23,68.23,68.23,68.23,25.6644,0,0,0
2000-01-20,68.98,68.98,68.98,68.98,25.9465,0,0,0
2000-01-21,70.46,70.46,70.46,70.46,26.5032,0,0,0
2000-01-24,69.47,69.47,69.47,69.47,26.1308,0,0,0
2000-01-25,67.95,67.95,67.95,67.95,25.5591,0,0,0
2000-01-26,67.24,67.24,67.24,67.24,25.292,0,0,0
2000-01-27,67.26,67.26,67.26,67.26,25.2995,0,0,0
2000-01-28,65.73,65.73,65.73,65.73,24.724,0,0,0
2000-01-31,68.78,68.78,68.78,68.78,25.8713,0,0,0
2000-02-01,68.87,68.87,68.87,68.87,25.9051,0,0,0
2000-02-02,68.85,68.85,68.85,68.85,25.8976,0,0,0
2000-02-03,69.12,69.12,69.12,69.12,25.9992,0,0,0
2000-02-04,68.86,68.86,68.86,68.86,25.9014,0,0,0
2000-02-07,69.38,69.38,69.38,69.38,26.097,0,0,0
2000-02-08,70.54,70.54,70.54,70.54,26.5333,0,0,0
2000-02-09,69.91,69.91,69.91,69.91,26.2963,0,0,0
2000-02-10,70.27,70.27,70.27,70.27,26.4317,0,0,0
2000-02-11,68.98,68.98,68.98,68.98,25.9465,0,0,0
2000-02-14,69.48,69.48,69.48,69.48,26.1346,0,0,0
2000-02-15,69.32,69.32,69.32,69.32,26.0744,0,0,0
2000-02-16,69.3,69.3,69.3,69.3,26.0669,0,0,0
2000-02-17,70.06,70.06,70.06,70.06,26.3527,0,0,0
2000-02-18,68.08,68.08,68.08,68.08,25.608,0,0,0
2000-02-22,67.51,67.51,67.51,67.51,25.3936,0,0,0
2000-02-23,67.72,67.72,67.72,67.72,25.4726,0,0,0
2000-02-24,67.57,67.57,67.57,67.57,25.4161,0,0,0
2000-02-25,66.93,66.93,66.93,66.93,25.1754,0,0,0
2000-02-28,67.7,67.7,67.7,67.7,25.465,0,0,0
2000-02-29,68.83,68.83,68.83,68.83,25.8901,0,0,0
2000-03-01,70.81,70.81,70.81,70.81,26.6348,0,0,0
2000-03-02,72.3,72.3,72.3,72.3,27.1953,0,0,0
2000-03-03,73.79,73.79,73.79,73.79,27.7558,0,0,0
2000-03-06,73.32,73.32,73.32,73.32,27.579,0,0,0
2000-03-07,72.28,72.28,72.28,72.28,27.1878,0,0,0
2000-03-08,72.95,72.95,72.95,72.95,27.4398,0,0,0
2000-03-09,74.55,74.55,74.55,74.55,28.0416,0,0,0
2000-03-10,74.96,74.96,74.96,74.96,28.1958,0,0,0
2000-03-13,73.61,73.61,73.61,73.61,27.6881,0,0,0
2000-03-14,72.43,72.43,72.43,72.43,27.2442,0,0,0
2000-03-15,71.33,71.33,71.33,71.33,26.8304,0,0,0
2000-03-16,73.22,73.22,73.22,73.22,27.5414,0,0,0
2000-03-17,74.07,74.07,74.07,74.07,27.8611,0,0,0
2000-03-20,73.21,73.21,73.21,73.21,27.5376,0,0,0
2000-03-21,74.08,74.08,74.08,74.08,27.8648,0,0,0
2000-03-22,74.12,74.12,74.12,74.12,27.8799,0,0,0
2000-03-23,75.1,75.1,75.1,75.1,28.2485,0,0,0
2000-03-24,74.73,74.73,74.73,74.73,28.1093,0,0,0
2000-03-27,75.13,75.13,75.13,75.13,28.2598,0,0,0
2000-03-28,74.01,74.01,74.01,74.01,27.8385,0,0,0
2000-03-29,74.44,74.44,74.44,74.44,28.0003,0,0,0
2000-03-30,73.38,73.38,73.38,73.38,27.6015,0,0,0
2000-03-31,74.57,74.57,74.57,74.57,28.0492,0,0,0
2000-04-03,73.42,73.42,73.42,73.42,27.6166,0,0,0
2000-04-04,71.07,71.07,71.07,71.07,26.7326,0,0,0
2000-04-05,70.63,70.63,70.63,70.63,26.5671,0,0,0
2000-04-06,71.56,71.56,71.56,71.56,26.917,0,0,0
2000-04-07,72.06,72.06,72.06,72.06,27.3419,0,0.62,0
2000-04-10,70.69,70.69,70.69,70.69,26.8221,0,0,0
2000-04-11,69.61,69.61,69.61,69.61,26.4123,0,0,0
2000-04-12,67.26,67.26,67.26,67.26,25.5207,0,0,0
2000-04-13,66.98,66.98,66.98,66.98,25.4144,0,0,0
2000-04-14,63.6,63.6,63.6,63.6,24.1319,0,0,0
2000-04-17,63.73,63.73,63.73,63.73,24.1812,0,0,0
2000-04-18,66.25,66.25,66.25,66.25,25.1374,0,0,0
2000-04-19,66.83,66.83,66.83,66.83,25.3575,0,0,0
2000-04-20,66.41,66.41,66.41,66.41,25.1981,0,0,0
2000-04-24,65.42,65.42,65.42,65.42,24.8225,0,0,0
2000-04-25,68.33,68.33,68.33,68.33,25.9266,0,0,0
2000-04-26,67.83,67.83,67.83,67.83,25.7369,0,0,0
2000-04-27,68.17,68.17,68.17,68.17,25.8659,0,0,0
2000-04-28,68.97,68.97,68.97,68.97,26.1695,0,0,0
2000-05-01,70.71,70.71,70.71,70.71,26.8297,0,0,0
2000-05-02,67.58,67.58,67.58,67.58,25.6421,0,0,0
2000-05-03,66.66,66.66,66.66,66.66,25.293,0,0,0
2000-05-04,67.15,67.15,67.15,67.15,25.4789,0,0,0
2000-05-05,68.11,68.11,68.11,68.11,25.8432,0,0,0
2000-05-08,67.3,67.3,67.3,67.3,25.5358,0,0,0
2000-05-09,66.58,66.58,66.58,66.58,25.2626,0,0,0
2000-05-10,64.81,64.81,64.81,64.81,24.591,0,0,0
2000-05-11,65.7,65.7,65.7,65.7,24.9287,0,0,0
2000-05-12,65.99,65.99,65.99,65.99,25.0388,0,0,0
2000-05-15,67,67,67,67,25.422,0,0,0
2000-05-16,68.31,68.31,68.31,68.31,25.919,0,0,0
2000-05-17,67.55,67.55,67.55,67.55,25.6307,0,0,0
2000-05-18,66.56,66.56,66.56,66.56,25.255,0,0,0
2000-05-19,63.88,63.88,63.88,63.88,24.2382,0,0,0
2000-05-22,63.07,63.07,63.07,63.07,23.9308,0,0,0
2000-05-23,61.08,61.08,61.08,61.08,23.1758,0,0,0
2000-05-24,61.97,61.97,61.97,61.97,23.5134,0,0,0
2000-05-25,62.16,62.16,62.16,62.16,23.5855,0,0,0
2000-05-26,62.58,62.58,62.58,62.58,23.7449,0,0,0
2000-05-30,65.05,65.05,65.05,65.05,24.6821,0,0,0
2000-05-31,65.12,65.12,65.12,65.12,24.7087,0,0,0
2000-06-01,66.84,66.84,66.84,66.84,25.3613,0,0,0
2000-06-02,68.72,68.72,68.72,68.72,26.0746,0,0,0
2000-06-05,67.53,67.53,67.53,67.53,25.6231,0,0,0
2000-06-06,67.7,67.7,67.7,67.7,25.6876,0,0,0
2000-06-07,68.32,68.32,68.32,68.32,25.9228,0,0,0
2000-06-08,68.06,68.06,68.06,68.06,25.8242,0,0,0
2000-06-09,68.68,68.68,68.68,68.68,26.0594,0,0,0
2000-06-12,68.23,68.23,68.23,68.23,25.8887,0,0,0
2000-06-13,69.8,69.8,69.8,69.8,26.4844,0,0,0
2000-06-14,69.14,69.14,69.14,69.14,26.234,0,0,0
2000-06-15,70.15,70.15,70.15,70.15,26.6172,0,0,0
2000-06-16,70.22,70.22,70.22,70.22,26.6438,0,0,0
2000-06-19,71.24,71.24,71.24,71.24,27.0308,0,0,0
2000-06-20,71.16,71.16,71.16,71.16,27.0004,0,0,0
2000-06-21,71.09,71.09,71.09,71.09,26.9739,0,0,0
2000-06-22,69.64,69.64,69.64,69.64,26.4237,0,0,0
2000-06-23,68.27,68.27,68.27,68.27,25.9039,0,0,0
2000-06-26,69.23,69.23,69.23,69.23,26.2681,0,0,0
2000-06-27,68.49,68.49,68.49,68.49,25.9873,0,0,0
2000-06-28,68.43,68.43,68.43,68.43,25.9646,0,0,0
2000-06-29,67.57,67.57,67.57,67.57,25.6383,0,0,0
2000-06-30,68.17,68.17,68.17,68.17,25.8659,0,0,0
2000-07-03,69.5,69.5,69.5,69.5,26.3706,0,0,0
2000-07-05,69.44,69.44,69.44,69.44,26.3478,0,0,0
2000-07-06,70.31,70.31,70.31,70.31,26.6779,0,0,0
2000-07-07,71.4,71.4,71.4,71.4,27.0915,0,0,0
2000-07-10,71.21,71.21,71.21,71.21,27.0194,0,0,0
2000-07-11,71.33,71.33,71.33,71.33,27.0649,0,0,0
2000-07-12,72.65,72.65,72.65,72.65,27.5658,0,0,0
2000-07-13,73.68,73.68,73.68,73.68,27.9566,0,0,0
2000-07-14,74.19,74.19,74.19,74.19,28.1501,0,0,0
2000-07-17,73.29,73.29,73.29,73.29,27.8086,0,0,0
2000-07-18,72.37,72.37,72.37,72.37,27.4595,0,0,0
2000-07-19,72.03,72.03,72.03,72.03,27.3305,0,0,0
2000-07-20,72.44,72.44,72.44,72.44,27.4861,0,0,0
2000-07-21,72.1,72.1,72.1,72.1,27.3571,0,0,0
2000-07-24,69.95,69.95,69.95,69.95,26.5413,0,0,0
2000-07-25,70.8,70.8,70.8,70.8,26.8638,0,0,0
2000-07-26,69.39,69.39,69.39,69.39,26.3288,0,0,0
2000-07-27,67.73,67.73,67.73,67.73,25.699,0,0,0
2000-07-28,65.84,65.84,65.84,65.84,24.9818,0,0,0
2000-07-31,66.59,66.59,66.59,66.59,25.2664,0,0,0
2000-08-01,67.12,67.12,67.12,67.12,25.4675,0,0,0
2000-08-02,66.9,66.9,66.9,66.9,25.384,0,0,0
2000-08-03,67.22,67.22,67.22,67.22,25.5055,0,0,0
2000-08-04,67.7,67.7,67.7,67.7,25.6876,0,0,0
2000-08-07,68.99,68.99,68.99,68.99,26.1771,0,0,0
2000-08-08,67.89,67.89,67.89,67.89,25.7597,0,0,0
2000-08-09,67.46,67.46,67.46,67.46,25.5965,0,0,0
2000-08-10,66.79,66.79,66.79,66.79,25.3423,0,0,0
2000-08-11,66.84,66.84,66.84,66.84,25.3613,0,0,0
2000-08-14,68.38,68.38,68.38,68.38,25.9456,0,0,0
2000-08-15,68.19,68.19,68.19,68.19,25.8735,0,0,0
2000-08-16,67.74,67.74,67.74,67.74,25.7028,0,0,0
2000-08-17,68.82,68.82,68.82,68.82,26.1125,0,0,0
2000-08-18,68.57,68.57,68.57,68.57,26.0177,0,0,0
2000-08-21,68.3,68.3,68.3,68.3,25.9153,0,0,0
2000-08-22,67.89,67.89,67.89,67.89,25.7597,0,0,0
2000-08-23,68.93,68.93,68.93,68.93,26.1543,0,0,0
2000-08-24,68.83,68.83,68.83,68.83,26.1164,0,0,0
2000-08-25,69.16,69.16,69.16,69.16,26.2416,0,0,0
2000-08-28,70.08,70.08,70.08,70.08,26.5907,0,0,0
2000-08-29,69.13,69.13,69.13,69.13,26.2302,0,0,0
2000-08-30,69.62,69.62,69.62,69.62,26.4161,0,0,0
2000-08-31,71.12,71.12,71.12,71.12,26.9852,0,0,0
2000-09-01,72.06,72.06,72.06,72.06,27.3419,0,0,0
2000-09-05,70.79,70.79,70.79,70.79,26.86,0,0,0
2000-09-06,69.72,69.72,69.72,69.72,26.454,0,0,0
2000-09-07,69.72,69.72,69.72,69.72,26.454,0,0,0
2000-09-08,69.49,69.49,69.49,69.49,26.3668,0,0,0
2000-09-11,69.72,69.72,69.72,69.72,26.454,0,0,0
2000-09-12,69.47,69.47,69.47,69.47,26.3592,0,0,0
2000-09-13,69.7,69.7,69.7,69.7,26.4465,0,0,0
2000-09-14,69.76,69.76,69.76,69.76,26.4692,0,0,0
2000-09-15,69.83,69.83,69.83,69.83,26.4958,0,0,0
2000-09-18,68.38,68.38,68.38,68.38,25.9456,0,0,0
2000-09-19,67.82,67.82,67.82,67.82,25.7331,0,0,0
2000-09-20,66.28,66.28,66.28,66.28,25.1488,0,0,0
2000-09-21,65.41,65.41,65.41,65.41,24.8187,0,0,0
2000-09-22,66.34,66.34,66.34,66.34,25.1716,0,0,0
2000-09-25,66.98,66.98,66.98,66.98,25.4144,0,0,0
2000-09-26,66.77,66.77,66.77,66.77,25.3347,0,0,0
2000-09-27,67.61,67.61,67.61,67.61,25.6535,0,0,0
2000-09-28,69.79,69.79,69.79,69.79,26.4806,0,0,0
2000-09-29,70.16,70.16,70.16,70.16,26.621,0,0,0
2000-10-02,69.13,69.13,69.13,69.13,26.2302,0,0,0
2000-10-03,68.4,68.4,68.4,68.4,25.9532,0,0,0
2000-10-04,69,69,69,69,26.1809,0,0,0
2000-10-05,68.65,68.65,68.65,68.65,26.0481,0,0,0
2000-10-06,67.4,67.4,67.4,67.4,25.5738,0,0,0
2000-10-09,67.28,67.28,67.28,67.28,25.5282,0,0,0
2000-10-10,66.53,66.53,66.53,66.53,25.2437,0,0,0
2000-10-11,64.13,64.13,64.13,64.13,24.333,0,0,0
2000-10-12,62.36,62.36,62.36,62.36,23.6614,0,0,0
2000-10-13,64.17,64.17,64.17,64.17,24.3482,0,0,0
2000-10-16,64.08,64.08,64.08,64.08,24.314,0,0,0
2000-10-17,63.14,63.14,63.14,63.14,23.9574,0,0,0
2000-10-18,61.81,61.81,61.81,61.81,23.4527,0,0,0
2000-10-19,63.97,63.97,63.97,63.97,24.2723,0,0,0
2000-10-20,64.33,64.33,64.33,64.33,24.4089,0,0,0
2000-10-23,65.18,65.18,65.18,65.18,24.7314,0,0,0
2000-10-24,65.55,65.55,65.55,65.55,24.8718,0,0,0
2000-10-25,63.38,63.38,63.38,63.38,24.0485,0,0,0
2000-10-26,62.3,62.3,62.3,62.3,23.6387,0,0,0
2000-10-27,64.2,64.2,64.2,64.2,24.3596,0,0,0
2000-10-30,65.37,65.37,65.37,65.37,24.8035,0,0,0
2000-10-31,66.83,66.83,66.83,66.83,25.3575,0,0,0
2000-11-01,65.8,65.8,65.8,65.8,24.9667,0,0,0
2000-11-02,65.89,65.89,65.89,65.89,25.0008,0,0,0
2000-11-03,65.13,65.13,65.13,65.13,24.7125,0,0,0
2000-11-06,64.44,64.44,64.44,64.44,24.4506,0,0,0
2000-11-07,64.92,64.92,64.92,64.92,24.6328,0,0,0
2000-11-08,64.5,64.5,64.5,64.5,24.4734,0,0,0
2000-11-09,62.92,62.92,62.92,62.92,23.8739,0,0,0
2000-11-10,61.47,61.47,61.47,61.47,23.3237,0,0,0
2000-11-13,61.59,61.59,61.59,61.59,23.3693,0,0,0
2000-11-14,61.9,61.9,61.9,61.9,23.4869,0,0,0
2000-11-15,61.92,61.92,61.92,61.92,23.4945,0,0,0
2000-11-16,61.63,61.63,61.63,61.63,23.3844,0,0,0
2000-11-17,59.82,59.82,59.82,59.82,22.6977,0,0,0
2000-11-20,58.87,58.87,58.87,58.87,22.3372,0,0,0
2000-11-21,58.43,58.43,58.43,58.43,22.1703,0,0,0
2000-11-22,57.83,57.83,57.83,57.83,21.9426,0,0,0
2000-11-24,58.78,58.78,58.78,58.78,22.303,0,0,0
2000-11-27,59.01,59.01,59.01,59.01,22.3903,0,0,0
2000-11-28,58.32,58.32,58.32,58.32,22.1285,0,0,0
2000-11-29,57.77,57.77,57.77,57.77,21.9198,0,0,0
2000-11-30,56.78,56.78,56.78,56.78,21.5442,0,0,0
2000-12-01,56.67,56.67,56.67,56.67,21.5024,0,0,0
2000-12-04,56.7,56.7,56.7,56.7,21.5138,0,0,0
2000-12-05,58.16,58.16,58.16,58.16,22.0678,0,0,0
2000-12-06,58.73,58.73,58.73,58.73,22.2841,0,0,0
2000-12-07,57.94,57.94,57.94,57.94,21.9843,0,0,0
2000-12-08,58.58,58.58,58.58,58.58,22.2272,0,0,0
2000-12-11,59.66,59.66,59.66,59.66,22.637,0,0,0
2000-12-12,60.4,60.4,60.4,60.4,22.9177,0,0,0
2000-12-13,61.52,61.52,61.52,61.52,23.3427,0,0,0
2000-12-14,60.64,60.64,60.64,60.64,23.0088,0,0,0
2000-12-15,53.39,53.39,53.39,53.39,22.565,0,6.2,0
2000-12-18,53.28,53.28,53.28,53.28,22.5185,0,0,0
2000-12-19,50.99,50.99,50.99,50.99,21.5507,0,0,0
2000-12-20,48.92,48.92,48.92,48.92,20.6758,0,0,0
2000-12-21,48.39,48.39,48.39,48.39,20.4518,0,0,0
2000-12-22,49.68,49.68,49.68,49.68,20.997,0,0,0
2000-12-26,50.46,50.46,50.46,50.46,21.3267,0,0,0
2000-12-27,50.78,50.78,50.78,50.78,21.4619,0,0,0
2000-12-28,50.68,50.68,50.68,50.68,21.4197,0,0,0
2000-12-29,50.8,50.8,50.8,50.8,21.4704,0,0,0
2001-01-02,50.23,50.23,50.23,50.23,21.2295,0,0,0
2001-01-03,52.95,52.95,52.95,52.95,22.3791,0,0,0
2001-01-04,53.86,53.86,53.86,53.86,22.7637,0,0,0
2001-01-05,52.32,52.32,52.32,52.32,22.1128,0,0,0
2001-01-08,52.37,52.37,52.37,52.37,22.1339,0,0,0
2001-01-09,53.97,53.97,53.97,53.97,22.8102,0,0,0
2001-01-10,55.01,55.01,55.01,55.01,23.2497,0,0,0
2001-01-11,55.87,55.87,55.87,55.87,23.6132,0,0,0
2001-01-12,55.91,55.91,55.91,55.91,23.6301,0,0,0
2001-01-16,55.59,55.59,55.59,55.59,23.4948,0,0,0
2001-01-17,56.1,56.1,56.1,56.1,23.7104,0,0,0
2001-01-18,57.01,57.01,57.01,57.01,24.095,0,0,0
2001-01-19,56.73,56.73,56.73,56.73,23.9766,0,0,0
2001-01-22,55.78,55.78,55.78,55.78,23.5751,0,0,0
2001-01-23,56.43,56.43,56.43,56.43,23.8499,0,0,0
2001-01-24,56.24,56.24,56.24,56.24,23.7696,0,0,0
2001-01-25,54.97,54.97,54.97,54.97,23.2328,0,0,0
2001-01-26,54.87,54.87,54.87,54.87,23.1905,0,0,0
2001-01-29,56.45,56.45,56.45,56.45,23.8583,0,0,0
2001-01-30,56.68,56.68,56.68,56.68,23.9555,0,0,0
2001-01-31,55.97,55.97,55.97,55.97,23.6555,0,0,0
2001-02-01,56.57,56.57,56.57,56.57,23.909,0,0,0
2001-02-02,54.72,54.72,54.72,54.72,23.1271,0,0,0
2001-02-05,55.02,55.02,55.02,55.02,23.2539,0,0,0
2001-02-06,55.05,55.05,55.05,55.05,23.2666,0,0,0
2001-02-07,54.37,54.37,54.37,54.37,22.9792,0,0,0
2001-02-08,54.17,54.17,54.17,54.17,22.8947,0,0,0
2001-02-09,53.34,53.34,53.34,53.34,22.5439,0,0,0
2001-02-12,53.87,53.87,53.87,53.87,22.7679,0,0,0
2001-02-13,53.54,53.54,53.54,53.54,22.6284,0,0,0
2001-02-14,52.45,52.45,52.45,52.45,22.1677,0,0,0
2001-02-15,52.35,52.35,52.35,52.35,22.1255,0,0,0
2001-02-16,51.45,51.45,51.45,51.45,21.7451,0,0,0
2001-02-20,50.62,50.62,50.62,50.62,21.3943,0,0,0
2001-02-21,49.71,49.71,49.71,49.71,21.0097,0,0,0
2001-02-22,50.05,50.05,50.05,50.05,21.1534,0,0,0
2001-02-23,49.92,49.92,49.92,49.92,21.0985,0,0,0
2001-02-26,51.48,51.48,51.48,51.48,21.7578,0,0,0
2001-02-27,51.28,51.28,51.28,51.28,21.6732,0,0,0
2001-02-28,50.37,50.37,50.37,50.37,21.2886,0,0,0
2001-03-01,49.28,49.28,49.28,49.28,20.828,0,0,0
2001-03-02,49.76,49.76,49.76,49.76,21.0308,0,0,0
2001-03-05,49.82,49.82,49.82,49.82,21.0562,0,0,0
2001-03-06,50.51,50.51,50.51,50.51,21.3478,0,0,0
2001-03-07,50.37,50.37,50.37,50.37,21.2886,0,0,0
2001-03-08,50.65,50.65,50.65,50.65,21.407,0,0,0
2001-03-09,49.59,49.59,49.59,49.59,20.959,0,0,0
2001-03-12,47.89,47.89,47.89,47.89,20.2405,0,0,0
2001-03-13,48.27,48.27,48.27,48.27,20.4011,0,0,0
2001-03-14,46.53,46.53,46.53,46.53,19.6657,0,0,0
2001-03-15,47.49,47.49,47.49,47.49,20.0714,0,0,0
2001-03-16,46.47,46.47,46.47,46.47,19.6403,0,0,0
2001-03-19,47.37,47.37,47.37,47.37,20.0207,0,0,0
2001-03-20,46.01,46.01,46.01,46.01,19.4459,0,0,0
2001-03-21,45.01,45.01,45.01,45.01,19.0233,0,0,0
2001-03-22,44.47,44.47,44.47,44.47,18.795,0,0,0
2001-03-23,45.41,45.41,45.41,45.41,19.1923,0,0,0
2001-03-26,46.72,46.72,46.72,46.72,19.746,0,0,0
2001-03-27,48.44,48.44,48.44,48.44,20.4729,0,0,0
2001-03-28,46.45,46.45,46.45,46.45,19.6319,0,0,0
2001-03-29,46.82,46.82,46.82,46.82,19.7882,0,0,0
2001-03-30,46.94,46.94,46.94,46.94,19.839,0,0,0
2001-04-02,46.52,46.52,46.52,46.52,19.6615,0,0,0
2001-04-03,44.5,44.5,44.5,44.5,18.8077,0,0,0
2001-04-04,44.09,44.09,44.09,44.09,18.6344,0,0,0
2001-04-05,45.91,45.91,45.91,45.91,19.4036,0,0,0
2001-04-06,43.89,43.89,43.89,43.89,18.9334,0,0.93,0
2001-04-09,44.69,44.69,44.69,44.69,19.2785,0,0,0
2001-04-10,46.38,46.38,46.38,46.38,20.0076,0,0,0
2001-04-11,46.52,46.52,46.52,46.52,20.068,0,0,0
2001-04-12,46.83,46.83,46.83,46.83,20.2017,0,0,0
2001-04-16,46.78,46.78,46.78,46.78,20.1801,0,0,0
2001-04-17,47.42,47.42,47.42,47.42,20.4562,0,0,0
2001-04-18,48.67,48.67,48.67,48.67,20.9954,0,0,0
2001-04-19,49.03,49.03,49.03,49.03,21.1507,0,0,0
2001-04-20,48.42,48.42,48.42,48.42,20.8876,0,0,0
2001-04-23,47.68,47.68,47.68,47.68,20.5684,0,0,0
2001-04-24,47.51,47.51,47.51,47.51,20.495,0,0,0
2001-04-25,48.48,48.48,48.48,48.48,20.9135,0,0,0
2001-04-26,48.57,48.57,48.57,48.57,20.9523,0,0,0
2001-04-27,49.13,49.13,49.13,49.13,21.1939,0,0,0
2001-04-30,49.14,49.14,49.14,49.14,21.1982,0,0,0
2001-05-01,49.86,49.86,49.86,49.86,21.5088,0,0,0
2001-05-02,49.91,49.91,49.91,49.91,21.5304,0,0,0
2001-05-03,49.2,49.2,49.2,49.2,21.2241,0,0,0
2001-05-04,49.45,49.45,49.45,49.45,21.3319,0,0,0
2001-05-07,49.65,49.65,49.65,49.65,21.4182,0,0,0
2001-05-08,48.86,48.86,48.86,48.86,21.0774,0,0,0
2001-05-09,48.47,48.47,48.47,48.47,20.9092,0,0,0
2001-05-10,48.34,48.34,48.34,48.34,20.8531,0,0,0
2001-05-11,48.17,48.17,48.17,48.17,20.7798,0,0,0
2001-05-14,48.1,48.1,48.1,48.1,20.7495,0,0,0
2001-05-15,47.93,47.93,47.93,47.93,20.6762,0,0,0
2001-05-16,48.94,48.94,48.94,48.94,21.1119,0,0,0
2001-05-17,48.91,48.91,48.91,48.91,21.099,0,0,0
2001-05-18,49.36,49.36,49.36,49.36,21.2931,0,0,0
2001-05-21,49.62,49.62,49.62,49.62,21.4053,0,0,0
2001-05-22,49.46,49.46,49.46,49.46,21.3362,0,0,0
2001-05-23,48.65,48.65,48.65,48.65,20.9868,0,0,0
2001-05-24,48.73,48.73,48.73,48.73,21.0213,0,0,0
2001-05-25,48.51,48.51,48.51,48.51,20.9264,0,0,0
2001-05-29,48.02,48.02,48.02,48.02,20.715,0,0,0
2001-05-30,47.09,47.09,47.09,47.09,20.3139,0,0,0
2001-05-31,47.95,47.95,47.95,47.95,20.6848,0,0,0
2001-06-01,47.88,47.88,47.88,47.88,20.6546,0,0,0
2001-06-04,47.8,47.8,47.8,47.8,20.6201,0,0,0
2001-06-05,48.21,48.21,48.21,48.21,20.797,0,0,0
2001-06-06,47.55,47.55,47.55,47.55,20.5123,0,0,0
2001-06-07,47.17,47.17,47.17,47.17,20.3484,0,0,0
2001-06-08,47.05,47.05,47.05,47.05,20.2966,0,0,0
2001-06-11,46.99,46.99,46.99,46.99,20.2707,0,0,0
2001-06-12,46.6,46.6,46.6,46.6,20.1025,0,0,0
2001-06-13,46.27,46.27,46.27,46.27,19.9601,0,0,0
2001-06-14,45.46,45.46,45.46,45.46,19.6107,0,0,0
2001-06-15,45.2,45.2,45.2,45.2,19.4985,0,0,0
2001-06-18,44.24,44.24,44.24,44.24,19.0844,0,0,0
2001-06-19,44.3,44.3,44.3,44.3,19.1103,0,0,0
2001-06-20,44.68,44.68,44.68,44.68,19.2742,0,0,0
2001-06-21,45,45,45,45,19.4123,0,0,0
2001-06-22,45.02,45.02,45.02,45.02,19.4209,0,0,0
2001-06-25,44.72,44.72,44.72,44.72,19.2915,0,0,0
2001-06-26,44.81,44.81,44.81,44.81,19.3303,0,0,0
2001-06-27,44.84,44.84,44.84,44.84,19.3432,0,0,0
2001-06-28,45.67,45.67,45.67,45.67,19.7013,0,0,0
2001-06-29,46.35,46.35,46.35,46.35,19.9946,0,0,0
2001-07-02,46.84,46.84,46.84,46.84,20.206,0,0,0
2001-07-03,46.66,46.66,46.66,46.66,20.1284,0,0,0
2001-07-05,46.29,46.29,46.29,46.29,19.9687,0,0,0
2001-07-06,45.67,45.67,45.67,45.67,19.7013,0,0,0
2001-07-09,46.26,46.26,46.26,46.26,19.9558,0,0,0
2001-07-10,46.67,46.67,46.67,46.67,20.1327,0,0,0
2001-07-11,46.52,46.52,46.52,46.52,20.068,0,0,0
2001-07-12,47.01,47.01,47.01,47.01,20.2793,0,0,0
2001-07-13,46.86,46.86,46.86,46.86,20.2146,0,0,0
2001-07-16,46.8,46.8,46.8,46.8,20.1888,0,0,0
2001-07-17,46.95,46.95,46.95,46.95,20.2535,0,0,0
2001-07-18,46.42,46.42,46.42,46.42,20.0248,0,0,0
2001-07-19,46.81,46.81,46.81,46.81,20.1931,0,0,0
2001-07-20,46.25,46.25,46.25,46.25,19.9515,0,0,0
2001-07-23,45.47,45.47,45.47,45.47,19.615,0,0,0
2001-07-24,44.4,44.4,44.4,44.4,19.1534,0,0,0
2001-07-25,45.39,45.39,45.39,45.39,19.5805,0,0,0
2001-07-26,45.85,45.85,45.85,45.85,19.7789,0,0,0
2001-07-27,46.27,46.27,46.27,46.27,19.9601,0,0,0
2001-07-30,46.14,46.14,46.14,46.14,19.904,0,0,0
2001-07-31,45.99,45.99,45.99,45.99,19.8393,0,0,0
2001-08-01,46.49,46.49,46.49,46.49,20.055,0,0,0
2001-08-02,46.23,46.23,46.23,46.23,19.9429,0,0,0
2001-08-03,45.97,45.97,45.97,45.97,19.8307,0,0,0
2001-08-06,45.37,45.37,45.37,45.37,19.5719,0,0,0
2001-08-07,45.32,45.32,45.32,45.32,19.5503,0,0,0
2001-08-08,44.38,44.38,44.38,44.38,19.1448,0,0,0
2001-08-09,44.22,44.22,44.22,44.22,19.0758,0,0,0
2001-08-10,44.51,44.51,44.51,44.51,19.2009,0,0,0
2001-08-13,44.55,44.55,44.55,44.55,19.2181,0,0,0
2001-08-14,44.56,44.56,44.56,44.56,19.2225,0,0,0
2001-08-15,43.81,43.81,43.81,43.81,18.8989,0,0,0
2001-08-16,43.96,43.96,43.96,43.96,18.9636,0,0,0
2001-08-17,43.23,43.23,43.23,43.23,18.6487,0,0,0
2001-08-20,43.61,43.61,43.61,43.61,18.8126,0,0,0
2001-08-21,43.22,43.22,43.22,43.22,18.6444,0,0,0
2001-08-22,42.84,42.84,42.84,42.84,18.4805,0,0,0
2001-08-23,42.59,42.59,42.59,42.59,18.3726,0,0,0
2001-08-24,43.09,43.09,43.09,43.09,18.5883,0,0,0
2001-08-27,42.81,42.81,42.81,42.81,18.4675,0,0,0
2001-08-28,42.65,42.65,42.65,42.65,18.3985,0,0,0
2001-08-29,42.4,42.4,42.4,42.4,18.2907,0,0,0
2001-08-30,41.81,41.81,41.81,41.81,18.0361,0,0,0
2001-08-31,41.99,41.99,41.99,41.99,18.1138,0,0,0
2001-09-04,41.97,41.97,41.97,41.97,18.1052,0,0,0
2001-09-05,41.53,41.53,41.53,41.53,17.9154,0,0,0
2001-09-06,40.73,40.73,40.73,40.73,17.5703,0,0,0
2001-09-07,40.33,40.33,40.33,40.33,17.3977,0,0,0
2001-09-10,41.14,41.14,41.14,41.14,17.7471,0,0,0
2001-09-17,40.37,40.37,40.37,40.37,17.415,0,0,0
2001-09-18,40.88,40.88,40.88,40.88,17.635,0,0,0
2001-09-19,40.84,40.84,40.84,40.84,17.6177,0,0,0
2001-09-20,41,41,41,41,17.6867,0,0,0
2001-09-21,39.68,39.68,39.68,39.68,17.1173,0,0,0
2001-09-24,40.74,40.74,40.74,40.74,17.5746,0,0,0
2001-09-25,41.3,41.3,41.3,41.3,17.8161,0,0,0
2001-09-26,39.92,39.92,39.92,39.92,17.2208,0,0,0
2001-09-27,39.59,39.59,39.59,39.59,17.0785,0,0,0
2001-09-28,40.18,40.18,40.18,40.18,17.333,0,0,0
2001-10-01,40,40,40,40,17.2553,0,0,0
2001-10-02,40.58,40.58,40.58,40.58,17.5055,0,0,0
2001-10-03,40.86,40.86,40.86,40.86,17.6263,0,0,0
2001-10-04,40.79,40.79,40.79,40.79,17.5961,0,0,0
2001-10-05,40.74,40.74,40.74,40.74,17.5746,0,0,0
2001-10-08,40.76,40.76,40.76,40.76,17.5832,0,0,0
2001-10-09,40.63,40.63,40.63,40.63,17.5271,0,0,0
2001-10-10,41.16,41.16,41.16,41.16,17.7557,0,0,0
2001-10-11,40.92,40.92,40.92,40.92,17.6522,0,0,0
2001-10-12,40.6,40.6,40.6,40.6,17.5142,0,0,0
2001-10-15,40.24,40.24,40.24,40.24,17.3589,0,0,0
2001-10-16,40.01,40.01,40.01,40.01,17.2597,0,0,0
2001-10-17,39.54,39.54,39.54,39.54,17.0569,0,0,0
2001-10-18,38.83,38.83,38.83,38.83,16.7506,0,0,0
2001-10-19,38.96,38.96,38.96,38.96,16.8067,0,0,0
2001-10-22,38.47,38.47,38.47,38.47,16.5953,0,0,0
2001-10-23,37.78,37.78,37.78,37.78,16.2977,0,0,0
2001-10-24,37.55,37.55,37.55,37.55,16.1985,0,0,0
2001-10-25,37.58,37.58,37.58,37.58,16.2114,0,0,0
2001-10-26,37.89,37.89,37.89,37.89,16.3451,0,0,0
2001-10-29,37.5,37.5,37.5,37.5,16.1769,0,0,0
2001-10-30,36.78,36.78,36.78,36.78,15.8663,0,0,0
2001-10-31,36.49,36.49,36.49,36.49,15.7412,0,0,0
2001-11-01,36.91,36.91,36.91,36.91,15.9224,0,0,0
2001-11-02,36.8,36.8,36.8,36.8,15.8749,0,0,0
2001-11-05,37.3,37.3,37.3,37.3,16.0906,0,0,0
2001-11-06,37.34,37.34,37.34,37.34,16.1079,0,0,0
2001-11-07,36.91,36.91,36.91,36.91,15.9224,0,0,0
2001-11-08,37.26,37.26,37.26,37.26,16.0734,0,0,0
2001-11-09,37.47,37.47,37.47,37.47,16.1639,0,0,0
2001-11-12,37.23,37.23,37.23,37.23,16.0604,0,0,0
2001-11-13,37.68,37.68,37.68,37.68,16.2545,0,0,0
2001-11-14,37.79,37.79,37.79,37.79,16.302,0,0,0
2001-11-15,38.6,38.6,38.6,38.6,16.6514,0,0,0
2001-11-16,38.77,38.77,38.77,38.77,16.7247,0,0,0
2001-11-19,38.79,38.79,38.79,38.79,16.7334,0,0,0
2001-11-20,38.46,38.46,38.46,38.46,16.591,0,0,0
2001-11-21,38.21,38.21,38.21,38.21,16.4832,0,0,0
2001-11-23,38.45,38.45,38.45,38.45,16.5867,0,0,0
2001-11-26,38.68,38.68,38.68,38.68,16.6859,0,0,0
2001-11-27,38.22,38.22,38.22,38.22,16.4875,0,0,0
2001-11-28,37.82,37.82,37.82,37.82,16.3149,0,0,0
2001-11-29,38,38,38,38,16.3926,0,0,0
2001-11-30,37.75,37.75,37.75,37.75,16.2847,0,0,0
2001-12-03,37.7,37.7,37.7,37.7,16.2632,0,0,0
2001-12-04,37.96,37.96,37.96,37.96,16.3753,0,0,0
2001-12-05,38.35,38.35,38.35,38.35,16.5436,0,0,0
2001-12-06,38.44,38.44,38.44,38.44,16.5824,0,0,0
2001-12-07,38.01,38.01,38.01,38.01,16.3969,0,0,0
2001-12-10,37.5,37.5,37.5,37.5,16.1769,0,0,0
2001-12-11,37.29,37.29,37.29,37.29,16.0863,0,0,0
2001-12-12,37.29,37.29,37.29,37.29,16.0863,0,0,0
2001-12-13,37.27,37.27,37.27,37.27,16.0777,0,0,0
2001-12-14,37.08,37.08,37.08,37.08,16.1081,0,0.26,0
2001-12-17,37.77,37.77,37.77,37.77,16.4078,0,0,0
2001-12-18,37.81,37.81,37.81,37.81,16.4252,0,0,0
2001-12-19,37.95,37.95,37.95,37.95,16.486,0,0,0
2001-12-20,38.15,38.15,38.15,38.15,16.5729,0,0,0
2001-12-21,38.02,38.02,38.02,38.02,16.5164,0,0,0
2001-12-24,38.09,38.09,38.09,38.09,16.5468,0,0,0
2001-12-26,38.19,38.19,38.19,38.19,16.5903,0,0,0
2001-12-27,38.62,38.62,38.62,38.62,16.7771,0,0,0
2001-12-28,38.84,38.84,38.84,38.84,16.8726,0,0,0
2001-12-31,38.59,38.59,38.59,38.59,16.764,0,0,0
2002-01-02,39.23,39.23,39.23,39.23,17.0421,0,0,0
2002-01-03,39.52,39.52,39.52,39.52,17.168,0,0,0
2002-01-04,39.56,39.56,39.56,39.56,17.1854,0,0,0
2002-01-07,39.28,39.28,39.28,39.28,17.0638,0,0,0
2002-01-08,39.19,39.19,39.19,39.19,17.0247,0,0,0
2002-01-09,38.38,38.38,38.38,38.38,16.6728,0,0,0
2002-01-10,38.45,38.45,38.45,38.45,16.7032,0,0,0
2002-01-11,38.32,38.32,38.32,38.32,16.6467,0,0,0
2002-01-14,38.15,38.15,38.15,38.15,16.5729,0,0,0
2002-01-15,38.2,38.2,38.2,38.2,16.5946,0,0,0
2002-01-16,37.67,37.67,37.67,37.67,16.3644,0,0,0
2002-01-17,37.54,37.54,37.54,37.54,16.3079,0,0,0
2002-01-18,37.26,37.26,37.26,37.26,16.1863,0,0,0
2002-01-22,36.64,36.64,36.64,36.64,15.9169,0,0,0
2002-01-23,37.03,37.03,37.03,37.03,16.0864,0,0,0
2002-01-24,37.2,37.2,37.2,37.2,16.1602,0,0,0
2002-01-25,36.88,36.88,36.88,36.88,16.0212,0,0,0
2002-01-28,36.97,36.97,36.97,36.97,16.0603,0,0,0
2002-01-29,36.19,36.19,36.19,36.19,15.7214,0,0,0
2002-01-30,35.95,35.95,35.95,35.95,15.6172,0,0,0
2002-01-31,36.39,36.39,36.39,36.39,15.8083,0,0,0
2002-02-01,36.1,36.1,36.1,36.1,15.6823,0,0,0
2002-02-04,35.01,35.01,35.01,35.01,15.2088,0,0,0
2002-02-05,34.6,34.6,34.6,34.6,15.0307,0,0,0
2002-02-06,33.84,33.84,33.84,33.84,14.7006,0,0,0
2002-02-07,34.26,34.26,34.26,34.26,14.883,0,0,0
2002-02-08,34.76,34.76,34.76,34.76,15.1002,0,0,0
2002-02-11,34.89,34.89,34.89,34.89,15.1567,0,0,0
2002-02-12,34.81,34.81,34.81,34.81,15.122,0,0,0
2002-02-13,34.96,34.96,34.96,34.96,15.1871,0,0,0
2002-02-14,34.49,34.49,34.49,34.49,14.9829,0,0,0
2002-02-15,33.9,33.9,33.9,33.9,14.7266,0,0,0
2002-02-19,33.25,33.25,33.25,33.25,14.4443,0,0,0
2002-02-20,33.76,33.76,33.76,33.76,14.6658,0,0,0
2002-02-21,32.99,32.99,32.99,32.99,14.3313,0,0,0
2002-02-22,33.3,33.3,33.3,33.3,14.466,0,0,0
2002-02-25,33.99,33.99,33.99,33.99,14.7657,0,0,0
2002-02-26,34.1,34.1,34.1,34.1,14.8135,0,0,0
2002-02-27,34.23,34.23,34.23,34.23,14.87,0,0,0
2002-02-28,34.32,34.32,34.32,34.32,14.9091,0,0,0
2002-03-01,35.13,35.13,35.13,35.13,15.261,0,0,0
2002-03-04,35.5,35.5,35.5,35.5,15.4217,0,0,0
2002-03-05,35.33,35.33,35.33,35.33,15.3479,0,0,0
2002-03-06,36.25,36.25,36.25,36.25,15.7475,0,0,0
2002-03-07,35.94,35.94,35.94,35.94,15.6128,0,0,0
2002-03-08,35.82,35.82,35.82,35.82,15.5607,0,0,0
2002-03-11,36.11,36.11,36.11,36.11,15.6867,0,0,0
2002-03-12,35.91,35.91,35.91,35.91,15.5998,0,0,0
2002-03-13,35.47,35.47,35.47,35.47,15.4087,0,0,0
2002-03-14,35.2,35.2,35.2,35.2,15.2914,0,0,0
2002-03-15,35.31,35.31,35.31,35.31,15.3392,0,0,0
2002-03-18,35.62,35.62,35.62,35.62,15.4738,0,0,0
2002-03-19,35.34,35.34,35.34,35.34,15.3522,0,0,0
2002-03-20,35.11,35.11,35.11,35.11,15.2523,0,0,0
2002-03-21,35.43,35.43,35.43,35.43,15.3913,0,0,0
2002-03-22,34.93,34.93,34.93,34.93,15.1741,0,0,0
2002-03-25,34.56,34.56,34.56,34.56,15.0134,0,0,0
2002-03-26,34.56,34.56,34.56,34.56,15.0134,0,0,0
2002-03-27,34.45,34.45,34.45,34.45,14.9656,0,0,0
2002-03-28,34.69,34.69,34.69,34.69,15.0698,0,0,0
2002-04-01,34.64,34.64,34.64,34.64,15.0481,0,0,0
2002-04-02,34.41,34.41,34.41,34.41,14.9482,0,0,0
2002-04-03,34.46,34.46,34.46,34.46,14.9699,0,0,0
2002-04-04,34.46,34.46,34.46,34.46,14.9699,0,0,0
2002-04-05,34.2,34.2,34.2,34.2,14.9002,0,0.1,0
2002-04-08,34.01,34.01,34.01,34.01,14.8174,0,0,0
2002-04-09,33.21,33.21,33.21,33.21,14.4689,0,0,0
2002-04-10,33.24,33.24,33.24,33.24,14.482,0,0,0
2002-04-11,31.89,31.89,31.89,31.89,13.8938,0,0,0
2002-04-12,32.37,32.37,32.37,32.37,14.1029,0,0,0
2002-04-15,32.14,32.14,32.14,32.14,14.0027,0,0,0
2002-04-16,34.15,34.15,34.15,34.15,14.8784,0,0,0
2002-04-17,34.19,34.19,34.19,34.19,14.8958,0,0,0
2002-04-18,33.69,33.69,33.69,33.69,14.678,0,0,0
2002-04-19,33.25,33.25,33.25,33.25,14.4863,0,0,0
2002-04-22,32.32,32.32,32.32,32.32,14.0811,0,0,0
2002-04-23,32.52,32.52,32.52,32.52,14.1683,0,0,0
2002-04-24,32.53,32.53,32.53,32.53,14.1726,0,0,0
2002-04-25,32.48,32.48,32.48,32.48,14.1508,0,0,0
2002-04-26,31.9,31.9,31.9,31.9,13.8981,0,0,0
2002-04-29,30.93,30.93,30.93,30.93,13.4755,0,0,0
2002-04-30,31.35,31.35,31.35,31.35,13.6585,0,0,0
2002-05-01,31.95,31.95,31.95,31.95,13.9199,0,0,0
2002-05-02,31.59,31.59,31.59,31.59,13.7631,0,0,0
2002-05-03,31.11,31.11,31.11,31.11,13.554,0,0,0
2002-05-06,30.65,30.65,30.65,30.65,13.3535,0,0,0
2002-05-07,30.64,30.64,30.64,30.64,13.3492,0,0,0
2002-05-08,31.6,31.6,31.6,31.6,13.7674,0,0,0
2002-05-09,31.13,31.13,31.13,31.13,13.5627,0,0,0
2002-05-10,30.22,30.22,30.22,30.22,13.1662,0,0,0
2002-05-13,30.8,30.8,30.8,30.8,13.4189,0,0,0
2002-05-14,31.35,31.35,31.35,31.35,13.6585,0,0,0
2002-05-15,31.35,31.35,31.35,31.35,13.6585,0,0,0
2002-05-16,31.47,31.47,31.47,31.47,13.7108,0,0,0
2002-05-17,31.23,31.23,31.23,31.23,13.6062,0,0,0
2002-05-20,31.24,31.24,31.24,31.24,13.6106,0,0,0
2002-05-21,31.27,31.27,31.27,31.27,13.6237,0,0,0
2002-05-22,31.76,31.76,31.76,31.76,13.8371,0,0,0
2002-05-23,32.19,32.19,32.19,32.19,14.0245,0,0,0
2002-05-24,31.83,31.83,31.83,31.83,13.8676,0,0,0
2002-05-28,31.89,31.89,31.89,31.89,13.8938,0,0,0
2002-05-29,31.5,31.5,31.5,31.5,13.7239,0,0,0
2002-05-30,31.35,31.35,31.35,31.35,13.6585,0,0,0
2002-05-31,31.33,31.33,31.33,31.33,13.6498,0,0,0
2002-06-03,30.63,30.63,30.63,30.63,13.3448,0,0,0
2002-06-04,30.8,30.8,30.8,30.8,13.4189,0,0,0
2002-06-05,30.6,30.6,30.6,30.6,13.3318,0,0,0
2002-06-06,29.67,29.67,29.67,29.67,12.9266,0,0,0
2002-06-07,29.86,29.86,29.86,29.86,13.0094,0,0,0
2002-06-10,29.59,29.59,29.59,29.59,12.8917,0,0,0
2002-06-11,29.33,29.33,29.33,29.33,12.7784,0,0,0
2002-06-12,29.35,29.35,29.35,29.35,12.7872,0,0,0
2002-06-13,29.32,29.32,29.32,29.32,12.7741,0,0,0
2002-06-14,28.85,28.85,28.85,28.85,12.5693,0,0,0
2002-06-17,29.06,29.06,29.06,29.06,12.6608,0,0,0
2002-06-18,29.21,29.21,29.21,29.21,12.7262,0,0,0
2002-06-19,28.5,28.5,28.5,28.5,12.4168,0,0,0
2002-06-20,28.04,28.04,28.04,28.04,12.2164,0,0,0
2002-06-21,28.08,28.08,28.08,28.08,12.2339,0,0,0
2002-06-24,27.89,27.89,27.89,27.89,12.1511,0,0,0
2002-06-25,27.44,27.44,27.44,27.44,11.955,0,0,0
2002-06-26,26.92,26.92,26.92,26.92,11.7285,0,0,0
2002-06-27,27.23,27.23,27.23,27.23,11.8635,0,0,0
2002-06-28,27.89,27.89,27.89,27.89,12.1511,0,0,0
2002-07-01,27.17,27.17,27.17,27.17,11.8374,0,0,0
2002-07-02,26.33,26.33,26.33,26.33,11.4714,0,0,0
2002-07-03,26.48,26.48,26.48,26.48,11.5368,0,0,0
2002-07-05,27.05,27.05,27.05,27.05,11.7851,0,0,0
2002-07-08,26.93,26.93,26.93,26.93,11.7328,0,0,0
2002-07-09,26.43,26.43,26.43,26.43,11.515,0,0,0
2002-07-10,25.64,25.64,25.64,25.64,11.1708,0,0,0
2002-07-11,26.46,26.46,26.46,26.46,11.5281,0,0,0
2002-07-12,26.27,26.27,26.27,26.27,11.4453,0,0,0
2002-07-15,26.58,26.58,26.58,26.58,11.5803,0,0,0
2002-07-16,26.14,26.14,26.14,26.14,11.3886,0,0,0
2002-07-17,26.05,26.05,26.05,26.05,11.3494,0,0,0
2002-07-18,25.65,25.65,25.65,25.65,11.1752,0,0,0
2002-07-19,24.6,24.6,24.6,24.6,10.7177,0,0,0
2002-07-22,23.6,23.6,23.6,23.6,10.282,0,0,0
2002-07-23,22.17,22.17,22.17,22.17,9.65899,0,0,0
2002-07-24,23.26,23.26,23.26,23.26,10.1339,0,0,0
2002-07-25,23.36,23.36,23.36,23.36,10.1774,0,0,0
2002-07-26,23.3,23.3,23.3,23.3,10.1513,0,0,0
2002-07-29,24.09,24.09,24.09,24.09,10.4955,0,0,0
2002-07-30,24.92,24.92,24.92,24.92,10.8571,0,0,0
2002-07-31,25.49,25.49,25.49,25.49,11.1054,0,0,0
2002-08-01,25.01,25.01,25.01,25.01,10.8963,0,0,0
2002-08-02,24.9,24.9,24.9,24.9,10.8484,0,0,0
2002-08-05,24.44,24.44,24.44,24.44,10.648,0,0,0
2002-08-06,24.8,24.8,24.8,24.8,10.8048,0,0,0
2002-08-07,24.94,24.94,24.94,24.94,10.8658,0,0,0
2002-08-08,25.33,25.33,25.33,25.33,11.0357,0,0,0
2002-08-09,25.34,25.34,25.34,25.34,11.0401,0,0,0
2002-08-12,25.51,25.51,25.51,25.51,11.1142,0,0,0
2002-08-13,24.99,24.99,24.99,24.99,10.8876,0,0,0
2002-08-14,25.83,25.83,25.83,25.83,11.2536,0,0,0
2002-08-15,25.86,25.86,25.86,25.86,11.2666,0,0,0
2002-08-16,26.11,26.11,26.11,26.11,11.3756,0,0,0
2002-08-19,26.65,26.65,26.65,26.65,11.6108,0,0,0
2002-08-20,26.37,26.37,26.37,26.37,11.4888,0,0,0
2002-08-21,26.94,26.94,26.94,26.94,11.7372,0,0,0
2002-08-22,27.25,27.25,27.25,27.25,11.8722,0,0,0
2002-08-23,26.74,26.74,26.74,26.74,11.65,0,0,0
2002-08-26,27.2,27.2,27.2,27.2,11.8505,0,0,0
2002-08-27,26.82,26.82,26.82,26.82,11.6849,0,0,0
2002-08-28,26.43,26.43,26.43,26.43,11.515,0,0,0
2002-08-29,26.35,26.35,26.35,26.35,11.4801,0,0,0
2002-08-30,26.2,26.2,26.2,26.2,11.4148,0,0,0
2002-09-03,25.31,25.31,25.31,25.31,11.027,0,0,0
2002-09-04,25.55,25.55,25.55,25.55,11.1316,0,0,0
2002-09-05,25.24,25.24,25.24,25.24,10.9965,0,0,0
2002-09-06,25.6,25.6,25.6,25.6,11.1534,0,0,0
2002-09-09,25.62,25.62,25.62,25.62,11.1621,0,0,0
2002-09-10,25.53,25.53,25.53,25.53,11.1229,0,0,0
2002-09-11,25.76,25.76,25.76,25.76,11.2231,0,0,0
2002-09-12,25.27,25.27,25.27,25.27,11.0096,0,0,0
2002-09-13,25.43,25.43,25.43,25.43,11.0793,0,0,0
2002-09-16,25.26,25.26,25.26,25.26,11.0052,0,0,0
2002-09-17,24.69,24.69,24.69,24.69,10.7569,0,0,0
2002-09-18,24.87,24.87,24.87,24.87,10.8353,0,0,0
2002-09-19,24.36,24.36,24.36,24.36,10.6131,0,0,0
2002-09-20,24.34,24.34,24.34,24.34,10.6044,0,0,0
2002-09-23,24.13,24.13,24.13,24.13,10.5129,0,0,0
2002-09-24,23.58,23.58,23.58,23.58,10.2733,0,0,0
2002-09-25,24.16,24.16,24.16,24.16,10.526,0,0,0
2002-09-26,24.65,24.65,24.65,24.65,10.7395,0,0,0
2002-09-27,24.13,24.13,24.13,24.13,10.5129,0,0,0
2002-09-30,24,24,24,24,10.4563,0,0,0
2002-10-01,24.53,24.53,24.53,24.53,10.6872,0,0,0
2002-10-02,24.19,24.19,24.19,24.19,10.5391,0,0,0
2002-10-03,24.28,24.28,24.28,24.28,10.5783,0,0,0
2002-10-04,23.71,23.71,23.71,23.71,10.3299,0,0,0
2002-10-07,23.3,23.3,23.3,23.3,10.1513,0,0,0
2002-10-08,22.7,22.7,22.7,22.7,9.8899,0,0,0
2002-10-09,21.58,21.58,21.58,21.58,9.40194,0,0,0
2002-10-10,22.66,22.66,22.66,22.66,9.87247,0,0,0
2002-10-11,23.15,23.15,23.15,23.15,10.086,0,0,0
2002-10-14,23.14,23.14,23.14,23.14,10.0816,0,0,0
2002-10-15,23.51,23.51,23.51,23.51,10.2428,0,0,0
2002-10-16,22.89,22.89,22.89,22.89,9.97268,0,0,0
2002-10-17,23.45,23.45,23.45,23.45,10.2167,0,0,0
2002-10-18,23.45,23.45,23.45,23.45,10.2167,0,0,0
2002-10-21,24.06,24.06,24.06,24.06,10.4824,0,0,0
2002-10-22,24.24,24.24,24.24,24.24,10.5608,0,0,0
2002-10-23,24.64,24.64,24.64,24.64,10.7351,0,0,0
2002-10-24,24.65,24.65,24.65,24.65,10.7395,0,0,0
2002-10-25,24.83,24.83,24.83,24.83,10.8179,0,0,0
2002-10-28,25.25,25.25,25.25,25.25,11.0009,0,0,0
2002-10-29,24.92,24.92,24.92,24.92,10.8571,0,0,0
2002-10-30,25.5,25.5,25.5,25.5,11.1098,0,0,0
2002-10-31,25.36,25.36,25.36,25.36,11.0488,0,0,0
2002-11-01,25.84,25.84,25.84,25.84,11.2579,0,0,0
2002-11-04,26.3,26.3,26.3,26.3,11.4583,0,0,0
2002-11-05,26.34,26.34,26.34,26.34,11.4758,0,0,0
2002-11-06,26.34,26.34,26.34,26.34,11.4758,0,0,0
2002-11-07,25.75,25.75,25.75,25.75,11.2187,0,0,0
2002-11-08,25.45,25.45,25.45,25.45,11.088,0,0,0
2002-11-11,25.01,25.01,25.01,25.01,10.8963,0,0,0
2002-11-12,25.08,25.08,25.08,25.08,10.9268,0,0,0
2002-11-13,25.07,25.07,25.07,25.07,10.9225,0,0,0
2002-11-14,25.45,25.45,25.45,25.45,11.088,0,0,0
2002-11-15,25.98,25.98,25.98,25.98,11.3189,0,0,0
2002-11-18,25.86,25.86,25.86,25.86,11.2666,0,0,0
2002-11-19,25.69,25.69,25.69,25.69,11.1926,0,0,0
2002-11-20,26.15,26.15,26.15,26.15,11.393,0,0,0
2002-11-21,26.69,26.69,26.69,26.69,11.6283,0,0,0
2002-11-22,26.96,26.96,26.96,26.96,11.7459,0,0,0
2002-11-25,27.16,27.16,27.16,27.16,11.833,0,0,0
2002-11-26,26.55,26.55,26.55,26.55,11.5673,0,0,0
2002-11-27,27.09,27.09,27.09,27.09,11.8025,0,0,0
2002-11-29,27.09,27.09,27.09,27.09,11.8025,0,0,0
2002-12-02,27.05,27.05,27.05,27.05,11.7851,0,0,0
2002-12-03,26.81,26.81,26.81,26.81,11.6805,0,0,0
2002-12-04,26.51,26.51,26.51,26.51,11.5498,0,0,0
2002-12-05,26.26,26.26,26.26,26.26,11.4409,0,0,0
2002-12-06,26.45,26.45,26.45,26.45,11.5237,0,0,0
2002-12-09,26.02,26.02,26.02,26.02,11.3364,0,0,0
2002-12-10,26.32,26.32,26.32,26.32,11.4671,0,0,0
2002-12-11,26.5,26.5,26.5,26.5,11.5455,0,0,0
2002-12-12,26.63,26.63,26.63,26.63,11.6021,0,0,0
2002-12-13,26.33,26.33,26.33,26.33,11.6375,0,0.38,0
2002-12-16,26.75,26.75,26.75,26.75,11.8231,0,0,0
2002-12-17,26.85,26.85,26.85,26.85,11.8673,0,0,0
2002-12-18,26.64,26.64,26.64,26.64,11.7745,0,0,0
2002-12-19,26.44,26.44,26.44,26.44,11.6861,0,0,0
2002-12-20,26.78,26.78,26.78,26.78,11.8364,0,0,0
2002-12-23,26.74,26.74,26.74,26.74,11.8187,0,0,0
2002-12-24,26.62,26.62,26.62,26.62,11.7657,0,0,0
2002-12-26,26.71,26.71,26.71,26.71,11.8054,0,0,0
2002-12-27,26.29,26.29,26.29,26.29,11.6198,0,0,0
2002-12-30,26.37,26.37,26.37,26.37,11.6552,0,0,0
2002-12-31,26.4,26.4,26.4,26.4,11.6684,0,0,0
2003-01-02,27.07,27.07,27.07,27.07,11.9645,0,0,0
2003-01-03,27.18,27.18,27.18,27.18,12.0132,0,0,0
2003-01-06,28.42,28.42,28.42,28.42,12.5612,0,0,0
2003-01-07,27.93,27.93,27.93,27.93,12.3447,0,0,0
2003-01-08,27.5,27.5,27.5,27.5,12.1546,0,0,0
2003-01-09,27.61,27.61,27.61,27.61,12.2032,0,0,0
2003-01-10,27.56,27.56,27.56,27.56,12.1811,0,0,0
2003-01-13,27.44,27.44,27.44,27.44,12.1281,0,0,0
2003-01-14,27.69,27.69,27.69,27.69,12.2386,0,0,0
2003-01-15,27.47,27.47,27.47,27.47,12.1413,0,0,0
2003-01-16,27.26,27.26,27.26,27.26,12.0485,0,0,0
2003-01-17,26.82,26.82,26.82,26.82,11.8541,0,0,0
2003-01-21,26.43,26.43,26.43,26.43,11.6817,0,0,0
2003-01-22,26.3,26.3,26.3,26.3,11.6242,0,0,0
2003-01-23,26.12,26.12,26.12,26.12,11.5447,0,0,0
2003-01-24,25.5,25.5,25.5,25.5,11.2706,0,0,0
2003-01-27,25.13,25.13,25.13,25.13,11.1071,0,0,0
2003-01-28,25.49,25.49,25.49,25.49,11.2662,0,0,0
2003-01-29,25.68,25.68,25.68,25.68,11.3502,0,0,0
2003-01-30,25.38,25.38,25.38,25.38,11.2176,0,0,0
2003-01-31,25.64,25.64,25.64,25.64,11.3325,0,0,0
2003-02-03,25.86,25.86,25.86,25.86,11.4297,0,0,0
2003-02-04,25.69,25.69,25.69,25.69,11.3546,0,0,0
2003-02-05,25.45,25.45,25.45,25.45,11.2485,0,0,0
2003-02-06,25.24,25.24,25.24,25.24,11.1557,0,0,0
2003-02-07,24.89,24.89,24.89,24.89,11.001,0,0,0
2003-02-10,24.82,24.82,24.82,24.82,10.9701,0,0,0
2003-02-11,24.54,24.54,24.54,24.54,10.8463,0,0,0
2003-02-12,24.04,24.04,24.04,24.04,10.6253,0,0,0
2003-02-13,24.31,24.31,24.31,24.31,10.7447,0,0,0
2003-02-14,24.71,24.71,24.71,24.71,10.9215,0,0,0
2003-02-18,25.14,25.14,25.14,25.14,11.1115,0,0,0
2003-02-19,24.72,24.72,24.72,24.72,10.9259,0,0,0
2003-02-20,24.33,24.33,24.33,24.33,10.7535,0,0,0
2003-02-21,24.66,24.66,24.66,24.66,10.8994,0,0,0
2003-02-24,24.41,24.41,24.41,24.41,10.7889,0,0,0
2003-02-25,24.55,24.55,24.55,24.55,10.8507,0,0,0
2003-02-26,24.23,24.23,24.23,24.23,10.7093,0,0,0
2003-02-27,24.33,24.33,24.33,24.33,10.7535,0,0,0
2003-02-28,24.44,24.44,24.44,24.44,10.8021,0,0,0
2003-03-03,24.5,24.5,24.5,24.5,10.8286,0,0,0
2003-03-04,24.27,24.27,24.27,24.27,10.727,0,0,0
2003-03-05,24.52,24.52,24.52,24.52,10.8375,0,0,0
2003-03-06,24.36,24.36,24.36,24.36,10.7668,0,0,0
2003-03-07,24.34,24.34,24.34,24.34,10.7579,0,0,0
2003-03-10,23.78,23.78,23.78,23.78,10.5104,0,0,0
2003-03-11,23.56,23.56,23.56,23.56,10.4132,0,0,0
2003-03-12,23.67,23.67,23.67,23.67,10.4618,0,0,0
2003-03-13,24.51,24.51,24.51,24.51,10.8331,0,0,0
2003-03-14,24.61,24.61,24.61,24.61,10.8773,0,0,0
2003-03-17,25.24,25.24,25.24,25.24,11.1557,0,0,0
2003-03-18,25.38,25.38,25.38,25.38,11.2176,0,0,0
2003-03-19,25.47,25.47,25.47,25.47,11.2574,0,0,0
2003-03-20,25.4,25.4,25.4,25.4,11.2264,0,0,0
2003-03-21,25.84,25.84,25.84,25.84,11.4209,0,0,0
2003-03-24,25.18,25.18,25.18,25.18,11.1292,0,0,0
2003-03-25,25.55,25.55,25.55,25.55,11.2927,0,0,0
2003-03-26,25.43,25.43,25.43,25.43,11.2397,0,0,0
2003-03-27,25.47,25.47,25.47,25.47,11.2574,0,0,0
2003-03-28,25.4,25.4,25.4,25.4,11.2264,0,0,0
2003-03-31,25.16,25.16,25.16,25.16,11.1204,0,0,0
2003-04-01,25.53,25.53,25.53,25.53,11.2839,0,0,0
2003-04-02,26.03,26.03,26.03,26.03,11.5049,0,0,0
2003-04-03,25.83,25.83,25.83,25.83,11.4165,0,0,0
2003-04-04,26.1,26.1,26.1,26.1,11.5672,0,0.07,0
2003-04-07,26.18,26.18,26.18,26.18,11.6026,0,0,0
2003-04-08,26.03,26.03,26.03,26.03,11.5361,0,0,0
2003-04-09,25.75,25.75,25.75,25.75,11.4121,0,0,0
2003-04-10,25.83,25.83,25.83,25.83,11.4475,0,0,0
2003-04-11,25.7,25.7,25.7,25.7,11.3899,0,0,0
2003-04-14,26.2,26.2,26.2,26.2,11.6115,0,0,0
2003-04-15,26.38,26.38,26.38,26.38,11.6913,0,0,0
2003-04-16,26.06,26.06,26.06,26.06,11.5494,0,0,0
2003-04-17,26.26,26.26,26.26,26.26,11.6381,0,0,0
2003-04-21,26.15,26.15,26.15,26.15,11.5893,0,0,0
2003-04-22,26.46,26.46,26.46,26.46,11.7267,0,0,0
2003-04-23,26.94,26.94,26.94,26.94,11.9394,0,0,0
2003-04-24,27.14,27.14,27.14,27.14,12.0281,0,0,0
2003-04-25,26.95,26.95,26.95,26.95,11.9439,0,0,0
2003-04-28,27.53,27.53,27.53,27.53,12.2009,0,0,0
2003-04-29,27.62,27.62,27.62,27.62,12.2408,0,0,0
2003-04-30,27.84,27.84,27.84,27.84,12.3383,0,0,0
2003-05-01,27.74,27.74,27.74,27.74,12.294,0,0,0
2003-05-02,28.32,28.32,28.32,28.32,12.551,0,0,0
2003-05-05,28.06,28.06,28.06,28.06,12.4358,0,0,0
2003-05-06,28.26,28.26,28.26,28.26,12.5244,0,0,0
2003-05-07,28.13,28.13,28.13,28.13,12.4668,0,0,0
2003-05-08,27.89,27.89,27.89,27.89,12.3605,0,0,0
2003-05-09,28.32,28.32,28.32,28.32,12.551,0,0,0
2003-05-12,28.76,28.76,28.76,28.76,12.746,0,0,0
2003-05-13,28.64,28.64,28.64,28.64,12.6929,0,0,0
2003-05-14,28.73,28.73,28.73,28.73,12.7327,0,0,0
2003-05-15,28.95,28.95,28.95,28.95,12.8302,0,0,0
2003-05-16,29.34,29.34,29.34,29.34,13.0031,0,0,0
2003-05-19,28.94,28.94,28.94,28.94,12.8258,0,0,0
2003-05-20,29.11,29.11,29.11,29.11,12.9012,0,0,0
2003-05-21,28.96,28.96,28.96,28.96,12.8347,0,0,0
2003-05-22,29.35,29.35,29.35,29.35,13.0075,0,0,0
2003-05-23,30.07,30.07,30.07,30.07,13.3266,0,0,0
2003-05-27,30.53,30.53,30.53,30.53,13.5305,0,0,0
2003-05-28,30.34,30.34,30.34,30.34,13.4463,0,0,0
2003-05-29,30.25,30.25,30.25,30.25,13.4064,0,0,0
2003-05-30,30.5,30.5,30.5,30.5,13.5172,0,0,0
2003-06-02,30.82,30.82,30.82,30.82,13.659,0,0,0
2003-06-03,30.89,30.89,30.89,30.89,13.69,0,0,0
2003-06-04,31.33,31.33,31.33,31.33,13.885,0,0,0
2003-06-05,31.32,31.32,31.32,31.32,13.8806,0,0,0
2003-06-06,30.86,30.86,30.86,30.86,13.6767,0,0,0
2003-06-09,30.65,30.65,30.65,30.65,13.5837,0,0,0
2003-06-10,30.65,30.65,30.65,30.65,13.5837,0,0,0
2003-06-11,31.21,31.21,31.21,31.21,13.8318,0,0,0
2003-06-12,31.46,31.46,31.46,31.46,13.9426,0,0,0
2003-06-13,31.14,31.14,31.14,31.14,13.8008,0,0,0
2003-06-16,31.67,31.67,31.67,31.67,14.0357,0,0,0
2003-06-17,31.35,31.35,31.35,31.35,13.8939,0,0,0
2003-06-18,31.49,31.49,31.49,31.49,13.9559,0,0,0
2003-06-19,31.46,31.46,31.46,31.46,13.9426,0,0,0
2003-06-20,31.62,31.62,31.62,31.62,14.0136,0,0,0
2003-06-23,31.12,31.12,31.12,31.12,13.792,0,0,0
2003-06-24,31.11,31.11,31.11,31.11,13.7875,0,0,0
2003-06-25,31.03,31.03,31.03,31.03,13.7521,0,0,0
2003-06-26,31.35,31.35,31.35,31.35,13.8939,0,0,0
2003-06-27,31.01,31.01,31.01,31.01,13.7432,0,0,0
2003-06-30,30.99,30.99,30.99,30.99,13.7343,0,0,0
2003-07-01,31.12,31.12,31.12,31.12,13.792,0,0,0
2003-07-02,31.71,31.71,31.71,31.71,14.0534,0,0,0
2003-07-03,31.54,31.54,31.54,31.54,13.9781,0,0,0
2003-07-07,31.75,31.75,31.75,31.75,14.0712,0,0,0
2003-07-08,31.73,31.73,31.73,31.73,14.0623,0,0,0
2003-07-09,31.39,31.39,31.39,31.39,13.9116,0,0,0
2003-07-10,30.74,30.74,30.74,30.74,13.6236,0,0,0
2003-07-11,30.99,30.99,30.99,30.99,13.7343,0,0,0
2003-07-14,30.93,30.93,30.93,30.93,13.7078,0,0,0
2003-07-15,30.61,30.61,30.61,30.61,13.5659,0,0,0
2003-07-16,30.23,30.23,30.23,30.23,13.3975,0,0,0
2003-07-17,29.72,29.72,29.72,29.72,13.1715,0,0,0
2003-07-18,30.04,30.04,30.04,30.04,13.3133,0,0,0
2003-07-21,29.32,29.32,29.32,29.32,12.9942,0,0,0
2003-07-22,29.89,29.89,29.89,29.89,13.2468,0,0,0
2003-07-23,29.7,29.7,29.7,29.7,13.1626,0,0,0
2003-07-24,29.71,29.71,29.71,29.71,13.1671,0,0,0
2003-07-25,29.9,29.9,29.9,29.9,13.2513,0,0,0
2003-07-28,29.98,29.98,29.98,29.98,13.2867,0,0,0
2003-07-29,29.56,29.56,29.56,29.56,13.1006,0,0,0
2003-07-30,29.38,29.38,29.38,29.38,13.0208,0,0,0
2003-07-31,29.43,29.43,29.43,29.43,13.043,0,0,0
2003-08-01,29.15,29.15,29.15,29.15,12.9189,0,0,0
2003-08-04,29.39,29.39,29.39,29.39,13.0252,0,0,0
2003-08-05,28.81,28.81,28.81,28.81,12.7682,0,0,0
2003-08-06,29.06,29.06,29.06,29.06,12.879,0,0,0
2003-08-07,28.9,28.9,28.9,28.9,12.8081,0,0,0
2003-08-08,28.94,28.94,28.94,28.94,12.8258,0,0,0
2003-08-11,29.04,29.04,29.04,29.04,12.8701,0,0,0
2003-08-12,29.4,29.4,29.4,29.4,13.0297,0,0,0
2003-08-13,29.21,29.21,29.21,29.21,12.9455,0,0,0
2003-08-14,29.28,29.28,29.28,29.28,12.9765,0,0,0
2003-08-15,29.24,29.24,29.24,29.24,12.9588,0,0,0
2003-08-18,29.25,29.25,29.25,29.25,12.9632,0,0,0
2003-08-19,29.34,29.34,29.34,29.34,13.0031,0,0,0
2003-08-20,29.67,29.67,29.67,29.67,13.1493,0,0,0
2003-08-21,29.81,29.81,29.81,29.81,13.2114,0,0,0
2003-08-22,29.4,29.4,29.4,29.4,13.0297,0,0,0
2003-08-25,29.22,29.22,29.22,29.22,12.9499,0,0,0
2003-08-26,29.38,29.38,29.38,29.38,13.0208,0,0,0
2003-08-27,29.41,29.41,29.41,29.41,13.0341,0,0,0
2003-08-28,29.58,29.58,29.58,29.58,13.1095,0,0,0
2003-08-29,29.69,29.69,29.69,29.69,13.1582,0,0,0
2003-09-02,30.06,30.06,30.06,30.06,13.3222,0,0,0
2003-09-03,30.2,30.2,30.2,30.2,13.3842,0,0,0
2003-09-04,30.36,30.36,30.36,30.36,13.4551,0,0,0
2003-09-05,30.34,30.34,30.34,30.34,13.4463,0,0,0
2003-09-08,30.43,30.43,30.43,30.43,13.4862,0,0,0
2003-09-09,30.08,30.08,30.08,30.08,13.331,0,0,0
2003-09-10,30.08,30.08,30.08,30.08,13.331,0,0,0
2003-09-11,30.04,30.04,30.04,30.04,13.3133,0,0,0
2003-09-12,30.21,30.21,30.21,30.21,13.3887,0,0,0
2003-09-15,30,30,30,30,13.2956,0,0,0
2003-09-16,30.44,30.44,30.44,30.44,13.4906,0,0,0
2003-09-17,30.35,30.35,30.35,30.35,13.4507,0,0,0
2003-09-18,30.73,30.73,30.73,30.73,13.6191,0,0,0
2003-09-19,30.62,30.62,30.62,30.62,13.5704,0,0,0
2003-09-22,30.39,30.39,30.39,30.39,13.4684,0,0,0
2003-09-23,30.24,30.24,30.24,30.24,13.402,0,0,0
2003-09-24,29.6,29.6,29.6,29.6,13.1183,0,0,0
2003-09-25,29.58,29.58,29.58,29.58,13.1095,0,0,0
2003-09-26,29.67,29.67,29.67,29.67,13.1493,0,0,0
2003-09-29,29.82,29.82,29.82,29.82,13.2158,0,0,0
2003-09-30,29.75,29.75,29.75,29.75,13.1848,0,0,0
2003-10-01,30.12,30.12,30.12,30.12,13.3488,0,0,0
2003-10-02,30.27,30.27,30.27,30.27,13.4153,0,0,0
2003-10-03,30.68,30.68,30.68,30.68,13.597,0,0,0
2003-10-06,30.85,30.85,30.85,30.85,13.6723,0,0,0
2003-10-07,30.83,30.83,30.83,30.83,13.6634,0,0,0
2003-10-08,30.52,30.52,30.52,30.52,13.526,0,0,0
2003-10-09,30.57,30.57,30.57,30.57,13.5482,0,0,0
2003-10-10,30.5,30.5,30.5,30.5,13.5172,0,0,0
2003-10-13,30.52,30.52,30.52,30.52,13.526,0,0,0
2003-10-14,30.51,30.51,30.51,30.51,13.5216,0,0,0
2003-10-15,30.45,30.45,30.45,30.45,13.495,0,0,0
2003-10-16,30.75,30.75,30.75,30.75,13.628,0,0,0
2003-10-17,30.56,30.56,30.56,30.56,13.5438,0,0,0
2003-10-20,30.84,30.84,30.84,30.84,13.6679,0,0,0
2003-10-21,30.69,30.69,30.69,30.69,13.6014,0,0,0
2003-10-22,30.71,30.71,30.71,30.71,13.6103,0,0,0
2003-10-23,30.73,30.73,30.73,30.73,13.6191,0,0,0
2003-10-24,30.9,30.9,30.9,30.9,13.6945,0,0,0
2003-10-27,30.98,30.98,30.98,30.98,13.7299,0,0,0
2003-10-28,31.14,31.14,31.14,31.14,13.8008,0,0,0
2003-10-29,31.45,31.45,31.45,31.45,13.9382,0,0,0
2003-10-30,31.74,31.74,31.74,31.74,14.0667,0,0,0
2003-10-31,31.81,31.81,31.81,31.81,14.0978,0,0,0
2003-11-03,31.99,31.99,31.99,31.99,14.1775,0,0,0
2003-11-04,31.74,31.74,31.74,31.74,14.0667,0,0,0
2003-11-05,31.55,31.55,31.55,31.55,13.9825,0,0,0
2003-11-06,31.3,31.3,31.3,31.3,13.8717,0,0,0
2003-11-07,31.36,31.36,31.36,31.36,13.8983,0,0,0
2003-11-10,31.28,31.28,31.28,31.28,13.8629,0,0,0
2003-11-11,31.09,31.09,31.09,31.09,13.7787,0,0,0
2003-11-12,31.37,31.37,31.37,31.37,13.9028,0,0,0
2003-11-13,31.22,31.22,31.22,31.22,13.8363,0,0,0
2003-11-14,31.12,31.12,31.12,31.12,13.792,0,0,0
2003-11-17,30.82,30.82,30.82,30.82,13.659,0,0,0
2003-11-18,30.43,30.43,30.43,30.43,13.4862,0,0,0
2003-11-19,30.54,30.54,30.54,30.54,13.5349,0,0,0
2003-11-20,30.41,30.41,30.41,30.41,13.4773,0,0,0
2003-11-21,30.53,30.53,30.53,30.53,13.5305,0,0,0
2003-11-24,30.94,30.94,30.94,30.94,13.7122,0,0,0
2003-11-25,31.23,31.23,31.23,31.23,13.8407,0,0,0
2003-11-26,31.48,31.48,31.48,31.48,13.9515,0,0,0
2003-11-28,31.51,31.51,31.51,31.51,13.9648,0,0,0
2003-12-01,31.76,31.76,31.76,31.76,14.0756,0,0,0
2003-12-02,31.64,31.64,31.64,31.64,14.0224,0,0,0
2003-12-03,31.35,31.35,31.35,31.35,13.8939,0,0,0
2003-12-04,31.62,31.62,31.62,31.62,14.0136,0,0,0
2003-12-05,31.62,31.62,31.62,31.62,14.0136,0,0,0
2003-12-08,31.66,31.66,31.66,31.66,14.0313,0,0,0
2003-12-09,31.29,31.29,31.29,31.29,13.8673,0,0,0
2003-12-10,31.33,31.33,31.33,31.33,13.885,0,0,0
2003-12-11,31.84,31.84,31.84,31.84,14.1111,0,0,0
2003-12-12,31.44,31.44,31.44,31.44,14.0797,0,0.33,0
2003-12-15,31.36,31.36,31.36,31.36,14.0439,0,0,0
2003-12-16,31.44,31.44,31.44,31.44,14.0797,0,0,0
2003-12-17,31.63,31.63,31.63,31.63,14.1648,0,0,0
2003-12-18,31.99,31.99,31.99,31.99,14.326,0,0,0
2003-12-19,32,32,32,32,14.3305,0,0,0
2003-12-22,32.21,32.21,32.21,32.21,14.4245,0,0,0
2003-12-23,32.39,32.39,32.39,32.39,14.5051,0,0,0
2003-12-24,32.28,32.28,32.28,32.28,14.4559,0,0,0
2003-12-26,32.33,32.33,32.33,32.33,14.4783,0,0,0
2003-12-29,32.73,32.73,32.73,32.73,14.6574,0,0,0
2003-12-30,32.88,32.88,32.88,32.88,14.7246,0,0,0
2003-12-31,32.94,32.94,32.94,32.94,14.7514,0,0,0
2004-01-02,32.93,32.93,32.93,32.93,14.747,0,0,0
2004-01-05,33.49,33.49,33.49,33.49,14.9978,0,0,0
2004-01-06,33.6,33.6,33.6,33.6,15.047,0,0,0
2004-01-07,33.74,33.74,33.74,33.74,15.1097,0,0,0
2004-01-08,34.1,34.1,34.1,34.1,15.2709,0,0,0
2004-01-09,33.59,33.59,33.59,33.59,15.0425,0,0,0
2004-01-12,33.73,33.73,33.73,33.73,15.1052,0,0,0
2004-01-13,33.59,33.59,33.59,33.59,15.0425,0,0,0
2004-01-14,33.76,33.76,33.76,33.76,15.1187,0,0,0
2004-01-15,33.53,33.53,33.53,33.53,15.0157,0,0,0
2004-01-16,33.52,33.52,33.52,33.52,15.0112,0,0,0
2004-01-20,33.73,33.73,33.73,33.73,15.1052,0,0,0
2004-01-21,33.95,33.95,33.95,33.95,15.2038,0,0,0
2004-01-22,33.89,33.89,33.89,33.89,15.1769,0,0,0
2004-01-23,33.98,33.98,33.98,33.98,15.2172,0,0,0
2004-01-26,34.01,34.01,34.01,34.01,15.2306,0,0,0
2004-01-27,33.69,33.69,33.69,33.69,15.0873,0,0,0
2004-01-28,33.37,33.37,33.37,33.37,14.944,0,0,0
2004-01-29,33.26,33.26,33.26,33.26,14.8948,0,0,0
2004-01-30,33.22,33.22,33.22,33.22,14.8768,0,0,0
2004-02-02,33.48,33.48,33.48,33.48,14.9933,0,0,0
2004-02-03,33.51,33.51,33.51,33.51,15.0067,0,0,0
2004-02-04,33.09,33.09,33.09,33.09,14.8186,0,0,0
2004-02-05,33.14,33.14,33.14,33.14,14.841,0,0,0
2004-02-06,33.68,33.68,33.68,33.68,15.0828,0,0,0
2004-02-09,33.74,33.74,33.74,33.74,15.1097,0,0,0
2004-02-10,33.97,33.97,33.97,33.97,15.2127,0,0,0
2004-02-11,34.29,34.29,34.29,34.29,15.356,0,0,0
2004-02-12,34,34,34,34,15.2262,0,0,0
2004-02-13,33.83,33.83,33.83,33.83,15.15,0,0,0
2004-02-17,34.49,34.49,34.49,34.49,15.4456,0,0,0
2004-02-18,34.14,34.14,34.14,34.14,15.2889,0,0,0
2004-02-19,33.58,33.58,33.58,33.58,15.0381,0,0,0
2004-02-20,33.42,33.42,33.42,33.42,14.9664,0,0,0
2004-02-23,33.53,33.53,33.53,33.53,15.0157,0,0,0
2004-02-24,33.6,33.6,33.6,33.6,15.047,0,0,0
2004-02-25,33.6,33.6,33.6,33.6,15.047,0,0,0
2004-02-26,33.68,33.68,33.68,33.68,15.0828,0,0,0
2004-02-27,33.94,33.94,33.94,33.94,15.1993,0,0,0
2004-03-01,34.27,34.27,34.27,34.27,15.3471,0,0,0
2004-03-02,34.58,34.58,34.58,34.58,15.4859,0,0,0
2004-03-03,34.42,34.42,34.42,34.42,15.4142,0,0,0
2004-03-04,34.62,34.62,34.62,34.62,15.5038,0,0,0
2004-03-05,34.47,34.47,34.47,34.47,15.4366,0,0,0
2004-03-08,34.31,34.31,34.31,34.31,15.365,0,0,0
2004-03-09,34.27,34.27,34.27,34.27,15.3471,0,0,0
2004-03-10,33.6,33.6,33.6,33.6,15.047,0,0,0
2004-03-11,33.18,33.18,33.18,33.18,14.8589,0,0,0
2004-03-12,33.52,33.52,33.52,33.52,15.0112,0,0,0
2004-03-15,33.16,33.16,33.16,33.16,14.85,0,0,0
2004-03-16,33.36,33.36,33.36,33.36,14.9395,0,0,0
2004-03-17,33.87,33.87,33.87,33.87,15.1679,0,0,0
2004-03-18,33.78,33.78,33.78,33.78,15.1276,0,0,0
2004-03-19,33.63,33.63,33.63,33.63,15.0604,0,0,0
2004-03-22,33.13,33.13,33.13,33.13,14.8365,0,0,0
2004-03-23,32.91,32.91,32.91,32.91,14.738,0,0,0
2004-03-24,32.73,32.73,32.73,32.73,14.6574,0,0,0
2004-03-25,33.08,33.08,33.08,33.08,14.8141,0,0,0
2004-03-26,32.96,32.96,32.96,32.96,14.7604,0,0,0
2004-03-29,33.26,33.26,33.26,33.26,14.8948,0,0,0
2004-03-30,33.37,33.37,33.37,33.37,14.944,0,0,0
2004-03-31,33.57,33.57,33.57,33.57,15.0336,0,0,0
2004-04-01,33.75,33.75,33.75,33.75,15.1142,0,0,0
2004-04-02,33.73,33.73,33.73,33.73,15.1636,0,0.13,0
2004-04-05,34.06,34.06,34.06,34.06,15.312,0,0,0
2004-04-06,34.08,34.08,34.08,34.08,15.321,0,0,0
2004-04-07,33.77,33.77,33.77,33.77,15.1816,0,0,0
2004-04-08,33.79,33.79,33.79,33.79,15.1906,0,0,0
2004-04-12,33.63,33.63,33.63,33.63,15.1187,0,0,0
2004-04-13,33.17,33.17,33.17,33.17,14.9119,0,0,0
2004-04-14,33.05,33.05,33.05,33.05,14.8579,0,0,0
2004-04-15,33.19,33.19,33.19,33.19,14.9209,0,0,0
2004-04-16,33.22,33.22,33.22,33.22,14.9344,0,0,0
2004-04-19,33.42,33.42,33.42,33.42,15.0243,0,0,0
2004-04-20,33.3,33.3,33.3,33.3,14.9703,0,0,0
2004-04-21,33.55,33.55,33.55,33.55,15.0827,0,0,0
2004-04-22,34.01,34.01,34.01,34.01,15.2895,0,0,0
2004-04-23,34.06,34.06,34.06,34.06,15.312,0,0,0
2004-04-26,34.33,34.33,34.33,34.33,15.4334,0,0,0
2004-04-27,34.24,34.24,34.24,34.24,15.3929,0,0,0
2004-04-28,33.99,33.99,33.99,33.99,15.2805,0,0,0
2004-04-29,33.76,33.76,33.76,33.76,15.1771,0,0,0
2004-04-30,33.55,33.55,33.55,33.55,15.0827,0,0,0
2004-05-03,33.87,33.87,33.87,33.87,15.2266,0,0,0
2004-05-04,34.07,34.07,34.07,34.07,15.3165,0,0,0
2004-05-05,34.17,34.17,34.17,34.17,15.3614,0,0,0
2004-05-06,34.05,34.05,34.05,34.05,15.3075,0,0,0
2004-05-07,33.34,33.34,33.34,33.34,14.9883,0,0,0
2004-05-10,32.76,32.76,32.76,32.76,14.7276,0,0,0
2004-05-11,32.95,32.95,32.95,32.95,14.813,0,0,0
2004-05-12,32.86,32.86,32.86,32.86,14.7725,0,0,0
2004-05-13,32.98,32.98,32.98,32.98,14.8265,0,0,0
2004-05-14,32.88,32.88,32.88,32.88,14.7815,0,0,0
2004-05-17,32.36,32.36,32.36,32.36,14.5477,0,0,0
2004-05-18,32.83,32.83,32.83,32.83,14.759,0,0,0
2004-05-19,32.84,32.84,32.84,32.84,14.7635,0,0,0
2004-05-20,32.95,32.95,32.95,32.95,14.813,0,0,0
2004-05-21,32.9,32.9,32.9,32.9,14.7905,0,0,0
2004-05-24,32.95,32.95,32.95,32.95,14.813,0,0,0
2004-05-25,33.32,33.32,33.32,33.32,14.9793,0,0,0
2004-05-26,33.13,33.13,33.13,33.13,14.8939,0,0,0
2004-05-27,33.41,33.41,33.41,33.41,15.0198,0,0,0
2004-05-28,33.36,33.36,33.36,33.36,14.9973,0,0,0
2004-06-01,33.29,33.29,33.29,33.29,14.9658,0,0,0
2004-06-02,33.41,33.41,33.41,33.41,15.0198,0,0,0
2004-06-03,33.08,33.08,33.08,33.08,14.8714,0,0,0
2004-06-04,33.22,33.22,33.22,33.22,14.9344,0,0,0
2004-06-07,33.73,33.73,33.73,33.73,15.1636,0,0,0
2004-06-08,33.62,33.62,33.62,33.62,15.1142,0,0,0
2004-06-09,33.55,33.55,33.55,33.55,15.0827,0,0,0
2004-06-10,33.78,33.78,33.78,33.78,15.1861,0,0,0
2004-06-14,33.49,33.49,33.49,33.49,15.0557,0,0,0
2004-06-15,33.68,33.68,33.68,33.68,15.1412,0,0,0
2004-06-16,33.75,33.75,33.75,33.75,15.1726,0,0,0
2004-06-17,34,34,34,34,15.285,0,0,0
2004-06-18,34.12,34.12,34.12,34.12,15.339,0,0,0
2004-06-21,33.99,33.99,33.99,33.99,15.2805,0,0,0
2004-06-22,33.97,33.97,33.97,33.97,15.2715,0,0,0
2004-06-23,34.37,34.37,34.37,34.37,15.4514,0,0,0
2004-06-24,34.07,34.07,34.07,34.07,15.3165,0,0,0
2004-06-25,34.17,34.17,34.17,34.17,15.3614,0,0,0
2004-06-28,34.1,34.1,34.1,34.1,15.33,0,0,0
2004-06-29,34.2,34.2,34.2,34.2,15.3749,0,0,0
2004-06-30,34.37,34.37,34.37,34.37,15.4514,0,0,0
2004-07-01,34.25,34.25,34.25,34.25,15.3974,0,0,0
2004-07-02,34.43,34.43,34.43,34.43,15.4783,0,0,0
2004-07-06,34.21,34.21,34.21,34.21,15.3794,0,0,0
2004-07-07,34.45,34.45,34.45,34.45,15.4873,0,0,0
2004-07-08,34.11,34.11,34.11,34.11,15.3345,0,0,0
2004-07-09,33.98,33.98,33.98,33.98,15.276,0,0,0
2004-07-12,34.22,34.22,34.22,34.22,15.3839,0,0,0
2004-07-13,34.21,34.21,34.21,34.21,15.3794,0,0,0
2004-07-14,34.32,34.32,34.32,34.32,15.4289,0,0,0
2004-07-15,34.11,34.11,34.11,34.11,15.3345,0,0,0
2004-07-16,34.18,34.18,34.18,34.18,15.3659,0,0,0
2004-07-19,34.18,34.18,34.18,34.18,15.3659,0,0,0
2004-07-20,34.41,34.41,34.41,34.41,15.4694,0,0,0
2004-07-21,33.83,33.83,33.83,33.83,15.2086,0,0,0
2004-07-22,34.01,34.01,34.01,34.01,15.2895,0,0,0
2004-07-23,33.96,33.96,33.96,33.96,15.267,0,0,0
2004-07-26,34.03,34.03,34.03,34.03,15.2985,0,0,0
2004-07-27,34.58,34.58,34.58,34.58,15.5458,0,0,0
2004-07-28,34.78,34.78,34.78,34.78,15.6357,0,0,0
2004-07-29,34.79,34.79,34.79,34.79,15.6402,0,0,0
2004-07-30,34.77,34.77,34.77,34.77,15.6312,0,0,0
2004-08-02,35.02,35.02,35.02,35.02,15.7436,0,0,0
2004-08-03,34.74,34.74,34.74,34.74,15.6177,0,0,0
2004-08-04,34.71,34.71,34.71,34.71,15.6042,0,0,0
2004-08-05,34.3,34.3,34.3,34.3,15.4199,0,0,0
2004-08-06,34,34,34,34,15.285,0,0,0
2004-08-09,33.89,33.89,33.89,33.89,15.2356,0,0,0
2004-08-10,34.47,34.47,34.47,34.47,15.4963,0,0,0
2004-08-11,34.56,34.56,34.56,34.56,15.5368,0,0,0
2004-08-12,34.49,34.49,34.49,34.49,15.5053,0,0,0
2004-08-13,34.5,34.5,34.5,34.5,15.5098,0,0,0
2004-08-16,34.84,34.84,34.84,34.84,15.6626,0,0,0
2004-08-17,34.75,34.75,34.75,34.75,15.6222,0,0,0
2004-08-18,35.03,35.03,35.03,35.03,15.7481,0,0,0
2004-08-19,34.91,34.91,34.91,34.91,15.6941,0,0,0
2004-08-20,35.13,35.13,35.13,35.13,15.793,0,0,0
2004-08-23,35.02,35.02,35.02,35.02,15.7436,0,0,0
2004-08-24,34.92,34.92,34.92,34.92,15.6986,0,0,0
2004-08-25,35.11,35.11,35.11,35.11,15.784,0,0,0
2004-08-26,35.08,35.08,35.08,35.08,15.7705,0,0,0
2004-08-27,35.2,35.2,35.2,35.2,15.8245,0,0,0
2004-08-30,35.09,35.09,35.09,35.09,15.775,0,0,0
2004-08-31,35.38,35.38,35.38,35.38,15.9054,0,0,0
2004-09-01,35.53,35.53,35.53,35.53,15.9728,0,0,0
2004-09-02,35.84,35.84,35.84,35.84,16.1122,0,0,0
2004-09-03,35.73,35.73,35.73,35.73,16.0628,0,0,0
2004-09-07,36.03,36.03,36.03,36.03,16.1976,0,0,0
2004-09-08,35.78,35.78,35.78,35.78,16.0852,0,0,0
2004-09-09,35.95,35.95,35.95,35.95,16.1617,0,0,0
2004-09-10,36.15,36.15,36.15,36.15,16.2516,0,0,0
2004-09-13,36.28,36.28,36.28,36.28,16.31,0,0,0
2004-09-14,36.43,36.43,36.43,36.43,16.3775,0,0,0
2004-09-15,36.17,36.17,36.17,36.17,16.2606,0,0,0
2004-09-16,36.38,36.38,36.38,36.38,16.355,0,0,0
2004-09-17,36.51,36.51,36.51,36.51,16.4134,0,0,0
2004-09-20,36.31,36.31,36.31,36.31,16.3235,0,0,0
2004-09-21,36.5,36.5,36.5,36.5,16.4089,0,0,0
2004-09-22,36.25,36.25,36.25,36.25,16.2965,0,0,0
2004-09-23,36.28,36.28,36.28,36.28,16.31,0,0,0
2004-09-24,36.4,36.4,36.4,36.4,16.364,0,0,0
2004-09-27,36.22,36.22,36.22,36.22,16.283,0,0,0
2004-09-28,36.37,36.37,36.37,36.37,16.3505,0,0,0
2004-09-29,36.37,36.37,36.37,36.37,16.3505,0,0,0
2004-09-30,36.56,36.56,36.56,36.56,16.4359,0,0,0
2004-10-01,37,37,37,37,16.6337,0,0,0
2004-10-04,37.33,37.33,37.33,37.33,16.7821,0,0,0
2004-10-05,37.52,37.52,37.52,37.52,16.8675,0,0,0
2004-10-06,37.76,37.76,37.76,37.76,16.9754,0,0,0
2004-10-07,37.47,37.47,37.47,37.47,16.845,0,0,0
2004-10-08,37.4,37.4,37.4,37.4,16.8135,0,0,0
2004-10-11,37.58,37.58,37.58,37.58,16.8944,0,0,0
2004-10-12,37.79,37.79,37.79,37.79,16.9889,0,0,0
2004-10-13,37.51,37.51,37.51,37.51,16.863,0,0,0
2004-10-14,37.42,37.42,37.42,37.42,16.8225,0,0,0
2004-10-15,37.71,37.71,37.71,37.71,16.9529,0,0,0
2004-10-18,37.9,37.9,37.9,37.9,17.0383,0,0,0
2004-10-19,37.6,37.6,37.6,37.6,16.9034,0,0,0
2004-10-20,37.59,37.59,37.59,37.59,16.8989,0,0,0
2004-10-21,37.43,37.43,37.43,37.43,16.827,0,0,0
2004-10-22,37.32,37.32,37.32,37.32,16.7776,0,0,0
2004-10-25,37.85,37.85,37.85,37.85,17.0158,0,0,0
2004-10-26,38.09,38.09,38.09,38.09,17.1237,0,0,0
2004-10-27,38.17,38.17,38.17,38.17,17.1597,0,0,0
2004-10-28,38.17,38.17,38.17,38.17,17.1597,0,0,0
2004-10-29,38.32,38.32,38.32,38.32,17.2271,0,0,0
2004-11-01,38.48,38.48,38.48,38.48,17.2991,0,0,0
2004-11-02,38.19,38.19,38.19,38.19,17.1687,0,0,0
2004-11-03,38.54,38.54,38.54,38.54,17.326,0,0,0
2004-11-04,39.07,39.07,39.07,39.07,17.5643,0,0,0
2004-11-05,39.12,39.12,39.12,39.12,17.5868,0,0,0
2004-11-08,39.29,39.29,39.29,39.29,17.6632,0,0,0
2004-11-09,39.42,39.42,39.42,39.42,17.7216,0,0,0
2004-11-10,39.38,39.38,39.38,39.38,17.7037,0,0,0
2004-11-11,39.83,39.83,39.83,39.83,17.906,0,0,0
2004-11-12,40.31,40.31,40.31,40.31,18.1217,0,0,0
2004-11-15,40.14,40.14,40.14,40.14,18.0453,0,0,0
2004-11-16,40.12,40.12,40.12,40.12,18.0363,0,0,0
2004-11-17,40.05,40.05,40.05,40.05,18.0049,0,0,0
2004-11-18,39.99,39.99,39.99,39.99,17.9779,0,0,0
2004-11-19,39.63,39.63,39.63,39.63,17.816,0,0,0
2004-11-22,40,40,40,40,17.9824,0,0,0
2004-11-23,40.01,40.01,40.01,40.01,17.9869,0,0,0
2004-11-24,40.08,40.08,40.08,40.08,18.0183,0,0,0
2004-11-26,40.11,40.11,40.11,40.11,18.0318,0,0,0
2004-11-29,40.01,40.01,40.01,40.01,17.9869,0,0,0
2004-11-30,39.68,39.68,39.68,39.68,17.8385,0,0,0
2004-12-01,40.05,40.05,40.05,40.05,18.0049,0,0,0
2004-12-02,40.08,40.08,40.08,40.08,18.0183,0,0,0
2004-12-03,40.12,40.12,40.12,40.12,18.0363,0,0,0
2004-12-06,40.12,40.12,40.12,40.12,18.0363,0,0,0
2004-12-07,39.68,39.68,39.68,39.68,17.8385,0,0,0
2004-12-08,39.54,39.54,39.54,39.54,17.7756,0,0,0
2004-12-09,39.8,39.8,39.8,39.8,17.8925,0,0,0
2004-12-10,39.42,39.42,39.42,39.42,17.9425,0,0.49,0
2004-12-13,39.85,39.85,39.85,39.85,18.1383,0,0,0
2004-12-14,39.96,39.96,39.96,39.96,18.1883,0,0,0
2004-12-15,39.88,39.88,39.88,39.88,18.1519,0,0,0
2004-12-16,39.95,39.95,39.95,39.95,18.1838,0,0,0
2004-12-17,39.97,39.97,39.97,39.97,18.1929,0,0,0
2004-12-20,40.12,40.12,40.12,40.12,18.2612,0,0,0
2004-12-21,40.43,40.43,40.43,40.43,18.4023,0,0,0
2004-12-22,40.44,40.44,40.44,40.44,18.4068,0,0,0
2004-12-23,40.34,40.34,40.34,40.34,18.3613,0,0,0
2004-12-27,40.2,40.2,40.2,40.2,18.2976,0,0,0
2004-12-28,40.36,40.36,40.36,40.36,18.3704,0,0,0
2004-12-29,40.33,40.33,40.33,40.33,18.3567,0,0,0
2004-12-30,40.36,40.36,40.36,40.36,18.3704,0,0,0
2004-12-31,40.26,40.26,40.26,40.26,18.3249,0,0,0
2005-01-03,39.97,39.97,39.97,39.97,18.1929,0,0,0
2005-01-04,39.45,39.45,39.45,39.45,17.9562,0,0,0
2005-01-05,39.36,39.36,39.36,39.36,17.9152,0,0,0
2005-01-06,39.6,39.6,39.6,39.6,18.0245,0,0,0
2005-01-07,39.63,39.63,39.63,39.63,18.0381,0,0,0
2005-01-10,39.69,39.69,39.69,39.69,18.0654,0,0,0
2005-01-11,39.47,39.47,39.47,39.47,17.9653,0,0,0
2005-01-12,39.47,39.47,39.47,39.47,17.9653,0,0,0
2005-01-13,39.31,39.31,39.31,39.31,17.8925,0,0,0
2005-01-14,39.52,39.52,39.52,39.52,17.9881,0,0,0
2005-01-18,39.88,39.88,39.88,39.88,18.1519,0,0,0
2005-01-19,39.62,39.62,39.62,39.62,18.0336,0,0,0
2005-01-20,39.28,39.28,39.28,39.28,17.8788,0,0,0
2005-01-21,39.28,39.28,39.28,39.28,17.8788,0,0,0
2005-01-24,39.28,39.28,39.28,39.28,17.8788,0,0,0
2005-01-25,38.96,38.96,38.96,38.96,17.7332,0,0,0
2005-01-26,39.19,39.19,39.19,39.19,17.8378,0,0,0
2005-01-27,39.03,39.03,39.03,39.03,17.765,0,0,0
2005-01-28,39.12,39.12,39.12,39.12,17.806,0,0,0
2005-01-31,39.29,39.29,39.29,39.29,17.8834,0,0,0
2005-02-01,39.58,39.58,39.58,39.58,18.0154,0,0,0
2005-02-02,39.76,39.76,39.76,39.76,18.0973,0,0,0
2005-02-03,39.9,39.9,39.9,39.9,18.161,0,0,0
2005-02-04,40.49,40.49,40.49,40.49,18.4296,0,0,0
2005-02-07,40.25,40.25,40.25,40.25,18.3203,0,0,0
2005-02-08,40.4,40.4,40.4,40.4,18.3886,0,0,0
2005-02-09,39.94,39.94,39.94,39.94,18.1792,0,0,0
2005-02-10,39.8,39.8,39.8,39.8,18.1155,0,0,0
2005-02-11,39.99,39.99,39.99,39.99,18.202,0,0,0
2005-02-14,40.23,40.23,40.23,40.23,18.3112,0,0,0
2005-02-15,40.21,40.21,40.21,40.21,18.3021,0,0,0
2005-02-16,40.35,40.35,40.35,40.35,18.3658,0,0,0
2005-02-17,40,40,40,40,18.2065,0,0,0
2005-02-18,39.83,39.83,39.83,39.83,18.1292,0,0,0
2005-02-22,39.27,39.27,39.27,39.27,17.8743,0,0,0
2005-02-23,39.57,39.57,39.57,39.57,18.0108,0,0,0
2005-02-24,39.85,39.85,39.85,39.85,18.1383,0,0,0
2005-02-25,40.27,40.27,40.27,40.27,18.3294,0,0,0
2005-02-28,40.04,40.04,40.04,40.04,18.2247,0,0,0
2005-03-01,40.36,40.36,40.36,40.36,18.3704,0,0,0
2005-03-02,40.37,40.37,40.37,40.37,18.3749,0,0,0
2005-03-03,40.4,40.4,40.4,40.4,18.3886,0,0,0
2005-03-04,40.76,40.76,40.76,40.76,18.5525,0,0,0
2005-03-07,40.85,40.85,40.85,40.85,18.5934,0,0,0
2005-03-08,40.5,40.5,40.5,40.5,18.4341,0,0,0
2005-03-09,40.08,40.08,40.08,40.08,18.2429,0,0,0
2005-03-10,40.11,40.11,40.11,40.11,18.2566,0,0,0
2005-03-11,40.04,40.04,40.04,40.04,18.2247,0,0,0
2005-03-14,40.39,40.39,40.39,40.39,18.384,0,0,0
2005-03-15,40.1,40.1,40.1,40.1,18.2521,0,0,0
2005-03-16,39.85,39.85,39.85,39.85,18.1383,0,0,0
2005-03-17,40.01,40.01,40.01,40.01,18.2111,0,0,0
2005-03-18,39.99,39.99,39.99,39.99,18.202,0,0,0
2005-03-21,39.88,39.88,39.88,39.88,18.1519,0,0,0
2005-03-22,39.33,39.33,39.33,39.33,17.9016,0,0,0
2005-03-23,39.27,39.27,39.27,39.27,17.8743,0,0,0
2005-03-24,39.41,39.41,39.41,39.41,17.938,0,0,0
2005-03-28,39.49,39.49,39.49,39.49,17.9744,0,0,0
2005-03-29,39.2,39.2,39.2,39.2,17.8424,0,0,0
2005-03-30,39.68,39.68,39.68,39.68,18.0609,0,0,0
2005-03-31,40.02,40.02,40.02,40.02,18.2156,0,0,0
2005-04-01,40,40,40,40,18.2065,0,0,0
2005-04-04,40.27,40.27,40.27,40.27,18.3294,0,0,0
2005-04-05,40.55,40.55,40.55,40.55,18.4569,0,0,0
2005-04-06,40.47,40.47,40.47,40.47,18.4205,0,0,0
2005-04-07,40.76,40.76,40.76,40.76,18.5525,0,0,0
2005-04-08,40.4,40.4,40.4,40.4,18.4474,0,0.13,0
2005-04-11,40.51,40.51,40.51,40.51,18.4977,0,0,0
2005-04-12,40.82,40.82,40.82,40.82,18.6392,0,0,0
2005-04-13,40.48,40.48,40.48,40.48,18.484,0,0,0
2005-04-14,40.03,40.03,40.03,40.03,18.2785,0,0,0
2005-04-15,39.25,39.25,39.25,39.25,17.9223,0,0,0
2005-04-18,39.42,39.42,39.42,39.42,17.9999,0,0,0
2005-04-19,39.74,39.74,39.74,39.74,18.1461,0,0,0
2005-04-20,39.39,39.39,39.39,39.39,17.9862,0,0,0
2005-04-21,39.88,39.88,39.88,39.88,18.21,0,0,0
2005-04-22,39.86,39.86,39.86,39.86,18.2009,0,0,0
2005-04-25,40.1,40.1,40.1,40.1,18.3104,0,0,0
2005-04-26,39.79,39.79,39.79,39.79,18.1689,0,0,0
2005-04-27,40.19,40.19,40.19,40.19,18.3515,0,0,0
2005-04-28,39.99,39.99,39.99,39.99,18.2602,0,0,0
2005-04-29,40.27,40.27,40.27,40.27,18.3881,0,0,0
2005-05-02,40.12,40.12,40.12,40.12,18.3196,0,0,0
2005-05-03,39.92,39.92,39.92,39.92,18.2283,0,0,0
2005-05-04,40.15,40.15,40.15,40.15,18.3333,0,0,0
2005-05-05,39.95,39.95,39.95,39.95,18.242,0,0,0
2005-05-06,39.81,39.81,39.81,39.81,18.178,0,0,0
2005-05-09,39.98,39.98,39.98,39.98,18.2557,0,0,0
2005-05-10,39.74,39.74,39.74,39.74,18.1461,0,0,0
2005-05-11,39.83,39.83,39.83,39.83,18.1872,0,0,0
2005-05-12,39.51,39.51,39.51,39.51,18.041,0,0,0
2005-05-13,39.07,39.07,39.07,39.07,17.8401,0,0,0
2005-05-16,39.32,39.32,39.32,39.32,17.9543,0,0,0
2005-05-17,39.73,39.73,39.73,39.73,18.1415,0,0,0
2005-05-18,40.03,40.03,40.03,40.03,18.2785,0,0,0
2005-05-19,40.32,40.32,40.32,40.32,18.4109,0,0,0
2005-05-20,40.24,40.24,40.24,40.24,18.3744,0,0,0
2005-05-23,40.25,40.25,40.25,40.25,18.3789,0,0,0
2005-05-24,40.24,40.24,40.24,40.24,18.3744,0,0,0
2005-05-25,40.2,40.2,40.2,40.2,18.3561,0,0,0
2005-05-26,40.52,40.52,40.52,40.52,18.5022,0,0,0
2005-05-27,40.71,40.71,40.71,40.71,18.589,0,0,0
2005-05-31,40.81,40.81,40.81,40.81,18.6346,0,0,0
2005-06-01,41.03,41.03,41.03,41.03,18.7351,0,0,0
2005-06-02,41.23,41.23,41.23,41.23,18.8264,0,0,0
2005-06-03,41.2,41.2,41.2,41.2,18.8127,0,0,0
2005-06-06,41.12,41.12,41.12,41.12,18.7762,0,0,0
2005-06-07,41.2,41.2,41.2,41.2,18.8127,0,0,0
2005-06-08,41.21,41.21,41.21,41.21,18.8173,0,0,0
2005-06-09,41.19,41.19,41.19,41.19,18.8082,0,0,0
2005-06-10,41.42,41.42,41.42,41.42,18.9132,0,0,0
2005-06-13,41.71,41.71,41.71,41.71,19.0456,0,0,0
2005-06-14,41.74,41.74,41.74,41.74,19.0593,0,0,0
2005-06-15,41.72,41.72,41.72,41.72,19.0502,0,0,0
2005-06-16,41.66,41.66,41.66,41.66,19.0228,0,0,0
2005-06-17,41.87,41.87,41.87,41.87,19.1187,0,0,0
2005-06-20,42.01,42.01,42.01,42.01,19.1826,0,0,0
2005-06-21,41.95,41.95,41.95,41.95,19.1552,0,0,0
2005-06-22,42.13,42.13,42.13,42.13,19.2374,0,0,0
2005-06-23,41.97,41.97,41.97,41.97,19.1643,0,0,0
2005-06-24,41.9,41.9,41.9,41.9,19.1324,0,0,0
2005-06-27,41.95,41.95,41.95,41.95,19.1552,0,0,0
2005-06-28,42.34,42.34,42.34,42.34,19.3333,0,0,0
2005-06-29,42.38,42.38,42.38,42.38,19.3515,0,0,0
2005-06-30,42.42,42.42,42.42,42.42,19.3698,0,0,0
2005-07-01,42.63,42.63,42.63,42.63,19.4657,0,0,0
2005-07-05,42.79,42.79,42.79,42.79,19.5388,0,0,0
2005-07-06,42.4,42.4,42.4,42.4,19.3607,0,0,0
2005-07-07,42.5,42.5,42.5,42.5,19.4063,0,0,0
2005-07-08,42.89,42.89,42.89,42.89,19.5844,0,0,0
2005-07-11,43.13,43.13,43.13,43.13,19.694,0,0,0
2005-07-12,43.2,43.2,43.2,43.2,19.726,0,0,0
2005-07-13,43.27,43.27,43.27,43.27,19.7579,0,0,0
2005-07-14,43.14,43.14,43.14,43.14,19.6986,0,0,0
2005-07-15,43.14,43.14,43.14,43.14,19.6986,0,0,0
2005-07-18,42.83,42.83,42.83,42.83,19.557,0,0,0
2005-07-19,42.98,42.98,42.98,42.98,19.6255,0,0,0
2005-07-20,43.12,43.12,43.12,43.12,19.6894,0,0,0
2005-07-21,42.62,42.62,42.62,42.62,19.4611,0,0,0
2005-07-22,42.84,42.84,42.84,42.84,19.5616,0,0,0
2005-07-25,42.77,42.77,42.77,42.77,19.5296,0,0,0
2005-07-26,42.93,42.93,42.93,42.93,19.6027,0,0,0
2005-07-27,43.4,43.4,43.4,43.4,19.8173,0,0,0
2005-07-28,43.94,43.94,43.94,43.94,20.0639,0,0,0
2005-07-29,43.91,43.91,43.91,43.91,20.0502,0,0,0
2005-08-01,43.81,43.81,43.81,43.81,20.0045,0,0,0
2005-08-02,44.22,44.22,44.22,44.22,20.1917,0,0,0
2005-08-03,44.46,44.46,44.46,44.46,20.3013,0,0,0
2005-08-04,44.29,44.29,44.29,44.29,20.2237,0,0,0
2005-08-05,43.76,43.76,43.76,43.76,19.9817,0,0,0
2005-08-08,43.23,43.23,43.23,43.23,19.7397,0,0,0
2005-08-09,43.6,43.6,43.6,43.6,19.9086,0,0,0
2005-08-10,43.61,43.61,43.61,43.61,19.9132,0,0,0
2005-08-11,43.88,43.88,43.88,43.88,20.0365,0,0,0
2005-08-12,43.55,43.55,43.55,43.55,19.8858,0,0,0
2005-08-15,43.71,43.71,43.71,43.71,19.9588,0,0,0
2005-08-16,43.3,43.3,43.3,43.3,19.7716,0,0,0
2005-08-17,43.4,43.4,43.4,43.4,19.8173,0,0,0
2005-08-18,43.32,43.32,43.32,43.32,19.7808,0,0,0
2005-08-19,43.49,43.49,43.49,43.49,19.8584,0,0,0
2005-08-22,43.72,43.72,43.72,43.72,19.9634,0,0,0
2005-08-23,43.85,43.85,43.85,43.85,20.0228,0,0,0
2005-08-24,43.5,43.5,43.5,43.5,19.863,0,0,0
2005-08-25,43.63,43.63,43.63,43.63,19.9223,0,0,0
2005-08-26,43.43,43.43,43.43,43.43,19.831,0,0,0
2005-08-29,43.6,43.6,43.6,43.6,19.9086,0,0,0
2005-08-30,43.63,43.63,43.63,43.63,19.9223,0,0,0
2005-08-31,44.11,44.11,44.11,44.11,20.1415,0,0,0
2005-09-01,44.33,44.33,44.33,44.33,20.2419,0,0,0
2005-09-02,44.14,44.14,44.14,44.14,20.1552,0,0,0
2005-09-06,44.67,44.67,44.67,44.67,20.3972,0,0,0
2005-09-07,44.64,44.64,44.64,44.64,20.3835,0,0,0
2005-09-08,44.25,44.25,44.25,44.25,20.2054,0,0,0
2005-09-09,44.64,44.64,44.64,44.64,20.3835,0,0,0
2005-09-12,44.5,44.5,44.5,44.5,20.3196,0,0,0
2005-09-13,44.19,44.19,44.19,44.19,20.178,0,0,0
2005-09-14,44.18,44.18,44.18,44.18,20.1734,0,0,0
2005-09-15,44.38,44.38,44.38,44.38,20.2648,0,0,0
2005-09-16,44.75,44.75,44.75,44.75,20.4337,0,0,0
2005-09-19,44.58,44.58,44.58,44.58,20.3561,0,0,0
2005-09-20,44.23,44.23,44.23,44.23,20.1963,0,0,0
2005-09-21,43.72,43.72,43.72,43.72,19.9634,0,0,0
2005-09-22,43.69,43.69,43.69,43.69,19.9497,0,0,0
2005-09-23,43.78,43.78,43.78,43.78,19.9908,0,0,0
2005-09-26,43.95,43.95,43.95,43.95,20.0684,0,0,0
2005-09-27,43.94,43.94,43.94,43.94,20.0639,0,0,0
2005-09-28,44.48,44.48,44.48,44.48,20.3104,0,0,0
2005-09-29,44.68,44.68,44.68,44.68,20.4018,0,0,0
2005-09-30,44.88,44.88,44.88,44.88,20.4931,0,0,0
2005-10-03,45.22,45.22,45.22,45.22,20.6483,0,0,0
2005-10-04,44.77,44.77,44.77,44.77,20.4429,0,0,0
2005-10-05,43.82,43.82,43.82,43.82,20.0091,0,0,0
2005-10-06,43.17,43.17,43.17,43.17,19.7123,0,0,0
2005-10-07,43.4,43.4,43.4,43.4,19.8173,0,0,0
2005-10-10,42.94,42.94,42.94,42.94,19.6072,0,0,0
2005-10-11,42.73,42.73,42.73,42.73,19.5114,0,0,0
2005-10-12,42.19,42.19,42.19,42.19,19.2648,0,0,0
2005-10-13,41.51,41.51,41.51,41.51,18.9543,0,0,0
2005-10-14,41.96,41.96,41.96,41.96,19.1598,0,0,0
2005-10-17,42.11,42.11,42.11,42.11,19.2282,0,0,0
2005-10-18,41.44,41.44,41.44,41.44,18.9223,0,0,0
2005-10-19,41.7,41.7,41.7,41.7,19.041,0,0,0
2005-10-20,40.93,40.93,40.93,40.93,18.6894,0,0,0
2005-10-21,41.62,41.62,41.62,41.62,19.0045,0,0,0
2005-10-24,42.51,42.51,42.51,42.51,19.4109,0,0,0
2005-10-25,42.66,42.66,42.66,42.66,19.4794,0,0,0
2005-10-26,42.22,42.22,42.22,42.22,19.2785,0,0,0
2005-10-27,41.88,41.88,41.88,41.88,19.1232,0,0,0
2005-10-28,42.72,42.72,42.72,42.72,19.5068,0,0,0
2005-10-31,43.1,43.1,43.1,43.1,19.6803,0,0,0
2005-11-01,42.62,42.62,42.62,42.62,19.4611,0,0,0
2005-11-02,42.97,42.97,42.97,42.97,19.6209,0,0,0
2005-11-03,42.78,42.78,42.78,42.78,19.5342,0,0,0
2005-11-04,42.89,42.89,42.89,42.89,19.5844,0,0,0
2005-11-07,42.79,42.79,42.79,42.79,19.5388,0,0,0
2005-11-08,42.79,42.79,42.79,42.79,19.5388,0,0,0
2005-11-09,42.97,42.97,42.97,42.97,19.6209,0,0,0
2005-11-10,42.98,42.98,42.98,42.98,19.6255,0,0,0
2005-11-11,42.85,42.85,42.85,42.85,19.5661,0,0,0
2005-11-14,42.88,42.88,42.88,42.88,19.5799,0,0,0
2005-11-15,42.74,42.74,42.74,42.74,19.5159,0,0,0
2005-11-16,42.9,42.9,42.9,42.9,19.589,0,0,0
2005-11-17,43.61,43.61,43.61,43.61,19.9132,0,0,0
2005-11-18,43.79,43.79,43.79,43.79,19.9954,0,0,0
2005-11-21,43.93,43.93,43.93,43.93,20.0593,0,0,0
2005-11-22,44.12,44.12,44.12,44.12,20.1461,0,0,0
2005-11-23,44.3,44.3,44.3,44.3,20.2283,0,0,0
2005-11-25,44.52,44.52,44.52,44.52,20.3287,0,0,0
2005-11-28,44.53,44.53,44.53,44.53,20.3333,0,0,0
2005-11-29,44.59,44.59,44.59,44.59,20.3607,0,0,0
2005-11-30,44.28,44.28,44.28,44.28,20.2191,0,0,0
2005-12-01,44.77,44.77,44.77,44.77,20.4429,0,0,0
2005-12-02,43.81,43.81,43.81,43.81,20.3685,0,0.8,0
2005-12-05,43.87,43.87,43.87,43.87,20.3964,0,0,0
2005-12-06,43.84,43.84,43.84,43.84,20.3824,0,0,0
2005-12-07,43.64,43.64,43.64,43.64,20.2894,0,0,0
2005-12-08,43.82,43.82,43.82,43.82,20.3731,0,0,0
2005-12-09,44.18,44.18,44.18,44.18,20.5405,0,0,0
2005-12-12,43.94,43.94,43.94,43.94,20.4289,0,0,0
2005-12-13,44.26,44.26,44.26,44.26,20.5777,0,0,0
2005-12-14,44.31,44.31,44.31,44.31,20.6009,0,0,0
2005-12-15,44.43,44.43,44.43,44.43,20.6567,0,0,0
2005-12-16,44.41,44.41,44.41,44.41,20.6474,0,0,0
2005-12-19,43.94,43.94,43.94,43.94,20.4289,0,0,0
2005-12-20,43.79,43.79,43.79,43.79,20.3592,0,0,0
2005-12-21,43.43,43.43,43.43,43.43,20.1918,0,0,0
2005-12-22,43.63,43.63,43.63,43.63,20.2848,0,0,0
2005-12-23,43.61,43.61,43.61,43.61,20.2755,0,0,0
2005-12-27,43.47,43.47,43.47,43.47,20.2104,0,0,0
2005-12-28,43.31,43.31,43.31,43.31,20.136,0,0,0
2005-12-29,43.28,43.28,43.28,43.28,20.1221,0,0,0
2005-12-30,43.1,43.1,43.1,43.1,20.0384,0,0,0
2006-01-03,43.61,43.61,43.61,43.61,20.2755,0,0,0
2006-01-04,43.9,43.9,43.9,43.9,20.4103,0,0,0
2006-01-05,43.76,43.76,43.76,43.76,20.3452,0,0,0
2006-01-06,44.2,44.2,44.2,44.2,20.5498,0,0,0
2006-01-09,44.18,44.18,44.18,44.18,20.5405,0,0,0
2006-01-10,44.08,44.08,44.08,44.08,20.494,0,0,0
2006-01-11,44.24,44.24,44.24,44.24,20.5684,0,0,0
2006-01-12,44.13,44.13,44.13,44.13,20.5172,0,0,0
2006-01-13,44.46,44.46,44.46,44.46,20.6707,0,0,0
2006-01-17,44.37,44.37,44.37,44.37,20.6288,0,0,0
2006-01-18,44.45,44.45,44.45,44.45,20.666,0,0,0
2006-01-19,44.72,44.72,44.72,44.72,20.7916,0,0,0
2006-01-20,44.31,44.31,44.31,44.31,20.6009,0,0,0
2006-01-23,44.28,44.28,44.28,44.28,20.587,0,0,0
2006-01-24,44.51,44.51,44.51,44.51,20.6939,0,0,0
2006-01-25,44.58,44.58,44.58,44.58,20.7265,0,0,0
2006-01-26,44.74,44.74,44.74,44.74,20.8009,0,0,0
2006-01-27,45.09,45.09,45.09,45.09,20.9636,0,0,0
2006-01-30,44.93,44.93,44.93,44.93,20.8892,0,0,0
2006-01-31,44.86,44.86,44.86,44.86,20.8566,0,0,0
2006-02-01,45.19,45.19,45.19,45.19,21.0101,0,0,0
2006-02-02,44.83,44.83,44.83,44.83,20.8427,0,0,0
2006-02-03,44.8,44.8,44.8,44.8,20.8287,0,0,0
2006-02-06,44.92,44.92,44.92,44.92,20.8845,0,0,0
2006-02-07,44.68,44.68,44.68,44.68,20.773,0,0,0
2006-02-08,45.01,45.01,45.01,45.01,20.9264,0,0,0
2006-02-09,45.08,45.08,45.08,45.08,20.9589,0,0,0
2006-02-10,45.31,45.31,45.31,45.31,21.0659,0,0,0
2006-02-13,45.09,45.09,45.09,45.09,20.9636,0,0,0
2006-02-14,45.7,45.7,45.7,45.7,21.2472,0,0,0
2006-02-15,45.95,45.95,45.95,45.95,21.3634,0,0,0
2006-02-16,46.49,46.49,46.49,46.49,21.6145,0,0,0
2006-02-17,46.83,46.83,46.83,46.83,21.7726,0,0,0
2006-02-21,46.8,46.8,46.8,46.8,21.7586,0,0,0
2006-02-22,46.66,46.66,46.66,46.66,21.6935,0,0,0
2006-02-23,46.58,46.58,46.58,46.58,21.6563,0,0,0
2006-02-24,46.5,46.5,46.5,46.5,21.6191,0,0,0
2006-02-27,46.85,46.85,46.85,46.85,21.7819,0,0,0
2006-02-28,46.44,46.44,46.44,46.44,21.5912,0,0,0
2006-03-01,46.78,46.78,46.78,46.78,21.7493,0,0,0
2006-03-02,46.85,46.85,46.85,46.85,21.7819,0,0,0
2006-03-03,46.63,46.63,46.63,46.63,21.6796,0,0,0
2006-03-06,46.76,46.76,46.76,46.76,21.74,0,0,0
2006-03-07,46.21,46.21,46.21,46.21,21.4843,0,0,0
2006-03-08,46.35,46.35,46.35,46.35,21.5494,0,0,0
2006-03-09,46.36,46.36,46.36,46.36,21.554,0,0,0
2006-03-10,46.78,46.78,46.78,46.78,21.7493,0,0,0
2006-03-13,46.86,46.86,46.86,46.86,21.7865,0,0,0
2006-03-14,47.33,47.33,47.33,47.33,22.005,0,0,0
2006-03-15,47.47,47.47,47.47,47.47,22.0701,0,0,0
2006-03-16,47.74,47.74,47.74,47.74,22.1956,0,0,0
2006-03-17,47.45,47.45,47.45,47.45,22.0608,0,0,0
2006-03-20,47.04,47.04,47.04,47.04,21.8702,0,0,0
2006-03-21,46.76,46.76,46.76,46.76,21.74,0,0,0
2006-03-22,47.15,47.15,47.15,47.15,21.9213,0,0,0
2006-03-23,47.19,47.19,47.19,47.19,21.9399,0,0,0
2006-03-24,47.33,47.33,47.33,47.33,22.005,0,0,0
2006-03-27,47.23,47.23,47.23,47.23,21.9585,0,0,0
2006-03-28,46.98,46.98,46.98,46.98,21.8423,0,0,0
2006-03-29,47.31,47.31,47.31,47.31,21.9957,0,0,0
2006-03-30,46.88,46.88,46.88,46.88,21.7958,0,0,0
2006-03-31,46.75,46.75,46.75,46.75,21.7354,0,0,0
2006-04-03,46.78,46.78,46.78,46.78,21.7493,0,0,0
2006-04-04,47.14,47.14,47.14,47.14,21.9167,0,0,0
2006-04-05,47.34,47.34,47.34,47.34,22.0097,0,0,0
2006-04-06,46.91,46.91,46.91,46.91,21.8098,0,0,0
2006-04-07,46.39,46.39,46.39,46.39,21.5956,0,0.06,0
2006-04-10,46.34,46.34,46.34,46.34,21.5723,0,0,0
2006-04-11,45.75,45.75,45.75,45.75,21.2977,0,0,0
2006-04-12,45.82,45.82,45.82,45.82,21.3303,0,0,0
2006-04-13,45.69,45.69,45.69,45.69,21.2697,0,0,0
2006-04-17,45.53,45.53,45.53,45.53,21.1953,0,0,0
2006-04-18,46.35,46.35,46.35,46.35,21.577,0,0,0
2006-04-19,46.11,46.11,46.11,46.11,21.4653,0,0,0
2006-04-20,46,46,46,46,21.4141,0,0,0
2006-04-21,45.98,45.98,45.98,45.98,21.4047,0,0,0
2006-04-24,46.1,46.1,46.1,46.1,21.4606,0,0,0
2006-04-25,46.02,46.02,46.02,46.02,21.4234,0,0,0
2006-04-26,46.11,46.11,46.11,46.11,21.4653,0,0,0
2006-04-27,46.55,46.55,46.55,46.55,21.6701,0,0,0
2006-04-28,46.48,46.48,46.48,46.48,21.6375,0,0,0
2006-05-01,46.47,46.47,46.47,46.47,21.6329,0,0,0
2006-05-02,46.8,46.8,46.8,46.8,21.7865,0,0,0
2006-05-03,46.55,46.55,46.55,46.55,21.6701,0,0,0
2006-05-04,46.59,46.59,46.59,46.59,21.6887,0,0,0
2006-05-05,46.95,46.95,46.95,46.95,21.8563,0,0,0
2006-05-08,47.03,47.03,47.03,47.03,21.8936,0,0,0
2006-05-09,46.91,46.91,46.91,46.91,21.8377,0,0,0
2006-05-10,46.82,46.82,46.82,46.82,21.7958,0,0,0
2006-05-11,46.39,46.39,46.39,46.39,21.5956,0,0,0
2006-05-12,45.93,45.93,45.93,45.93,21.3815,0,0,0
2006-05-15,46.03,46.03,46.03,46.03,21.428,0,0,0
2006-05-16,46.04,46.04,46.04,46.04,21.4327,0,0,0
2006-05-17,45.06,45.06,45.06,45.06,20.9765,0,0,0
2006-05-18,44.98,44.98,44.98,44.98,20.9392,0,0,0
2006-05-19,45.45,45.45,45.45,45.45,21.158,0,0,0
2006-05-22,45.22,45.22,45.22,45.22,21.0509,0,0,0
2006-05-23,45.13,45.13,45.13,45.13,21.009,0,0,0
2006-05-24,45.22,45.22,45.22,45.22,21.0509,0,0,0
2006-05-25,45.59,45.59,45.59,45.59,21.2232,0,0,0
2006-05-26,46.13,46.13,46.13,46.13,21.4746,0,0,0
2006-05-30,45.46,45.46,45.46,45.46,21.1627,0,0,0
2006-05-31,46.07,46.07,46.07,46.07,21.4466,0,0,0
2006-06-01,47.03,47.03,47.03,47.03,21.8936,0,0,0
2006-06-02,47.17,47.17,47.17,47.17,21.9587,0,0,0
2006-06-05,46.73,46.73,46.73,46.73,21.7539,0,0,0
2006-06-06,46.96,46.96,46.96,46.96,21.861,0,0,0
2006-06-07,46.79,46.79,46.79,46.79,21.7818,0,0,0
2006-06-08,46.71,46.71,46.71,46.71,21.7446,0,0,0
2006-06-09,46.86,46.86,46.86,46.86,21.8144,0,0,0
2006-06-12,46.53,46.53,46.53,46.53,21.6608,0,0,0
2006-06-13,46.25,46.25,46.25,46.25,21.5304,0,0,0
2006-06-14,46.26,46.26,46.26,46.26,21.5351,0,0,0
2006-06-15,47.04,47.04,47.04,47.04,21.8982,0,0,0
2006-06-16,47.13,47.13,47.13,47.13,21.9401,0,0,0
2006-06-19,46.59,46.59,46.59,46.59,21.6887,0,0,0
2006-06-20,46.66,46.66,46.66,46.66,21.7213,0,0,0
2006-06-21,46.76,46.76,46.76,46.76,21.7679,0,0,0
2006-06-22,46.49,46.49,46.49,46.49,21.6422,0,0,0
2006-06-23,46.56,46.56,46.56,46.56,21.6747,0,0,0
2006-06-26,46.66,46.66,46.66,46.66,21.7213,0,0,0
2006-06-27,46.55,46.55,46.55,46.55,21.6701,0,0,0
2006-06-28,46.87,46.87,46.87,46.87,21.8191,0,0,0
2006-06-29,47.51,47.51,47.51,47.51,22.117,0,0,0
2006-06-30,47.77,47.77,47.77,47.77,22.238,0,0,0
2006-07-03,48.06,48.06,48.06,48.06,22.373,0,0,0
2006-07-05,47.76,47.76,47.76,47.76,22.2334,0,0,0
2006-07-06,47.79,47.79,47.79,47.79,22.2473,0,0,0
2006-07-07,47.72,47.72,47.72,47.72,22.2148,0,0,0
2006-07-10,47.75,47.75,47.75,47.75,22.2287,0,0,0
2006-07-11,47.81,47.81,47.81,47.81,22.2567,0,0,0
2006-07-12,47.45,47.45,47.45,47.45,22.0891,0,0,0
2006-07-13,46.84,46.84,46.84,46.84,21.8051,0,0,0
2006-07-14,46.88,46.88,46.88,46.88,21.8237,0,0,0
2006-07-17,47.07,47.07,47.07,47.07,21.9122,0,0,0
2006-07-18,47.17,47.17,47.17,47.17,21.9587,0,0,0
2006-07-19,47.92,47.92,47.92,47.92,22.3078,0,0,0
2006-07-20,47.83,47.83,47.83,47.83,22.266,0,0,0
2006-07-21,47.74,47.74,47.74,47.74,22.2241,0,0,0
2006-07-24,48.44,48.44,48.44,48.44,22.5499,0,0,0
2006-07-25,49.11,49.11,49.11,49.11,22.8618,0,0,0
2006-07-26,49.43,49.43,49.43,49.43,23.0108,0,0,0
2006-07-27,49.53,49.53,49.53,49.53,23.0573,0,0,0
2006-07-28,49.89,49.89,49.89,49.89,23.2249,0,0,0
2006-07-31,49.66,49.66,49.66,49.66,23.1179,0,0,0
2006-08-01,49.76,49.76,49.76,49.76,23.1644,0,0,0
2006-08-02,50.33,50.33,50.33,50.33,23.4298,0,0,0
2006-08-03,49.78,49.78,49.78,49.78,23.1737,0,0,0
2006-08-04,49.54,49.54,49.54,49.54,23.062,0,0,0
2006-08-07,49.17,49.17,49.17,49.17,22.8898,0,0,0
2006-08-08,49.32,49.32,49.32,49.32,22.9596,0,0,0
2006-08-09,49.3,49.3,49.3,49.3,22.9503,0,0,0
2006-08-10,49.25,49.25,49.25,49.25,22.927,0,0,0
2006-08-11,49.2,49.2,49.2,49.2,22.9037,0,0,0
2006-08-14,49.17,49.17,49.17,49.17,22.8898,0,0,0
2006-08-15,49.63,49.63,49.63,49.63,23.1039,0,0,0
2006-08-16,49.37,49.37,49.37,49.37,22.9829,0,0,0
2006-08-17,49.27,49.27,49.27,49.27,22.9363,0,0,0
2006-08-18,49.65,49.65,49.65,49.65,23.1132,0,0,0
2006-08-21,49.67,49.67,49.67,49.67,23.1225,0,0,0
2006-08-22,49.92,49.92,49.92,49.92,23.2389,0,0,0
2006-08-23,49.73,49.73,49.73,49.73,23.1505,0,0,0
2006-08-24,49.8,49.8,49.8,49.8,23.183,0,0,0
2006-08-25,49.87,49.87,49.87,49.87,23.2156,0,0,0
2006-08-28,50.25,50.25,50.25,50.25,23.3925,0,0,0
2006-08-29,50.51,50.51,50.51,50.51,23.5136,0,0,0
2006-08-30,50.43,50.43,50.43,50.43,23.4763,0,0,0
2006-08-31,50.66,50.66,50.66,50.66,23.5834,0,0,0
2006-09-01,50.79,50.79,50.79,50.79,23.6439,0,0,0
2006-09-05,50.75,50.75,50.75,50.75,23.6253,0,0,0
2006-09-06,50.48,50.48,50.48,50.48,23.4996,0,0,0
2006-09-07,50.34,50.34,50.34,50.34,23.4344,0,0,0
2006-09-08,50.3,50.3,50.3,50.3,23.4158,0,0,0
2006-09-11,50.33,50.33,50.33,50.33,23.4298,0,0,0
2006-09-12,50.55,50.55,50.55,50.55,23.5322,0,0,0
2006-09-13,50.66,50.66,50.66,50.66,23.5834,0,0,0
2006-09-14,50.81,50.81,50.81,50.81,23.6532,0,0,0
2006-09-15,50.83,50.83,50.83,50.83,23.6625,0,0,0
2006-09-18,50.6,50.6,50.6,50.6,23.5555,0,0,0
2006-09-19,50.68,50.68,50.68,50.68,23.5927,0,0,0
2006-09-20,51.08,51.08,51.08,51.08,23.7789,0,0,0
2006-09-21,50.97,50.97,50.97,50.97,23.7277,0,0,0
2006-09-22,51.15,51.15,51.15,51.15,23.8115,0,0,0
2006-09-25,51.84,51.84,51.84,51.84,24.1327,0,0,0
2006-09-26,51.92,51.92,51.92,51.92,24.1699,0,0,0
2006-09-27,51.59,51.59,51.59,51.59,24.0163,0,0,0
2006-09-28,51.3,51.3,51.3,51.3,23.8813,0,0,0
2006-09-29,51.36,51.36,51.36,51.36,23.9093,0,0,0
2006-10-02,51.13,51.13,51.13,51.13,23.8022,0,0,0
2006-10-03,51.36,51.36,51.36,51.36,23.9093,0,0,0
2006-10-04,51.64,51.64,51.64,51.64,24.0396,0,0,0
2006-10-05,51.5,51.5,51.5,51.5,23.9744,0,0,0
2006-10-06,51.22,51.22,51.22,51.22,23.8441,0,0,0
2006-10-09,51.26,51.26,51.26,51.26,23.8627,0,0,0
2006-10-10,51.59,51.59,51.59,51.59,24.0163,0,0,0
2006-10-11,51.69,51.69,51.69,51.69,24.0629,0,0,0
2006-10-12,51.82,51.82,51.82,51.82,24.1234,0,0,0
2006-10-13,51.76,51.76,51.76,51.76,24.0955,0,0,0
2006-10-16,52,52,52,52,24.2072,0,0,0
2006-10-17,52.33,52.33,52.33,52.33,24.3608,0,0,0
2006-10-18,52.77,52.77,52.77,52.77,24.5656,0,0,0
2006-10-19,53.02,53.02,53.02,53.02,24.682,0,0,0
2006-10-20,53.31,53.31,53.31,53.31,24.817,0,0,0
2006-10-23,53.46,53.46,53.46,53.46,24.8869,0,0,0
2006-10-24,53.45,53.45,53.45,53.45,24.8822,0,0,0
2006-10-25,53.97,53.97,53.97,53.97,25.1243,0,0,0
2006-10-26,53.88,53.88,53.88,53.88,25.0824,0,0,0
2006-10-27,53.58,53.58,53.58,53.58,24.9427,0,0,0
2006-10-30,53.58,53.58,53.58,53.58,24.9427,0,0,0
2006-10-31,53.62,53.62,53.62,53.62,24.9613,0,0,0
2006-11-01,53.82,53.82,53.82,53.82,25.0544,0,0,0
2006-11-02,53.57,53.57,53.57,53.57,24.9381,0,0,0
2006-11-03,53.35,53.35,53.35,53.35,24.8357,0,0,0
2006-11-06,53.31,53.31,53.31,53.31,24.817,0,0,0
2006-11-07,53.21,53.21,53.21,53.21,24.7705,0,0,0
2006-11-08,53.76,53.76,53.76,53.76,25.0265,0,0,0
2006-11-09,53.8,53.8,53.8,53.8,25.0451,0,0,0
2006-11-10,54.12,54.12,54.12,54.12,25.1941,0,0,0
2006-11-13,54.25,54.25,54.25,54.25,25.2546,0,0,0
2006-11-14,54.4,54.4,54.4,54.4,25.3244,0,0,0
2006-11-15,54.29,54.29,54.29,54.29,25.2732,0,0,0
2006-11-16,54.44,54.44,54.44,54.44,25.3431,0,0,0
2006-11-17,54.47,54.47,54.47,54.47,25.357,0,0,0
2006-11-20,54.4,54.4,54.4,54.4,25.3244,0,0,0
2006-11-21,54.48,54.48,54.48,54.48,25.3617,0,0,0
2006-11-22,54.68,54.68,54.68,54.68,25.4548,0,0,0
2006-11-24,54.8,54.8,54.8,54.8,25.5107,0,0,0
2006-11-27,54.22,54.22,54.22,54.22,25.2407,0,0,0
2006-11-28,54.58,54.58,54.58,54.58,25.4082,0,0,0
2006-11-29,55.45,55.45,55.45,55.45,25.8133,0,0,0
2006-11-30,55.53,55.53,55.53,55.53,25.8505,0,0,0
2006-12-01,55.21,55.21,55.21,55.21,25.9728,0,0.58,0
2006-12-04,55.81,55.81,55.81,55.81,26.2551,0,0,0
2006-12-05,55.96,55.96,55.96,55.96,26.3256,0,0,0
2006-12-06,55.67,55.67,55.67,55.67,26.1892,0,0,0
2006-12-07,55.37,55.37,55.37,55.37,26.0481,0,0,0
2006-12-08,55.3,55.3,55.3,55.3,26.0151,0,0,0
2006-12-11,55.51,55.51,55.51,55.51,26.1139,0,0,0
2006-12-12,55.67,55.67,55.67,55.67,26.1892,0,0,0
2006-12-13,55.87,55.87,55.87,55.87,26.2833,0,0,0
2006-12-14,56.01,56.01,56.01,56.01,26.3492,0,0,0
2006-12-15,55.91,55.91,55.91,55.91,26.3021,0,0,0
2006-12-18,55.48,55.48,55.48,55.48,26.0998,0,0,0
2006-12-19,55.74,55.74,55.74,55.74,26.2221,0,0,0
2006-12-20,55.57,55.57,55.57,55.57,26.1422,0,0,0
2006-12-21,55.42,55.42,55.42,55.42,26.0716,0,0,0
2006-12-22,55.32,55.32,55.32,55.32,26.0245,0,0,0
2006-12-26,55.6,55.6,55.6,55.6,26.1563,0,0,0
2006-12-27,55.74,55.74,55.74,55.74,26.2221,0,0,0
2006-12-28,55.52,55.52,55.52,55.52,26.1186,0,0,0
2006-12-29,55.41,55.41,55.41,55.41,26.0669,0,0,0
2007-01-03,55.68,55.68,55.68,55.68,26.1939,0,0,0
2007-01-04,55.6,55.6,55.6,55.6,26.1563,0,0,0
2007-01-05,54.69,54.69,54.69,54.69,25.7282,0,0,0
2007-01-08,54.53,54.53,54.53,54.53,25.6529,0,0,0
2007-01-09,54.58,54.58,54.58,54.58,25.6764,0,0,0
2007-01-10,54.65,54.65,54.65,54.65,25.7094,0,0,0
2007-01-11,54.64,54.64,54.64,54.64,25.7047,0,0,0
2007-01-12,54.42,54.42,54.42,54.42,25.6012,0,0,0
2007-01-16,54.56,54.56,54.56,54.56,25.667,0,0,0
2007-01-17,54.61,54.61,54.61,54.61,25.6905,0,0,0
2007-01-18,54.53,54.53,54.53,54.53,25.6529,0,0,0
2007-01-19,54.76,54.76,54.76,54.76,25.7611,0,0,0
2007-01-22,54.71,54.71,54.71,54.71,25.7376,0,0,0
2007-01-23,54.93,54.93,54.93,54.93,25.8411,0,0,0
2007-01-24,55.26,55.26,55.26,55.26,25.9963,0,0,0
2007-01-25,54.95,54.95,54.95,54.95,25.8505,0,0,0
2007-01-26,55.05,55.05,55.05,55.05,25.8975,0,0,0
2007-01-29,55.08,55.08,55.08,55.08,25.9117,0,0,0
2007-01-30,55.34,55.34,55.34,55.34,26.034,0,0,0
2007-01-31,55.45,55.45,55.45,55.45,26.0857,0,0,0
2007-02-01,55.87,55.87,55.87,55.87,26.2833,0,0,0
2007-02-02,56.06,56.06,56.06,56.06,26.3727,0,0,0
2007-02-05,56.71,56.71,56.71,56.71,26.6785,0,0,0
2007-02-06,57.1,57.1,57.1,57.1,26.8619,0,0,0
2007-02-07,57.2,57.2,57.2,57.2,26.909,0,0,0
2007-02-08,57.44,57.44,57.44,57.44,27.0219,0,0,0
2007-02-09,57.41,57.41,57.41,57.41,27.0078,0,0,0
2007-02-12,57.32,57.32,57.32,57.32,26.9654,0,0,0
2007-02-13,57.76,57.76,57.76,57.76,27.1724,0,0,0
2007-02-14,58.1,58.1,58.1,58.1,27.3324,0,0,0
2007-02-15,57.8,57.8,57.8,57.8,27.1912,0,0,0
2007-02-16,57.83,57.83,57.83,57.83,27.2054,0,0,0
2007-02-20,58.09,58.09,58.09,58.09,27.3277,0,0,0
2007-02-21,57.89,57.89,57.89,57.89,27.2336,0,0,0
2007-02-22,58.05,58.05,58.05,58.05,27.3088,0,0,0
2007-02-23,58.55,58.55,58.55,58.55,27.5441,0,0,0
2007-02-26,59.93,59.93,59.93,59.93,28.1933,0,0,0
2007-02-27,58.33,58.33,58.33,58.33,27.4406,0,0,0
2007-02-28,58.27,58.27,58.27,58.27,27.4123,0,0,0
2007-03-01,58.49,58.49,58.49,58.49,27.5158,0,0,0
2007-03-02,57.62,57.62,57.62,57.62,27.1066,0,0,0
2007-03-05,56.78,56.78,56.78,56.78,26.7114,0,0,0
2007-03-06,57.63,57.63,57.63,57.63,27.1113,0,0,0
2007-03-07,57.74,57.74,57.74,57.74,27.163,0,0,0
2007-03-08,57.89,57.89,57.89,57.89,27.2336,0,0,0
2007-03-09,58,58,58,58,27.2853,0,0,0
2007-03-12,58.6,58.6,58.6,58.6,27.5676,0,0,0
2007-03-13,57.79,57.79,57.79,57.79,27.1865,0,0,0
2007-03-14,58.14,58.14,58.14,58.14,27.3512,0,0,0
2007-03-15,58.82,58.82,58.82,58.82,27.6711,0,0,0
2007-03-16,58.52,58.52,58.52,58.52,27.5299,0,0,0
2007-03-19,59.08,59.08,59.08,59.08,27.7934,0,0,0
2007-03-20,59.76,59.76,59.76,59.76,28.1133,0,0,0
2007-03-21,60.48,60.48,60.48,60.48,28.452,0,0,0
2007-03-22,60.54,60.54,60.54,60.54,28.4802,0,0,0
2007-03-23,60.82,60.82,60.82,60.82,28.612,0,0,0
2007-03-26,61.06,61.06,61.06,61.06,28.7249,0,0,0
2007-03-27,61.06,61.06,61.06,61.06,28.7249,0,0,0
2007-03-28,61.03,61.03,61.03,61.03,28.7107,0,0,0
2007-03-29,61.21,61.21,61.21,61.21,28.7954,0,0,0
2007-03-30,60.89,60.89,60.89,60.89,28.6449,0,0,0
2007-04-02,61.97,61.97,61.97,61.97,29.153,0,0,0
2007-04-03,61.97,61.97,61.97,61.97,29.153,0,0,0
2007-04-04,61.86,61.86,61.86,61.86,29.1012,0,0,0
2007-04-05,62.03,62.03,62.03,62.03,29.1812,0,0,0
2007-04-09,62.67,62.67,62.67,62.67,29.4823,0,0,0
2007-04-10,62.84,62.84,62.84,62.84,29.5622,0,0,0
2007-04-11,62.58,62.58,62.58,62.58,29.4399,0,0,0
2007-04-12,62.37,62.37,62.37,62.37,29.3411,0,0,0
2007-04-13,62.2,62.2,62.2,62.2,29.3317,0,0.15,0
2007-04-16,62.65,62.65,62.65,62.65,29.5439,0,0,0
2007-04-17,63.1,63.1,63.1,63.1,29.7561,0,0,0
2007-04-18,63.22,63.22,63.22,63.22,29.8127,0,0,0
2007-04-19,62.98,62.98,62.98,62.98,29.6995,0,0,0
2007-04-20,63.45,63.45,63.45,63.45,29.9212,0,0,0
2007-04-23,63.92,63.92,63.92,63.92,30.1428,0,0,0
2007-04-24,64.22,64.22,64.22,64.22,30.2843,0,0,0
2007-04-25,64.66,64.66,64.66,64.66,30.4918,0,0,0
2007-04-26,64.2,64.2,64.2,64.2,30.2748,0,0,0
2007-04-27,63.8,63.8,63.8,63.8,30.0862,0,0,0
2007-04-30,63.22,63.22,63.22,63.22,29.8127,0,0,0
2007-05-01,63.87,63.87,63.87,63.87,30.1192,0,0,0
2007-05-02,64.29,64.29,64.29,64.29,30.3173,0,0,0
2007-05-03,64.22,64.22,64.22,64.22,30.2843,0,0,0
2007-05-04,64.39,64.39,64.39,64.39,30.3644,0,0,0
2007-05-07,64.89,64.89,64.89,64.89,30.6002,0,0,0
2007-05-08,64.54,64.54,64.54,64.54,30.4352,0,0,0
2007-05-09,64.77,64.77,64.77,64.77,30.5436,0,0,0
2007-05-10,64.11,64.11,64.11,64.11,30.2324,0,0,0
2007-05-11,64.67,64.67,64.67,64.67,30.4965,0,0,0
2007-05-14,64.86,64.86,64.86,64.86,30.5861,0,0,0
2007-05-15,65,65,65,65,30.6521,0,0,0
2007-05-16,65.31,65.31,65.31,65.31,30.7983,0,0,0
2007-05-17,65.12,65.12,65.12,65.12,30.7087,0,0,0
2007-05-18,65.47,65.47,65.47,65.47,30.8737,0,0,0
2007-05-21,65.65,65.65,65.65,65.65,30.9586,0,0,0
2007-05-22,65.4,65.4,65.4,65.4,30.8407,0,0,0
2007-05-23,64.73,64.73,64.73,64.73,30.5248,0,0,0
2007-05-24,63.02,63.02,63.02,63.02,29.7184,0,0,0
2007-05-25,62.99,62.99,62.99,62.99,29.7042,0,0,0
2007-05-29,63.39,63.39,63.39,63.39,29.8929,0,0,0
2007-05-30,64.17,64.17,64.17,64.17,30.2607,0,0,0
2007-05-31,64.33,64.33,64.33,64.33,30.3361,0,0,0
2007-06-01,64.1,64.1,64.1,64.1,30.2277,0,0,0
2007-06-04,63.93,63.93,63.93,63.93,30.1475,0,0,0
2007-06-05,63.01,63.01,63.01,63.01,29.7137,0,0,0
2007-06-06,62,62,62,62,29.2374,0,0,0
2007-06-07,59.9,59.9,59.9,59.9,28.2471,0,0,0
2007-06-08,60.6,60.6,60.6,60.6,28.5772,0,0,0
2007-06-11,61.24,61.24,61.24,61.24,28.879,0,0,0
2007-06-12,60.39,60.39,60.39,60.39,28.4782,0,0,0
2007-06-13,61.52,61.52,61.52,61.52,29.011,0,0,0
2007-06-14,61.87,61.87,61.87,61.87,29.1761,0,0,0
2007-06-15,62.86,62.86,62.86,62.86,29.6429,0,0,0
2007-06-18,62.26,62.26,62.26,62.26,29.36,0,0,0
2007-06-19,62.34,62.34,62.34,62.34,29.3977,0,0,0
2007-06-20,60.66,60.66,60.66,60.66,28.6055,0,0,0
2007-06-21,61.11,61.11,61.11,61.11,28.8177,0,0,0
2007-06-22,60.1,60.1,60.1,60.1,28.3414,0,0,0
2007-06-25,60.41,60.41,60.41,60.41,28.4876,0,0,0
2007-06-26,60.14,60.14,60.14,60.14,28.3603,0,0,0
2007-06-27,61.01,61.01,61.01,61.01,28.7705,0,0,0
2007-06-28,60.9,60.9,60.9,60.9,28.7187,0,0,0
2007-06-29,61.1,61.1,61.1,61.1,28.813,0,0,0
2007-07-02,62.5,62.5,62.5,62.5,29.4732,0,0,0
2007-07-03,62.48,62.48,62.48,62.48,29.4637,0,0,0
2007-07-05,62.25,62.25,62.25,62.25,29.3553,0,0,0
2007-07-06,62.01,62.01,62.01,62.01,29.2421,0,0,0
2007-07-09,62.23,62.23,62.23,62.23,29.3458,0,0,0
2007-07-10,61.28,61.28,61.28,61.28,28.8978,0,0,0
2007-07-11,61.66,61.66,61.66,61.66,29.0771,0,0,0
2007-07-12,62.66,62.66,62.66,62.66,29.5486,0,0,0
2007-07-13,63.58,63.58,63.58,63.58,29.9825,0,0,0
2007-07-16,62.61,62.61,62.61,62.61,29.525,0,0,0
2007-07-17,62.63,62.63,62.63,62.63,29.5345,0,0,0
2007-07-18,63.12,63.12,63.12,63.12,29.7655,0,0,0
2007-07-19,64.47,64.47,64.47,64.47,30.4022,0,0,0
2007-07-20,63.3,63.3,63.3,63.3,29.8504,0,0,0
2007-07-23,63.53,63.53,63.53,63.53,29.9589,0,0,0
2007-07-24,60.97,60.97,60.97,60.97,28.7517,0,0,0
2007-07-25,60.78,60.78,60.78,60.78,28.6621,0,0,0
2007-07-26,58.63,58.63,58.63,58.63,27.6482,0,0,0
2007-07-27,57.59,57.59,57.59,57.59,27.1578,0,0,0
2007-07-30,58.26,58.26,58.26,58.26,27.4737,0,0,0
2007-07-31,58.08,58.08,58.08,58.08,27.3888,0,0,0
2007-08-01,59.38,59.38,59.38,59.38,28.0019,0,0,0
2007-08-02,59.96,59.96,59.96,59.96,28.2754,0,0,0
2007-08-03,57.84,57.84,57.84,57.84,27.2757,0,0,0
2007-08-06,59.39,59.39,59.39,59.39,28.0066,0,0,0
2007-08-07,60.41,60.41,60.41,60.41,28.4876,0,0,0
2007-08-08,61.1,61.1,61.1,61.1,28.813,0,0,0
2007-08-09,59.39,59.39,59.39,59.39,28.0066,0,0,0
2007-08-10,58.82,58.82,58.82,58.82,27.7378,0,0,0
2007-08-13,59.3,59.3,59.3,59.3,27.9641,0,0,0
2007-08-14,58.18,58.18,58.18,58.18,27.436,0,0,0
2007-08-15,57.43,57.43,57.43,57.43,27.0823,0,0,0
2007-08-16,56.81,56.81,56.81,56.81,26.7899,0,0,0
2007-08-17,58.28,58.28,58.28,58.28,27.4831,0,0,0
2007-08-20,58.28,58.28,58.28,58.28,27.4831,0,0,0
2007-08-21,58.56,58.56,58.56,58.56,27.6152,0,0,0
2007-08-22,59.41,59.41,59.41,59.41,28.016,0,0,0
2007-08-23,59.63,59.63,59.63,59.63,28.1198,0,0,0
2007-08-24,60.38,60.38,60.38,60.38,28.4734,0,0,0
2007-08-27,58.5,58.5,58.5,58.5,27.5869,0,0,0
2007-08-28,57.61,57.61,57.61,57.61,27.1672,0,0,0
2007-08-29,58.97,58.97,58.97,58.97,27.8085,0,0,0
2007-08-30,58.61,58.61,58.61,58.61,27.6388,0,0,0
2007-08-31,58.94,58.94,58.94,58.94,27.7944,0,0,0
2007-09-04,60.11,60.11,60.11,60.11,28.3461,0,0,0
2007-09-05,59.49,59.49,59.49,59.49,28.0537,0,0,0
2007-09-06,60.27,60.27,60.27,60.27,28.4216,0,0,0
2007-09-07,59.21,59.21,59.21,59.21,27.9217,0,0,0
2007-09-10,59.18,59.18,59.18,59.18,27.9075,0,0,0
2007-09-11,59.85,59.85,59.85,59.85,28.2235,0,0,0
2007-09-12,60.04,60.04,60.04,60.04,28.3131,0,0,0
2007-09-13,60.17,60.17,60.17,60.17,28.3744,0,0,0
2007-09-14,60.42,60.42,60.42,60.42,28.4923,0,0,0
2007-09-17,60.06,60.06,60.06,60.06,28.3225,0,0,0
2007-09-18,61.39,61.39,61.39,61.39,28.9497,0,0,0
2007-09-19,62.32,62.32,62.32,62.32,29.3883,0,0,0
2007-09-20,61.75,61.75,61.75,61.75,29.1195,0,0,0
2007-09-21,62.04,62.04,62.04,62.04,29.2562,0,0,0
2007-09-24,62.27,62.27,62.27,62.27,29.3647,0,0,0
2007-09-25,62.12,62.12,62.12,62.12,29.294,0,0,0
2007-09-26,62.54,62.54,62.54,62.54,29.492,0,0,0
2007-09-27,62.19,62.19,62.19,62.19,29.327,0,0,0
2007-09-28,61.36,61.36,61.36,61.36,28.9356,0,0,0
2007-10-01,62.42,62.42,62.42,62.42,29.4354,0,0,0
2007-10-02,62.22,62.22,62.22,62.22,29.3411,0,0,0
2007-10-03,62.09,62.09,62.09,62.09,29.2798,0,0,0
2007-10-04,62.7,62.7,62.7,62.7,29.5675,0,0,0
2007-10-05,63.22,63.22,63.22,63.22,29.8127,0,0,0
2007-10-08,63,63,63,63,29.709,0,0,0
2007-10-09,63.96,63.96,63.96,63.96,30.1617,0,0,0
2007-10-10,63.63,63.63,63.63,63.63,30.006,0,0,0
2007-10-11,64.04,64.04,64.04,64.04,30.1994,0,0,0
2007-10-12,64.33,64.33,64.33,64.33,30.3361,0,0,0
2007-10-15,63.5,63.5,63.5,63.5,29.9447,0,0,0
2007-10-16,63.28,63.28,63.28,63.28,29.841,0,0,0
2007-10-17,63.24,63.24,63.24,63.24,29.8221,0,0,0
2007-10-18,63.32,63.32,63.32,63.32,29.8599,0,0,0
2007-10-19,61.73,61.73,61.73,61.73,29.1101,0,0,0
2007-10-22,62.13,62.13,62.13,62.13,29.2987,0,0,0
2007-10-23,62.15,62.15,62.15,62.15,29.3081,0,0,0
2007-10-24,62.34,62.34,62.34,62.34,29.3977,0,0,0
2007-10-25,63.51,63.51,63.51,63.51,29.9495,0,0,0
2007-10-26,64.48,64.48,64.48,64.48,30.4069,0,0,0
2007-10-29,65.05,65.05,65.05,65.05,30.6757,0,0,0
2007-10-30,65.05,65.05,65.05,65.05,30.6757,0,0,0
2007-10-31,66.01,66.01,66.01,66.01,31.1284,0,0,0
2007-11-01,64.64,64.64,64.64,64.64,30.4823,0,0,0
2007-11-02,65.29,65.29,65.29,65.29,30.7888,0,0,0
2007-11-05,65.91,65.91,65.91,65.91,31.0812,0,0,0
2007-11-06,66.21,66.21,66.21,66.21,31.2227,0,0,0
2007-11-07,64.51,64.51,64.51,64.51,30.421,0,0,0
2007-11-08,65.35,65.35,65.35,65.35,30.8171,0,0,0
2007-11-09,64.39,64.39,64.39,64.39,30.3644,0,0,0
2007-11-12,63.07,63.07,63.07,63.07,29.742,0,0,0
2007-11-13,63.54,63.54,63.54,63.54,29.9636,0,0,0
2007-11-14,63.58,63.58,63.58,63.58,29.9825,0,0,0
2007-11-15,63.63,63.63,63.63,63.63,30.006,0,0,0
2007-11-16,63.79,63.79,63.79,63.79,30.0815,0,0,0
2007-11-19,63.81,63.81,63.81,63.81,30.0909,0,0,0
2007-11-20,64.48,64.48,64.48,64.48,30.4069,0,0,0
2007-11-21,63.36,63.36,63.36,63.36,29.8787,0,0,0
2007-11-23,63.55,63.55,63.55,63.55,29.9683,0,0,0
2007-11-26,63.22,63.22,63.22,63.22,29.8127,0,0,0
2007-11-27,63.63,63.63,63.63,63.63,30.006,0,0,0
2007-11-28,64.7,64.7,64.7,64.7,30.5106,0,0,0
2007-11-29,64.77,64.77,64.77,64.77,30.5436,0,0,0
2007-11-30,65.16,65.16,65.16,65.16,30.7276,0,0,0
2007-12-03,65.5,65.5,65.5,65.5,30.8879,0,0,0
2007-12-04,65.95,65.95,65.95,65.95,31.1001,0,0,0
2007-12-05,66.99,66.99,66.99,66.99,31.5905,0,0,0
2007-12-06,66.92,66.92,66.92,66.92,31.5575,0,0,0
2007-12-07,66.22,66.22,66.22,66.22,31.73,0,1.06,0
2007-12-10,66.26,66.26,66.26,66.26,31.7492,0,0,0
2007-12-11,64.87,64.87,64.87,64.87,31.0831,0,0,0
2007-12-12,65.01,65.01,65.01,65.01,31.1502,0,0,0
2007-12-13,65.55,65.55,65.55,65.55,31.409,0,0,0
2007-12-14,64.66,64.66,64.66,64.66,30.9825,0,0,0
2007-12-17,63.81,63.81,63.81,63.81,30.5752,0,0,0
2007-12-18,64.66,64.66,64.66,64.66,30.9825,0,0,0
2007-12-19,64.49,64.49,64.49,64.49,30.9011,0,0,0
2007-12-20,64.59,64.59,64.59,64.59,30.949,0,0,0
2007-12-21,65.09,65.09,65.09,65.09,31.1885,0,0,0
2007-12-24,65.12,65.12,65.12,65.12,31.2029,0,0,0
2007-12-26,64.82,64.82,64.82,64.82,31.0592,0,0,0
2007-12-27,64.4,64.4,64.4,64.4,30.8579,0,0,0
2007-12-28,64.8,64.8,64.8,64.8,31.0496,0,0,0
2007-12-31,64.27,64.27,64.27,64.27,30.7956,0,0,0
2008-01-02,63.5,63.5,63.5,63.5,30.4267,0,0,0
2008-01-03,63.57,63.57,63.57,63.57,30.4602,0,0,0
2008-01-04,63.57,63.57,63.57,63.57,30.4602,0,0,0
2008-01-07,64.86,64.86,64.86,64.86,31.0783,0,0,0
2008-01-08,64.84,64.84,64.84,64.84,31.0688,0,0,0
2008-01-09,65.42,65.42,65.42,65.42,31.3467,0,0,0
2008-01-10,65.25,65.25,65.25,65.25,31.2652,0,0,0
2008-01-11,64.87,64.87,64.87,64.87,31.0831,0,0,0
2008-01-14,65,65,65,65,31.1454,0,0,0
2008-01-15,64.11,64.11,64.11,64.11,30.719,0,0,0
2008-01-16,62.85,62.85,62.85,62.85,30.1152,0,0,0
2008-01-17,60.32,60.32,60.32,60.32,28.903,0,0,0
2008-01-18,59.45,59.45,59.45,59.45,28.4861,0,0,0
2008-01-22,57.44,57.44,57.44,57.44,27.523,0,0,0
2008-01-23,59.22,59.22,59.22,59.22,28.3759,0,0,0
2008-01-24,57.89,57.89,57.89,57.89,27.7386,0,0,0
2008-01-25,57.11,57.11,57.11,57.11,27.3649,0,0,0
2008-01-28,57.94,57.94,57.94,57.94,27.7626,0,0,0
2008-01-29,58.25,58.25,58.25,58.25,27.9111,0,0,0
2008-01-30,58.08,58.08,58.08,58.08,27.8296,0,0,0
2008-01-31,59.43,59.43,59.43,59.43,28.4765,0,0,0
2008-02-01,60.41,60.41,60.41,60.41,28.9461,0,0,0
2008-02-04,61.33,61.33,61.33,61.33,29.3869,0,0,0
2008-02-05,59.41,59.41,59.41,59.41,28.4669,0,0,0
2008-02-06,59.19,59.19,59.19,59.19,28.3615,0,0,0
2008-02-07,59.02,59.02,59.02,59.02,28.28,0,0,0
2008-02-08,58.6,58.6,58.6,58.6,28.0788,0,0,0
2008-02-11,59.25,59.25,59.25,59.25,28.3903,0,0,0
2008-02-12,59.8,59.8,59.8,59.8,28.6538,0,0,0
2008-02-13,59.95,59.95,59.95,59.95,28.7257,0,0,0
2008-02-14,59.44,59.44,59.44,59.44,28.4813,0,0,0
2008-02-15,59.85,59.85,59.85,59.85,28.6778,0,0,0
2008-02-19,59.82,59.82,59.82,59.82,28.6634,0,0,0
2008-02-20,59.74,59.74,59.74,59.74,28.625,0,0,0
2008-02-21,58.74,58.74,58.74,58.74,28.1459,0,0,0
2008-02-22,59.4,59.4,59.4,59.4,28.4621,0,0,0
2008-02-25,59.54,59.54,59.54,59.54,28.5292,0,0,0
2008-02-26,60.1,60.1,60.1,60.1,28.7975,0,0,0
2008-02-27,59,59,59,59,28.2705,0,0,0
2008-02-28,58.8,58.8,58.8,58.8,28.1746,0,0,0
2008-02-29,57.09,57.09,57.09,57.09,27.3553,0,0,0
2008-03-03,57.79,57.79,57.79,57.79,27.6907,0,0,0
2008-03-04,58.71,58.71,58.71,58.71,28.1315,0,0,0
2008-03-05,58.87,58.87,58.87,58.87,28.2082,0,0,0
2008-03-06,57.65,57.65,57.65,57.65,27.6236,0,0,0
2008-03-07,57.33,57.33,57.33,57.33,27.4703,0,0,0
2008-03-10,56.83,56.83,56.83,56.83,27.2307,0,0,0
2008-03-11,58.49,58.49,58.49,58.49,28.0261,0,0,0
2008-03-12,57.8,57.8,57.8,57.8,27.6955,0,0,0
2008-03-13,58.01,58.01,58.01,58.01,27.7961,0,0,0
2008-03-14,57.41,57.41,57.41,57.41,27.5086,0,0,0
2008-03-17,56.61,56.61,56.61,56.61,27.1253,0,0,0
2008-03-18,57.52,57.52,57.52,57.52,27.5613,0,0,0
2008-03-19,56.32,56.32,56.32,56.32,26.9863,0,0,0
2008-03-20,56.16,56.16,56.16,56.16,26.9097,0,0,0
2008-03-24,56.18,56.18,56.18,56.18,26.9192,0,0,0
2008-03-25,56.45,56.45,56.45,56.45,27.0486,0,0,0
2008-03-26,56.84,56.84,56.84,56.84,27.2355,0,0,0
2008-03-27,57.28,57.28,57.28,57.28,27.4463,0,0,0
2008-03-28,56.8,56.8,56.8,56.8,27.2163,0,0,0
2008-03-31,57.33,57.33,57.33,57.33,27.4703,0,0,0
2008-04-01,58.69,58.69,58.69,58.69,28.1219,0,0,0
2008-04-02,58.91,58.91,58.91,58.91,28.2274,0,0,0
2008-04-03,58.66,58.66,58.66,58.66,28.1076,0,0,0
2008-04-04,59.06,59.06,59.06,59.06,28.2992,0,0,0
2008-04-07,59.14,59.14,59.14,59.14,28.3375,0,0,0
2008-04-08,59.51,59.51,59.51,59.51,28.5148,0,0,0
2008-04-09,59.57,59.57,59.57,59.57,28.5436,0,0,0
2008-04-10,59.25,59.25,59.25,59.25,28.3903,0,0,0
2008-04-11,59.17,59.17,59.17,59.17,28.3519,0,0,0
2008-04-14,59.4,59.4,59.4,59.4,28.4621,0,0,0
2008-04-15,59.89,59.89,59.89,59.89,28.6969,0,0,0
2008-04-16,61.39,61.39,61.39,61.39,29.4157,0,0,0
2008-04-17,61.58,61.58,61.58,61.58,29.5067,0,0,0
2008-04-18,61.84,61.84,61.84,61.84,29.6313,0,0,0
2008-04-21,61.53,61.53,61.53,61.53,29.4827,0,0,0
2008-04-22,61.35,61.35,61.35,61.35,29.3965,0,0,0
2008-04-23,61.89,61.89,61.89,61.89,29.6552,0,0,0
2008-04-24,61.38,61.38,61.38,61.38,29.4109,0,0,0
2008-04-25,61.3,61.3,61.3,61.3,29.3725,0,0,0
2008-04-28,61.35,61.35,61.35,61.35,29.3965,0,0,0
2008-04-29,60.76,60.76,60.76,60.76,29.1138,0,0,0
2008-04-30,60.75,60.75,60.75,60.75,29.109,0,0,0
2008-05-01,61.03,61.03,61.03,61.03,29.2432,0,0,0
2008-05-02,61.57,61.57,61.57,61.57,29.5019,0,0,0
2008-05-05,60.91,60.91,60.91,60.91,29.1857,0,0,0
2008-05-06,61.08,61.08,61.08,61.08,29.2671,0,0,0
2008-05-07,60.17,60.17,60.17,60.17,28.8311,0,0,0
2008-05-08,60.39,60.39,60.39,60.39,28.9365,0,0,0
2008-05-09,60.61,60.61,60.61,60.61,29.0419,0,0,0
2008-05-12,60.95,60.95,60.95,60.95,29.2048,0,0,0
2008-05-13,60.88,60.88,60.88,60.88,29.1713,0,0,0
2008-05-14,61.17,61.17,61.17,61.17,29.3102,0,0,0
2008-05-15,61.11,61.11,61.11,61.11,29.2815,0,0,0
2008-05-16,61.75,61.75,61.75,61.75,29.5882,0,0,0
2008-05-19,62.53,62.53,62.53,62.53,29.9619,0,0,0
2008-05-20,62.76,62.76,62.76,62.76,30.0721,0,0,0
2008-05-21,62.83,62.83,62.83,62.83,30.1057,0,0,0
2008-05-22,62.97,62.97,62.97,62.97,30.1727,0,0,0
2008-05-23,61.86,61.86,61.86,61.86,29.6409,0,0,0
2008-05-27,62.25,62.25,62.25,62.25,29.8277,0,0,0
2008-05-28,62.24,62.24,62.24,62.24,29.8229,0,0,0
2008-05-29,62.58,62.58,62.58,62.58,29.9858,0,0,0
2008-05-30,62.66,62.66,62.66,62.66,30.0242,0,0,0
2008-06-02,62.15,62.15,62.15,62.15,29.7798,0,0,0
2008-06-03,61.74,61.74,61.74,61.74,29.5834,0,0,0
2008-06-04,62.44,62.44,62.44,62.44,29.9188,0,0,0
2008-06-05,63.24,63.24,63.24,63.24,30.3021,0,0,0
2008-06-06,61.86,61.86,61.86,61.86,29.6409,0,0,0
2008-06-09,62.68,62.68,62.68,62.68,30.0338,0,0,0
2008-06-10,62.71,62.71,62.71,62.71,30.0482,0,0,0
2008-06-11,62.17,62.17,62.17,62.17,29.7894,0,0,0
2008-06-12,62.14,62.14,62.14,62.14,29.775,0,0,0
2008-06-13,63.06,63.06,63.06,63.06,30.2159,0,0,0
2008-06-16,63.07,63.07,63.07,63.07,30.2207,0,0,0
2008-06-17,63.14,63.14,63.14,63.14,30.2542,0,0,0
2008-06-18,62.88,62.88,62.88,62.88,30.1296,0,0,0
2008-06-19,63.3,63.3,63.3,63.3,30.3309,0,0,0
2008-06-20,62.4,62.4,62.4,62.4,29.8996,0,0,0
2008-06-23,62.92,62.92,62.92,62.92,30.1488,0,0,0
2008-06-24,62.71,62.71,62.71,62.71,30.0482,0,0,0
2008-06-25,62.94,62.94,62.94,62.94,30.1584,0,0,0
2008-06-26,61.33,61.33,61.33,61.33,29.3869,0,0,0
2008-06-27,61.01,61.01,61.01,61.01,29.2336,0,0,0
2008-06-30,62.23,62.23,62.23,62.23,29.8182,0,0,0
2008-07-01,62.68,62.68,62.68,62.68,30.0338,0,0,0
2008-07-02,62.22,62.22,62.22,62.22,29.8134,0,0,0
2008-07-03,61.56,61.56,61.56,61.56,29.4971,0,0,0
2008-07-07,60.74,60.74,60.74,60.74,29.1042,0,0,0
2008-07-08,60.64,60.64,60.64,60.64,29.0563,0,0,0
2008-07-09,61.17,61.17,61.17,61.17,29.3102,0,0,0
2008-07-10,61.53,61.53,61.53,61.53,29.4827,0,0,0
2008-07-11,61.1,61.1,61.1,61.1,29.2767,0,0,0
2008-07-14,60.28,60.28,60.28,60.28,28.8838,0,0,0
2008-07-15,59.93,59.93,59.93,59.93,28.7161,0,0,0
2008-07-16,58.75,58.75,58.75,58.75,28.1507,0,0,0
2008-07-17,57.53,57.53,57.53,57.53,27.5661,0,0,0
2008-07-18,58.06,58.06,58.06,58.06,27.8201,0,0,0
2008-07-21,58.95,58.95,58.95,58.95,28.2465,0,0,0
2008-07-22,58.73,58.73,58.73,58.73,28.1411,0,0,0
2008-07-23,57.07,57.07,57.07,57.07,27.3457,0,0,0
2008-07-24,56.13,56.13,56.13,56.13,26.8953,0,0,0
2008-07-25,55.93,55.93,55.93,55.93,26.7994,0,0,0
2008-07-28,55.61,55.61,55.61,55.61,26.6461,0,0,0
2008-07-29,55.9,55.9,55.9,55.9,26.7851,0,0,0
2008-07-30,56.74,56.74,56.74,56.74,27.1876,0,0,0
2008-07-31,56.58,56.58,56.58,56.58,27.1109,0,0,0
2008-08-01,54.75,54.75,54.75,54.75,26.234,0,0,0
2008-08-04,53.41,53.41,53.41,53.41,25.592,0,0,0
2008-08-05,53.71,53.71,53.71,53.71,25.7357,0,0,0
2008-08-06,53.85,53.85,53.85,53.85,25.8028,0,0,0
2008-08-07,53.85,53.85,53.85,53.85,25.8028,0,0,0
2008-08-08,54.07,54.07,54.07,54.07,25.9082,0,0,0
2008-08-11,54.25,54.25,54.25,54.25,25.9945,0,0,0
2008-08-12,53.07,53.07,53.07,53.07,25.429,0,0,0
2008-08-13,53.79,53.79,53.79,53.79,25.774,0,0,0
2008-08-14,53.1,53.1,53.1,53.1,25.4434,0,0,0
2008-08-15,53.43,53.43,53.43,53.43,25.6015,0,0,0
2008-08-18,53.36,53.36,53.36,53.36,25.568,0,0,0
2008-08-19,53.38,53.38,53.38,53.38,25.5776,0,0,0
2008-08-20,53.89,53.89,53.89,53.89,25.8219,0,0,0
2008-08-21,54.48,54.48,54.48,54.48,26.1047,0,0,0
2008-08-22,54.55,54.55,54.55,54.55,26.1382,0,0,0
2008-08-25,53.95,53.95,53.95,53.95,25.8507,0,0,0
2008-08-26,54.64,54.64,54.64,54.64,26.1813,0,0,0
2008-08-27,55.16,55.16,55.16,55.16,26.4305,0,0,0
2008-08-28,55.42,55.42,55.42,55.42,26.5551,0,0,0
2008-08-29,54.4,54.4,54.4,54.4,26.0663,0,0,0
2008-09-02,53.43,53.43,53.43,53.43,25.6015,0,0,0
2008-09-03,52.42,52.42,52.42,52.42,25.1176,0,0,0
2008-09-04,51.65,51.65,51.65,51.65,24.7486,0,0,0
2008-09-05,50.61,50.61,50.61,50.61,24.2503,0,0,0
2008-09-08,51.5,51.5,51.5,51.5,24.6768,0,0,0
2008-09-09,49.67,49.67,49.67,49.67,23.7999,0,0,0
2008-09-10,50.11,50.11,50.11,50.11,24.0107,0,0,0
2008-09-11,50.82,50.82,50.82,50.82,24.3509,0,0,0
2008-09-12,51.59,51.59,51.59,51.59,24.7199,0,0,0
2008-09-15,49.61,49.61,49.61,49.61,23.7712,0,0,0
2008-09-16,48.57,48.57,48.57,48.57,23.2728,0,0,0
2008-09-17,45.68,45.68,45.68,45.68,21.8881,0,0,0
2008-09-18,47,47,47,47,22.5205,0,0,0
2008-09-19,48.77,48.77,48.77,48.77,23.3687,0,0,0
2008-09-22,47.77,47.77,47.77,47.77,22.8895,0,0,0
2008-09-23,47.22,47.22,47.22,47.22,22.626,0,0,0
2008-09-24,47.18,47.18,47.18,47.18,22.6068,0,0,0
2008-09-25,48.4,48.4,48.4,48.4,23.1914,0,0,0
2008-09-26,47.82,47.82,47.82,47.82,22.9135,0,0,0
2008-09-29,45.28,45.28,45.28,45.28,21.6964,0,0,0
2008-09-30,45.96,45.96,45.96,45.96,22.0222,0,0,0
2008-10-01,45.97,45.97,45.97,45.97,22.027,0,0,0
2008-10-02,44.7,44.7,44.7,44.7,21.4185,0,0,0
2008-10-03,44.5,44.5,44.5,44.5,21.3226,0,0,0
2008-10-06,42.15,42.15,42.15,42.15,20.1966,0,0,0
2008-10-07,40.18,40.18,40.18,40.18,19.2527,0,0,0
2008-10-08,39.5,39.5,39.5,39.5,18.9268,0,0,0
2008-10-09,37.23,37.23,37.23,37.23,17.8391,0,0,0
2008-10-10,35.63,35.63,35.63,35.63,17.0725,0,0,0
2008-10-13,40.67,40.67,40.67,40.67,19.4875,0,0,0
2008-10-14,40.12,40.12,40.12,40.12,19.2239,0,0,0
2008-10-15,36.91,36.91,36.91,36.91,17.6858,0,0,0
2008-10-16,38.06,38.06,38.06,38.06,18.2368,0,0,0
2008-10-17,38.6,38.6,38.6,38.6,18.4956,0,0,0
2008-10-20,41.71,41.71,41.71,41.71,19.9858,0,0,0
2008-10-21,40.2,40.2,40.2,40.2,19.2623,0,0,0
2008-10-22,37.8,37.8,37.8,37.8,18.1123,0,0,0
2008-10-23,39.15,39.15,39.15,39.15,18.7591,0,0,0
2008-10-24,38.02,38.02,38.02,38.02,18.2177,0,0,0
2008-10-27,36.65,36.65,36.65,36.65,17.5612,0,0,0
2008-10-28,40.51,40.51,40.51,40.51,19.4108,0,0,0
2008-10-29,39.46,39.46,39.46,39.46,18.9077,0,0,0
2008-10-30,41.15,41.15,41.15,41.15,19.7175,0,0,0
2008-10-31,40.3,40.3,40.3,40.3,19.3102,0,0,0
2008-11-03,40.45,40.45,40.45,40.45,19.382,0,0,0
2008-11-04,41.59,41.59,41.59,41.59,19.9283,0,0,0
2008-11-05,39.94,39.94,39.94,39.94,19.1377,0,0,0
2008-11-06,38.29,38.29,38.29,38.29,18.3471,0,0,0
2008-11-07,40.32,40.32,40.32,40.32,19.3197,0,0,0
2008-11-10,39.18,39.18,39.18,39.18,18.7735,0,0,0
2008-11-11,39.29,39.29,39.29,39.29,18.8262,0,0,0
2008-11-12,38.28,38.28,38.28,38.28,18.3423,0,0,0
2008-11-13,41.27,41.27,41.27,41.27,19.775,0,0,0
2008-11-14,39.84,39.84,39.84,39.84,19.0898,0,0,0
2008-11-17,39.74,39.74,39.74,39.74,19.0418,0,0,0
2008-11-18,39.94,39.94,39.94,39.94,19.1377,0,0,0
2008-11-19,38.6,38.6,38.6,38.6,18.4956,0,0,0
2008-11-20,36.54,36.54,36.54,36.54,17.5085,0,0,0
2008-11-21,39.71,39.71,39.71,39.71,19.0275,0,0,0
2008-11-24,40.48,40.48,40.48,40.48,19.3964,0,0,0
2008-11-25,40.86,40.86,40.86,40.86,19.5785,0,0,0
2008-11-26,41.21,41.21,41.21,41.21,19.7462,0,0,0
2008-11-28,42.02,42.02,42.02,42.02,20.1343,0,0,0
2008-12-01,39.25,39.25,39.25,39.25,18.8071,0,0,0
2008-12-02,40.08,40.08,40.08,40.08,19.2048,0,0,0
2008-12-03,40.92,40.92,40.92,40.92,19.6073,0,0,0
2008-12-04,39.05,39.05,39.05,39.05,18.7112,0,0,0
2008-12-05,39.09,39.09,39.09,39.09,19.1472,0,0.85,0
2008-12-08,39.35,39.35,39.35,39.35,19.2745,0,0,0
2008-12-09,38.72,38.72,38.72,38.72,18.9659,0,0,0
2008-12-10,39.47,39.47,39.47,39.47,19.3333,0,0,0
2008-12-11,39.16,39.16,39.16,39.16,19.1814,0,0,0
2008-12-12,39.44,39.44,39.44,39.44,19.3186,0,0,0
2008-12-15,38.69,38.69,38.69,38.69,18.9512,0,0,0
2008-12-16,39.99,39.99,39.99,39.99,19.588,0,0,0
2008-12-17,38.83,38.83,38.83,38.83,19.0198,0,0,0
2008-12-18,39.07,39.07,39.07,39.07,19.1374,0,0,0
2008-12-19,39.11,39.11,39.11,39.11,19.157,0,0,0
2008-12-22,38.97,38.97,38.97,38.97,19.0884,0,0,0
2008-12-23,38.31,38.31,38.31,38.31,18.7651,0,0,0
2008-12-24,38.59,38.59,38.59,38.59,18.9022,0,0,0
2008-12-26,38.84,38.84,38.84,38.84,19.0247,0,0,0
2008-12-29,38.8,38.8,38.8,38.8,19.0051,0,0,0
2008-12-30,39.43,39.43,39.43,39.43,19.3137,0,0,0
2008-12-31,40.26,40.26,40.26,40.26,19.7203,0,0,0
2009-01-02,41.18,41.18,41.18,41.18,20.1709,0,0,0
2009-01-05,41.55,41.55,41.55,41.55,20.3521,0,0,0
2009-01-06,41.34,41.34,41.34,41.34,20.2493,0,0,0
2009-01-07,40.55,40.55,40.55,40.55,19.8623,0,0,0
2009-01-08,40.75,40.75,40.75,40.75,19.9603,0,0,0
2009-01-09,40.29,40.29,40.29,40.29,19.7349,0,0,0
2009-01-12,40.28,40.28,40.28,40.28,19.73,0,0,0
2009-01-13,39.47,39.47,39.47,39.47,19.3333,0,0,0
2009-01-14,38.96,38.96,38.96,38.96,19.0835,0,0,0
2009-01-15,39.2,39.2,39.2,39.2,19.201,0,0,0
2009-01-16,40.08,40.08,40.08,40.08,19.6321,0,0,0
2009-01-20,39.25,39.25,39.25,39.25,19.2255,0,0,0
2009-01-21,39.86,39.86,39.86,39.86,19.5243,0,0,0
2009-01-22,39.81,39.81,39.81,39.81,19.4998,0,0,0
2009-01-23,39.95,39.95,39.95,39.95,19.5684,0,0,0
2009-01-26,40.93,40.93,40.93,40.93,20.0484,0,0,0
2009-01-27,40.94,40.94,40.94,40.94,20.0533,0,0,0
2009-01-28,41.3,41.3,41.3,41.3,20.2297,0,0,0
2009-01-29,40.94,40.94,40.94,40.94,20.0533,0,0,0
2009-01-30,39.9,39.9,39.9,39.9,19.5439,0,0,0
2009-02-02,40.17,40.17,40.17,40.17,19.6762,0,0,0
2009-02-03,40.46,40.46,40.46,40.46,19.8182,0,0,0
2009-02-04,40.82,40.82,40.82,40.82,19.9945,0,0,0
2009-02-05,41.07,41.07,41.07,41.07,20.117,0,0,0
2009-02-06,41.57,41.57,41.57,41.57,20.3619,0,0,0
2009-02-09,41.21,41.21,41.21,41.21,20.1856,0,0,0
2009-02-10,39.95,39.95,39.95,39.95,19.5684,0,0,0
2009-02-11,39.71,39.71,39.71,39.71,19.4509,0,0,0
2009-02-12,39.36,39.36,39.36,39.36,19.2794,0,0,0
2009-02-13,39.36,39.36,39.36,39.36,19.2794,0,0,0
2009-02-17,37.35,37.35,37.35,37.35,18.2949,0,0,0
2009-02-18,36.7,36.7,36.7,36.7,17.9765,0,0,0
2009-02-19,36.9,36.9,36.9,36.9,18.0744,0,0,0
2009-02-20,35.89,35.89,35.89,35.89,17.5797,0,0,0
2009-02-23,34.88,34.88,34.88,34.88,17.085,0,0,0
2009-02-24,36.18,36.18,36.18,36.18,17.7218,0,0,0
2009-02-25,35.8,35.8,35.8,35.8,17.5356,0,0,0
2009-02-26,35.4,35.4,35.4,35.4,17.3397,0,0,0
2009-02-27,34.94,34.94,34.94,34.94,17.1144,0,0,0
2009-03-02,33.68,33.68,33.68,33.68,16.4972,0,0,0
2009-03-03,32.49,32.49,32.49,32.49,15.9143,0,0,0
2009-03-04,33.16,33.16,33.16,33.16,16.2425,0,0,0
2009-03-05,31.97,31.97,31.97,31.97,15.6596,0,0,0
2009-03-06,32.14,32.14,32.14,32.14,15.7429,0,0,0
2009-03-09,31.41,31.41,31.41,31.41,15.3853,0,0,0
2009-03-10,32.08,32.08,32.08,32.08,15.7135,0,0,0
2009-03-11,31.91,31.91,31.91,31.91,15.6302,0,0,0
2009-03-12,32.45,32.45,32.45,32.45,15.8947,0,0,0
2009-03-13,32.81,32.81,32.81,32.81,16.0711,0,0,0
2009-03-16,33.55,33.55,33.55,33.55,16.4335,0,0,0
2009-03-17,34.08,34.08,34.08,34.08,16.6931,0,0,0
2009-03-18,35.08,35.08,35.08,35.08,17.183,0,0,0
2009-03-19,35.47,35.47,35.47,35.47,17.374,0,0,0
2009-03-20,35.18,35.18,35.18,35.18,17.232,0,0,0
2009-03-23,36.59,36.59,36.59,36.59,17.9226,0,0,0
2009-03-24,35.77,35.77,35.77,35.77,17.5209,0,0,0
2009-03-25,35.64,35.64,35.64,35.64,17.4573,0,0,0
2009-03-26,36.28,36.28,36.28,36.28,17.7708,0,0,0
2009-03-27,35.73,35.73,35.73,35.73,17.5014,0,0,0
2009-03-30,34.94,34.94,34.94,34.94,17.1144,0,0,0
2009-03-31,35.51,35.51,35.51,35.51,17.3936,0,0,0
2009-04-01,35.61,35.61,35.61,35.61,17.4426,0,0,0
2009-04-02,36.2,36.2,36.2,36.2,17.7316,0,0,0
2009-04-03,36.47,36.47,36.47,36.47,17.8638,0,0,0
2009-04-06,36.01,36.01,36.01,36.01,17.6385,0,0,0
2009-04-07,35.78,35.78,35.78,35.78,17.5258,0,0,0
2009-04-08,36.28,36.28,36.28,36.28,17.7708,0,0,0
2009-04-09,36.41,36.41,36.41,36.41,17.8344,0,0,0
2009-04-13,35.89,35.89,35.89,35.89,17.5797,0,0,0
2009-04-14,35.43,35.43,35.43,35.43,17.3544,0,0,0
2009-04-15,35.92,35.92,35.92,35.92,17.5944,0,0,0
2009-04-16,36.1,36.1,36.1,36.1,17.6826,0,0,0
2009-04-17,36.04,36.04,36.04,36.04,17.7466,0,0.19,0
2009-04-20,35.36,35.36,35.36,35.36,17.4118,0,0,0
2009-04-21,35.56,35.56,35.56,35.56,17.5102,0,0,0
2009-04-22,35.17,35.17,35.17,35.17,17.3182,0,0,0
2009-04-23,35.23,35.23,35.23,35.23,17.3477,0,0,0
2009-04-24,35.15,35.15,35.15,35.15,17.3084,0,0,0
2009-04-27,35.45,35.45,35.45,35.45,17.4561,0,0,0
2009-04-28,35.56,35.56,35.56,35.56,17.5102,0,0,0
2009-04-29,35.95,35.95,35.95,35.95,17.7023,0,0,0
2009-04-30,36.13,36.13,36.13,36.13,17.7909,0,0,0
2009-05-01,37.17,37.17,37.17,37.17,18.303,0,0,0
2009-05-04,37.84,37.84,37.84,37.84,18.633,0,0,0
2009-05-05,37.6,37.6,37.6,37.6,18.5148,0,0,0
2009-05-06,37.53,37.53,37.53,37.53,18.4803,0,0,0
2009-05-07,37.76,37.76,37.76,37.76,18.5936,0,0,0
2009-05-08,38.65,38.65,38.65,38.65,19.0318,0,0,0
2009-05-11,38.39,38.39,38.39,38.39,18.9038,0,0,0
2009-05-12,38.63,38.63,38.63,38.63,19.022,0,0,0
2009-05-13,37.56,37.56,37.56,37.56,18.4951,0,0,0
2009-05-14,37.49,37.49,37.49,37.49,18.4606,0,0,0
2009-05-15,36.44,36.44,36.44,36.44,17.9436,0,0,0
2009-05-18,36.46,36.46,36.46,36.46,17.9534,0,0,0
2009-05-19,37.14,37.14,37.14,37.14,18.2883,0,0,0
2009-05-20,36.57,36.57,36.57,36.57,18.0076,0,0,0
2009-05-21,36.08,36.08,36.08,36.08,17.7663,0,0,0
2009-05-22,36.23,36.23,36.23,36.23,17.8402,0,0,0
2009-05-26,37.25,37.25,37.25,37.25,18.3424,0,0,0
2009-05-27,36.72,36.72,36.72,36.72,18.0814,0,0,0
2009-05-28,37.48,37.48,37.48,37.48,18.4557,0,0,0
2009-05-29,37.83,37.83,37.83,37.83,18.628,0,0,0
2009-06-01,39.21,39.21,39.21,39.21,19.3076,0,0,0
2009-06-02,38.63,38.63,38.63,38.63,19.022,0,0,0
2009-06-03,37.84,37.84,37.84,37.84,18.633,0,0,0
2009-06-04,38.28,38.28,38.28,38.28,18.8496,0,0,0
2009-06-05,38.28,38.28,38.28,38.28,18.8496,0,0,0
2009-06-08,38.05,38.05,38.05,38.05,18.7364,0,0,0
2009-06-09,37.78,37.78,37.78,37.78,18.6034,0,0,0
2009-06-10,38.36,38.36,38.36,38.36,18.889,0,0,0
2009-06-11,39.18,39.18,39.18,39.18,19.2928,0,0,0
2009-06-12,39.73,39.73,39.73,39.73,19.5636,0,0,0
2009-06-15,38.8,38.8,38.8,38.8,19.1057,0,0,0
2009-06-16,38.7,38.7,38.7,38.7,19.0564,0,0,0
2009-06-17,38.54,38.54,38.54,38.54,18.9776,0,0,0
2009-06-18,39.32,39.32,39.32,39.32,19.3617,0,0,0
2009-06-19,39.02,39.02,39.02,39.02,19.214,0,0,0
2009-06-22,38.76,38.76,38.76,38.76,19.086,0,0,0
2009-06-23,38.31,38.31,38.31,38.31,18.8644,0,0,0
2009-06-24,38.68,38.68,38.68,38.68,19.0466,0,0,0
2009-06-25,39.32,39.32,39.32,39.32,19.3617,0,0,0
2009-06-26,39.18,39.18,39.18,39.18,19.2928,0,0,0
2009-06-29,39.8,39.8,39.8,39.8,19.5981,0,0,0
2009-06-30,39.6,39.6,39.6,39.6,19.4996,0,0,0
2009-07-01,40.03,40.03,40.03,40.03,19.7113,0,0,0
2009-07-02,38.78,38.78,38.78,38.78,19.0958,0,0,0
2009-07-06,39,39,39,39,19.2041,0,0,0
2009-07-07,38.22,38.22,38.22,38.22,18.8201,0,0,0
2009-07-08,38.17,38.17,38.17,38.17,18.7954,0,0,0
2009-07-09,38.52,38.52,38.52,38.52,18.9678,0,0,0
2009-07-10,38.38,38.38,38.38,38.38,18.8989,0,0,0
2009-07-13,38.92,38.92,38.92,38.92,19.1648,0,0,0
2009-07-14,39.38,39.38,39.38,39.38,19.3913,0,0,0
2009-07-15,40.14,40.14,40.14,40.14,19.7655,0,0,0
2009-07-16,40.21,40.21,40.21,40.21,19.8,0,0,0
2009-07-17,39.95,39.95,39.95,39.95,19.6719,0,0,0
2009-07-20,40.28,40.28,40.28,40.28,19.8344,0,0,0
2009-07-21,40.78,40.78,40.78,40.78,20.0807,0,0,0
2009-07-22,40.5,40.5,40.5,40.5,19.9428,0,0,0
2009-07-23,41.61,41.61,41.61,41.61,20.4893,0,0,0
2009-07-24,42.3,42.3,42.3,42.3,20.8291,0,0,0
2009-07-27,42.31,42.31,42.31,42.31,20.834,0,0,0
2009-07-28,41.52,41.52,41.52,41.52,20.445,0,0,0
2009-07-29,41.49,41.49,41.49,41.49,20.4303,0,0,0
2009-07-30,42.08,42.08,42.08,42.08,20.7208,0,0,0
2009-07-31,41.82,41.82,41.82,41.82,20.5928,0,0,0
2009-08-03,42.27,42.27,42.27,42.27,20.8143,0,0,0
2009-08-04,41.99,41.99,41.99,41.99,20.6765,0,0,0
2009-08-05,41.81,41.81,41.81,41.81,20.5878,0,0,0
2009-08-06,41.92,41.92,41.92,41.92,20.642,0,0,0
2009-08-07,42.33,42.33,42.33,42.33,20.8439,0,0,0
2009-08-10,42.54,42.54,42.54,42.54,20.9473,0,0,0
2009-08-11,42.42,42.42,42.42,42.42,20.8882,0,0,0
2009-08-12,42.67,42.67,42.67,42.67,21.0113,0,0,0
2009-08-13,42.6,42.6,42.6,42.6,20.9768,0,0,0
2009-08-14,42.68,42.68,42.68,42.68,21.0162,0,0,0
2009-08-17,42.06,42.06,42.06,42.06,20.7109,0,0,0
2009-08-18,42.2,42.2,42.2,42.2,20.7799,0,0,0
2009-08-19,42.58,42.58,42.58,42.58,20.967,0,0,0
2009-08-20,42.85,42.85,42.85,42.85,21.0999,0,0,0
2009-08-21,43.67,43.67,43.67,43.67,21.5037,0,0,0
2009-08-24,43.7,43.7,43.7,43.7,21.5185,0,0,0
2009-08-25,43.46,43.46,43.46,43.46,21.4003,0,0,0
2009-08-26,43.56,43.56,43.56,43.56,21.4496,0,0,0
2009-08-27,43.47,43.47,43.47,43.47,21.4052,0,0,0
2009-08-28,43.55,43.55,43.55,43.55,21.4446,0,0,0
2009-08-31,42.97,42.97,42.97,42.97,21.159,0,0,0
2009-09-01,42.57,42.57,42.57,42.57,20.9621,0,0,0
2009-09-02,42.16,42.16,42.16,42.16,20.7602,0,0,0
2009-09-03,42.26,42.26,42.26,42.26,20.8094,0,0,0
2009-09-04,42.45,42.45,42.45,42.45,20.903,0,0,0
2009-09-08,42.59,42.59,42.59,42.59,20.9719,0,0,0
2009-09-09,42.66,42.66,42.66,42.66,21.0064,0,0,0
2009-09-10,42.71,42.71,42.71,42.71,21.031,0,0,0
2009-09-11,42.56,42.56,42.56,42.56,20.9571,0,0,0
2009-09-14,43.3,43.3,43.3,43.3,21.3215,0,0,0
2009-09-15,43.57,43.57,43.57,43.57,21.4545,0,0,0
2009-09-16,44.24,44.24,44.24,44.24,21.7844,0,0,0
2009-09-17,43.78,43.78,43.78,43.78,21.5579,0,0,0
2009-09-18,43.92,43.92,43.92,43.92,21.6268,0,0,0
2009-09-21,43.84,43.84,43.84,43.84,21.5874,0,0,0
2009-09-22,43.83,43.83,43.83,43.83,21.5825,0,0,0
2009-09-23,43.57,43.57,43.57,43.57,21.4545,0,0,0
2009-09-24,43.28,43.28,43.28,43.28,21.3117,0,0,0
2009-09-25,42.99,42.99,42.99,42.99,21.1689,0,0,0
2009-09-28,43.51,43.51,43.51,43.51,21.4249,0,0,0
2009-09-29,43.75,43.75,43.75,43.75,21.5431,0,0,0
2009-09-30,43.36,43.36,43.36,43.36,21.3511,0,0,0
2009-10-01,42.48,42.48,42.48,42.48,20.9177,0,0,0
2009-10-02,42.1,42.1,42.1,42.1,20.7306,0,0,0
2009-10-05,42.88,42.88,42.88,42.88,21.1147,0,0,0
2009-10-06,43.17,43.17,43.17,43.17,21.2575,0,0,0
2009-10-07,43.08,43.08,43.08,43.08,21.2132,0,0,0
2009-10-08,43.22,43.22,43.22,43.22,21.2821,0,0,0
2009-10-09,43.57,43.57,43.57,43.57,21.4545,0,0,0
2009-10-12,43.81,43.81,43.81,43.81,21.5727,0,0,0
2009-10-13,43.65,43.65,43.65,43.65,21.4939,0,0,0
2009-10-14,43.83,43.83,43.83,43.83,21.5825,0,0,0
2009-10-15,44.26,44.26,44.26,44.26,21.7942,0,0,0
2009-10-16,44.31,44.31,44.31,44.31,21.8189,0,0,0
2009-10-19,44.73,44.73,44.73,44.73,22.0257,0,0,0
2009-10-20,44.12,44.12,44.12,44.12,21.7253,0,0,0
2009-10-21,43.98,43.98,43.98,43.98,21.6564,0,0,0
2009-10-22,44.14,44.14,44.14,44.14,21.7352,0,0,0
2009-10-23,43.29,43.29,43.29,43.29,21.3166,0,0,0
2009-10-26,42.66,42.66,42.66,42.66,21.0064,0,0,0
2009-10-27,42.35,42.35,42.35,42.35,20.8537,0,0,0
2009-10-28,41.7,41.7,41.7,41.7,20.5337,0,0,0
2009-10-29,42.23,42.23,42.23,42.23,20.7946,0,0,0
2009-10-30,41.47,41.47,41.47,41.47,20.4204,0,0,0
2009-11-02,41.27,41.27,41.27,41.27,20.3219,0,0,0
2009-11-03,41.24,41.24,41.24,41.24,20.3072,0,0,0
2009-11-04,41.54,41.54,41.54,41.54,20.4549,0,0,0
2009-11-05,42.25,42.25,42.25,42.25,20.8045,0,0,0
2009-11-06,42.1,42.1,42.1,42.1,20.7306,0,0,0
2009-11-09,42.84,42.84,42.84,42.84,21.095,0,0,0
2009-11-10,43.04,43.04,43.04,43.04,21.1935,0,0,0
2009-11-11,42.96,42.96,42.96,42.96,21.1541,0,0,0
2009-11-12,42.29,42.29,42.29,42.29,20.8242,0,0,0
2009-11-13,42.71,42.71,42.71,42.71,21.031,0,0,0
2009-11-16,43.28,43.28,43.28,43.28,21.3117,0,0,0
2009-11-17,43.15,43.15,43.15,43.15,21.2477,0,0,0
2009-11-18,42.91,42.91,42.91,42.91,21.1295,0,0,0
2009-11-19,42.29,42.29,42.29,42.29,20.8242,0,0,0
2009-11-20,42.39,42.39,42.39,42.39,20.8734,0,0,0
2009-11-23,42.91,42.91,42.91,42.91,21.1295,0,0,0
2009-11-24,43.1,43.1,43.1,43.1,21.223,0,0,0
2009-11-25,43.52,43.52,43.52,43.52,21.4299,0,0,0
2009-11-27,42.81,42.81,42.81,42.81,21.0802,0,0,0
2009-11-30,43.12,43.12,43.12,43.12,21.2329,0,0,0
2009-12-01,43.87,43.87,43.87,43.87,21.6022,0,0,0
2009-12-02,44.42,44.42,44.42,44.42,21.873,0,0,0
2009-12-03,44.48,44.48,44.48,44.48,21.9026,0,0,0
2009-12-04,43.37,43.37,43.37,43.37,21.8774,0,1.06,0
2009-12-07,43.66,43.66,43.66,43.66,22.0236,0,0,0
2009-12-08,43.53,43.53,43.53,43.53,21.9581,0,0,0
2009-12-09,43.61,43.61,43.61,43.61,21.9984,0,0,0
2009-12-10,44.13,44.13,44.13,44.13,22.2607,0,0,0
2009-12-11,44.93,44.93,44.93,44.93,22.6643,0,0,0
2009-12-14,45.19,45.19,45.19,45.19,22.7954,0,0,0
2009-12-15,45.03,45.03,45.03,45.03,22.7147,0,0,0
2009-12-16,44.98,44.98,44.98,44.98,22.6895,0,0,0
2009-12-17,44.79,44.79,44.79,44.79,22.5937,0,0,0
2009-12-18,45.01,45.01,45.01,45.01,22.7046,0,0,0
2009-12-21,45.21,45.21,45.21,45.21,22.8055,0,0,0
2009-12-22,45,45,45,45,22.6996,0,0,0
2009-12-23,45.08,45.08,45.08,45.08,22.7399,0,0,0
2009-12-24,45.36,45.36,45.36,45.36,22.8812,0,0,0
2009-12-28,45.38,45.38,45.38,45.38,22.8913,0,0,0
2009-12-29,45.42,45.42,45.42,45.42,22.9114,0,0,0
2009-12-30,45.42,45.42,45.42,45.42,22.9114,0,0,0
2009-12-31,44.72,44.72,44.72,44.72,22.5583,0,0,0
2010-01-04,44.92,44.92,44.92,44.92,22.6592,0,0,0
2010-01-05,44.61,44.61,44.61,44.61,22.5029,0,0,0
2010-01-06,44.9,44.9,44.9,44.9,22.6491,0,0,0
2010-01-07,44.73,44.73,44.73,44.73,22.5634,0,0,0
2010-01-08,44.79,44.79,44.79,44.79,22.5937,0,0,0
2010-01-11,45.23,45.23,45.23,45.23,22.8156,0,0,0
2010-01-12,44.95,44.95,44.95,44.95,22.6744,0,0,0
2010-01-13,45.36,45.36,45.36,45.36,22.8812,0,0,0
2010-01-14,45.19,45.19,45.19,45.19,22.7954,0,0,0
2010-01-15,45.04,45.04,45.04,45.04,22.7198,0,0,0
2010-01-19,45.55,45.55,45.55,45.55,22.977,0,0,0
2010-01-20,45.15,45.15,45.15,45.15,22.7753,0,0,0
2010-01-21,44.33,44.33,44.33,44.33,22.3616,0,0,0
2010-01-22,43.53,43.53,43.53,43.53,21.9581,0,0,0
2010-01-25,43.8,43.8,43.8,43.8,22.0943,0,0,0
2010-01-26,43.77,43.77,43.77,43.77,22.0791,0,0,0
2010-01-27,43.48,43.48,43.48,43.48,21.9328,0,0,0
2010-01-28,43.15,43.15,43.15,43.15,21.7664,0,0,0
2010-01-29,42.76,42.76,42.76,42.76,21.5697,0,0,0
2010-02-01,43.16,43.16,43.16,43.16,21.7714,0,0,0
2010-02-02,43.58,43.58,43.58,43.58,21.9833,0,0,0
2010-02-03,43.33,43.33,43.33,43.33,21.8572,0,0,0
2010-02-04,42.12,42.12,42.12,42.12,21.2468,0,0,0
2010-02-05,42.02,42.02,42.02,42.02,21.1964,0,0,0
2010-02-08,41.55,41.55,41.55,41.55,20.9593,0,0,0
2010-02-09,41.91,41.91,41.91,41.91,21.1409,0,0,0
2010-02-10,41.7,41.7,41.7,41.7,21.035,0,0,0
2010-02-11,41.96,41.96,41.96,41.96,21.1661,0,0,0
2010-02-12,41.79,41.79,41.79,41.79,21.0803,0,0,0
2010-02-16,42.59,42.59,42.59,42.59,21.4839,0,0,0
2010-02-17,42.56,42.56,42.56,42.56,21.4688,0,0,0
2010-02-18,42.77,42.77,42.77,42.77,21.5747,0,0,0
2010-02-19,43.32,43.32,43.32,43.32,21.8521,0,0,0
2010-02-22,43.13,43.13,43.13,43.13,21.7563,0,0,0
2010-02-23,42.77,42.77,42.77,42.77,21.5747,0,0,0
2010-02-24,42.78,42.78,42.78,42.78,21.5797,0,0,0
2010-02-25,42.59,42.59,42.59,42.59,21.4839,0,0,0
2010-02-26,42.25,42.25,42.25,42.25,21.3124,0,0,0
2010-03-01,42.78,42.78,42.78,42.78,21.5797,0,0,0
2010-03-02,43.09,43.09,43.09,43.09,21.7361,0,0,0
2010-03-03,42.93,42.93,42.93,42.93,21.6554,0,0,0
2010-03-04,42.95,42.95,42.95,42.95,21.6655,0,0,0
2010-03-05,43.44,43.44,43.44,43.44,21.9127,0,0,0
2010-03-08,43.54,43.54,43.54,43.54,21.9631,0,0,0
2010-03-09,43.5,43.5,43.5,43.5,21.9429,0,0,0
2010-03-10,43.6,43.6,43.6,43.6,21.9934,0,0,0
2010-03-11,43.78,43.78,43.78,43.78,22.0842,0,0,0
2010-03-12,43.59,43.59,43.59,43.59,21.9883,0,0,0
2010-03-15,43.66,43.66,43.66,43.66,22.0236,0,0,0
2010-03-16,44.11,44.11,44.11,44.11,22.2506,0,0,0
2010-03-17,44.28,44.28,44.28,44.28,22.3364,0,0,0
2010-03-18,44.07,44.07,44.07,44.07,22.2305,0,0,0
2010-03-19,43.98,43.98,43.98,43.98,22.1851,0,0,0
2010-03-22,43.77,43.77,43.77,43.77,22.0791,0,0,0
2010-03-23,44,44,44,44,22.1952,0,0,0
2010-03-24,43.67,43.67,43.67,43.67,22.0287,0,0,0
2010-03-25,43.32,43.32,43.32,43.32,21.8521,0,0,0
2010-03-26,43.56,43.56,43.56,43.56,21.9732,0,0,0
2010-03-29,44.07,44.07,44.07,44.07,22.2305,0,0,0
2010-03-30,44.02,44.02,44.02,44.02,22.2052,0,0,0
2010-03-31,43.84,43.84,43.84,43.84,22.1144,0,0,0
2010-04-01,44.34,44.34,44.34,44.34,22.3667,0,0,0
2010-04-05,44.7,44.7,44.7,44.7,22.5483,0,0,0
2010-04-06,45.14,45.14,45.14,45.14,22.7702,0,0,0
2010-04-07,44.65,44.65,44.65,44.65,22.523,0,0,0
2010-04-08,44.36,44.36,44.36,44.36,22.3768,0,0,0
2010-04-09,44.46,44.46,44.46,44.46,22.5237,0,0.19,0
2010-04-12,44.62,44.62,44.62,44.62,22.6047,0,0,0
2010-04-13,44.42,44.42,44.42,44.42,22.5034,0,0,0
2010-04-14,44.48,44.48,44.48,44.48,22.5338,0,0,0
2010-04-15,44.53,44.53,44.53,44.53,22.5591,0,0,0
2010-04-16,44.03,44.03,44.03,44.03,22.3058,0,0,0
2010-04-19,44.02,44.02,44.02,44.02,22.3008,0,0,0
2010-04-20,44.58,44.58,44.58,44.58,22.5845,0,0,0
2010-04-21,44.83,44.83,44.83,44.83,22.7111,0,0,0
2010-04-22,45.04,45.04,45.04,45.04,22.8175,0,0,0
2010-04-23,45.44,45.44,45.44,45.44,23.0201,0,0,0
2010-04-26,45.27,45.27,45.27,45.27,22.934,0,0,0
2010-04-27,44.43,44.43,44.43,44.43,22.5085,0,0,0
2010-04-28,44.73,44.73,44.73,44.73,22.6604,0,0,0
2010-04-29,45.06,45.06,45.06,45.06,22.8276,0,0,0
2010-04-30,45.15,45.15,45.15,45.15,22.8732,0,0,0
2010-05-03,45.77,45.77,45.77,45.77,23.1873,0,0,0
2010-05-04,44.86,44.86,44.86,44.86,22.7263,0,0,0
2010-05-05,44.38,44.38,44.38,44.38,22.4831,0,0,0
2010-05-06,43.25,43.25,43.25,43.25,21.9107,0,0,0
2010-05-07,42.85,42.85,42.85,42.85,21.708,0,0,0
2010-05-10,44.25,44.25,44.25,44.25,22.4173,0,0,0
2010-05-11,44.36,44.36,44.36,44.36,22.473,0,0,0
2010-05-12,44.86,44.86,44.86,44.86,22.7263,0,0,0
2010-05-13,44.6,44.6,44.6,44.6,22.5946,0,0,0
2010-05-14,44.19,44.19,44.19,44.19,22.3869,0,0,0
2010-05-17,44.26,44.26,44.26,44.26,22.4223,0,0,0
2010-05-18,43.83,43.83,43.83,43.83,22.2045,0,0,0
2010-05-19,43.43,43.43,43.43,43.43,22.0019,0,0,0
2010-05-20,41.96,41.96,41.96,41.96,21.2571,0,0,0
2010-05-21,42.21,42.21,42.21,42.21,21.3838,0,0,0
2010-05-24,41.85,41.85,41.85,41.85,21.2014,0,0,0
2010-05-25,41.59,41.59,41.59,41.59,21.0697,0,0,0
2010-05-26,41.74,41.74,41.74,41.74,21.1457,0,0,0
2010-05-27,42.61,42.61,42.61,42.61,21.5864,0,0,0
2010-05-28,42.63,42.63,42.63,42.63,21.5966,0,0,0
2010-06-01,41.61,41.61,41.61,41.61,21.0798,0,0,0
2010-06-02,42.51,42.51,42.51,42.51,21.5358,0,0,0
2010-06-03,42.96,42.96,42.96,42.96,21.7638,0,0,0
2010-06-04,41.59,41.59,41.59,41.59,21.0697,0,0,0
2010-06-07,41.81,41.81,41.81,41.81,21.1812,0,0,0
2010-06-08,42.3,42.3,42.3,42.3,21.4294,0,0,0
2010-06-09,41.99,41.99,41.99,41.99,21.2723,0,0,0
2010-06-10,43.19,43.19,43.19,43.19,21.8803,0,0,0
2010-06-11,43.21,43.21,43.21,43.21,21.8904,0,0,0
2010-06-14,43.42,43.42,43.42,43.42,21.9968,0,0,0
2010-06-15,44.39,44.39,44.39,44.39,22.4882,0,0,0
2010-06-16,44.59,44.59,44.59,44.59,22.5895,0,0,0
2010-06-17,44.99,44.99,44.99,44.99,22.7922,0,0,0
2010-06-18,45.02,45.02,45.02,45.02,22.8074,0,0,0
2010-06-21,44.6,44.6,44.6,44.6,22.5946,0,0,0
2010-06-22,43.41,43.41,43.41,43.41,21.9917,0,0,0
2010-06-23,43,43,43,43,21.784,0,0,0
2010-06-24,42.82,42.82,42.82,42.82,21.6928,0,0,0
2010-06-25,43.11,43.11,43.11,43.11,21.8397,0,0,0
2010-06-28,43.35,43.35,43.35,43.35,21.9613,0,0,0
2010-06-29,42.4,42.4,42.4,42.4,21.4801,0,0,0
2010-06-30,42.06,42.06,42.06,42.06,21.3078,0,0,0
2010-07-01,41.86,41.86,41.86,41.86,21.2065,0,0,0
2010-07-02,41.91,41.91,41.91,41.91,21.2318,0,0,0
2010-07-06,42.4,42.4,42.4,42.4,21.4801,0,0,0
2010-07-07,43.75,43.75,43.75,43.75,22.164,0,0,0
2010-07-08,44.06,44.06,44.06,44.06,22.321,0,0,0
2010-07-09,44.45,44.45,44.45,44.45,22.5186,0,0,0
2010-07-12,44.59,44.59,44.59,44.59,22.5895,0,0,0
2010-07-13,44.72,44.72,44.72,44.72,22.6554,0,0,0
2010-07-14,44.65,44.65,44.65,44.65,22.6199,0,0,0
2010-07-15,44.92,44.92,44.92,44.92,22.7567,0,0,0
2010-07-16,44.14,44.14,44.14,44.14,22.3615,0,0,0
2010-07-19,44.71,44.71,44.71,44.71,22.6503,0,0,0
2010-07-20,45.08,45.08,45.08,45.08,22.8378,0,0,0
2010-07-21,44.54,44.54,44.54,44.54,22.5642,0,0,0
2010-07-22,45.38,45.38,45.38,45.38,22.9897,0,0,0
2010-07-23,45.52,45.52,45.52,45.52,23.0607,0,0,0
2010-07-26,45.84,45.84,45.84,45.84,23.2228,0,0,0
2010-07-27,46.54,46.54,46.54,46.54,23.5774,0,0,0
2010-07-28,46.16,46.16,46.16,46.16,23.3849,0,0,0
2010-07-29,45.6,45.6,45.6,45.6,23.1012,0,0,0
2010-07-30,45.31,45.31,45.31,45.31,22.9543,0,0,0
2010-08-02,46.29,46.29,46.29,46.29,23.4507,0,0,0
2010-08-03,46.25,46.25,46.25,46.25,23.4305,0,0,0
2010-08-04,46.28,46.28,46.28,46.28,23.4457,0,0,0
2010-08-05,46.29,46.29,46.29,46.29,23.4507,0,0,0
2010-08-06,46.5,46.5,46.5,46.5,23.5571,0,0,0
2010-08-09,46.59,46.59,46.59,46.59,23.6027,0,0,0
2010-08-10,46.66,46.66,46.66,46.66,23.6382,0,0,0
2010-08-11,45.65,45.65,45.65,45.65,23.1265,0,0,0
2010-08-12,45.52,45.52,45.52,45.52,23.0607,0,0,0
2010-08-13,45.75,45.75,45.75,45.75,23.1772,0,0,0
2010-08-16,45.71,45.71,45.71,45.71,23.1569,0,0,0
2010-08-17,46.1,46.1,46.1,46.1,23.3545,0,0,0
2010-08-18,45.93,45.93,45.93,45.93,23.2684,0,0,0
2010-08-19,45.33,45.33,45.33,45.33,22.9644,0,0,0
2010-08-20,45.47,45.47,45.47,45.47,23.0353,0,0,0
2010-08-23,45.81,45.81,45.81,45.81,23.2076,0,0,0
2010-08-24,45.9,45.9,45.9,45.9,23.2532,0,0,0
2010-08-25,45.88,45.88,45.88,45.88,23.243,0,0,0
2010-08-26,45.71,45.71,45.71,45.71,23.1569,0,0,0
2010-08-27,46.56,46.56,46.56,46.56,23.5875,0,0,0
2010-08-30,45.91,45.91,45.91,45.91,23.2582,0,0,0
2010-08-31,46.06,46.06,46.06,46.06,23.3342,0,0,0
2010-09-01,47.12,47.12,47.12,47.12,23.8712,0,0,0
2010-09-02,47.11,47.11,47.11,47.11,23.8662,0,0,0
2010-09-03,47.32,47.32,47.32,47.32,23.9725,0,0,0
2010-09-07,47.08,47.08,47.08,47.08,23.851,0,0,0
2010-09-08,46.92,46.92,46.92,46.92,23.7699,0,0,0
2010-09-09,47.28,47.28,47.28,47.28,23.9523,0,0,0
2010-09-10,47.1,47.1,47.1,47.1,23.8611,0,0,0
2010-09-13,47.34,47.34,47.34,47.34,23.9827,0,0,0
2010-09-14,47.29,47.29,47.29,47.29,23.9574,0,0,0
2010-09-15,46.92,46.92,46.92,46.92,23.7699,0,0,0
2010-09-16,46.72,46.72,46.72,46.72,23.6686,0,0,0
2010-09-17,46.65,46.65,46.65,46.65,23.6331,0,0,0
2010-09-20,47.16,47.16,47.16,47.16,23.8915,0,0,0
2010-09-21,47,47,47,47,23.8104,0,0,0
2010-09-22,47.24,47.24,47.24,47.24,23.932,0,0,0
2010-09-23,46.89,46.89,46.89,46.89,23.7547,0,0,0
2010-09-24,47.57,47.57,47.57,47.57,24.0992,0,0,0
2010-09-27,47.71,47.71,47.71,47.71,24.1701,0,0,0
2010-09-28,47.87,47.87,47.87,47.87,24.2512,0,0,0
2010-09-29,47.7,47.7,47.7,47.7,24.1651,0,0,0
2010-09-30,47.59,47.59,47.59,47.59,24.1093,0,0,0
2010-10-01,47.88,47.88,47.88,47.88,24.2563,0,0,0
2010-10-04,47.76,47.76,47.76,47.76,24.1955,0,0,0
2010-10-05,48.33,48.33,48.33,48.33,24.4842,0,0,0
2010-10-06,48.16,48.16,48.16,48.16,24.3981,0,0,0
2010-10-07,48.3,48.3,48.3,48.3,24.469,0,0,0
2010-10-08,48.56,48.56,48.56,48.56,24.6007,0,0,0
2010-10-11,48.58,48.58,48.58,48.58,24.6109,0,0,0
2010-10-12,48.59,48.59,48.59,48.59,24.6159,0,0,0
2010-10-13,48.71,48.71,48.71,48.71,24.6767,0,0,0
2010-10-14,48.6,48.6,48.6,48.6,24.621,0,0,0
2010-10-15,48.66,48.66,48.66,48.66,24.6514,0,0,0
2010-10-18,49.04,49.04,49.04,49.04,24.8439,0,0,0
2010-10-19,48.67,48.67,48.67,48.67,24.6565,0,0,0
2010-10-20,49.16,49.16,49.16,49.16,24.9047,0,0,0
2010-10-21,48.96,48.96,48.96,48.96,24.8034,0,0,0
2010-10-22,48.86,48.86,48.86,48.86,24.7527,0,0,0
2010-10-25,48.81,48.81,48.81,48.81,24.7274,0,0,0
2010-10-26,48.85,48.85,48.85,48.85,24.7477,0,0,0
2010-10-27,48.62,48.62,48.62,48.62,24.6311,0,0,0
2010-10-28,48.85,48.85,48.85,48.85,24.7477,0,0,0
2010-10-29,49.19,49.19,49.19,49.19,24.9199,0,0,0
2010-11-01,48.77,48.77,48.77,48.77,24.7071,0,0,0
2010-11-02,49.41,49.41,49.41,49.41,25.0314,0,0,0
2010-11-03,49.33,49.33,49.33,49.33,24.9908,0,0,0
2010-11-04,49.87,49.87,49.87,49.87,25.2644,0,0,0
2010-11-05,49.84,49.84,49.84,49.84,25.2492,0,0,0
2010-11-08,49.48,49.48,49.48,49.48,25.0668,0,0,0
2010-11-09,49.11,49.11,49.11,49.11,24.8794,0,0,0
2010-11-10,49.15,49.15,49.15,49.15,24.8996,0,0,0
2010-11-11,49.06,49.06,49.06,49.06,24.854,0,0,0
2010-11-12,48.73,48.73,48.73,48.73,24.6869,0,0,0
2010-11-15,48.79,48.79,48.79,48.79,24.7173,0,0,0
2010-11-16,48.08,48.08,48.08,48.08,24.3576,0,0,0
2010-11-17,48.09,48.09,48.09,48.09,24.3626,0,0,0
2010-11-18,48.56,48.56,48.56,48.56,24.6007,0,0,0
2010-11-19,48.39,48.39,48.39,48.39,24.5146,0,0,0
2010-11-22,48.5,48.5,48.5,48.5,24.5703,0,0,0
2010-11-23,47.85,47.85,47.85,47.85,24.2411,0,0,0
2010-11-24,48.11,48.11,48.11,48.11,24.3728,0,0,0
2010-11-26,47.68,47.68,47.68,47.68,24.1549,0,0,0
2010-11-29,47.42,47.42,47.42,47.42,24.0232,0,0,0
2010-11-30,47.34,47.34,47.34,47.34,23.9827,0,0,0
2010-12-01,47.85,47.85,47.85,47.85,24.2411,0,0,0
2010-12-02,48.17,48.17,48.17,48.17,24.4032,0,0,0
2010-12-03,47.36,47.36,47.36,47.36,24.5015,0,1,0
2010-12-06,47.26,47.26,47.26,47.26,24.4497,0,0,0
2010-12-07,47.19,47.19,47.19,47.19,24.4135,0,0,0
2010-12-08,47.11,47.11,47.11,47.11,24.3721,0,0,0
2010-12-09,47.24,47.24,47.24,47.24,24.4394,0,0,0
2010-12-10,47.51,47.51,47.51,47.51,24.5791,0,0,0
2010-12-13,47.71,47.71,47.71,47.71,24.6825,0,0,0
2010-12-14,47.75,47.75,47.75,47.75,24.7032,0,0,0
2010-12-15,47.21,47.21,47.21,47.21,24.4239,0,0,0
2010-12-16,47.59,47.59,47.59,47.59,24.6205,0,0,0
2010-12-17,47.84,47.84,47.84,47.84,24.7498,0,0,0
2010-12-20,48.06,48.06,48.06,48.06,24.8636,0,0,0
2010-12-21,48.11,48.11,48.11,48.11,24.8895,0,0,0
2010-12-22,48.44,48.44,48.44,48.44,25.0602,0,0,0
2010-12-23,48.39,48.39,48.39,48.39,25.0343,0,0,0
2010-12-27,48.31,48.31,48.31,48.31,24.9929,0,0,0
2010-12-28,48.4,48.4,48.4,48.4,25.0395,0,0,0
2010-12-29,48.47,48.47,48.47,48.47,25.0757,0,0,0
2010-12-30,48.38,48.38,48.38,48.38,25.0292,0,0,0
2010-12-31,48.38,48.38,48.38,48.38,25.0292,0,0,0
2011-01-03,48.69,48.69,48.69,48.69,25.1895,0,0,0
2011-01-04,48.91,48.91,48.91,48.91,25.3033,0,0,0
2011-01-05,48.64,48.64,48.64,48.64,25.1637,0,0,0
2011-01-06,48.63,48.63,48.63,48.63,25.1585,0,0,0
2011-01-07,48.81,48.81,48.81,48.81,25.2516,0,0,0
2011-01-10,48.74,48.74,48.74,48.74,25.2154,0,0,0
2011-01-11,48.91,48.91,48.91,48.91,25.3033,0,0,0
2011-01-12,49.18,49.18,49.18,49.18,25.443,0,0,0
2011-01-13,49.01,49.01,49.01,49.01,25.3551,0,0,0
2011-01-14,49.16,49.16,49.16,49.16,25.4327,0,0,0
2011-01-18,49.23,49.23,49.23,49.23,25.4689,0,0,0
2011-01-19,49.05,49.05,49.05,49.05,25.3758,0,0,0
2011-01-20,49.17,49.17,49.17,49.17,25.4379,0,0,0
2011-01-21,49.24,49.24,49.24,49.24,25.4741,0,0,0
2011-01-24,49.5,49.5,49.5,49.5,25.6086,0,0,0
2011-01-25,49.43,49.43,49.43,49.43,25.5724,0,0,0
2011-01-26,49.39,49.39,49.39,49.39,25.5517,0,0,0
2011-01-27,49.62,49.62,49.62,49.62,25.6707,0,0,0
2011-01-28,49,49,49,49,25.3499,0,0,0
2011-01-31,49.11,49.11,49.11,49.11,25.4068,0,0,0
2011-02-01,49.77,49.77,49.77,49.77,25.7483,0,0,0
2011-02-02,49.54,49.54,49.54,49.54,25.6293,0,0,0
2011-02-03,49.62,49.62,49.62,49.62,25.6707,0,0,0
2011-02-04,49.29,49.29,49.29,49.29,25.4999,0,0,0
2011-02-07,49.65,49.65,49.65,49.65,25.6862,0,0,0
2011-02-08,49.73,49.73,49.73,49.73,25.7276,0,0,0
2011-02-09,49.64,49.64,49.64,49.64,25.681,0,0,0
2011-02-10,49.71,49.71,49.71,49.71,25.7172,0,0,0
2011-02-11,49.75,49.75,49.75,49.75,25.7379,0,0,0
2011-02-14,49.55,49.55,49.55,49.55,25.6345,0,0,0
2011-02-15,49.7,49.7,49.7,49.7,25.7121,0,0,0
2011-02-16,49.62,49.62,49.62,49.62,25.6707,0,0,0
2011-02-17,49.77,49.77,49.77,49.77,25.7483,0,0,0
2011-02-18,49.96,49.96,49.96,49.96,25.8466,0,0,0
2011-02-22,49.7,49.7,49.7,49.7,25.7121,0,0,0
2011-02-23,49.46,49.46,49.46,49.46,25.5879,0,0,0
2011-02-24,49.31,49.31,49.31,49.31,25.5103,0,0,0
2011-02-25,49.75,49.75,49.75,49.75,25.7379,0,0,0
2011-02-28,50.28,50.28,50.28,50.28,26.0121,0,0,0
2011-03-01,49.83,49.83,49.83,49.83,25.7793,0,0,0
2011-03-02,49.99,49.99,49.99,49.99,25.8621,0,0,0
2011-03-03,50.52,50.52,50.52,50.52,26.1363,0,0,0
2011-03-04,50.25,50.25,50.25,50.25,25.9966,0,0,0
2011-03-07,50.16,50.16,50.16,50.16,25.95,0,0,0
2011-03-08,50.72,50.72,50.72,50.72,26.2397,0,0,0
2011-03-09,51.1,51.1,51.1,51.1,26.4363,0,0,0
2011-03-10,50.25,50.25,50.25,50.25,25.9966,0,0,0
2011-03-11,50.57,50.57,50.57,50.57,26.1621,0,0,0
2011-03-14,49.96,49.96,49.96,49.96,25.8466,0,0,0
2011-03-15,49.05,49.05,49.05,49.05,25.3758,0,0,0
2011-03-16,48.32,48.32,48.32,48.32,24.9981,0,0,0
2011-03-17,48.55,48.55,48.55,48.55,25.1171,0,0,0
2011-03-18,48.8,48.8,48.8,48.8,25.2464,0,0,0
2011-03-21,49.64,49.64,49.64,49.64,25.681,0,0,0
2011-03-22,49.64,49.64,49.64,49.64,25.681,0,0,0
2011-03-23,49.6,49.6,49.6,49.6,25.6603,0,0,0
2011-03-24,49.75,49.75,49.75,49.75,25.7379,0,0,0
2011-03-25,49.81,49.81,49.81,49.81,25.769,0,0,0
2011-03-28,49.46,49.46,49.46,49.46,25.5879,0,0,0
2011-03-29,49.84,49.84,49.84,49.84,25.7845,0,0,0
2011-03-30,50.42,50.42,50.42,50.42,26.0845,0,0,0
2011-03-31,50.36,50.36,50.36,50.36,26.0535,0,0,0
2011-04-01,50.85,50.85,50.85,50.85,26.307,0,0,0
2011-04-04,50.8,50.8,50.8,50.8,26.2811,0,0,0
2011-04-05,50.69,50.69,50.69,50.69,26.2242,0,0,0
2011-04-06,50.87,50.87,50.87,50.87,26.3746,0,0.11,0
2011-04-07,50.63,50.63,50.63,50.63,26.2501,0,0,0
2011-04-08,50.62,50.62,50.62,50.62,26.245,0,0,0
2011-04-11,50.01,50.01,50.01,50.01,25.9287,0,0,0
2011-04-12,49.76,49.76,49.76,49.76,25.7991,0,0,0
2011-04-13,49.97,49.97,49.97,49.97,25.908,0,0,0
2011-04-14,50.2,50.2,50.2,50.2,26.0272,0,0,0
2011-04-15,50.68,50.68,50.68,50.68,26.2761,0,0,0
2011-04-18,50.15,50.15,50.15,50.15,26.0013,0,0,0
2011-04-19,50.12,50.12,50.12,50.12,25.9857,0,0,0
2011-04-20,50.86,50.86,50.86,50.86,26.3694,0,0,0
2011-04-21,50.94,50.94,50.94,50.94,26.4109,0,0,0
2011-04-25,50.9,50.9,50.9,50.9,26.3901,0,0,0
2011-04-26,51.38,51.38,51.38,51.38,26.639,0,0,0
2011-04-27,51.81,51.81,51.81,51.81,26.8619,0,0,0
2011-04-28,52.21,52.21,52.21,52.21,27.0693,0,0,0
2011-04-29,52.29,52.29,52.29,52.29,27.1108,0,0,0
2011-05-02,52.26,52.26,52.26,52.26,27.0953,0,0,0
2011-05-03,52.39,52.39,52.39,52.39,27.1626,0,0,0
2011-05-04,52.07,52.07,52.07,52.07,26.9967,0,0,0
2011-05-05,51.7,51.7,51.7,51.7,26.8049,0,0,0
2011-05-06,52.07,52.07,52.07,52.07,26.9967,0,0,0
2011-05-09,52.35,52.35,52.35,52.35,27.1419,0,0,0
2011-05-10,53.13,53.13,53.13,53.13,27.5463,0,0,0
2011-05-11,52.91,52.91,52.91,52.91,27.4323,0,0,0
2011-05-12,53.22,53.22,53.22,53.22,27.593,0,0,0
2011-05-13,52.97,52.97,52.97,52.97,27.4634,0,0,0
2011-05-16,52.8,52.8,52.8,52.8,27.3752,0,0,0
2011-05-17,52.98,52.98,52.98,52.98,27.4685,0,0,0
2011-05-18,53.08,53.08,53.08,53.08,27.5204,0,0,0
2011-05-19,53.12,53.12,53.12,53.12,27.5411,0,0,0
2011-05-20,53.16,53.16,53.16,53.16,27.5619,0,0,0
2011-05-23,52.5,52.5,52.5,52.5,27.2197,0,0,0
2011-05-24,52.38,52.38,52.38,52.38,27.1575,0,0,0
2011-05-25,52.44,52.44,52.44,52.44,27.1886,0,0,0
2011-05-26,52.38,52.38,52.38,52.38,27.1575,0,0,0
2011-05-27,52.49,52.49,52.49,52.49,27.2145,0,0,0
2011-05-31,52.86,52.86,52.86,52.86,27.4063,0,0,0
2011-06-01,52.21,52.21,52.21,52.21,27.0693,0,0,0
2011-06-02,51.89,51.89,51.89,51.89,26.9034,0,0,0
2011-06-03,51.54,51.54,51.54,51.54,26.722,0,0,0
2011-06-06,51.2,51.2,51.2,51.2,26.5457,0,0,0
2011-06-07,51.27,51.27,51.27,51.27,26.582,0,0,0
2011-06-08,51.48,51.48,51.48,51.48,26.6909,0,0,0
2011-06-09,51.53,51.53,51.53,51.53,26.7168,0,0,0
2011-06-10,51.34,51.34,51.34,51.34,26.6183,0,0,0
2011-06-13,51.34,51.34,51.34,51.34,26.6183,0,0,0
2011-06-14,51.57,51.57,51.57,51.57,26.7375,0,0,0
2011-06-15,50.82,50.82,50.82,50.82,26.3487,0,0,0
2011-06-16,51.18,51.18,51.18,51.18,26.5353,0,0,0
2011-06-17,51.58,51.58,51.58,51.58,26.7427,0,0,0
2011-06-20,51.81,51.81,51.81,51.81,26.8619,0,0,0
2011-06-21,51.96,51.96,51.96,51.96,26.9397,0,0,0
2011-06-22,51.71,51.71,51.71,51.71,26.8101,0,0,0
2011-06-23,51.31,51.31,51.31,51.31,26.6027,0,0,0
2011-06-24,51.41,51.41,51.41,51.41,26.6545,0,0,0
2011-06-27,51.78,51.78,51.78,51.78,26.8464,0,0,0
2011-06-28,52.16,52.16,52.16,52.16,27.0434,0,0,0
2011-06-29,52.41,52.41,52.41,52.41,27.173,0,0,0
2011-06-30,52.68,52.68,52.68,52.68,27.313,0,0,0
2011-07-01,53.3,53.3,53.3,53.3,27.6345,0,0,0
2011-07-05,52.86,52.86,52.86,52.86,27.4063,0,0,0
2011-07-06,52.97,52.97,52.97,52.97,27.4634,0,0,0
2011-07-07,53.36,53.36,53.36,53.36,27.6656,0,0,0
2011-07-08,53.24,53.24,53.24,53.24,27.6034,0,0,0
2011-07-11,52.42,52.42,52.42,52.42,27.1782,0,0,0
2011-07-12,52.61,52.61,52.61,52.61,27.2767,0,0,0
2011-07-13,52.54,52.54,52.54,52.54,27.2404,0,0,0
2011-07-14,52.36,52.36,52.36,52.36,27.1471,0,0,0
2011-07-15,52.54,52.54,52.54,52.54,27.2404,0,0,0
2011-07-18,51.96,51.96,51.96,51.96,26.9397,0,0,0
2011-07-19,52.48,52.48,52.48,52.48,27.2093,0,0,0
2011-07-20,52.63,52.63,52.63,52.63,27.2871,0,0,0
2011-07-21,53.41,53.41,53.41,53.41,27.6915,0,0,0
2011-07-22,53.16,53.16,53.16,53.16,27.5619,0,0,0
2011-07-25,53.59,53.59,53.59,53.59,27.7848,0,0,0
2011-07-26,53.4,53.4,53.4,53.4,27.6863,0,0,0
2011-07-27,53.23,53.23,53.23,53.23,27.5982,0,0,0
2011-07-28,52.96,52.96,52.96,52.96,27.4582,0,0,0
2011-07-29,52.31,52.31,52.31,52.31,27.1212,0,0,0
2011-08-01,52.39,52.39,52.39,52.39,27.1626,0,0,0
2011-08-02,51.21,51.21,51.21,51.21,26.5509,0,0,0
2011-08-03,51.08,51.08,51.08,51.08,26.4835,0,0,0
2011-08-04,48.84,48.84,48.84,48.84,25.3221,0,0,0
2011-08-05,48.77,48.77,48.77,48.77,25.2858,0,0,0
2011-08-08,45.75,45.75,45.75,45.75,23.72,0,0,0
2011-08-09,47.56,47.56,47.56,47.56,24.6584,0,0,0
2011-08-10,46.44,46.44,46.44,46.44,24.0778,0,0,0
2011-08-11,48.6,48.6,48.6,48.6,25.1977,0,0,0
2011-08-12,48.41,48.41,48.41,48.41,25.0991,0,0,0
2011-08-15,50.25,50.25,50.25,50.25,26.0531,0,0,0
2011-08-16,49.99,49.99,49.99,49.99,25.9183,0,0,0
2011-08-17,50.26,50.26,50.26,50.26,26.0583,0,0,0
2011-08-18,49.16,49.16,49.16,49.16,25.488,0,0,0
2011-08-19,48.72,48.72,48.72,48.72,25.2599,0,0,0
2011-08-22,48.43,48.43,48.43,48.43,25.1095,0,0,0
2011-08-23,49.46,49.46,49.46,49.46,25.6435,0,0,0
2011-08-24,50.58,50.58,50.58,50.58,26.2242,0,0,0
2011-08-25,49.75,49.75,49.75,49.75,25.7939,0,0,0
2011-08-26,49.82,49.82,49.82,49.82,25.8302,0,0,0
2011-08-29,51.04,51.04,51.04,51.04,26.4627,0,0,0
2011-08-30,51.04,51.04,51.04,51.04,26.4627,0,0,0
2011-08-31,51.41,51.41,51.41,51.41,26.6545,0,0,0
2011-09-01,51.14,51.14,51.14,51.14,26.5146,0,0,0
2011-09-02,50.33,50.33,50.33,50.33,26.0946,0,0,0
2011-09-06,49.98,49.98,49.98,49.98,25.9131,0,0,0
2011-09-07,50.65,50.65,50.65,50.65,26.2605,0,0,0
2011-09-08,50.63,50.63,50.63,50.63,26.2501,0,0,0
2011-09-09,49.55,49.55,49.55,49.55,25.6902,0,0,0
2011-09-12,49.9,49.9,49.9,49.9,25.8717,0,0,0
2011-09-13,50.22,50.22,50.22,50.22,26.0376,0,0,0
2011-09-14,50.62,50.62,50.62,50.62,26.245,0,0,0
2011-09-15,51.34,51.34,51.34,51.34,26.6183,0,0,0
2011-09-16,51.89,51.89,51.89,51.89,26.9034,0,0,0
2011-09-19,51.57,51.57,51.57,51.57,26.7375,0,0,0
2011-09-20,52.23,52.23,52.23,52.23,27.0797,0,0,0
2011-09-21,51.27,51.27,51.27,51.27,26.582,0,0,0
2011-09-22,50.16,50.16,50.16,50.16,26.0065,0,0,0
2011-09-23,50.64,50.64,50.64,50.64,26.2553,0,0,0
2011-09-26,51.14,51.14,51.14,51.14,26.5146,0,0,0
2011-09-27,51.24,51.24,51.24,51.24,26.5664,0,0,0
2011-09-28,50.72,50.72,50.72,50.72,26.2968,0,0,0
2011-09-29,51.56,51.56,51.56,51.56,26.7323,0,0,0
2011-09-30,51.02,51.02,51.02,51.02,26.4523,0,0,0
2011-10-03,49.67,49.67,49.67,49.67,25.7524,0,0,0
2011-10-04,49.43,49.43,49.43,49.43,25.628,0,0,0
2011-10-05,49.48,49.48,49.48,49.48,25.6539,0,0,0
2011-10-06,50.35,50.35,50.35,50.35,26.105,0,0,0
2011-10-07,50.52,50.52,50.52,50.52,26.1931,0,0,0
2011-10-10,51.56,51.56,51.56,51.56,26.7323,0,0,0
2011-10-11,51.02,51.02,51.02,51.02,26.4523,0,0,0
2011-10-12,50.97,50.97,50.97,50.97,26.4264,0,0,0
2011-10-13,50.92,50.92,50.92,50.92,26.4005,0,0,0
2011-10-14,51.39,51.39,51.39,51.39,26.6442,0,0,0
2011-10-17,51.14,51.14,51.14,51.14,26.5146,0,0,0
2011-10-18,51.55,51.55,51.55,51.55,26.7271,0,0,0
2011-10-19,51.63,51.63,51.63,51.63,26.7686,0,0,0
2011-10-20,51.84,51.84,51.84,51.84,26.8775,0,0,0
2011-10-21,52.75,52.75,52.75,52.75,27.3493,0,0,0
2011-10-24,52.55,52.55,52.55,52.55,27.2456,0,0,0
2011-10-25,51.86,51.86,51.86,51.86,26.8879,0,0,0
2011-10-26,52.17,52.17,52.17,52.17,27.0486,0,0,0
2011-10-27,53.45,53.45,53.45,53.45,27.7122,0,0,0
2011-10-28,53.31,53.31,53.31,53.31,27.6396,0,0,0
2011-10-31,52.82,52.82,52.82,52.82,27.3856,0,0,0
2011-11-01,51.8,51.8,51.8,51.8,26.8568,0,0,0
2011-11-02,52.56,52.56,52.56,52.56,27.2508,0,0,0
2011-11-03,53.4,53.4,53.4,53.4,27.6863,0,0,0
2011-11-04,53.08,53.08,53.08,53.08,27.5204,0,0,0
2011-11-07,53.5,53.5,53.5,53.5,27.7382,0,0,0
2011-11-08,53.87,53.87,53.87,53.87,27.93,0,0,0
2011-11-09,52.56,52.56,52.56,52.56,27.2508,0,0,0
2011-11-10,52.82,52.82,52.82,52.82,27.3856,0,0,0
2011-11-11,53.52,53.52,53.52,53.52,27.7485,0,0,0
2011-11-14,52.98,52.98,52.98,52.98,27.4685,0,0,0
2011-11-15,53.03,53.03,53.03,53.03,27.4945,0,0,0
2011-11-16,52.35,52.35,52.35,52.35,27.1419,0,0,0
2011-11-17,52.05,52.05,52.05,52.05,26.9864,0,0,0
2011-11-18,52.36,52.36,52.36,52.36,27.1471,0,0,0
2011-11-21,51.7,51.7,51.7,51.7,26.8049,0,0,0
2011-11-22,51.11,51.11,51.11,51.11,26.499,0,0,0
2011-11-23,50.3,50.3,50.3,50.3,26.079,0,0,0
2011-11-25,50.45,50.45,50.45,50.45,26.1568,0,0,0
2011-11-28,51.19,51.19,51.19,51.19,26.5405,0,0,0
2011-11-29,51.73,51.73,51.73,51.73,26.8205,0,0,0
2011-11-30,53.19,53.19,53.19,53.19,27.5774,0,0,0
2011-12-01,53,53,53,53,27.4789,0,0,0
2011-12-02,51.51,51.51,51.51,51.51,27.2341,0,1.027,0
2011-12-05,51.96,51.96,51.96,51.96,27.472,0,0,0
2011-12-06,51.96,51.96,51.96,51.96,27.472,0,0,0
2011-12-07,51.86,51.86,51.86,51.86,27.4192,0,0,0
2011-12-08,51.05,51.05,51.05,51.05,26.9909,0,0,0
2011-12-09,51.77,51.77,51.77,51.77,27.3716,0,0,0
2011-12-12,51.2,51.2,51.2,51.2,27.0702,0,0,0
2011-12-13,51.46,51.46,51.46,51.46,27.2077,0,0,0
2011-12-14,51.03,51.03,51.03,51.03,26.9803,0,0,0
2011-12-15,51.56,51.56,51.56,51.56,27.2606,0,0,0
2011-12-16,51.39,51.39,51.39,51.39,27.1707,0,0,0
2011-12-19,50.88,50.88,50.88,50.88,26.901,0,0,0
2011-12-20,52.07,52.07,52.07,52.07,27.5302,0,0,0
2011-12-21,52.82,52.82,52.82,52.82,27.9267,0,0,0
2011-12-22,52.9,52.9,52.9,52.9,27.969,0,0,0
2011-12-23,53.31,53.31,53.31,53.31,28.1858,0,0,0
2011-12-27,53.69,53.69,53.69,53.69,28.3867,0,0,0
2011-12-28,53.42,53.42,53.42,53.42,28.244,0,0,0
2011-12-29,53.85,53.85,53.85,53.85,28.4713,0,0,0
2011-12-30,53.53,53.53,53.53,53.53,28.3021,0,0,0
2012-01-03,52.74,52.74,52.74,52.74,27.8844,0,0,0
2012-01-04,52.42,52.42,52.42,52.42,27.7152,0,0,0
2012-01-05,52.43,52.43,52.43,52.43,27.7205,0,0,0
2012-01-06,52.18,52.18,52.18,52.18,27.5884,0,0,0
2012-01-09,52.26,52.26,52.26,52.26,27.6307,0,0,0
2012-01-10,52.3,52.3,52.3,52.3,27.6518,0,0,0
2012-01-11,52,52,52,52,27.4932,0,0,0
2012-01-12,51.88,51.88,51.88,51.88,27.4298,0,0,0
2012-01-13,51.86,51.86,51.86,51.86,27.4192,0,0,0
2012-01-17,52.04,52.04,52.04,52.04,27.5144,0,0,0
2012-01-18,51.94,51.94,51.94,51.94,27.4615,0,0,0
2012-01-19,51.46,51.46,51.46,51.46,27.2077,0,0,0
2012-01-20,51.66,51.66,51.66,51.66,27.3134,0,0,0
2012-01-23,51.69,51.69,51.69,51.69,27.3293,0,0,0
2012-01-24,51.34,51.34,51.34,51.34,27.1442,0,0,0
2012-01-25,52.09,52.09,52.09,52.09,27.5408,0,0,0
2012-01-26,52.19,52.19,52.19,52.19,27.5936,0,0,0
2012-01-27,51.5,51.5,51.5,51.5,27.2288,0,0,0
2012-01-30,51.24,51.24,51.24,51.24,27.0914,0,0,0
2012-01-31,51.41,51.41,51.41,51.41,27.1812,0,0,0
2012-02-01,51.74,51.74,51.74,51.74,27.3557,0,0,0
2012-02-02,51.75,51.75,51.75,51.75,27.361,0,0,0
2012-02-03,52.03,52.03,52.03,52.03,27.5091,0,0,0
2012-02-06,51.78,51.78,51.78,51.78,27.3769,0,0,0
2012-02-07,52.1,52.1,52.1,52.1,27.5461,0,0,0
2012-02-08,52.16,52.16,52.16,52.16,27.5778,0,0,0
2012-02-09,52,52,52,52,27.4932,0,0,0
2012-02-10,51.93,51.93,51.93,51.93,27.4562,0,0,0
2012-02-13,52.09,52.09,52.09,52.09,27.5408,0,0,0
2012-02-14,52.1,52.1,52.1,52.1,27.5461,0,0,0
2012-02-15,51.8,51.8,51.8,51.8,27.3875,0,0,0
2012-02-16,52.44,52.44,52.44,52.44,27.7258,0,0,0
2012-02-17,52.31,52.31,52.31,52.31,27.6571,0,0,0
2012-02-21,52.35,52.35,52.35,52.35,27.6782,0,0,0
2012-02-22,52.34,52.34,52.34,52.34,27.673,0,0,0
2012-02-23,52.31,52.31,52.31,52.31,27.6571,0,0,0
2012-02-24,52.56,52.56,52.56,52.56,27.7893,0,0,0
2012-02-27,52.65,52.65,52.65,52.65,27.8369,0,0,0
2012-02-28,52.4,52.4,52.4,52.4,27.7047,0,0,0
2012-02-29,52.56,52.56,52.56,52.56,27.7893,0,0,0
2012-03-01,52.88,52.88,52.88,52.88,27.9585,0,0,0
2012-03-02,52.88,52.88,52.88,52.88,27.9585,0,0,0
2012-03-05,52.91,52.91,52.91,52.91,27.9743,0,0,0
2012-03-06,52.53,52.53,52.53,52.53,27.7734,0,0,0
2012-03-07,52.67,52.67,52.67,52.67,27.8474,0,0,0
2012-03-08,52.96,52.96,52.96,52.96,28.0008,0,0,0
2012-03-09,53.29,53.29,53.29,53.29,28.1752,0,0,0
2012-03-12,53.62,53.62,53.62,53.62,28.3497,0,0,0
2012-03-13,53.83,53.83,53.83,53.83,28.4608,0,0,0
2012-03-14,53.19,53.19,53.19,53.19,28.1224,0,0,0
2012-03-15,53.28,53.28,53.28,53.28,28.1699,0,0,0
2012-03-16,53.31,53.31,53.31,53.31,28.1858,0,0,0
2012-03-19,53.02,53.02,53.02,53.02,28.0325,0,0,0
2012-03-20,53.06,53.06,53.06,53.06,28.0536,0,0,0
2012-03-21,52.99,52.99,52.99,52.99,28.0166,0,0,0
2012-03-22,52.87,52.87,52.87,52.87,27.9532,0,0,0
2012-03-23,52.95,52.95,52.95,52.95,27.9955,0,0,0
2012-03-26,53.37,53.37,53.37,53.37,28.2175,0,0,0
2012-03-27,53.48,53.48,53.48,53.48,28.2757,0,0,0
2012-03-28,52.99,52.99,52.99,52.99,28.0166,0,0,0
2012-03-29,53.17,53.17,53.17,53.17,28.1118,0,0,0
2012-03-30,53.45,53.45,53.45,53.45,28.2598,0,0,0
2012-04-02,53.84,53.84,53.84,53.84,28.466,0,0,0
2012-04-03,54.09,54.09,54.09,54.09,28.5982,0,0,0
2012-04-04,53.7,53.7,53.7,53.7,28.5286,0,0.259,0
2012-04-05,53.58,53.58,53.58,53.58,28.4649,0,0,0
2012-04-09,53.23,53.23,53.23,53.23,28.2789,0,0,0
2012-04-10,52.34,52.34,52.34,52.34,27.8061,0,0,0
2012-04-11,52.51,52.51,52.51,52.51,27.8964,0,0,0
2012-04-12,52.85,52.85,52.85,52.85,28.077,0,0,0
2012-04-13,52.69,52.69,52.69,52.69,27.992,0,0,0
2012-04-16,53.04,53.04,53.04,53.04,28.178,0,0,0
2012-04-17,53.51,53.51,53.51,53.51,28.4277,0,0,0
2012-04-18,53.56,53.56,53.56,53.56,28.4542,0,0,0
2012-04-19,53.36,53.36,53.36,53.36,28.348,0,0,0
2012-04-20,53.91,53.91,53.91,53.91,28.6402,0,0,0
2012-04-23,53.59,53.59,53.59,53.59,28.4702,0,0,0
2012-04-24,54.03,54.03,54.03,54.03,28.7039,0,0,0
2012-04-25,54.54,54.54,54.54,54.54,28.9749,0,0,0
2012-04-26,54.81,54.81,54.81,54.81,29.1183,0,0,0
2012-04-27,55.04,55.04,55.04,55.04,29.2405,0,0,0
2012-04-30,55.54,55.54,55.54,55.54,29.5061,0,0,0
2012-05-01,55.8,55.8,55.8,55.8,29.6443,0,0,0
2012-05-02,55.44,55.44,55.44,55.44,29.453,0,0,0
2012-05-03,55.15,55.15,55.15,55.15,29.2989,0,0,0
2012-05-04,55.1,55.1,55.1,55.1,29.2724,0,0,0
2012-05-07,55.1,55.1,55.1,55.1,29.2724,0,0,0
2012-05-08,55.01,55.01,55.01,55.01,29.2246,0,0,0
2012-05-09,54.97,54.97,54.97,54.97,29.2033,0,0,0
2012-05-10,55.58,55.58,55.58,55.58,29.5274,0,0,0
2012-05-11,55.6,55.6,55.6,55.6,29.538,0,0,0
2012-05-14,55.28,55.28,55.28,55.28,29.368,0,0,0
2012-05-15,54.94,54.94,54.94,54.94,29.1874,0,0,0
2012-05-16,54.85,54.85,54.85,54.85,29.1396,0,0,0
2012-05-17,54.35,54.35,54.35,54.35,28.8739,0,0,0
2012-05-18,54.14,54.14,54.14,54.14,28.7624,0,0,0
2012-05-21,54.68,54.68,54.68,54.68,29.0492,0,0,0
2012-05-22,55.03,55.03,55.03,55.03,29.2352,0,0,0
2012-05-23,54.65,54.65,54.65,54.65,29.0333,0,0,0
2012-05-24,54.9,54.9,54.9,54.9,29.1661,0,0,0
2012-05-25,55.01,55.01,55.01,55.01,29.2246,0,0,0
2012-05-29,55.29,55.29,55.29,55.29,29.3733,0,0,0
2012-05-30,54.72,54.72,54.72,54.72,29.0705,0,0,0
2012-05-31,54.99,54.99,54.99,54.99,29.2139,0,0,0
2012-06-01,54.53,54.53,54.53,54.53,28.9696,0,0,0
2012-06-04,54.59,54.59,54.59,54.59,29.0014,0,0,0
2012-06-05,54.91,54.91,54.91,54.91,29.1714,0,0,0
2012-06-06,55.66,55.66,55.66,55.66,29.5699,0,0,0
2012-06-07,55.8,55.8,55.8,55.8,29.6443,0,0,0
2012-06-08,56.12,56.12,56.12,56.12,29.8143,0,0,0
2012-06-11,55.83,55.83,55.83,55.83,29.6602,0,0,0
2012-06-12,55.99,55.99,55.99,55.99,29.7452,0,0,0
2012-06-13,55.85,55.85,55.85,55.85,29.6708,0,0,0
2012-06-14,56.28,56.28,56.28,56.28,29.8993,0,0,0
2012-06-15,56.56,56.56,56.56,56.56,30.048,0,0,0
2012-06-18,56.75,56.75,56.75,56.75,30.149,0,0,0
2012-06-19,56.68,56.68,56.68,56.68,30.1118,0,0,0
2012-06-20,56.19,56.19,56.19,56.19,29.8514,0,0,0
2012-06-21,55.43,55.43,55.43,55.43,29.4477,0,0,0
2012-06-22,55.52,55.52,55.52,55.52,29.4955,0,0,0
2012-06-25,55.38,55.38,55.38,55.38,29.4211,0,0,0
2012-06-26,55.6,55.6,55.6,55.6,29.538,0,0,0
2012-06-27,56.26,56.26,56.26,56.26,29.8886,0,0,0
2012-06-28,56.51,56.51,56.51,56.51,30.0215,0,0,0
2012-06-29,56.91,56.91,56.91,56.91,30.234,0,0,0
2012-07-02,57.31,57.31,57.31,57.31,30.4465,0,0,0
2012-07-03,57.24,57.24,57.24,57.24,30.4093,0,0,0
2012-07-05,56.93,56.93,56.93,56.93,30.2446,0,0,0
2012-07-06,56.62,56.62,56.62,56.62,30.0799,0,0,0
2012-07-09,56.34,56.34,56.34,56.34,29.9311,0,0,0
2012-07-10,56.52,56.52,56.52,56.52,30.0268,0,0,0
2012-07-11,56.72,56.72,56.72,56.72,30.133,0,0,0
2012-07-12,56.92,56.92,56.92,56.92,30.2393,0,0,0
2012-07-13,57.42,57.42,57.42,57.42,30.5049,0,0,0
2012-07-16,57.18,57.18,57.18,57.18,30.3774,0,0,0
2012-07-17,57.31,57.31,57.31,57.31,30.4465,0,0,0
2012-07-18,57.46,57.46,57.46,57.46,30.5262,0,0,0
2012-07-19,57.63,57.63,57.63,57.63,30.6165,0,0,0
2012-07-20,57.77,57.77,57.77,57.77,30.6908,0,0,0
2012-07-23,57.38,57.38,57.38,57.38,30.4837,0,0,0
2012-07-24,56.81,56.81,56.81,56.81,30.1808,0,0,0
2012-07-25,56.68,56.68,56.68,56.68,30.1118,0,0,0
2012-07-26,57.62,57.62,57.62,57.62,30.6111,0,0,0
2012-07-27,58.26,58.26,58.26,58.26,30.9512,0,0,0
2012-07-30,58.55,58.55,58.55,58.55,31.1052,0,0,0
2012-07-31,58.03,58.03,58.03,58.03,30.829,0,0,0
2012-08-01,57.72,57.72,57.72,57.72,30.6643,0,0,0
2012-08-02,57.4,57.4,57.4,57.4,30.4943,0,0,0
2012-08-03,58.2,58.2,58.2,58.2,30.9193,0,0,0
2012-08-06,58.01,58.01,58.01,58.01,30.8183,0,0,0
2012-08-07,57.42,57.42,57.42,57.42,30.5049,0,0,0
2012-08-08,57.42,57.42,57.42,57.42,30.5049,0,0,0
2012-08-09,57.63,57.63,57.63,57.63,30.6165,0,0,0
2012-08-10,57.74,57.74,57.74,57.74,30.6749,0,0,0
2012-08-13,57.57,57.57,57.57,57.57,30.5846,0,0,0
2012-08-14,57.67,57.67,57.67,57.67,30.6377,0,0,0
2012-08-15,57.47,57.47,57.47,57.47,30.5315,0,0,0
2012-08-16,57.33,57.33,57.33,57.33,30.4571,0,0,0
2012-08-17,57.26,57.26,57.26,57.26,30.4199,0,0,0
2012-08-20,57.43,57.43,57.43,57.43,30.5102,0,0,0
2012-08-21,56.99,56.99,56.99,56.99,30.2765,0,0,0
2012-08-22,56.9,56.9,56.9,56.9,30.2286,0,0,0
2012-08-23,56.35,56.35,56.35,56.35,29.9364,0,0,0
2012-08-24,56.6,56.6,56.6,56.6,30.0693,0,0,0
2012-08-27,56.64,56.64,56.64,56.64,30.0905,0,0,0
2012-08-28,56.52,56.52,56.52,56.52,30.0268,0,0,0
2012-08-29,56.53,56.53,56.53,56.53,30.0321,0,0,0
2012-08-30,56.29,56.29,56.29,56.29,29.9046,0,0,0
2012-08-31,56.24,56.24,56.24,56.24,29.878,0,0,0
2012-09-04,56.51,56.51,56.51,56.51,30.0215,0,0,0
2012-09-05,56.29,56.29,56.29,56.29,29.9046,0,0,0
2012-09-06,57.05,57.05,57.05,57.05,30.3083,0,0,0
2012-09-07,56.79,56.79,56.79,56.79,30.1702,0,0,0
2012-09-10,56.81,56.81,56.81,56.81,30.1808,0,0,0
2012-09-11,56.8,56.8,56.8,56.8,30.1755,0,0,0
2012-09-12,56.68,56.68,56.68,56.68,30.1118,0,0,0
2012-09-13,57.26,57.26,57.26,57.26,30.4199,0,0,0
2012-09-14,57.03,57.03,57.03,57.03,30.2977,0,0,0
2012-09-17,56.64,56.64,56.64,56.64,30.0905,0,0,0
2012-09-18,56.41,56.41,56.41,56.41,29.9683,0,0,0
2012-09-19,56.5,56.5,56.5,56.5,30.0161,0,0,0
2012-09-20,56.73,56.73,56.73,56.73,30.1383,0,0,0
2012-09-21,56.87,56.87,56.87,56.87,30.2127,0,0,0
2012-09-24,57.33,57.33,57.33,57.33,30.4571,0,0,0
2012-09-25,57.05,57.05,57.05,57.05,30.3083,0,0,0
2012-09-26,57.07,57.07,57.07,57.07,30.319,0,0,0
2012-09-27,56.96,56.96,56.96,56.96,30.2605,0,0,0
2012-09-28,57.16,57.16,57.16,57.16,30.3668,0,0,0
2012-10-01,57,57,57,57,30.2818,0,0,0
2012-10-02,57.25,57.25,57.25,57.25,30.4146,0,0,0
2012-10-03,57.67,57.67,57.67,57.67,30.6377,0,0,0
2012-10-04,58.02,58.02,58.02,58.02,30.8236,0,0,0
2012-10-05,57.91,57.91,57.91,57.91,30.7652,0,0,0
2012-10-08,57.96,57.96,57.96,57.96,30.7918,0,0,0
2012-10-09,57.93,57.93,57.93,57.93,30.7758,0,0,0
2012-10-10,57.65,57.65,57.65,57.65,30.6271,0,0,0
2012-10-11,57.76,57.76,57.76,57.76,30.6855,0,0,0
2012-10-12,57.35,57.35,57.35,57.35,30.4677,0,0,0
2012-10-15,57.86,57.86,57.86,57.86,30.7387,0,0,0
2012-10-16,58.06,58.06,58.06,58.06,30.8449,0,0,0
2012-10-17,58.73,58.73,58.73,58.73,31.2008,0,0,0
2012-10-18,58.85,58.85,58.85,58.85,31.2646,0,0,0
2012-10-19,58.43,58.43,58.43,58.43,31.0415,0,0,0
2012-10-22,58.2,58.2,58.2,58.2,30.9193,0,0,0
2012-10-23,57.67,57.67,57.67,57.67,30.6377,0,0,0
2012-10-24,57.38,57.38,57.38,57.38,30.4837,0,0,0
2012-10-25,57.65,57.65,57.65,57.65,30.6271,0,0,0
2012-10-26,57.64,57.64,57.64,57.64,30.6218,0,0,0
2012-10-31,57.98,57.98,57.98,57.98,30.8024,0,0,0
2012-11-01,57.76,57.76,57.76,57.76,30.6855,0,0,0
2012-11-02,57.46,57.46,57.46,57.46,30.5262,0,0,0
2012-11-05,56.76,56.76,56.76,56.76,30.1543,0,0,0
2012-11-06,57.04,57.04,57.04,57.04,30.303,0,0,0
2012-11-07,55.84,55.84,55.84,55.84,29.6655,0,0,0
2012-11-08,55.52,55.52,55.52,55.52,29.4955,0,0,0
2012-11-09,55.16,55.16,55.16,55.16,29.3043,0,0,0
2012-11-12,54.62,54.62,54.62,54.62,29.0174,0,0,0
2012-11-13,54.7,54.7,54.7,54.7,29.0599,0,0,0
2012-11-14,54.35,54.35,54.35,54.35,28.8739,0,0,0
2012-11-15,54.07,54.07,54.07,54.07,28.7252,0,0,0
2012-11-16,54.84,54.84,54.84,54.84,29.1342,0,0,0
2012-11-19,54.92,54.92,54.92,54.92,29.1767,0,0,0
2012-11-20,54.89,54.89,54.89,54.89,29.1608,0,0,0
2012-11-21,54.81,54.81,54.81,54.81,29.1183,0,0,0
2012-11-23,54.81,54.81,54.81,54.81,29.1183,0,0,0
2012-11-26,55.37,55.37,55.37,55.37,29.4158,0,0,0
2012-11-27,55.42,55.42,55.42,55.42,29.4424,0,0,0
2012-11-28,55.7,55.7,55.7,55.7,29.5911,0,0,0
2012-11-29,56.02,56.02,56.02,56.02,29.7611,0,0,0
2012-11-30,56.58,56.58,56.58,56.58,30.0586,0,0,0
2012-12-03,56.4,56.4,56.4,56.4,29.963,0,0,0
2012-12-04,56.2,56.2,56.2,56.2,29.8568,0,0,0
2012-12-05,56.94,56.94,56.94,56.94,30.2499,0,0,0
2012-12-06,56.94,56.94,56.94,56.94,30.2499,0,0,0
2012-12-07,56.52,56.52,56.52,56.52,30.2226,0,0.369,0
2012-12-10,56.56,56.56,56.56,56.56,30.244,0,0,0
2012-12-11,56.67,56.67,56.67,56.67,30.3028,0,0,0
2012-12-12,56.64,56.64,56.64,56.64,30.2868,0,0,0
2012-12-13,56.43,56.43,56.43,56.43,30.1745,0,0,0
2012-12-14,56.33,56.33,56.33,56.33,30.121,0,0,0
2012-12-17,57.12,57.12,57.12,57.12,30.5435,0,0,0
2012-12-18,57.48,57.48,57.48,57.48,30.736,0,0,0
2012-12-19,57.12,57.12,57.12,57.12,30.5435,0,0,0
2012-12-20,57.44,57.44,57.44,57.44,30.7146,0,0,0
2012-12-21,57.07,57.07,57.07,57.07,30.5167,0,0,0
2012-12-24,56.84,56.84,56.84,56.84,30.3937,0,0,0
2012-12-26,56.35,56.35,56.35,56.35,30.1317,0,0,0
2012-12-27,56.32,56.32,56.32,56.32,30.1157,0,0,0
2012-12-28,55.87,55.87,55.87,55.87,29.875,0,0,0
2012-12-31,56.65,56.65,56.65,56.65,30.2921,0,0,0
2013-01-02,57.68,57.68,57.68,57.68,30.8429,0,0,0
2013-01-03,57.7,57.7,57.7,57.7,30.8536,0,0,0
2013-01-04,58.04,58.04,58.04,58.04,31.0354,0,0,0
2013-01-07,57.59,57.59,57.59,57.59,30.7948,0,0,0
2013-01-08,57.45,57.45,57.45,57.45,30.7199,0,0,0
2013-01-09,57.46,57.46,57.46,57.46,30.7253,0,0,0
2013-01-10,57.82,57.82,57.82,57.82,30.9178,0,0,0
2013-01-11,57.93,57.93,57.93,57.93,30.9766,0,0,0
2013-01-14,57.82,57.82,57.82,57.82,30.9178,0,0,0
2013-01-15,58.07,58.07,58.07,58.07,31.0515,0,0,0
2013-01-16,57.77,57.77,57.77,57.77,30.891,0,0,0
2013-01-17,58.12,58.12,58.12,58.12,31.0782,0,0,0
2013-01-18,58.57,58.57,58.57,58.57,31.3188,0,0,0
2013-01-22,59.16,59.16,59.16,59.16,31.6343,0,0,0
2013-01-23,59.02,59.02,59.02,59.02,31.5594,0,0,0
2013-01-24,59.03,59.03,59.03,59.03,31.5648,0,0,0
2013-01-25,59.25,59.25,59.25,59.25,31.6824,0,0,0
2013-01-28,59.18,59.18,59.18,59.18,31.645,0,0,0
2013-01-29,59.65,59.65,59.65,59.65,31.8963,0,0,0
2013-01-30,59.81,59.81,59.81,59.81,31.9819,0,0,0
2013-01-31,59.94,59.94,59.94,59.94,32.0514,0,0,0
2013-02-01,60.21,60.21,60.21,60.21,32.1958,0,0,0
2013-02-04,59.75,59.75,59.75,59.75,31.9498,0,0,0
2013-02-05,60.03,60.03,60.03,60.03,32.0995,0,0,0
2013-02-06,60.25,60.25,60.25,60.25,32.2171,0,0,0
2013-02-07,60.34,60.34,60.34,60.34,32.2653,0,0,0
2013-02-08,60.39,60.39,60.39,60.39,32.292,0,0,0
2013-02-11,60.46,60.46,60.46,60.46,32.3294,0,0,0
2013-02-12,60.66,60.66,60.66,60.66,32.4364,0,0,0
2013-02-13,60.68,60.68,60.68,60.68,32.4471,0,0,0
2013-02-14,60.08,60.08,60.08,60.08,32.1262,0,0,0
2013-02-15,60.19,60.19,60.19,60.19,32.1851,0,0,0
2013-02-19,60.84,60.84,60.84,60.84,32.5326,0,0,0
2013-02-20,60.55,60.55,60.55,60.55,32.3776,0,0,0
2013-02-21,60.11,60.11,60.11,60.11,32.1423,0,0,0
2013-02-22,60.73,60.73,60.73,60.73,32.4738,0,0,0
2013-02-25,59.87,59.87,59.87,59.87,32.0139,0,0,0
2013-02-26,60.18,60.18,60.18,60.18,32.1797,0,0,0
2013-02-27,60.95,60.95,60.95,60.95,32.5915,0,0,0
2013-02-28,61.05,61.05,61.05,61.05,32.6449,0,0,0
2013-03-01,61.27,61.27,61.27,61.27,32.7626,0,0,0
2013-03-04,61.85,61.85,61.85,61.85,33.0727,0,0,0
2013-03-05,62.28,62.28,62.28,62.28,33.3026,0,0,0
2013-03-06,62.28,62.28,62.28,62.28,33.3026,0,0,0
2013-03-07,62.06,62.06,62.06,62.06,33.185,0,0,0
2013-03-08,62.36,62.36,62.36,62.36,33.3454,0,0,0
2013-03-11,62.59,62.59,62.59,62.59,33.4684,0,0,0
2013-03-12,62.42,62.42,62.42,62.42,33.3775,0,0,0
2013-03-13,62.61,62.61,62.61,62.61,33.4791,0,0,0
2013-03-14,62.86,62.86,62.86,62.86,33.6128,0,0,0
2013-03-15,63.18,63.18,63.18,63.18,33.7839,0,0,0
2013-03-18,62.85,62.85,62.85,62.85,33.6074,0,0,0
2013-03-19,62.96,62.96,62.96,62.96,33.6663,0,0,0
2013-03-20,63.46,63.46,63.46,63.46,33.9336,0,0,0
2013-03-21,63.2,63.2,63.2,63.2,33.7946,0,0,0
2013-03-22,63.34,63.34,63.34,63.34,33.8694,0,0,0
2013-03-25,63.24,63.24,63.24,63.24,33.816,0,0,0
2013-03-26,63.83,63.83,63.83,63.83,34.1315,0,0,0
2013-03-27,64.09,64.09,64.09,64.09,34.2705,0,0,0
2013-03-28,64.75,64.75,64.75,64.75,34.6234,0,0,0
2013-04-01,64.64,64.64,64.64,64.64,34.5646,0,0,0
2013-04-02,64.86,64.86,64.86,64.86,34.6822,0,0,0
2013-04-03,64.42,64.42,64.42,64.42,34.4469,0,0,0
2013-04-04,64.88,64.88,64.88,64.88,34.6929,0,0,0
2013-04-05,65.09,65.09,65.09,65.09,34.8052,0,0,0
2013-04-08,65.7,65.7,65.7,65.7,35.1314,0,0,0
2013-04-09,65.58,65.58,65.58,65.58,35.0672,0,0,0
2013-04-10,66.08,66.08,66.08,66.08,35.3346,0,0,0
2013-04-11,66.3,66.3,66.3,66.3,35.4522,0,0,0
2013-04-12,66.43,66.43,66.43,66.43,35.5217,0,0,0
2013-04-15,65.29,65.29,65.29,65.29,34.9122,0,0,0
2013-04-16,66.16,66.16,66.16,66.16,35.3774,0,0,0
2013-04-17,65.67,65.67,65.67,65.67,35.1153,0,0,0
2013-04-18,65.85,65.85,65.85,65.85,35.2116,0,0,0
2013-04-19,66.73,66.73,66.73,66.73,35.6822,0,0,0
2013-04-22,66.66,66.66,66.66,66.66,35.6447,0,0,0
2013-04-23,66.86,66.86,66.86,66.86,35.7517,0,0,0
2013-04-24,67.1,67.1,67.1,67.1,35.88,0,0,0
2013-04-25,67.25,67.25,67.25,67.25,35.9602,0,0,0
2013-04-26,67.19,67.19,67.19,67.19,35.9281,0,0,0
2013-04-29,67.72,67.72,67.72,67.72,36.2115,0,0,0
2013-04-30,67.96,67.96,67.96,67.96,36.3399,0,0,0
2013-05-01,67.18,67.18,67.18,67.18,35.9228,0,0,0
2013-05-02,67.08,67.08,67.08,67.08,35.8693,0,0,0
2013-05-03,67.13,67.13,67.13,67.13,35.896,0,0,0
2013-05-06,66.44,66.44,66.44,66.44,35.5271,0,0,0
2013-05-07,66.9,66.9,66.9,66.9,35.7731,0,0,0
2013-05-08,66.39,66.39,66.39,66.39,35.5004,0,0,0
2013-05-09,65.27,65.27,65.27,65.27,34.9015,0,0,0
2013-05-10,65.51,65.51,65.51,65.51,35.0298,0,0,0
2013-05-13,65.24,65.24,65.24,65.24,34.8854,0,0,0
2013-05-14,65.71,65.71,65.71,65.71,35.1367,0,0,0
2013-05-15,66.29,66.29,66.29,66.29,35.4469,0,0,0
2013-05-16,65.7,65.7,65.7,65.7,35.1314,0,0,0
2013-05-17,66.35,66.35,66.35,66.35,35.479,0,0,0
2013-05-20,66.18,66.18,66.18,66.18,35.3881,0,0,0
2013-05-21,66.3,66.3,66.3,66.3,35.4522,0,0,0
2013-05-22,65.3,65.3,65.3,65.3,34.9175,0,0,0
2013-05-23,64.96,64.96,64.96,64.96,34.7357,0,0,0
2013-05-24,64.31,64.31,64.31,64.31,34.3881,0,0,0
2013-05-28,63.51,63.51,63.51,63.51,33.9603,0,0,0
2013-05-29,62.61,62.61,62.61,62.61,33.4791,0,0,0
2013-05-30,62.67,62.67,62.67,62.67,33.5112,0,0,0
2013-05-31,62.3,62.3,62.3,62.3,33.3133,0,0,0
2013-06-03,62.38,62.38,62.38,62.38,33.3561,0,0,0
2013-06-04,62.07,62.07,62.07,62.07,33.1903,0,0,0
2013-06-05,61.43,61.43,61.43,61.43,32.8481,0,0,0
2013-06-06,62.15,62.15,62.15,62.15,33.2331,0,0,0
2013-06-07,62.9,62.9,62.9,62.9,33.6342,0,0,0
2013-06-10,62.79,62.79,62.79,62.79,33.5754,0,0,0
2013-06-11,62.26,62.26,62.26,62.26,33.2919,0,0,0
2013-06-12,61.76,61.76,61.76,61.76,33.0246,0,0,0
2013-06-13,62.81,62.81,62.81,62.81,33.586,0,0,0
2013-06-14,62.98,62.98,62.98,62.98,33.6769,0,0,0
2013-06-17,63.04,63.04,63.04,63.04,33.709,0,0,0
2013-06-18,63.48,63.48,63.48,63.48,33.9443,0,0,0
2013-06-19,62.17,62.17,62.17,62.17,33.2438,0,0,0
2013-06-20,60.42,60.42,60.42,60.42,32.308,0,0,0
2013-06-21,60.9,60.9,60.9,60.9,32.5647,0,0,0
2013-06-24,60.71,60.71,60.71,60.71,32.4631,0,0,0
2013-06-25,61.5,61.5,61.5,61.5,32.8855,0,0,0
2013-06-26,62.28,62.28,62.28,62.28,33.3026,0,0,0
2013-06-27,62.43,62.43,62.43,62.43,33.3829,0,0,0
2013-06-28,62.68,62.68,62.68,62.68,33.5165,0,0,0
2013-07-01,62.18,62.18,62.18,62.18,33.2492,0,0,0
2013-07-02,62.24,62.24,62.24,62.24,33.2812,0,0,0
2013-07-03,62.13,62.13,62.13,62.13,33.2224,0,0,0
2013-07-05,62.04,62.04,62.04,62.04,33.1743,0,0,0
2013-07-08,62.88,62.88,62.88,62.88,33.6235,0,0,0
2013-07-09,63.38,63.38,63.38,63.38,33.8908,0,0,0
2013-07-10,63.65,63.65,63.65,63.65,34.0352,0,0,0
2013-07-11,64.58,64.58,64.58,64.58,34.5325,0,0,0
2013-07-12,64.71,64.71,64.71,64.71,34.602,0,0,0
2013-07-15,65.54,65.54,65.54,65.54,35.0458,0,0,0
2013-07-16,65.23,65.23,65.23,65.23,34.8801,0,0,0
2013-07-17,65.06,65.06,65.06,65.06,34.7892,0,0,0
2013-07-18,65.59,65.59,65.59,65.59,35.0726,0,0,0
2013-07-19,65.55,65.55,65.55,65.55,35.0512,0,0,0
2013-07-22,65.46,65.46,65.46,65.46,35.0031,0,0,0
2013-07-23,65.69,65.69,65.69,65.69,35.126,0,0,0
2013-07-24,64.79,64.79,64.79,64.79,34.6448,0,0,0
2013-07-25,65.15,65.15,65.15,65.15,34.8373,0,0,0
2013-07-26,65.38,65.38,65.38,65.38,34.9603,0,0,0
2013-07-29,65.4,65.4,65.4,65.4,34.971,0,0,0
2013-07-30,65.44,65.44,65.44,65.44,34.9924,0,0,0
2013-07-31,65.43,65.43,65.43,65.43,34.987,0,0,0
2013-08-01,66.47,66.47,66.47,66.47,35.5431,0,0,0
2013-08-02,66.41,66.41,66.41,66.41,35.511,0,0,0
2013-08-05,65.95,65.95,65.95,65.95,35.2651,0,0,0
2013-08-06,65.54,65.54,65.54,65.54,35.0458,0,0,0
2013-08-07,65.54,65.54,65.54,65.54,35.0458,0,0,0
2013-08-08,65.95,65.95,65.95,65.95,35.2651,0,0,0
2013-08-09,65.47,65.47,65.47,65.47,35.0084,0,0,0
2013-08-12,65.07,65.07,65.07,65.07,34.7945,0,0,0
2013-08-13,64.66,64.66,64.66,64.66,34.5753,0,0,0
2013-08-14,64.49,64.49,64.49,64.49,34.4844,0,0,0
2013-08-15,63.69,63.69,63.69,63.69,34.0566,0,0,0
2013-08-16,63.11,63.11,63.11,63.11,33.7464,0,0,0
2013-08-19,62.53,62.53,62.53,62.53,33.4363,0,0,0
2013-08-20,63.14,63.14,63.14,63.14,33.7625,0,0,0
2013-08-21,62.69,62.69,62.69,62.69,33.5219,0,0,0
2013-08-22,63.07,63.07,63.07,63.07,33.7251,0,0,0
2013-08-23,63.42,63.42,63.42,63.42,33.9122,0,0,0
2013-08-26,63.01,63.01,63.01,63.01,33.693,0,0,0
2013-08-27,62.87,62.87,62.87,62.87,33.6181,0,0,0
2013-08-28,63.23,63.23,63.23,63.23,33.8106,0,0,0
2013-08-29,63.03,63.03,63.03,63.03,33.7037,0,0,0
2013-08-30,62.88,62.88,62.88,62.88,33.6235,0,0,0
2013-09-03,62.47,62.47,62.47,62.47,33.4042,0,0,0
2013-09-04,62.45,62.45,62.45,62.45,33.3935,0,0,0
2013-09-05,62.28,62.28,62.28,62.28,33.3026,0,0,0
2013-09-06,62.66,62.66,62.66,62.66,33.5058,0,0,0
2013-09-09,63.18,63.18,63.18,63.18,33.7839,0,0,0
2013-09-10,63.59,63.59,63.59,63.59,34.0031,0,0,0
2013-09-11,62.97,62.97,62.97,62.97,33.6716,0,0,0
2013-09-12,62.9,62.9,62.9,62.9,33.6342,0,0,0
2013-09-13,63.24,63.24,63.24,63.24,33.816,0,0,0
2013-09-16,63.41,63.41,63.41,63.41,33.9069,0,0,0
2013-09-17,63.99,63.99,63.99,63.99,34.217,0,0,0
2013-09-18,65.5,65.5,65.5,65.5,35.0245,0,0,0
2013-09-19,65.42,65.42,65.42,65.42,34.9817,0,0,0
2013-09-20,64.64,64.64,64.64,64.64,34.5646,0,0,0
2013-09-23,65.3,65.3,65.3,65.3,34.9175,0,0,0
2013-09-24,65.28,65.28,65.28,65.28,34.9068,0,0,0
2013-09-25,65.11,65.11,65.11,65.11,34.8159,0,0,0
2013-09-26,65.24,65.24,65.24,65.24,34.8854,0,0,0
2013-09-27,64.97,64.97,64.97,64.97,34.741,0,0,0
2013-09-30,64.91,64.91,64.91,64.91,34.709,0,0,0
2013-10-01,65.21,65.21,65.21,65.21,34.8694,0,0,0
2013-10-02,65.24,65.24,65.24,65.24,34.8854,0,0,0
2013-10-03,64.68,64.68,64.68,64.68,34.586,0,0,0
2013-10-04,64.98,64.98,64.98,64.98,34.7464,0,0,0
2013-10-07,64.53,64.53,64.53,64.53,34.5058,0,0,0
2013-10-08,64.52,64.52,64.52,64.52,34.5004,0,0,0
2013-10-09,64.58,64.58,64.58,64.58,34.5325,0,0,0
2013-10-10,65.78,65.78,65.78,65.78,35.1742,0,0,0
2013-10-11,66.12,66.12,66.12,66.12,35.356,0,0,0
2013-10-14,65.94,65.94,65.94,65.94,35.2597,0,0,0
2013-10-15,65.06,65.06,65.06,65.06,34.7892,0,0,0
2013-10-16,65.89,65.89,65.89,65.89,35.233,0,0,0
2013-10-17,66.81,66.81,66.81,66.81,35.7249,0,0,0
2013-10-18,67.29,67.29,67.29,67.29,35.9816,0,0,0
2013-10-21,67.2,67.2,67.2,67.2,35.9335,0,0,0
2013-10-22,67.83,67.83,67.83,67.83,36.2704,0,0,0
2013-10-23,67.67,67.67,67.67,67.67,36.1848,0,0,0
2013-10-24,67.78,67.78,67.78,67.78,36.2436,0,0,0
2013-10-25,68.72,68.72,68.72,68.72,36.7463,0,0,0
2013-10-28,68.42,68.42,68.42,68.42,36.5858,0,0,0
2013-10-29,68.67,68.67,68.67,68.67,36.7195,0,0,0
2013-10-30,68.1,68.1,68.1,68.1,36.4147,0,0,0
2013-10-31,67.77,67.77,67.77,67.77,36.2383,0,0,0
2013-11-01,68.08,68.08,68.08,68.08,36.404,0,0,0
2013-11-04,68.28,68.28,68.28,68.28,36.511,0,0,0
2013-11-05,67.88,67.88,67.88,67.88,36.2971,0,0,0
2013-11-06,68.59,68.59,68.59,68.59,36.6767,0,0,0
2013-11-07,67.83,67.83,67.83,67.83,36.2704,0,0,0
2013-11-08,67.96,67.96,67.96,67.96,36.3399,0,0,0
2013-11-11,67.99,67.99,67.99,67.99,36.3559,0,0,0
2013-11-12,67.41,67.41,67.41,67.41,36.0458,0,0,0
2013-11-13,67.62,67.62,67.62,67.62,36.1581,0,0,0
2013-11-14,68.15,68.15,68.15,68.15,36.4415,0,0,0
2013-11-15,68.65,68.65,68.65,68.65,36.7088,0,0,0
2013-11-18,68.36,68.36,68.36,68.36,36.5538,0,0,0
2013-11-19,67.73,67.73,67.73,67.73,36.2169,0,0,0
2013-11-20,67.37,67.37,67.37,67.37,36.0244,0,0,0
2013-11-21,67.81,67.81,67.81,67.81,36.2597,0,0,0
2013-11-22,67.96,67.96,67.96,67.96,36.3399,0,0,0
2013-11-25,67.73,67.73,67.73,67.73,36.2169,0,0,0
2013-11-26,66.99,66.99,66.99,66.99,35.8212,0,0,0
2013-11-27,66.63,66.63,66.63,66.63,35.6287,0,0,0
2013-11-29,66.52,66.52,66.52,66.52,35.5699,0,0,0
2013-12-02,66.31,66.31,66.31,66.31,35.4576,0,0,0
2013-12-03,66.77,66.77,66.77,66.77,35.7036,0,0,0
2013-12-04,66.97,66.97,66.97,66.97,35.8105,0,0,0
2013-12-05,66.7,66.7,66.7,66.7,35.6661,0,0,0
2013-12-06,65.67,65.67,65.67,65.67,36.0288,0,1.691,0
2013-12-09,65.4,65.4,65.4,65.4,35.8806,0,0,0
2013-12-10,64.98,64.98,64.98,64.98,35.6502,0,0,0
2013-12-11,64.33,64.33,64.33,64.33,35.2936,0,0,0
2013-12-12,64.41,64.41,64.41,64.41,35.3375,0,0,0
2013-12-13,64.29,64.29,64.29,64.29,35.2716,0,0,0
2013-12-16,64.55,64.55,64.55,64.55,35.4143,0,0,0
2013-12-17,64.54,64.54,64.54,64.54,35.4088,0,0,0
2013-12-18,65.27,65.27,65.27,65.27,35.8093,0,0,0
2013-12-19,65.18,65.18,65.18,65.18,35.7599,0,0,0
2013-12-20,65.97,65.97,65.97,65.97,36.1934,0,0,0
2013-12-23,65.9,65.9,65.9,65.9,36.155,0,0,0
2013-12-24,66.19,66.19,66.19,66.19,36.3141,0,0,0
2013-12-26,66.12,66.12,66.12,66.12,36.2757,0,0,0
2013-12-27,66.21,66.21,66.21,66.21,36.325,0,0,0
2013-12-30,66.34,66.34,66.34,66.34,36.3963,0,0,0
2013-12-31,66.61,66.61,66.61,66.61,36.5445,0,0,0
2014-01-02,65.7,65.7,65.7,65.7,36.0452,0,0,0
2014-01-03,65.63,65.63,65.63,65.63,36.0068,0,0,0
2014-01-06,65.83,65.83,65.83,65.83,36.1165,0,0,0
2014-01-07,66.49,66.49,66.49,66.49,36.4786,0,0,0
2014-01-08,66.3,66.3,66.3,66.3,36.3744,0,0,0
2014-01-09,66.81,66.81,66.81,66.81,36.6542,0,0,0
2014-01-10,67.59,67.59,67.59,67.59,37.0821,0,0,0
2014-01-13,66.83,66.83,66.83,66.83,36.6652,0,0,0
2014-01-14,67.31,67.31,67.31,67.31,36.9285,0,0,0
2014-01-15,67.32,67.32,67.32,67.32,36.934,0,0,0
2014-01-16,67.75,67.75,67.75,67.75,37.1699,0,0,0
2014-01-17,67.69,67.69,67.69,67.69,37.137,0,0,0
2014-01-21,68.38,68.38,68.38,68.38,37.5156,0,0,0
2014-01-22,68.45,68.45,68.45,68.45,37.554,0,0,0
2014-01-23,68.03,68.03,68.03,68.03,37.3235,0,0,0
2014-01-24,66.75,66.75,66.75,66.75,36.6213,0,0,0
2014-01-27,66.59,66.59,66.59,66.59,36.5335,0,0,0
2014-01-28,67.21,67.21,67.21,67.21,36.8737,0,0,0
2014-01-29,67.02,67.02,67.02,67.02,36.7694,0,0,0
2014-01-30,68.01,68.01,68.01,68.01,37.3126,0,0,0
2014-01-31,68.51,68.51,68.51,68.51,37.5869,0,0,0
2014-02-03,67.64,67.64,67.64,67.64,37.1096,0,0,0
2014-02-04,67.38,67.38,67.38,67.38,36.9669,0,0,0
2014-02-05,67.02,67.02,67.02,67.02,36.7694,0,0,0
2014-02-06,67.48,67.48,67.48,67.48,37.0218,0,0,0
2014-02-07,68.11,68.11,68.11,68.11,37.3674,0,0,0
2014-02-10,68.58,68.58,68.58,68.58,37.6253,0,0,0
2014-02-11,69.19,69.19,69.19,69.19,37.96,0,0,0
2014-02-12,69.44,69.44,69.44,69.44,38.0971,0,0,0
2014-02-13,70.31,70.31,70.31,70.31,38.5744,0,0,0
2014-02-14,70.67,70.67,70.67,70.67,38.7719,0,0,0
2014-02-18,71.01,71.01,71.01,71.01,38.9585,0,0,0
2014-02-19,70.53,70.53,70.53,70.53,38.6951,0,0,0
2014-02-20,70.96,70.96,70.96,70.96,38.931,0,0,0
2014-02-21,71.06,71.06,71.06,71.06,38.9859,0,0,0
2014-02-24,70.9,70.9,70.9,70.9,38.8981,0,0,0
2014-02-25,70.64,70.64,70.64,70.64,38.7555,0,0,0
2014-02-26,70.37,70.37,70.37,70.37,38.6073,0,0,0
2014-02-27,70.37,70.37,70.37,70.37,38.6073,0,0,0
2014-02-28,70.64,70.64,70.64,70.64,38.7555,0,0,0
2014-03-03,70.25,70.25,70.25,70.25,38.5415,0,0,0
2014-03-04,71.03,71.03,71.03,71.03,38.9694,0,0,0
2014-03-05,70.65,70.65,70.65,70.65,38.761,0,0,0
2014-03-06,70.5,70.5,70.5,70.5,38.6787,0,0,0
2014-03-07,70.67,70.67,70.67,70.67,38.7719,0,0,0
2014-03-10,70.45,70.45,70.45,70.45,38.6512,0,0,0
2014-03-11,70.25,70.25,70.25,70.25,38.5415,0,0,0
2014-03-12,70.95,70.95,70.95,70.95,38.9255,0,0,0
2014-03-13,71.35,71.35,71.35,71.35,39.145,0,0,0
2014-03-14,71.78,71.78,71.78,71.78,39.3809,0,0,0
2014-03-17,72.2,72.2,72.2,72.2,39.6114,0,0,0
2014-03-18,72.3,72.3,72.3,72.3,39.6662,0,0,0
2014-03-19,71.55,71.55,71.55,71.55,39.2547,0,0,0
2014-03-20,71.76,71.76,71.76,71.76,39.3699,0,0,0
2014-03-21,72.06,72.06,72.06,72.06,39.5345,0,0,0
2014-03-24,71.93,71.93,71.93,71.93,39.4632,0,0,0
2014-03-25,72.25,72.25,72.25,72.25,39.6388,0,0,0
2014-03-26,71.97,71.97,71.97,71.97,39.4852,0,0,0
2014-03-27,72.46,72.46,72.46,72.46,39.754,0,0,0
2014-03-28,72.79,72.79,72.79,72.79,39.935,0,0,0
2014-03-31,73.44,73.44,73.44,73.44,40.2916,0,0,0
2014-04-01,73.36,73.36,73.36,73.36,40.2478,0,0,0
2014-04-02,73.32,73.32,73.32,73.32,40.2258,0,0,0
2014-04-03,73.35,73.35,73.35,73.35,40.2423,0,0,0
2014-04-04,71.53,71.53,71.53,71.53,40.2924,0,1.909,0
2014-04-07,70.93,70.93,70.93,70.93,39.9544,0,0,0
2014-04-08,71.95,71.95,71.95,71.95,40.529,0,0,0
2014-04-09,72.19,72.19,72.19,72.19,40.6642,0,0,0
2014-04-10,71.67,71.67,71.67,71.67,40.3713,0,0,0
2014-04-11,71.33,71.33,71.33,71.33,40.1797,0,0,0
2014-04-14,71.7,71.7,71.7,71.7,40.3881,0,0,0
2014-04-15,72.36,72.36,72.36,72.36,40.7599,0,0,0
2014-04-16,72.98,72.98,72.98,72.98,41.1092,0,0,0
2014-04-17,72.4,72.4,72.4,72.4,40.7825,0,0,0
2014-04-21,72.58,72.58,72.58,72.58,40.8839,0,0,0
2014-04-22,72.65,72.65,72.65,72.65,40.9233,0,0,0
2014-04-23,72.72,72.72,72.72,72.72,40.9627,0,0,0
2014-04-24,72.96,72.96,72.96,72.96,41.0979,0,0,0
2014-04-25,73.26,73.26,73.26,73.26,41.2669,0,0,0
2014-04-28,73.5,73.5,73.5,73.5,41.4021,0,0,0
2014-04-29,73.37,73.37,73.37,73.37,41.3289,0,0,0
2014-04-30,73.53,73.53,73.53,73.53,41.419,0,0,0
2014-05-01,74.04,74.04,74.04,74.04,41.7063,0,0,0
2014-05-02,73.06,73.06,73.06,73.06,41.1542,0,0,0
2014-05-05,73.55,73.55,73.55,73.55,41.4303,0,0,0
2014-05-06,73.33,73.33,73.33,73.33,41.3063,0,0,0
2014-05-07,74.55,74.55,74.55,74.55,41.9936,0,0,0
2014-05-08,73.79,73.79,73.79,73.79,41.5654,0,0,0
2014-05-09,72.92,72.92,72.92,72.92,41.0754,0,0,0
2014-05-12,72.56,72.56,72.56,72.56,40.8726,0,0,0
2014-05-13,72.61,72.61,72.61,72.61,40.9008,0,0,0
2014-05-14,73.08,73.08,73.08,73.08,41.1655,0,0,0
2014-05-15,72.73,72.73,72.73,72.73,40.9684,0,0,0
2014-05-16,73.07,73.07,73.07,73.07,41.1599,0,0,0
2014-05-19,72.11,72.11,72.11,72.11,40.6191,0,0,0
2014-05-20,72.21,72.21,72.21,72.21,40.6754,0,0,0
2014-05-21,72.42,72.42,72.42,72.42,40.7937,0,0,0
2014-05-22,72.94,72.94,72.94,72.94,41.0866,0,0,0
2014-05-23,72.91,72.91,72.91,72.91,41.0698,0,0,0
2014-05-27,73.53,73.53,73.53,73.53,41.419,0,0,0
2014-05-28,73.87,73.87,73.87,73.87,41.6105,0,0,0
2014-05-29,74.16,74.16,74.16,74.16,41.7739,0,0,0
2014-05-30,75.03,75.03,75.03,75.03,42.2639,0,0,0
2014-06-02,75.16,75.16,75.16,75.16,42.3372,0,0,0
2014-06-03,75.3,75.3,75.3,75.3,42.416,0,0,0
2014-06-04,75.34,75.34,75.34,75.34,42.4386,0,0,0
2014-06-05,75.82,75.82,75.82,75.82,42.7089,0,0,0
2014-06-06,75.67,75.67,75.67,75.67,42.6244,0,0,0
2014-06-09,75.36,75.36,75.36,75.36,42.4498,0,0,0
2014-06-10,75.15,75.15,75.15,75.15,42.3315,0,0,0
2014-06-11,74.29,74.29,74.29,74.29,41.8471,0,0,0
2014-06-12,74.23,74.23,74.23,74.23,41.8133,0,0,0
2014-06-13,74.81,74.81,74.81,74.81,42.14,0,0,0
2014-06-16,75.32,75.32,75.32,75.32,42.4273,0,0,0
2014-06-17,75.32,75.32,75.32,75.32,42.4273,0,0,0
2014-06-18,76.53,76.53,76.53,76.53,43.1089,0,0,0
2014-06-19,76.93,76.93,76.93,76.93,43.3342,0,0,0
2014-06-20,76.54,76.54,76.54,76.54,43.1145,0,0,0
2014-06-23,76.43,76.43,76.43,76.43,43.0525,0,0,0
2014-06-24,76.38,76.38,76.38,76.38,43.0244,0,0,0
2014-06-25,76.87,76.87,76.87,76.87,43.3004,0,0,0
2014-06-26,76.96,76.96,76.96,76.96,43.3511,0,0,0
2014-06-27,77.19,77.19,77.19,77.19,43.4806,0,0,0
2014-06-30,77.76,77.76,77.76,77.76,43.8017,0,0,0
2014-07-01,77.21,77.21,77.21,77.21,43.4919,0,0,0
2014-07-02,75.98,75.98,75.98,75.98,42.7991,0,0,0
2014-07-03,75.24,75.24,75.24,75.24,42.3822,0,0,0
2014-07-07,75.28,75.28,75.28,75.28,42.4048,0,0,0
2014-07-08,75.48,75.48,75.48,75.48,42.5174,0,0,0
2014-07-09,75.61,75.61,75.61,75.61,42.5906,0,0,0
2014-07-10,75.84,75.84,75.84,75.84,42.7202,0,0,0
2014-07-11,75.49,75.49,75.49,75.49,42.523,0,0,0
2014-07-14,74.69,74.69,74.69,74.69,42.0724,0,0,0
2014-07-15,74.85,74.85,74.85,74.85,42.1625,0,0,0
2014-07-16,75.07,75.07,75.07,75.07,42.2865,0,0,0
2014-07-17,74.2,74.2,74.2,74.2,41.7964,0,0,0
2014-07-18,75.02,75.02,75.02,75.02,42.2583,0,0,0
2014-07-21,74.84,74.84,74.84,74.84,42.1569,0,0,0
2014-07-22,74.84,74.84,74.84,74.84,42.1569,0,0,0
2014-07-23,74.85,74.85,74.85,74.85,42.1625,0,0,0
2014-07-24,74.92,74.92,74.92,74.92,42.202,0,0,0
2014-07-25,74.45,74.45,74.45,74.45,41.9372,0,0,0
2014-07-28,75.21,75.21,75.21,75.21,42.3653,0,0,0
2014-07-29,74.7,74.7,74.7,74.7,42.078,0,0,0
2014-07-30,73.71,73.71,73.71,73.71,41.5204,0,0,0
2014-07-31,72.57,72.57,72.57,72.57,40.8782,0,0,0
2014-08-01,72.5,72.5,72.5,72.5,40.8388,0,0,0
2014-08-04,72.66,72.66,72.66,72.66,40.9289,0,0,0
2014-08-05,71.92,71.92,71.92,71.92,40.5121,0,0,0
2014-08-06,71.21,71.21,71.21,71.21,40.1122,0,0,0
2014-08-07,71.59,71.59,71.59,71.59,40.3262,0,0,0
2014-08-08,72.79,72.79,72.79,72.79,41.0021,0,0,0
2014-08-11,72.75,72.75,72.75,72.75,40.9796,0,0,0
2014-08-12,72.8,72.8,72.8,72.8,41.0078,0,0,0
2014-08-13,73.12,73.12,73.12,73.12,41.188,0,0,0
2014-08-14,73.64,73.64,73.64,73.64,41.481,0,0,0
2014-08-15,74.05,74.05,74.05,74.05,41.7119,0,0,0
2014-08-18,74.01,74.01,74.01,74.01,41.6894,0,0,0
2014-08-19,74.74,74.74,74.74,74.74,42.1006,0,0,0
2014-08-20,74.94,74.94,74.94,74.94,42.2132,0,0,0
2014-08-21,74.98,74.98,74.98,74.98,42.2358,0,0,0
2014-08-22,74.9,74.9,74.9,74.9,42.1907,0,0,0
2014-08-25,75.3,75.3,75.3,75.3,42.416,0,0,0
2014-08-26,74.8,74.8,74.8,74.8,42.1344,0,0,0
2014-08-27,75.54,75.54,75.54,75.54,42.5512,0,0,0
2014-08-28,75.88,75.88,75.88,75.88,42.7427,0,0,0
2014-08-29,76.49,76.49,76.49,76.49,43.0863,0,0,0
2014-09-02,76.04,76.04,76.04,76.04,42.8329,0,0,0
2014-09-03,76.39,76.39,76.39,76.39,43.03,0,0,0
2014-09-04,76.26,76.26,76.26,76.26,42.9568,0,0,0
2014-09-05,77.03,77.03,77.03,77.03,43.3905,0,0,0
2014-09-08,76.54,76.54,76.54,76.54,43.1145,0,0,0
2014-09-09,75.77,75.77,75.77,75.77,42.6808,0,0,0
2014-09-10,75.56,75.56,75.56,75.56,42.5625,0,0,0
2014-09-11,75.98,75.98,75.98,75.98,42.7991,0,0,0
2014-09-12,74.65,74.65,74.65,74.65,42.0499,0,0,0
2014-09-15,74.63,74.63,74.63,74.63,42.0386,0,0,0
2014-09-16,75.37,75.37,75.37,75.37,42.4555,0,0,0
2014-09-17,75.26,75.26,75.26,75.26,42.3935,0,0,0
2014-09-18,75.02,75.02,75.02,75.02,42.2583,0,0,0
2014-09-19,75.45,75.45,75.45,75.45,42.5005,0,0,0
2014-09-22,74.71,74.71,74.71,74.71,42.0837,0,0,0
2014-09-23,74.35,74.35,74.35,74.35,41.8809,0,0,0
2014-09-24,74.27,74.27,74.27,74.27,41.8358,0,0,0
2014-09-25,73.6,73.6,73.6,73.6,41.4584,0,0,0
2014-09-26,73.92,73.92,73.92,73.92,41.6387,0,0,0
2014-09-29,74.47,74.47,74.47,74.47,41.9485,0,0,0
2014-09-30,74.44,74.44,74.44,74.44,41.9316,0,0,0
2014-10-01,74.53,74.53,74.53,74.53,41.9823,0,0,0
2014-10-02,74.39,74.39,74.39,74.39,41.9034,0,0,0
2014-10-03,74.99,74.99,74.99,74.99,42.2414,0,0,0
2014-10-06,74.88,74.88,74.88,74.88,42.1794,0,0,0
2014-10-07,74.42,74.42,74.42,74.42,41.9203,0,0,0
2014-10-08,75.7,75.7,75.7,75.7,42.6413,0,0,0
2014-10-09,73.77,73.77,73.77,73.77,41.5542,0,0,0
2014-10-10,73.59,73.59,73.59,73.59,41.4528,0,0,0
2014-10-13,72.45,72.45,72.45,72.45,40.8106,0,0,0
2014-10-14,72.07,72.07,72.07,72.07,40.5966,0,0,0
2014-10-15,71.16,71.16,71.16,71.16,40.084,0,0,0
2014-10-16,72.34,72.34,72.34,72.34,40.7487,0,0,0
2014-10-17,73.12,73.12,73.12,73.12,41.188,0,0,0
2014-10-20,74.08,74.08,74.08,74.08,41.7288,0,0,0
2014-10-21,74.74,74.74,74.74,74.74,42.1006,0,0,0
2014-10-22,74.85,74.85,74.85,74.85,42.1625,0,0,0
2014-10-23,75.34,75.34,75.34,75.34,42.4386,0,0,0
2014-10-24,76.11,76.11,76.11,76.11,42.8723,0,0,0
2014-10-27,75.65,75.65,75.65,75.65,42.6132,0,0,0
2014-10-28,76.56,76.56,76.56,76.56,43.1258,0,0,0
2014-10-29,76.3,76.3,76.3,76.3,42.9793,0,0,0
2014-10-30,77.6,77.6,77.6,77.6,43.7116,0,0,0
2014-10-31,77.8,77.8,77.8,77.8,43.8242,0,0,0
2014-11-03,78.46,78.46,78.46,78.46,44.196,0,0,0
2014-11-04,77.76,77.76,77.76,77.76,43.8017,0,0,0
2014-11-05,79.58,79.58,79.58,79.58,44.8269,0,0,0
2014-11-06,79.14,79.14,79.14,79.14,44.5791,0,0,0
2014-11-07,79.8,79.8,79.8,79.8,44.9508,0,0,0
2014-11-10,79.73,79.73,79.73,79.73,44.9114,0,0,0
2014-11-11,79.57,79.57,79.57,79.57,44.8213,0,0,0
2014-11-12,78.36,78.36,78.36,78.36,44.1397,0,0,0
2014-11-13,77.61,77.61,77.61,77.61,43.7172,0,0,0
2014-11-14,77.29,77.29,77.29,77.29,43.537,0,0,0
2014-11-17,77.91,77.91,77.91,77.91,43.8862,0,0,0
2014-11-18,78.27,78.27,78.27,78.27,44.089,0,0,0
2014-11-19,78.37,78.37,78.37,78.37,44.1453,0,0,0
2014-11-20,78.16,78.16,78.16,78.16,44.027,0,0,0
2014-11-21,78.58,78.58,78.58,78.58,44.2636,0,0,0
2014-11-24,78.03,78.03,78.03,78.03,43.9538,0,0,0
2014-11-25,78.06,78.06,78.06,78.06,43.9707,0,0,0
2014-11-26,78.4,78.4,78.4,78.4,44.1622,0,0,0
2014-11-28,78.31,78.31,78.31,78.31,44.1115,0,0,0
2014-12-01,77.62,77.62,77.62,77.62,43.7229,0,0,0
2014-12-02,78.17,78.17,78.17,78.17,44.0327,0,0,0
2014-12-03,77.84,77.84,77.84,77.84,43.8468,0,0,0
2014-12-04,77.63,77.63,77.63,77.63,43.7285,0,0,0
2014-12-05,73.44,73.44,73.44,73.44,43.4416,0,3.705,0
2014-12-08,73.06,73.06,73.06,73.06,43.2168,0,0,0
2014-12-09,73.53,73.53,73.53,73.53,43.4948,0,0,0
2014-12-10,72.13,72.13,72.13,72.13,42.6667,0,0,0
2014-12-11,72.63,72.63,72.63,72.63,42.9625,0,0,0
2014-12-12,71.78,71.78,71.78,71.78,42.4597,0,0,0
2014-12-15,70.93,70.93,70.93,70.93,41.9569,0,0,0
2014-12-16,70.69,70.69,70.69,70.69,41.8149,0,0,0
2014-12-17,72.56,72.56,72.56,72.56,42.9211,0,0,0
2014-12-18,74.1,74.1,74.1,74.1,43.832,0,0,0
2014-12-19,74.29,74.29,74.29,74.29,43.9444,0,0,0
2014-12-22,74.28,74.28,74.28,74.28,43.9385,0,0,0
2014-12-23,74.7,74.7,74.7,74.7,44.1869,0,0,0
2014-12-24,75.75,75.75,75.75,75.75,44.808,0,0,0
2014-12-26,76.63,76.63,76.63,76.63,45.3286,0,0,0
2014-12-29,77.66,77.66,77.66,77.66,45.9379,0,0,0
2014-12-30,76.33,76.33,76.33,76.33,45.1511,0,0,0
2014-12-31,75.14,75.14,75.14,75.14,44.4472,0,0,0
2015-01-02,75.77,75.77,75.77,75.77,44.8199,0,0,0
2015-01-05,74.21,74.21,74.21,74.21,43.8971,0,0,0
2015-01-06,73.72,73.72,73.72,73.72,43.6072,0,0,0
2015-01-07,74.43,74.43,74.43,74.43,44.0272,0,0,0
2015-01-08,75.14,75.14,75.14,75.14,44.4472,0,0,0
2015-01-09,74.87,74.87,74.87,74.87,44.2875,0,0,0
2015-01-12,74.64,74.64,74.64,74.64,44.1514,0,0,0
2015-01-13,74.77,74.77,74.77,74.77,44.2283,0,0,0
2015-01-14,75.3,75.3,75.3,75.3,44.5418,0,0,0
2015-01-15,75.44,75.44,75.44,75.44,44.6247,0,0,0
2015-01-16,76.09,76.09,76.09,76.09,45.0091,0,0,0
2015-01-20,76.03,76.03,76.03,76.03,44.9737,0,0,0
2015-01-21,76.83,76.83,76.83,76.83,45.4469,0,0,0
2015-01-22,76.59,76.59,76.59,76.59,45.3049,0,0,0
2015-01-23,76.7,76.7,76.7,76.7,45.37,0,0,0
2015-01-26,77.12,77.12,77.12,77.12,45.6184,0,0,0
2015-01-27,77.25,77.25,77.25,77.25,45.6953,0,0,0
2015-01-28,76.24,76.24,76.24,76.24,45.0979,0,0,0
2015-01-29,76.81,76.81,76.81,76.81,45.435,0,0,0
2015-01-30,75.38,75.38,75.38,75.38,44.5892,0,0,0
2015-02-02,76.04,76.04,76.04,76.04,44.9796,0,0,0
2015-02-03,76.81,76.81,76.81,76.81,45.435,0,0,0
2015-02-04,75.95,75.95,75.95,75.95,44.9263,0,0,0
2015-02-05,76.65,76.65,76.65,76.65,45.3404,0,0,0
2015-02-06,74.06,74.06,74.06,74.06,43.8083,0,0,0
2015-02-09,73.62,73.62,73.62,73.62,43.5481,0,0,0
2015-02-10,75.08,75.08,75.08,75.08,44.4117,0,0,0
2015-02-11,73.5,73.5,73.5,73.5,43.4771,0,0,0
2015-02-12,73.5,73.5,73.5,73.5,43.4771,0,0,0
2015-02-13,72.72,72.72,72.72,72.72,43.0157,0,0,0
2015-02-17,72.62,72.62,72.62,72.62,42.9566,0,0,0
2015-02-18,74.26,74.26,74.26,74.26,43.9267,0,0,0
2015-02-19,73.66,73.66,73.66,73.66,43.5718,0,0,0
2015-02-20,73.91,73.91,73.91,73.91,43.7196,0,0,0
2015-02-23,74.18,74.18,74.18,74.18,43.8793,0,0,0
2015-02-24,74.57,74.57,74.57,74.57,44.11,0,0,0
2015-02-25,73.62,73.62,73.62,73.62,43.5481,0,0,0
2015-02-26,72.96,72.96,72.96,72.96,43.1577,0,0,0
2015-02-27,72.85,72.85,72.85,72.85,43.0926,0,0,0
2015-03-02,71.59,71.59,71.59,71.59,42.3473,0,0,0
2015-03-03,72.15,72.15,72.15,72.15,42.6785,0,0,0
2015-03-04,71.76,71.76,71.76,71.76,42.4478,0,0,0
2015-03-05,72.3,72.3,72.3,72.3,42.7673,0,0,0
2015-03-06,70.53,70.53,70.53,70.53,41.7203,0,0,0
2015-03-09,70.42,70.42,70.42,70.42,41.6552,0,0,0
2015-03-10,70.06,70.06,70.06,70.06,41.4422,0,0,0
2015-03-11,69.64,69.64,69.64,69.64,41.1938,0,0,0
2015-03-12,70.97,70.97,70.97,70.97,41.9805,0,0,0
2015-03-13,70.4,70.4,70.4,70.4,41.6434,0,0,0
2015-03-16,71.51,71.51,71.51,71.51,42.3,0,0,0
2015-03-17,71.8,71.8,71.8,71.8,42.4715,0,0,0
2015-03-18,73.9,73.9,73.9,73.9,43.7137,0,0,0
2015-03-19,72.96,72.96,72.96,72.96,43.1577,0,0,0
2015-03-20,73.63,73.63,73.63,73.63,43.554,0,0,0
2015-03-23,73.68,73.68,73.68,73.68,43.5836,0,0,0
2015-03-24,72.91,72.91,72.91,72.91,43.1281,0,0,0
2015-03-25,72.11,72.11,72.11,72.11,42.6549,0,0,0
2015-03-26,71.67,71.67,71.67,71.67,42.3946,0,0,0
2015-03-27,72.01,72.01,72.01,72.01,42.5957,0,0,0
2015-03-30,73.18,73.18,73.18,73.18,43.2878,0,0,0
2015-03-31,73.01,73.01,73.01,73.01,43.1872,0,0,0
2015-04-01,72.76,72.76,72.76,72.76,43.0394,0,0,0
2015-04-02,73.29,73.29,73.29,73.29,43.3529,0,0,0
2015-04-06,74.05,74.05,74.05,74.05,43.8024,0,0,0
2015-04-07,73.64,73.64,73.64,73.64,43.5599,0,0,0
2015-04-08,73.43,73.43,73.43,73.43,43.4357,0,0,0
2015-04-09,73.21,73.21,73.21,73.21,43.3056,0,0,0
2015-04-10,72.14,72.14,72.14,72.14,43.4846,0,1.367,0
2015-04-13,71.57,71.57,71.57,71.57,43.141,0,0,0
2015-04-14,71.91,71.91,71.91,71.91,43.3459,0,0,0
2015-04-15,72.29,72.29,72.29,72.29,43.575,0,0,0
2015-04-16,71.91,71.91,71.91,71.91,43.3459,0,0,0
2015-04-17,71.38,71.38,71.38,71.38,43.0265,0,0,0
2015-04-20,72.3,72.3,72.3,72.3,43.581,0,0,0
2015-04-21,71.56,71.56,71.56,71.56,43.135,0,0,0
2015-04-22,71.62,71.62,71.62,71.62,43.1711,0,0,0
2015-04-23,71.89,71.89,71.89,71.89,43.3339,0,0,0
2015-04-24,72.74,72.74,72.74,72.74,43.8462,0,0,0
2015-04-27,71.9,71.9,71.9,71.9,43.3399,0,0,0
2015-04-28,72.36,72.36,72.36,72.36,43.6172,0,0,0
2015-04-29,72.22,72.22,72.22,72.22,43.5328,0,0,0
2015-04-30,71.5,71.5,71.5,71.5,43.0988,0,0,0
2015-05-01,71.74,71.74,71.74,71.74,43.2435,0,0,0
2015-05-04,72.4,72.4,72.4,72.4,43.6413,0,0,0
2015-05-05,70.81,70.81,70.81,70.81,42.6829,0,0,0
2015-05-06,70.12,70.12,70.12,70.12,42.267,0,0,0
2015-05-07,70.44,70.44,70.44,70.44,42.4599,0,0,0
2015-05-08,71.4,71.4,71.4,71.4,43.0385,0,0,0
2015-05-11,70.84,70.84,70.84,70.84,42.701,0,0,0
2015-05-12,70.87,70.87,70.87,70.87,42.7191,0,0,0
2015-05-13,70.42,70.42,70.42,70.42,42.4478,0,0,0
2015-05-14,70.96,70.96,70.96,70.96,42.7733,0,0,0
2015-05-15,71.9,71.9,71.9,71.9,43.3399,0,0,0
2015-05-18,72.15,72.15,72.15,72.15,43.4906,0,0,0
2015-05-19,72.21,72.21,72.21,72.21,43.5268,0,0,0
2015-05-20,72.18,72.18,72.18,72.18,43.5087,0,0,0
2015-05-21,72.24,72.24,72.24,72.24,43.5448,0,0,0
2015-05-22,72.17,72.17,72.17,72.17,43.5027,0,0,0
2015-05-26,71.66,71.66,71.66,71.66,43.1952,0,0,0
2015-05-27,71.92,71.92,71.92,71.92,43.352,0,0,0
2015-05-28,72.1,72.1,72.1,72.1,43.4605,0,0,0
2015-05-29,71.79,71.79,71.79,71.79,43.2736,0,0,0
2015-06-01,71.92,71.92,71.92,71.92,43.352,0,0,0
2015-06-02,71.16,71.16,71.16,71.16,42.8939,0,0,0
2015-06-03,70.3,70.3,70.3,70.3,42.3755,0,0,0
2015-06-04,70.03,70.03,70.03,70.03,42.2127,0,0,0
2015-06-05,69.5,69.5,69.5,69.5,41.8932,0,0,0
2015-06-08,68.97,68.97,68.97,68.97,41.5738,0,0,0
2015-06-09,68.89,68.89,68.89,68.89,41.5255,0,0,0
2015-06-10,69.7,69.7,69.7,69.7,42.0138,0,0,0
2015-06-11,70.01,70.01,70.01,70.01,42.2007,0,0,0
2015-06-12,69.37,69.37,69.37,69.37,41.8149,0,0,0
2015-06-15,69.27,69.27,69.27,69.27,41.7546,0,0,0
2015-06-16,69.53,69.53,69.53,69.53,41.9113,0,0,0
2015-06-17,70.1,70.1,70.1,70.1,42.2549,0,0,0
2015-06-18,70.77,70.77,70.77,70.77,42.6588,0,0,0
2015-06-19,70.11,70.11,70.11,70.11,42.2609,0,0,0
2015-06-22,70.09,70.09,70.09,70.09,42.2489,0,0,0
2015-06-23,69.3,69.3,69.3,69.3,41.7727,0,0,0
2015-06-24,68.79,68.79,68.79,68.79,41.4653,0,0,0
2015-06-25,68.09,68.09,68.09,68.09,41.0433,0,0,0
2015-06-26,68.15,68.15,68.15,68.15,41.0795,0,0,0
2015-06-29,67.38,67.38,67.38,67.38,40.6153,0,0,0
2015-06-30,67.06,67.06,67.06,67.06,40.4225,0,0,0
2015-07-01,67.16,67.16,67.16,67.16,40.4827,0,0,0
2015-07-02,68.01,68.01,68.01,68.01,40.9951,0,0,0
2015-07-06,67.99,67.99,67.99,67.99,40.983,0,0,0
2015-07-07,69.2,69.2,69.2,69.2,41.7124,0,0,0
2015-07-08,68.61,68.61,68.61,68.61,41.3568,0,0,0
2015-07-09,68.09,68.09,68.09,68.09,41.0433,0,0,0
2015-07-10,68.51,68.51,68.51,68.51,41.2965,0,0,0
2015-07-13,68.69,68.69,68.69,68.69,41.405,0,0,0
2015-07-14,68.72,68.72,68.72,68.72,41.4231,0,0,0
2015-07-15,68.88,68.88,68.88,68.88,41.5195,0,0,0
2015-07-16,69.74,69.74,69.74,69.74,42.0379,0,0,0
2015-07-17,69.05,69.05,69.05,69.05,41.622,0,0,0
2015-07-20,68.59,68.59,68.59,68.59,41.3447,0,0,0
2015-07-21,67.83,67.83,67.83,67.83,40.8866,0,0,0
2015-07-22,68.05,68.05,68.05,68.05,41.0192,0,0,0
2015-07-23,67.05,67.05,67.05,67.05,40.4164,0,0,0
2015-07-24,66.89,66.89,66.89,66.89,40.32,0,0,0
2015-07-27,67.35,67.35,67.35,67.35,40.5973,0,0,0
2015-07-28,67.82,67.82,67.82,67.82,40.8806,0,0,0
2015-07-29,68.12,68.12,68.12,68.12,41.0614,0,0,0
2015-07-30,68.65,68.65,68.65,68.65,41.3809,0,0,0
2015-07-31,69.31,69.31,69.31,69.31,41.7787,0,0,0
2015-08-03,69.56,69.56,69.56,69.56,41.9294,0,0,0
2015-08-04,68.17,68.17,68.17,68.17,41.0915,0,0,0
2015-08-05,68.25,68.25,68.25,68.25,41.1398,0,0,0
2015-08-06,68.4,68.4,68.4,68.4,41.2302,0,0,0
2015-08-07,69.04,69.04,69.04,69.04,41.616,0,0,0
2015-08-10,68.97,68.97,68.97,68.97,41.5738,0,0,0
2015-08-11,68.97,68.97,68.97,68.97,41.5738,0,0,0
2015-08-12,70.46,70.46,70.46,70.46,42.4719,0,0,0
2015-08-13,70.45,70.45,70.45,70.45,42.4659,0,0,0
2015-08-14,71.04,71.04,71.04,71.04,42.8215,0,0,0
2015-08-17,71.54,71.54,71.54,71.54,43.1229,0,0,0
2015-08-18,71.33,71.33,71.33,71.33,42.9963,0,0,0
2015-08-19,71.46,71.46,71.46,71.46,43.0747,0,0,0
2015-08-20,70.76,70.76,70.76,70.76,42.6527,0,0,0
2015-08-21,69.72,69.72,69.72,69.72,42.0258,0,0,0
2015-08-24,67.27,67.27,67.27,67.27,40.549,0,0,0
2015-08-25,65.15,65.15,65.15,65.15,39.2711,0,0,0
2015-08-26,66.37,66.37,66.37,66.37,40.0065,0,0,0
2015-08-27,67.35,67.35,67.35,67.35,40.5973,0,0,0
2015-08-28,67.24,67.24,67.24,67.24,40.5309,0,0,0
2015-08-31,65.99,65.99,65.99,65.99,39.7775,0,0,0
2015-09-01,64.15,64.15,64.15,64.15,38.6684,0,0,0
2015-09-02,64.04,64.04,64.04,64.04,38.6021,0,0,0
2015-09-03,64.51,64.51,64.51,64.51,38.8854,0,0,0
2015-09-04,63.52,63.52,63.52,63.52,38.2886,0,0,0
2015-09-08,64.72,64.72,64.72,64.72,39.0119,0,0,0
2015-09-09,63.81,63.81,63.81,63.81,38.4634,0,0,0
2015-09-10,63.52,63.52,63.52,63.52,38.2886,0,0,0
2015-09-11,63.73,63.73,63.73,63.73,38.4152,0,0,0
2015-09-14,64.01,64.01,64.01,64.01,38.584,0,0,0
2015-09-15,64.47,64.47,64.47,64.47,38.8613,0,0,0
2015-09-16,65.16,65.16,65.16,65.16,39.2772,0,0,0
2015-09-17,65.94,65.94,65.94,65.94,39.7473,0,0,0
2015-09-18,65.23,65.23,65.23,65.23,39.3194,0,0,0
2015-09-21,65.16,65.16,65.16,65.16,39.2772,0,0,0
2015-09-22,63.92,63.92,63.92,63.92,38.5297,0,0,0
2015-09-23,64.02,64.02,64.02,64.02,38.59,0,0,0
2015-09-24,64.28,64.28,64.28,64.28,38.7467,0,0,0
2015-09-25,64.95,64.95,64.95,64.95,39.1506,0,0,0
2015-09-28,64.47,64.47,64.47,64.47,38.8613,0,0,0
2015-09-29,64.38,64.38,64.38,64.38,38.807,0,0,0
2015-09-30,65.57,65.57,65.57,65.57,39.5243,0,0,0
2015-10-01,65.06,65.06,65.06,65.06,39.2169,0,0,0
2015-10-02,65.94,65.94,65.94,65.94,39.7473,0,0,0
2015-10-05,67.13,67.13,67.13,67.13,40.4646,0,0,0
2015-10-06,66.74,66.74,66.74,66.74,40.2296,0,0,0
2015-10-07,66.69,66.69,66.69,66.69,40.1994,0,0,0
2015-10-08,67.65,67.65,67.65,67.65,40.7781,0,0,0
2015-10-09,67.5,67.5,67.5,67.5,40.6877,0,0,0
2015-10-12,67.89,67.89,67.89,67.89,40.9228,0,0,0
2015-10-13,67.71,67.71,67.71,67.71,40.8143,0,0,0
2015-10-14,67.61,67.61,67.61,67.61,40.754,0,0,0
2015-10-15,68.61,68.61,68.61,68.61,41.3568,0,0,0
2015-10-16,68.59,68.59,68.59,68.59,41.3447,0,0,0
2015-10-19,68.6,68.6,68.6,68.6,41.3507,0,0,0
2015-10-20,68.81,68.81,68.81,68.81,41.4773,0,0,0
2015-10-21,68.52,68.52,68.52,68.52,41.3025,0,0,0
2015-10-22,69.4,69.4,69.4,69.4,41.833,0,0,0
2015-10-23,68.11,68.11,68.11,68.11,41.0554,0,0,0
2015-10-26,67.7,67.7,67.7,67.7,40.8082,0,0,0
2015-10-27,67.2,67.2,67.2,67.2,40.5068,0,0,0
2015-10-28,66.73,66.73,66.73,66.73,40.2235,0,0,0
2015-10-29,66.5,66.5,66.5,66.5,40.0849,0,0,0
2015-10-30,66.87,66.87,66.87,66.87,40.3079,0,0,0
2015-11-02,66.97,66.97,66.97,66.97,40.3682,0,0,0
2015-11-03,67.21,67.21,67.21,67.21,40.5129,0,0,0
2015-11-04,67.67,67.67,67.67,67.67,40.7901,0,0,0
2015-11-05,66.94,66.94,66.94,66.94,40.3501,0,0,0
2015-11-06,65,65,65,65,39.1807,0,0,0
2015-11-09,65.11,65.11,65.11,65.11,39.247,0,0,0
2015-11-10,65.6,65.6,65.6,65.6,39.5424,0,0,0
2015-11-11,65.9,65.9,65.9,65.9,39.7232,0,0,0
2015-11-12,65.23,65.23,65.23,65.23,39.3194,0,0,0
2015-11-13,64.99,64.99,64.99,64.99,39.1747,0,0,0
2015-11-16,66.14,66.14,66.14,66.14,39.8679,0,0,0
2015-11-17,64.93,64.93,64.93,64.93,39.1385,0,0,0
2015-11-18,65.38,65.38,65.38,65.38,39.4098,0,0,0
2015-11-19,65.85,65.85,65.85,65.85,39.6931,0,0,0
2015-11-20,66.04,66.04,66.04,66.04,39.8076,0,0,0
2015-11-23,65.53,65.53,65.53,65.53,39.5002,0,0,0
2015-11-24,65.54,65.54,65.54,65.54,39.5062,0,0,0
2015-11-25,65.13,65.13,65.13,65.13,39.2591,0,0,0
2015-11-27,65.06,65.06,65.06,65.06,39.2169,0,0,0
2015-11-30,65.35,65.35,65.35,65.35,39.3917,0,0,0
2015-12-01,65.81,65.81,65.81,65.81,39.669,0,0,0
2015-12-02,64.17,64.17,64.17,64.17,38.6804,0,0,0
2015-12-03,63.46,63.46,63.46,63.46,38.2524,0,0,0
2015-12-04,62.11,62.11,62.11,62.11,38.3463,0,1.502,0
2015-12-07,61.9,61.9,61.9,61.9,38.2166,0,0,0
2015-12-08,61.78,61.78,61.78,61.78,38.1425,0,0,0
2015-12-09,61.79,61.79,61.79,61.79,38.1487,0,0,0
2015-12-10,61.23,61.23,61.23,61.23,37.803,0,0,0
2015-12-11,60.57,60.57,60.57,60.57,37.3955,0,0,0
2015-12-14,60.29,60.29,60.29,60.29,37.2226,0,0,0
2015-12-15,60.92,60.92,60.92,60.92,37.6116,0,0,0
2015-12-16,62.69,62.69,62.69,62.69,38.7044,0,0,0
2015-12-17,62.47,62.47,62.47,62.47,38.5686,0,0,0
2015-12-18,62.23,62.23,62.23,62.23,38.4204,0,0,0
2015-12-21,62.68,62.68,62.68,62.68,38.6982,0,0,0
2015-12-22,63.12,63.12,63.12,63.12,38.9699,0,0,0
2015-12-23,64.41,64.41,64.41,64.41,39.7663,0,0,0
2015-12-24,64.34,64.34,64.34,64.34,39.7231,0,0,0
2015-12-28,64.27,64.27,64.27,64.27,39.6799,0,0,0
2015-12-29,64.73,64.73,64.73,64.73,39.9639,0,0,0
2015-12-30,64.41,64.41,64.41,64.41,39.7663,0,0,0
2015-12-31,64.16,64.16,64.16,64.16,39.6119,0,0,0
2016-01-04,63.84,63.84,63.84,63.84,39.4144,0,0,0
2016-01-05,64.34,64.34,64.34,64.34,39.7231,0,0,0
2016-01-06,63.84,63.84,63.84,63.84,39.4144,0,0,0
2016-01-07,63.06,63.06,63.06,63.06,38.9328,0,0,0
2016-01-08,63.34,63.34,63.34,63.34,39.1057,0,0,0
2016-01-11,63.48,63.48,63.48,63.48,39.1921,0,0,0
2016-01-12,63.07,63.07,63.07,63.07,38.939,0,0,0
2016-01-13,62.52,62.52,62.52,62.52,38.5994,0,0,0
2016-01-14,63.86,63.86,63.86,63.86,39.4267,0,0,0
2016-01-15,62.82,62.82,62.82,62.82,38.7846,0,0,0
2016-01-19,63.53,63.53,63.53,63.53,39.223,0,0,0
2016-01-20,62,62,62,62,38.2784,0,0,0
2016-01-21,62.33,62.33,62.33,62.33,38.4821,0,0,0
2016-01-22,63.74,63.74,63.74,63.74,39.3526,0,0,0
2016-01-25,62.56,62.56,62.56,62.56,38.6241,0,0,0
2016-01-26,63.3,63.3,63.3,63.3,39.081,0,0,0
2016-01-27,63.41,63.41,63.41,63.41,39.1489,0,0,0
2016-01-28,64.42,64.42,64.42,64.42,39.7725,0,0,0
2016-01-29,66,66,66,66,40.7479,0,0,0
2016-02-01,66.36,66.36,66.36,66.36,40.9702,0,0,0
2016-02-02,66.45,66.45,66.45,66.45,41.0258,0,0,0
2016-02-03,67.73,67.73,67.73,67.73,41.816,0,0,0
2016-02-04,67.69,67.69,67.69,67.69,41.7913,0,0,0
2016-02-05,67.82,67.82,67.82,67.82,41.8716,0,0,0
2016-02-08,67.09,67.09,67.09,67.09,41.4209,0,0,0
2016-02-09,67.25,67.25,67.25,67.25,41.5197,0,0,0
2016-02-10,66.86,66.86,66.86,66.86,41.2789,0,0,0
2016-02-11,65.34,65.34,65.34,65.34,40.3405,0,0,0
2016-02-12,65.24,65.24,65.24,65.24,40.2787,0,0,0
2016-02-16,65.89,65.89,65.89,65.89,40.68,0,0,0
2016-02-17,66.11,66.11,66.11,66.11,40.8159,0,0,0
2016-02-18,66.9,66.9,66.9,66.9,41.3036,0,0,0
2016-02-19,66.58,66.58,66.58,66.58,41.106,0,0,0
2016-02-22,67.04,67.04,67.04,67.04,41.39,0,0,0
2016-02-23,66.8,66.8,66.8,66.8,41.2419,0,0,0
2016-02-24,67.59,67.59,67.59,67.59,41.7296,0,0,0
2016-02-25,68.1,68.1,68.1,68.1,42.0445,0,0,0
2016-02-26,66.66,66.66,66.66,66.66,41.1554,0,0,0
2016-02-29,66.88,66.88,66.88,66.88,41.2913,0,0,0
2016-03-01,67.01,67.01,67.01,67.01,41.3715,0,0,0
2016-03-02,67.56,67.56,67.56,67.56,41.7111,0,0,0
2016-03-03,68.04,68.04,68.04,68.04,42.0074,0,0,0
2016-03-04,68.55,68.55,68.55,68.55,42.3223,0,0,0
2016-03-07,69.03,69.03,69.03,69.03,42.6187,0,0,0
2016-03-08,69.11,69.11,69.11,69.11,42.668,0,0,0
2016-03-09,69.59,69.59,69.59,69.59,42.9644,0,0,0
2016-03-10,69.71,69.71,69.71,69.71,43.0385,0,0,0
2016-03-11,70.06,70.06,70.06,70.06,43.2546,0,0,0
2016-03-14,70.06,70.06,70.06,70.06,43.2546,0,0,0
2016-03-15,69.97,69.97,69.97,69.97,43.199,0,0,0
2016-03-16,70.7,70.7,70.7,70.7,43.6497,0,0,0
2016-03-17,71.5,71.5,71.5,71.5,44.1436,0,0,0
2016-03-18,71.28,71.28,71.28,71.28,44.0078,0,0,0
2016-03-21,71.1,71.1,71.1,71.1,43.8967,0,0,0
2016-03-22,71.04,71.04,71.04,71.04,43.8596,0,0,0
2016-03-23,70.86,70.86,70.86,70.86,43.7485,0,0,0
2016-03-24,71.27,71.27,71.27,71.27,44.0016,0,0,0
2016-03-28,71.03,71.03,71.03,71.03,43.8534,0,0,0
2016-03-29,72.11,72.11,72.11,72.11,44.5202,0,0,0
2016-03-30,71.93,71.93,71.93,71.93,44.4091,0,0,0
2016-03-31,72.25,72.25,72.25,72.25,44.6067,0,0,0
2016-04-01,72.5,72.5,72.5,72.5,44.761,0,0,0
2016-04-04,72.03,72.03,72.03,72.03,44.4708,0,0,0
2016-04-05,70.61,70.61,70.61,70.61,43.5941,0,0,0
2016-04-06,70.63,70.63,70.63,70.63,43.6065,0,0,0
2016-04-07,70.52,70.52,70.52,70.52,43.5386,0,0,0
2016-04-08,70.95,70.95,70.95,70.95,43.8526,0,0.078,0
2016-04-11,70.72,70.72,70.72,70.72,43.7104,0,0,0
2016-04-12,71.29,71.29,71.29,71.29,44.0627,0,0,0
2016-04-13,71.06,71.06,71.06,71.06,43.9205,0,0,0
2016-04-14,70.94,70.94,70.94,70.94,43.8464,0,0,0
2016-04-15,71.29,71.29,71.29,71.29,44.0627,0,0,0
2016-04-18,71.54,71.54,71.54,71.54,44.2172,0,0,0
2016-04-19,71.85,71.85,71.85,71.85,44.4088,0,0,0
2016-04-20,70.46,70.46,70.46,70.46,43.5497,0,0,0
2016-04-21,69.27,69.27,69.27,69.27,42.8142,0,0,0
2016-04-22,69.91,69.91,69.91,69.91,43.2097,0,0,0
2016-04-25,69.99,69.99,69.99,69.99,43.2592,0,0,0
2016-04-26,70.42,70.42,70.42,70.42,43.525,0,0,0
2016-04-27,71.58,71.58,71.58,71.58,44.2419,0,0,0
2016-04-28,71.25,71.25,71.25,71.25,44.038,0,0,0
2016-04-29,71.56,71.56,71.56,71.56,44.2296,0,0,0
2016-05-02,71.99,71.99,71.99,71.99,44.4953,0,0,0
2016-05-03,71.65,71.65,71.65,71.65,44.2852,0,0,0
2016-05-04,72.29,72.29,72.29,72.29,44.6808,0,0,0
2016-05-05,72.14,72.14,72.14,72.14,44.5881,0,0,0
2016-05-06,72.11,72.11,72.11,72.11,44.5695,0,0,0
2016-05-09,72.11,72.11,72.11,72.11,44.5695,0,0,0
2016-05-10,72.39,72.39,72.39,72.39,44.7426,0,0,0
2016-05-11,72.46,72.46,72.46,72.46,44.7858,0,0,0
2016-05-12,72.69,72.69,72.69,72.69,44.928,0,0,0
2016-05-13,72.38,72.38,72.38,72.38,44.7364,0,0,0
2016-05-16,72.59,72.59,72.59,72.59,44.8662,0,0,0
2016-05-17,71.8,71.8,71.8,71.8,44.3779,0,0,0
2016-05-18,70.77,70.77,70.77,70.77,43.7413,0,0,0
2016-05-19,71.33,71.33,71.33,71.33,44.0874,0,0,0
2016-05-20,71.7,71.7,71.7,71.7,44.3161,0,0,0
2016-05-23,71.16,71.16,71.16,71.16,43.9823,0,0,0
2016-05-24,71.97,71.97,71.97,71.97,44.483,0,0,0
2016-05-25,71.65,71.65,71.65,71.65,44.2852,0,0,0
2016-05-26,72.24,72.24,72.24,72.24,44.6499,0,0,0
2016-05-27,72.5,72.5,72.5,72.5,44.8106,0,0,0
2016-05-31,73.04,73.04,73.04,73.04,45.1443,0,0,0
2016-06-01,73.33,73.33,73.33,73.33,45.3236,0,0,0
2016-06-02,73.42,73.42,73.42,73.42,45.3792,0,0,0
2016-06-03,74.57,74.57,74.57,74.57,46.09,0,0,0
2016-06-06,74.7,74.7,74.7,74.7,46.1703,0,0,0
2016-06-07,74.65,74.65,74.65,74.65,46.1394,0,0,0
2016-06-08,75.13,75.13,75.13,75.13,46.4361,0,0,0
2016-06-09,75.52,75.52,75.52,75.52,46.6772,0,0,0
2016-06-10,74.85,74.85,74.85,74.85,46.263,0,0,0
2016-06-13,74.57,74.57,74.57,74.57,46.09,0,0,0
2016-06-14,74.71,74.71,74.71,74.71,46.1765,0,0,0
2016-06-15,74.19,74.19,74.19,74.19,45.8551,0,0,0
2016-06-16,74.54,74.54,74.54,74.54,46.0714,0,0,0
2016-06-17,74.87,74.87,74.87,74.87,46.2754,0,0,0
2016-06-20,74.68,74.68,74.68,74.68,46.158,0,0,0
2016-06-21,74.98,74.98,74.98,74.98,46.3434,0,0,0
2016-06-22,74.38,74.38,74.38,74.38,45.9726,0,0,0
2016-06-23,74.84,74.84,74.84,74.84,46.2569,0,0,0
2016-06-24,74.47,74.47,74.47,74.47,46.0282,0,0,0
2016-06-27,75.18,75.18,75.18,75.18,46.467,0,0,0
2016-06-28,75.79,75.79,75.79,75.79,46.844,0,0,0
2016-06-29,76.28,76.28,76.28,76.28,47.1469,0,0,0
2016-06-30,77.76,77.76,77.76,77.76,48.0617,0,0,0
2016-07-01,77.75,77.75,77.75,77.75,48.0555,0,0,0
2016-07-05,77.98,77.98,77.98,77.98,48.1976,0,0,0
2016-07-06,78.26,78.26,78.26,78.26,48.3707,0,0,0
2016-07-07,77.02,77.02,77.02,77.02,47.6043,0,0,0
2016-07-08,77.8,77.8,77.8,77.8,48.0864,0,0,0
2016-07-11,77.9,77.9,77.9,77.9,48.1482,0,0,0
2016-07-12,77.21,77.21,77.21,77.21,47.7217,0,0,0
2016-07-13,77.68,77.68,77.68,77.68,48.0122,0,0,0
2016-07-14,77.16,77.16,77.16,77.16,47.6908,0,0,0
2016-07-15,77.4,77.4,77.4,77.4,47.8391,0,0,0
2016-07-18,77.5,77.5,77.5,77.5,47.9009,0,0,0
2016-07-19,77.16,77.16,77.16,77.16,47.6908,0,0,0
2016-07-20,76.8,76.8,76.8,76.8,47.4683,0,0,0
2016-07-21,77.16,77.16,77.16,77.16,47.6908,0,0,0
2016-07-22,78.06,78.06,78.06,78.06,48.2471,0,0,0
2016-07-25,77.84,77.84,77.84,77.84,48.1111,0,0,0
2016-07-26,77.33,77.33,77.33,77.33,47.7959,0,0,0
2016-07-27,76.4,76.4,76.4,76.4,47.2211,0,0,0
2016-07-28,76.66,76.66,76.66,76.66,47.3818,0,0,0
2016-07-29,77.02,77.02,77.02,77.02,47.6043,0,0,0
2016-08-01,76.82,76.82,76.82,76.82,47.4807,0,0,0
2016-08-02,76.34,76.34,76.34,76.34,47.184,0,0,0
2016-08-03,76.21,76.21,76.21,76.21,47.1036,0,0,0
2016-08-04,75.94,75.94,75.94,75.94,46.9368,0,0,0
2016-08-05,74.93,74.93,74.93,74.93,46.3125,0,0,0
2016-08-08,74.78,74.78,74.78,74.78,46.2198,0,0,0
2016-08-09,74.48,74.48,74.48,74.48,46.0344,0,0,0
2016-08-10,74.55,74.55,74.55,74.55,46.0776,0,0,0
2016-08-11,74.82,74.82,74.82,74.82,46.2445,0,0,0
2016-08-12,74.94,74.94,74.94,74.94,46.3187,0,0,0
2016-08-15,74.13,74.13,74.13,74.13,45.818,0,0,0
2016-08-16,73.33,73.33,73.33,73.33,45.3236,0,0,0
2016-08-17,74.26,74.26,74.26,74.26,45.8984,0,0,0
2016-08-18,75.09,75.09,75.09,75.09,46.4114,0,0,0
2016-08-19,74.33,74.33,74.33,74.33,45.9416,0,0,0
2016-08-22,74.46,74.46,74.46,74.46,46.022,0,0,0
2016-08-23,74.3,74.3,74.3,74.3,45.9231,0,0,0
2016-08-24,74.19,74.19,74.19,74.19,45.8551,0,0,0
2016-08-25,74.16,74.16,74.16,74.16,45.8366,0,0,0
2016-08-26,72.82,72.82,72.82,72.82,45.0084,0,0,0
2016-08-29,73.3,73.3,73.3,73.3,45.305,0,0,0
2016-08-30,72.61,72.61,72.61,72.61,44.8786,0,0,0
2016-08-31,72.75,72.75,72.75,72.75,44.9651,0,0,0
2016-09-01,72.46,72.46,72.46,72.46,44.7858,0,0,0
2016-09-02,73.37,73.37,73.37,73.37,45.3483,0,0,0
2016-09-06,74.28,74.28,74.28,74.28,45.9107,0,0,0
2016-09-07,74.54,74.54,74.54,74.54,46.0714,0,0,0
2016-09-08,74.94,74.94,74.94,74.94,46.3187,0,0,0
2016-09-09,72.18,72.18,72.18,72.18,44.6128,0,0,0
2016-09-12,73.25,73.25,73.25,73.25,45.2741,0,0,0
2016-09-13,72.05,72.05,72.05,72.05,44.5324,0,0,0
2016-09-14,72.4,72.4,72.4,72.4,44.7488,0,0,0
2016-09-15,72.97,72.97,72.97,72.97,45.1011,0,0,0
2016-09-16,73.52,73.52,73.52,73.52,45.441,0,0,0
2016-09-19,74.32,74.32,74.32,74.32,45.9355,0,0,0
2016-09-20,74.39,74.39,74.39,74.39,45.9787,0,0,0
2016-09-21,75.86,75.86,75.86,75.86,46.8873,0,0,0
2016-09-22,76.32,76.32,76.32,76.32,47.1716,0,0,0
2016-09-23,76,76,76,76,46.9738,0,0,0
2016-09-26,75.88,75.88,75.88,75.88,46.8997,0,0,0
2016-09-27,75.08,75.08,75.08,75.08,46.4052,0,0,0
2016-09-28,75.02,75.02,75.02,75.02,46.3681,0,0,0
2016-09-29,73.99,73.99,73.99,73.99,45.7315,0,0,0
2016-09-30,73.61,73.61,73.61,73.61,45.4966,0,0,0
2016-10-03,72.62,72.62,72.62,72.62,44.8847,0,0,0
2016-10-04,71.04,71.04,71.04,71.04,43.9082,0,0,0
2016-10-05,71.01,71.01,71.01,71.01,43.8896,0,0,0
2016-10-06,70.97,70.97,70.97,70.97,43.8649,0,0,0
2016-10-07,71.17,71.17,71.17,71.17,43.9885,0,0,0
2016-10-10,71.91,71.91,71.91,71.91,44.4459,0,0,0
2016-10-11,71.03,71.03,71.03,71.03,43.902,0,0,0
2016-10-12,71.59,71.59,71.59,71.59,44.2481,0,0,0
2016-10-13,72.35,72.35,72.35,72.35,44.7179,0,0,0
2016-10-14,72.07,72.07,72.07,72.07,44.5448,0,0,0
2016-10-17,72.43,72.43,72.43,72.43,44.7673,0,0,0
2016-10-18,73.05,73.05,73.05,73.05,45.1505,0,0,0
2016-10-19,72.99,72.99,72.99,72.99,45.1134,0,0,0
2016-10-20,72.87,72.87,72.87,72.87,45.0393,0,0,0
2016-10-21,72.57,72.57,72.57,72.57,44.8538,0,0,0
2016-10-24,72.76,72.76,72.76,72.76,44.9713,0,0,0
2016-10-25,72.97,72.97,72.97,72.97,45.1011,0,0,0
2016-10-26,73.01,73.01,73.01,73.01,45.1258,0,0,0
2016-10-27,72.69,72.69,72.69,72.69,44.928,0,0,0
2016-10-28,72.9,72.9,72.9,72.9,45.0578,0,0,0
2016-10-31,74.13,74.13,74.13,74.13,45.818,0,0,0
2016-11-01,72.9,72.9,72.9,72.9,45.0578,0,0,0
2016-11-02,71.29,71.29,71.29,71.29,44.0627,0,0,0
2016-11-03,71.73,71.73,71.73,71.73,44.3347,0,0,0
2016-11-04,71.81,71.81,71.81,71.81,44.3841,0,0,0
2016-11-07,73.07,73.07,73.07,73.07,45.1629,0,0,0
2016-11-08,73.6,73.6,73.6,73.6,45.4904,0,0,0
2016-11-09,70.76,70.76,70.76,70.76,43.7351,0,0,0
2016-11-10,69.11,69.11,69.11,69.11,42.7153,0,0,0
2016-11-11,68.77,68.77,68.77,68.77,42.5051,0,0,0
2016-11-14,68.84,68.84,68.84,68.84,42.5484,0,0,0
2016-11-15,69.92,69.92,69.92,69.92,43.2159,0,0,0
2016-11-16,69.61,69.61,69.61,69.61,43.0243,0,0,0
2016-11-17,69.85,69.85,69.85,69.85,43.1727,0,0,0
2016-11-18,69.68,69.68,69.68,69.68,43.0676,0,0,0
2016-11-21,70.33,70.33,70.33,70.33,43.4693,0,0,0
2016-11-22,70.67,70.67,70.67,70.67,43.6795,0,0,0
2016-11-23,70.16,70.16,70.16,70.16,43.3643,0,0,0
2016-11-25,70.96,70.96,70.96,70.96,43.8587,0,0,0
2016-11-28,72.1,72.1,72.1,72.1,44.5633,0,0,0
2016-11-29,72.07,72.07,72.07,72.07,44.5448,0,0,0
2016-11-30,70.31,70.31,70.31,70.31,43.457,0,0,0
2016-12-01,69.68,69.68,69.68,69.68,43.0676,0,0,0
2016-12-02,68.49,68.49,68.49,68.49,43.3971,0,1.71,0
2016-12-05,68.65,68.65,68.65,68.65,43.4985,0,0,0
2016-12-06,68.52,68.52,68.52,68.52,43.4161,0,0,0
2016-12-07,69.35,69.35,69.35,69.35,43.942,0,0,0
2016-12-08,69.58,69.58,69.58,69.58,44.0877,0,0,0
2016-12-09,70.2,70.2,70.2,70.2,44.4806,0,0,0
2016-12-12,70.7,70.7,70.7,70.7,44.7974,0,0,0
2016-12-13,71.42,71.42,71.42,71.42,45.2536,0,0,0
2016-12-14,69.92,69.92,69.92,69.92,44.3032,0,0,0
2016-12-15,70.39,70.39,70.39,70.39,44.601,0,0,0
2016-12-16,71.21,71.21,71.21,71.21,45.1205,0,0,0
2016-12-19,71.6,71.6,71.6,71.6,45.3677,0,0,0
2016-12-20,71.52,71.52,71.52,71.52,45.317,0,0,0
2016-12-21,71.28,71.28,71.28,71.28,45.1649,0,0,0
2016-12-22,71.38,71.38,71.38,71.38,45.2282,0,0,0
2016-12-23,71.4,71.4,71.4,71.4,45.2409,0,0,0
2016-12-27,71.46,71.46,71.46,71.46,45.2789,0,0,0
2016-12-28,70.8,70.8,70.8,70.8,44.8608,0,0,0
2016-12-29,71.66,71.66,71.66,71.66,45.4057,0,0,0
2016-12-30,71.28,71.28,71.28,71.28,45.1649,0,0,0
2017-01-03,71.15,71.15,71.15,71.15,45.0825,0,0,0
2017-01-04,71.65,71.65,71.65,71.65,45.3993,0,0,0
2017-01-05,71.58,71.58,71.58,71.58,45.355,0,0,0
2017-01-06,72.09,72.09,72.09,72.09,45.6781,0,0,0
2017-01-09,71.29,71.29,71.29,71.29,45.1712,0,0,0
2017-01-10,71.19,71.19,71.19,71.19,45.1079,0,0,0
2017-01-11,71.89,71.89,71.89,71.89,45.5514,0,0,0
2017-01-12,71.78,71.78,71.78,71.78,45.4817,0,0,0
2017-01-13,71.77,71.77,71.77,71.77,45.4754,0,0,0
2017-01-17,72.66,72.66,72.66,72.66,46.0393,0,0,0
2017-01-18,72.49,72.49,72.49,72.49,45.9316,0,0,0
2017-01-19,71.83,71.83,71.83,71.83,45.5134,0,0,0
2017-01-20,72.03,72.03,72.03,72.03,45.6401,0,0,0
2017-01-23,71.64,71.64,71.64,71.64,45.393,0,0,0
2017-01-24,71.8,71.8,71.8,71.8,45.4944,0,0,0
2017-01-25,71.98,71.98,71.98,71.98,45.6084,0,0,0
2017-01-26,71.97,71.97,71.97,71.97,45.6021,0,0,0
2017-01-27,71.88,71.88,71.88,71.88,45.5451,0,0,0
2017-01-30,71.97,71.97,71.97,71.97,45.6021,0,0,0
2017-01-31,73.09,73.09,73.09,73.09,46.3118,0,0,0
2017-02-01,72.13,72.13,72.13,72.13,45.7035,0,0,0
2017-02-02,72.74,72.74,72.74,72.74,46.09,0,0,0
2017-02-03,73.02,73.02,73.02,73.02,46.2674,0,0,0
2017-02-06,72.79,72.79,72.79,72.79,46.1217,0,0,0
2017-02-07,72.84,72.84,72.84,72.84,46.1534,0,0,0
2017-02-08,73.62,73.62,73.62,73.62,46.6476,0,0,0
2017-02-09,73.12,73.12,73.12,73.12,46.3308,0,0,0
2017-02-10,73.72,73.72,73.72,73.72,46.7109,0,0,0
2017-02-13,74.06,74.06,74.06,74.06,46.9264,0,0,0
2017-02-14,73.73,73.73,73.73,73.73,46.7173,0,0,0
2017-02-15,73.62,73.62,73.62,73.62,46.6476,0,0,0
2017-02-16,74.17,74.17,74.17,74.17,46.9961,0,0,0
2017-02-17,74.35,74.35,74.35,74.35,47.1101,0,0,0
2017-02-21,75.17,75.17,75.17,75.17,47.6297,0,0,0
2017-02-22,75.25,75.25,75.25,75.25,47.6804,0,0,0
2017-02-23,75.89,75.89,75.89,75.89,48.0859,0,0,0
2017-02-24,76.85,76.85,76.85,76.85,48.6942,0,0,0
2017-02-27,76.45,76.45,76.45,76.45,48.4407,0,0,0
2017-02-28,77.05,77.05,77.05,77.05,48.8209,0,0,0
2017-03-01,76.49,76.49,76.49,76.49,48.4661,0,0,0
2017-03-02,76.92,76.92,76.92,76.92,48.7385,0,0,0
2017-03-03,76.79,76.79,76.79,76.79,48.6562,0,0,0
2017-03-06,76.63,76.63,76.63,76.63,48.5548,0,0,0
2017-03-07,76.6,76.6,76.6,76.6,48.5358,0,0,0
2017-03-08,75.59,75.59,75.59,75.59,47.8958,0,0,0
2017-03-09,75.51,75.51,75.51,75.51,47.8451,0,0,0
2017-03-10,76.14,76.14,76.14,76.14,48.2443,0,0,0
2017-03-13,76.14,76.14,76.14,76.14,48.2443,0,0,0
2017-03-14,75.95,75.95,75.95,75.95,48.1239,0,0,0
2017-03-15,77.32,77.32,77.32,77.32,48.992,0,0,0
2017-03-16,76.64,76.64,76.64,76.64,48.5611,0,0,0
2017-03-17,77.09,77.09,77.09,77.09,48.8463,0,0,0
2017-03-20,76.57,76.57,76.57,76.57,48.5168,0,0,0
2017-03-21,77.4,77.4,77.4,77.4,49.0427,0,0,0
2017-03-22,77.58,77.58,77.58,77.58,49.1567,0,0,0
2017-03-23,77.41,77.41,77.41,77.41,49.049,0,0,0
2017-03-24,77.79,77.79,77.79,77.79,49.2898,0,0,0
2017-03-27,77.37,77.37,77.37,77.37,49.0237,0,0,0
2017-03-28,77.48,77.48,77.48,77.48,49.0934,0,0,0
2017-03-29,77.37,77.37,77.37,77.37,49.0237,0,0,0
2017-03-30,76.81,76.81,76.81,76.81,48.6688,0,0,0
2017-03-31,77.09,77.09,77.09,77.09,48.8463,0,0,0
2017-04-03,76.96,76.96,76.96,76.96,48.7639,0,0,0
2017-04-04,77.45,77.45,77.45,77.45,49.0744,0,0,0
2017-04-05,77.69,77.69,77.69,77.69,49.2265,0,0,0
2017-04-06,77.65,77.65,77.65,77.65,49.2011,0,0,0
2017-04-07,77.27,77.27,77.27,77.27,48.9603,0,0,0
2017-04-10,77.56,77.56,77.56,77.56,49.1441,0,0,0
2017-04-11,77.52,77.52,77.52,77.52,49.1187,0,0,0
2017-04-12,78.03,78.03,78.03,78.03,49.4419,0,0,0
2017-04-13,77.64,77.64,77.64,77.64,49.1948,0,0,0
2017-04-17,78.05,78.05,78.05,78.05,49.4545,0,0,0
2017-04-18,78.25,78.25,78.25,78.25,49.5813,0,0,0
2017-04-19,77.64,77.64,77.64,77.64,49.1948,0,0,0
2017-04-20,77.45,77.45,77.45,77.45,49.0744,0,0,0
2017-04-21,77.81,77.81,77.81,77.81,49.3025,0,0,0
2017-04-24,78.23,78.23,78.23,78.23,49.5686,0,0,0
2017-04-25,78.19,78.19,78.19,78.19,49.5433,0,0,0
2017-04-26,78.07,78.07,78.07,78.07,49.4672,0,0,0
2017-04-27,78.31,78.31,78.31,78.31,49.6193,0,0,0
2017-04-28,78.01,78.01,78.01,78.01,49.4292,0,0,0
2017-05-01,77.43,77.43,77.43,77.43,49.0617,0,0,0
2017-05-02,77.49,77.49,77.49,77.49,49.0997,0,0,0
2017-05-03,76.95,76.95,76.95,76.95,48.7576,0,0,0
2017-05-04,76.98,76.98,76.98,76.98,48.7766,0,0,0
2017-05-05,77.47,77.47,77.47,77.47,49.087,0,0,0
2017-05-08,77.44,77.44,77.44,77.44,49.068,0,0,0
2017-05-09,76.71,76.71,76.71,76.71,48.6055,0,0,0
2017-05-10,77.03,77.03,77.03,77.03,48.8083,0,0,0
2017-05-11,77.01,77.01,77.01,77.01,48.7956,0,0,0
2017-05-12,77.34,77.34,77.34,77.34,49.0047,0,0,0
2017-05-15,77.67,77.67,77.67,77.67,49.2138,0,0,0
2017-05-16,77.12,77.12,77.12,77.12,48.8653,0,0,0
2017-05-17,77.14,77.14,77.14,77.14,48.8779,0,0,0
2017-05-18,77.32,77.32,77.32,77.32,48.992,0,0,0
2017-05-19,77.84,77.84,77.84,77.84,49.3215,0,0,0
2017-05-22,78.45,78.45,78.45,78.45,49.708,0,0,0
2017-05-23,78.71,78.71,78.71,78.71,49.8727,0,0,0
2017-05-24,79.41,79.41,79.41,79.41,50.3163,0,0,0
2017-05-25,79.96,79.96,79.96,79.96,50.6648,0,0,0
2017-05-26,79.97,79.97,79.97,79.97,50.6711,0,0,0
2017-05-30,80.13,80.13,80.13,80.13,50.7725,0,0,0
2017-05-31,80.43,80.43,80.43,80.43,50.9626,0,0,0
2017-06-01,81.08,81.08,81.08,81.08,51.3744,0,0,0
2017-06-02,81.19,81.19,81.19,81.19,51.4441,0,0,0
2017-06-05,80.81,80.81,80.81,80.81,51.2034,0,0,0
2017-06-06,80.85,80.85,80.85,80.85,51.2287,0,0,0
2017-06-07,80.92,80.92,80.92,80.92,51.273,0,0,0
2017-06-08,80.36,80.36,80.36,80.36,50.9182,0,0,0
2017-06-09,80.32,80.32,80.32,80.32,50.8929,0,0,0
2017-06-12,80.16,80.16,80.16,80.16,50.7915,0,0,0
2017-06-13,80.43,80.43,80.43,80.43,50.9626,0,0,0
2017-06-14,80.69,80.69,80.69,80.69,51.1273,0,0,0
2017-06-15,81.12,81.12,81.12,81.12,51.3998,0,0,0
2017-06-16,81.7,81.7,81.7,81.7,51.7673,0,0,0
2017-06-19,81.42,81.42,81.42,81.42,51.5899,0,0,0
2017-06-20,81.26,81.26,81.26,81.26,51.4885,0,0,0
2017-06-21,80.69,80.69,80.69,80.69,51.1273,0,0,0
2017-06-22,80.85,80.85,80.85,80.85,51.2287,0,0,0
2017-06-23,80.9,80.9,80.9,80.9,51.2604,0,0,0
2017-06-26,81.6,81.6,81.6,81.6,51.7039,0,0,0
2017-06-27,80.75,80.75,80.75,80.75,51.1653,0,0,0
2017-06-28,80.16,80.16,80.16,80.16,50.7915,0,0,0
2017-06-29,79.59,79.59,79.59,79.59,50.4303,0,0,0
2017-06-30,79.59,79.59,79.59,79.59,50.4303,0,0,0
2017-07-03,79.35,79.35,79.35,79.35,50.2783,0,0,0
2017-07-05,78.94,78.94,78.94,78.94,50.0185,0,0,0
2017-07-06,78.77,78.77,78.77,78.77,49.9108,0,0,0
2017-07-07,78.82,78.82,78.82,78.82,49.9424,0,0,0
2017-07-10,78.97,78.97,78.97,78.97,50.0375,0,0,0
2017-07-11,78.96,78.96,78.96,78.96,50.0312,0,0,0
2017-07-12,80.11,80.11,80.11,80.11,50.7598,0,0,0
2017-07-13,80.07,80.07,80.07,80.07,50.7345,0,0,0
2017-07-14,80.68,80.68,80.68,80.68,51.121,0,0,0
2017-07-17,80.78,80.78,80.78,80.78,51.1844,0,0,0
2017-07-18,81.04,81.04,81.04,81.04,51.3491,0,0,0
2017-07-19,81.5,81.5,81.5,81.5,51.6406,0,0,0
2017-07-20,82.09,82.09,82.09,82.09,52.0144,0,0,0
2017-07-21,82.67,82.67,82.67,82.67,52.3819,0,0,0
2017-07-24,82.31,82.31,82.31,82.31,52.1538,0,0,0
2017-07-25,82.08,82.08,82.08,82.08,52.0081,0,0,0
2017-07-26,82.64,82.64,82.64,82.64,52.3629,0,0,0
2017-07-27,82.62,82.62,82.62,82.62,52.3502,0,0,0
2017-07-28,82.69,82.69,82.69,82.69,52.3946,0,0,0
2017-07-31,82.98,82.98,82.98,82.98,52.5783,0,0,0
2017-08-01,83.46,83.46,83.46,83.46,52.8825,0,0,0
2017-08-02,83.49,83.49,83.49,83.49,52.9015,0,0,0
2017-08-03,83.74,83.74,83.74,83.74,53.0599,0,0,0
2017-08-04,83.8,83.8,83.8,83.8,53.0979,0,0,0
2017-08-07,83.9,83.9,83.9,83.9,53.1613,0,0,0
2017-08-08,84.08,84.08,84.08,84.08,53.2753,0,0,0
2017-08-09,83.65,83.65,83.65,83.65,53.0029,0,0,0
2017-08-10,83.63,83.63,83.63,83.63,52.9902,0,0,0
2017-08-11,83.38,83.38,83.38,83.38,52.8318,0,0,0
2017-08-14,84.1,84.1,84.1,84.1,53.288,0,0,0
2017-08-15,84.36,84.36,84.36,84.36,53.4527,0,0,0
2017-08-16,84.71,84.71,84.71,84.71,53.6745,0,0,0
2017-08-17,83.84,83.84,83.84,83.84,53.1232,0,0,0
2017-08-18,84.5,84.5,84.5,84.5,53.5414,0,0,0
2017-08-21,84.85,84.85,84.85,84.85,53.7632,0,0,0
2017-08-22,85.15,85.15,85.15,85.15,53.9533,0,0,0
2017-08-23,85.34,85.34,85.34,85.34,54.0737,0,0,0
2017-08-24,85.31,85.31,85.31,85.31,54.0547,0,0,0
2017-08-25,85.28,85.28,85.28,85.28,54.0357,0,0,0
2017-08-28,85.52,85.52,85.52,85.52,54.1877,0,0,0
2017-08-29,85.43,85.43,85.43,85.43,54.1307,0,0,0
2017-08-30,85.03,85.03,85.03,85.03,53.8773,0,0,0
2017-08-31,85.31,85.31,85.31,85.31,54.0547,0,0,0
2017-09-01,85.19,85.19,85.19,85.19,53.9786,0,0,0
2017-09-05,85.05,85.05,85.05,85.05,53.8899,0,0,0
2017-09-06,84.54,84.54,84.54,84.54,53.5668,0,0,0
2017-09-07,85.07,85.07,85.07,85.07,53.9026,0,0,0
2017-09-08,85.19,85.19,85.19,85.19,53.9786,0,0,0
2017-09-11,85.98,85.98,85.98,85.98,54.4792,0,0,0
2017-09-12,84.77,84.77,84.77,84.77,53.7125,0,0,0
2017-09-13,84.32,84.32,84.32,84.32,53.4274,0,0,0
2017-09-14,85.01,85.01,85.01,85.01,53.8646,0,0,0
2017-09-15,85.2,85.2,85.2,85.2,53.985,0,0,0
2017-09-18,84.46,84.46,84.46,84.46,53.5161,0,0,0
2017-09-19,84.43,84.43,84.43,84.43,53.4971,0,0,0
2017-09-20,83.89,83.89,83.89,83.89,53.1549,0,0,0
2017-09-21,83.85,83.85,83.85,83.85,53.1296,0,0,0
2017-09-22,83.52,83.52,83.52,83.52,52.9205,0,0,0
2017-09-25,83.99,83.99,83.99,83.99,53.2183,0,0,0
2017-09-26,83.96,83.96,83.96,83.96,53.1993,0,0,0
2017-09-27,83.06,83.06,83.06,83.06,52.629,0,0,0
2017-09-28,83.43,83.43,83.43,83.43,52.8635,0,0,0
2017-09-29,83.45,83.45,83.45,83.45,52.8761,0,0,0
2017-10-02,83.64,83.64,83.64,83.64,52.9965,0,0,0
2017-10-03,83.62,83.62,83.62,83.62,52.9838,0,0,0
2017-10-04,84.22,84.22,84.22,84.22,53.364,0,0,0
2017-10-05,83.98,83.98,83.98,83.98,53.2119,0,0,0
2017-10-06,83.69,83.69,83.69,83.69,53.0282,0,0,0
2017-10-09,83.87,83.87,83.87,83.87,53.1422,0,0,0
2017-10-10,84.55,84.55,84.55,84.55,53.5731,0,0,0
2017-10-11,84.94,84.94,84.94,84.94,53.8202,0,0,0
2017-10-12,85.1,85.1,85.1,85.1,53.9216,0,0,0
2017-10-13,84.31,84.31,84.31,84.31,53.421,0,0,0
2017-10-16,84.13,84.13,84.13,84.13,53.307,0,0,0
2017-10-17,84.56,84.56,84.56,84.56,53.5794,0,0,0
2017-10-18,84.25,84.25,84.25,84.25,53.383,0,0,0
2017-10-19,84.7,84.7,84.7,84.7,53.6682,0,0,0
2017-10-20,84.76,84.76,84.76,84.76,53.7062,0,0,0
2017-10-23,84.62,84.62,84.62,84.62,53.6175,0,0,0
2017-10-24,84.76,84.76,84.76,84.76,53.7062,0,0,0
2017-10-25,84.51,84.51,84.51,84.51,53.5478,0,0,0
2017-10-26,84.59,84.59,84.59,84.59,53.5985,0,0,0
2017-10-27,85.33,85.33,85.33,85.33,54.0673,0,0,0
2017-10-30,85.25,85.25,85.25,85.25,54.0167,0,0,0
2017-10-31,85.41,85.41,85.41,85.41,54.118,0,0,0
2017-11-01,84.9,84.9,84.9,84.9,53.7949,0,0,0
2017-11-02,84.82,84.82,84.82,84.82,53.7442,0,0,0
2017-11-03,85.73,85.73,85.73,85.73,54.3208,0,0,0
2017-11-06,85.73,85.73,85.73,85.73,54.3208,0,0,0
2017-11-07,86.58,86.58,86.58,86.58,54.8594,0,0,0
2017-11-08,86.43,86.43,86.43,86.43,54.7643,0,0,0
2017-11-09,86.29,86.29,86.29,86.29,54.6756,0,0,0
2017-11-10,86.3,86.3,86.3,86.3,54.682,0,0,0
2017-11-13,87.31,87.31,87.31,87.31,55.3219,0,0,0
2017-11-14,88.05,88.05,88.05,88.05,55.7908,0,0,0
2017-11-15,87.47,87.47,87.47,87.47,55.4233,0,0,0
2017-11-16,87.29,87.29,87.29,87.29,55.3092,0,0,0
2017-11-17,86.84,86.84,86.84,86.84,55.0241,0,0,0
2017-11-20,86.56,86.56,86.56,86.56,54.8467,0,0,0
2017-11-21,86.73,86.73,86.73,86.73,54.9544,0,0,0
2017-11-22,86.85,86.85,86.85,86.85,55.0305,0,0,0
2017-11-24,86.9,86.9,86.9,86.9,55.0621,0,0,0
2017-11-27,87.04,87.04,87.04,87.04,55.1508,0,0,0
2017-11-28,87.4,87.4,87.4,87.4,55.3789,0,0,0
2017-11-29,87.32,87.32,87.32,87.32,55.3283,0,0,0
2017-11-30,87.55,87.55,87.55,87.55,55.474,0,0,0
2017-12-01,82.91,82.91,82.91,82.91,55.3665,0,4.479,0
2017-12-04,82.21,82.21,82.21,82.21,54.899,0,0,0
2017-12-05,81.45,81.45,81.45,81.45,54.3915,0,0,0
2017-12-06,81.68,81.68,81.68,81.68,54.5451,0,0,0
2017-12-07,81.89,81.89,81.89,81.89,54.6853,0,0,0
2017-12-08,82.36,82.36,82.36,82.36,54.9992,0,0,0
2017-12-11,82.99,82.99,82.99,82.99,55.4199,0,0,0
2017-12-12,81.82,81.82,81.82,81.82,54.6386,0,0,0
2017-12-13,81.7,81.7,81.7,81.7,54.5585,0,0,0
2017-12-14,81.7,81.7,81.7,81.7,54.5585,0,0,0
2017-12-15,81.97,81.97,81.97,81.97,54.7388,0,0,0
2017-12-18,81.36,81.36,81.36,81.36,54.3314,0,0,0
2017-12-19,80.09,80.09,80.09,80.09,53.4833,0,0,0
2017-12-20,79.65,79.65,79.65,79.65,53.1895,0,0,0
2017-12-21,78.87,78.87,78.87,78.87,52.6686,0,0,0
2017-12-22,79.27,79.27,79.27,79.27,52.9357,0,0,0
2017-12-26,79.06,79.06,79.06,79.06,52.7955,0,0,0
2017-12-27,79.14,79.14,79.14,79.14,52.8489,0,0,0
2017-12-28,79.63,79.63,79.63,79.63,53.1761,0,0,0
2017-12-29,79.77,79.77,79.77,79.77,53.2696,0,0,0
2018-01-02,79.73,79.73,79.73,79.73,53.2429,0,0,0
2018-01-03,79.28,79.28,79.28,79.28,52.9424,0,0,0
2018-01-04,78.7,78.7,78.7,78.7,52.5551,0,0,0
2018-01-05,78.88,78.88,78.88,78.88,52.6753,0,0,0
2018-01-08,79.37,79.37,79.37,79.37,53.0025,0,0,0
2018-01-09,78.78,78.78,78.78,78.78,52.6085,0,0,0
2018-01-10,78.06,78.06,78.06,78.06,52.1277,0,0,0
2018-01-11,78.56,78.56,78.56,78.56,52.4616,0,0,0
2018-01-12,78.47,78.47,78.47,78.47,52.4015,0,0,0
2018-01-16,78.11,78.11,78.11,78.11,52.1611,0,0,0
2018-01-17,78.53,78.53,78.53,78.53,52.4416,0,0,0
2018-01-18,78.34,78.34,78.34,78.34,52.3147,0,0,0
2018-01-19,78.45,78.45,78.45,78.45,52.3881,0,0,0
2018-01-22,78.48,78.48,78.48,78.48,52.4082,0,0,0
2018-01-23,79.25,79.25,79.25,79.25,52.9224,0,0,0
2018-01-24,78.91,78.91,78.91,78.91,52.6953,0,0,0
2018-01-25,79.88,79.88,79.88,79.88,53.3431,0,0,0
2018-01-26,80.36,80.36,80.36,80.36,53.6636,0,0,0
2018-01-29,79.39,79.39,79.39,79.39,53.0159,0,0,0
2018-01-30,79.16,79.16,79.16,79.16,52.8623,0,0,0
2018-01-31,80.05,80.05,80.05,80.05,53.4566,0,0,0
2018-02-01,79.26,79.26,79.26,79.26,52.9291,0,0,0
2018-02-02,78.41,78.41,78.41,78.41,52.3614,0,0,0
2018-02-05,76.62,76.62,76.62,76.62,51.1661,0,0,0
2018-02-06,75.82,75.82,75.82,75.82,50.6319,0,0,0
2018-02-07,75.51,75.51,75.51,75.51,50.4248,0,0,0
2018-02-08,73.91,73.91,73.91,73.91,49.3564,0,0,0
2018-02-09,75.35,75.35,75.35,75.35,50.318,0,0,0
2018-02-12,76.04,76.04,76.04,76.04,50.7788,0,0,0
2018-02-13,76.3,76.3,76.3,76.3,50.9524,0,0,0
2018-02-14,76.08,76.08,76.08,76.08,50.8055,0,0,0
2018-02-15,77.67,77.67,77.67,77.67,51.8673,0,0,0
2018-02-16,78.13,78.13,78.13,78.13,52.1744,0,0,0
2018-02-20,77.49,77.49,77.49,77.49,51.7471,0,0,0
2018-02-21,76.28,76.28,76.28,76.28,50.939,0,0,0
2018-02-22,76.74,76.74,76.74,76.74,51.2462,0,0,0
2018-02-23,78.69,78.69,78.69,78.69,52.5484,0,0,0
2018-02-26,78.44,78.44,78.44,78.44,52.3815,0,0,0
2018-02-27,77.29,77.29,77.29,77.29,51.6135,0,0,0
2018-02-28,76.75,76.75,76.75,76.75,51.2529,0,0,0
2018-03-01,77.03,77.03,77.03,77.03,51.4399,0,0,0
2018-03-02,76.98,76.98,76.98,76.98,51.4065,0,0,0
2018-03-05,78.43,78.43,78.43,78.43,52.3748,0,0,0
2018-03-06,77.94,77.94,77.94,77.94,52.0476,0,0,0
2018-03-07,77.53,77.53,77.53,77.53,51.7738,0,0,0
2018-03-08,78.28,78.28,78.28,78.28,52.2746,0,0,0
2018-03-09,78.54,78.54,78.54,78.54,52.4482,0,0,0
2018-03-12,78.71,78.71,78.71,78.71,52.5618,0,0,0
2018-03-13,78.99,78.99,78.99,78.99,52.7487,0,0,0
2018-03-14,79.66,79.66,79.66,79.66,53.1962,0,0,0
2018-03-15,79.84,79.84,79.84,79.84,53.3164,0,0,0
2018-03-16,80.56,80.56,80.56,80.56,53.7972,0,0,0
2018-03-19,79.92,79.92,79.92,79.92,53.3698,0,0,0
2018-03-20,79.6,79.6,79.6,79.6,53.1561,0,0,0
2018-03-21,79.54,79.54,79.54,79.54,53.116,0,0,0
2018-03-22,79.81,79.81,79.81,79.81,53.2963,0,0,0
2018-03-23,78.72,78.72,78.72,78.72,52.5684,0,0,0
2018-03-26,79.63,79.63,79.63,79.63,53.1761,0,0,0
2018-03-27,80.3,80.3,80.3,80.3,53.6236,0,0,0
2018-03-28,80.39,80.39,80.39,80.39,53.6836,0,0,0
2018-03-29,80.88,80.88,80.88,80.88,54.0109,0,0,0
2018-04-02,80.2,80.2,80.2,80.2,53.5568,0,0,0
2018-04-03,80.62,80.62,80.62,80.62,53.8372,0,0,0
2018-04-04,80.68,80.68,80.68,80.68,53.8773,0,0,0
2018-04-05,81.15,81.15,81.15,81.15,54.1912,0,0,0
2018-04-06,80,80,80,80,53.6706,0,0.374,0
2018-04-09,80.34,80.34,80.34,80.34,53.8987,0,0,0
2018-04-10,80.25,80.25,80.25,80.25,53.8383,0,0,0
2018-04-11,80.17,80.17,80.17,80.17,53.7846,0,0,0
2018-04-12,79.3,79.3,79.3,79.3,53.201,0,0,0
2018-04-13,79.81,79.81,79.81,79.81,53.5431,0,0,0
2018-04-16,80.81,80.81,80.81,80.81,54.214,0,0,0
2018-04-17,81.68,81.68,81.68,81.68,54.7977,0,0,0
2018-04-18,81.49,81.49,81.49,81.49,54.6702,0,0,0
2018-04-19,81.3,81.3,81.3,81.3,54.5427,0,0,0
2018-04-20,80.61,80.61,80.61,80.61,54.0798,0,0,0
2018-04-23,80.89,80.89,80.89,80.89,54.2677,0,0,0
2018-04-24,81.22,81.22,81.22,81.22,54.489,0,0,0
2018-04-25,81.26,81.26,81.26,81.26,54.5159,0,0,0
2018-04-26,81.93,81.93,81.93,81.93,54.9654,0,0,0
2018-04-27,82.39,82.39,82.39,82.39,55.274,0,0,0
2018-04-30,82.26,82.26,82.26,82.26,55.1868,0,0,0
2018-05-01,82.13,82.13,82.13,82.13,55.0995,0,0,0
2018-05-02,81.86,81.86,81.86,81.86,54.9184,0,0,0
2018-05-03,81.89,81.89,81.89,81.89,54.9385,0,0,0
2018-05-04,82.58,82.58,82.58,82.58,55.4015,0,0,0
2018-05-07,82.49,82.49,82.49,82.49,55.3411,0,0,0
2018-05-08,80.67,80.67,80.67,80.67,54.1201,0,0,0
2018-05-09,80.57,80.57,80.57,80.57,54.053,0,0,0
2018-05-10,81.69,81.69,81.69,81.69,54.8044,0,0,0
2018-05-11,81.94,81.94,81.94,81.94,54.9721,0,0,0
2018-05-14,81.76,81.76,81.76,81.76,54.8513,0,0,0
2018-05-15,81.26,81.26,81.26,81.26,54.5159,0,0,0
2018-05-16,80.89,80.89,80.89,80.89,54.2677,0,0,0
2018-05-17,80.29,80.29,80.29,80.29,53.8651,0,0,0
2018-05-18,80.45,80.45,80.45,80.45,53.9725,0,0,0
2018-05-21,80.98,80.98,80.98,80.98,54.328,0,0,0
2018-05-22,81.27,81.27,81.27,81.27,54.5226,0,0,0
2018-05-23,81.67,81.67,81.67,81.67,54.7909,0,0,0
2018-05-24,82.11,82.11,82.11,82.11,55.0861,0,0,0
2018-05-25,82.48,82.48,82.48,82.48,55.3344,0,0,0
2018-05-29,82.48,82.48,82.48,82.48,55.3344,0,0,0
2018-05-30,83.32,83.32,83.32,83.32,55.8979,0,0,0
2018-05-31,83.42,83.42,83.42,83.42,55.965,0,0,0
2018-06-01,82.43,82.43,82.43,82.43,55.3008,0,0,0
2018-06-04,81.92,81.92,81.92,81.92,54.9587,0,0,0
2018-06-05,81.74,81.74,81.74,81.74,54.8379,0,0,0
2018-06-06,80.47,80.47,80.47,80.47,53.9859,0,0,0
2018-06-07,80.78,80.78,80.78,80.78,54.1939,0,0,0
2018-06-08,80.7,80.7,80.7,80.7,54.1402,0,0,0
2018-06-11,80.74,80.74,80.74,80.74,54.167,0,0,0
2018-06-12,81.58,81.58,81.58,81.58,54.7306,0,0,0
2018-06-13,81.46,81.46,81.46,81.46,54.6501,0,0,0
2018-06-14,82.1,82.1,82.1,82.1,55.0794,0,0,0
2018-06-15,82.59,82.59,82.59,82.59,55.4081,0,0,0
2018-06-18,82.71,82.71,82.71,82.71,55.4887,0,0,0
2018-06-19,83.36,83.36,83.36,83.36,55.9247,0,0,0
2018-06-20,83.51,83.51,83.51,83.51,56.0254,0,0,0
2018-06-21,83.59,83.59,83.59,83.59,56.079,0,0,0
2018-06-22,84.18,84.18,84.18,84.18,56.4749,0,0,0
2018-06-25,85.08,85.08,85.08,85.08,57.0787,0,0,0
2018-06-26,85.4,85.4,85.4,85.4,57.2933,0,0,0
2018-06-27,85.68,85.68,85.68,85.68,57.4812,0,0,0
2018-06-28,85.72,85.72,85.72,85.72,57.508,0,0,0
2018-06-29,85.81,85.81,85.81,85.81,57.5684,0,0,0
2018-07-02,86.34,86.34,86.34,86.34,57.924,0,0,0
2018-07-03,86.48,86.48,86.48,86.48,58.0179,0,0,0
2018-07-05,86.79,86.79,86.79,86.79,58.2259,0,0,0
2018-07-06,87.34,87.34,87.34,87.34,58.5949,0,0,0
2018-07-09,85.06,85.06,85.06,85.06,57.0652,0,0,0
2018-07-10,85.71,85.71,85.71,85.71,57.5013,0,0,0
2018-07-11,86.09,86.09,86.09,86.09,57.7562,0,0,0
2018-07-12,86.14,86.14,86.14,86.14,57.7898,0,0,0
2018-07-13,86.14,86.14,86.14,86.14,57.7898,0,0,0
2018-07-16,86.08,86.08,86.08,86.08,57.7495,0,0,0
2018-07-17,85.98,85.98,85.98,85.98,57.6824,0,0,0
2018-07-18,85.51,85.51,85.51,85.51,57.3671,0,0,0
2018-07-19,86.21,86.21,86.21,86.21,57.8367,0,0,0
2018-07-20,85.6,85.6,85.6,85.6,57.4275,0,0,0
2018-07-23,85.06,85.06,85.06,85.06,57.0652,0,0,0
2018-07-24,85.06,85.06,85.06,85.06,57.0652,0,0,0
2018-07-25,85.13,85.13,85.13,85.13,57.1122,0,0,0
2018-07-26,86.06,86.06,86.06,86.06,57.7361,0,0,0
2018-07-27,85.77,85.77,85.77,85.77,57.5416,0,0,0
2018-07-30,85.53,85.53,85.53,85.53,57.3805,0,0,0
2018-07-31,86.3,86.3,86.3,86.3,57.8971,0,0,0
2018-08-01,85.97,85.97,85.97,85.97,57.6757,0,0,0
2018-08-02,86.39,86.39,86.39,86.39,57.9575,0,0,0
2018-08-03,87.09,87.09,87.09,87.09,58.4271,0,0,0
2018-08-06,87.27,87.27,87.27,87.27,58.5479,0,0,0
2018-08-07,87,87,87,87,58.3668,0,0,0
2018-08-08,86.75,86.75,86.75,86.75,58.199,0,0,0
2018-08-09,87.22,87.22,87.22,87.22,58.5143,0,0,0
2018-08-10,86.8,86.8,86.8,86.8,58.2326,0,0,0
2018-08-13,86.68,86.68,86.68,86.68,58.1521,0,0,0
2018-08-14,86.96,86.96,86.96,86.96,58.3399,0,0,0
2018-08-15,87.23,87.23,87.23,87.23,58.5211,0,0,0
2018-08-16,88.39,88.39,88.39,88.39,59.2993,0,0,0
2018-08-17,88.82,88.82,88.82,88.82,59.5877,0,0,0
2018-08-20,88.68,88.68,88.68,88.68,59.4938,0,0,0
2018-08-21,88.24,88.24,88.24,88.24,59.1987,0,0,0
2018-08-22,87.7,87.7,87.7,87.7,58.8363,0,0,0
2018-08-23,87.53,87.53,87.53,87.53,58.7223,0,0,0
2018-08-24,88.02,88.02,88.02,88.02,59.051,0,0,0
2018-08-27,87.76,87.76,87.76,87.76,58.8766,0,0,0
2018-08-28,87.8,87.8,87.8,87.8,58.9034,0,0,0
2018-08-29,88.35,88.35,88.35,88.35,59.2724,0,0,0
2018-08-30,88.47,88.47,88.47,88.47,59.3529,0,0,0
2018-08-31,88.09,88.09,88.09,88.09,59.098,0,0,0
2018-09-04,88.35,88.35,88.35,88.35,59.2724,0,0,0
2018-09-05,89.09,89.09,89.09,89.09,59.7689,0,0,0
2018-09-06,89.11,89.11,89.11,89.11,59.7823,0,0,0
2018-09-07,88.39,88.39,88.39,88.39,59.2993,0,0,0
2018-09-10,88.88,88.88,88.88,88.88,59.628,0,0,0
2018-09-11,88.78,88.78,88.78,88.78,59.5609,0,0,0
2018-09-12,88.91,88.91,88.91,88.91,59.6481,0,0,0
2018-09-13,89.51,89.51,89.51,89.51,60.0507,0,0,0
2018-09-14,89.25,89.25,89.25,89.25,59.8762,0,0,0
2018-09-17,89.46,89.46,89.46,89.46,60.0171,0,0,0
2018-09-18,89.33,89.33,89.33,89.33,59.9299,0,0,0
2018-09-19,87.65,87.65,87.65,87.65,58.8028,0,0,0
2018-09-20,87.87,87.87,87.87,87.87,58.9504,0,0,0
2018-09-21,88.26,88.26,88.26,88.26,59.2121,0,0,0
2018-09-24,87.49,87.49,87.49,87.49,58.6955,0,0,0
2018-09-25,86.46,86.46,86.46,86.46,58.0045,0,0,0
2018-09-26,85.72,85.72,85.72,85.72,57.508,0,0,0
2018-09-27,86.58,86.58,86.58,86.58,58.085,0,0,0
2018-09-28,87.98,87.98,87.98,87.98,59.0242,0,0,0
2018-10-01,87.69,87.69,87.69,87.69,58.8297,0,0,0
2018-10-02,88.77,88.77,88.77,88.77,59.5542,0,0,0
2018-10-03,87.85,87.85,87.85,87.85,58.937,0,0,0
2018-10-04,88.18,88.18,88.18,88.18,59.1584,0,0,0
2018-10-05,89.24,89.24,89.24,89.24,59.8695,0,0,0
2018-10-08,89.89,89.89,89.89,89.89,60.3056,0,0,0
2018-10-09,90.19,90.19,90.19,90.19,60.5068,0,0,0
2018-10-10,89.58,89.58,89.58,89.58,60.0976,0,0,0
2018-10-11,88,88,88,88,59.0376,0,0,0
2018-10-12,88.18,88.18,88.18,88.18,59.1584,0,0,0
2018-10-15,88.45,88.45,88.45,88.45,59.3395,0,0,0
2018-10-16,89.51,89.51,89.51,89.51,60.0507,0,0,0
2018-10-17,89.28,89.28,89.28,89.28,59.8964,0,0,0
2018-10-18,89.25,89.25,89.25,89.25,59.8762,0,0,0
2018-10-19,90.35,90.35,90.35,90.35,60.6142,0,0,0
2018-10-22,89.35,89.35,89.35,89.35,59.9433,0,0,0
2018-10-23,88.82,88.82,88.82,88.82,59.5877,0,0,0
2018-10-24,89.94,89.94,89.94,89.94,60.3391,0,0,0
2018-10-25,88.96,88.96,88.96,88.96,59.6817,0,0,0
2018-10-26,87.38,87.38,87.38,87.38,58.6217,0,0,0
2018-10-29,88.21,88.21,88.21,88.21,59.1785,0,0,0
2018-10-30,88.71,88.71,88.71,88.71,59.514,0,0,0
2018-10-31,88.09,88.09,88.09,88.09,59.098,0,0,0
2018-11-01,88.09,88.09,88.09,88.09,59.098,0,0,0
2018-11-02,87.88,87.88,87.88,87.88,58.9571,0,0,0
2018-11-05,89.02,89.02,89.02,89.02,59.7219,0,0,0
2018-11-06,89.45,89.45,89.45,89.45,60.0104,0,0,0
2018-11-07,90.59,90.59,90.59,90.59,60.7752,0,0,0
2018-11-08,90.31,90.31,90.31,90.31,60.5874,0,0,0
2018-11-09,89.56,89.56,89.56,89.56,60.0842,0,0,0
2018-11-12,88.88,88.88,88.88,88.88,59.628,0,0,0
2018-11-13,89.04,89.04,89.04,89.04,59.7353,0,0,0
2018-11-14,87.65,87.65,87.65,87.65,58.8028,0,0,0
2018-11-15,86.45,86.45,86.45,86.45,57.9977,0,0,0
2018-11-16,88.31,88.31,88.31,88.31,59.2456,0,0,0
2018-11-19,88.51,88.51,88.51,88.51,59.3798,0,0,0
2018-11-20,87.57,87.57,87.57,87.57,58.7491,0,0,0
2018-11-21,86.82,86.82,86.82,86.82,58.246,0,0,0
2018-11-23,86.81,86.81,86.81,86.81,58.2393,0,0,0
2018-11-26,87.54,87.54,87.54,87.54,58.729,0,0,0
2018-11-27,88.26,88.26,88.26,88.26,59.2121,0,0,0
2018-11-28,88.19,88.19,88.19,88.19,59.1651,0,0,0
2018-11-29,87.99,87.99,87.99,87.99,59.0309,0,0,0
2018-11-30,89.19,89.19,89.19,89.19,59.836,0,0,0
2018-12-03,90.19,90.19,90.19,90.19,60.5068,0,0,0
2018-12-04,90.1,90.1,90.1,90.1,60.4465,0,0,0
2018-12-06,90.15,90.15,90.15,90.15,60.48,0,0,0
2018-12-07,90.46,90.46,90.46,90.46,60.688,0,0,0
2018-12-10,90.62,90.62,90.62,90.62,60.7953,0,0,0
2018-12-11,90.88,90.88,90.88,90.88,60.9698,0,0,0
2018-12-12,90.79,90.79,90.79,90.79,60.9094,0,0,0
2018-12-13,91.39,91.39,91.39,91.39,61.3119,0,0,0
2018-12-14,85.02,85.02,85.02,85.02,61.3783,0,6.462,0
2018-12-17,82.33,82.33,82.33,82.33,59.4363,0,0,0
2018-12-18,81.63,81.63,81.63,81.63,58.931,0,0,0
2018-12-19,81.58,81.58,81.58,81.58,58.8949,0,0,0
2018-12-20,81.53,81.53,81.53,81.53,58.8588,0,0,0
2018-12-21,80.82,80.82,80.82,80.82,58.3462,0,0,0
2018-12-24,77.63,77.63,77.63,77.63,56.0433,0,0,0
2018-12-26,79.04,79.04,79.04,79.04,57.0612,0,0,0
2018-12-27,79.69,79.69,79.69,79.69,57.5305,0,0,0
2018-12-28,79.88,79.88,79.88,79.88,57.6676,0,0,0
2018-12-31,80.12,80.12,80.12,80.12,57.8409,0,0,0
2019-01-02,78.94,78.94,78.94,78.94,56.989,0,0,0
2019-01-03,78.97,78.97,78.97,78.97,57.0107,0,0,0
2019-01-04,80.41,80.41,80.41,80.41,58.0502,0,0,0
2019-01-07,79.84,79.84,79.84,79.84,57.6387,0,0,0
2019-01-08,80.8,80.8,80.8,80.8,58.3318,0,0,0
2019-01-09,80.38,80.38,80.38,80.38,58.0286,0,0,0
2019-01-10,81.44,81.44,81.44,81.44,58.7938,0,0,0
2019-01-11,80.94,80.94,80.94,80.94,58.4329,0,0,0
2019-01-14,78.94,78.94,78.94,78.94,56.989,0,0,0
2019-01-15,79.76,79.76,79.76,79.76,57.581,0,0,0
2019-01-16,79.99,79.99,79.99,79.99,57.747,0,0,0
2019-01-17,80.31,80.31,80.31,80.31,57.978,0,0,0
2019-01-18,80.46,80.46,80.46,80.46,58.0863,0,0,0
2019-01-22,80.4,80.4,80.4,80.4,58.043,0,0,0
2019-01-23,81.27,81.27,81.27,81.27,58.6711,0,0,0
2019-01-24,81.56,81.56,81.56,81.56,58.8805,0,0,0
2019-01-25,80.75,80.75,80.75,80.75,58.2957,0,0,0
2019-01-28,80.32,80.32,80.32,80.32,57.9853,0,0,0
2019-01-29,80.56,80.56,80.56,80.56,58.1585,0,0,0
2019-01-30,81.02,81.02,81.02,81.02,58.4906,0,0,0
2019-01-31,82.44,82.44,82.44,82.44,59.5158,0,0,0
2019-02-01,82.29,82.29,82.29,82.29,59.4075,0,0,0
2019-02-04,82.4,82.4,82.4,82.4,59.4869,0,0,0
2019-02-05,82.47,82.47,82.47,82.47,59.5374,0,0,0
2019-02-06,82.34,82.34,82.34,82.34,59.4436,0,0,0
2019-02-07,83.36,83.36,83.36,83.36,60.1799,0,0,0
2019-02-08,83.7,83.7,83.7,83.7,60.4254,0,0,0
2019-02-11,83.57,83.57,83.57,83.57,60.3315,0,0,0
2019-02-12,83.83,83.83,83.83,83.83,60.5192,0,0,0
2019-02-13,83.76,83.76,83.76,83.76,60.4687,0,0,0
2019-02-14,83.69,83.69,83.69,83.69,60.4182,0,0,0
2019-02-15,84.12,84.12,84.12,84.12,60.7286,0,0,0
2019-02-19,84.65,84.65,84.65,84.65,61.1112,0,0,0
2019-02-20,84.94,84.94,84.94,84.94,61.3206,0,0,0
2019-02-21,85.39,85.39,85.39,85.39,61.6454,0,0,0
2019-02-22,85.7,85.7,85.7,85.7,61.8692,0,0,0
2019-02-25,85.19,85.19,85.19,85.19,61.5011,0,0,0
2019-02-26,85.08,85.08,85.08,85.08,61.4216,0,0,0
2019-02-27,85.23,85.23,85.23,85.23,61.5299,0,0,0
2019-02-28,85.32,85.32,85.32,85.32,61.5949,0,0,0
2019-03-01,85.76,85.76,85.76,85.76,61.9126,0,0,0
2019-03-04,85.81,85.81,85.81,85.81,61.9487,0,0,0
2019-03-05,85.74,85.74,85.74,85.74,61.8981,0,0,0
2019-03-06,85.67,85.67,85.67,85.67,61.8476,0,0,0
2019-03-07,86.01,86.01,86.01,86.01,62.093,0,0,0
2019-03-08,86.22,86.22,86.22,86.22,62.2447,0,0,0
2019-03-11,86.97,86.97,86.97,86.97,62.7861,0,0,0
2019-03-12,87.61,87.61,87.61,87.61,63.2481,0,0,0
2019-03-13,87.73,87.73,87.73,87.73,63.3348,0,0,0
2019-03-14,87.64,87.64,87.64,87.64,63.2698,0,0,0
2019-03-15,87.94,87.94,87.94,87.94,63.4864,0,0,0
2019-03-18,87.76,87.76,87.76,87.76,63.3564,0,0,0
2019-03-19,86.75,86.75,86.75,86.75,62.6273,0,0,0
2019-03-20,86.94,86.94,86.94,86.94,62.7645,0,0,0
2019-03-21,87.9,87.9,87.9,87.9,63.4575,0,0,0
2019-03-22,88.26,88.26,88.26,88.26,63.7174,0,0,0
2019-03-25,88.26,88.26,88.26,88.26,63.7174,0,0,0
2019-03-26,88.79,88.79,88.79,88.79,64.1,0,0,0
2019-03-27,88.36,88.36,88.36,88.36,63.7896,0,0,0
2019-03-28,87.4,87.4,87.4,87.4,63.0965,0,0,0
2019-03-29,88.01,88.01,88.01,88.01,63.5369,0,0,0
2019-04-01,87.74,87.74,87.74,87.74,63.342,0,0,0
2019-04-02,87.9,87.9,87.9,87.9,63.4575,0,0,0
2019-04-03,87.95,87.95,87.95,87.95,63.4936,0,0,0
2019-04-04,87.56,87.56,87.56,87.56,63.212,0,0,0
2019-04-05,88.35,88.35,88.35,88.35,63.7824,0,0,0
2019-04-08,87.85,87.85,87.85,87.85,63.4214,0,0,0
2019-04-09,87.79,87.79,87.79,87.79,63.3781,0,0,0
2019-04-10,87.67,87.67,87.67,87.67,63.2914,0,0,0
2019-04-11,88.09,88.09,88.09,88.09,63.5947,0,0,0
2019-04-12,89.01,89.01,89.01,89.01,64.2588,0,0,0
2019-04-15,88.98,88.98,88.98,88.98,64.2372,0,0,0
2019-04-16,87.76,87.76,87.76,87.76,63.3564,0,0,0
2019-04-17,87.39,87.39,87.39,87.39,63.0893,0,0,0
2019-04-18,87.41,87.41,87.41,87.41,63.1038,0,0,0
2019-04-22,87.34,87.34,87.34,87.34,63.0532,0,0,0
2019-04-23,87.67,87.67,87.67,87.67,63.2914,0,0,0
2019-04-24,88.2,88.2,88.2,88.2,63.6741,0,0,0
2019-04-25,88.41,88.41,88.41,88.41,63.8257,0,0,0
2019-04-26,88.68,88.68,88.68,88.68,64.0206,0,0,0
2019-04-29,88.17,88.17,88.17,88.17,63.6524,0,0,0
2019-04-30,89.39,89.39,89.39,89.39,64.5332,0,0,0
2019-05-01,88.33,88.33,88.33,88.33,63.7679,0,0,0
2019-05-02,88.01,88.01,88.01,88.01,63.5369,0,0,0
2019-05-03,88.57,88.57,88.57,88.57,63.9412,0,0,0
2019-05-06,87.95,87.95,87.95,87.95,63.4936,0,0,0
2019-05-07,87.63,87.63,87.63,87.63,63.2626,0,0,0
2019-05-08,86.41,86.41,86.41,86.41,62.3818,0,0,0
2019-05-09,86.31,86.31,86.31,86.31,62.3096,0,0,0
2019-05-10,87.6,87.6,87.6,87.6,63.2409,0,0,0
2019-05-13,88.22,88.22,88.22,88.22,63.6885,0,0,0
2019-05-14,87.7,87.7,87.7,87.7,63.3131,0,0,0
2019-05-15,87.61,87.61,87.61,87.61,63.2481,0,0,0
2019-05-16,88.12,88.12,88.12,88.12,63.6163,0,0,0
2019-05-17,88.36,88.36,88.36,88.36,63.7896,0,0,0
2019-05-20,88.53,88.53,88.53,88.53,63.9123,0,0,0
2019-05-21,88.87,88.87,88.87,88.87,64.1578,0,0,0
2019-05-22,89.41,89.41,89.41,89.41,64.5476,0,0,0
2019-05-23,89.78,89.78,89.78,89.78,64.8147,0,0,0
2019-05-24,89.49,89.49,89.49,89.49,64.6053,0,0,0
2019-05-28,88.08,88.08,88.08,88.08,63.5874,0,0,0
2019-05-29,87.02,87.02,87.02,87.02,62.8222,0,0,0
2019-05-30,86.84,86.84,86.84,86.84,62.6922,0,0,0
2019-05-31,87.19,87.19,87.19,87.19,62.9449,0,0,0
2019-06-03,88.14,88.14,88.14,88.14,63.6308,0,0,0
2019-06-04,88.57,88.57,88.57,88.57,63.9412,0,0,0
2019-06-05,90.28,90.28,90.28,90.28,65.1757,0,0,0
2019-06-06,90.77,90.77,90.77,90.77,65.5294,0,0,0
2019-06-07,90.22,90.22,90.22,90.22,65.1324,0,0,0
2019-06-10,89.53,89.53,89.53,89.53,64.6342,0,0,0
2019-06-11,89.07,89.07,89.07,89.07,64.3021,0,0,0
2019-06-12,89.89,89.89,89.89,89.89,64.8941,0,0,0
2019-06-13,90.11,90.11,90.11,90.11,65.053,0,0,0
2019-06-14,90.79,90.79,90.79,90.79,65.5439,0,0,0
2019-06-17,90.48,90.48,90.48,90.48,65.3201,0,0,0
2019-06-18,90.39,90.39,90.39,90.39,65.2551,0,0,0
2019-06-19,91.19,91.19,91.19,91.19,65.8326,0,0,0
2019-06-20,92.01,92.01,92.01,92.01,66.4246,0,0,0
2019-06-21,92.51,92.51,92.51,92.51,66.7856,0,0,0
2019-06-24,92.4,92.4,92.4,92.4,66.7062,0,0,0
2019-06-25,91.67,91.67,91.67,91.67,66.1792,0,0,0
2019-06-26,89.61,89.61,89.61,89.61,64.692,0,0,0
2019-06-27,89.89,89.89,89.89,89.89,64.8941,0,0,0
2019-06-28,90.62,90.62,90.62,90.62,65.4211,0,0,0
2019-07-01,90.39,90.39,90.39,90.39,65.2551,0,0,0
2019-07-02,91.27,91.27,91.27,91.27,65.8904,0,0,0
2019-07-03,91.92,91.92,91.92,91.92,66.3596,0,0,0
2019-07-05,91.9,91.9,91.9,91.9,66.3452,0,0,0
2019-07-08,91.95,91.95,91.95,91.95,66.3813,0,0,0
2019-07-09,92.04,92.04,92.04,92.04,66.4463,0,0,0
2019-07-10,92.25,92.25,92.25,92.25,66.5979,0,0,0
2019-07-11,92.29,92.29,92.29,92.29,66.6267,0,0,0
2019-07-12,91.87,91.87,91.87,91.87,66.3235,0,0,0
2019-07-15,92.02,92.02,92.02,92.02,66.4318,0,0,0
2019-07-16,91.37,91.37,91.37,91.37,65.9626,0,0,0
2019-07-17,91.66,91.66,91.66,91.66,66.1719,0,0,0
2019-07-18,92.27,92.27,92.27,92.27,66.6123,0,0,0
2019-07-19,91.14,91.14,91.14,91.14,65.7965,0,0,0
2019-07-22,90.93,90.93,90.93,90.93,65.6449,0,0,0
2019-07-23,90.39,90.39,90.39,90.39,65.2551,0,0,0
2019-07-24,90.48,90.48,90.48,90.48,65.3201,0,0,0
2019-07-25,90.38,90.38,90.38,90.38,65.2479,0,0,0
2019-07-26,90.59,90.59,90.59,90.59,65.3995,0,0,0
2019-07-29,90.71,90.71,90.71,90.71,65.4861,0,0,0
2019-07-30,90.27,90.27,90.27,90.27,65.1684,0,0,0
2019-07-31,90.2,90.2,90.2,90.2,65.1179,0,0,0
2019-08-01,90.63,90.63,90.63,90.63,65.4283,0,0,0
2019-08-02,90.83,90.83,90.83,90.83,65.5727,0,0,0
2019-08-05,88.98,88.98,88.98,88.98,64.2372,0,0,0
2019-08-06,90.16,90.16,90.16,90.16,65.0891,0,0,0
2019-08-07,90.1,90.1,90.1,90.1,65.0457,0,0,0
2019-08-08,91.27,91.27,91.27,91.27,65.8904,0,0,0
2019-08-09,90.91,90.91,90.91,90.91,65.6305,0,0,0
2019-08-12,90.61,90.61,90.61,90.61,65.4139,0,0,0
2019-08-13,90.82,90.82,90.82,90.82,65.5655,0,0,0
2019-08-14,90,90,90,90,64.9735,0,0,0
2019-08-15,90.85,90.85,90.85,90.85,65.5872,0,0,0
2019-08-16,91.6,91.6,91.6,91.6,66.1286,0,0,0
2019-08-19,92.08,92.08,92.08,92.08,66.4751,0,0,0
2019-08-20,91.78,91.78,91.78,91.78,66.2586,0,0,0
2019-08-21,92.42,92.42,92.42,92.42,66.7206,0,0,0
2019-08-22,92.46,92.46,92.46,92.46,66.7495,0,0,0
2019-08-23,91.39,91.39,91.39,91.39,65.977,0,0,0
2019-08-26,92.51,92.51,92.51,92.51,66.7856,0,0,0
2019-08-27,92.47,92.47,92.47,92.47,66.7567,0,0,0
2019-08-28,92.4,92.4,92.4,92.4,66.7062,0,0,0
2019-08-29,93.09,93.09,93.09,93.09,67.2043,0,0,0
2019-08-30,93.37,93.37,93.37,93.37,67.4064,0,0,0
2019-09-03,94.68,94.68,94.68,94.68,68.3521,0,0,0
2019-09-04,94.93,94.93,94.93,94.93,68.5326,0,0,0
2019-09-05,94.26,94.26,94.26,94.26,68.0489,0,0,0
2019-09-06,94.04,94.04,94.04,94.04,67.8901,0,0,0
2019-09-09,93.84,93.84,93.84,93.84,67.7457,0,0,0
2019-09-10,94.39,94.39,94.39,94.39,68.1428,0,0,0
2019-09-11,95.51,95.51,95.51,95.51,68.9513,0,0,0
2019-09-12,95.41,95.41,95.41,95.41,68.8792,0,0,0
2019-09-13,94.99,94.99,94.99,94.99,68.576,0,0,0
2019-09-16,95.09,95.09,95.09,95.09,68.6481,0,0,0
2019-09-17,95.63,95.63,95.63,95.63,69.038,0,0,0
2019-09-18,96.04,96.04,96.04,96.04,69.334,0,0,0
2019-09-19,96.41,96.41,96.41,96.41,69.6011,0,0,0
2019-09-20,96.74,96.74,96.74,96.74,69.8393,0,0,0
2019-09-23,96.95,96.95,96.95,96.95,69.9909,0,0,0
2019-09-24,97.64,97.64,97.64,97.64,70.4891,0,0,0
2019-09-25,97.63,97.63,97.63,97.63,70.4818,0,0,0
2019-09-26,97.89,97.89,97.89,97.89,70.6695,0,0,0
2019-09-27,97.63,97.63,97.63,97.63,70.4818,0,0,0
2019-09-30,97.75,97.75,97.75,97.75,70.5685,0,0,0
2019-10-01,97.23,97.23,97.23,97.23,70.1931,0,0,0
2019-10-02,96.03,96.03,96.03,96.03,69.3267,0,0,0
2019-10-03,96.24,96.24,96.24,96.24,69.4784,0,0,0
2019-10-04,97.67,97.67,97.67,97.67,70.5107,0,0,0
2019-10-07,97.22,97.22,97.22,97.22,70.1859,0,0,0
2019-10-08,96.4,96.4,96.4,96.4,69.5939,0,0,0
2019-10-09,96.64,96.64,96.64,96.64,69.7671,0,0,0
2019-10-10,96.56,96.56,96.56,96.56,69.7094,0,0,0
2019-10-11,96.43,96.43,96.43,96.43,69.6155,0,0,0
2019-10-14,95.81,95.81,95.81,95.81,69.168,0,0,0
2019-10-15,95.67,95.67,95.67,95.67,69.0669,0,0,0
2019-10-16,95.59,95.59,95.59,95.59,69.0091,0,0,0
2019-10-17,95.82,95.82,95.82,95.82,69.1751,0,0,0
2019-10-18,96.2,96.2,96.2,96.2,69.4495,0,0,0
2019-10-21,96.52,96.52,96.52,96.52,69.6805,0,0,0
2019-10-22,97.07,97.07,97.07,97.07,70.0776,0,0,0
2019-10-23,97.6,97.6,97.6,97.6,70.4602,0,0,0
2019-10-24,97.83,97.83,97.83,97.83,70.6262,0,0,0
2019-10-25,96.33,96.33,96.33,96.33,69.5433,0,0,0
2019-10-28,95,95,95,95,68.5832,0,0,0
2019-10-29,95.38,95.38,95.38,95.38,68.8575,0,0,0
2019-10-30,95.96,95.96,95.96,95.96,69.2762,0,0,0
2019-10-31,96.14,96.14,96.14,96.14,69.4062,0,0,0
2019-11-01,96.54,96.54,96.54,96.54,69.6949,0,0,0
2019-11-04,95.83,95.83,95.83,95.83,69.1824,0,0,0
2019-11-05,94.88,94.88,94.88,94.88,68.4965,0,0,0
2019-11-06,94.89,94.89,94.89,94.89,68.5038,0,0,0
2019-11-07,94.33,94.33,94.33,94.33,68.0995,0,0,0
2019-11-08,94.21,94.21,94.21,94.21,68.0129,0,0,0
2019-11-11,93.56,93.56,93.56,93.56,67.5436,0,0,0
2019-11-12,93.92,93.92,93.92,93.92,67.8035,0,0,0
2019-11-13,94.97,94.97,94.97,94.97,68.5615,0,0,0
2019-11-14,95.28,95.28,95.28,95.28,68.7853,0,0,0
2019-11-15,95.51,95.51,95.51,95.51,68.9513,0,0,0
2019-11-18,95.73,95.73,95.73,95.73,69.1102,0,0,0
2019-11-19,95.41,95.41,95.41,95.41,68.8792,0,0,0
2019-11-20,96,96,96,96,69.3051,0,0,0
2019-11-21,95.52,95.52,95.52,95.52,68.9586,0,0,0
2019-11-22,95.72,95.72,95.72,95.72,69.103,0,0,0
2019-11-25,95.41,95.41,95.41,95.41,68.8792,0,0,0
2019-11-26,95.45,95.45,95.45,95.45,68.9081,0,0,0
2019-11-27,95.74,95.74,95.74,95.74,69.1174,0,0,0
2019-11-29,95.62,95.62,95.62,95.62,69.0308,0,0,0
2019-12-02,95.14,95.14,95.14,95.14,68.6843,0,0,0
2019-12-03,95.48,95.48,95.48,95.48,68.9297,0,0,0
2019-12-04,95.69,95.69,95.69,95.69,69.0813,0,0,0
2019-12-05,95.72,95.72,95.72,95.72,69.103,0,0,0
2019-12-06,95.48,95.48,95.48,95.48,68.9297,0,0,0
2019-12-09,95.08,95.08,95.08,95.08,68.6409,0,0,0
2019-12-10,95.1,95.1,95.1,95.1,68.6554,0,0,0
2019-12-11,95.37,95.37,95.37,95.37,68.8503,0,0,0
2019-12-12,95.02,95.02,95.02,95.02,68.5976,0,0,0
2019-12-13,95.69,95.69,95.69,95.69,69.0813,0,0,0
2019-12-16,96.99,96.99,96.99,96.99,70.0198,0,0,0
2019-12-17,96.92,96.92,96.92,96.92,69.9693,0,0,0
2019-12-18,97.45,97.45,97.45,97.45,70.3519,0,0,0
2019-12-19,97.43,97.43,97.43,97.43,70.3375,0,0,0
2019-12-20,95.91,95.91,95.91,95.91,70.839,0,2.199,0
2019-12-23,95.21,95.21,95.21,95.21,70.322,0,0,0
2019-12-24,95.25,95.25,95.25,95.25,70.3515,0,0,0
2019-12-26,95.36,95.36,95.36,95.36,70.4327,0,0,0
2019-12-27,95.53,95.53,95.53,95.53,70.5583,0,0,0
2019-12-30,95.55,95.55,95.55,95.55,70.5731,0,0,0
2019-12-31,96.07,96.07,96.07,96.07,70.9572,0,0,0
2020-01-02,94.98,94.98,94.98,94.98,70.1521,0,0,0
2020-01-03,94.94,94.94,94.94,94.94,70.1226,0,0,0
2020-01-06,95.18,95.18,95.18,95.18,70.2998,0,0,0
2020-01-07,95.18,95.18,95.18,95.18,70.2998,0,0,0
2020-01-08,95.21,95.21,95.21,95.21,70.322,0,0,0
2020-01-09,95.55,95.55,95.55,95.55,70.5731,0,0,0
2020-01-10,95.67,95.67,95.67,95.67,70.6617,0,0,0
2020-01-13,96.11,96.11,96.11,96.11,70.9867,0,0,0
2020-01-14,96.34,96.34,96.34,96.34,71.1566,0,0,0
2020-01-15,97.78,97.78,97.78,97.78,72.2201,0,0,0
2020-01-16,98.38,98.38,98.38,98.38,72.6633,0,0,0
2020-01-17,99.06,99.06,99.06,99.06,73.1656,0,0,0
2020-01-21,99.68,99.68,99.68,99.68,73.6235,0,0,0
2020-01-22,99.54,99.54,99.54,99.54,73.5201,0,0,0
2020-01-23,100.44,100.44,100.44,100.44,74.1848,0,0,0
2020-01-24,100.35,100.35,100.35,100.35,74.1183,0,0,0
2020-01-27,99.72,99.72,99.72,99.72,73.653,0,0,0
2020-01-28,100.31,100.31,100.31,100.31,74.0888,0,0,0
2020-01-29,100.68,100.68,100.68,100.68,74.3621,0,0,0
2020-01-30,101.49,101.49,101.49,101.49,74.9604,0,0,0
2020-01-31,100.98,100.98,100.98,100.98,74.5837,0,0,0
2020-02-03,101.59,101.59,101.59,101.59,75.0342,0,0,0
2020-02-04,100.57,100.57,100.57,100.57,74.2809,0,0,0
2020-02-05,101.04,101.04,101.04,101.04,74.628,0,0,0
2020-02-06,101.03,101.03,101.03,101.03,74.6206,0,0,0
2020-02-07,100.85,100.85,100.85,100.85,74.4877,0,0,0
2020-02-10,101.11,101.11,101.11,101.11,74.6797,0,0,0
2020-02-11,101.84,101.84,101.84,101.84,75.2188,0,0,0
2020-02-12,101.88,101.88,101.88,101.88,75.2484,0,0,0
2020-02-13,102.68,102.68,102.68,102.68,75.8393,0,0,0
2020-02-14,103.36,103.36,103.36,103.36,76.3415,0,0,0
2020-02-18,104.06,104.06,104.06,104.06,76.8585,0,0,0
2020-02-19,103.33,103.33,103.33,103.33,76.3194,0,0,0
2020-02-20,103.57,103.57,103.57,103.57,76.4966,0,0,0
2020-02-21,103.29,103.29,103.29,103.29,76.2898,0,0,0
2020-02-24,101.93,101.93,101.93,101.93,75.2853,0,0,0
2020-02-25,99.5,99.5,99.5,99.5,73.4906,0,0,0
2020-02-26,98.36,98.36,98.36,98.36,72.6485,0,0,0
2020-02-27,94.47,94.47,94.47,94.47,69.7754,0,0,0
2020-02-28,91.2,91.2,91.2,91.2,67.3602,0,0,0
2020-03-02,95.91,95.91,95.91,95.91,70.839,0,0,0
2020-03-03,94.43,94.43,94.43,94.43,69.7458,0,0,0
2020-03-04,99.22,99.22,99.22,99.22,73.2837,0,0,0
2020-03-05,97.28,97.28,97.28,97.28,71.8509,0,0,0
2020-03-06,96.13,96.13,96.13,96.13,71.0015,0,0,0
2020-03-09,89.24,89.24,89.24,89.24,65.9125,0,0,0
2020-03-10,91.29,91.29,91.29,91.29,67.4266,0,0,0
2020-03-11,86.18,86.18,86.18,86.18,63.6524,0,0,0
2020-03-12,76.52,76.52,76.52,76.52,56.5175,0,0,0
2020-03-13,80.44,80.44,80.44,80.44,59.4129,0,0,0
2020-03-16,69.77,69.77,69.77,69.77,51.532,0,0,0
2020-03-17,79.35,79.35,79.35,79.35,58.6078,0,0,0
2020-03-18,75.57,75.57,75.57,75.57,55.8159,0,0,0
2020-03-19,72.75,72.75,72.75,72.75,53.733,0,0,0
2020-03-20,68.61,68.61,68.61,68.61,50.6752,0,0,0
2020-03-23,64.92,64.92,64.92,64.92,47.9498,0,0,0
2020-03-24,72.12,72.12,72.12,72.12,53.2677,0,0,0
2020-03-25,74.33,74.33,74.33,74.33,54.9,0,0,0
2020-03-26,80.43,80.43,80.43,80.43,59.4055,0,0,0
2020-03-27,79.97,79.97,79.97,79.97,59.0657,0,0,0
2020-03-30,82.43,82.43,82.43,82.43,60.8827,0,0,0
2020-03-31,79.06,79.06,79.06,79.06,58.3936,0,0,0
2020-04-01,74.11,74.11,74.11,74.11,54.7375,0,0,0
2020-04-02,76.07,76.07,76.07,76.07,56.1852,0,0,0
2020-04-03,73.35,73.35,73.35,73.35,54.1762,0,0,0
2020-04-06,79.51,79.51,79.51,79.51,58.726,0,0,0
2020-04-07,78.85,78.85,78.85,78.85,58.2385,0,0,0
2020-04-08,81.01,81.01,81.01,81.01,61.7898,0,2.496,0
2020-04-09,84.49,84.49,84.49,84.49,64.4442,0,0,0
2020-04-13,81.8,81.8,81.8,81.8,62.3924,0,0,0
2020-04-14,83.74,83.74,83.74,83.74,63.8721,0,0,0
2020-04-15,80.46,80.46,80.46,80.46,61.3703,0,0,0
2020-04-16,80.3,80.3,80.3,80.3,61.2483,0,0,0
2020-04-17,83.28,83.28,83.28,83.28,63.5212,0,0,0
2020-04-20,80.42,80.42,80.42,80.42,61.3398,0,0,0
2020-04-21,78.88,78.88,78.88,78.88,60.1652,0,0,0
2020-04-22,81.36,81.36,81.36,81.36,62.0568,0,0,0
2020-04-23,80.08,80.08,80.08,80.08,61.0805,0,0,0
2020-04-24,80.74,80.74,80.74,80.74,61.5839,0,0,0
2020-04-27,82.11,82.11,82.11,82.11,62.6288,0,0,0
2020-04-28,82.47,82.47,82.47,82.47,62.9034,0,0,0
2020-04-29,82.1,82.1,82.1,82.1,62.6212,0,0,0
2020-04-30,80.2,80.2,80.2,80.2,61.172,0,0,0
2020-05-01,77.99,77.99,77.99,77.99,59.4863,0,0,0
2020-05-04,78.53,78.53,78.53,78.53,59.8982,0,0,0
2020-05-05,79.45,79.45,79.45,79.45,60.5999,0,0,0
2020-05-06,77.17,77.17,77.17,77.17,58.8609,0,0,0
2020-05-07,77.68,77.68,77.68,77.68,59.2499,0,0,0
2020-05-08,79.78,79.78,79.78,79.78,60.8516,0,0,0
2020-05-11,79.35,79.35,79.35,79.35,60.5237,0,0,0
2020-05-12,78.67,78.67,78.67,78.67,60.005,0,0,0
2020-05-13,77.73,77.73,77.73,77.73,59.288,0,0,0
2020-05-14,78.69,78.69,78.69,78.69,60.0203,0,0,0
2020-05-15,77.61,77.61,77.61,77.61,59.1965,0,0,0
2020-05-18,81.07,81.07,81.07,81.07,61.8356,0,0,0
2020-05-19,79.91,79.91,79.91,79.91,60.9508,0,0,0
2020-05-20,80.21,80.21,80.21,80.21,61.1796,0,0,0
2020-05-21,79.43,79.43,79.43,79.43,60.5847,0,0,0
2020-05-22,80.41,80.41,80.41,80.41,61.3322,0,0,0
2020-05-26,80.95,80.95,80.95,80.95,61.7441,0,0,0
2020-05-27,81.79,81.79,81.79,81.79,62.3848,0,0,0
2020-05-28,83.87,83.87,83.87,83.87,63.9712,0,0,0
2020-05-29,83.92,83.92,83.92,83.92,64.0094,0,0,0
2020-06-01,85.18,85.18,85.18,85.18,64.9705,0,0,0
2020-06-02,85.66,85.66,85.66,85.66,65.3366,0,0,0
2020-06-03,86.74,86.74,86.74,86.74,66.1603,0,0,0
2020-06-04,85.28,85.28,85.28,85.28,65.0467,0,0,0
2020-06-05,86.78,86.78,86.78,86.78,66.1908,0,0,0
2020-06-08,89.42,89.42,89.42,89.42,68.2045,0,0,0
2020-06-09,87.16,87.16,87.16,87.16,66.4807,0,0,0
2020-06-10,86.52,86.52,86.52,86.52,65.9925,0,0,0
2020-06-11,82.65,82.65,82.65,82.65,63.0407,0,0,0
2020-06-12,82.59,82.59,82.59,82.59,62.995,0,0,0
2020-06-15,83.3,83.3,83.3,83.3,63.5365,0,0,0
2020-06-16,84.12,84.12,84.12,84.12,64.1619,0,0,0
2020-06-17,83.72,83.72,83.72,83.72,63.8569,0,0,0
2020-06-18,83.73,83.73,83.73,83.73,63.8645,0,0,0
2020-06-19,81.21,81.21,81.21,81.21,61.9424,0,0,0
2020-06-22,82.38,82.38,82.38,82.38,62.8348,0,0,0
2020-06-23,81.47,81.47,81.47,81.47,62.1407,0,0,0
2020-06-24,80.56,80.56,80.56,80.56,61.4466,0,0,0
2020-06-25,79.84,79.84,79.84,79.84,60.8974,0,0,0
2020-06-26,78.66,78.66,78.66,78.66,59.9974,0,0,0
2020-06-29,80.37,80.37,80.37,80.37,61.3017,0,0,0
2020-06-30,80.57,80.57,80.57,80.57,61.4542,0,0,0
2020-07-01,82.01,82.01,82.01,82.01,62.5526,0,0,0
2020-07-02,82.46,82.46,82.46,82.46,62.8958,0,0,0
2020-07-06,81.35,81.35,81.35,81.35,62.0492,0,0,0
2020-07-07,80.81,80.81,80.81,80.81,61.6373,0,0,0
2020-07-08,81.52,81.52,81.52,81.52,62.1788,0,0,0
2020-07-09,80.28,80.28,80.28,80.28,61.233,0,0,0
2020-07-10,81.84,81.84,81.84,81.84,62.4229,0,0,0
2020-07-13,81.91,81.91,81.91,81.91,62.4763,0,0,0
2020-07-14,82.87,82.87,82.87,82.87,63.2085,0,0,0
2020-07-15,82.67,82.67,82.67,82.67,63.056,0,0,0
2020-07-16,83.46,83.46,83.46,83.46,63.6585,0,0,0
2020-07-17,85.29,85.29,85.29,85.29,65.0544,0,0,0
2020-07-20,83.93,83.93,83.93,83.93,64.017,0,0,0
2020-07-21,84.08,84.08,84.08,84.08,64.1315,0,0,0
2020-07-22,84.76,84.76,84.76,84.76,64.6501,0,0,0
2020-07-23,84.96,84.96,84.96,84.96,64.8027,0,0,0
2020-07-24,84.5,84.5,84.5,84.5,64.4518,0,0,0
2020-07-27,83.37,83.37,83.37,83.37,63.5899,0,0,0
2020-07-28,84.44,84.44,84.44,84.44,64.406,0,0,0
2020-07-29,84.78,84.78,84.78,84.78,64.6654,0,0,0
2020-07-30,84.77,84.77,84.77,84.77,64.6577,0,0,0
2020-07-31,85,85,85,85,64.8332,0,0,0
2020-08-03,83.99,83.99,83.99,83.99,64.0628,0,0,0
2020-08-04,84.35,84.35,84.35,84.35,64.3374,0,0,0
2020-08-05,83.21,83.21,83.21,83.21,63.4678,0,0,0
2020-08-06,84.31,84.31,84.31,84.31,64.3069,0,0,0
2020-08-07,85.73,85.73,85.73,85.73,65.39,0,0,0
2020-08-10,85.81,85.81,85.81,85.81,65.451,0,0,0
2020-08-11,84.27,84.27,84.27,84.27,64.2764,0,0,0
2020-08-12,85.28,85.28,85.28,85.28,65.0467,0,0,0
2020-08-13,85.25,85.25,85.25,85.25,65.0238,0,0,0
2020-08-14,84.52,84.52,84.52,84.52,64.467,0,0,0
2020-08-17,84.13,84.13,84.13,84.13,64.1696,0,0,0
2020-08-18,83.9,83.9,83.9,83.9,63.9941,0,0,0
2020-08-19,83.62,83.62,83.62,83.62,63.7806,0,0,0
2020-08-20,82.73,82.73,82.73,82.73,63.1017,0,0,0
2020-08-21,82.79,82.79,82.79,82.79,63.1475,0,0,0
2020-08-24,83.62,83.62,83.62,83.62,63.7806,0,0,0
2020-08-25,82.94,82.94,82.94,82.94,63.2619,0,0,0
2020-08-26,81.93,81.93,81.93,81.93,62.4915,0,0,0
2020-08-27,82.55,82.55,82.55,82.55,62.9644,0,0,0
2020-08-28,82.74,82.74,82.74,82.74,63.1094,0,0,0
2020-08-31,82.97,82.97,82.97,82.97,63.2848,0,0,0
2020-09-01,82.08,82.08,82.08,82.08,62.6059,0,0,0
2020-09-02,84.2,84.2,84.2,84.2,64.223,0,0,0
2020-09-03,83.08,83.08,83.08,83.08,63.3687,0,0,0
2020-09-04,82.39,82.39,82.39,82.39,62.8424,0,0,0
2020-09-08,81.79,81.79,81.79,81.79,62.3848,0,0,0
2020-09-09,82.66,82.66,82.66,82.66,63.0483,0,0,0
2020-09-10,81.32,81.32,81.32,81.32,62.0263,0,0,0
2020-09-11,81.76,81.76,81.76,81.76,62.3619,0,0,0
2020-09-14,83.01,83.01,83.01,83.01,63.3153,0,0,0
2020-09-15,83.17,83.17,83.17,83.17,63.4374,0,0,0
2020-09-16,83.51,83.51,83.51,83.51,63.6967,0,0,0
2020-09-17,83.07,83.07,83.07,83.07,63.3611,0,0,0
2020-09-18,81.82,81.82,81.82,81.82,62.4076,0,0,0
2020-09-21,81.11,81.11,81.11,81.11,61.8661,0,0,0
2020-09-22,81.66,81.66,81.66,81.66,62.2856,0,0,0
2020-09-23,80.14,80.14,80.14,80.14,61.1262,0,0,0
2020-09-24,81.12,81.12,81.12,81.12,61.8737,0,0,0
2020-09-25,82.2,82.2,82.2,82.2,62.6975,0,0,0
2020-09-28,82.16,82.16,82.16,82.16,62.667,0,0,0
2020-09-29,82.25,82.25,82.25,82.25,62.7356,0,0,0
2020-09-30,83.17,83.17,83.17,83.17,63.4374,0,0,0
2020-10-01,83.66,83.66,83.66,83.66,63.8111,0,0,0
2020-10-02,84.95,84.95,84.95,84.95,64.795,0,0,0
2020-10-05,86.09,86.09,86.09,86.09,65.6646,0,0,0
2020-10-06,87.06,87.06,87.06,87.06,66.4044,0,0,0
2020-10-07,87.8,87.8,87.8,87.8,66.9688,0,0,0
2020-10-08,89.73,89.73,89.73,89.73,68.4409,0,0,0
2020-10-09,89.58,89.58,89.58,89.58,68.3265,0,0,0
2020-10-12,89.99,89.99,89.99,89.99,68.6393,0,0,0
2020-10-13,89.5,89.5,89.5,89.5,68.2655,0,0,0
2020-10-14,89.53,89.53,89.53,89.53,68.2884,0,0,0
2020-10-15,89.83,89.83,89.83,89.83,68.5172,0,0,0
2020-10-16,90.77,90.77,90.77,90.77,69.2342,0,0,0
2020-10-19,90.31,90.31,90.31,90.31,68.8833,0,0,0
2020-10-20,91.13,91.13,91.13,91.13,69.5088,0,0,0
2020-10-21,90.78,90.78,90.78,90.78,69.2418,0,0,0
2020-10-22,92.02,92.02,92.02,92.02,70.1876,0,0,0
2020-10-23,92.43,92.43,92.43,92.43,70.5003,0,0,0
2020-10-26,91.89,91.89,91.89,91.89,70.0885,0,0,0
2020-10-27,91.57,91.57,91.57,91.57,69.8444,0,0,0
2020-10-28,88.74,88.74,88.74,88.74,67.6858,0,0,0
2020-10-29,89.05,89.05,89.05,89.05,67.9223,0,0,0
2020-10-30,87.99,87.99,87.99,87.99,67.1138,0,0,0
2020-11-02,89.86,89.86,89.86,89.86,68.5401,0,0,0
2020-11-03,91.2,91.2,91.2,91.2,69.5622,0,0,0
2020-11-04,89.9,89.9,89.9,89.9,68.5706,0,0,0
2020-11-05,91.3,91.3,91.3,91.3,69.6384,0,0,0
2020-11-06,91.01,91.01,91.01,91.01,69.4173,0,0,0
2020-11-09,92.96,92.96,92.96,92.96,70.9046,0,0,0
2020-11-10,94.2,94.2,94.2,94.2,71.8504,0,0,0
2020-11-11,94.73,94.73,94.73,94.73,72.2547,0,0,0
2020-11-12,93.23,93.23,93.23,93.23,71.1105,0,0,0
2020-11-13,94.49,94.49,94.49,94.49,72.0716,0,0,0
2020-11-16,95.35,95.35,95.35,95.35,72.7276,0,0,0
2020-11-17,94.43,94.43,94.43,94.43,72.0258,0,0,0
2020-11-18,93.19,93.19,93.19,93.19,71.08,0,0,0
2020-11-19,92.12,92.12,92.12,92.12,70.2639,0,0,0
2020-11-20,92.01,92.01,92.01,92.01,70.18,0,0,0
2020-11-23,92.3,92.3,92.3,92.3,70.4012,0,0,0
2020-11-24,93.58,93.58,93.58,93.58,71.3775,0,0,0
2020-11-25,93.51,93.51,93.51,93.51,71.3241,0,0,0
2020-11-27,92.96,92.96,92.96,92.96,70.9046,0,0,0
2020-11-30,91.37,91.37,91.37,91.37,69.6918,0,0,0
2020-12-01,91.9,91.9,91.9,91.9,70.0961,0,0,0
2020-12-02,92.42,92.42,92.42,92.42,70.4927,0,0,0
2020-12-03,91.87,91.87,91.87,91.87,70.0732,0,0,0
2020-12-04,91.59,91.59,91.59,91.59,69.8596,0,0,0
2020-12-07,91.93,91.93,91.93,91.93,70.119,0,0,0
2020-12-08,91.87,91.87,91.87,91.87,70.0732,0,0,0
2020-12-09,91.71,91.71,91.71,91.71,69.9512,0,0,0
2020-12-10,91.14,91.14,91.14,91.14,69.5164,0,0,0
2020-12-11,91.19,91.19,91.19,91.19,69.5545,0,0,0
2020-12-14,90.65,90.65,90.65,90.65,69.1427,0,0,0
2020-12-15,92.94,92.94,92.94,92.94,70.8893,0,0,0
2020-12-16,91.77,91.77,91.77,91.77,69.9969,0,0,0
2020-12-17,92.42,92.42,92.42,92.42,70.4927,0,0,0
2020-12-18,90.08,90.08,90.08,90.08,70.195,0,1.958,0
2020-12-21,89.2,89.2,89.2,89.2,69.5093,0,0,0
2020-12-22,89.36,89.36,89.36,89.36,69.634,0,0,0
2020-12-23,89.55,89.55,89.55,89.55,69.7821,0,0,0
2020-12-24,89.87,89.87,89.87,89.87,70.0314,0,0,0
2020-12-28,90.02,90.02,90.02,90.02,70.1483,0,0,0
2020-12-29,89.71,89.71,89.71,89.71,69.9067,0,0,0
2020-12-30,90.32,90.32,90.32,90.32,70.3821,0,0,0
2020-12-31,91.74,91.74,91.74,91.74,71.4886,0,0,0
2021-01-04,89.44,89.44,89.44,89.44,69.6963,0,0,0
2021-01-05,90.07,90.07,90.07,90.07,70.1873,0,0,0
2021-01-06,92.54,92.54,92.54,92.54,72.112,0,0,0
2021-01-07,91.63,91.63,91.63,91.63,71.4029,0,0,0
2021-01-08,92.36,92.36,92.36,92.36,71.9717,0,0,0
2021-01-11,91.76,91.76,91.76,91.76,71.5042,0,0,0
2021-01-12,91.81,91.81,91.81,91.81,71.5431,0,0,0
2021-01-13,93.22,93.22,93.22,93.22,72.6419,0,0,0
2021-01-14,92.84,92.84,92.84,92.84,72.3458,0,0,0
2021-01-15,93.73,93.73,93.73,93.73,73.0393,0,0,0
2021-01-19,93.57,93.57,93.57,93.57,72.9146,0,0,0
2021-01-20,93.99,93.99,93.99,93.99,73.2419,0,0,0
2021-01-21,93.45,93.45,93.45,93.45,72.8211,0,0,0
2021-01-22,93.43,93.43,93.43,93.43,72.8055,0,0,0
2021-01-25,94.15,94.15,94.15,94.15,73.3666,0,0,0
2021-01-26,92.69,92.69,92.69,92.69,72.2289,0,0,0
2021-01-27,89.28,89.28,89.28,89.28,69.5716,0,0,0
2021-01-28,91.6,91.6,91.6,91.6,71.3795,0,0,0
2021-01-29,90.98,90.98,90.98,90.98,70.8964,0,0,0
2021-02-01,91.66,91.66,91.66,91.66,71.4263,0,0,0
2021-02-02,92.89,92.89,92.89,92.89,72.3847,0,0,0
2021-02-03,92.86,92.86,92.86,92.86,72.3614,0,0,0
2021-02-04,93.65,93.65,93.65,93.65,72.977,0,0,0
2021-02-05,94.09,94.09,94.09,94.09,73.3198,0,0,0
2021-02-08,93.79,93.79,93.79,93.79,73.0861,0,0,0
2021-02-09,93.99,93.99,93.99,93.99,73.2419,0,0,0
2021-02-10,94.29,94.29,94.29,94.29,73.4757,0,0,0
2021-02-11,93.84,93.84,93.84,93.84,73.125,0,0,0
2021-02-12,93.3,93.3,93.3,93.3,72.7042,0,0,0
2021-02-16,92.58,92.58,92.58,92.58,72.1432,0,0,0
2021-02-17,92.55,92.55,92.55,92.55,72.1198,0,0,0
2021-02-18,92.89,92.89,92.89,92.89,72.3847,0,0,0
2021-02-19,91.87,91.87,91.87,91.87,71.5899,0,0,0
2021-02-22,89.84,89.84,89.84,89.84,70.008,0,0,0
2021-02-23,90.2,90.2,90.2,90.2,70.2885,0,0,0
2021-02-24,90.18,90.18,90.18,90.18,70.273,0,0,0
2021-02-25,88.41,88.41,88.41,88.41,68.8937,0,0,0
2021-02-26,86.55,86.55,86.55,86.55,67.4443,0,0,0
2021-03-01,88.6,88.6,88.6,88.6,69.0417,0,0,0
2021-03-02,88,88,88,88,68.5742,0,0,0
2021-03-03,87.21,87.21,87.21,87.21,67.9586,0,0,0
2021-03-04,87.2,87.2,87.2,87.2,67.9508,0,0,0
2021-03-05,88.24,88.24,88.24,88.24,68.7612,0,0,0
2021-03-08,89.66,89.66,89.66,89.66,69.8678,0,0,0
2021-03-09,91.13,91.13,91.13,91.13,71.0133,0,0,0
2021-03-10,91.76,91.76,91.76,91.76,71.5042,0,0,0
2021-03-11,91.82,91.82,91.82,91.82,71.5509,0,0,0
2021-03-12,92.79,92.79,92.79,92.79,72.3068,0,0,0
2021-03-15,94.2,94.2,94.2,94.2,73.4055,0,0,0
2021-03-16,94.12,94.12,94.12,94.12,73.3432,0,0,0
2021-03-17,92.32,92.32,92.32,92.32,71.9406,0,0,0
2021-03-18,91.18,91.18,91.18,91.18,71.0522,0,0,0
2021-03-19,91.59,91.59,91.59,91.59,71.3717,0,0,0
2021-03-22,91.17,91.17,91.17,91.17,71.0444,0,0,0
2021-03-23,91.76,91.76,91.76,91.76,71.5042,0,0,0
2021-03-24,91.9,91.9,91.9,91.9,71.6133,0,0,0
2021-03-25,93.17,93.17,93.17,93.17,72.6029,0,0,0
2021-03-26,93.52,93.52,93.52,93.52,72.8757,0,0,0
2021-03-29,94.06,94.06,94.06,94.06,73.2965,0,0,0
2021-03-30,93.62,93.62,93.62,93.62,72.9536,0,0,0
2021-03-31,94.26,94.26,94.26,94.26,73.4523,0,0,0
2021-04-01,94.17,94.17,94.17,94.17,73.3822,0,0,0
2021-04-05,95.16,95.16,95.16,95.16,74.1537,0,0,0
2021-04-06,95.71,95.71,95.71,95.71,74.5822,0,0,0
2021-04-07,95.45,95.45,95.45,95.45,74.3796,0,0,0
2021-04-08,95.54,95.54,95.54,95.54,74.4498,0,0,0
2021-04-09,95.59,95.59,95.59,95.59,74.4887,0,0,0
2021-04-12,95.53,95.53,95.53,95.53,74.442,0,0,0
2021-04-13,96.68,96.68,96.68,96.68,75.3381,0,0,0
2021-04-14,97.09,97.09,97.09,97.09,75.6576,0,0,0
2021-04-15,98.04,98.04,98.04,98.04,76.3979,0,0,0
2021-04-16,98.55,98.55,98.55,98.55,76.7953,0,0,0
2021-04-19,97.87,97.87,97.87,97.87,76.2654,0,0,0
2021-04-20,98.84,98.84,98.84,98.84,77.0213,0,0,0
2021-04-21,98.27,98.27,98.27,98.27,76.5771,0,0,0
2021-04-22,97.47,97.47,97.47,97.47,75.9537,0,0,0
2021-04-23,97.39,97.39,97.39,97.39,75.8914,0,0,0
2021-04-26,96.9,96.9,96.9,96.9,75.5095,0,0,0
2021-04-27,96.23,96.23,96.23,96.23,74.9874,0,0,0
2021-04-28,96.34,96.34,96.34,96.34,75.0732,0,0,0
2021-04-29,97.17,97.17,97.17,97.17,75.7199,0,0,0
2021-04-30,97.93,97.93,97.93,97.93,76.3122,0,0,0
2021-05-03,97.82,97.82,97.82,97.82,76.2265,0,0,0
2021-05-04,97.25,97.25,97.25,97.25,75.7823,0,0,0
2021-05-05,95.58,95.58,95.58,95.58,74.4809,0,0,0
2021-05-06,96.03,96.03,96.03,96.03,74.8316,0,0,0
2021-05-07,96.33,96.33,96.33,96.33,75.0654,0,0,0
2021-05-10,96.61,96.61,96.61,96.61,75.2835,0,0,0
2021-05-11,95.65,95.65,95.65,95.65,74.5355,0,0,0
2021-05-12,93.24,93.24,93.24,93.24,72.6575,0,0,0
2021-05-13,95.1,95.1,95.1,95.1,74.1069,0,0,0
2021-05-14,95.86,95.86,95.86,95.86,74.6991,0,0,0
2021-05-17,95.12,95.12,95.12,95.12,74.1225,0,0,0
2021-05-18,94.98,94.98,94.98,94.98,74.0134,0,0,0
2021-05-19,94.79,94.79,94.79,94.79,73.8653,0,0,0
2021-05-20,95.32,95.32,95.32,95.32,74.2783,0,0,0
2021-05-21,95.79,95.79,95.79,95.79,74.6446,0,0,0
2021-05-24,95.98,95.98,95.98,95.98,74.7926,0,0,0
2021-05-25,94.43,94.43,94.43,94.43,73.5848,0,0,0
2021-05-26,94.61,94.61,94.61,94.61,73.7251,0,0,0
2021-05-27,94.11,94.11,94.11,94.11,73.3354,0,0,0
2021-05-28,94.62,94.62,94.62,94.62,73.7328,0,0,0
2021-06-01,94.31,94.31,94.31,94.31,73.4913,0,0,0
2021-06-02,94.66,94.66,94.66,94.66,73.764,0,0,0
2021-06-03,95.3,95.3,95.3,95.3,74.2627,0,0,0
2021-06-04,95.16,95.16,95.16,95.16,74.1537,0,0,0
2021-06-07,95.42,95.42,95.42,95.42,74.3562,0,0,0
2021-06-08,94.98,94.98,94.98,94.98,74.0134,0,0,0
2021-06-09,95.83,95.83,95.83,95.83,74.6757,0,0,0
2021-06-10,96.59,96.59,96.59,96.59,75.268,0,0,0
2021-06-11,97.09,97.09,97.09,97.09,75.6576,0,0,0
2021-06-14,97.3,97.3,97.3,97.3,75.8213,0,0,0
2021-06-15,97.55,97.55,97.55,97.55,76.0161,0,0,0
2021-06-16,96.17,96.17,96.17,96.17,74.9407,0,0,0
2021-06-17,96.46,96.46,96.46,96.46,75.1667,0,0,0
2021-06-18,94.08,94.08,94.08,94.08,73.3121,0,0,0
2021-06-21,95.31,95.31,95.31,95.31,74.2705,0,0,0
2021-06-22,94.55,94.55,94.55,94.55,73.6783,0,0,0
2021-06-23,93.77,93.77,93.77,93.77,73.0705,0,0,0
2021-06-24,93.67,93.67,93.67,93.67,72.9925,0,0,0
2021-06-25,94.8,94.8,94.8,94.8,73.8731,0,0,0
2021-06-28,95.54,95.54,95.54,95.54,74.4498,0,0,0
2021-06-29,94.15,94.15,94.15,94.15,73.3666,0,0,0
2021-06-30,93.98,93.98,93.98,93.98,73.2341,0,0,0
2021-07-01,95.01,95.01,95.01,95.01,74.0368,0,0,0
2021-07-02,95.19,95.19,95.19,95.19,74.177,0,0,0
2021-07-06,95.42,95.42,95.42,95.42,74.3562,0,0,0
2021-07-07,95.7,95.7,95.7,95.7,74.5744,0,0,0
2021-07-08,95.19,95.19,95.19,95.19,74.177,0,0,0
2021-07-09,95.57,95.57,95.57,95.57,74.4731,0,0,0
2021-07-12,95.69,95.69,95.69,95.69,74.5667,0,0,0
2021-07-13,94.59,94.59,94.59,94.59,73.7095,0,0,0
2021-07-14,95.12,95.12,95.12,95.12,74.1225,0,0,0
2021-07-15,96.02,96.02,96.02,96.02,74.8238,0,0,0
2021-07-16,96.7,96.7,96.7,96.7,75.3537,0,0,0
2021-07-19,94.7,94.7,94.7,94.7,73.7952,0,0,0
2021-07-20,95.5,95.5,95.5,95.5,74.4186,0,0,0
2021-07-21,94.96,94.96,94.96,94.96,73.9978,0,0,0
2021-07-22,95.07,95.07,95.07,95.07,74.0835,0,0,0
2021-07-23,95.87,95.87,95.87,95.87,74.7069,0,0,0
2021-07-26,95.73,95.73,95.73,95.73,74.5978,0,0,0
2021-07-27,97.23,97.23,97.23,97.23,75.7667,0,0,0
2021-07-28,96.86,96.86,96.86,96.86,75.4784,0,0,0
2021-07-29,97.11,97.11,97.11,97.11,75.6732,0,0,0
2021-07-30,96.07,96.07,96.07,96.07,74.8628,0,0,0
2021-08-02,96.67,96.67,96.67,96.67,75.3303,0,0,0
2021-08-03,97.33,97.33,97.33,97.33,75.8446,0,0,0
2021-08-04,96.85,96.85,96.85,96.85,75.4706,0,0,0
2021-08-05,97.88,97.88,97.88,97.88,76.2732,0,0,0
2021-08-06,97.89,97.89,97.89,97.89,76.281,0,0,0
2021-08-09,97.84,97.84,97.84,97.84,76.242,0,0,0
2021-08-10,98.21,98.21,98.21,98.21,76.5304,0,0,0
2021-08-11,99.27,99.27,99.27,99.27,77.3564,0,0,0
2021-08-12,99.4,99.4,99.4,99.4,77.4577,0,0,0
2021-08-13,99.88,99.88,99.88,99.88,77.8317,0,0,0
2021-08-16,100.22,100.22,100.22,100.22,78.0967,0,0,0
2021-08-17,100.16,100.16,100.16,100.16,78.0499,0,0,0
2021-08-18,99.72,99.72,99.72,99.72,77.707,0,0,0
2021-08-19,99.9,99.9,99.9,99.9,77.8473,0,0,0
2021-08-20,101.37,101.37,101.37,101.37,78.9928,0,0,0
2021-08-23,100.38,100.38,100.38,100.38,78.2213,0,0,0
2021-08-24,99.93,99.93,99.93,99.93,77.8707,0,0,0
2021-08-25,100.24,100.24,100.24,100.24,78.1122,0,0,0
2021-08-26,99.73,99.73,99.73,99.73,77.7148,0,0,0
2021-08-27,99.74,99.74,99.74,99.74,77.7226,0,0,0
2021-08-30,99.68,99.68,99.68,99.68,77.6759,0,0,0
2021-08-31,99.75,99.75,99.75,99.75,77.7304,0,0,0
2021-09-01,100.92,100.92,100.92,100.92,78.6421,0,0,0
2021-09-02,101.79,101.79,101.79,101.79,79.3201,0,0,0
2021-09-03,101.02,101.02,101.02,101.02,78.7201,0,0,0
2021-09-07,100.11,100.11,100.11,100.11,78.0109,0,0,0
2021-09-08,101.45,101.45,101.45,101.45,79.0552,0,0,0
2021-09-09,100.99,100.99,100.99,100.99,78.6967,0,0,0
2021-09-10,99.71,99.71,99.71,99.71,77.6992,0,0,0
2021-09-13,100.15,100.15,100.15,100.15,78.0421,0,0,0
2021-09-14,99.68,99.68,99.68,99.68,77.6759,0,0,0
2021-09-15,99.9,99.9,99.9,99.9,77.8473,0,0,0
2021-09-16,98.88,98.88,98.88,98.88,77.0525,0,0,0
2021-09-17,97.8,97.8,97.8,97.8,76.2109,0,0,0
2021-09-20,97.18,97.18,97.18,97.18,75.7277,0,0,0
2021-09-21,97.07,97.07,97.07,97.07,75.642,0,0,0
2021-09-22,97.03,97.03,97.03,97.03,75.6109,0,0,0
2021-09-23,96.75,96.75,96.75,96.75,75.3926,0,0,0
2021-09-24,96.6,96.6,96.6,96.6,75.2758,0,0,0
2021-09-27,95.85,95.85,95.85,95.85,74.6913,0,0,0
2021-09-28,94.45,94.45,94.45,94.45,73.6004,0,0,0
2021-09-29,95.29,95.29,95.29,95.29,74.2549,0,0,0
2021-09-30,94.56,94.56,94.56,94.56,73.6861,0,0,0
2021-10-01,94.51,94.51,94.51,94.51,73.6471,0,0,0
2021-10-04,95.54,95.54,95.54,95.54,74.4498,0,0,0
2021-10-05,95.57,95.57,95.57,95.57,74.4731,0,0,0
2021-10-06,96.9,96.9,96.9,96.9,75.5095,0,0,0
2021-10-07,96.75,96.75,96.75,96.75,75.3926,0,0,0
2021-10-08,96.26,96.26,96.26,96.26,75.0108,0,0,0
2021-10-11,94.97,94.97,94.97,94.97,74.0056,0,0,0
2021-10-12,95.55,95.55,95.55,95.55,74.4575,0,0,0
2021-10-13,96.8,96.8,96.8,96.8,75.4316,0,0,0
2021-10-14,98.04,98.04,98.04,98.04,76.3979,0,0,0
2021-10-15,98.16,98.16,98.16,98.16,76.4914,0,0,0
2021-10-18,97.26,97.26,97.26,97.26,75.7901,0,0,0
2021-10-19,98.43,98.43,98.43,98.43,76.7018,0,0,0
2021-10-20,100.14,100.14,100.14,100.14,78.0343,0,0,0
2021-10-21,100.14,100.14,100.14,100.14,78.0343,0,0,0
2021-10-22,100.66,100.66,100.66,100.66,78.4395,0,0,0
2021-10-25,100.54,100.54,100.54,100.54,78.346,0,0,0
2021-10-26,101.05,101.05,101.05,101.05,78.7434,0,0,0
2021-10-27,100.69,100.69,100.69,100.69,78.4629,0,0,0
2021-10-28,101.41,101.41,101.41,101.41,79.024,0,0,0
2021-10-29,100.92,100.92,100.92,100.92,78.6421,0,0,0
2021-11-01,101.48,101.48,101.48,101.48,79.0785,0,0,0
2021-11-02,101.27,101.27,101.27,101.27,78.9148,0,0,0
2021-11-03,101.41,101.41,101.41,101.41,79.024,0,0,0
2021-11-04,100.91,100.91,100.91,100.91,78.6343,0,0,0
2021-11-05,101.72,101.72,101.72,101.72,79.2655,0,0,0
2021-11-08,100.18,100.18,100.18,100.18,78.0655,0,0,0
2021-11-09,100.75,100.75,100.75,100.75,78.5097,0,0,0
2021-11-10,101.48,101.48,101.48,101.48,79.0785,0,0,0
2021-11-11,101.3,101.3,101.3,101.3,78.9383,0,0,0
2021-11-12,101.17,101.17,101.17,101.17,78.8369,0,0,0
2021-11-15,102.44,102.44,102.44,102.44,79.8266,0,0,0
2021-11-16,101.98,101.98,101.98,101.98,79.4681,0,0,0
2021-11-17,101.93,101.93,101.93,101.93,79.4292,0,0,0
2021-11-18,101.28,101.28,101.28,101.28,78.9227,0,0,0
2021-11-19,101.88,101.88,101.88,101.88,79.3902,0,0,0
2021-11-22,102.31,102.31,102.31,102.31,79.7253,0,0,0
2021-11-23,102.55,102.55,102.55,102.55,79.9123,0,0,0
2021-11-24,102.74,102.74,102.74,102.74,80.0604,0,0,0
2021-11-26,100.75,100.75,100.75,100.75,78.5097,0,0,0
2021-11-29,102.24,102.24,102.24,102.24,79.6707,0,0,0
2021-11-30,99.54,99.54,99.54,99.54,77.5668,0,0,0
2021-12-01,99.52,99.52,99.52,99.52,77.5512,0,0,0
2021-12-02,100.91,100.91,100.91,100.91,78.6343,0,0,0
2021-12-03,101.36,101.36,101.36,101.36,78.985,0,0,0
2021-12-06,103.31,103.31,103.31,103.31,80.5045,0,0,0
2021-12-07,103.88,103.88,103.88,103.88,80.9487,0,0,0
2021-12-08,103.78,103.78,103.78,103.78,80.8708,0,0,0
2021-12-09,103.38,103.38,103.38,103.38,80.5591,0,0,0
2021-12-10,103.88,103.88,103.88,103.88,80.9487,0,0,0
2021-12-13,104.77,104.77,104.77,104.77,81.6423,0,0,0
2021-12-14,103.98,103.98,103.98,103.98,81.0267,0,0,0
2021-12-15,105.49,105.49,105.49,105.49,82.2033,0,0,0
2021-12-16,105.82,105.82,105.82,105.82,82.4605,0,0,0
2021-12-17,101.6,101.6,101.6,101.6,81.3341,0,2.813,0
2021-12-20,101.4,101.4,101.4,101.4,81.174,0,0,0
2021-12-21,101.74,101.74,101.74,101.74,81.4462,0,0,0
2021-12-22,102.19,102.19,102.19,102.19,81.8064,0,0,0
2021-12-23,102.17,102.17,102.17,102.17,81.7904,0,0,0
2021-12-27,102.61,102.61,102.61,102.61,82.1427,0,0,0
2021-12-28,103.5,103.5,103.5,103.5,82.8551,0,0,0
2021-12-29,103.98,103.98,103.98,103.98,83.2394,0,0,0
2021-12-30,104.5,104.5,104.5,104.5,83.6557,0,0,0
2021-12-31,105.05,105.05,105.05,105.05,84.096,0,0,0
2022-01-03,104.24,104.24,104.24,104.24,83.4475,0,0,0
2022-01-04,103.98,103.98,103.98,103.98,83.2394,0,0,0
2022-01-05,103.09,103.09,103.09,103.09,82.5269,0,0,0
2022-01-06,102.14,102.14,102.14,102.14,81.7664,0,0,0
2022-01-07,103.06,103.06,103.06,103.06,82.5029,0,0,0
2022-01-10,102.47,102.47,102.47,102.47,82.0306,0,0,0
2022-01-11,101.81,101.81,101.81,101.81,81.5022,0,0,0
2022-01-12,102.28,102.28,102.28,102.28,81.8785,0,0,0
2022-01-13,102.64,102.64,102.64,102.64,82.1667,0,0,0
2022-01-14,102.21,102.21,102.21,102.21,81.8224,0,0,0
2022-01-18,100.95,100.95,100.95,100.95,80.8138,0,0,0
2022-01-19,101.45,101.45,101.45,101.45,81.214,0,0,0
2022-01-20,101.42,101.42,101.42,101.42,81.19,0,0,0
2022-01-21,100.86,100.86,100.86,100.86,80.7417,0,0,0
2022-01-24,99.95,99.95,99.95,99.95,80.0133,0,0,0
2022-01-25,98.4,98.4,98.4,98.4,78.7724,0,0,0
2022-01-26,97.95,97.95,97.95,97.95,78.4122,0,0,0
2022-01-27,98.38,98.38,98.38,98.38,78.7564,0,0,0
2022-01-28,99.61,99.61,99.61,99.61,79.7411,0,0,0
2022-01-31,101.49,101.49,101.49,101.49,81.2461,0,0,0
2022-02-01,100.22,100.22,100.22,100.22,80.2294,0,0,0
2022-02-02,101.8,101.8,101.8,101.8,81.4942,0,0,0
2022-02-03,101.19,101.19,101.19,101.19,81.0059,0,0,0
2022-02-04,100.53,100.53,100.53,100.53,80.4776,0,0,0
2022-02-07,100.17,100.17,100.17,100.17,80.1894,0,0,0
2022-02-08,100.42,100.42,100.42,100.42,80.3895,0,0,0
2022-02-09,101.17,101.17,101.17,101.17,80.9899,0,0,0
2022-02-10,98.72,98.72,98.72,98.72,79.0286,0,0,0
2022-02-11,98.51,98.51,98.51,98.51,78.8605,0,0,0
2022-02-14,97.81,97.81,97.81,97.81,78.3001,0,0,0
2022-02-15,97.59,97.59,97.59,97.59,78.124,0,0,0
2022-02-16,98.08,98.08,98.08,98.08,78.5163,0,0,0
2022-02-17,97.75,97.75,97.75,97.75,78.2521,0,0,0
2022-02-18,97.16,97.16,97.16,97.16,77.7798,0,0,0
2022-02-22,96.87,96.87,96.87,96.87,77.5476,0,0,0
2022-02-23,95.02,95.02,95.02,95.02,76.0666,0,0,0
2022-02-24,96.5,96.5,96.5,96.5,77.2514,0,0,0
2022-02-25,99.29,99.29,99.29,99.29,79.4849,0,0,0
2022-02-28,100.38,100.38,100.38,100.38,80.3575,0,0,0
2022-03-01,99.71,99.71,99.71,99.71,79.8211,0,0,0
2022-03-02,101.08,101.08,101.08,101.08,80.9179,0,0,0
2022-03-03,102.37,102.37,102.37,102.37,81.9505,0,0,0
2022-03-04,104.05,104.05,104.05,104.05,83.2954,0,0,0
2022-03-07,105.06,105.06,105.06,105.06,84.104,0,0,0
2022-03-08,104.17,104.17,104.17,104.17,83.3915,0,0,0
2022-03-09,103.69,103.69,103.69,103.69,83.0072,0,0,0
2022-03-10,104.23,104.23,104.23,104.23,83.4395,0,0,0
2022-03-11,103.52,103.52,103.52,103.52,82.8711,0,0,0
2022-03-14,103.6,103.6,103.6,103.6,82.9352,0,0,0
2022-03-15,105.03,105.03,105.03,105.03,84.08,0,0,0
2022-03-16,105.37,105.37,105.37,105.37,84.3521,0,0,0
2022-03-17,105.68,105.68,105.68,105.68,84.6003,0,0,0
2022-03-18,104.88,104.88,104.88,104.88,83.9599,0,0,0
2022-03-21,105.31,105.31,105.31,105.31,84.3041,0,0,0
2022-03-22,105.93,105.93,105.93,105.93,84.8004,0,0,0
2022-03-23,105.81,105.81,105.81,105.81,84.7044,0,0,0
2022-03-24,107.16,107.16,107.16,107.16,85.7851,0,0,0
2022-03-25,108.78,108.78,108.78,108.78,87.0819,0,0,0
2022-03-28,109.61,109.61,109.61,109.61,87.7464,0,0,0
2022-03-29,110.67,110.67,110.67,110.67,88.595,0,0,0
2022-03-30,111.5,111.5,111.5,111.5,89.2594,0,0,0
2022-03-31,111.29,111.29,111.29,111.29,89.0913,0,0,0
2022-04-01,112.99,112.99,112.99,112.99,90.4522,0,0,0
2022-04-04,112.3,112.3,112.3,112.3,89.8998,0,0,0
2022-04-05,112.68,112.68,112.68,112.68,90.204,0,0,0
2022-04-06,114.35,114.35,114.35,114.35,91.5409,0,0,0
2022-04-07,114.33,114.33,114.33,114.33,91.5249,0,0,0
2022-04-08,112.55,112.55,112.55,112.55,92.013,0,2.377,0
2022-04-11,110.52,110.52,110.52,110.52,90.3534,0,0,0
2022-04-12,110.99,110.99,110.99,110.99,90.7376,0,0,0
2022-04-13,111.28,111.28,111.28,111.28,90.9747,0,0,0
2022-04-14,111.06,111.06,111.06,111.06,90.7949,0,0,0
2022-04-18,110.8,110.8,110.8,110.8,90.5823,0,0,0
2022-04-19,111.49,111.49,111.49,111.49,91.1464,0,0,0
2022-04-20,112.45,112.45,112.45,112.45,91.9312,0,0,0
2022-04-21,110.2,110.2,110.2,110.2,90.0918,0,0,0
2022-04-22,108.24,108.24,108.24,108.24,88.4894,0,0,0
2022-04-25,107.39,107.39,107.39,107.39,87.7945,0,0,0
2022-04-26,106.26,106.26,106.26,106.26,86.8707,0,0,0
2022-04-27,105.99,105.99,105.99,105.99,86.65,0,0,0
2022-04-28,107.24,107.24,107.24,107.24,87.6719,0,0,0
2022-04-29,104.34,104.34,104.34,104.34,85.301,0,0,0
2022-05-02,103.45,103.45,103.45,103.45,84.5734,0,0,0
2022-05-03,104.12,104.12,104.12,104.12,85.1212,0,0,0
2022-05-04,106.72,106.72,106.72,106.72,87.2468,0,0,0
2022-05-05,105.16,105.16,105.16,105.16,85.9714,0,0,0
2022-05-06,105.92,105.92,105.92,105.92,86.5928,0,0,0
2022-05-09,104.14,104.14,104.14,104.14,85.1375,0,0,0
2022-05-10,102.94,102.94,102.94,102.94,84.1565,0,0,0
2022-05-11,103.62,103.62,103.62,103.62,84.7124,0,0,0
2022-05-12,101.89,101.89,101.89,101.89,83.2981,0,0,0
2022-05-13,103.46,103.46,103.46,103.46,84.5816,0,0,0
2022-05-16,103.91,103.91,103.91,103.91,84.9495,0,0,0
2022-05-17,105.48,105.48,105.48,105.48,86.233,0,0,0
2022-05-18,104.3,104.3,104.3,104.3,85.2684,0,0,0
2022-05-19,104.23,104.23,104.23,104.23,85.2111,0,0,0
2022-05-20,104.09,104.09,104.09,104.09,85.0967,0,0,0
2022-05-23,105.42,105.42,105.42,105.42,86.184,0,0,0
2022-05-24,106.94,106.94,106.94,106.94,87.4267,0,0,0
2022-05-25,107.53,107.53,107.53,107.53,87.909,0,0,0
2022-05-26,107.93,107.93,107.93,107.93,88.236,0,0,0
2022-05-27,109.94,109.94,109.94,109.94,89.8792,0,0,0
2022-05-31,108.36,108.36,108.36,108.36,88.5875,0,0,0
2022-06-01,108.3,108.3,108.3,108.3,88.5385,0,0,0
2022-06-02,109.2,109.2,109.2,109.2,89.2742,0,0,0
2022-06-03,108.81,108.81,108.81,108.81,88.9554,0,0,0
2022-06-06,109.49,109.49,109.49,109.49,89.5113,0,0,0
2022-06-07,110.2,110.2,110.2,110.2,90.0918,0,0,0
2022-06-08,108.17,108.17,108.17,108.17,88.4322,0,0,0
2022-06-09,105.46,105.46,105.46,105.46,86.2167,0,0,0
2022-06-10,104.04,104.04,104.04,104.04,85.0558,0,0,0
2022-06-13,98.86,98.86,98.86,98.86,80.821,0,0,0
2022-06-14,96.42,96.42,96.42,96.42,78.8262,0,0,0
2022-06-15,97.69,97.69,97.69,97.69,79.8645,0,0,0
2022-06-16,95.41,95.41,95.41,95.41,78.0005,0,0,0
2022-06-17,94.66,94.66,94.66,94.66,77.3874,0,0,0
2022-06-21,96.57,96.57,96.57,96.57,78.9488,0,0,0
2022-06-22,97.39,97.39,97.39,97.39,79.6192,0,0,0
2022-06-23,99.3,99.3,99.3,99.3,81.1807,0,0,0
2022-06-24,101.11,101.11,101.11,101.11,82.6604,0,0,0
2022-06-27,101.86,101.86,101.86,101.86,83.2736,0,0,0
2022-06-28,101.14,101.14,101.14,101.14,82.6849,0,0,0
2022-06-29,100.77,100.77,100.77,100.77,82.3825,0,0,0
2022-06-30,101.79,101.79,101.79,101.79,83.2163,0,0,0
2022-07-01,103.91,103.91,103.91,103.91,85.3116,0,0.432,0
2022-07-05,100.3,100.3,100.3,100.3,82.3477,0,0,0
2022-07-06,101.15,101.15,101.15,101.15,83.0456,0,0,0
2022-07-07,101.56,101.56,101.56,101.56,83.3822,0,0,0
2022-07-08,101.43,101.43,101.43,101.43,83.2755,0,0,0
2022-07-11,101.81,101.81,101.81,101.81,83.5875,0,0,0
2022-07-12,101.37,101.37,101.37,101.37,83.2262,0,0,0
2022-07-13,100.98,100.98,100.98,100.98,82.906,0,0,0
2022-07-14,100.98,100.98,100.98,100.98,82.906,0,0,0
2022-07-15,101.05,101.05,101.05,101.05,82.9635,0,0,0
2022-07-18,99.98,99.98,99.98,99.98,82.085,0,0,0
2022-07-19,100.96,100.96,100.96,100.96,82.8896,0,0,0
2022-07-20,99.82,99.82,99.82,99.82,81.9536,0,0,0
2022-07-21,99.92,99.92,99.92,99.92,82.0357,0,0,0
2022-07-22,101.07,101.07,101.07,101.07,82.9799,0,0,0
2022-07-25,102.42,102.42,102.42,102.42,84.0883,0,0,0
2022-07-26,102.81,102.81,102.81,102.81,84.4085,0,0,0
2022-07-27,103.03,103.03,103.03,103.03,84.5891,0,0,0
2022-07-28,107.14,107.14,107.14,107.14,87.9635,0,0,0
2022-07-29,108.21,108.21,108.21,108.21,88.842,0,0,0
2022-08-01,108.12,108.12,108.12,108.12,88.7681,0,0,0
2022-08-02,107.93,107.93,107.93,107.93,88.6121,0,0,0
2022-08-03,108.6,108.6,108.6,108.6,89.1621,0,0,0
2022-08-04,108.89,108.89,108.89,108.89,89.4002,0,0,0
2022-08-05,108.91,108.91,108.91,108.91,89.4166,0,0,0
2022-08-08,109.19,109.19,109.19,109.19,89.6465,0,0,0
2022-08-09,110.26,110.26,110.26,110.26,90.525,0,0,0
2022-08-10,110.98,110.98,110.98,110.98,91.1162,0,0,0
2022-08-11,111.21,111.21,111.21,111.21,91.305,0,0,0
2022-08-12,113.08,113.08,113.08,113.08,92.8403,0,0,0
2022-08-15,113.95,113.95,113.95,113.95,93.5546,0,0,0
2022-08-16,114.15,114.15,114.15,114.15,93.7188,0,0,0
2022-08-17,113.77,113.77,113.77,113.77,93.4068,0,0,0
2022-08-18,114.27,114.27,114.27,114.27,93.8173,0,0,0
2022-08-19,114,114,114,114,93.5956,0,0,0
2022-08-22,112.35,112.35,112.35,112.35,92.2409,0,0,0
2022-08-23,111.78,111.78,111.78,111.78,91.773,0,0,0
2022-08-24,112.38,112.38,112.38,112.38,92.2656,0,0,0
2022-08-25,113.29,113.29,113.29,113.29,93.0127,0,0,0
2022-08-26,111.57,111.57,111.57,111.57,91.6006,0,0,0
2022-08-29,111.84,111.84,111.84,111.84,91.8222,0,0,0
2022-08-30,110.23,110.23,110.23,110.23,90.5004,0,0,0
2022-08-31,109.82,109.82,109.82,109.82,90.1638,0,0,0
2022-09-01,111.24,111.24,111.24,111.24,91.3296,0,0,0
2022-09-02,110.3,110.3,110.3,110.3,90.5579,0,0,0
2022-09-06,110.37,110.37,110.37,110.37,90.6153,0,0,0
2022-09-07,113.55,113.55,113.55,113.55,93.2261,0,0,0
2022-09-08,113.69,113.69,113.69,113.69,93.3411,0,0,0
2022-09-09,114.23,114.23,114.23,114.23,93.7844,0,0,0
2022-09-12,115.36,115.36,115.36,115.36,94.7122,0,0,0
2022-09-13,112.54,112.54,112.54,112.54,92.3969,0,0,0
2022-09-14,113.57,113.57,113.57,113.57,93.2426,0,0,0
2022-09-15,111.13,111.13,111.13,111.13,91.2393,0,0,0
2022-09-16,110.64,110.64,110.64,110.64,90.837,0,0,0
2022-09-19,112.34,112.34,112.34,112.34,92.2327,0,0,0
2022-09-20,110.73,110.73,110.73,110.73,90.9109,0,0,0
2022-09-21,109.19,109.19,109.19,109.19,89.6465,0,0,0
2022-09-22,108.58,108.58,108.58,108.58,89.1457,0,0,0
2022-09-23,107.11,107.11,107.11,107.11,87.9388,0,0,0
2022-09-26,104.71,104.71,104.71,104.71,85.9684,0,0,0
2022-09-27,103.12,103.12,103.12,103.12,84.663,0,0,0
2022-09-28,104.28,104.28,104.28,104.28,85.6153,0,0,0
2022-09-29,100.32,100.32,100.32,100.32,82.3641,0,0,0
2022-09-30,98.8,98.8,98.8,98.8,81.1162,0,0,0
2022-10-03,101.88,101.88,101.88,101.88,83.6449,0,0,0
2022-10-04,104.59,104.59,104.59,104.59,85.8699,0,0,0
2022-10-05,102.64,102.64,102.64,102.64,84.2689,0,0,0
2022-10-06,99.54,99.54,99.54,99.54,81.7238,0,0,0
2022-10-07,97.03,97.03,97.03,97.03,80.104,0,0.548,0
2022-10-10,97.01,97.01,97.01,97.01,80.0875,0,0,0
2022-10-11,96.59,96.59,96.59,96.59,79.7408,0,0,0
2022-10-12,93.51,93.51,93.51,93.51,77.198,0,0,0
2022-10-13,95.74,95.74,95.74,95.74,79.039,0,0,0
2022-10-14,93.98,93.98,93.98,93.98,77.586,0,0,0
2022-10-17,96.15,96.15,96.15,96.15,79.3775,0,0,0
2022-10-18,97.57,97.57,97.57,97.57,80.5498,0,0,0
2022-10-19,96.27,96.27,96.27,96.27,79.4766,0,0,0
2022-10-20,93.97,93.97,93.97,93.97,77.5778,0,0,0
2022-10-21,95.78,95.78,95.78,95.78,79.0721,0,0,0
2022-10-24,96.56,96.56,96.56,96.56,79.716,0,0,0
2022-10-25,98.59,98.59,98.59,98.59,81.3919,0,0,0
2022-10-26,98.53,98.53,98.53,98.53,81.3423,0,0,0
2022-10-27,99.33,99.33,99.33,99.33,82.0028,0,0,0
2022-10-28,101.8,101.8,101.8,101.8,84.0419,0,0,0
2022-10-31,100.9,100.9,100.9,100.9,83.2989,0,0,0
2022-11-01,101.51,101.51,101.51,101.51,83.8025,0,0,0
2022-11-02,100.38,100.38,100.38,100.38,82.8696,0,0,0
2022-11-03,100.97,100.97,100.97,100.97,83.3567,0,0,0
2022-11-04,101.47,101.47,101.47,101.47,83.7695,0,0,0
2022-11-07,99.54,99.54,99.54,99.54,82.1762,0,0,0
2022-11-08,99.78,99.78,99.78,99.78,82.3743,0,0,0
2022-11-09,98.97,98.97,98.97,98.97,81.7056,0,0,0
2022-11-10,103.62,103.62,103.62,103.62,85.5444,0,0,0
2022-11-11,102.58,102.58,102.58,102.58,84.6859,0,0,0
2022-11-14,101.43,101.43,101.43,101.43,83.7365,0,0,0
2022-11-15,102.36,102.36,102.36,102.36,84.5042,0,0,0
2022-11-16,103.19,103.19,103.19,103.19,85.1895,0,0,0
2022-11-17,101.45,101.45,101.45,101.45,83.753,0,0,0
2022-11-18,103.6,103.6,103.6,103.6,85.5279,0,0,0
2022-11-21,104.01,104.01,104.01,104.01,85.8664,0,0,0
2022-11-22,105.04,105.04,105.04,105.04,86.7167,0,0,0
2022-11-23,106.15,106.15,106.15,106.15,87.6331,0,0,0
2022-11-25,106.76,106.76,106.76,106.76,88.1367,0,0,0
2022-11-28,105.59,105.59,105.59,105.59,87.1708,0,0,0
2022-11-29,105.03,105.03,105.03,105.03,86.7085,0,0,0
2022-11-30,107.86,107.86,107.86,107.86,89.0448,0,0,0
2022-12-01,107.68,107.68,107.68,107.68,88.8962,0,0,0
2022-12-02,107.4,107.4,107.4,107.4,88.665,0,0,0
2022-12-05,106.76,106.76,106.76,106.76,88.1367,0,0,0
2022-12-06,107.45,107.45,107.45,107.45,88.7063,0,0,0
2022-12-07,107.04,107.04,107.04,107.04,88.3679,0,0,0
2022-12-08,107.29,107.29,107.29,107.29,88.5742,0,0,0
2022-12-09,106.71,106.71,106.71,106.71,88.0954,0,0,0
2022-12-12,109.12,109.12,109.12,109.12,90.085,0,0,0
2022-12-13,109.37,109.37,109.37,109.37,90.2914,0,0,0
2022-12-14,109.4,109.4,109.4,109.4,90.3162,0,0,0
2022-12-15,108.19,108.19,108.19,108.19,89.3172,0,0,0
2022-12-16,104.91,104.91,104.91,104.91,87.8864,0,1.572,0
2022-12-19,104.48,104.48,104.48,104.48,87.5262,0,0,0
2022-12-20,104.63,104.63,104.63,104.63,87.6518,0,0,0
2022-12-21,106.02,106.02,106.02,106.02,88.8163,0,0,0
2022-12-22,105.15,105.15,105.15,105.15,88.0874,0,0,0
2022-12-23,106.2,106.2,106.2,106.2,88.9671,0,0,0
2022-12-27,106.77,106.77,106.77,106.77,89.4446,0,0,0
2022-12-28,105.74,105.74,105.74,105.74,88.5817,0,0,0
2022-12-29,106.5,106.5,106.5,106.5,89.2184,0,0,0
2022-12-30,105.61,105.61,105.61,105.61,88.4728,0,0,0
2023-01-03,105.17,105.17,105.17,105.17,88.1042,0,0,0
2023-01-04,106.19,106.19,106.19,106.19,88.9587,0,0,0
2023-01-05,103.92,103.92,103.92,103.92,87.057,0,0,0
2023-01-06,105.72,105.72,105.72,105.72,88.565,0,0,0
2023-01-09,106.36,106.36,106.36,106.36,89.1011,0,0,0
2023-01-10,106.3,106.3,106.3,106.3,89.0508,0,0,0
2023-01-11,107.29,107.29,107.29,107.29,89.8802,0,0,0
2023-01-12,106.84,106.84,106.84,106.84,89.5032,0,0,0
2023-01-13,106.57,106.57,106.57,106.57,89.277,0,0,0
2023-01-17,106.52,106.52,106.52,106.52,89.2352,0,0,0
2023-01-18,104.12,104.12,104.12,104.12,87.2246,0,0,0
2023-01-19,103,103,103,103,86.2863,0,0,0
2023-01-20,103.73,103.73,103.73,103.73,86.8979,0,0,0
2023-01-23,103.84,103.84,103.84,103.84,86.99,0,0,0
2023-01-24,104.25,104.25,104.25,104.25,87.3335,0,0,0
2023-01-25,102.76,102.76,102.76,102.76,86.0853,0,0,0
2023-01-26,103.26,103.26,103.26,103.26,86.5041,0,0,0
2023-01-27,103.34,103.34,103.34,103.34,86.5712,0,0,0
2023-01-30,102.57,102.57,102.57,102.57,85.9261,0,0,0
2023-01-31,103.2,103.2,103.2,103.2,86.4539,0,0,0
2023-02-01,103.23,103.23,103.23,103.23,86.479,0,0,0
2023-02-02,103.44,103.44,103.44,103.44,86.6549,0,0,0
2023-02-03,101.28,101.28,101.28,101.28,84.8454,0,0,0
2023-02-06,102.23,102.23,102.23,102.23,85.6413,0,0,0
2023-02-07,102.38,102.38,102.38,102.38,85.7669,0,0,0
2023-02-08,100.72,100.72,100.72,100.72,84.3763,0,0,0
2023-02-09,99.51,99.51,99.51,99.51,83.3627,0,0,0
2023-02-10,101.47,101.47,101.47,101.47,85.0046,0,0,0
2023-02-13,102.01,102.01,102.01,102.01,85.457,0,0,0
2023-02-14,101.72,101.72,101.72,101.72,85.214,0,0,0
2023-02-15,102.43,102.43,102.43,102.43,85.8088,0,0,0
2023-02-16,101.5,101.5,101.5,101.5,85.0297,0,0,0
2023-02-17,102.31,102.31,102.31,102.31,85.7083,0,0,0
2023-02-21,100.17,100.17,100.17,100.17,83.9155,0,0,0
2023-02-22,99.75,99.75,99.75,99.75,83.5637,0,0,0
2023-02-23,99.37,99.37,99.37,99.37,83.2454,0,0,0
2023-02-24,99.65,99.65,99.65,99.65,83.4799,0,0,0
2023-02-27,99.11,99.11,99.11,99.11,83.0276,0,0,0
2023-02-28,97.29,97.29,97.29,97.29,81.5029,0,0,0
2023-03-01,95.87,95.87,95.87,95.87,80.3133,0,0,0
2023-03-02,97.7,97.7,97.7,97.7,81.8463,0,0,0
2023-03-03,99.5,99.5,99.5,99.5,83.3543,0,0,0
2023-03-06,100.22,100.22,100.22,100.22,83.9574,0,0,0
2023-03-07,98.78,98.78,98.78,98.78,82.7511,0,0,0
2023-03-08,99.31,99.31,99.31,99.31,83.1951,0,0,0
2023-03-09,98.52,98.52,98.52,98.52,82.5333,0,0,0
2023-03-10,96.93,96.93,96.93,96.93,81.2013,0,0,0
2023-03-13,97.94,97.94,97.94,97.94,82.0474,0,0,0
2023-03-14,99.36,99.36,99.36,99.36,83.237,0,0,0
2023-03-15,100.17,100.17,100.17,100.17,83.9155,0,0,0
2023-03-16,101.06,101.06,101.06,101.06,84.6611,0,0,0
2023-03-17,100.06,100.06,100.06,100.06,83.8234,0,0,0
2023-03-20,100.82,100.82,100.82,100.82,84.4601,0,0,0
2023-03-21,99.27,99.27,99.27,99.27,83.1616,0,0,0
2023-03-22,97.33,97.33,97.33,97.33,81.5364,0,0,0
2023-03-23,96.36,96.36,96.36,96.36,80.7238,0,0,0
2023-03-24,98.95,98.95,98.95,98.95,82.8935,0,0,0
2023-03-27,99.25,99.25,99.25,99.25,83.1448,0,0,0
2023-03-28,99.51,99.51,99.51,99.51,83.3627,0,0,0
2023-03-29,100.82,100.82,100.82,100.82,84.4601,0,0,0
2023-03-30,101.3,101.3,101.3,101.3,84.8622,0,0,0
2023-03-31,102.21,102.21,102.21,102.21,85.6245,0,0,0
2023-04-03,101.45,101.45,101.45,101.45,84.9879,0,0,0
2023-04-04,101.84,101.84,101.84,101.84,85.3146,0,0,0
2023-04-05,102.36,102.36,102.36,102.36,87.2303,0,1.728,0
2023-04-06,103.17,103.17,103.17,103.17,87.9206,0,0,0
2023-04-10,103.01,103.01,103.01,103.01,87.7842,0,0,0
2023-04-11,103.05,103.05,103.05,103.05,87.8183,0,0,0
2023-04-12,103,103,103,103,87.7757,0,0,0
2023-04-13,103.13,103.13,103.13,103.13,87.8865,0,0,0
2023-04-14,102.12,102.12,102.12,102.12,87.0257,0,0,0
2023-04-17,102.63,102.63,102.63,102.63,87.4604,0,0,0
2023-04-18,102.33,102.33,102.33,102.33,87.2047,0,0,0
2023-04-19,102.94,102.94,102.94,102.94,87.7245,0,0,0
2023-04-20,102.97,102.97,102.97,102.97,87.7501,0,0,0
2023-04-21,103.29,103.29,103.29,103.29,88.0228,0,0,0
2023-04-24,103.74,103.74,103.74,103.74,88.4063,0,0,0
2023-04-25,103.39,103.39,103.39,103.39,88.108,0,0,0
2023-04-26,100.86,100.86,100.86,100.86,85.952,0,0,0
2023-04-27,102.2,102.2,102.2,102.2,87.0939,0,0,0
2023-04-28,102.38,102.38,102.38,102.38,87.2473,0,0,0
2023-05-01,102.54,102.54,102.54,102.54,87.3837,0,0,0
2023-05-02,101.37,101.37,101.37,101.37,86.3866,0,0,0
2023-05-03,101.12,101.12,101.12,101.12,86.1736,0,0,0
2023-05-04,101.83,101.83,101.83,101.83,86.7786,0,0,0
2023-05-05,102.48,102.48,102.48,102.48,87.3325,0,0,0
2023-05-08,102.61,102.61,102.61,102.61,87.4433,0,0,0
2023-05-09,102.64,102.64,102.64,102.64,87.4689,0,0,0
2023-05-10,103.6,103.6,103.6,103.6,88.287,0,0,0
2023-05-11,102.52,102.52,102.52,102.52,87.3666,0,0,0
2023-05-12,103.06,103.06,103.06,103.06,87.8268,0,0,0
2023-05-15,101.93,101.93,101.93,101.93,86.8638,0,0,0
2023-05-16,99.7,99.7,99.7,99.7,84.9634,0,0,0
2023-05-17,99.61,99.61,99.61,99.61,84.8868,0,0,0
2023-05-18,99.29,99.29,99.29,99.29,84.6141,0,0,0
2023-05-19,99.04,99.04,99.04,99.04,84.401,0,0,0
2023-05-22,99.23,99.23,99.23,99.23,84.5629,0,0,0
2023-05-23,99.11,99.11,99.11,99.11,84.4607,0,0,0
2023-05-24,98.58,98.58,98.58,98.58,84.009,0,0,0
2023-05-25,97.46,97.46,97.46,97.46,83.0545,0,0,0
2023-05-26,97.56,97.56,97.56,97.56,83.1397,0,0,0
2023-05-30,97.33,97.33,97.33,97.33,82.9438,0,0,0
2023-05-31,98.07,98.07,98.07,98.07,83.5744,0,0,0
2023-06-01,97.95,97.95,97.95,97.95,83.4721,0,0,0
2023-06-02,98.67,98.67,98.67,98.67,84.0857,0,0,0
2023-06-05,98.96,98.96,98.96,98.96,84.3328,0,0,0
2023-06-06,99.11,99.11,99.11,99.11,84.4607,0,0,0
2023-06-07,100.66,100.66,100.66,100.66,85.7815,0,0,0
2023-06-08,101.1,101.1,101.1,101.1,86.1565,0,0,0
2023-06-09,100.63,100.63,100.63,100.63,85.756,0,0,0
2023-06-12,100.44,100.44,100.44,100.44,85.5941,0,0,0
2023-06-13,100.6,100.6,100.6,100.6,85.7304,0,0,0
2023-06-14,100.53,100.53,100.53,100.53,85.6708,0,0,0
2023-06-15,101.47,101.47,101.47,101.47,86.4719,0,0,0
2023-06-16,102.09,102.09,102.09,102.09,87.0002,0,0,0
2023-06-20,100.91,100.91,100.91,100.91,85.9946,0,0,0
2023-06-21,101.74,101.74,101.74,101.74,86.7019,0,0,0
2023-06-22,101.08,101.08,101.08,101.08,86.1395,0,0,0
2023-06-23,99.67,99.67,99.67,99.67,84.9379,0,0,0
2023-06-26,100.51,100.51,100.51,100.51,85.6537,0,0,0
2023-06-27,100.66,100.66,100.66,100.66,85.7815,0,0,0
2023-06-28,99.46,99.46,99.46,99.46,84.7589,0,0,0
2023-06-29,99.43,99.43,99.43,99.43,84.7334,0,0,0
2023-06-30,100.62,100.62,100.62,100.62,85.7475,0,0,0
2023-07-03,101.03,101.03,101.03,101.03,86.0969,0,0,0
2023-07-05,102.27,102.27,102.27,102.27,87.1536,0,0,0
2023-07-06,100.85,100.85,100.85,100.85,85.9435,0,0,0
2023-07-07,99.78,99.78,99.78,99.78,85.4774,0,0.526,0
2023-07-10,99.51,99.51,99.51,99.51,85.2462,0,0,0
2023-07-11,100.63,100.63,100.63,100.63,86.2056,0,0,0
2023-07-12,102.13,102.13,102.13,102.13,87.4906,0,0,0
2023-07-13,102.27,102.27,102.27,102.27,87.6105,0,0,0
2023-07-14,101.71,101.71,101.71,101.71,87.1308,0,0,0
2023-07-17,100.78,100.78,100.78,100.78,86.3341,0,0,0
2023-07-18,100.1,100.1,100.1,100.1,85.7516,0,0,0
2023-07-19,101.04,101.04,101.04,101.04,86.5568,0,0,0
2023-07-20,102.64,102.64,102.64,102.64,87.9275,0,0,0
2023-07-21,104.1,104.1,104.1,104.1,89.1782,0,0,0
2023-07-24,103.82,103.82,103.82,103.82,88.9384,0,0,0
2023-07-25,103.93,103.93,103.93,103.93,89.0326,0,0,0
2023-07-26,103.89,103.89,103.89,103.89,88.9983,0,0,0
2023-07-27,102.32,102.32,102.32,102.32,87.6534,0,0,0
2023-07-28,102.19,102.19,102.19,102.19,87.542,0,0,0
2023-07-31,102.44,102.44,102.44,102.44,87.7562,0,0,0
2023-08-01,101.17,101.17,101.17,101.17,86.6682,0,0,0
2023-08-02,101.11,101.11,101.11,101.11,86.6168,0,0,0
2023-08-03,99.34,99.34,99.34,99.34,85.1005,0,0,0
2023-08-04,98.55,98.55,98.55,98.55,84.4238,0,0,0
2023-08-07,98.61,98.61,98.61,98.61,84.4752,0,0,0
2023-08-08,99.05,99.05,99.05,99.05,84.8521,0,0,0
2023-08-09,99.56,99.56,99.56,99.56,85.289,0,0,0
2023-08-10,99.28,99.28,99.28,99.28,85.0491,0,0,0
2023-08-11,99.68,99.68,99.68,99.68,85.3918,0,0,0
2023-08-14,99.11,99.11,99.11,99.11,84.9035,0,0,0
2023-08-15,97.62,97.62,97.62,97.62,83.6271,0,0,0
2023-08-16,97.9,97.9,97.9,97.9,83.8669,0,0,0
2023-08-17,97.55,97.55,97.55,97.55,83.5671,0,0,0
2023-08-18,97.94,97.94,97.94,97.94,83.9012,0,0,0
2023-08-21,97.59,97.59,97.59,97.59,83.6014,0,0,0
2023-08-22,97.86,97.86,97.86,97.86,83.8327,0,0,0
2023-08-23,98.48,98.48,98.48,98.48,84.3638,0,0,0
2023-08-24,97.8,97.8,97.8,97.8,83.7813,0,0,0
2023-08-25,98.42,98.42,98.42,98.42,84.3124,0,0,0
2023-08-28,98.41,98.41,98.41,98.41,84.3038,0,0,0
2023-08-29,98.84,98.84,98.84,98.84,84.6722,0,0,0
2023-08-30,98.59,98.59,98.59,98.59,84.458,0,0,0
2023-08-31,97.72,97.72,97.72,97.72,83.7127,0,0,0
2023-09-01,97.68,97.68,97.68,97.68,83.6785,0,0,0
2023-09-05,96.46,96.46,96.46,96.46,82.6333,0,0,0
2023-09-06,96.62,96.62,96.62,96.62,82.7704,0,0,0
2023-09-07,97.84,97.84,97.84,97.84,83.8155,0,0,0
2023-09-08,98.79,98.79,98.79,98.79,84.6294,0,0,0
2023-09-11,99.04,99.04,99.04,99.04,84.8435,0,0,0
2023-09-12,99.18,99.18,99.18,99.18,84.9635,0,0,0
2023-09-13,100,100,100,100,85.6659,0,0,0
2023-09-14,101.49,101.49,101.49,101.49,86.9423,0,0,0
2023-09-15,101.09,101.09,101.09,101.09,86.5997,0,0,0
2023-09-18,101.08,101.08,101.08,101.08,86.5911,0,0,0
2023-09-19,100.58,100.58,100.58,100.58,86.1628,0,0,0
2023-09-20,100.4,100.4,100.4,100.4,86.0086,0,0,0
2023-09-21,99.32,99.32,99.32,99.32,85.0834,0,0,0
2023-09-22,99.17,99.17,99.17,99.17,84.9549,0,0,0
2023-09-25,99.22,99.22,99.22,99.22,84.9977,0,0,0
2023-09-26,96.45,96.45,96.45,96.45,82.6248,0,0,0
2023-09-27,94.67,94.67,94.67,94.67,81.0999,0,0,0
2023-09-28,92.55,92.55,92.55,92.55,79.2838,0,0,0
2023-09-29,92.5,92.5,92.5,92.5,79.241,0,0,0
2023-10-02,88.28,88.28,88.28,88.28,75.6259,0,0,0
2023-10-03,89.02,89.02,89.02,89.02,76.2598,0,0,0
2023-10-04,88.68,88.68,88.68,88.68,75.9685,0,0,0
2023-10-05,88.41,88.41,88.41,88.41,75.7372,0,0,0
2023-10-06,88.97,88.97,88.97,88.97,76.681,0,0.535,0
2023-10-09,89.71,89.71,89.71,89.71,77.3188,0,0,0
2023-10-10,90.99,90.99,90.99,90.99,78.422,0,0,0
2023-10-11,92.62,92.62,92.62,92.62,79.8268,0,0,0
2023-10-12,91.51,91.51,91.51,91.51,78.8702,0,0,0
2023-10-13,92.36,92.36,92.36,92.36,79.6027,0,0,0
2023-10-16,93.46,93.46,93.46,93.46,80.5508,0,0,0
2023-10-17,93.31,93.31,93.31,93.31,80.4215,0,0,0
2023-10-18,92.51,92.51,92.51,92.51,79.732,0,0,0
2023-10-19,91.54,91.54,91.54,91.54,78.896,0,0,0
2023-10-20,90.61,90.61,90.61,90.61,78.0945,0,0,0
2023-10-23,89.91,89.91,89.91,89.91,77.4912,0,0,0
2023-10-24,92.41,92.41,92.41,92.41,79.6458,0,0,0
2023-10-25,92.6,92.6,92.6,92.6,79.8096,0,0,0
2023-10-26,93.42,93.42,93.42,93.42,80.5163,0,0,0
2023-10-27,91.84,91.84,91.84,91.84,79.1546,0,0,0
2023-10-30,92.76,92.76,92.76,92.76,79.9475,0,0,0
2023-10-31,93.57,93.57,93.57,93.57,80.6456,0,0,0
2023-11-01,94.8,94.8,94.8,94.8,81.7057,0,0,0
2023-11-02,96.61,96.61,96.61,96.61,83.2657,0,0,0
2023-11-03,96.99,96.99,96.99,96.99,83.5932,0,0,0
2023-11-06,96.74,96.74,96.74,96.74,83.3778,0,0,0
2023-11-07,95.96,95.96,95.96,95.96,82.7055,0,0,0
2023-11-08,95.35,95.35,95.35,95.35,82.1797,0,0,0
2023-11-09,94.08,94.08,94.08,94.08,81.0852,0,0,0
2023-11-10,94.56,94.56,94.56,94.56,81.4989,0,0,0
2023-11-13,93.73,93.73,93.73,93.73,80.7835,0,0,0
2023-11-14,97.57,97.57,97.57,97.57,84.0931,0,0,0
2023-11-15,97,97,97,97,83.6019,0,0,0
2023-11-16,97.5,97.5,97.5,97.5,84.0328,0,0,0
2023-11-17,97.94,97.94,97.94,97.94,84.412,0,0,0
2023-11-20,97.75,97.75,97.75,97.75,84.2482,0,0,0
2023-11-21,97.91,97.91,97.91,97.91,84.3861,0,0,0
2023-11-22,98.35,98.35,98.35,98.35,84.7654,0,0,0
2023-11-24,98.57,98.57,98.57,98.57,84.955,0,0,0
2023-11-27,98.78,98.78,98.78,98.78,85.136,0,0,0
2023-11-28,98.91,98.91,98.91,98.91,85.248,0,0,0
2023-11-29,98.14,98.14,98.14,98.14,84.5844,0,0,0
2023-11-30,98.58,98.58,98.58,98.58,84.9636,0,0,0
2023-12-01,99.74,99.74,99.74,99.74,85.9634,0,0,0
2023-12-04,99.32,99.32,99.32,99.32,85.6014,0,0,0
2023-12-05,98.56,98.56,98.56,98.56,84.9464,0,0,0
2023-12-06,99.69,99.69,99.69,99.69,85.9203,0,0,0
2023-12-07,99.59,99.59,99.59,99.59,85.8341,0,0,0
2023-12-08,99.39,99.39,99.39,99.39,85.6617,0,0,0
2023-12-11,100.06,100.06,100.06,100.06,86.2392,0,0,0
2023-12-12,99.63,99.63,99.63,99.63,85.8686,0,0,0
2023-12-13,103.26,103.26,103.26,103.26,88.9972,0,0,0
2023-12-14,102.65,102.65,102.65,102.65,88.4714,0,0,0
2023-12-15,101.43,101.43,101.43,101.43,87.42,0,0,0
2023-12-18,101.04,101.04,101.04,101.04,87.0838,0,0,0
2023-12-19,101.66,101.66,101.66,101.66,87.6182,0,0,0
2023-12-20,99.56,99.56,99.56,99.56,85.8082,0,0,0
2023-12-21,99.03,99.03,99.03,99.03,86.0028,0,0.754,0
2023-12-22,99.41,99.41,99.41,99.41,86.3328,0,0,0
2023-12-26,100.18,100.18,100.18,100.18,87.0015,0,0,0
2023-12-27,100.21,100.21,100.21,100.21,87.0276,0,0,0
2023-12-28,100.9,100.9,100.9,100.9,87.6268,0,0,0
2023-12-29,100.73,100.73,100.73,100.73,87.4791,0,0,0
2024-01-02,101.82,101.82,101.82,101.82,88.4258,0,0,0
2024-01-03,102.14,102.14,102.14,102.14,88.7037,0,0,0
2024-01-04,101.76,101.76,101.76,101.76,88.3737,0,0,0
2024-01-05,102.12,102.12,102.12,102.12,88.6863,0,0,0
2024-01-08,103.03,103.03,103.03,103.03,89.4766,0,0,0
2024-01-09,102.24,102.24,102.24,102.24,88.7905,0,0,0
2024-01-10,102.13,102.13,102.13,102.13,88.695,0,0,0
2024-01-11,99.88,99.88,99.88,99.88,86.741,0,0,0
2024-01-12,100.43,100.43,100.43,100.43,87.2186,0,0,0
2024-01-16,99.12,99.12,99.12,99.12,86.0809,0,0,0
2024-01-17,97.54,97.54,97.54,97.54,84.7088,0,0,0
2024-01-18,96.59,96.59,96.59,96.59,83.8837,0,0,0
2024-01-19,96.49,96.49,96.49,96.49,83.7969,0,0,0
2024-01-22,95.99,95.99,95.99,95.99,83.3627,0,0,0
2024-01-23,96.23,96.23,96.23,96.23,83.5711,0,0,0
2024-01-24,94.84,94.84,94.84,94.84,82.364,0,0,0
2024-01-25,96.63,96.63,96.63,96.63,83.9185,0,0,0
2024-01-26,96.96,96.96,96.96,96.96,84.2051,0,0,0
2024-01-29,97.59,97.59,97.59,97.59,84.7522,0,0,0
2024-01-30,97.58,97.58,97.58,97.58,84.7435,0,0,0
2024-01-31,97.27,97.27,97.27,97.27,84.4743,0,0,0
2024-02-01,99.24,99.24,99.24,99.24,86.1851,0,0,0
2024-02-02,97.65,97.65,97.65,97.65,84.8043,0,0,0
2024-02-05,95.62,95.62,95.62,95.62,83.0414,0,0,0
2024-02-06,95.78,95.78,95.78,95.78,83.1803,0,0,0
2024-02-07,96.02,96.02,96.02,96.02,83.3887,0,0,0
2024-02-08,95.37,95.37,95.37,95.37,82.8242,0,0,0
2024-02-09,95.92,95.92,95.92,95.92,83.3019,0,0,0
2024-02-12,97.03,97.03,97.03,97.03,84.2659,0,0,0
2024-02-13,95.45,95.45,95.45,95.45,82.8937,0,0,0
2024-02-14,96.11,96.11,96.11,96.11,83.4669,0,0,0
2024-02-15,97.78,97.78,97.78,97.78,84.9172,0,0,0
2024-02-16,97.7,97.7,97.7,97.7,84.8477,0,0,0
2024-02-20,97.66,97.66,97.66,97.66,84.813,0,0,0
2024-02-21,98.75,98.75,98.75,98.75,85.7596,0,0,0
2024-02-22,98.02,98.02,98.02,98.02,85.1256,0,0,0
2024-02-23,98.6,98.6,98.6,98.6,85.6293,0,0,0
2024-02-26,96.72,96.72,96.72,96.72,83.9967,0,0,0
2024-02-27,96.72,96.72,96.72,96.72,83.9967,0,0,0
2024-02-28,99.18,99.18,99.18,99.18,86.133,0,0,0
2024-02-29,99.54,99.54,99.54,99.54,86.4457,0,0,0
2024-03-01,99.23,99.23,99.23,99.23,86.1765,0,0,0
2024-03-04,100.73,100.73,100.73,100.73,87.4791,0,0,0
2024-03-05,100.57,100.57,100.57,100.57,87.3402,0,0,0
2024-03-06,101.44,101.44,101.44,101.44,88.0957,0,0,0
2024-03-07,102.19,102.19,102.19,102.19,88.7471,0,0,0
2024-03-08,102.39,102.39,102.39,102.39,88.9208,0,0,0
2024-03-11,102.63,102.63,102.63,102.63,89.1292,0,0,0
2024-03-12,101.76,101.76,101.76,101.76,88.3737,0,0,0
2024-03-13,102.33,102.33,102.33,102.33,88.8687,0,0,0
2024-03-14,101.53,101.53,101.53,101.53,88.1739,0,0,0
2024-03-15,101.63,101.63,101.63,101.63,88.2608,0,0,0
2024-03-18,102.04,102.04,102.04,102.04,88.6168,0,0,0
2024-03-19,103.14,103.14,103.14,103.14,89.5721,0,0,0
2024-03-20,103.61,103.61,103.61,103.61,89.9803,0,0,0
2024-03-21,103.66,103.66,103.66,103.66,90.0237,0,0,0
2024-03-22,103.97,103.97,103.97,103.97,90.2929,0,0,0
2024-03-25,104.65,104.65,104.65,104.65,90.8835,0,0,0
2024-03-26,103.42,103.42,103.42,103.42,89.8153,0,0,0
2024-03-27,106.11,106.11,106.11,106.11,92.1514,0,0,0
2024-03-28,107.02,107.02,107.02,107.02,92.9417,0,0,0
2024-04-01,106.51,106.51,106.51,106.51,92.4988,0,0,0
2024-04-02,106.47,106.47,106.47,106.47,92.4641,0,0,0
2024-04-03,106.34,106.34,106.34,106.34,92.3512,0,0,0
2024-04-04,105.98,105.98,105.98,105.98,92.0385,0,0,0
2024-04-05,102.97,102.97,102.97,102.97,92.7855,0,3.839,0
2024-04-08,103.52,103.52,103.52,103.52,93.2811,0,0,0
2024-04-09,103.7,103.7,103.7,103.7,93.4433,0,0,0
2024-04-10,102.08,102.08,102.08,102.08,91.9836,0,0,0
2024-04-11,101.89,101.89,101.89,101.89,91.8123,0,0,0
2024-04-12,100.84,100.84,100.84,100.84,90.8662,0,0,0
2024-04-15,99.65,99.65,99.65,99.65,89.7939,0,0,0
2024-04-16,98.41,98.41,98.41,98.41,88.6765,0,0,0
2024-04-17,100.21,100.21,100.21,100.21,90.2985,0,0,0
2024-04-18,100.35,100.35,100.35,100.35,90.4247,0,0,0
2024-04-19,101.52,101.52,101.52,101.52,91.4789,0,0,0
2024-04-22,102.63,102.63,102.63,102.63,92.4791,0,0,0
2024-04-23,103.43,103.43,103.43,103.43,93.2,0,0,0
2024-04-24,104.07,104.07,104.07,104.07,93.7767,0,0,0
2024-04-25,104.43,104.43,104.43,104.43,94.1011,0,0,0
2024-04-26,103.54,103.54,103.54,103.54,93.2991,0,0,0
2024-04-29,105.38,105.38,105.38,105.38,94.9572,0,0,0
2024-04-30,104.59,104.59,104.59,104.59,94.2453,0,0,0
2024-05-01,105.89,105.89,105.89,105.89,95.4167,0,0,0
2024-05-02,106.79,106.79,106.79,106.79,96.2277,0,0,0
2024-05-03,107.88,107.88,107.88,107.88,97.2099,0,0,0
2024-05-06,108.72,108.72,108.72,108.72,97.9668,0,0,0
2024-05-07,109.51,109.51,109.51,109.51,98.6787,0,0,0
2024-05-08,110.97,110.97,110.97,110.97,99.9943,0,0,0
2024-05-09,113.01,113.01,113.01,113.01,101.832,0,0,0
2024-05-10,112.89,112.89,112.89,112.89,101.724,0,0,0
2024-05-13,112.65,112.65,112.65,112.65,101.508,0,0,0
2024-05-14,113.24,113.24,113.24,113.24,102.04,0,0,0
2024-05-15,115.25,115.25,115.25,115.25,103.851,0,0,0
2024-05-16,114.72,114.72,114.72,114.72,103.373,0,0,0
2024-05-17,114.74,114.74,114.74,114.74,103.391,0,0,0
2024-05-20,114.49,114.49,114.49,114.49,103.166,0,0,0
2024-05-21,115.82,115.82,115.82,115.82,104.365,0,0,0
2024-05-22,114.64,114.64,114.64,114.64,103.301,0,0,0
2024-05-23,112.91,112.91,112.91,112.91,101.742,0,0,0
2024-05-24,114.68,114.68,114.68,114.68,103.337,0,0,0
2024-05-28,114.81,114.81,114.81,114.81,103.454,0,0,0
2024-05-29,113.34,113.34,113.34,113.34,102.13,0,0,0
2024-05-30,115.05,115.05,115.05,115.05,103.671,0,0,0
2024-05-31,116.4,116.4,116.4,116.4,104.887,0,0,0
2024-06-03,114.49,114.49,114.49,114.49,103.166,0,0,0
2024-06-04,113.95,113.95,113.95,113.95,102.68,0,0,0
2024-06-05,114,114,114,114,102.725,0,0,0
2024-06-06,112.32,112.32,112.32,112.32,101.211,0,0,0
2024-06-07,111.03,111.03,111.03,111.03,100.048,0,0,0
2024-06-10,112.8,112.8,112.8,112.8,101.643,0,0,0
2024-06-11,111.93,111.93,111.93,111.93,100.859,0,0,0
2024-06-12,111.38,111.38,111.38,111.38,100.364,0,0,0
2024-06-13,111.32,111.32,111.32,111.32,100.31,0,0,0
2024-06-14,110.7,110.7,110.7,110.7,99.751,0,0,0
2024-06-17,109.21,109.21,109.21,109.21,98.4083,0,0,0
2024-06-18,109.53,109.53,109.53,109.53,98.6967,0,0,0
2024-06-20,110.47,110.47,110.47,110.47,99.5437,0,0,0
2024-06-21,109.81,109.81,109.81,109.81,98.949,0,0,0
2024-06-24,111.05,111.05,111.05,111.05,100.066,0,0,0
2024-06-25,110.42,110.42,110.42,110.42,99.4987,0,0,0
2024-06-26,109.74,109.74,109.74,109.74,98.8859,0,0,0
2024-06-27,109.83,109.83,109.83,109.83,98.967,0,0,0
2024-06-28,108.31,108.31,108.31,108.31,97.5974,0,0,0
2024-07-01,107.54,107.54,107.54,107.54,96.9035,0,0,0
2024-07-02,107.91,107.91,107.91,107.91,97.2369,0,0,0
2024-07-03,109.11,109.11,109.11,109.11,98.3182,0,0,0
2024-07-05,108.44,108.44,108.44,108.44,98.2593,0,0.605,0
2024-07-08,108.74,108.74,108.74,108.74,98.5312,0,0,0
2024-07-09,108.98,108.98,108.98,108.98,98.7486,0,0,0
2024-07-10,110.07,110.07,110.07,110.07,99.7363,0,0,0
2024-07-11,111.89,111.89,111.89,111.89,101.385,0,0,0
2024-07-12,112.7,112.7,112.7,112.7,102.119,0,0,0
2024-07-15,109.35,109.35,109.35,109.35,99.0839,0,0,0
2024-07-16,110.05,110.05,110.05,110.05,99.7182,0,0,0
2024-07-17,109.35,109.35,109.35,109.35,99.0839,0,0,0
2024-07-18,109.35,109.35,109.35,109.35,99.0839,0,0,0
2024-07-19,109.52,109.52,109.52,109.52,99.2379,0,0,0
2024-07-22,110.74,110.74,110.74,110.74,100.343,0,0,0
2024-07-23,110.16,110.16,110.16,110.16,99.8179,0,0,0
2024-07-24,110.87,110.87,110.87,110.87,100.461,0,0,0
2024-07-25,109.77,109.77,109.77,109.77,99.4645,0,0,0
2024-07-26,111.14,111.14,111.14,111.14,100.706,0,0,0
2024-07-29,111.55,111.55,111.55,111.55,101.077,0,0,0
2024-07-30,111.97,111.97,111.97,111.97,101.458,0,0,0
2024-07-31,113.61,113.61,113.61,113.61,102.944,0,0,0
2024-08-01,115.19,115.19,115.19,115.19,104.376,0,0,0
2024-08-02,114.83,114.83,114.83,114.83,104.049,0,0,0
2024-08-05,111.74,111.74,111.74,111.74,101.25,0,0,0
2024-08-06,112.58,112.58,112.58,112.58,102.011,0,0,0
2024-08-07,113.04,113.04,113.04,113.04,102.427,0,0,0
2024-08-08,113.66,113.66,113.66,113.66,102.989,0,0,0
2024-08-09,113.99,113.99,113.99,113.99,103.288,0,0,0
2024-08-12,113.98,113.98,113.98,113.98,103.279,0,0,0
2024-08-13,114.84,114.84,114.84,114.84,104.058,0,0,0
2024-08-14,114.75,114.75,114.75,114.75,103.977,0,0,0
2024-08-15,114.81,114.81,114.81,114.81,104.031,0,0,0
2024-08-16,115.32,115.32,115.32,115.32,104.493,0,0,0
2024-08-19,116.06,116.06,116.06,116.06,105.164,0,0,0
2024-08-20,115.83,115.83,115.83,115.83,104.956,0,0,0
2024-08-21,116.65,116.65,116.65,116.65,105.699,0,0,0
2024-08-22,116.58,116.58,116.58,116.58,105.635,0,0,0
2024-08-23,117.13,117.13,117.13,117.13,106.133,0,0,0
2024-08-26,117.77,117.77,117.77,117.77,106.713,0,0,0
2024-08-27,116.99,116.99,116.99,116.99,106.007,0,0,0
2024-08-28,116.76,116.76,116.76,116.76,105.798,0,0,0
2024-08-29,117.56,117.56,117.56,117.56,106.523,0,0,0
2024-08-30,118.45,118.45,118.45,118.45,107.33,0,0,0
2024-09-03,117.59,117.59,117.59,117.59,106.55,0,0,0
2024-09-04,118.6,118.6,118.6,118.6,107.465,0,0,0
2024-09-05,118.37,118.37,118.37,118.37,107.257,0,0,0
2024-09-06,116.92,116.92,116.92,116.92,105.943,0,0,0
2024-09-09,117.87,117.87,117.87,117.87,106.804,0,0,0
2024-09-10,118.24,118.24,118.24,118.24,107.139,0,0,0
2024-09-11,119.15,119.15,119.15,119.15,107.964,0,0,0
2024-09-12,119.48,119.48,119.48,119.48,108.263,0,0,0
2024-09-13,121.49,121.49,121.49,121.49,110.084,0,0,0
2024-09-16,122.6,122.6,122.6,122.6,111.09,0,0,0
2024-09-17,122.56,122.56,122.56,122.56,111.054,0,0,0
2024-09-18,121.88,121.88,121.88,121.88,110.438,0,0,0
2024-09-19,121.46,121.46,121.46,121.46,110.057,0,0,0
2024-09-20,125.45,125.45,125.45,125.45,113.672,0,0,0
2024-09-23,126.71,126.71,126.71,126.71,114.814,0,0,0
2024-09-24,125.99,125.99,125.99,125.99,114.162,0,0,0
2024-09-25,127.02,127.02,127.02,127.02,115.095,0,0,0
2024-09-26,125.97,125.97,125.97,125.97,114.144,0,0,0
2024-09-27,127.38,127.38,127.38,127.38,115.421,0,0,0
2024-09-30,127.85,127.85,127.85,127.85,115.847,0,0,0
2024-10-01,128.77,128.77,128.77,128.77,116.681,0,0,0
2024-10-02,128.6,128.6,128.6,128.6,116.527,0,0,0
2024-10-03,128.85,128.85,128.85,128.85,116.753,0,0,0
2024-10-04,128.53,128.53,128.53,128.53,117.085,0,0.684,0
2024-10-07,125.65,125.65,125.65,125.65,114.461,0,0,0
2024-10-08,125.44,125.44,125.44,125.44,114.27,0,0,0
2024-10-09,124.04,124.04,124.04,124.04,112.995,0,0,0
2024-10-10,123.67,123.67,123.67,123.67,112.658,0,0,0
2024-10-11,124.5,124.5,124.5,124.5,113.414,0,0,0
2024-10-14,126.41,126.41,126.41,126.41,115.154,0,0,0
2024-10-15,126.67,126.67,126.67,126.67,115.39,0,0,0
2024-10-16,129.3,129.3,129.3,129.3,117.786,0,0,0
2024-10-17,127.71,127.71,127.71,127.71,116.338,0,0,0
2024-10-18,128.51,128.51,128.51,128.51,117.067,0,0,0
2024-10-21,128.12,128.12,128.12,128.12,116.711,0,0,0
2024-10-22,127.58,127.58,127.58,127.58,116.219,0,0,0
2024-10-23,128.58,128.58,128.58,128.58,117.13,0,0,0
2024-10-24,127.91,127.91,127.91,127.91,116.52,0,0,0
2024-10-25,126.31,126.31,126.31,126.31,115.062,0,0,0
2024-10-28,127.51,127.51,127.51,127.51,116.156,0,0,0
2024-10-29,124.95,124.95,124.95,124.95,113.824,0,0,0
2024-10-30,124.61,124.61,124.61,124.61,113.514,0,0,0
2024-10-31,126.47,126.47,126.47,126.47,115.208,0,0,0
2024-11-01,123.24,123.24,123.24,123.24,112.266,0,0,0
2024-11-04,121.66,121.66,121.66,121.66,110.827,0,0,0
2024-11-05,123.94,123.94,123.94,123.94,112.903,0,0,0
2024-11-06,123.78,123.78,123.78,123.78,112.758,0,0,0
2024-11-07,124.73,124.73,124.73,124.73,113.623,0,0,0
2024-11-08,127.04,127.04,127.04,127.04,115.727,0,0,0
2024-11-11,127.66,127.66,127.66,127.66,116.292,0,0,0
2024-11-12,126.4,126.4,126.4,126.4,115.144,0,0,0
2024-11-13,126.2,126.2,126.2,126.2,114.962,0,0,0
2024-11-14,125.59,125.59,125.59,125.59,114.407,0,0,0
2024-11-15,127.39,127.39,127.39,127.39,116.046,0,0,0
2024-11-18,128.46,128.46,128.46,128.46,117.021,0,0,0
2024-11-19,129.54,129.54,129.54,129.54,118.005,0,0,0
2024-11-20,129.59,129.59,129.59,129.59,118.05,0,0,0
2024-11-21,132.18,132.18,132.18,132.18,120.41,0,0,0
2024-11-22,131.72,131.72,131.72,131.72,119.991,0,0,0
2024-11-25,131.78,131.78,131.78,131.78,120.045,0,0,0
2024-11-26,133.71,133.71,133.71,133.71,121.804,0,0,0
2024-11-27,133.53,133.53,133.53,133.53,121.64,0,0,0
2024-11-29,133.76,133.76,133.76,133.76,121.849,0,0,0
2024-12-02,130.93,130.93,130.93,130.93,119.271,0,0,0
2024-12-03,130.03,130.03,130.03,130.03,118.451,0,0,0
2024-12-04,130.56,130.56,130.56,130.56,118.934,0,0,0
2024-12-05,130.75,130.75,130.75,130.75,119.107,0,0,0
2024-12-06,129.19,129.19,129.19,129.19,117.686,0,0,0
2024-12-09,127.35,127.35,127.35,127.35,116.01,0,0,0
2024-12-10,126.12,126.12,126.12,126.12,114.889,0,0,0
2024-12-11,125.81,125.81,125.81,125.81,114.607,0,0,0
2024-12-12,125.75,125.75,125.75,125.75,114.552,0,0,0
2024-12-13,125.8,125.8,125.8,125.8,114.598,0,0,0
2024-12-16,124.93,124.93,124.93,124.93,113.805,0,0,0
2024-12-17,124.06,124.06,124.06,124.06,113.013,0,0,0
2024-12-18,121.02,121.02,121.02,121.02,110.244,0,0,0
2024-12-19,121.75,121.75,121.75,121.75,110.908,0,0,0
2024-12-20,123.59,123.59,123.59,123.59,112.585,0,0,0
2024-12-23,124.13,124.13,124.13,124.13,113.077,0,0,0
2024-12-24,125.08,125.08,125.08,125.08,113.942,0,0,0
2024-12-26,121.97,121.97,121.97,121.97,113.596,0,2.738,0
2024-12-27,121.43,121.43,121.43,121.43,113.093,0,0,0
2024-12-30,121.08,121.08,121.08,121.08,112.767,0,0,0
2024-12-31,120.94,120.94,120.94,120.94,112.636,0,0,0
2025-01-02,122,122,122,122,113.623,0,0,0
2025-01-03,123.6,123.6,123.6,123.6,115.114,0,0,0
2025-01-06,122.35,122.35,122.35,122.35,113.949,0,0,0
2025-01-07,122.05,122.05,122.05,122.05,113.67,0,0,0
2025-01-08,121.3,121.3,121.3,121.3,112.972,0,0,0
2025-01-10,120.24,120.24,120.24,120.24,111.984,0,0,0
2025-01-13,118.56,118.56,118.56,118.56,110.42,0,0,0
2025-01-14,120.15,120.15,120.15,120.15,111.9,0,0,0
2025-01-15,121.97,121.97,121.97,121.97,113.596,0,0,0
2025-01-16,124.9,124.9,124.9,124.9,116.324,0,0,0
2025-01-17,124.94,124.94,124.94,124.94,116.362,0,0,0
2025-01-21,127.14,127.14,127.14,127.14,118.411,0,0,0
2025-01-22,124.67,124.67,124.67,124.67,116.11,0,0,0
2025-01-23,125.33,125.33,125.33,125.33,116.725,0,0,0
2025-01-24,126.38,126.38,126.38,126.38,117.703,0,0,0
2025-01-27,121.58,121.58,121.58,121.58,113.232,0,0,0
2025-01-28,120.55,120.55,120.55,120.55,112.273,0,0,0
2025-01-29,120.99,120.99,120.99,120.99,112.683,0,0,0
2025-01-30,123.71,123.71,123.71,123.71,115.216,0,0,0
2025-01-31,122.93,122.93,122.93,122.93,114.49,0,0,0
2025-02-03,123.48,123.48,123.48,123.48,115.002,0,0,0
2025-02-04,122.7,122.7,122.7,122.7,114.275,0,0,0
2025-02-05,123.93,123.93,123.93,123.93,115.421,0,0,0
2025-02-06,124.03,124.03,124.03,124.03,115.514,0,0,0
2025-02-07,123.6,123.6,123.6,123.6,115.114,0,0,0
2025-02-10,124.75,124.75,124.75,124.75,116.185,0,0,0
2025-02-11,125.24,125.24,125.24,125.24,116.641,0,0,0
2025-02-12,125.05,125.05,125.05,125.05,116.464,0,0,0
2025-02-13,125.22,125.22,125.22,125.22,116.622,0,0,0
2025-02-14,124.77,124.77,124.77,124.77,116.203,0,0,0
2025-02-18,126.06,126.06,126.06,126.06,117.405,0,0,0
2025-02-19,126.57,126.57,126.57,126.57,117.88,0,0,0
2025-02-20,126.38,126.38,126.38,126.38,117.703,0,0,0
2025-02-21,126.19,126.19,126.19,126.19,117.526,0,0,0
2025-02-24,125.54,125.54,125.54,125.54,116.92,0,0,0
2025-02-25,124.4,124.4,124.4,124.4,115.859,0,0,0
2025-02-26,124.95,124.95,124.95,124.95,116.371,0,0,0
2025-02-27,122.26,122.26,122.26,122.26,113.866,0,0,0
2025-02-28,124.3,124.3,124.3,124.3,115.766,0,0,0
2025-03-03,124.21,124.21,124.21,124.21,115.682,0,0,0
2025-03-04,122.03,122.03,122.03,122.03,113.651,0,0,0
2025-03-05,121.29,121.29,121.29,121.29,112.962,0,0,0
2025-03-06,118.66,118.66,118.66,118.66,110.513,0,0,0
2025-03-07,120.18,120.18,120.18,120.18,111.928,0,0,0
2025-03-10,121.08,121.08,121.08,121.08,112.767,0,0,0
2025-03-11,120.97,120.97,120.97,120.97,112.664,0,0,0
2025-03-12,120.84,120.84,120.84,120.84,112.543,0,0,0
2025-03-13,121.09,121.09,121.09,121.09,112.776,0,0,0
2025-03-14,123.47,123.47,123.47,123.47,114.993,0,0,0
2025-03-17,124.1,124.1,124.1,124.1,115.579,0,0,0
2025-03-18,123.3,123.3,123.3,123.3,114.834,0,0,0
2025-03-19,123.79,123.79,123.79,123.79,115.291,0,0,0
2025-03-20,124.31,124.31,124.31,124.31,115.775,0,0,0
2025-03-21,123.43,123.43,123.43,123.43,114.955,0,0,0
2025-03-24,123.57,123.57,123.57,123.57,115.086,0,0,0
2025-03-25,121.78,121.78,121.78,121.78,113.419,0,0,0
2025-03-26,122.34,122.34,122.34,122.34,113.94,0,0,0
2025-03-27,122.1,122.1,122.1,122.1,113.717,0,0,0
2025-03-28,122.79,122.79,122.79,122.79,114.359,0,0,0
2025-03-31,123.96,123.96,123.96,123.96,115.449,0,0,0
2025-04-01,124.37,124.37,124.37,124.37,115.831,0,0,0
2025-04-02,125.06,125.06,125.06,125.06,116.473,0,0,0
2025-04-03,124.1,124.1,124.1,124.1,115.579,0,0,0
2025-04-04,115.35,115.35,115.35,115.35,109.378,0,2.21,0
2025-04-07,113.5,113.5,113.5,113.5,107.624,0,0,0
2025-04-08,112.95,112.95,112.95,112.95,107.102,0,0,0
2025-04-09,116.7,116.7,116.7,116.7,110.658,0,0,0
2025-04-10,116.08,116.08,116.08,116.08,110.07,0,0,0
2025-04-11,117.72,117.72,117.72,117.72,111.625,0,0,0
2025-04-14,119.52,119.52,119.52,119.52,113.332,0,0,0
2025-04-15,119.72,119.72,119.72,119.72,113.522,0,0,0
2025-04-16,118.87,118.87,118.87,118.87,112.716,0,0,0
2025-04-17,119.97,119.97,119.97,119.97,113.759,0,0,0
2025-04-21,117.44,117.44,117.44,117.44,111.36,0,0,0
2025-04-22,120.33,120.33,120.33,120.33,114.1,0,0,0
2025-04-23,120.48,120.48,120.48,120.48,114.242,0,0,0
2025-04-24,120.69,120.69,120.69,120.69,114.441,0,0,0
2025-04-25,120.38,120.38,120.38,120.38,114.147,0,0,0
2025-04-28,121.12,121.12,121.12,121.12,114.849,0,0,0
2025-04-29,121.79,121.79,121.79,121.79,115.484,0,0,0
2025-04-30,121.52,121.52,121.52,121.52,115.228,0,0,0
2025-05-01,121.57,121.57,121.57,121.57,115.276,0,0,0
2025-05-02,122.4,122.4,122.4,122.4,116.063,0,0,0
2025-05-05,122.15,122.15,122.15,122.15,115.826,0,0,0
2025-05-06,123.25,123.25,123.25,123.25,116.869,0,0,0
2025-05-07,123.25,123.25,123.25,123.25,116.869,0,0,0
2025-05-08,122.06,122.06,122.06,122.06,115.74,0,0,0
2025-05-09,122.17,122.17,122.17,122.17,115.845,0,0,0
2025-05-12,121.13,121.13,121.13,121.13,114.859,0,0,0
2025-05-13,121.81,121.81,121.81,121.81,115.503,0,0,0
2025-05-14,121.5,121.5,121.5,121.5,115.209,0,0,0
2025-05-15,123.24,123.24,123.24,123.24,116.859,0,0,0
2025-05-16,124.55,124.55,124.55,124.55,118.102,0,0,0
2025-05-19,124.78,124.78,124.78,124.78,118.32,0,0,0
2025-05-20,124.93,124.93,124.93,124.93,118.462,0,0,0
2025-05-21,122.57,122.57,122.57,122.57,116.224,0,0,0
2025-05-22,121.09,121.09,121.09,121.09,114.821,0,0,0
2025-05-23,122.58,122.58,122.58,122.58,116.234,0,0,0
2025-05-27,123.78,123.78,123.78,123.78,117.371,0,0,0
2025-05-28,122.48,122.48,122.48,122.48,116.139,0,0,0
2025-05-29,122.86,122.86,122.86,122.86,116.499,0,0,0
2025-05-30,123.94,123.94,123.94,123.94,117.523,0,0,0
2025-06-02,124.52,124.52,124.52,124.52,118.073,0,0,0
2025-06-03,125.06,125.06,125.06,125.06,118.585,0,0,0
2025-06-04,123.13,123.13,123.13,123.13,116.755,0,0,0
2025-06-05,122.81,122.81,122.81,122.81,116.452,0,0,0
2025-06-06,123.42,123.42,123.42,123.42,117.03,0,0,0
2025-06-09,122.89,122.89,122.89,122.89,116.528,0,0,0
2025-06-10,122.63,122.63,122.63,122.63,116.281,0,0,0
2025-06-11,122.87,122.87,122.87,122.87,116.509,0,0,0
2025-06-12,124.52,124.52,124.52,124.52,118.073,0,0,0
2025-06-13,123.71,123.71,123.71,123.71,117.305,0,0,0
2025-06-16,123.68,123.68,123.68,123.68,117.277,0,0,0
2025-06-17,122.59,122.59,122.59,122.59,116.243,0,0,0
2025-06-18,122.59,122.59,122.59,122.59,116.243,0,0,0
2025-06-20,123.01,123.01,123.01,123.01,116.641,0,0,0
2025-06-23,124.78,124.78,124.78,124.78,118.32,0,0,0
2025-06-24,125.6,125.6,125.6,125.6,119.097,0,0,0
2025-06-25,124.05,124.05,124.05,124.05,117.627,0,0,0
2025-06-26,125.51,125.51,125.51,125.51,119.012,0,0,0
2025-06-27,125.88,125.88,125.88,125.88,119.363,0,0,0
2025-06-30,126.23,126.23,126.23,126.23,119.695,0,0,0
2025-07-01,125.76,125.76,125.76,125.76,119.249,0,0,0
2025-07-02,124.85,124.85,124.85,124.85,118.386,0,0,0
2025-07-03,126.24,126.24,126.24,126.24,119.704,0,0,0
2025-07-07,126.61,126.61,126.61,126.61,120.055,0,0,0
2025-07-08,124.78,124.78,124.78,124.78,118.32,0,0,0
2025-07-09,125.93,125.93,125.93,125.93,119.41,0,0,0
2025-07-10,126.56,126.56,126.56,126.56,120.007,0,0,0
2025-07-11,126.12,126.12,126.12,126.12,120.072,0,0.508,0
2025-07-14,126.82,126.82,126.82,126.82,120.739,0,0,0
2025-07-15,125.84,125.84,125.84,125.84,119.806,0,0,0
2025-07-16,125.55,125.55,125.55,125.55,119.53,0,0,0
2025-07-17,126.17,126.17,126.17,126.17,120.12,0,0,0
2025-07-18,128.67,128.67,128.67,128.67,122.5,0,0,0
2025-07-21,128.84,128.84,128.84,128.84,122.662,0,0,0
2025-07-22,130.23,130.23,130.23,130.23,123.985,0,0,0
2025-07-23,129.85,129.85,129.85,129.85,123.623,0,0,0
2025-07-24,129.67,129.67,129.67,129.67,123.452,0,0,0
2025-07-25,130.08,130.08,130.08,130.08,123.842,0,0,0
2025-07-28,128.93,128.93,128.93,128.93,122.747,0,0,0
2025-07-29,130.31,130.31,130.31,130.31,124.061,0,0,0
2025-07-30,131.58,131.58,131.58,131.58,125.27,0,0,0
2025-07-31,132.19,132.19,132.19,132.19,125.851,0,0,0
2025-08-01,131.81,131.81,131.81,131.81,125.489,0,0,0
2025-08-04,134.33,134.33,134.33,134.33,127.889,0,0,0
2025-08-05,133.04,133.04,133.04,133.04,126.66,0,0,0
2025-08-06,131.51,131.51,131.51,131.51,125.204,0,0,0
2025-08-07,132.6,132.6,132.6,132.6,126.242,0,0,0
2025-08-08,132.04,132.04,132.04,132.04,125.708,0,0,0
2025-08-11,131.55,131.55,131.55,131.55,125.242,0,0,0
2025-08-12,132.65,132.65,132.65,132.65,126.289,0,0,0
2025-08-13,132.42,132.42,132.42,132.42,126.07,0,0,0
2025-08-14,131.61,131.61,131.61,131.61,125.299,0,0,0
2025-08-15,131.17,131.17,131.17,131.17,124.88,0,0,0
2025-08-18,131.08,131.08,131.08,131.08,124.794,0,0,0
2025-08-19,131.67,131.67,131.67,131.67,125.356,0,0,0
2025-08-20,131.51,131.51,131.51,131.51,125.204,0,0,0
2025-08-21,130.54,130.54,130.54,130.54,124.28,0,0,0
2025-08-22,131.39,131.39,131.39,131.39,125.09,0,0,0
2025-08-25,130.28,130.28,130.28,130.28,124.033,0,0,0
2025-08-26,130.91,130.91,130.91,130.91,124.633,0,0,0
2025-08-27,130.82,130.82,130.82,130.82,124.547,0,0,0
2025-08-28,130.32,130.32,130.32,130.32,124.071,0,0,0
2025-08-29,129.45,129.45,129.45,129.45,123.243,0,0,0
2025-09-02,128.97,128.97,128.97,128.97,122.786,0,0,0
2025-09-03,128.84,128.84,128.84,128.84,122.662,0,0,0
2025-09-04,128.73,128.73,128.73,128.73,122.557,0,0,0
2025-09-05,128.23,128.23,128.23,128.23,122.081,0,0,0
2025-09-08,127.12,127.12,127.12,127.12,121.024,0,0,0
2025-09-09,128.08,128.08,128.08,128.08,121.938,0,0,0
2025-09-10,131.03,131.03,131.03,131.03,124.747,0,0,0
2025-09-11,131.45,131.45,131.45,131.45,125.147,0,0,0
2025-09-12,132.17,132.17,132.17,132.17,125.832,0,0,0
2025-09-15,132.81,132.81,132.81,132.81,126.441,0,0,0
2025-09-16,130.38,130.38,130.38,130.38,124.128,0,0,0
2025-09-17,130.81,130.81,130.81,130.81,124.537,0,0,0
2025-09-18,131,131,131,131,124.718,0,0,0
2025-09-19,132.04,132.04,132.04,132.04,125.708,0,0,0
2025-09-22,133.71,133.71,133.71,133.71,127.298,0,0,0
2025-09-23,133.75,133.75,133.75,133.75,127.336,0,0,0
2025-09-24,134.71,134.71,134.71,134.71,128.25,0,0,0
2025-09-25,133.54,133.54,133.54,133.54,127.136,0,0,0
2025-09-26,135.63,135.63,135.63,135.63,129.126,0,0,0
2025-09-29,135.97,135.97,135.97,135.97,129.45,0,0,0
2025-09-30,135.9,135.9,135.9,135.9,129.383,0,0,0
2025-10-01,137.58,137.58,137.58,137.58,130.983,0,0,0
2025-10-02,137.8,137.8,137.8,137.8,131.192,0,0,0
2025-10-03,138.72,138.72,138.72,138.72,132.596,0,0.549,0
2025-10-06,140.03,140.03,140.03,140.03,133.848,0,0,0
2025-10-07,140.5,140.5,140.5,140.5,134.298,0,0,0
2025-10-08,141.99,141.99,141.99,141.99,135.722,0,0,0
2025-10-09,141.73,141.73,141.73,141.73,135.473,0,0,0
2025-10-10,139.97,139.97,139.97,139.97,133.791,0,0,0
2025-10-13,141.99,141.99,141.99,141.99,135.722,0,0,0
2025-10-14,142.86,142.86,142.86,142.86,136.554,0,0,0
2025-10-15,144.99,144.99,144.99,144.99,138.59,0,0,0
2025-10-16,143.39,143.39,143.39,143.39,137.06,0,0,0
2025-10-17,142.37,142.37,142.37,142.37,136.085,0,0,0
2025-10-20,142.14,142.14,142.14,142.14,135.865,0,0,0
2025-10-21,140.42,140.42,140.42,140.42,134.221,0,0,0
2025-10-22,139.62,139.62,139.62,139.62,133.457,0,0,0
2025-10-23,140.31,140.31,140.31,140.31,134.116,0,0,0
2025-10-24,142.79,142.79,142.79,142.79,136.487,0,0,0
2025-10-27,143.45,143.45,143.45,143.45,137.117,0,0,0
2025-10-28,141.46,141.46,141.46,141.46,135.215,0,0,0
2025-10-29,142.1,142.1,142.1,142.1,135.827,0,0,0
2025-10-30,141.01,141.01,141.01,141.01,134.785,0,0,0
2025-10-31,140.41,140.41,140.41,140.41,134.212,0,0,0
2025-11-03,140.93,140.93,140.93,140.93,134.709,0,0,0
2025-11-04,139.44,139.44,139.44,139.44,133.285,0,0,0
2025-11-05,140.34,140.34,140.34,140.34,134.145,0,0,0
2025-11-06,138.91,138.91,138.91,138.91,132.778,0,0,0
2025-11-07,140.66,140.66,140.66,140.66,134.451,0,0,0
2025-11-10,140.74,140.74,140.74,140.74,134.527,0,0,0
2025-11-11,140.18,140.18,140.18,140.18,133.992,0,0,0
2025-11-12,140.4,140.4,140.4,140.4,134.202,0,0,0
2025-11-13,137.7,137.7,137.7,137.7,131.621,0,0,0
2025-11-14,138.21,138.21,138.21,138.21,132.109,0,0,0
2025-11-17,139.12,139.12,139.12,139.12,132.979,0,0,0
2025-11-18,138.51,138.51,138.51,138.51,132.396,0,0,0
2025-11-19,138.54,138.54,138.54,138.54,132.424,0,0,0
2025-11-20,136.96,136.96,136.96,136.96,130.914,0,0,0
2025-11-21,136.89,136.89,136.89,136.89,130.847,0,0,0
2025-11-24,139.36,139.36,139.36,139.36,133.208,0,0,0
2025-11-25,138.79,138.79,138.79,138.79,132.663,0,0,0
2025-11-26,140.97,140.97,140.97,140.97,134.747,0,0,0
2025-11-28,142.21,142.21,142.21,142.21,135.932,0,0,0
2025-12-01,138.69,138.69,138.69,138.69,132.568,0,0,0
2025-12-02,137.76,137.76,137.76,137.76,131.679,0,0,0
2025-12-03,137.41,137.41,137.41,137.41,131.344,0,0,0
2025-12-04,137.56,137.56,137.56,137.56,131.487,0,0,0
2025-12-05,136.03,136.03,136.03,136.03,130.025,0,0,0
2025-12-08,134.43,134.43,134.43,134.43,128.496,0,0,0
2025-12-09,134.41,134.41,134.41,134.41,128.477,0,0,0
2025-12-10,135.06,135.06,135.06,135.06,129.098,0,0,0
2025-12-11,136.42,136.42,136.42,136.42,130.398,0,0,0
2025-12-12,134.51,134.51,134.51,134.51,128.572,0,0,0
2025-12-15,135.26,135.26,135.26,135.26,129.289,0,0,0
2025-12-16,135.17,135.17,135.17,135.17,129.203,0,0,0
2025-12-17,132.62,132.62,132.62,132.62,126.766,0,0,0
2025-12-18,134.62,134.62,134.62,134.62,128.677,0,0,0
2025-12-19,133.43,133.43,133.43,133.43,127.54,0,0,0
2025-12-22,134.51,134.51,134.51,134.51,128.572,0,0,0
2025-12-23,134.71,134.71,134.71,134.71,128.763,0,0,0
2025-12-24,135.37,135.37,135.37,135.37,129.394,0,0,0
2025-12-26,131.98,131.98,131.98,131.98,129.204,0,3.196,0
2025-12-29,132.07,132.07,132.07,132.07,129.292,0,0,0
2025-12-30,132.14,132.14,132.14,132.14,129.361,0,0,0
2025-12-31,131.26,131.26,131.26,131.26,128.499,0,0,0
2026-01-02,133.56,133.56,133.56,133.56,130.751,0,0,0
2026-01-05,132.13,132.13,132.13,132.13,129.351,0,0,0
2026-01-06,132.74,132.74,132.74,132.74,129.948,0,0,0
2026-01-07,128.94,128.94,128.94,128.94,126.228,0,0,0
2026-01-08,128.53,128.53,128.53,128.53,125.827,0,0,0
2026-01-09,130.65,130.65,130.65,130.65,127.902,0,0,0
2026-01-12,131.17,131.17,131.17,131.17,128.411,0,0,0
2026-01-13,132.03,132.03,132.03,132.03,129.253,0,0,0
2026-01-14,132.51,132.51,132.51,132.51,129.723,0,0,0
2026-01-15,134.45,134.45,134.45,134.45,131.622,0,0,0
2026-01-16,133.33,133.33,133.33,133.33,130.526,0,0,0
2026-01-20,131.47,131.47,131.47,131.47,128.705,0,0,0
2026-01-21,131.97,131.97,131.97,131.97,129.194,0,0,0
2026-01-22,131.32,131.32,131.32,131.32,128.558,0,0,0
2026-01-23,130.82,130.82,130.82,130.82,128.069,0,0,0
2026-01-26,131.57,131.57,131.57,131.57,128.803,0,0,0
2026-01-27,133.45,133.45,133.45,133.45,130.643,0,0,0
2026-01-28,133.69,133.69,133.69,133.69,130.878,0,0,0
2026-01-29,133.46,133.46,133.46,133.46,130.653,0,0,0
2026-01-30,132.8,132.8,132.8,132.8,130.007,0,0,0
2026-02-02,130.99,130.99,130.99,130.99,128.235,0,0,0
2026-02-03,132.89,132.89,132.89,132.89,130.095,0,0,0
2026-02-04,131.18,131.18,131.18,131.18,128.421,0,0,0
2026-02-05,131.09,131.09,131.09,131.09,128.333,0,0,0
2026-02-06,133.08,133.08,133.08,133.08,130.281,0,0,0
2026-02-09,134.06,134.06,134.06,134.06,131.241,0,0,0
2026-02-10,135.71,135.71,135.71,135.71,132.856,0,0,0
2026-02-11,136.96,136.96,136.96,136.96,134.08,0,0,0
2026-02-12,138.8,138.8,138.8,138.8,135.881,0,0,0
2026-02-13,142.72,142.72,142.72,142.72,139.718,0,0,0
2026-02-17,142.71,142.71,142.71,142.71,139.709,0,0,0
2026-02-18,140.5,140.5,140.5,140.5,137.545,0,0,0
2026-02-19,141.72,141.72,141.72,141.72,138.739,0,0,0
2026-02-20,142.75,142.75,142.75,142.75,139.748,0,0,0
2026-02-23,143.24,143.24,143.24,143.24,140.227,0,0,0
2026-02-24,145.6,145.6,145.6,145.6,142.538,0,0,0
2026-02-25,146.36,146.36,146.36,146.36,143.282,0,0,0
2026-02-26,145.57,145.57,145.57,145.57,142.508,0,0,0
2026-02-27,146.86,146.86,146.86,146.86,143.771,0,0,0
2026-03-02,145.82,145.82,145.82,145.82,142.753,0,0,0
2026-03-03,143.97,143.97,143.97,143.97,140.942,0,0,0
2026-03-04,144.57,144.57,144.57,144.57,141.529,0,0,0
2026-03-05,143.28,143.28,143.28,143.28,140.267,0,0,0
2026-03-06,141.73,141.73,141.73,141.73,138.749,0,0,0
2026-03-09,142.75,142.75,142.75,142.75,139.748,0,0,0
2026-03-10,142.19,142.19,142.19,142.19,139.2,0,0,0
2026-03-11,140.66,140.66,140.66,140.66,137.702,0,0,0
2026-03-12,141.36,141.36,141.36,141.36,138.387,0,0,0
2026-03-13,142.54,142.54,142.54,142.54,139.542,0,0,0
2026-03-16,143.44,143.44,143.44,143.44,140.423,0,0,0
2026-03-17,143.49,143.49,143.49,143.49,140.472,0,0,0
2026-03-18,142.74,142.74,142.74,142.74,139.738,0,0,0
2026-03-19,142.74,142.74,142.74,142.74,139.738,0,0,0
2026-03-20,135.93,135.93,135.93,135.93,133.071,0,0,0
2026-03-23,137.92,137.92,137.92,137.92,135.019,0,0,0
2026-03-24,139.23,139.23,139.23,139.23,136.302,0,0,0
2026-03-25,139.89,139.89,139.89,139.89,136.948,0,0,0
2026-03-26,139.14,139.14,139.14,139.14,136.214,0,0,0
2026-03-27,140.34,140.34,140.34,140.34,137.388,0,0,0
2026-03-30,140.15,140.15,140.15,140.15,137.202,0,0,0
2026-03-31,140.76,140.76,140.76,140.76,137.8,0,0,0
2026-04-01,141.67,141.67,141.67,141.67,138.69,0,0,0
2026-04-02,142.31,142.31,142.31,142.31,139.317,0,0,0
2026-04-06,141.61,141.61,141.61,141.61,138.632,0,0,0
2026-04-07,142.23,142.23,142.23,142.23,139.239,0,0,0
2026-04-08,144.34,144.34,144.34,144.34,141.304,0,0,0
2026-04-09,145.28,145.28,145.28,145.28,142.225,0,0,0
2026-04-10,142.67,142.67,142.67,142.67,142.133,0,2.518,0
2026-04-13,141.63,141.63,141.63,141.63,141.097,0,0,0
2026-04-14,142.15,142.15,142.15,142.15,141.615,0,0,0
2026-04-15,141.08,141.08,141.08,141.08,140.549,0,0,0
2026-04-16,141.92,141.92,141.92,141.92,141.386,0,0,0
2026-04-17,141.65,141.65,141.65,141.65,141.117,0,0,0
2026-04-20,139.83,139.83,139.83,139.83,139.304,0,0,0
2026-04-21,137.29,137.29,137.29,137.29,136.773,0,0,0
2026-04-22,137.52,137.52,137.52,137.52,137.002,0,0,0
2026-04-23,141.39,141.39,141.39,141.39,140.858,0,0,0
2026-04-24,142.06,142.06,142.06,142.06,141.525,0,0,0
2026-04-27,142.18,142.18,142.18,142.18,141.645,0,0,0
2026-04-28,141.67,141.67,141.67,141.67,141.137,0,0,0
2026-04-29,139.84,139.84,139.84,139.84,139.314,0,0,0
2026-04-30,143.83,143.83,143.83,143.83,143.289,0,0,0
2026-05-01,143.1,143.1,143.1,143.1,142.561,0,0,0
2026-05-04,142.99,142.99,142.99,142.99,142.452,0,0,0
2026-05-05,143.62,143.62,143.62,143.62,143.079,0,0,0
2026-05-06,141.86,141.86,141.86,141.86,141.326,0,0,0
2026-05-07,139.24,139.24,139.24,139.24,138.716,0,0,0
2026-05-08,138.1,138.1,138.1,138.1,137.58,0,0,0
2026-05-11,139.49,139.49,139.49,139.49,138.965,0,0,0
2026-05-12,139.11,139.11,139.11,139.11,138.586,0,0,0
2026-05-13,137.37,137.37,137.37,137.37,136.853,0,0,0
2026-05-14,138.42,138.42,138.42,138.42,137.899,0,0,0
2026-05-15,134.85,134.85,134.85,134.85,134.342,0,0,0
2026-05-18,133.94,133.94,133.94,133.94,133.436,0,0,0
2026-05-19,134.79,134.79,134.79,134.79,134.283,0,0,0
2026-05-20,136.1,136.1,136.1,136.1,135.588,0,0,0
2026-05-21,137.6,137.6,137.6,137.6,137.082,0,0,0
2026-05-22,138.63,138.63,138.63,138.63,138.108,0,0,0
2026-05-26,139.08,139.08,139.08,139.08,138.556,0,0,0
2026-05-27,138.12,138.12,138.12,138.12,137.6,0,0,0
2026-05-28,136.65,136.65,136.65,136.65,136.136,0,0,0
2026-05-29,136.15,136.15,136.15,136.15,135.637,0,0,0
2026-06-01,131.81,131.81,131.81,131.81,131.314,0,0,0
2026-06-02,134.61,134.61,134.61,134.61,134.103,0,0,0
2026-06-03,133.92,133.92,133.92,133.92,133.416,0,0,0
2026-06-04,134.68,134.68,134.68,134.68,134.173,0,0,0
2026-06-05,134.88,134.88,134.88,134.88,134.372,0,0,0
2026-06-08,132.41,132.41,132.41,132.41,131.912,0,0,0
2026-06-09,133.49,133.49,133.49,133.49,132.987,0,0,0
2026-06-10,132.62,132.62,132.62,132.62,132.121,0,0,0
2026-06-11,133.3,133.3,133.3,133.3,132.798,0,0,0
2026-06-12,134.85,134.85,134.85,134.85,134.342,0,0,0
2026-06-15,136.06,136.06,136.06,136.06,135.548,0,0,0
2026-06-16,136.89,136.89,136.89,136.89,136.375,0,0,0
2026-06-17,135.39,135.39,135.39,135.39,134.88,0,0,0
2026-06-18,136.57,136.57,136.57,136.57,136.056,0,0,0
2026-06-22,137.69,137.69,137.69,137.69,137.172,0,0,0
2026-06-23,137.97,137.97,137.97,137.97,137.451,0,0,0
2026-06-24,139.26,139.26,139.26,139.26,138.736,0,0,0
2026-06-25,140.38,140.38,140.38,140.38,139.852,0,0,0
2026-06-26,141.01,141.01,141.01,141.01,140.479,0,0,0
2026-06-29,140.5,140.5,140.5,140.5,139.971,0,0,0
2026-06-30,138.66,138.66,138.66,138.66,138.138,0,0,0
2026-07-01,136.28,136.28,136.28,136.28,135.767,0,0,0
2026-07-02,138.57,138.57,138.57,138.57,138.048,0,0,0
2026-07-06,137.68,137.68,137.68,137.68,137.162,0,0,0
2026-07-07,138.2,138.2,138.2,138.2,137.68,0,0,0
2026-07-08,137.29,137.29,137.29,137.29,136.773,0,0,0
2026-07-09,137.06,137.06,137.06,137.06,136.544,0,0,0
2026-07-10,137.28,137.28,137.28,137.28,137.28,0,0.516,0
2026-07-13,137.78,137.78,137.78,137.78,137.78,0,0,0
2026-07-14,137.78,137.78,137.78,137.78,137.78,0,0,0
2026-07-15,136.63,136.63,136.63,136.63,136.63,0,0,0
2026-07-16,136.65,136.65,136.65,136.65,136.65,0,0,0
2026-07-17,135.58,135.58,135.58,135.58,135.58,0,0,0
2026-07-20,134.95,134.95,134.95,134.95,134.95,0,0,0
2026-07-21,135.35,135.35,135.35,135.35,135.35,0,0,0
2026-07-22,138.3,138.3,138.3,138.3,138.3,0,0,0
2026-07-23,139.08,139.08,139.08,139.08,139.08,0,0,0
2026-07-24,138.79,138.79,138.79,138.79,138.79,0,0,0
2026-07-27,136.82,136.82,136.82,136.82,136.82,0,0,0
2026-07-28,135.4,135.4,135.4,135.4,135.4,0,0,0
2026-07-29,132.85,132.85,132.85,132.85,132.85,0,0,0
2026-07-30,133.41,133.41,133.41,133.41,133.41,0,0,0
2026-07-31,132.69,132.69,132.69,132.69,132.69,0,0,0
2026-08-03,133.45,133.45,133.45,133.45,133.45,0,0,0
2026-08-04,131.58,131.58,131.58,131.58,131.58,0,0,0
2026-08-05,130.25,130.25,130.25,130.25,130.25,0,0,0
2026-08-06,129.39,129.39,129.39,129.39,129.39,0,0,0
2026-08-07,130.21,130.21,130.21,130.21,130.21,0,0,0
2026-08-10,129.03,129.03,129.03,129.03,129.03,0,0,0
2026-08-11,130.46,130.46,130.46,130.46,130.46,0,0,0
2026-08-12,131.2,131.2,131.2,131.2,131.2,0,0,0
2026-08-13,131.49,131.49,131.49,131.49,131.49,0,0,0
2026-08-14,132.52,132.52,132.52,132.52,132.52,0,0,0
2026-08-17,132,132,132,132,132,0,0,0
2026-08-18,130.77,130.77,130.77,130.77,130.77,0,0,0
2026-08-19,130.9,130.9,130.9,130.9,130.9,0,0,0
2026-08-20,129.96,129.96,129.96,129.96,129.96,0,0,0
2026-08-21,127.12,127.12,127.12,127.12,127.12,0,0,0
2026-08-24,128.05,128.05,128.05,128.05,128.05,0,0,0
2026-08-25,128.37,128.37,128.37,128.37,128.37,0,0,0
2026-08-26,129.05,129.05,129.05,129.05,129.05,0,0,0
2026-08-27,128.2,128.2,128.2,128.2,128.2,0,0,0
2026-08-28,126.6,126.6,126.6,126.6,126.6,0,0,0
2026-08-31,125.4,125.4,125.4,125.4,125.4,0,0,0
2026-09-01,126.37,126.37,126.37,126.37,126.37,0,0,0
2026-09-02,126.7,126.7,126.7,126.7,126.7,0,0,0
2026-09-03,127.85,127.85,127.85,127.85,127.85,0,0,0
2026-09-04,128.33,128.33,128.33,128.33,128.33,0,0,0
2026-09-08,129.48,129.48,129.48,129.48,129.48,0,0,0
2026-09-09,127.93,127.93,127.93,127.93,127.93,0,0,0
2026-09-10,126.52,126.52,126.52,126.52,126.52,0,0,0
2026-09-11,126.41,126.41,126.41,126.41,126.41,0,0,0
2026-09-14,124.38,124.38,124.38,124.38,124.38,0,0,0
2026-09-15,122.9,122.9,122.9,122.9,122.9,0,0,0
2026-09-16,122.87,122.87,122.87,122.87,122.87,0,0,0
2026-09-17,123.87,123.87,123.87,123.87,123.87,0,0,0
2026-09-18,122.25,122.25,122.25,122.25,122.25,0,0,0
2026-09-21,121.82,121.82,121.82,121.82,121.82,0,0,0
2026-09-22,121.52,121.52,121.52,121.52,121.52,0,0,0
2026-09-23,119.42,119.42,119.42,119.42,119.42,0,0,0
2026-09-24,118.3,118.3,118.3,118.3,118.3,0,0,0
2026-09-25,118.8,118.8,118.8,118.8,118.8,0,0,0
