date,open,high,low,close,adj_close,volume,dividend,split
1985-09-03,5.27151,5.50359,5.27151,5.27151,1.34881,7541,0,0
1985-09-04,5.27151,5.50359,5.27151,5.27151,1.34881,754,0,0
1985-09-05,5.27151,5.27151,5.27151,5.27151,1.34881,0,0,0
1985-09-06,5.30467,5.50359,5.30467,5.30467,1.3573,13573,0,0
1985-09-09,5.50359,5.70252,5.50359,5.50359,1.4082,7541,0,0
1985-09-10,5.50359,5.70252,5.50359,5.50359,1.4082,2262,0,0
1985-09-11,5.5699,5.83513,5.5699,5.5699,1.42516,754,0,0
1985-09-12,5.63621,5.83513,5.63621,5.63621,1.44213,1508,0,0
1985-09-13,5.63621,5.83513,5.63621,5.63621,1.44213,2262,0,0
1985-09-16,5.63621,5.63621,5.63621,5.63621,1.44213,0,0,0
1985-09-17,5.63621,5.83513,5.63621,5.63621,1.44213,14327,0,0
1985-09-18,5.63621,5.83513,5.63621,5.63621,1.44213,33932,0,0
1985-09-19,5.70252,5.83513,5.70252,5.70252,1.45909,5278,0,0
1985-09-20,5.70252,5.83513,5.70252,5.70252,1.45909,3016,0,0
1985-09-23,5.70252,5.90144,5.70252,5.70252,1.45909,3770,0,0
1985-09-24,5.70252,5.90144,5.70252,5.70252,1.45909,12065,0,0
1985-09-25,5.70252,5.90144,5.70252,5.70252,1.45909,1508,0,0
1985-09-26,5.70252,5.90144,5.70252,5.70252,1.45909,6032,0,0
1985-09-30,5.70252,5.90144,5.70252,5.70252,1.45909,12819,0,0
1985-10-01,5.70252,5.96775,5.70252,5.70252,1.45909,9049,0,0
1985-10-02,5.76882,5.96775,5.76882,5.76882,1.47606,8295,0,0
1985-10-03,5.76882,5.96775,5.76882,5.76882,1.47606,21113,0,0
1985-10-04,5.83513,5.96775,5.83513,5.83513,1.49303,7541,0,0
1985-10-07,5.83513,5.96775,5.83513,5.83513,1.49303,754,0,0
1985-10-08,5.83513,5.96775,5.83513,5.83513,1.49303,2262,0,0
1985-10-09,5.83513,6.10037,5.83513,5.83513,1.49303,10557,0,0
1985-10-10,5.96775,6.16667,5.96775,5.96775,1.52696,18097,0,0
1985-10-11,5.96775,5.96775,5.96775,5.96775,1.52696,0,0,0
1985-10-14,6.03406,6.16667,6.03406,6.03406,1.54392,1508,0,0
1985-10-15,6.10037,6.23298,6.10037,6.10037,1.56089,17343,0,0
1985-10-16,6.10037,6.23298,6.10037,6.10037,1.56089,754,0,0
1985-10-17,6.10037,6.23298,6.10037,6.10037,1.56089,7541,0,0
1985-10-18,6.10037,6.23298,6.10037,6.10037,1.56089,21113,0,0
1985-10-21,6.10037,6.23298,6.03406,6.03406,1.54392,1508,0,0
1985-10-22,6.03406,6.23298,6.03406,6.03406,1.54392,754,0,0
1985-10-23,6.10037,6.23298,6.10037,6.10037,1.56089,17343,0,0
1985-10-24,6.10037,6.23298,6.10037,6.10037,1.56089,3016,0,0
1985-10-25,6.10037,6.23298,6.03406,6.03406,1.54392,2262,0,0
1985-10-28,6.03406,6.03406,6.03406,6.03406,1.54392,0,0,0
1985-10-29,6.03406,6.23298,5.96775,5.96775,1.52696,1508,0,0
1985-10-30,5.96775,6.23298,5.96775,5.96775,1.52696,8295,0,0
1985-10-31,5.96775,6.16667,5.96775,5.96775,1.52696,3016,0,0
1985-11-01,5.96775,6.23298,5.96775,5.96775,1.52696,1508,0,0
1985-11-04,5.96775,6.23298,5.96775,5.96775,1.52696,3016,0,0
1985-11-05,5.96775,6.23298,5.96775,5.96775,1.52696,2262,0,0
1985-11-06,5.96775,6.23298,5.96775,5.96775,1.52696,24130,0,0
1985-11-07,5.96775,6.23298,5.96775,5.96775,1.52696,754,0,0
1985-11-08,5.96775,6.23298,5.96775,5.96775,1.52696,754,0,0
1985-11-11,5.96775,6.23298,5.96775,5.96775,1.52696,754,0,0
1985-11-12,5.96775,6.23298,5.96775,5.96775,1.52696,3016,0,0
1985-11-13,5.96775,6.23298,5.96775,5.96775,1.52696,4524,0,0
1985-11-14,5.96775,6.23298,5.96775,5.96775,1.52696,2262,0,0
1985-11-15,5.96775,6.23298,5.96775,5.96775,1.52696,5278,0,0
1985-11-18,5.96775,6.23298,5.96775,5.96775,1.52696,0,0,0
1985-11-19,6.23298,6.23298,6.23298,6.23298,1.59482,754,0,0
1985-11-20,6.16667,6.16667,6.16667,6.16667,1.57786,1508,0,0
1985-11-21,5.96775,5.96775,5.96775,5.96775,1.52696,9049,0,0
1985-11-22,5.96775,6.16667,5.96775,6.16667,1.57786,6032,0,0
1985-11-25,6.16667,6.16667,6.16667,6.16667,1.57786,0,0,0
1985-11-26,6.03406,6.03406,5.90144,5.90144,1.50999,12819,0,0
1985-11-27,5.90144,6.10037,5.90144,5.90144,1.50999,2262,0,0
1985-11-29,5.90144,5.90144,5.90144,5.90144,1.50999,754,0,0
1985-12-02,5.90144,5.90144,5.90144,5.90144,1.50999,754,0,0
1985-12-03,5.90144,6.03406,5.83513,5.83513,1.49303,4524,0,0
1985-12-04,5.83513,5.9346,5.83513,5.83513,1.49303,35440,0,0
1985-12-05,5.86829,6.0009,5.86829,5.9346,1.51848,44489,0,0
1985-12-06,5.83513,5.83513,5.83513,5.83513,1.49303,1508,0,0
1985-12-09,5.83513,5.83513,5.83513,5.83513,1.49303,0,0,0
1985-12-10,6.03406,6.03406,6.03406,6.03406,1.54392,1508,0,0
1985-12-11,6.0009,6.0009,5.86829,6.0009,1.53544,3016,0,0
1985-12-12,6.0009,6.0009,6.0009,6.0009,1.53544,0,0,0
1985-12-13,6.0009,6.03406,5.86829,5.86829,1.50151,3016,0,0
1985-12-16,5.96775,6.03406,5.96775,5.96775,1.52696,6786,0,0
1985-12-17,6.0009,6.0009,6.0009,6.0009,1.53544,754,0,0
1985-12-18,5.83513,5.83513,5.83513,5.83513,1.49303,15081,0,0
1985-12-19,5.83513,5.83513,5.83513,5.83513,1.49303,0,0,0
1985-12-20,6.03406,6.03406,6.03406,6.03406,1.54392,754,0,0
1985-12-23,6.03406,6.03406,5.83513,6.03406,1.54392,2262,0,0
1985-12-24,5.76882,5.76882,5.70252,5.70252,1.45909,21868,0,0
1985-12-26,5.90144,5.90144,5.90144,5.90144,1.50999,754,0,0
1985-12-27,5.90144,5.90144,5.90144,5.90144,1.50999,0,0,0
1985-12-30,5.70252,5.70252,5.70252,5.70252,1.45909,1508,0,0
1985-12-31,5.70252,5.96775,5.70252,5.70252,1.45909,13573,0,0
1986-01-02,5.70252,5.70252,5.70252,5.70252,1.45909,12065,0,0
1986-01-03,5.90144,5.90144,5.90144,5.90144,1.50999,3770,0,0
1986-01-06,5.90144,5.90144,5.90144,5.90144,1.50999,754,0,0
1986-01-07,5.90144,5.90144,5.70252,5.90144,1.50999,6032,0,0
1986-01-08,5.90144,5.90144,5.90144,5.90144,1.50999,0,0,0
1986-01-09,5.70252,5.70252,5.70252,5.70252,1.45909,754,0,0
1986-01-10,5.70252,5.90144,5.63621,5.76882,1.47606,6032,0,0
1986-01-13,5.76882,5.76882,5.76882,5.76882,1.47606,0,0,0
1986-01-14,5.76882,5.76882,5.76882,5.76882,1.47606,1508,0,0
1986-01-15,5.76882,5.76882,5.76882,5.76882,1.47606,39211,0,0
1986-01-16,5.76882,5.76882,5.73567,5.73567,1.46758,10557,0,0
1986-01-17,5.76882,5.76882,5.76882,5.76882,1.47606,1508,0,0
1986-01-20,5.63621,5.63621,5.63621,5.63621,1.44213,3770,0,0
1986-01-21,5.76882,5.76882,5.76882,5.76882,1.47606,754,0,0
1986-01-22,5.70252,5.70252,5.70252,5.70252,1.45909,754,0,0
1986-01-23,5.66936,5.66936,5.50359,5.66936,1.45061,12065,0,0
1986-01-24,5.50359,5.50359,5.43728,5.50359,1.4082,7541,0,0
1986-01-27,5.50359,5.50359,5.50359,5.50359,1.4082,0,0,0
1986-01-28,5.5699,5.63621,5.5699,5.5699,1.42516,4524,0,0
1986-01-29,5.50359,5.50359,5.43728,5.50359,1.4082,15835,0,0
1986-01-30,5.53675,5.63621,5.53675,5.63621,1.44213,13573,0,0
1986-01-31,5.63621,5.63621,5.63621,5.63621,1.44213,0,0,0
1986-02-03,5.5699,5.5699,5.5699,5.5699,1.42516,754,0,0
1986-02-04,5.50359,5.50359,5.37097,5.50359,1.4082,12065,0,0
1986-02-05,5.50359,5.50359,5.37097,5.50359,1.4082,6786,0,0
1986-02-06,5.50359,5.50359,5.50359,5.50359,1.4082,10557,0,0
1986-02-07,5.50359,5.50359,5.50359,5.50359,1.4082,3016,0,0
1986-02-10,5.50359,5.50359,5.37097,5.47044,1.39971,13573,0,0
1986-02-11,5.47044,5.47044,5.37097,5.37097,1.37426,7541,0,0
1986-02-12,5.37097,5.53675,5.37097,5.53675,1.41668,15835,0,0
1986-02-13,5.53675,5.70252,5.43728,5.70252,1.45909,37703,0,0
1986-02-14,5.70252,5.70252,5.50359,5.70252,1.45909,5278,0,0
1986-02-18,5.70252,5.70252,5.50359,5.70252,1.45909,7541,0,0
1986-02-19,5.70252,5.83513,5.60305,5.83513,1.49303,10557,0,0
1986-02-20,5.86829,5.86829,5.86829,5.86829,1.50151,1508,0,0
1986-02-21,5.9346,5.9346,5.9346,5.9346,1.51848,754,0,0
1986-02-24,5.70252,5.70252,5.70252,5.70252,1.45909,2262,0,0
1986-02-25,5.76882,5.96775,5.76882,5.96775,1.52696,2262,0,0
1986-02-26,5.70252,5.70252,5.70252,5.70252,1.45909,3770,0,0
1986-02-27,5.83513,6.03406,5.83513,6.03406,1.54392,16589,0,0
1986-02-28,6.03406,6.03406,6.03406,6.03406,1.54392,0,0,0
1986-03-03,6.03406,6.03406,6.03406,6.03406,1.54392,0,0,0
1986-03-04,5.96775,5.96775,5.96775,5.96775,1.52696,1508,0,0
1986-03-05,5.96775,5.96775,5.96775,5.96775,1.52696,0,0,0
1986-03-06,6.0009,6.0009,6.0009,6.0009,1.53544,3016,0,0
1986-03-07,5.86829,5.86829,5.86829,5.86829,1.50151,754,0,0
1986-03-10,5.86829,5.86829,5.86829,5.86829,1.50151,3770,0,0
1986-03-11,5.86829,5.96775,5.86829,5.96775,1.52696,3016,0,0
1986-03-12,5.96775,5.96775,5.90144,5.90144,1.50999,14327,0,0
1986-03-13,5.90144,6.0009,5.90144,6.0009,1.53544,5278,0,0
1986-03-14,5.90144,5.90144,5.86829,5.90144,1.50999,1508,0,0
1986-03-17,5.86829,5.86829,5.86829,5.86829,1.50151,1508,0,0
1986-03-18,5.90144,5.96775,5.90144,5.90144,1.50999,3016,0,0
1986-03-19,5.96775,5.96775,5.96775,5.96775,1.52696,3016,0,0
1986-03-20,6.0009,6.0009,6.0009,6.0009,1.53544,754,0,0
1986-03-21,6.0009,6.0009,6.0009,6.0009,1.53544,3770,0,0
1986-03-24,6.0009,6.0009,6.0009,6.0009,1.53544,1508,0,0
1986-03-25,6.0009,6.0009,5.86829,5.96775,1.52696,19605,0,0
1986-03-26,6.0009,6.0009,6.0009,6.0009,1.53544,3016,0,0
1986-03-27,5.9346,5.9346,5.9346,5.9346,1.51848,1508,0,0
1986-03-31,5.9346,5.9346,5.86829,5.86829,1.50151,6032,0,0
1986-04-01,5.96775,6.0009,5.96775,5.96775,1.52696,1508,0,0
1986-04-02,5.96775,6.0009,5.86829,5.90144,1.50999,12065,0,0
1986-04-03,5.90144,5.96775,5.90144,5.96775,1.52696,19605,0,0
1986-04-04,5.96775,5.96775,5.96775,5.96775,1.52696,0,0,0
1986-04-07,6.0009,6.0009,6.0009,6.0009,1.53544,5278,0,0
1986-04-08,6.0009,6.06721,5.86829,5.86829,1.50151,9049,0,0
1986-04-09,5.90144,5.90144,5.90144,5.90144,1.50999,3770,0,0
1986-04-10,6.0009,6.0009,6.0009,6.0009,1.53544,3016,0,0
1986-04-11,6.0009,6.06721,5.86829,5.86829,1.50151,2262,0,0
1986-04-14,6.06721,6.06721,6.06721,6.06721,1.55241,754,0,0
1986-04-15,6.06721,6.10037,5.86829,6.10037,1.56089,76159,0,0
1986-04-16,6.10037,6.49822,6.03406,6.49822,1.66269,57308,0,0
1986-04-17,6.49822,6.82976,6.29929,6.69714,1.71359,44489,0,0
1986-04-18,6.89607,7.02868,6.89607,6.89607,1.76449,23376,0,0
1986-04-21,6.89607,7.22761,6.89607,7.22761,1.84932,18851,0,0
1986-04-22,7.22761,7.36022,7.22761,7.36022,1.88325,19605,0,0
1986-04-23,7.36022,7.36022,7.1613,7.1613,1.83235,10557,0,0
1986-04-24,7.1613,7.1613,7.09499,7.09499,1.81538,3016,0,0
1986-04-25,7.26076,7.26076,7.26076,7.26076,1.8578,7541,0,0
1986-04-28,7.26076,7.42653,7.1613,7.1613,1.83235,34686,0,0
1986-04-29,7.22761,7.3768,7.22761,7.3768,1.88749,9803,0,0
1986-04-30,7.42653,7.45969,7.42653,7.45969,1.9087,2262,0,0
1986-05-01,7.42653,7.42653,7.42653,7.42653,1.90021,1508,0,0
1986-05-02,7.42653,7.42653,7.42653,7.42653,1.90021,754,0,0
1986-05-05,7.42653,7.42653,7.24418,7.27734,1.86204,6032,0,0
1986-05-06,7.27734,7.36022,7.02868,7.02868,1.79842,8295,0,0
1986-05-07,7.02868,7.22761,7.02868,7.22761,1.84932,2262,0,0
1986-05-08,7.29392,7.29392,7.29392,7.29392,1.86628,2262,0,0
1986-05-09,7.29392,7.29392,7.29392,7.29392,1.86628,0,0,0
1986-05-12,7.22761,7.22761,7.02868,7.22761,1.84932,6786,0,0
1986-05-13,6.89607,6.89607,6.89607,6.89607,1.76449,12819,0,0
1986-05-14,6.89607,6.89607,6.89607,6.89607,1.76449,0,0,0
1986-05-15,6.89607,6.89607,6.82976,6.89607,1.76449,7541,0,0
1986-05-16,6.76345,6.76345,6.76345,6.76345,1.73055,3770,0,0
1986-05-19,6.76345,6.76345,6.76345,6.76345,1.73055,0,0,0
1986-05-20,6.76345,7.09499,6.76345,6.76345,1.73055,4524,0,0
1986-05-21,6.76345,6.76345,6.76345,6.76345,1.73055,0,0,0
1986-05-22,6.76345,6.76345,6.76345,6.76345,1.73055,0,0,0
1986-05-23,7.09499,7.09499,7.09499,7.09499,1.81538,2262,0,0
1986-05-27,7.09499,7.09499,7.09499,7.09499,1.81538,0,0,0
1986-05-28,7.09499,7.09499,7.09499,7.09499,1.81538,754,0,0
1986-05-29,7.09499,7.09499,7.09499,7.09499,1.81538,0,0,0
1986-05-30,7.09499,7.09499,7.09499,7.09499,1.81538,754,0,0
1986-06-02,7.09499,7.1613,6.96237,7.1613,1.83235,3016,0,0
1986-06-03,7.36022,7.36022,7.1613,7.29392,1.86628,7164,0,2
1986-06-04,7.29392,7.42653,7.26076,7.36022,1.88325,26392,0,0
1986-06-05,7.55915,7.55915,7.55915,7.55915,1.93415,1508,0,0
1986-06-06,7.55915,7.55915,7.22761,7.55915,1.93415,9049,0,0
1986-06-09,7.55915,7.69177,7.29392,7.29392,1.86628,14327,0,0
1986-06-10,7.29392,7.55915,7.29392,7.55915,1.93415,11688,0,0
1986-06-11,7.55915,7.55915,7.29392,7.55915,1.93415,39211,0,0
1986-06-12,7.55915,7.55915,7.42653,7.55915,1.93415,12065,0,0
1986-06-13,7.69177,7.69177,7.69177,7.69177,1.96808,754,0,0
1986-06-16,7.69177,7.69177,7.42653,7.69177,1.96808,1508,0,0
1986-06-17,7.82438,7.957,7.82438,7.82438,2.00201,2639,0,0
1986-06-18,7.82438,7.957,7.55915,7.82438,2.00201,11311,0,0
1986-06-19,7.957,7.957,7.957,7.957,2.03594,2639,0,0
1986-06-20,7.957,8.35485,7.82438,8.35485,2.13774,16589,0,0
1986-06-23,8.35485,8.35485,8.22223,8.35485,2.13774,10934,0,0
1986-06-24,8.35485,8.48747,8.22223,8.48747,2.17167,5655,0,0
1986-06-25,8.48747,8.62008,8.15592,8.48747,2.17167,18851,0,0
1986-06-26,8.48747,8.68639,8.35485,8.48747,2.17167,15458,0,0
1986-06-27,8.68639,8.81901,8.68639,8.7527,2.23954,7918,0,0
1986-06-30,8.7527,9.01793,8.48747,8.7527,2.23954,7164,0,0
1986-07-01,9.01793,9.15055,9.01793,9.15055,2.34134,6409,0,0
1986-07-02,9.15055,9.34947,8.88532,9.28317,2.37527,10934,0,0
1986-07-03,9.28317,9.5484,9.01793,9.21686,2.3583,29408,0,0
1986-07-07,9.41578,9.81363,9.41578,9.81363,2.511,17720,0,0
1986-07-08,9.81363,9.81363,9.34947,9.5484,2.44313,18851,0,0
1986-07-09,9.5484,9.68102,9.28317,9.5484,2.44313,18474,0,0
1986-07-10,9.5484,9.5484,9.08424,9.08424,2.32437,12442,0,0
1986-07-11,9.08424,9.5484,9.08424,9.21686,2.3583,5655,0,0
1986-07-14,9.21686,9.41578,9.08424,9.41578,2.4092,8672,0,0
1986-07-15,9.41578,9.41578,9.08424,9.15055,2.34134,34309,0,0
1986-07-16,9.15055,9.41578,9.15055,9.28317,2.37527,6409,0,0
1986-07-17,9.28317,9.41578,9.01793,9.41578,2.4092,1131,0,0
1986-07-18,9.41578,9.41578,9.01793,9.28317,2.37527,12065,0,0
1986-07-21,9.28317,9.28317,8.48747,8.7527,2.23954,10934,0,0
1986-07-22,8.7527,8.88532,8.48747,8.48747,2.17167,10557,0,0
1986-07-23,8.48747,8.88532,8.48747,8.48747,2.17167,4901,0,0
1986-07-24,8.48747,8.88532,8.48747,8.88532,2.27347,9426,0,0
1986-07-25,8.7527,8.7527,8.388,8.42116,2.15471,85208,0,0
1986-07-28,8.42116,8.62008,8.42116,8.62008,2.20561,9803,0,0
1986-07-29,8.48747,8.48747,8.22223,8.22223,2.10381,34309,0,0
1986-07-30,8.22223,8.35485,7.957,7.957,2.03594,6032,0,0
1986-07-31,8.02331,8.35485,8.02331,8.35485,2.13774,3393,0,0
1986-08-01,8.35485,8.35485,7.957,7.957,2.03594,6409,0,0
1986-08-04,7.957,8.35485,7.89069,7.89069,2.01898,6786,0,0
1986-08-05,8.08962,8.28854,8.08962,8.28854,2.12077,754,0,0
1986-08-06,8.22223,8.22223,7.75807,7.89069,2.01898,17343,0,0
1986-08-07,7.85754,7.85754,7.75807,7.85754,2.0105,11688,0,0
1986-08-08,7.85754,8.08962,7.75807,8.08962,2.06988,3393,0,0
1986-08-11,8.08962,8.15592,7.75807,8.08962,2.06988,5278,0,0
1986-08-12,8.08962,8.15592,7.75807,8.15592,2.08684,4524,0,0
1986-08-13,8.22223,8.22223,8.22223,8.22223,2.10381,754,0,0
1986-08-14,8.22223,8.22223,7.89069,7.89069,2.01898,6409,0,0
1986-08-15,7.89069,8.28854,7.89069,7.89069,2.01898,4147,0,0
1986-08-18,7.89069,8.22223,7.75807,8.22223,2.10381,3770,0,0
1986-08-19,7.89069,7.89069,7.75807,7.75807,1.98505,6409,0,0
1986-08-20,7.75807,8.15592,7.75807,7.957,2.03594,35063,0,0
1986-08-21,7.957,8.15592,7.82438,8.15592,2.08684,1131,0,0
1986-08-22,8.15592,8.15592,8.15592,8.15592,2.08684,0,0,0
1986-08-25,8.15592,8.22223,7.82438,8.22223,2.10381,3770,0,0
1986-08-26,8.22223,8.22223,7.89069,8.22223,2.10381,1508,0,0
1986-08-27,8.22223,8.22223,8.22223,8.22223,2.10381,0,0,0
1986-08-28,8.22223,8.28854,7.89069,7.957,2.03594,5278,0,0
1986-08-29,8.08962,8.42116,8.08962,8.42116,2.15471,7541,0,0
1986-09-02,8.35485,8.35485,7.957,8.02331,2.05291,6409,0,0
1986-09-03,8.02331,8.35485,7.957,7.957,2.03594,3770,0,0
1986-09-04,8.18908,8.42116,8.18908,8.18908,2.09533,1131,0,0
1986-09-05,8.18908,8.18908,8.18908,8.18908,2.09533,0,0,0
1986-09-08,8.15592,8.15592,8.15592,8.15592,2.08684,754,0,0
1986-09-09,8.08962,8.08962,7.75807,7.957,2.03594,11688,0,0
1986-09-10,7.957,8.08962,7.62546,7.62546,1.95111,6409,0,0
1986-09-11,7.62546,7.69177,7.49284,7.49284,1.91718,4147,0,0
1986-09-12,7.49284,7.69177,7.29392,7.29392,1.86628,6786,0,0
1986-09-15,7.29392,7.62546,7.29392,7.62546,1.95111,4147,0,0
1986-09-16,7.62546,7.69177,7.29392,7.69177,1.96808,21113,0,0
1986-09-17,7.69177,7.69177,7.69177,7.69177,1.96808,377,0,0
1986-09-18,7.36022,7.36022,7.36022,7.36022,1.88325,754,0,0
1986-09-19,7.36022,7.55915,7.29392,7.55915,1.93415,12819,0,0
1986-09-22,7.55915,7.82438,7.29392,7.82438,2.00201,18474,0,0
1986-09-23,7.82438,7.957,7.82438,7.957,2.03594,2639,0,0
1986-09-24,7.957,8.08962,7.79123,7.957,2.03594,5278,0,0
1986-09-25,7.957,8.08962,7.79123,8.08962,2.06988,5655,0,0
1986-09-26,7.75807,7.75807,7.69177,7.75807,1.98505,13196,0,0
1986-09-29,7.75807,7.75807,7.75807,7.75807,1.98505,0,0,0
1986-09-30,7.75807,7.79123,7.69177,7.69177,1.96808,6409,0,0
1986-10-01,7.69177,8.22223,7.69177,7.69177,1.96808,11311,0,0
1986-10-02,7.69177,7.69177,7.42653,7.55915,1.93415,5278,0,0
1986-10-03,7.55915,7.69177,7.42653,7.55915,1.93415,1885,0,0
1986-10-06,7.55915,7.55915,7.55915,7.55915,1.93415,1131,0,0
1986-10-07,7.1613,7.1613,7.1613,7.1613,1.83235,1508,0,0
1986-10-08,7.42653,7.55915,7.42653,7.55915,1.93415,2639,0,0
1986-10-09,7.29392,7.29392,7.1613,7.1613,1.83235,2262,0,0
1986-10-10,7.42653,7.42653,7.42653,7.42653,1.90021,754,0,0
1986-10-13,7.42653,7.42653,7.1613,7.1613,1.83235,5655,0,0
1986-10-14,7.1613,7.1613,7.1613,7.1613,1.83235,0,0,0
1986-10-15,7.1613,7.42653,7.02868,7.22761,1.84932,59570,0,0
1986-10-16,7.22761,7.42653,6.89607,6.89607,1.76449,1508,0,0
1986-10-17,7.1613,7.42653,7.1613,7.42653,1.90021,1885,0,0
1986-10-20,7.29392,7.29392,6.89607,7.1613,1.83235,10180,0,0
1986-10-21,7.02868,7.02868,6.76345,7.02868,1.79842,9426,0,0
1986-10-22,7.02868,7.02868,7.02868,7.02868,1.79842,377,0,0
1986-10-23,6.89607,6.89607,6.63083,6.89607,1.76449,1508,0,0
1986-10-24,6.89607,6.89607,6.69714,6.89607,1.76449,1508,0,0
1986-10-27,6.89607,7.02868,6.63083,6.89607,1.76449,7164,0,0
1986-10-28,6.89607,6.89607,6.49822,6.49822,1.66269,4147,0,0
1986-10-29,6.49822,6.89607,6.49822,6.63083,1.69662,2262,0,0
1986-10-30,6.63083,6.76345,6.49822,6.49822,1.66269,6786,0,0
1986-10-31,6.49822,6.89607,6.3656,6.63083,1.69662,18474,0,0
1986-11-03,6.63083,6.63083,6.63083,6.63083,1.69662,8295,0,0
1986-11-04,6.46506,6.46506,6.43191,6.46506,1.6542,32801,0,0
1986-11-05,6.53137,6.76345,6.53137,6.53137,1.67117,6032,0,0
1986-11-06,6.53137,6.63083,6.3656,6.63083,1.69662,22999,0,0
1986-11-07,6.63083,6.63083,6.63083,6.63083,1.69662,11311,0,0
1986-11-10,6.63083,6.63083,6.63083,6.63083,1.69662,754,0,0
1986-11-11,6.76345,6.76345,6.76345,6.76345,1.73055,3393,0,0
1986-11-12,6.76345,6.76345,6.3656,6.3656,1.62875,20359,0,0
1986-11-13,6.3656,6.76345,6.3656,6.76345,1.73055,12442,0,0
1986-11-14,6.76345,6.76345,6.43191,6.49822,1.66269,8295,0,0
1986-11-17,6.49822,6.76345,6.3656,6.43191,1.64572,3393,0,0
1986-11-18,6.43191,6.49822,6.3656,6.49822,1.66269,3393,0,0
1986-11-19,6.49822,6.63083,6.3656,6.63083,1.69662,4524,0,0
1986-11-20,6.63083,6.82976,6.3656,6.69714,1.71359,5655,0,0
1986-11-21,6.69714,6.69714,6.69714,6.69714,1.71359,754,0,0
1986-11-24,6.63083,6.63083,6.63083,6.63083,1.69662,754,0,0
1986-11-25,6.49822,6.49822,6.3656,6.49822,1.66269,3393,0,0
1986-11-26,6.49822,6.49822,6.49822,6.49822,1.66269,754,0,0
1986-11-28,6.3656,6.3656,6.3656,6.3656,1.62875,3770,0,0
1986-12-01,6.3656,6.56452,6.10037,6.10037,1.56089,14327,0,0
1986-12-02,6.33245,6.43191,6.33245,6.43191,1.64572,4524,0,0
1986-12-03,6.43191,6.56452,6.10037,6.10037,1.56089,14327,0,0
1986-12-04,6.3656,6.3656,6.3656,6.3656,1.62875,1508,0,0
1986-12-05,6.3656,6.3656,6.3656,6.3656,1.62875,0,0,0
1986-12-08,6.29929,6.29929,6.10037,6.29929,1.61179,39211,0,0
1986-12-09,6.29929,6.29929,6.10037,6.19983,1.58634,109338,0,0
1986-12-10,6.19983,6.56452,6.10037,6.56452,1.67965,11688,0,0
1986-12-11,6.56452,6.56452,6.39875,6.39875,1.63724,12065,0,0
1986-12-12,6.10037,6.10037,6.10037,6.10037,1.56089,1131,0,0
1986-12-15,6.10037,6.43191,6.10037,6.10037,1.56089,7164,0,0
1986-12-16,6.10037,6.3656,6.10037,6.3656,1.62875,16589,0,0
1986-12-17,6.3656,6.56452,6.10037,6.10037,1.56089,38834,0,0
1986-12-18,6.10037,6.3656,6.03406,6.03406,1.54392,7918,0,0
1986-12-19,6.10037,6.3656,6.10037,6.26614,1.60331,21868,0,0
1986-12-22,6.26614,6.3656,5.83513,6.10037,1.56089,22622,0,0
1986-12-23,6.10037,6.10037,5.70252,5.70252,1.45909,33178,0,0
1986-12-24,5.70252,6.10037,5.70252,6.10037,1.56089,5655,0,0
1986-12-26,6.10037,6.10037,5.96775,6.10037,1.5732,13196,0.047742,0
1986-12-29,6.10037,6.10037,5.70252,5.76882,1.4877,9426,0,0
1986-12-30,5.76882,6.10037,5.70252,6.10037,1.5732,10557,0,0
1986-12-31,6.10037,6.23298,5.70252,5.90144,1.5219,7918,0,0
1987-01-02,6.10037,6.23298,6.10037,6.23298,1.6074,1131,0,0
1987-01-05,6.23298,6.23298,6.23298,6.23298,1.6074,0,0,0
1987-01-06,6.23298,6.29929,6.03406,6.03406,1.5561,7164,0,0
1987-01-07,6.29929,6.3656,6.29929,6.3656,1.6416,4524,0,0
1987-01-08,6.3656,6.69714,6.29929,6.69714,1.7271,4901,0,0
1987-01-09,6.69714,6.89607,6.43191,6.43191,1.6587,11311,0,0
1987-01-12,6.43191,6.89607,6.3656,6.3656,1.6416,6409,0,0
1987-01-13,6.76345,6.76345,6.76345,6.76345,1.7442,754,0,0
1987-01-14,6.56452,6.56452,6.56452,6.56452,1.6929,6032,0,0
1987-01-15,6.56452,6.76345,6.3656,6.76345,1.7442,44112,0,0
1987-01-16,6.76345,6.89607,6.49822,6.89607,1.7784,10557,0,0
1987-01-19,6.76345,6.76345,6.63083,6.76345,1.7442,6409,0,0
1987-01-20,7.02868,7.02868,7.02868,7.02868,1.8126,3770,0,0
1987-01-21,7.02868,7.1613,7.02868,7.02868,1.8126,1131,0,0
1987-01-22,6.89607,6.89607,6.89607,6.89607,1.7784,377,0,0
1987-01-23,6.89607,7.1613,6.89607,7.1613,1.8468,13950,0,0
1987-01-26,6.89607,6.89607,6.89607,6.89607,1.7784,2262,0,0
1987-01-27,6.89607,7.29392,6.89607,7.02868,1.8126,4147,0,0
1987-01-28,7.02868,7.1613,6.89607,7.02868,1.8126,13950,0,0
1987-01-29,7.09499,7.09499,7.09499,7.09499,1.8297,1508,0,0
1987-01-30,7.09499,7.29392,7.02868,7.29392,1.881,13950,0,0
1987-02-02,7.22761,7.22761,7.02868,7.1613,1.8468,11311,0,0
1987-02-03,7.1613,7.1613,7.02868,7.02868,1.8126,4147,0,0
1987-02-04,7.02868,7.29392,7.02868,7.29392,1.881,4524,0,0
1987-02-05,7.29392,7.42653,7.02868,7.29392,1.881,12819,0,0
1987-02-06,7.55915,7.55915,7.55915,7.55915,1.9494,377,0,0
1987-02-09,7.55915,7.55915,7.22761,7.22761,1.8639,3393,0,0
1987-02-10,7.49284,7.49284,7.49284,7.49284,1.9323,754,0,0
1987-02-11,7.49284,7.49284,7.49284,7.49284,1.9323,0,0,0
1987-02-12,7.49284,7.55915,7.42653,7.42653,1.9152,4524,0,0
1987-02-13,7.42653,7.42653,7.42653,7.42653,1.9152,0,0,0
1987-02-17,7.42653,7.42653,7.29392,7.29392,1.881,1131,0,0
1987-02-18,7.36022,7.69177,7.36022,7.36022,1.8981,10180,0,0
1987-02-19,7.36022,7.36022,7.36022,7.36022,1.8981,0,0,0
1987-02-20,7.62546,7.62546,7.62546,7.62546,1.9665,1508,0,0
1987-02-23,7.62546,7.62546,7.62546,7.62546,1.9665,0,0,0
1987-02-24,7.49284,7.49284,7.1613,7.1613,1.8468,754,0,0
1987-02-25,7.1613,7.1613,7.1613,7.1613,1.8468,0,0,0
1987-02-26,7.36022,7.36022,7.36022,7.36022,1.8981,377,0,0
1987-02-27,7.55915,7.55915,7.55915,7.55915,1.9494,1131,0,0
1987-03-02,7.45969,7.45969,7.22761,7.22761,1.8639,6409,0,0
1987-03-03,7.22761,7.42653,7.22761,7.42653,1.9152,1885,0,0
1987-03-04,7.42653,7.49284,7.22761,7.29392,1.881,7164,0,0
1987-03-05,7.49284,7.49284,7.49284,7.49284,1.9323,1131,0,0
1987-03-06,7.42653,7.42653,7.42653,7.42653,1.9152,754,0,0
1987-03-09,7.42653,7.42653,7.42653,7.42653,1.9152,0,0,0
1987-03-10,7.36022,7.36022,7.22761,7.29392,1.881,9803,0,0
1987-03-11,7.29392,7.29392,7.1613,7.22761,1.8639,6786,0,0
1987-03-12,7.1613,7.1613,7.02868,7.02868,1.8126,4524,0,0
1987-03-13,7.02868,7.1613,7.02868,7.02868,1.8126,754,0,0
1987-03-16,7.02868,7.29392,6.89607,7.02868,1.8126,17343,0,0
1987-03-17,7.02868,7.36022,6.92922,7.36022,1.8981,7541,0,0
1987-03-18,7.36022,7.36022,6.89607,6.89607,1.7784,4524,0,0
1987-03-19,6.89607,7.36022,6.89607,7.36022,1.8981,3393,0,0
1987-03-20,6.89607,6.89607,6.89607,6.89607,1.7784,1131,0,0
1987-03-23,7.36022,7.36022,7.36022,7.36022,1.8981,377,0,0
1987-03-24,7.29392,7.29392,6.89607,6.89607,1.7784,8672,0,0
1987-03-25,7.09499,7.29392,7.09499,7.09499,1.8297,14327,0,0
1987-03-26,7.09499,7.22761,7.09499,7.09499,1.8421,8295,0.047742,0
1987-03-27,7.09499,7.09499,7.09499,7.09499,1.8421,0,0,0
1987-03-30,7.09499,7.09499,7.09499,7.09499,1.8421,377,0,0
1987-03-31,7.1613,7.1613,7.1613,7.1613,1.85932,1508,0,0
1987-04-01,7.09499,7.09499,6.89607,6.89607,1.79045,6409,0,0
1987-04-02,6.89607,7.1613,6.89607,6.96237,1.80767,2639,0,0
1987-04-03,6.96237,7.09499,6.89607,6.89607,1.79045,2639,0,0
1987-04-06,6.89607,7.02868,6.89607,6.89607,1.79045,1508,0,0
1987-04-07,6.89607,6.89607,6.89607,6.89607,1.79045,3770,0,0
1987-04-08,6.89607,6.92922,6.86291,6.92922,1.79906,7541,0,0
1987-04-09,6.96237,7.02868,6.96237,6.96237,1.80767,1131,0,0
1987-04-10,6.96237,7.1613,6.82976,6.99553,1.81627,9049,0,0
1987-04-13,6.99553,7.06184,6.99553,7.06184,1.83349,49768,0,0
1987-04-14,7.06184,7.1613,6.76345,6.76345,1.75602,1508,0,0
1987-04-15,6.76345,7.1613,6.76345,6.96237,1.80767,66357,0,0
1987-04-16,6.96237,7.1613,6.86291,6.86291,1.78184,15458,0,0
1987-04-20,6.86291,6.86291,6.86291,6.86291,1.78184,0,0,0
1987-04-21,6.89607,6.96237,6.89607,6.96237,1.80767,1508,0,0
1987-04-22,6.96237,7.1613,6.89607,7.02868,1.82488,23753,0,0
1987-04-23,7.02868,7.22761,6.89607,7.22761,1.87653,34309,0,0
1987-04-24,7.22761,7.29392,6.89607,7.29392,1.89375,27146,0,0
1987-04-27,7.29392,7.29392,6.96237,7.09499,1.8421,19605,0,0
1987-04-28,7.09499,7.29392,6.89607,6.89607,1.79045,4524,0,0
1987-04-29,7.29392,7.36022,7.29392,7.29392,1.89375,2639,0,0
1987-04-30,6.96237,6.96237,6.96237,6.96237,1.80767,377,0,0
1987-05-01,7.36022,7.36022,7.36022,7.36022,1.91096,754,0,0
1987-05-04,7.36022,7.36022,7.36022,7.36022,1.91096,754,0,0
1987-05-05,7.36022,7.36022,7.12814,7.36022,1.91096,4901,0,0
1987-05-06,6.76345,6.76345,6.3656,6.76345,1.75602,40719,0,0
1987-05-07,6.43191,6.43191,6.43191,6.43191,1.66994,377,0,0
1987-05-08,6.56452,6.76345,6.56452,6.63083,1.72159,5655,0,0
1987-05-11,6.76345,6.76345,6.76345,6.76345,1.75602,1885,0,0
1987-05-12,6.63083,6.63083,6.3656,6.63083,1.72159,1131,0,0
1987-05-13,6.63083,6.63083,6.3656,6.49822,1.68715,21868,0,0
1987-05-14,6.63083,6.63083,6.63083,6.63083,1.72159,377,0,0
1987-05-15,6.56452,6.56452,6.3656,6.56452,1.70437,4901,0,0
1987-05-18,6.56452,6.56452,6.3656,6.3656,1.65272,2639,0,0
1987-05-19,6.3656,6.3656,6.3656,6.3656,1.65272,0,0,0
1987-05-20,6.3656,6.43191,6.3656,6.3656,1.65272,27523,0,0
1987-05-21,6.39875,6.49822,6.39875,6.49822,1.68715,3770,0,0
1987-05-22,6.49822,6.49822,6.3656,6.49822,1.68715,4524,0,0
1987-05-26,6.49822,6.49822,6.3656,6.3656,1.65272,7918,0,0
1987-05-27,6.3656,6.49822,6.3656,6.3656,1.65272,3393,0,0
1987-05-28,6.3656,6.49822,6.3656,6.49822,1.68715,6409,0,0
1987-05-29,6.49822,6.49822,6.49822,6.49822,1.68715,1131,0,0
1987-06-01,6.49822,6.49822,6.49822,6.49822,1.68715,377,0,0
1987-06-02,6.49822,6.49822,6.49822,6.49822,1.68715,1508,0,0
1987-06-03,6.46506,6.46506,6.3656,6.46506,1.67855,9803,0,0
1987-06-04,6.3656,6.3656,6.3656,6.3656,1.65272,4524,0,0
1987-06-05,6.63083,6.63083,6.63083,6.63083,1.72159,2639,0,0
1987-06-08,6.63083,6.69714,6.3656,6.69714,1.7388,4524,0,0
1987-06-09,6.69714,6.69714,6.43191,6.43191,1.66994,2262,0,0
1987-06-10,6.43191,6.69714,6.3656,6.3656,1.65272,1885,0,0
1987-06-11,6.69714,6.69714,6.69714,6.69714,1.7388,2262,0,0
1987-06-12,6.63083,6.63083,6.3656,6.63083,1.72159,9803,0,0
1987-06-15,6.63083,6.63083,6.63083,6.63083,1.72159,0,0,0
1987-06-16,6.63083,6.63083,6.63083,6.63083,1.72159,1131,0,0
1987-06-17,6.63083,6.63083,6.3656,6.3656,1.65272,2639,0,0
1987-06-18,6.3656,6.3656,6.3656,6.3656,1.65272,377,0,0
1987-06-19,6.63083,6.69714,6.63083,6.69714,1.7388,4901,0,0
1987-06-22,6.69714,6.69714,6.49822,6.63083,1.72159,4147,0,0
1987-06-23,6.63083,6.69714,6.43191,6.43191,1.66994,4147,0,0
1987-06-24,6.43191,6.43191,6.43191,6.43191,1.66994,0,0,0
1987-06-25,6.43191,6.69714,6.43191,6.53137,1.70845,6032,0.047742,0
1987-06-26,6.53137,6.53137,6.53137,6.53137,1.70845,0,0,0
1987-06-29,6.69714,6.69714,6.69714,6.69714,1.75181,377,0,0
1987-06-30,6.69714,6.69714,6.69714,6.69714,1.75181,0,0,0
1987-07-01,6.56452,6.56452,6.56452,6.56452,1.71712,377,0,0
1987-07-02,6.56452,6.63083,6.43191,6.63083,1.73446,2262,0,0
1987-07-06,6.63083,6.63083,6.43191,6.63083,1.73446,4147,0,0
1987-07-07,6.63083,6.63083,6.43191,6.63083,1.73446,1885,0,0
1987-07-08,6.43191,6.43191,6.43191,6.43191,1.68243,1131,0,0
1987-07-09,6.43191,6.63083,6.43191,6.63083,1.73446,3016,0,0
1987-07-10,6.43191,6.43191,6.43191,6.43191,1.68243,3016,0,0
1987-07-13,6.43191,6.43191,6.43191,6.43191,1.68243,0,0,0
1987-07-14,6.43191,6.43191,6.43191,6.43191,1.68243,0,0,0
1987-07-15,6.49822,6.63083,6.49822,6.59768,1.72579,3770,0,0
1987-07-16,6.59768,6.69714,6.49822,6.69714,1.75181,1885,0,0
1987-07-17,6.69714,6.69714,6.49822,6.63083,1.73446,46751,0,0
1987-07-20,6.63083,6.63083,6.63083,6.63083,1.73446,0,0,0
1987-07-21,6.59768,6.59768,6.59768,6.59768,1.72579,3770,0,0
1987-07-22,6.63083,6.7303,6.63083,6.63083,1.73446,31293,0,0
1987-07-23,6.63083,6.76345,6.63083,6.76345,1.76915,19982,0,0
1987-07-24,6.69714,6.69714,6.69714,6.69714,1.75181,1885,0,0
1987-07-27,6.69714,6.69714,6.63083,6.69714,1.75181,17720,0,0
1987-07-28,6.69714,6.69714,6.63083,6.66399,1.74313,9426,0,0
1987-07-29,6.66399,6.69714,6.66399,6.69714,1.75181,6409,0,0
1987-07-30,6.69714,6.69714,6.69714,6.69714,1.75181,2262,0,0
1987-07-31,6.69714,6.69714,6.56452,6.56452,1.71712,11311,0,0
1987-08-03,6.56452,6.56452,6.56452,6.56452,1.71712,1131,0,0
1987-08-04,6.56452,6.69714,6.56452,6.69714,1.75181,3393,0,0
1987-08-05,6.56452,6.56452,6.56452,6.56452,1.71712,377,0,0
1987-08-06,6.56452,6.56452,6.56452,6.56452,1.71712,0,0,0
1987-08-07,6.63083,6.76345,6.63083,6.76345,1.76915,65226,0,0
1987-08-10,6.76345,6.89607,6.63083,6.89607,1.80384,117255,0,0
1987-08-11,6.89607,6.89607,6.82976,6.89607,1.80384,6409,0,0
1987-08-12,6.89607,7.02868,6.82976,6.96237,1.82119,301621,0,0
1987-08-13,7.09499,7.22761,7.09499,7.22761,1.89056,44866,0,0
1987-08-14,7.22761,7.55915,7.22761,7.49284,1.95994,35818,0,0
1987-08-17,7.49284,7.69177,7.42653,7.42653,1.9426,23376,0,0
1987-08-18,7.42653,7.75807,7.42653,7.75807,2.02932,37326,0,0
1987-08-19,7.75807,7.75807,7.49284,7.69177,2.01198,39588,0,0
1987-08-20,7.69177,7.69177,7.49284,7.69177,2.01198,13196,0,0
1987-08-21,7.69177,7.75807,7.49284,7.62546,1.99463,20736,0,0
1987-08-24,7.62546,7.62546,7.49284,7.62546,1.99463,19228,0,0
1987-08-25,7.55915,7.55915,7.55915,7.55915,1.97728,4524,0,0
1987-08-26,7.55915,7.55915,7.49284,7.49284,1.95994,22245,0,0
1987-08-27,7.49284,7.55915,7.49284,7.49284,1.95994,4524,0,0
1987-08-28,7.55915,7.55915,7.55915,7.55915,1.97728,3393,0,0
1987-08-31,7.55915,7.55915,7.52599,7.55915,1.97728,7164,0,0
1987-09-01,7.55915,7.55915,7.49284,7.55915,1.97728,4901,0,0
1987-09-02,7.55915,7.55915,7.49284,7.49284,1.95994,13950,0,0
1987-09-03,7.49284,7.55915,7.49284,7.49284,1.95994,7918,0,0
1987-09-04,7.49284,7.62546,7.49284,7.5923,1.98596,4901,0,0
1987-09-08,7.5923,7.5923,7.49284,7.55915,1.97728,27900,0,0
1987-09-09,7.55915,7.55915,7.55915,7.55915,1.97728,0,0,0
1987-09-10,7.55915,7.62546,7.49284,7.55915,1.97728,8295,0,0
1987-09-11,7.55915,7.69177,7.49284,7.49284,1.95994,8672,0,0
1987-09-14,7.62546,7.62546,7.62546,7.62546,1.99463,1131,0,0
1987-09-15,7.62546,7.62546,7.49284,7.49284,1.95994,17720,0,0
1987-09-16,7.49284,7.62546,7.49284,7.49284,1.95994,21491,0,0
1987-09-17,7.55915,7.62546,7.55915,7.5923,1.98596,2262,0,0
1987-09-18,7.5923,7.69177,7.52599,7.55915,1.97728,32424,0,0
1987-09-21,7.55915,7.62546,7.49284,7.55915,1.97728,44866,0,0
1987-09-22,7.55915,7.62546,7.42653,7.42653,1.9426,15081,0,0
1987-09-23,7.42653,7.69177,7.42653,7.42653,1.9426,9803,0,0
1987-09-24,7.42653,7.69177,7.42653,7.42653,1.9426,1131,0,0
1987-09-25,7.42653,7.55915,7.42653,7.55915,1.99151,2639,0.053047,0
1987-09-28,7.55915,7.69177,7.42653,7.49284,1.97404,27146,0,0
1987-09-29,7.49284,7.69177,7.42653,7.69177,2.02645,19605,0,0
1987-09-30,7.62546,7.62546,7.49284,7.62546,2.00898,24130,0,0
1987-10-01,7.62546,7.69177,7.49284,7.49284,1.97404,4147,0,0
1987-10-02,7.49284,7.49284,7.42653,7.42653,1.95657,5655,0,0
1987-10-05,7.42653,7.55915,7.42653,7.42653,1.95657,9803,0,0
1987-10-06,7.42653,7.69177,7.42653,7.69177,2.02645,1885,0,0
1987-10-07,7.49284,7.49284,7.49284,7.49284,1.97404,1885,0,0
1987-10-08,7.42653,7.42653,7.42653,7.42653,1.95657,2639,0,0
1987-10-09,7.62546,7.62546,7.62546,7.62546,2.00898,754,0,0
1987-10-12,7.42653,7.42653,7.42653,7.42653,1.95657,1131,0,0
1987-10-13,7.42653,7.55915,7.36022,7.49284,1.97404,38834,0,0
1987-10-14,7.49284,7.49284,7.42653,7.49284,1.97404,7918,0,0
1987-10-15,7.49284,7.55915,7.36022,7.55915,1.99151,31293,0,0
1987-10-16,7.55915,7.55915,7.36022,7.55915,1.99151,68996,0,0
1987-10-19,7.55915,7.69177,7.02868,7.02868,1.85176,76536,0,0
1987-10-20,7.02868,7.1613,6.76345,7.02868,1.85176,47505,0,0
1987-10-21,7.02868,7.1613,6.82976,6.82976,1.79935,30916,0,0
1987-10-22,6.76345,6.76345,6.63083,6.69714,1.76441,4524,0,0
1987-10-23,6.63083,6.63083,6.49822,6.63083,1.74694,1885,0,0
1987-10-26,6.63083,6.63083,6.3656,6.3656,1.67706,15458,0,0
1987-10-27,6.63083,6.63083,6.63083,6.63083,1.74694,377,0,0
1987-10-28,6.3656,6.3656,6.3656,6.3656,1.67706,3393,0,0
1987-10-29,6.3656,6.49822,6.23298,6.49822,1.712,4524,0,0
1987-10-30,6.49822,6.49822,6.49822,6.49822,1.712,4147,0,0
1987-11-02,6.3656,6.3656,6.3656,6.3656,1.67706,1885,0,0
1987-11-03,6.3656,6.49822,6.3656,6.49822,1.712,1131,0,0
1987-11-04,6.49822,6.49822,6.3656,6.49822,1.712,1885,0,0
1987-11-05,6.49822,6.49822,6.3656,6.49822,1.712,1508,0,0
1987-11-06,6.49822,6.49822,6.3656,6.3656,1.67706,1131,0,0
1987-11-09,6.3656,6.49822,6.3656,6.3656,1.67706,29031,0,0
1987-11-10,6.3656,6.49822,6.3656,6.43191,1.69453,13950,0,0
1987-11-11,6.23298,6.23298,6.23298,6.23298,1.64212,377,0,0
1987-11-12,6.23298,6.29929,6.23298,6.29929,1.65959,3393,0,0
1987-11-13,6.23298,6.23298,6.23298,6.23298,1.64212,1131,0,0
1987-11-16,6.23298,6.43191,6.23298,6.43191,1.69453,2262,0,0
1987-11-17,6.43191,6.43191,6.23298,6.43191,1.69453,14327,0,0
1987-11-18,6.43191,6.43191,6.23298,6.43191,1.69453,2262,0,0
1987-11-19,6.23298,6.23298,6.23298,6.23298,1.64212,377,0,0
1987-11-20,6.23298,6.23298,6.23298,6.23298,1.64212,1885,0,0
1987-11-23,6.23298,6.43191,6.23298,6.43191,1.69453,1885,0,0
1987-11-24,6.43191,6.43191,6.43191,6.43191,1.69453,2262,0,0
1987-11-25,6.3656,6.3656,6.23298,6.29929,1.65959,12442,0,0
1987-11-27,6.29929,6.43191,6.23298,6.23298,1.64212,2262,0,0
1987-11-30,6.23298,6.23298,6.16667,6.16667,1.62465,9803,0,0
1987-12-01,6.23298,6.23298,6.23298,6.23298,1.64212,754,0,0
1987-12-02,6.23298,6.23298,6.03406,6.23298,1.64212,8295,0,0
1987-12-03,6.10037,6.10037,5.83513,6.03406,1.58972,5655,0,0
1987-12-04,5.83513,5.83513,5.70252,5.83513,1.53731,4524,0,0
1987-12-07,5.76882,5.76882,5.63621,5.76882,1.51984,11688,0,0
1987-12-08,5.76882,5.76882,5.76882,5.76882,1.51984,2262,0,0
1987-12-09,5.76882,5.76882,5.76882,5.76882,1.51984,377,0,0
1987-12-10,5.70252,5.70252,5.5699,5.70252,1.50237,9049,0,0
1987-12-11,5.70252,5.70252,5.53675,5.70252,1.50237,9049,0,0
1987-12-14,5.43728,5.43728,5.43728,5.43728,1.43249,1508,0,0
1987-12-15,5.43728,5.63621,5.43728,5.43728,1.43249,8672,0,0
1987-12-16,5.43728,5.5699,5.43728,5.5699,1.46743,4901,0,0
1987-12-17,5.5699,5.63621,5.43728,5.63621,1.4849,10557,0,0
1987-12-18,5.63621,5.63621,5.43728,5.63621,1.4849,5278,0,0
1987-12-21,5.63621,5.63621,5.63621,5.63621,1.4849,8672,0,0
1987-12-22,5.63621,5.63621,5.43728,5.50359,1.44996,9426,0,0
1987-12-23,5.50359,5.63621,5.50359,5.5699,1.46743,12442,0,0
1987-12-24,5.5699,5.5699,5.5699,5.5699,1.48154,1131,0.053047,0
1987-12-28,5.5699,5.63621,5.43728,5.63621,1.49918,6409,0,0
1987-12-29,5.63621,5.70252,5.50359,5.70252,1.51681,4524,0,0
1987-12-30,5.66936,5.66936,5.50359,5.5699,1.48154,12442,0,0
1987-12-31,5.5699,5.70252,5.50359,5.70252,1.51681,6032,0,0
1988-01-04,5.70252,5.70252,5.50359,5.50359,1.4639,4901,0,0
1988-01-05,5.50359,5.70252,5.50359,5.70252,1.51681,5278,0,0
1988-01-06,5.70252,5.70252,5.70252,5.70252,1.51681,1131,0,0
1988-01-07,5.70252,5.70252,5.70252,5.70252,1.51681,0,0,0
1988-01-08,5.70252,5.70252,5.50359,5.70252,1.51681,3770,0,0
1988-01-11,5.70252,5.70252,5.30467,5.30467,1.41099,6409,0,0
1988-01-12,5.50359,5.50359,5.50359,5.50359,1.4639,2262,0,0
1988-01-13,5.50359,5.50359,5.50359,5.50359,1.4639,2262,0,0
1988-01-14,5.50359,5.76882,5.30467,5.50359,1.4639,21491,0,0
1988-01-15,5.76882,6.03406,5.76882,5.90144,1.56973,18474,0,0
1988-01-18,5.90144,5.90144,5.90144,5.90144,1.56973,2262,0,0
1988-01-19,5.90144,5.90144,5.90144,5.90144,1.56973,0,0,0
1988-01-20,5.90144,5.90144,5.90144,5.90144,1.56973,0,0,0
1988-01-21,6.10037,6.10037,6.10037,6.10037,1.62264,377,0,0
1988-01-22,6.10037,6.10037,5.90144,5.90144,1.56973,30162,0,0
1988-01-25,5.90144,6.03406,5.90144,6.03406,1.605,9803,0,0
1988-01-26,6.03406,6.10037,5.90144,5.90144,1.56973,5655,0,0
1988-01-27,6.10037,6.10037,6.10037,6.10037,1.62264,377,0,0
1988-01-28,6.10037,6.10037,5.90144,6.10037,1.62264,1885,0,0
1988-01-29,6.10037,6.10037,6.10037,6.10037,1.62264,1131,0,0
1988-02-01,6.10037,6.10037,6.10037,6.10037,1.62264,4147,0,0
1988-02-02,6.10037,6.10037,5.90144,6.03406,1.605,47505,0,0
1988-02-03,6.16667,6.29929,6.16667,6.29929,1.67555,1885,0,0
1988-02-04,6.19983,6.19983,6.19983,6.19983,1.64909,2639,0,0
1988-02-05,6.19983,6.29929,6.16667,6.16667,1.64027,3016,0,0
1988-02-08,6.16667,6.29929,6.16667,6.29929,1.67555,3016,0,0
1988-02-09,6.23298,6.23298,6.23298,6.23298,1.65791,1885,0,0
1988-02-10,6.23298,6.29929,5.96775,6.03406,1.605,25638,0,0
1988-02-11,5.96775,5.96775,5.96775,5.96775,1.58736,377,0,0
1988-02-12,5.96775,6.16667,5.96775,6.03406,1.605,9803,0,0
1988-02-16,6.03406,6.10037,5.96775,6.10037,1.62264,2262,0,0
1988-02-17,6.10037,6.10037,6.10037,6.10037,1.62264,2262,0,0
1988-02-18,6.10037,6.10037,5.96775,5.96775,1.58736,3770,0,0
1988-02-19,5.96775,6.10037,5.83513,5.83513,1.55209,12442,0,0
1988-02-22,5.83513,6.03406,5.83513,5.83513,1.55209,754,0,0
1988-02-23,5.96775,5.96775,5.96775,5.96775,1.58736,3016,0,0
1988-02-24,5.96775,5.96775,5.96775,5.96775,1.58736,4901,0,0
1988-02-25,5.96775,5.96775,5.83513,5.96775,1.58736,4901,0,0
1988-02-26,5.96775,5.96775,5.83513,5.96775,1.58736,22622,0,0
1988-02-29,5.96775,6.10037,5.90144,5.96775,1.58736,39211,0,0
1988-03-01,6.16667,6.16667,6.16667,6.16667,1.64027,1885,0,0
1988-03-02,6.16667,6.16667,6.16667,6.16667,1.64027,10180,0,0
1988-03-03,6.29929,6.29929,6.29929,6.29929,1.67555,377,0,0
1988-03-04,6.29929,6.29929,6.29929,6.29929,1.67555,2639,0,0
1988-03-07,6.29929,6.3656,6.23298,6.3656,1.69319,4524,0,0
1988-03-08,6.3656,6.3656,6.3656,6.3656,1.69319,3016,0,0
1988-03-09,6.3656,6.56452,6.3656,6.56452,1.7461,754,0,0
1988-03-10,6.3656,6.3656,6.3656,6.3656,1.69319,3770,0,0
1988-03-11,6.39875,6.56452,6.39875,6.56452,1.7461,2262,0,0
1988-03-14,6.56452,6.56452,6.56452,6.56452,1.7461,0,0,0
1988-03-15,6.3656,6.3656,6.3656,6.3656,1.69319,754,0,0
1988-03-16,6.3656,6.49822,6.3656,6.43191,1.71083,4524,0,0
1988-03-17,6.43191,6.43191,6.43191,6.43191,1.71083,377,0,0
1988-03-18,6.43191,6.43191,6.3656,6.43191,1.71083,2262,0,0
1988-03-21,6.43191,6.43191,6.43191,6.43191,1.71083,377,0,0
1988-03-22,6.43191,6.43191,6.23298,6.23298,1.65791,12442,0,0
1988-03-23,6.23298,6.23298,6.23298,6.23298,1.65791,0,0,0
1988-03-24,6.23298,6.3656,6.23298,6.23298,1.65791,9803,0,0
1988-03-25,6.23298,6.29929,6.23298,6.23298,1.67214,9049,0.053047,0
1988-03-28,6.23298,6.29929,6.23298,6.29929,1.68993,2639,0,0
1988-03-29,6.29929,6.29929,6.23298,6.29929,1.68993,10180,0,0
1988-03-30,6.29929,6.29929,6.23298,6.29929,1.68993,9049,0,0
1988-03-31,6.29929,6.3656,6.23298,6.3656,1.70772,9426,0,0
1988-04-04,6.3656,6.3656,6.23298,6.23298,1.67214,5278,0,0
1988-04-05,6.23298,6.3656,6.23298,6.3656,1.70772,1131,0,0
1988-04-06,6.3656,6.3656,6.23298,6.23298,1.67214,9426,0,0
1988-04-07,6.23298,6.3656,6.23298,6.3656,1.70772,8672,0,0
1988-04-08,6.3656,6.3656,6.23298,6.23298,1.67214,13196,0,0
1988-04-11,6.23298,6.23298,6.23298,6.23298,1.67214,3393,0,0
1988-04-12,6.29929,6.43191,6.29929,6.29929,1.68993,6032,0,0
1988-04-13,6.29929,6.43191,6.29929,6.29929,1.68993,9049,0,0
1988-04-14,6.29929,6.43191,6.29929,6.29929,1.68993,13196,0,0
1988-04-15,6.29929,6.43191,6.23298,6.3656,1.70772,40719,0,0
1988-04-18,6.3656,6.3656,6.29929,6.3656,1.70772,7541,0,0
1988-04-19,6.3656,6.49822,6.3656,6.49822,1.7433,10180,0,0
1988-04-20,6.49822,6.49822,6.49822,6.49822,1.7433,0,0,0
1988-04-21,6.3656,6.3656,6.3656,6.3656,1.70772,754,0,0
1988-04-22,6.3656,6.3656,6.3656,6.3656,1.70772,3770,0,0
1988-04-25,6.43191,6.49822,6.43191,6.43191,1.72551,1885,0,0
1988-04-26,6.43191,6.43191,6.3656,6.43191,1.72551,7918,0,0
1988-04-27,6.43191,6.43191,6.3656,6.3656,1.70772,3393,0,0
1988-04-28,6.3656,6.3656,6.3656,6.3656,1.70772,754,0,0
1988-04-29,6.3656,6.3656,6.3656,6.3656,1.70772,754,0,0
1988-05-02,6.3656,6.43191,6.33245,6.3656,1.70772,56177,0,0
1988-05-03,6.39875,6.49822,6.39875,6.49822,1.7433,5655,0,0
1988-05-04,6.3656,6.3656,6.3656,6.3656,1.70772,2262,0,0
1988-05-05,6.3656,6.49822,6.3656,6.49822,1.7433,12442,0,0
1988-05-06,6.49822,6.49822,6.3656,6.49822,1.7433,1508,0,0
1988-05-09,6.49822,6.49822,6.3656,6.49822,1.7433,4147,0,0
1988-05-10,6.49822,6.49822,6.3656,6.3656,1.70772,2262,0,0
1988-05-11,6.3656,6.49822,6.03406,6.16667,1.65436,33932,0,0
1988-05-12,6.16667,6.23298,6.16667,6.16667,1.65436,4147,0,0
1988-05-13,6.10037,6.10037,6.10037,6.10037,1.63657,2262,0,0
1988-05-16,6.10037,6.10037,6.10037,6.10037,1.63657,4901,0,0
1988-05-17,6.10037,6.10037,6.10037,6.10037,1.63657,3393,0,0
1988-05-18,6.10037,6.16667,5.83513,5.83513,1.56541,12819,0,0
1988-05-19,5.76882,5.76882,5.43728,5.63621,1.51205,23376,0,0
1988-05-20,5.63621,5.76882,5.5699,5.76882,1.54762,30162,0,0
1988-05-23,5.76882,5.76882,5.76882,5.76882,1.54762,754,0,0
1988-05-24,5.76882,5.76882,5.76882,5.76882,1.54762,4147,0,0
1988-05-25,5.76882,5.76882,5.70252,5.70252,1.52983,2639,0,0
1988-05-26,5.70252,5.76882,5.63621,5.73567,1.53873,35440,0,0
1988-05-27,5.70252,5.70252,5.5699,5.5699,1.49426,9049,0,0
1988-05-31,5.5699,5.76882,5.5699,5.76882,1.54762,30162,0,0
1988-06-01,5.76882,5.76882,5.76882,5.76882,1.54762,1885,0,0
1988-06-02,5.76882,5.76882,5.76882,5.76882,1.54762,0,0,0
1988-06-03,5.63621,5.63621,5.63621,5.63621,1.51205,3016,0,0
1988-06-06,5.76882,5.76882,5.76882,5.76882,1.54762,754,0,0
1988-06-07,5.63621,5.63621,5.63621,5.63621,1.51205,7541,0,0
1988-06-08,5.63621,5.63621,5.63621,5.63621,1.51205,754,0,0
1988-06-09,5.63621,5.70252,5.63621,5.70252,1.52983,5655,0,0
1988-06-10,5.70252,5.70252,5.63621,5.63621,1.51205,13196,0,0
1988-06-13,5.70252,5.70252,5.70252,5.70252,1.52983,1885,0,0
1988-06-14,5.63621,5.63621,5.63621,5.63621,1.51205,4147,0,0
1988-06-15,5.63621,5.70252,5.63621,5.63621,1.51205,9049,0,0
1988-06-16,5.63621,5.70252,5.63621,5.70252,1.52983,4524,0,0
1988-06-17,5.70252,5.70252,5.63621,5.63621,1.51205,3016,0,0
1988-06-20,5.70252,5.70252,5.70252,5.70252,1.52983,1885,0,0
1988-06-21,5.70252,5.70252,5.63621,5.63621,1.51205,4524,0,0
1988-06-22,5.63621,5.70252,5.63621,5.66936,1.52094,23753,0,0
1988-06-23,5.66936,5.70252,5.63621,5.63621,1.51205,1131,0,0
1988-06-24,5.63621,5.70252,5.63621,5.63621,1.52641,15081,0.053047,0
1988-06-27,5.66936,5.66936,5.66936,5.66936,1.53539,1131,0,0
1988-06-28,5.63621,5.63621,5.50359,5.50359,1.4905,17720,0,0
1988-06-29,5.50359,5.50359,5.50359,5.50359,1.4905,0,0,0
1988-06-30,5.50359,5.50359,5.50359,5.50359,1.4905,0,0,0
1988-07-01,5.50359,5.63621,5.50359,5.63621,1.52641,3016,0,0
1988-07-05,5.63621,5.63621,5.63621,5.63621,1.52641,0,0,0
1988-07-06,5.63621,5.63621,5.63621,5.63621,1.52641,2639,0,0
1988-07-07,5.63621,5.63621,5.63621,5.63621,1.52641,5655,0,0
1988-07-08,5.63621,5.63621,5.43728,5.63621,1.52641,5655,0,0
1988-07-11,5.63621,5.63621,5.43728,5.50359,1.4905,19605,0,0
1988-07-12,5.50359,5.63621,5.43728,5.63621,1.52641,6409,0,0
1988-07-13,5.63621,5.63621,5.63621,5.63621,1.52641,5278,0,0
1988-07-14,5.63621,5.63621,5.43728,5.63621,1.52641,3393,0,0
1988-07-15,5.63621,5.70252,5.50359,5.66936,1.53539,73143,0,0
1988-07-18,5.70252,5.83513,5.70252,5.83513,1.58028,15835,0,0
1988-07-19,5.83513,5.83513,5.83513,5.83513,1.58028,0,0,0
1988-07-20,5.83513,5.83513,5.70252,5.70252,1.54437,10180,0,0
1988-07-21,5.70252,5.83513,5.70252,5.83513,1.58028,8295,0,0
1988-07-22,5.73567,5.73567,5.70252,5.73567,1.55335,16589,0,0
1988-07-25,5.73567,5.83513,5.63621,5.63621,1.52641,3393,0,0
1988-07-26,5.63621,5.73567,5.63621,5.73567,1.55335,3770,0,0
1988-07-27,5.83513,5.83513,5.83513,5.83513,1.58028,754,0,0
1988-07-28,5.83513,5.83513,5.83513,5.83513,1.58028,0,0,0
1988-07-29,5.76882,5.76882,5.63621,5.63621,1.52641,15835,0,0
1988-08-01,5.70252,5.83513,5.70252,5.83513,1.58028,3770,0,0
1988-08-02,5.83513,5.83513,5.70252,5.83513,1.58028,14704,0,0
1988-08-03,5.83513,5.83513,5.63621,5.63621,1.52641,11688,0,0
1988-08-04,5.63621,5.63621,5.63621,5.63621,1.52641,1508,0,0
1988-08-05,5.70252,5.83513,5.70252,5.80198,1.57131,11688,0,0
1988-08-08,5.80198,5.83513,5.63621,5.66936,1.53539,10180,0,0
1988-08-09,5.66936,5.83513,5.63621,5.83513,1.58028,8295,0,0
1988-08-10,5.83513,5.83513,5.83513,5.83513,1.58028,1885,0,0
1988-08-11,5.83513,5.83513,5.63621,5.63621,1.52641,18474,0,0
1988-08-12,5.63621,5.73567,5.63621,5.70252,1.54437,7918,0,0
1988-08-15,5.63621,5.63621,5.50359,5.63621,1.52641,40719,0,0
1988-08-16,5.63621,5.63621,5.63621,5.63621,1.52641,1131,0,0
1988-08-17,5.5699,5.5699,5.43728,5.5699,1.50845,12065,0,0
1988-08-18,5.5699,5.5699,5.43728,5.5699,1.50845,2639,0,0
1988-08-19,5.43728,5.43728,5.43728,5.43728,1.47254,3770,0,0
1988-08-22,5.43728,5.5699,5.37097,5.37097,1.45458,13196,0,0
1988-08-23,5.37097,5.43728,5.30467,5.30467,1.43662,3770,0,0
1988-08-24,5.37097,5.43728,5.37097,5.37097,1.45458,16212,0,0
1988-08-25,5.37097,5.43728,5.30467,5.43728,1.47254,1885,0,0
1988-08-26,5.43728,5.43728,5.30467,5.30467,1.43662,19982,0,0
1988-08-29,5.43728,5.43728,5.43728,5.43728,1.47254,377,0,0
1988-08-30,5.43728,5.43728,5.43728,5.43728,1.47254,3016,0,0
1988-08-31,5.43728,5.43728,5.43728,5.43728,1.47254,377,0,0
1988-09-01,5.43728,5.43728,5.30467,5.43728,1.47254,17720,0,0
1988-09-02,5.43728,5.43728,5.30467,5.30467,1.43662,1885,0,0
1988-09-06,5.30467,5.43728,5.30467,5.43728,1.47254,6032,0,0
1988-09-07,5.43728,5.43728,5.40413,5.40413,1.46356,4147,0,0
1988-09-08,5.40413,5.43728,5.30467,5.43728,1.47254,3770,0,0
1988-09-09,5.43728,5.43728,5.30467,5.37097,1.45458,23753,0,0
1988-09-12,5.43728,5.5699,5.43728,5.5699,1.50845,27146,0,0
1988-09-13,5.37097,5.37097,5.37097,5.37097,1.45458,12442,0,0
1988-09-14,5.37097,5.50359,5.37097,5.50359,1.4905,13573,0,0
1988-09-15,5.5699,5.5699,5.5699,5.5699,1.50845,3393,0,0
1988-09-16,5.5699,5.5699,5.43728,5.43728,1.47254,9426,0,0
1988-09-19,5.5699,5.5699,5.5699,5.5699,1.50845,3016,0,0
1988-09-20,5.5699,5.5699,5.43728,5.5699,1.50845,9803,0,0
1988-09-21,5.5699,5.5699,5.43728,5.50359,1.4905,16589,0,0
1988-09-22,5.50359,5.5699,5.43728,5.43728,1.47254,12065,0,0
1988-09-23,5.43728,5.5699,5.43728,5.5699,1.50845,6786,0,0
1988-09-26,5.5699,5.5699,5.43728,5.47044,1.49576,8295,0.053047,0
1988-09-27,5.43728,5.43728,5.43728,5.43728,1.4867,1131,0,0
1988-09-28,5.43728,5.50359,5.37097,5.37097,1.46857,20736,0,0
1988-09-29,5.37097,5.50359,5.37097,5.43728,1.4867,35063,0,0
1988-09-30,5.43728,5.50359,5.37097,5.50359,1.50483,10557,0,0
1988-10-03,5.50359,5.50359,5.37097,5.50359,1.50483,23376,0,0
1988-10-04,5.50359,5.50359,5.50359,5.50359,1.50483,377,0,0
1988-10-05,5.50359,5.50359,5.50359,5.50359,1.50483,4901,0,0
1988-10-06,5.50359,5.50359,5.37097,5.50359,1.50483,4147,0,0
1988-10-07,5.50359,5.50359,5.50359,5.50359,1.50483,1131,0,0
1988-10-10,5.50359,5.5699,5.50359,5.5699,1.52296,1131,0,0
1988-10-11,5.5699,5.5699,5.5699,5.5699,1.52296,1508,0,0
1988-10-12,5.5699,5.5699,5.5699,5.5699,1.52296,377,0,0
1988-10-13,5.5699,5.70252,5.50359,5.70252,1.55922,21868,0,0
1988-10-14,5.5699,5.5699,5.5699,5.5699,1.52296,754,0,0
1988-10-17,5.5699,5.83513,5.5699,5.70252,1.55922,11311,0,0
1988-10-18,5.70252,5.73567,5.70252,5.70252,1.55922,71258,0,0
1988-10-19,5.70252,5.83513,5.70252,5.83513,1.59548,32801,0,0
1988-10-20,5.83513,5.90144,5.76882,5.90144,1.61361,32424,0,0
1988-10-21,5.90144,5.90144,5.76882,5.83513,1.59548,18097,0,0
1988-10-24,5.83513,5.96775,5.83513,5.83513,1.59548,7164,0,0
1988-10-25,5.83513,5.90144,5.83513,5.90144,1.61361,4147,0,0
1988-10-26,5.90144,6.03406,5.83513,6.03406,1.64987,42227,0,0
1988-10-27,5.96775,5.96775,5.90144,5.96775,1.63174,14704,0,0
1988-10-28,5.90144,5.90144,5.90144,5.90144,1.61361,1508,0,0
1988-10-31,5.90144,6.03406,5.90144,6.03406,1.64987,5655,0,0
1988-11-01,6.03406,6.03406,5.90144,6.03406,1.64987,1885,0,0
1988-11-02,5.90144,5.90144,5.90144,5.90144,1.61361,377,0,0
1988-11-03,6.03406,6.03406,6.03406,6.03406,1.64987,1508,0,0
1988-11-04,6.03406,6.03406,5.90144,5.90144,1.61361,1131,0,0
1988-11-07,5.90144,6.03406,5.90144,6.03406,1.64987,4147,0,0
1988-11-08,6.03406,6.03406,5.9346,5.9346,1.62268,13196,0,0
1988-11-09,5.9346,6.03406,5.90144,6.03406,1.64987,4147,0,0
1988-11-10,6.03406,6.03406,5.90144,6.03406,1.64987,4147,0,0
1988-11-11,6.03406,6.03406,5.90144,5.90144,1.61361,4147,0,0
1988-11-14,5.90144,5.90144,5.90144,5.90144,1.61361,377,0,0
1988-11-15,5.90144,6.0009,5.90144,5.90144,1.61361,5655,0,0
1988-11-16,5.90144,5.9346,5.83513,5.83513,1.59548,36949,0,0
1988-11-17,5.83513,5.96775,5.76882,5.76882,1.57735,26015,0,0
1988-11-18,5.76882,5.90144,5.76882,5.76882,1.57735,3016,0,0
1988-11-21,5.76882,5.90144,5.76882,5.76882,1.57735,14327,0,0
1988-11-22,5.76882,5.83513,5.70252,5.70252,1.55922,28277,0,0
1988-11-23,5.70252,5.73567,5.70252,5.70252,1.55922,10934,0,0
1988-11-25,5.70252,5.83513,5.63621,5.70252,1.55922,5655,0,0
1988-11-28,5.70252,5.70252,5.5699,5.70252,1.55922,15081,0,0
1988-11-29,5.63621,5.63621,5.50359,5.50359,1.50483,36195,0,0
1988-11-30,5.50359,5.50359,5.50359,5.50359,1.50483,377,0,0
1988-12-01,5.53675,5.5699,5.53675,5.53675,1.51389,18851,0,0
1988-12-02,5.50359,5.50359,5.50359,5.50359,1.50483,1508,0,0
1988-12-05,5.50359,5.5699,5.50359,5.50359,1.50483,754,0,0
1988-12-06,5.50359,5.5699,5.50359,5.5699,1.52296,64472,0,0
1988-12-07,5.5699,5.5699,5.43728,5.53675,1.51389,14704,0,0
1988-12-08,5.53675,5.5699,5.43728,5.5699,1.52296,4524,0,0
1988-12-09,5.5699,5.5699,5.43728,5.5699,1.52296,4901,0,0
1988-12-12,5.50359,5.50359,5.43728,5.50359,1.50483,17720,0,0
1988-12-13,5.50359,5.5699,5.43728,5.50359,1.50483,15458,0,0
1988-12-14,5.50359,5.50359,5.43728,5.43728,1.4867,18851,0,0
1988-12-15,5.43728,5.50359,5.43728,5.50359,1.50483,6032,0,0
1988-12-16,5.50359,5.50359,5.43728,5.43728,1.4867,6786,0,0
1988-12-19,5.50359,5.50359,5.50359,5.50359,1.50483,3393,0,0
1988-12-20,5.50359,5.50359,5.37097,5.37097,1.46857,7164,0,0
1988-12-21,5.43728,5.43728,5.43728,5.43728,1.4867,2262,0,0
1988-12-22,5.43728,5.50359,5.37097,5.37097,1.46857,33555,0,0
1988-12-23,5.40413,5.40413,5.40413,5.40413,1.47763,754,0,0
1988-12-27,5.37097,5.37097,5.37097,5.37097,1.48313,2262,0.053047,0
1988-12-28,5.37097,5.50359,5.37097,5.43728,1.50144,12819,0,0
1988-12-29,5.43728,5.47044,5.30467,5.47044,1.51059,7164,0,0
1988-12-30,5.47044,5.50359,5.37097,5.43728,1.50144,119140,0,0
1989-01-03,5.43728,5.50359,5.30467,5.37097,1.48313,10180,0,0
1989-01-04,5.30467,5.30467,5.30467,5.30467,1.46481,4147,0,0
1989-01-05,5.30467,5.30467,5.30467,5.30467,1.46481,8295,0,0
1989-01-06,5.50359,5.50359,5.50359,5.50359,1.51974,377,0,0
1989-01-09,5.50359,5.50359,5.37097,5.37097,1.48313,5278,0,0
1989-01-10,5.37097,5.50359,5.37097,5.37097,1.48313,13950,0,0
1989-01-11,5.50359,5.50359,5.50359,5.50359,1.51974,7541,0,0
1989-01-12,5.50359,5.5699,5.37097,5.5699,1.53805,18851,0,0
1989-01-13,5.5699,5.5699,5.50359,5.50359,1.51974,11688,0,0
1989-01-16,5.50359,5.60305,5.50359,5.60305,1.54721,1885,0,0
1989-01-17,5.60305,5.90144,5.5699,5.90144,1.62961,62963,0,0
1989-01-18,5.90144,5.96775,5.83513,5.96775,1.64792,19982,0,0
1989-01-19,5.96775,6.16667,5.86829,6.16667,1.70285,13196,0,0
1989-01-20,6.16667,6.23298,6.03406,6.23298,1.72116,16966,0,0
1989-01-23,6.23298,6.23298,6.10037,6.16667,1.70285,51653,0,0
1989-01-24,6.16667,6.23298,6.10037,6.10037,1.68454,30162,0,0
1989-01-25,6.10037,6.23298,6.10037,6.23298,1.72116,2262,0,0
1989-01-26,6.23298,6.23298,6.10037,6.10037,1.68454,62963,0,0
1989-01-27,6.10037,6.23298,6.10037,6.10037,1.68454,32801,0,0
1989-01-30,6.10037,6.23298,6.10037,6.10037,1.68454,19982,0,0
1989-01-31,6.10037,6.13352,6.10037,6.10037,1.68454,7164,0,0
1989-02-01,6.10037,6.23298,6.10037,6.23298,1.72116,32047,0,0
1989-02-02,6.23298,6.23298,6.10037,6.10037,1.68454,13196,0,0
1989-02-03,6.10037,6.23298,6.10037,6.10037,1.68454,4524,0,0
1989-02-06,6.16667,6.23298,6.16667,6.16667,1.70285,3393,0,0
1989-02-07,6.16667,6.23298,6.03406,6.16667,1.70285,18097,0,0
1989-02-08,6.16667,6.16667,6.03406,6.13352,1.69369,31293,0,0
1989-02-09,5.63621,5.63621,5.63621,5.63621,1.55637,6032,0,0
1989-02-10,5.5699,5.5699,5.5699,5.5699,1.53805,754,0,0
1989-02-13,5.5699,5.63621,5.50359,5.50359,1.51974,5278,0,0
1989-02-14,5.50359,5.63621,5.50359,5.50359,1.51974,3393,0,0
1989-02-15,5.5699,5.5699,5.5699,5.5699,1.53805,8672,0,0
1989-02-16,5.5699,5.63621,5.50359,5.50359,1.51974,754,0,0
1989-02-17,5.50359,5.50359,5.50359,5.50359,1.51974,0,0,0
1989-02-21,5.50359,5.5699,5.50359,5.5699,1.53805,10180,0,0
1989-02-22,5.5699,5.63621,5.50359,5.50359,1.51974,4147,0,0
1989-02-23,5.50359,5.63621,5.50359,5.5699,1.53805,10180,0,0
1989-02-24,5.5699,5.63621,5.50359,5.50359,1.51974,9803,0,0
1989-02-27,5.50359,5.50359,5.50359,5.50359,1.51974,0,0,0
1989-02-28,5.5699,5.63621,5.5699,5.5699,1.53805,9049,0,0
1989-03-01,5.5699,5.5699,5.43728,5.50359,1.51974,34309,0,0
1989-03-02,5.43728,5.43728,5.43728,5.43728,1.50144,9803,0,0
1989-03-03,5.5699,5.5699,5.5699,5.5699,1.53805,754,0,0
1989-03-06,5.43728,5.43728,5.37097,5.43728,1.50144,9426,0,0
1989-03-07,5.43728,5.43728,5.43728,5.43728,1.50144,0,0,0
1989-03-08,5.43728,5.43728,5.43728,5.43728,1.50144,0,0,0
1989-03-09,5.43728,5.50359,5.37097,5.50359,1.51974,19982,0,0
1989-03-10,5.50359,5.50359,5.50359,5.50359,1.51974,754,0,0
1989-03-13,5.50359,5.50359,5.50359,5.50359,1.51974,0,0,0
1989-03-14,5.50359,5.50359,5.37097,5.37097,1.48313,8295,0,0
1989-03-15,5.37097,5.50359,5.37097,5.50359,1.51974,3393,0,0
1989-03-16,5.50359,5.50359,5.50359,5.50359,1.51974,1508,0,0
1989-03-17,5.37097,5.37097,5.37097,5.37097,1.49756,3770,0.053047,0
1989-03-20,5.37097,5.43728,5.23836,5.37097,1.49756,7164,0,0
1989-03-21,5.37097,5.37097,5.17205,5.37097,1.49756,87093,0,0
1989-03-22,5.37097,5.37097,5.17205,5.37097,1.49756,22245,0,0
1989-03-23,5.37097,5.43728,5.37097,5.37097,1.49756,2639,0,0
1989-03-27,5.30467,5.30467,5.23836,5.27151,1.46983,28654,0,0
1989-03-28,5.27151,5.37097,5.23836,5.23836,1.46058,1885,0,0
1989-03-29,5.23836,5.37097,5.23836,5.33782,1.48832,19982,0,0
1989-03-30,5.33782,5.37097,5.17205,5.37097,1.49756,17720,0,0
1989-03-31,5.37097,5.37097,5.17205,5.17205,1.44209,1885,0,0
1989-04-03,5.17205,5.37097,5.17205,5.17205,1.44209,4524,0,0
1989-04-04,5.17205,5.37097,5.17205,5.37097,1.49756,1885,0,0
1989-04-05,5.37097,5.37097,5.27151,5.30467,1.47907,1885,0,0
1989-04-06,5.30467,5.37097,5.30467,5.37097,1.49756,30916,0,0
1989-04-07,5.37097,5.37097,5.30467,5.30467,1.47907,23753,0,0
1989-04-10,5.30467,5.43728,5.30467,5.43728,1.51605,29785,0,0
1989-04-11,5.43728,5.5699,5.37097,5.5699,1.55302,4147,0,0
1989-04-12,5.5699,5.60305,5.37097,5.60305,1.56227,29031,0,0
1989-04-13,5.60305,5.63621,5.50359,5.63621,1.57151,24130,0,0
1989-04-14,5.63621,5.63621,5.50359,5.63621,1.57151,14704,0,0
1989-04-17,5.63621,5.70252,5.50359,5.66936,1.58076,33555,0,0
1989-04-18,5.66936,5.70252,5.5699,5.70252,1.59,15081,0,0
1989-04-19,5.70252,5.70252,5.5699,5.60305,1.56227,50522,0,0
1989-04-20,5.60305,5.70252,5.5699,5.60305,1.56227,21868,0,0
1989-04-21,5.60305,5.70252,5.5699,5.63621,1.57151,49768,0,0
1989-04-24,5.63621,5.70252,5.63621,5.66936,1.58076,12065,0,0
1989-04-25,5.66936,5.70252,5.5699,5.70252,1.59,3770,0,0
1989-04-26,5.70252,5.70252,5.63621,5.70252,1.59,14327,0,0
1989-04-27,5.70252,5.83513,5.66936,5.83513,1.62698,11688,0,0
1989-04-28,5.83513,5.90144,5.76882,5.90144,1.64547,13573,0,0
1989-05-01,5.90144,5.90144,5.90144,5.90144,1.64547,2262,0,0
1989-05-02,5.90144,5.90144,5.90144,5.90144,1.64547,0,0,0
1989-05-03,5.90144,5.96775,5.90144,5.96775,1.66396,29785,0,0
1989-05-04,5.96775,6.10037,5.96775,6.10037,1.70093,8295,0,0
1989-05-05,6.10037,6.10037,5.90144,5.96775,1.66396,130451,0,0
1989-05-08,6.10037,6.10037,6.10037,6.10037,1.70093,1131,0,0
1989-05-09,6.10037,6.10037,5.90144,6.10037,1.70093,15081,0,0
1989-05-10,6.10037,6.10037,5.9346,6.10037,1.70093,2639,0,0
1989-05-11,6.10037,6.23298,6.10037,6.16667,1.71942,41473,0,0
1989-05-12,6.16667,6.29929,6.16667,6.29929,1.7564,15835,0,0
1989-05-15,6.29929,6.29929,6.16667,6.29929,1.7564,5655,0,0
1989-05-16,6.29929,6.29929,6.16667,6.29929,1.7564,6409,0,0
1989-05-17,6.29929,6.29929,6.16667,6.16667,1.71942,3393,0,0
1989-05-18,6.16667,6.29929,6.16667,6.29929,1.7564,2262,0,0
1989-05-19,6.29929,6.29929,6.16667,6.29929,1.7564,5278,0,0
1989-05-22,6.29929,6.29929,6.16667,6.19983,1.72866,7918,0,0
1989-05-23,6.19983,6.29929,6.16667,6.29929,1.7564,10934,0,0
1989-05-24,6.16667,6.16667,6.16667,6.16667,1.71942,1885,0,0
1989-05-25,6.16667,6.29929,6.16667,6.29929,1.7564,6409,0,0
1989-05-26,6.29929,6.29929,6.29929,6.29929,1.7564,1508,0,0
1989-05-30,6.29929,6.29929,6.16667,6.16667,1.71942,4147,0,0
1989-05-31,6.16667,6.29929,6.16667,6.16667,1.71942,10557,0,0
1989-06-01,6.23298,6.3656,6.23298,6.3656,1.77489,13950,0,0
1989-06-02,6.3656,6.3656,6.29929,6.29929,1.7564,6409,0,0
1989-06-05,6.29929,6.3656,6.29929,6.29929,1.7564,7541,0,0
1989-06-06,6.29929,6.3656,6.29929,6.3656,1.77489,1131,0,0
1989-06-07,6.3656,6.49822,6.29929,6.49822,1.81186,7918,0,0
1989-06-08,6.49822,6.49822,6.43191,6.43191,1.79337,8295,0,0
1989-06-09,6.56452,6.63083,6.56452,6.63083,1.84884,1131,0,0
1989-06-12,6.63083,6.63083,6.43191,6.43191,1.79337,9049,0,0
1989-06-13,6.43191,6.63083,6.43191,6.63083,1.84884,3393,0,0
1989-06-14,6.63083,6.63083,6.43191,6.63083,1.84884,7164,0,0
1989-06-15,6.63083,6.63083,6.63083,6.63083,1.84884,3016,0,0
1989-06-16,6.43191,6.43191,6.43191,6.43191,1.79337,3016,0,0
1989-06-19,6.56452,6.63083,6.56452,6.56452,1.84557,8672,0.053047,0
1989-06-20,6.56452,6.63083,6.43191,6.63083,1.86421,29031,0,0
1989-06-21,6.63083,6.63083,6.43191,6.43191,1.80829,14704,0,0
1989-06-22,6.46506,6.49822,6.46506,6.49822,1.82693,12442,0,0
1989-06-23,6.49822,6.49822,6.3656,6.49822,1.82693,6032,0,0
1989-06-26,6.49822,6.49822,6.3656,6.3656,1.78965,15835,0,0
1989-06-27,6.3656,6.43191,6.3656,6.43191,1.80829,25261,0,0
1989-06-28,6.43191,6.43191,6.3656,6.43191,1.80829,101420,0,0
1989-06-29,6.3656,6.3656,6.23298,6.29929,1.771,18097,0,0
1989-06-30,6.3656,6.3656,6.3656,6.3656,1.78965,754,0,0
1989-07-03,6.3656,6.3656,6.3656,6.3656,1.78965,1885,0,0
1989-07-05,6.29929,6.29929,6.16667,6.16667,1.73372,3770,0,0
1989-07-06,6.16667,6.29929,6.16667,6.29929,1.771,3016,0,0
1989-07-07,6.29929,6.29929,6.16667,6.16667,1.73372,33932,0,0
1989-07-10,6.23298,6.23298,6.23298,6.23298,1.75236,754,0,0
1989-07-11,6.23298,6.23298,6.10037,6.23298,1.75236,22245,0,0
1989-07-12,6.23298,6.23298,6.10037,6.23298,1.75236,9049,0,0
1989-07-13,6.10037,6.10037,6.10037,6.10037,1.71508,2639,0,0
1989-07-14,6.23298,6.23298,6.23298,6.23298,1.75236,754,0,0
1989-07-17,6.23298,6.23298,6.16667,6.23298,1.75236,44866,0,0
1989-07-18,6.23298,6.23298,6.23298,6.23298,1.75236,9426,0,0
1989-07-19,6.23298,6.23298,6.10037,6.23298,1.75236,24507,0,0
1989-07-20,6.23298,6.23298,6.10037,6.10037,1.71508,8672,0,0
1989-07-21,6.23298,6.23298,6.23298,6.23298,1.75236,1508,0,0
1989-07-24,6.23298,6.23298,6.10037,6.23298,1.75236,5655,0,0
1989-07-25,6.23298,6.23298,6.23298,6.23298,1.75236,3393,0,0
1989-07-26,6.23298,6.23298,6.10037,6.23298,1.75236,36195,0,0
1989-07-27,6.23298,6.23298,6.16667,6.16667,1.73372,5278,0,0
1989-07-28,6.16667,6.23298,6.16667,6.19983,1.74304,19605,0,0
1989-07-31,6.19983,6.23298,6.10037,6.23298,1.75236,9049,0,0
1989-08-01,6.23298,6.23298,6.10037,6.10037,1.71508,5278,0,0
1989-08-02,6.23298,6.23298,6.23298,6.23298,1.75236,2262,0,0
1989-08-03,6.23298,6.23298,6.10037,6.16667,1.73372,57308,0,0
1989-08-04,6.23298,6.23298,6.23298,6.23298,1.75236,1131,0,0
1989-08-07,6.10037,6.10037,6.10037,6.10037,1.71508,7164,0,0
1989-08-08,6.10037,6.10037,6.10037,6.10037,1.71508,2639,0,0
1989-08-09,6.10037,6.23298,6.10037,6.23298,1.75236,2639,0,0
1989-08-10,6.23298,6.23298,6.10037,6.23298,1.75236,4147,0,0
1989-08-11,6.23298,6.23298,6.10037,6.23298,1.75236,1885,0,0
1989-08-14,6.23298,6.23298,6.10037,6.23298,1.75236,16966,0,0
1989-08-15,6.23298,6.23298,6.10037,6.23298,1.75236,1885,0,0
1989-08-16,6.23298,6.23298,6.10037,6.23298,1.75236,8672,0,0
1989-08-17,6.23298,6.23298,6.16667,6.23298,1.75236,5655,0,0
1989-08-18,6.23298,6.23298,6.10037,6.10037,1.71508,4901,0,0
1989-08-21,6.16667,6.23298,6.16667,6.23298,1.75236,1131,0,0
1989-08-22,6.19983,6.19983,6.10037,6.10037,1.71508,30162,0,0
1989-08-23,6.10037,6.10037,6.10037,6.10037,1.71508,754,0,0
1989-08-24,6.10037,6.19983,6.10037,6.10037,1.71508,13950,0,0
1989-08-25,6.10037,6.16667,5.90144,5.90144,1.65915,27523,0,0
1989-08-28,5.90144,6.03406,5.80198,5.80198,1.63119,19982,0,0
1989-08-29,5.9346,5.96775,5.9346,5.9346,1.66847,1131,0,0
1989-08-30,5.90144,5.90144,5.76882,5.90144,1.65915,11688,0,0
1989-08-31,5.83513,5.83513,5.83513,5.83513,1.64051,2262,0,0
1989-09-01,5.83513,5.90144,5.70252,5.90144,1.65915,278246,0,0
1989-09-05,5.90144,5.90144,5.90144,5.90144,1.65915,377,0,0
1989-09-06,5.90144,5.90144,5.76882,5.90144,1.65915,7541,0,0
1989-09-07,5.76882,5.76882,5.76882,5.76882,1.62187,754,0,0
1989-09-08,5.83513,5.90144,5.83513,5.86829,1.64983,16212,0,0
1989-09-11,5.76882,5.76882,5.76882,5.76882,1.62187,3016,0,0
1989-09-12,5.76882,5.86829,5.76882,5.86829,1.64983,754,0,0
1989-09-13,5.86829,5.86829,5.86829,5.86829,1.64983,7918,0,0
1989-09-14,5.86829,5.86829,5.86829,5.86829,1.64983,2262,0,0
1989-09-15,5.86829,5.96775,5.76882,5.96775,1.67779,246952,0,0
1989-09-18,5.90144,5.90144,5.86829,5.86829,1.66463,91994,0.053047,0
1989-09-19,5.86829,5.96775,5.76882,5.83513,1.65522,20736,0,0
1989-09-20,5.83513,5.96775,5.83513,5.83513,1.65522,1131,0,0
1989-09-21,5.83513,5.96775,5.83513,5.96775,1.69284,4524,0,0
1989-09-22,5.96775,5.96775,5.83513,5.96775,1.69284,9426,0,0
1989-09-25,5.96775,5.96775,5.96775,5.96775,1.69284,1131,0,0
1989-09-26,5.83513,5.83513,5.83513,5.83513,1.65522,1131,0,0
1989-09-27,5.96775,5.96775,5.96775,5.96775,1.69284,377,0,0
1989-09-28,5.96775,5.96775,5.96775,5.96775,1.69284,1885,0,0
1989-09-29,5.96775,5.96775,5.96775,5.96775,1.69284,1131,0,0
1989-10-02,5.96775,5.96775,5.9346,5.96775,1.69284,9049,0,0
1989-10-03,5.83513,5.83513,5.83513,5.83513,1.65522,377,0,0
1989-10-04,5.83513,5.96775,5.83513,5.90144,1.67403,8295,0,0
1989-10-05,5.90144,6.03406,5.83513,5.90144,1.67403,274098,0,0
1989-10-06,5.90144,5.90144,5.76882,5.83513,1.65522,7918,0,0
1989-10-09,5.90144,5.90144,5.90144,5.90144,1.67403,377,0,0
1989-10-10,5.90144,5.90144,5.76882,5.90144,1.67403,90863,0,0
1989-10-11,5.76882,5.76882,5.76882,5.76882,1.63641,7541,0,0
1989-10-12,5.83513,5.90144,5.83513,5.90144,1.67403,98027,0,0
1989-10-13,5.90144,5.90144,5.83513,5.83513,1.65522,1131,0,0
1989-10-16,5.83513,5.83513,5.63621,5.83513,1.65522,45620,0,0
1989-10-17,5.83513,5.83513,5.83513,5.83513,1.65522,6409,0,0
1989-10-18,5.83513,5.83513,5.76882,5.80198,1.64582,50522,0,0
1989-10-19,5.80198,5.83513,5.76882,5.80198,1.64582,33932,0,0
1989-10-20,5.73567,5.73567,5.73567,5.73567,1.62701,11311,0,0
1989-10-23,5.70252,5.70252,5.70252,5.70252,1.6176,1508,0,0
1989-10-24,5.83513,5.83513,5.83513,5.83513,1.65522,754,0,0
1989-10-25,5.63621,5.63621,5.63621,5.63621,1.59879,1885,0,0
1989-10-26,5.63621,5.63621,5.63621,5.63621,1.59879,0,0,0
1989-10-27,5.70252,5.76882,5.70252,5.73567,1.62701,17720,0,0
1989-10-30,5.73567,5.83513,5.63621,5.63621,1.59879,29408,0,0
1989-10-31,5.63621,5.76882,5.5699,5.76882,1.63641,336308,0,0
1989-11-01,5.76882,5.76882,5.66936,5.70252,1.6176,15081,0,0
1989-11-02,5.70252,5.70252,5.70252,5.70252,1.6176,0,0,0
1989-11-03,5.70252,5.76882,5.5699,5.76882,1.63641,7918,0,0
1989-11-06,5.76882,5.76882,5.5699,5.76882,1.63641,12819,0,0
1989-11-07,5.76882,5.76882,5.5699,5.5699,1.57998,3770,0,0
1989-11-08,5.5699,5.76882,5.5699,5.76882,1.63641,201709,0,0
1989-11-09,5.76882,5.83513,5.66936,5.76882,1.63641,660928,0,0
1989-11-10,5.76882,5.83513,5.70252,5.76882,1.63641,378912,0,0
1989-11-13,5.76882,5.76882,5.76882,5.76882,1.63641,0,0,0
1989-11-14,5.76882,5.76882,5.76882,5.76882,1.63641,0,0,0
1989-11-15,5.76882,5.83513,5.70252,5.73567,1.62701,504462,0,0
1989-11-16,5.73567,5.83513,5.70252,5.76882,1.63641,110092,0,0
1989-11-17,5.76882,5.76882,5.63621,5.63621,1.59879,13196,0,0
1989-11-20,5.5699,5.5699,5.5699,5.5699,1.57998,377,0,0
1989-11-21,5.5699,5.70252,5.5699,5.5699,1.57998,8295,0,0
1989-11-22,5.5699,5.70252,5.50359,5.5699,1.57998,45997,0,0
1989-11-24,5.5699,5.5699,5.43728,5.5699,1.57998,3393,0,0
1989-11-27,5.5699,5.5699,5.5699,5.5699,1.57998,2262,0,0
1989-11-28,5.43728,5.43728,5.43728,5.43728,1.54236,2639,0,0
1989-11-29,5.5699,5.5699,5.5699,5.5699,1.57998,19228,0,0
1989-11-30,5.5699,5.63621,5.43728,5.43728,1.54236,754,0,0
1989-12-01,5.43728,5.43728,5.43728,5.43728,1.54236,754,0,0
1989-12-04,5.43728,5.43728,5.43728,5.43728,1.54236,1131,0,0
1989-12-05,5.43728,5.5699,5.43728,5.5699,1.57998,3016,0,0
1989-12-06,5.5699,5.5699,5.5699,5.5699,1.57998,1885,0,0
1989-12-07,5.50359,5.50359,5.37097,5.40413,1.53296,23376,0,0
1989-12-08,5.47044,5.50359,5.47044,5.50359,1.56117,4524,0,0
1989-12-11,5.50359,5.50359,5.50359,5.50359,1.56117,3393,0,0
1989-12-12,5.50359,5.50359,5.37097,5.37097,1.52356,11311,0,0
1989-12-13,5.37097,5.50359,5.30467,5.30467,1.50475,14327,0,0
1989-12-14,5.30467,5.43728,5.23836,5.43728,1.54236,15458,0,0
1989-12-15,5.43728,5.43728,5.23836,5.43728,1.54236,15458,0,0
1989-12-18,5.43728,5.43728,5.23836,5.43728,1.54236,4147,0,0
1989-12-19,5.43728,5.90144,5.43728,5.90144,1.67403,27523,0,0
1989-12-20,5.90144,5.96775,5.76882,5.76882,1.63641,9803,0,0
1989-12-21,5.76882,5.96775,5.76882,5.96775,1.69284,6409,0,0
1989-12-22,5.96775,6.03406,5.83513,5.96775,1.69284,11311,0,0
1989-12-26,6.03406,6.16667,6.03406,6.10037,1.74598,98404,0.053047,0
1989-12-27,6.10037,6.16667,6.10037,6.16667,1.76496,14327,0,0
1989-12-28,6.16667,6.16667,6.06721,6.16667,1.76496,12065,0,0
1989-12-29,6.16667,6.16667,5.96775,5.96775,1.70802,2262,0,0
1990-01-02,5.96775,6.16667,5.96775,6.10037,1.74598,11688,0,0
1990-01-03,6.10037,6.16667,6.03406,6.03406,1.727,87470,0,0
1990-01-04,6.03406,6.16667,5.96775,6.13352,1.75547,6032,0,0
1990-01-05,6.13352,6.16667,5.96775,6.10037,1.74598,38834,0,0
1990-01-08,6.10037,6.16667,5.96775,6.13352,1.75547,44112,0,0
1990-01-09,6.13352,6.13352,6.03406,6.10037,1.74598,94634,0,0
1990-01-10,6.10037,6.23298,5.96775,6.23298,1.78394,95011,0,0
1990-01-11,6.23298,6.23298,6.03406,6.16667,1.76496,12065,0,0
1990-01-12,5.70252,5.70252,5.50359,5.50359,1.57518,13196,0,0
1990-01-15,5.50359,5.50359,5.50359,5.50359,1.57518,0,0,0
1990-01-16,5.5699,5.70252,5.5699,5.66936,1.62262,165892,0,0
1990-01-17,5.66936,5.66936,5.5699,5.66936,1.62262,148925,0,0
1990-01-18,5.66936,5.66936,5.66936,5.66936,1.62262,754,0,0
1990-01-19,5.5699,5.5699,5.5699,5.5699,1.59415,4147,0,0
1990-01-22,5.5699,5.66936,5.5699,5.66936,1.62262,61832,0,0
1990-01-23,5.66936,5.66936,5.5699,5.63621,1.61313,51653,0,0
1990-01-24,5.5699,5.5699,5.5699,5.5699,1.59415,3393,0,0
1990-01-25,5.5699,5.70252,5.5699,5.5699,1.59415,11311,0,0
1990-01-26,5.5699,5.70252,5.5699,5.5699,1.59415,22622,0,0
1990-01-29,5.5699,5.70252,5.5699,5.5699,1.59415,6786,0,0
1990-01-30,5.5699,5.70252,5.43728,5.43728,1.5562,70881,0,0
1990-01-31,5.43728,5.63621,5.37097,5.63621,1.61313,25638,0,0
1990-02-01,5.37097,5.37097,5.37097,5.37097,1.53722,2639,0,0
1990-02-02,5.37097,5.5699,5.37097,5.37097,1.53722,4901,0,0
1990-02-05,5.50359,5.5699,5.50359,5.50359,1.57518,3016,0,0
1990-02-06,5.5699,5.5699,5.5699,5.5699,1.59415,377,0,0
1990-02-07,5.5699,5.5699,5.5699,5.5699,1.59415,377,0,0
1990-02-08,5.37097,5.37097,5.37097,5.37097,1.53722,377,0,0
1990-02-09,5.37097,5.5699,5.37097,5.43728,1.5562,19982,0,0
1990-02-12,5.43728,5.5699,5.30467,5.30467,1.51824,10557,0,0
1990-02-13,5.30467,5.37097,5.23836,5.23836,1.49926,13573,0,0
1990-02-14,5.23836,5.43728,5.23836,5.37097,1.53722,28654,0,0
1990-02-15,5.37097,5.43728,5.30467,5.30467,1.51824,4524,0,0
1990-02-16,5.30467,5.43728,5.30467,5.30467,1.51824,1131,0,0
1990-02-20,5.30467,5.43728,5.30467,5.30467,1.51824,16966,0,0
1990-02-21,5.30467,5.30467,5.30467,5.30467,1.51824,0,0,0
1990-02-22,5.30467,5.37097,5.23836,5.23836,1.49926,38457,0,0
1990-02-23,5.23836,5.37097,5.23836,5.37097,1.53722,42227,0,0
1990-02-26,5.37097,5.37097,5.23836,5.37097,1.53722,41473,0,0
1990-02-27,5.37097,5.37097,5.23836,5.23836,1.49926,9803,0,0
1990-02-28,5.23836,5.37097,5.23836,5.23836,1.49926,3770,0,0
1990-03-01,5.23836,5.37097,5.23836,5.23836,1.49926,32047,0,0
1990-03-02,5.37097,5.37097,5.37097,5.37097,1.53722,754,0,0
1990-03-05,5.37097,5.37097,5.23836,5.27151,1.50875,36572,0,0
1990-03-06,5.27151,5.30467,5.23836,5.23836,1.49926,8672,0,0
1990-03-07,5.30467,5.37097,5.30467,5.30467,1.51824,18851,0,0
1990-03-08,5.37097,5.37097,5.37097,5.37097,1.53722,1508,0,0
1990-03-09,5.30467,5.30467,5.23836,5.30467,1.51824,1508,0,0
1990-03-12,5.30467,5.37097,5.23836,5.30467,1.51824,24884,0,0
1990-03-13,5.30467,5.37097,5.23836,5.37097,1.53722,3016,0,0
1990-03-14,5.37097,5.37097,5.23836,5.37097,1.53722,10557,0,0
1990-03-15,5.37097,5.37097,5.37097,5.37097,1.53722,754,0,0
1990-03-16,5.37097,5.37097,5.37097,5.37097,1.53722,0,0,0
1990-03-19,5.23836,5.23836,5.23836,5.23836,1.51422,6032,0.053047,0
1990-03-20,5.23836,5.33782,5.23836,5.23836,1.51422,9803,0,0
1990-03-21,5.23836,5.37097,5.23836,5.30467,1.53339,9803,0,0
1990-03-22,5.30467,5.30467,5.17205,5.17205,1.49505,18097,0,0
1990-03-23,5.17205,5.30467,5.17205,5.30467,1.53339,15081,0,0
1990-03-26,5.30467,5.30467,5.10574,5.10574,1.47588,6786,0,0
1990-03-27,5.30467,5.30467,5.10574,5.30467,1.53339,9426,0,0
1990-03-28,5.23836,5.23836,5.10574,5.10574,1.47588,6786,0,0
1990-03-29,5.23836,5.23836,5.1389,5.23836,1.51422,9426,0,0
1990-03-30,5.17205,5.17205,5.03943,5.03943,1.45672,52407,0,0
1990-04-02,5.17205,5.17205,5.03943,5.17205,1.49505,13950,0,0
1990-04-03,5.17205,5.17205,5.10574,5.10574,1.47588,7164,0,0
1990-04-04,5.03943,5.17205,4.97312,4.97312,1.43755,26015,0,0
1990-04-05,5.17205,5.17205,5.17205,5.17205,1.49505,6032,0,0
1990-04-06,5.17205,5.17205,4.97312,5.10574,1.47588,7541,0,0
1990-04-09,5.10574,5.10574,4.90682,4.97312,1.43755,13573,0,0
1990-04-10,4.97312,4.97312,4.7742,4.97312,1.43755,15081,0,0
1990-04-11,4.7742,4.97312,4.7742,4.93997,1.42797,6786,0,0
1990-04-12,4.97312,4.97312,4.7742,4.97312,1.43755,31293,0,0
1990-04-16,4.84051,4.97312,4.7742,4.97312,1.43755,123665,0,0
1990-04-17,4.97312,4.97312,4.87366,4.97312,1.43755,7164,0,0
1990-04-18,4.97312,4.97312,4.7742,4.7742,1.38005,23376,0,0
1990-04-19,4.90682,4.90682,4.57528,4.7742,1.38005,25638,0,0
1990-04-20,4.7742,4.7742,4.57528,4.70789,1.36088,38080,0,0
1990-04-23,4.7742,4.7742,4.50897,4.50897,1.30338,16589,0,0
1990-04-24,4.50897,4.70789,4.50897,4.50897,1.30338,22622,0,0
1990-04-25,4.64158,4.64158,4.37635,4.47581,1.2938,9426,0,0
1990-04-26,4.64158,4.64158,4.47581,4.47581,1.2938,2262,0,0
1990-04-27,4.60843,4.64158,4.47581,4.64158,1.34171,9426,0,0
1990-04-30,4.37635,4.64158,4.37635,4.47581,1.2938,12065,0,0
1990-05-01,4.64158,4.64158,4.37635,4.37635,1.26504,4524,0,0
1990-05-02,4.47581,4.64158,4.37635,4.60843,1.33213,19228,0,0
1990-05-03,4.64158,4.64158,4.37635,4.37635,1.26504,39965,0,0
1990-05-04,4.50897,4.50897,4.37635,4.44266,1.28421,52784,0,0
1990-05-07,4.37635,4.50897,4.37635,4.50897,1.30338,8295,0,0
1990-05-08,4.50897,4.50897,4.37635,4.50897,1.30338,7164,0,0
1990-05-09,4.50897,4.50897,4.37635,4.37635,1.26504,59193,0,0
1990-05-10,4.50897,4.50897,4.4095,4.50897,1.30338,75782,0,0
1990-05-11,4.50897,4.50897,4.44266,4.44266,1.28421,3016,0,0
1990-05-14,4.50897,4.50897,4.37635,4.50897,1.30338,10557,0,0
1990-05-15,4.37635,4.50897,4.37635,4.50897,1.30338,6409,0,0
1990-05-16,4.50897,4.50897,4.37635,4.50897,1.30338,12442,0,0
1990-05-17,4.50897,4.50897,4.50897,4.50897,1.30338,4524,0,0
1990-05-18,4.50897,4.50897,4.37635,4.50897,1.30338,26392,0,0
1990-05-21,4.50897,4.50897,4.3432,4.3432,1.25546,85585,0,0
1990-05-22,4.31004,4.50897,4.31004,4.50897,1.30338,10180,0,0
1990-05-23,4.44266,4.47581,4.31004,4.44266,1.28421,35063,0,0
1990-05-24,4.44266,4.44266,4.44266,4.44266,1.28421,2639,0,0
1990-05-25,4.44266,4.47581,4.31004,4.47581,1.2938,48259,0,0
1990-05-29,4.50897,4.50897,4.37635,4.44266,1.28421,9803,0,0
1990-05-30,4.50897,4.50897,4.37635,4.37635,1.26504,19605,0,0
1990-05-31,4.37635,4.50897,4.37635,4.50897,1.30338,85962,0,0
1990-06-01,4.50897,4.50897,4.44266,4.50897,1.30338,14327,0,0
1990-06-04,4.50897,4.50897,4.37635,4.44266,1.28421,11688,0,0
1990-06-05,4.50897,4.50897,4.37635,4.50897,1.30338,44112,0,0
1990-06-06,4.50897,4.50897,4.50897,4.50897,1.30338,3016,0,0
1990-06-07,4.44266,4.50897,4.37635,4.50897,1.30338,13573,0,0
1990-06-08,4.50897,4.50897,4.50897,4.50897,1.30338,4147,0,0
1990-06-11,4.50897,4.50897,4.50897,4.50897,1.30338,6409,0,0
1990-06-12,4.50897,4.50897,4.37635,4.50897,1.30338,36195,0,0
1990-06-13,4.50897,4.50897,4.50897,4.50897,1.30338,754,0,0
1990-06-14,4.4095,4.50897,4.4095,4.50897,1.30338,21113,0,0
1990-06-15,4.50897,4.50897,4.50897,4.50897,1.30338,3016,0,0
1990-06-18,4.44266,4.50897,4.31004,4.44266,1.2995,15081,0.053047,0
1990-06-19,4.44266,4.44266,4.31004,4.31004,1.26071,16966,0,0
1990-06-20,4.44266,4.44266,4.24373,4.44266,1.2995,184743,0,0
1990-06-21,4.31004,4.4095,4.24373,4.4095,1.2898,12442,0,0
1990-06-22,4.44266,4.44266,4.24373,4.37635,1.28011,42227,0,0
1990-06-25,4.44266,4.44266,4.44266,4.44266,1.2995,754,0,0
1990-06-26,4.44266,4.44266,4.24373,4.44266,1.2995,13196,0,0
1990-06-27,4.44266,4.44266,4.24373,4.24373,1.24131,22245,0,0
1990-06-28,4.37635,4.44266,4.37635,4.44266,1.2995,1131,0,0
1990-06-29,4.24373,4.44266,4.24373,4.44266,1.2995,32801,0,0
1990-07-02,4.27689,4.44266,4.27689,4.44266,1.2995,10180,0,0
1990-07-03,4.44266,4.44266,4.31004,4.44266,1.2995,7918,0,0
1990-07-05,4.44266,4.44266,4.31004,4.44266,1.2995,65226,0,0
1990-07-06,4.44266,4.44266,4.44266,4.44266,1.2995,1508,0,0
1990-07-09,4.44266,4.44266,4.31004,4.31004,1.26071,12065,0,0
1990-07-10,4.44266,4.44266,4.31004,4.31004,1.26071,18474,0,0
1990-07-11,4.44266,4.44266,4.24373,4.44266,1.2995,3770,0,0
1990-07-12,4.24373,4.44266,4.24373,4.44266,1.2995,6786,0,0
1990-07-13,4.24373,4.44266,4.24373,4.3432,1.27041,8672,0,0
1990-07-16,4.24373,4.44266,4.24373,4.31004,1.26071,110846,0,0
1990-07-17,4.31004,4.44266,4.31004,4.37635,1.28011,49013,0,0
1990-07-18,4.44266,4.44266,4.31004,4.3432,1.27041,41473,0,0
1990-07-19,4.44266,4.44266,4.31004,4.31004,1.26071,11688,0,0
1990-07-20,4.31004,4.44266,4.31004,4.44266,1.2995,10180,0,0
1990-07-23,4.44266,4.44266,4.31004,4.3432,1.27041,7541,0,0
1990-07-24,4.31004,4.44266,4.31004,4.44266,1.2995,14327,0,0
1990-07-25,4.44266,4.44266,4.24373,4.3432,1.27041,61832,0,0
1990-07-26,4.37635,4.37635,4.24373,4.24373,1.24131,10180,0,0
1990-07-27,4.37635,4.44266,4.24373,4.24373,1.24131,36572,0,0
1990-07-30,4.24373,4.31004,4.17743,4.17743,1.22192,25638,0,0
1990-07-31,4.17743,4.24373,4.17743,4.17743,1.22192,22999,0,0
1990-08-01,4.24373,4.24373,4.17743,4.17743,1.22192,19982,0,0
1990-08-02,4.24373,4.24373,4.11112,4.11112,1.20252,24507,0,0
1990-08-03,4.11112,4.24373,4.11112,4.14427,1.21222,19982,0,0
1990-08-06,4.11112,4.11112,3.9785,4.07796,1.19282,49390,0,0
1990-08-07,4.11112,4.11112,4.01165,4.07796,1.19282,71635,0,0
1990-08-08,4.07796,4.07796,3.9785,4.04481,1.18313,66357,0,0
1990-08-09,4.04481,4.04481,3.9785,4.04481,1.18313,10934,0,0
1990-08-10,4.04481,4.04481,3.94535,4.04481,1.18313,24884,0,0
1990-08-13,3.94535,4.04481,3.94535,3.9785,1.16373,10934,0,0
1990-08-14,4.04481,4.04481,3.94535,3.9785,1.16373,38834,0,0
1990-08-15,4.01165,4.01165,3.9785,3.9785,1.16373,7541,0,0
1990-08-16,4.01165,4.01165,3.94535,4.01165,1.17343,8295,0,0
1990-08-17,3.94535,4.01165,3.91219,3.91219,1.14434,52407,0,0
1990-08-20,3.87904,4.01165,3.87904,3.87904,1.13464,8295,0,0
1990-08-21,3.9785,3.9785,3.77957,3.9785,1.16373,67865,0,0
1990-08-22,3.9785,3.9785,3.77957,3.84588,1.12494,20359,0,0
1990-08-23,3.91219,3.91219,3.77957,3.91219,1.14434,4901,0,0
1990-08-24,3.77957,3.91219,3.77957,3.77957,1.10554,50145,0,0
1990-08-27,3.91219,3.91219,3.77957,3.91219,1.14434,13573,0,0
1990-08-28,3.87904,3.87904,3.81273,3.81273,1.11524,3016,0,0
1990-08-29,3.91219,3.91219,3.71327,3.71327,1.08615,41850,0,0
1990-08-30,3.91219,3.91219,3.71327,3.84588,1.12494,257509,0,0
1990-08-31,3.84588,3.84588,3.71327,3.71327,1.08615,9803,0,0
1990-09-04,3.84588,3.84588,3.77957,3.84588,1.12494,8672,0,0
1990-09-05,3.84588,3.84588,3.84588,3.84588,1.12494,9049,0,0
1990-09-06,3.84588,3.84588,3.71327,3.84588,1.12494,5278,0,0
1990-09-07,3.84588,3.84588,3.84588,3.84588,1.12494,3770,0,0
1990-09-10,3.71327,3.84588,3.71327,3.84588,1.12494,15458,0,0
1990-09-11,3.77957,3.84588,3.77957,3.84588,1.12494,13196,0,0
1990-09-12,3.74642,3.84588,3.71327,3.84588,1.12494,3016,0,0
1990-09-13,3.77957,3.84588,3.77957,3.84588,1.12494,4147,0,0
1990-09-14,3.71327,3.84588,3.71327,3.81273,1.11524,35440,0,0
1990-09-17,3.71327,3.84588,3.71327,3.84588,1.14081,2639,0.053047,0
1990-09-18,3.84588,3.84588,3.71327,3.71327,1.10147,10180,0,0
1990-09-19,3.84588,3.84588,3.81273,3.81273,1.13098,7164,0,0
1990-09-20,3.74642,3.84588,3.74642,3.84588,1.14081,30539,0,0
1990-09-21,3.84588,3.84588,3.71327,3.84588,1.14081,9803,0,0
1990-09-24,3.84588,3.84588,3.71327,3.74642,1.11131,32424,0,0
1990-09-25,3.71327,3.81273,3.71327,3.71327,1.10147,22245,0,0
1990-09-26,3.84588,3.84588,3.64696,3.64696,1.0818,74274,0,0
1990-09-27,3.64696,3.74642,3.64696,3.71327,1.10147,36572,0,0
1990-09-28,3.68011,3.71327,3.64696,3.71327,1.10147,221315,0,0
1990-10-01,3.64696,3.71327,3.64696,3.71327,1.10147,64472,0,0
1990-10-02,3.71327,3.71327,3.64696,3.64696,1.0818,24130,0,0
1990-10-03,3.64696,3.71327,3.64696,3.71327,1.10147,78044,0,0
1990-10-04,3.71327,3.71327,3.68011,3.71327,1.10147,7164,0,0
1990-10-05,3.64696,3.71327,3.58065,3.71327,1.10147,45620,0,0
1990-10-08,3.71327,3.71327,3.68011,3.71327,1.10147,24507,0,0
1990-10-09,3.58065,3.71327,3.58065,3.58065,1.06214,7164,0,0
1990-10-10,3.64696,3.64696,3.58065,3.64696,1.0818,56931,0,0
1990-10-11,3.64696,3.64696,3.58065,3.58065,1.06214,8672,0,0
1990-10-12,3.64696,3.64696,3.58065,3.64696,1.0818,13573,0,0
1990-10-15,3.6138,3.71327,3.58065,3.71327,1.10147,219052,0,0
1990-10-16,3.71327,3.74642,3.64696,3.74642,1.11131,66734,0,0
1990-10-17,3.77957,3.77957,3.68011,3.74642,1.11131,17720,0,0
1990-10-18,3.71327,3.77957,3.64696,3.77957,1.12114,14704,0,0
1990-10-19,3.77957,3.77957,3.64696,3.71327,1.10147,68242,0,0
1990-10-22,3.77957,3.77957,3.64696,3.71327,1.10147,17343,0,0
1990-10-23,3.71327,3.71327,3.71327,3.71327,1.10147,4901,0,0
1990-10-24,3.77957,3.77957,3.64696,3.77957,1.12114,36949,0,0
1990-10-25,3.64696,3.77957,3.64696,3.77957,1.12114,4901,0,0
1990-10-26,3.77957,3.77957,3.77957,3.77957,1.12114,1131,0,0
1990-10-29,3.77957,3.77957,3.77957,3.77957,1.12114,3016,0,0
1990-10-30,3.64696,3.77957,3.64696,3.64696,1.0818,6032,0,0
1990-10-31,3.77957,3.77957,3.64696,3.64696,1.0818,10934,0,0
1990-11-01,3.71327,3.77957,3.71327,3.77957,1.12114,10934,0,0
1990-11-02,3.64696,3.77957,3.64696,3.71327,1.10147,121780,0,0
1990-11-05,3.71327,3.77957,3.71327,3.71327,1.10147,4524,0,0
1990-11-06,3.68011,3.71327,3.64696,3.68011,1.09164,60324,0,0
1990-11-07,3.64696,3.68011,3.64696,3.68011,1.09164,19605,0,0
1990-11-08,3.64696,3.71327,3.64696,3.71327,1.10147,2262,0,0
1990-11-09,3.64696,3.71327,3.64696,3.64696,1.0818,6786,0,0
1990-11-12,3.71327,3.71327,3.71327,3.71327,1.10147,6409,0,0
1990-11-13,3.64696,3.71327,3.64696,3.71327,1.10147,45997,0,0
1990-11-14,3.71327,3.71327,3.64696,3.64696,1.0818,293704,0,0
1990-11-15,3.71327,3.71327,3.64696,3.64696,1.0818,9803,0,0
1990-11-16,3.71327,3.71327,3.64696,3.71327,1.10147,20359,0,0
1990-11-19,3.71327,3.77957,3.64696,3.77957,1.12114,74651,0,0
1990-11-20,3.64696,3.71327,3.58065,3.68011,1.09164,238281,0,0
1990-11-21,3.77957,3.77957,3.77957,3.77957,1.12114,1131,0,0
1990-11-23,3.77957,3.77957,3.64696,3.64696,1.0818,3393,0,0
1990-11-26,3.77957,3.77957,3.77957,3.77957,1.12114,377,0,0
1990-11-27,3.77957,3.77957,3.64696,3.77957,1.12114,4901,0,0
1990-11-28,3.77957,3.77957,3.77957,3.77957,1.12114,0,0,0
1990-11-29,3.77957,3.84588,3.71327,3.84588,1.14081,11688,0,0
1990-11-30,3.77957,3.9785,3.77957,3.77957,1.12114,58816,0,0
1990-12-03,3.77957,3.84588,3.77957,3.81273,1.13098,52030,0,0
1990-12-04,3.77957,3.9785,3.77957,3.9785,1.18015,20359,0,0
1990-12-05,3.77957,3.9785,3.77957,3.87904,1.15065,6786,0,0
1990-12-06,3.9785,4.04481,3.84588,3.9785,1.18015,10934,0,0
1990-12-07,3.9785,4.04481,3.84588,3.91219,1.16048,48259,0,0
1990-12-10,4.04481,4.04481,4.04481,4.04481,1.19982,1885,0,0
1990-12-11,4.04481,4.11112,3.91219,4.11112,1.21949,6786,0,0
1990-12-12,4.11112,4.11112,3.91219,4.11112,1.21949,16966,0,0
1990-12-13,4.11112,4.11112,3.91219,4.01165,1.18999,11311,0,0
1990-12-14,4.11112,4.11112,3.91219,3.9785,1.18015,94634,0,0
1990-12-17,3.91219,4.11112,3.91219,3.91219,1.17616,39965,0.053047,0
1990-12-18,3.91219,3.9785,3.91219,3.9785,1.1961,8295,0,0
1990-12-19,4.11112,4.11112,3.91219,4.11112,1.23597,11688,0,0
1990-12-20,3.91219,4.11112,3.91219,4.11112,1.23597,21113,0,0
1990-12-21,4.11112,4.11112,3.91219,3.91219,1.17616,2262,0,0
1990-12-24,4.11112,4.11112,3.91219,3.91219,1.17616,15081,0,0
1990-12-26,4.11112,4.11112,4.11112,4.11112,1.23597,377,0,0
1990-12-27,3.91219,3.9785,3.91219,3.91219,1.17616,4524,0,0
1990-12-28,3.91219,4.01165,3.91219,3.91219,1.17616,7918,0,0
1990-12-31,3.91219,4.11112,3.91219,4.11112,1.23597,8672,0,0
1991-01-02,4.11112,4.24373,3.91219,4.24373,1.27584,83323,0,0
1991-01-03,4.24373,4.57528,4.24373,4.50897,1.35558,73897,0,0
1991-01-04,4.44266,4.64158,4.4095,4.50897,1.35558,342717,0,0
1991-01-07,4.37635,4.50897,4.37635,4.44266,1.33564,11311,0,0
1991-01-08,4.37635,4.37635,4.24373,4.31004,1.29577,19605,0,0
1991-01-09,4.24373,4.31004,4.17743,4.31004,1.29577,9803,0,0
1991-01-10,4.17743,4.24373,4.17743,4.24373,1.27584,3393,0,0
1991-01-11,4.24373,4.24373,4.17743,4.17743,1.2559,21868,0,0
1991-01-14,4.11112,4.14427,4.11112,4.14427,1.24594,10180,0,0
1991-01-15,4.17743,4.24373,4.17743,4.24373,1.27584,57308,0,0
1991-01-16,4.24373,4.24373,4.24373,4.24373,1.27584,0,0,0
1991-01-17,4.50897,4.50897,4.24373,4.50897,1.35558,13196,0,0
1991-01-18,4.24373,4.3432,4.24373,4.3432,1.30574,18097,0,0
1991-01-21,4.24373,4.24373,4.24373,4.24373,1.27584,377,0,0
1991-01-22,4.24373,4.44266,4.24373,4.44266,1.33564,12065,0,0
1991-01-23,4.44266,4.44266,4.44266,4.44266,1.33564,0,0,0
1991-01-24,4.37635,4.37635,4.24373,4.37635,1.31571,36572,0,0
1991-01-25,4.37635,4.37635,4.24373,4.24373,1.27584,11311,0,0
1991-01-28,4.24373,4.37635,4.24373,4.37635,1.31571,9049,0,0
1991-01-29,4.44266,4.64158,4.31004,4.47581,1.34561,162875,0,0
1991-01-30,4.50897,4.57528,4.37635,4.37635,1.31571,88224,0,0
1991-01-31,4.37635,4.50897,4.37635,4.37635,1.31571,3393,0,0
1991-02-01,4.44266,4.50897,4.44266,4.44266,1.33564,18097,0,0
1991-02-04,4.50897,4.50897,4.44266,4.50897,1.35558,16589,0,0
1991-02-05,4.54212,4.54212,4.54212,4.54212,1.36555,29785,0,0
1991-02-06,4.50897,4.57528,4.50897,4.50897,1.35558,3393,0,0
1991-02-07,4.50897,4.64158,4.50897,4.57528,1.37552,70127,0,0
1991-02-08,4.57528,4.64158,4.57528,4.57528,1.37552,5655,0,0
1991-02-11,4.57528,4.7742,4.57528,4.57528,1.37552,97273,0,0
1991-02-12,4.64158,4.70789,4.54212,4.57528,1.37552,80684,0,0
1991-02-13,4.54212,4.54212,4.54212,4.54212,1.36555,377,0,0
1991-02-14,4.7742,4.7742,4.70789,4.70789,1.41538,2639,0,0
1991-02-15,4.54212,4.70789,4.54212,4.57528,1.37552,66357,0,0
1991-02-19,4.70789,4.70789,4.54212,4.54212,1.36555,3393,0,0
1991-02-20,4.70789,4.70789,4.60843,4.60843,1.38548,4147,0,0
1991-02-21,4.70789,4.70789,4.70789,4.70789,1.41538,377,0,0
1991-02-22,4.54212,4.54212,4.54212,4.54212,1.36555,754,0,0
1991-02-25,4.70789,4.70789,4.54212,4.57528,1.37552,27146,0,0
1991-02-26,4.57528,4.70789,4.57528,4.70789,1.41538,7164,0,0
1991-02-27,4.70789,4.70789,4.60843,4.60843,1.38548,8295,0,0
1991-02-28,4.7742,4.7742,4.64158,4.7742,1.43532,61078,0,0
1991-03-01,4.64158,4.84051,4.64158,4.70789,1.41538,22622,0,0
1991-03-04,4.80735,4.84051,4.64158,4.64158,1.39545,33932,0,0
1991-03-05,4.64158,4.70789,4.64158,4.70789,1.41538,29785,0,0
1991-03-06,4.64158,4.67474,4.64158,4.67474,1.40542,19605,0,0
1991-03-07,4.64158,4.74105,4.64158,4.74105,1.42535,12442,0,0
1991-03-08,4.74105,4.84051,4.64158,4.84051,1.45525,3016,0,0
1991-03-11,4.64158,4.84051,4.64158,4.64158,1.39545,3016,0,0
1991-03-12,4.64158,4.64158,4.64158,4.64158,1.39545,1508,0,0
1991-03-13,4.64158,4.64158,4.64158,4.64158,1.39545,8295,0,0
1991-03-14,4.64158,4.64158,4.64158,4.64158,1.39545,754,0,0
1991-03-15,4.7742,4.84051,4.64158,4.84051,1.45525,9049,0,0
1991-03-18,4.7742,4.7742,4.57528,4.57528,1.39076,40342,0.053047,0
1991-03-19,4.57528,4.74105,4.57528,4.57528,1.39076,26769,0,0
1991-03-20,4.7742,4.7742,4.57528,4.57528,1.39076,93503,0,0
1991-03-21,4.57528,4.60843,4.57528,4.60843,1.40083,70881,0,0
1991-03-22,4.50897,4.54212,4.50897,4.50897,1.3706,47128,0,0
1991-03-25,4.50897,4.64158,4.50897,4.64158,1.41091,70504,0,0
1991-03-26,4.70789,4.70789,4.50897,4.54212,1.38068,102928,0,0
1991-03-27,4.50897,4.70789,4.50897,4.60843,1.40083,74274,0,0
1991-03-28,4.57528,4.70789,4.50897,4.70789,1.43107,32801,0,0
1991-04-01,4.70789,4.70789,4.50897,4.54212,1.38068,53915,0,0
1991-04-02,4.64158,4.64158,4.44266,4.44266,1.35044,500691,0,0
1991-04-03,4.50897,4.54212,4.44266,4.44266,1.35044,67488,0,0
1991-04-04,4.57528,4.57528,4.44266,4.57528,1.39076,5278,0,0
1991-04-05,4.57528,4.57528,4.44266,4.47581,1.36052,16589,0,0
1991-04-08,4.47581,4.57528,4.31004,4.3432,1.32021,76159,0,0
1991-04-09,4.31004,4.44266,4.31004,4.31004,1.31013,16966,0,0
1991-04-10,4.44266,4.44266,4.24373,4.44266,1.35044,3770,0,0
1991-04-11,4.24373,4.44266,4.24373,4.37635,1.33029,11688,0,0
1991-04-12,4.3432,4.3432,4.3432,4.3432,1.32021,4147,0,0
1991-04-15,4.44266,4.44266,4.44266,4.44266,1.35044,8672,0,0
1991-04-16,4.4095,4.50897,4.31004,4.50897,1.3706,15835,0,0
1991-04-17,4.31004,4.50897,4.31004,4.50897,1.3706,74651,0,0
1991-04-18,4.50897,4.60843,4.31004,4.54212,1.38068,75028,0,0
1991-04-19,4.50897,4.64158,4.50897,4.64158,1.41091,13573,0,0
1991-04-22,4.64158,4.64158,4.50897,4.64158,1.41091,65603,0,0
1991-04-23,4.64158,4.64158,4.50897,4.50897,1.3706,70127,0,0
1991-04-24,4.64158,4.64158,4.50897,4.50897,1.3706,6409,0,0
1991-04-25,4.50897,4.64158,4.50897,4.64158,1.41091,6032,0,0
1991-04-26,4.50897,4.50897,4.50897,4.50897,1.3706,5655,0,0
1991-04-29,4.64158,4.64158,4.37635,4.50897,1.3706,24130,0,0
1991-04-30,4.37635,4.44266,4.37635,4.37635,1.33029,8672,0,0
1991-05-01,4.37635,4.50897,4.37635,4.50897,1.3706,8672,0,0
1991-05-02,4.50897,4.50897,4.37635,4.37635,1.33029,1885,0,0
1991-05-03,4.50897,4.50897,4.50897,4.50897,1.3706,377,0,0
1991-05-06,4.37635,4.57528,4.37635,4.57528,1.39076,754,0,0
1991-05-07,4.44266,4.64158,4.44266,4.44266,1.35044,56554,0,0
1991-05-08,4.54212,4.64158,4.44266,4.64158,1.41091,43358,0,0
1991-05-09,4.44266,4.64158,4.44266,4.64158,1.41091,4524,0,0
1991-05-10,4.50897,4.60843,4.50897,4.54212,1.38068,78422,0,0
1991-05-13,4.44266,4.44266,4.44266,4.44266,1.35044,1885,0,0
1991-05-14,4.57528,4.57528,4.57528,4.57528,1.39076,754,0,0
1991-05-15,4.44266,4.64158,4.44266,4.64158,1.41091,1885,0,0
1991-05-16,4.44266,4.57528,4.44266,4.54212,1.38068,28277,0,0
1991-05-17,4.47581,4.57528,4.44266,4.57528,1.39076,4901,0,0
1991-05-20,4.44266,4.50897,4.44266,4.44266,1.35044,16966,0,0
1991-05-21,4.64158,4.64158,4.44266,4.44266,1.35044,17343,0,0
1991-05-22,4.44266,4.44266,4.44266,4.44266,1.35044,3770,0,0
1991-05-23,4.50897,4.57528,4.50897,4.57528,1.39076,36572,0,0
1991-05-24,4.70789,4.70789,4.70789,4.70789,1.43107,3770,0,0
1991-05-28,4.7742,4.7742,4.64158,4.64158,1.41091,3770,0,0
1991-05-29,4.57528,4.70789,4.50897,4.50897,1.3706,7164,0,0
1991-05-30,4.50897,4.64158,4.50897,4.64158,1.41091,20359,0,0
1991-05-31,4.50897,4.64158,4.50897,4.57528,1.39076,31293,0,0
1991-06-03,4.60843,4.60843,4.60843,4.60843,1.40083,5278,0,0
1991-06-04,4.50897,4.70789,4.50897,4.70789,1.43107,12065,0,0
1991-06-05,4.57528,4.60843,4.50897,4.60843,1.40083,5655,0,0
1991-06-06,4.50897,4.50897,4.50897,4.50897,1.3706,15835,0,0
1991-06-07,4.64158,4.70789,4.60843,4.70789,1.43107,24507,0,0
1991-06-10,4.60843,4.64158,4.50897,4.64158,1.41091,20736,0,0
1991-06-11,4.70789,4.70789,4.60843,4.70789,1.43107,6032,0,0
1991-06-12,4.50897,4.70789,4.50897,4.70789,1.43107,1508,0,0
1991-06-13,4.70789,4.70789,4.70789,4.70789,1.43107,0,0,0
1991-06-14,4.50897,4.70789,4.50897,4.70789,1.43107,3393,0,0
1991-06-17,4.50897,4.64158,4.50897,4.64158,1.42699,4901,0.053047,0
1991-06-18,4.50897,4.70789,4.50897,4.54212,1.39641,28654,0,0
1991-06-19,4.50897,4.64158,4.50897,4.50897,1.38622,4147,0,0
1991-06-20,4.50897,4.57528,4.50897,4.57528,1.40661,32424,0,0
1991-06-21,4.50897,4.50897,4.50897,4.50897,1.38622,2262,0,0
1991-06-24,4.54212,4.54212,4.54212,4.54212,1.39641,1131,0,0
1991-06-25,4.50897,4.50897,4.50897,4.50897,1.38622,8672,0,0
1991-06-26,4.50897,4.70789,4.50897,4.50897,1.38622,12065,0,0
1991-06-27,4.50897,4.50897,4.50897,4.50897,1.38622,2262,0,0
1991-06-28,4.50897,4.64158,4.50897,4.50897,1.38622,18097,0,0
1991-07-01,4.50897,4.50897,4.31004,4.50897,1.38622,42981,0,0
1991-07-02,4.50897,4.50897,4.50897,4.50897,1.38622,377,0,0
1991-07-03,4.31004,4.50897,4.31004,4.50897,1.38622,10180,0,0
1991-07-05,4.31004,4.50897,4.31004,4.50897,1.38622,4524,0,0
1991-07-08,4.50897,4.50897,4.50897,4.50897,1.38622,754,0,0
1991-07-09,4.50897,4.50897,4.50897,4.50897,1.38622,0,0,0
1991-07-10,4.50897,4.50897,4.50897,4.50897,1.38622,0,0,0
1991-07-11,4.44266,4.57528,4.4095,4.4095,1.35564,29785,0,0
1991-07-12,4.50897,4.50897,4.50897,4.50897,1.38622,1885,0,0
1991-07-15,4.54212,4.70789,4.50897,4.50897,1.38622,64095,0,0
1991-07-16,4.70789,4.70789,4.50897,4.60843,1.4168,72389,0,0
1991-07-17,4.54212,4.70789,4.50897,4.67474,1.43718,347618,0,0
1991-07-18,4.50897,4.50897,4.50897,4.50897,1.38622,1885,0,0
1991-07-19,4.70789,4.70789,4.50897,4.50897,1.38622,4901,0,0
1991-07-22,4.50897,4.64158,4.50897,4.57528,1.40661,32801,0,0
1991-07-23,4.50897,4.54212,4.50897,4.54212,1.39641,5655,0,0
1991-07-24,4.64158,4.64158,4.64158,4.64158,1.42699,754,0,0
1991-07-25,4.64158,4.64158,4.50897,4.50897,1.38622,12065,0,0
1991-07-26,4.64158,4.64158,4.50897,4.54212,1.39641,1885,0,0
1991-07-29,4.70789,4.70789,4.54212,4.70789,1.44738,58062,0,0
1991-07-30,4.57528,4.70789,4.57528,4.70789,1.44738,48636,0,0
1991-07-31,4.70789,4.7742,4.70789,4.7742,1.46776,11688,0,0
1991-08-01,4.7742,4.7742,4.64158,4.64158,1.42699,1508,0,0
1991-08-02,4.7742,4.7742,4.7742,4.7742,1.46776,4147,0,0
1991-08-05,4.57528,4.7742,4.57528,4.57528,1.40661,3393,0,0
1991-08-06,4.64158,4.7742,4.57528,4.60843,1.4168,7541,0,0
1991-08-07,4.67474,4.67474,4.57528,4.57528,1.40661,10557,0,0
1991-08-08,4.7742,4.7742,4.57528,4.7742,1.46776,5655,0,0
1991-08-09,4.57528,4.7742,4.57528,4.7742,1.46776,3393,0,0
1991-08-12,4.57528,4.7742,4.57528,4.7742,1.46776,14704,0,0
1991-08-13,4.7742,4.7742,4.57528,4.57528,1.40661,2639,0,0
1991-08-14,4.57528,4.84051,4.57528,4.84051,1.48815,63717,0,0
1991-08-15,4.84051,4.84051,4.64158,4.84051,1.48815,10180,0,0
1991-08-16,4.84051,4.84051,4.84051,4.84051,1.48815,4147,0,0
1991-08-19,4.64158,4.84051,4.57528,4.64158,1.42699,18097,0,0
1991-08-20,4.64158,4.84051,4.64158,4.70789,1.44738,14327,0,0
1991-08-21,4.90682,5.03943,4.7742,5.03943,1.5493,6032,0,0
1991-08-22,4.84051,4.97312,4.84051,4.97312,1.52892,32047,0,0
1991-08-23,4.97312,4.97312,4.97312,4.97312,1.52892,1131,0,0
1991-08-26,4.90682,4.97312,4.84051,4.97312,1.52892,8295,0,0
1991-08-27,4.84051,4.90682,4.50897,4.70789,1.44738,67865,0,0
1991-08-28,4.7742,4.7742,4.7742,4.7742,1.46776,1131,0,0
1991-08-29,4.64158,4.7742,4.57528,4.64158,1.42699,22245,0,0
1991-08-30,4.57528,4.70789,4.57528,4.60843,1.4168,12819,0,0
1991-09-03,4.70789,4.70789,4.70789,4.70789,1.44738,1131,0,0
1991-09-04,4.70789,4.7742,4.57528,4.7742,1.46776,1131,0,0
1991-09-05,4.57528,4.57528,4.57528,4.57528,1.40661,377,0,0
1991-09-06,4.57528,4.64158,4.57528,4.64158,1.42699,8672,0,0
1991-09-09,4.64158,4.7742,4.64158,4.7742,1.46776,11688,0,0
1991-09-10,4.67474,4.84051,4.57528,4.70789,1.44738,64095,0,0
1991-09-11,4.7742,4.7742,4.50897,4.57528,1.40661,66734,0,0
1991-09-12,4.57528,4.57528,4.57528,4.57528,1.40661,7541,0,0
1991-09-13,4.57528,4.57528,4.37635,4.57528,1.40661,39965,0,0
1991-09-16,4.31004,4.44266,4.24373,4.24373,1.31998,34686,0.053047,0
1991-09-17,4.44266,4.44266,4.44266,4.44266,1.38185,6409,0,0
1991-09-18,4.44266,4.64158,4.44266,4.64158,1.44373,84077,0,0
1991-09-19,4.64158,4.70789,4.57528,4.70789,1.46435,117255,0,0
1991-09-20,4.70789,4.70789,4.50897,4.70789,1.46435,16589,0,0
1991-09-23,4.50897,4.90682,4.50897,4.90682,1.52623,58439,0,0
1991-09-24,5.03943,5.17205,4.90682,4.97312,1.54685,65226,0,0
1991-09-25,5.03943,5.03943,4.84051,5.03943,1.56748,2639,0,0
1991-09-26,4.84051,5.03943,4.84051,5.03943,1.56748,15835,0,0
1991-09-27,4.84051,5.03943,4.84051,4.97312,1.54685,21491,0,0
1991-09-30,5.03943,5.03943,4.90682,5.03943,1.56748,14704,0,0
1991-10-01,4.90682,5.03943,4.90682,5.03943,1.56748,8295,0,0
1991-10-02,5.17205,5.17205,4.90682,4.90682,1.52623,4147,0,0
1991-10-03,5.17205,5.17205,4.90682,4.90682,1.52623,3016,0,0
1991-10-04,4.90682,4.90682,4.90682,4.90682,1.52623,1508,0,0
1991-10-07,4.90682,4.90682,4.90682,4.90682,1.52623,2639,0,0
1991-10-08,4.97312,4.97312,4.7742,4.90682,1.52623,34309,0,0
1991-10-09,4.90682,4.90682,4.70789,4.90682,1.52623,36949,0,0
1991-10-10,4.90682,4.90682,4.90682,4.90682,1.52623,377,0,0
1991-10-11,4.90682,4.90682,4.7742,4.7742,1.48498,4901,0,0
1991-10-14,4.90682,4.90682,4.90682,4.90682,1.52623,1885,0,0
1991-10-15,4.90682,4.97312,4.84051,4.84051,1.5056,22999,0,0
1991-10-16,5.03943,5.03943,4.84051,5.03943,1.56748,9049,0,0
1991-10-17,5.03943,5.03943,4.84051,5.03943,1.56748,6786,0,0
1991-10-18,4.84051,5.03943,4.84051,5.03943,1.56748,43358,0,0
1991-10-21,4.84051,5.10574,4.84051,5.10574,1.5881,47128,0,0
1991-10-22,4.90682,5.10574,4.90682,4.90682,1.52623,3393,0,0
1991-10-23,4.90682,5.23836,4.90682,5.23836,1.62935,53915,0,0
1991-10-24,5.23836,5.23836,5.03943,5.03943,1.56748,50522,0,0
1991-10-25,5.23836,5.23836,4.97312,5.23836,1.62935,2262,0,0
1991-10-28,4.70789,4.70789,4.57528,4.57528,1.42311,16212,0,0
1991-10-29,4.70789,4.7742,4.57528,4.7742,1.48498,51653,0,0
1991-10-30,4.74105,4.74105,4.74105,4.74105,1.47467,1508,0,0
1991-10-31,4.57528,4.7742,4.57528,4.7742,1.48498,15835,0,0
1991-11-01,4.57528,4.7742,4.57528,4.7742,1.48498,10180,0,0
1991-11-04,4.57528,4.57528,4.57528,4.57528,1.42311,4901,0,0
1991-11-05,4.57528,4.57528,4.57528,4.57528,1.42311,2262,0,0
1991-11-06,4.7742,4.7742,4.57528,4.57528,1.42311,16212,0,0
1991-11-07,4.7742,4.7742,4.57528,4.64158,1.44373,2262,0,0
1991-11-08,4.7742,4.7742,4.57528,4.57528,1.42311,26769,0,0
1991-11-11,4.50897,4.57528,4.50897,4.57528,1.42311,14327,0,0
1991-11-12,4.50897,4.50897,4.50897,4.50897,1.40248,6409,0,0
1991-11-13,4.50897,4.64158,4.44266,4.64158,1.44373,41096,0,0
1991-11-14,4.37635,4.64158,4.37635,4.64158,1.44373,10180,0,0
1991-11-15,4.44266,4.57528,4.37635,4.4095,1.37154,80684,0,0
1991-11-18,4.44266,4.64158,4.44266,4.64158,1.44373,33178,0,0
1991-11-19,4.64158,4.64158,4.64158,4.64158,1.44373,2262,0,0
1991-11-20,4.64158,4.64158,4.44266,4.64158,1.44373,1508,0,0
1991-11-21,4.64158,4.64158,4.50897,4.64158,1.44373,5278,0,0
1991-11-22,4.64158,4.64158,4.44266,4.44266,1.38185,17720,0,0
1991-11-25,4.44266,4.44266,4.44266,4.44266,1.38185,377,0,0
1991-11-26,4.44266,4.50897,4.44266,4.44266,1.38185,1131,0,0
1991-11-27,4.44266,4.44266,4.44266,4.44266,1.38185,0,0,0
1991-11-29,4.44266,4.64158,4.44266,4.64158,1.44373,3770,0,0
1991-12-02,4.44266,4.57528,4.44266,4.57528,1.42311,3016,0,0
1991-12-03,4.44266,4.57528,4.44266,4.57528,1.42311,10180,0,0
1991-12-04,4.57528,4.57528,4.44266,4.44266,1.38185,21491,0,0
1991-12-05,4.4095,4.57528,4.4095,4.57528,1.42311,2262,0,0
1991-12-06,4.50897,4.50897,4.24373,4.44266,1.38185,25638,0,0
1991-12-09,4.50897,4.50897,4.24373,4.44266,1.38185,7918,0,0
1991-12-10,4.44266,4.44266,4.24373,4.3432,1.35092,21491,0,0
1991-12-11,4.44266,4.50897,4.37635,4.50897,1.40248,7918,0,0
1991-12-12,4.37635,4.57528,4.37635,4.57528,1.42311,2639,0,0
1991-12-13,4.31004,4.31004,4.31004,4.31004,1.34061,1131,0,0
1991-12-16,4.31004,4.57528,4.31004,4.44266,1.39751,12442,0.048272,0
1991-12-17,4.37635,4.57528,4.37635,4.57528,1.43922,17720,0,0
1991-12-18,4.57528,4.57528,4.37635,4.50897,1.41837,5278,0,0
1991-12-19,4.57528,4.64158,4.44266,4.60843,1.44965,50899,0,0
1991-12-20,4.64158,4.84051,4.60843,4.64158,1.46008,81438,0,0
1991-12-23,4.84051,4.84051,4.64158,4.64158,1.46008,36949,0,0
1991-12-24,4.70789,4.84051,4.70789,4.84051,1.52266,1508,0,0
1991-12-26,4.64158,4.84051,4.64158,4.70789,1.48094,23753,0,0
1991-12-27,4.70789,4.84051,4.70789,4.80735,1.51223,61455,0,0
1991-12-30,4.70789,4.7742,4.70789,4.7742,1.5018,4901,0,0
1991-12-31,4.70789,4.70789,4.70789,4.70789,1.48094,5278,0,0
1992-01-02,4.70789,4.90682,4.70789,4.84051,1.52266,48259,0,0
1992-01-03,4.90682,4.90682,4.70789,4.70789,1.48094,38080,0,0
1992-01-06,4.70789,4.84051,4.70789,4.70789,1.48094,8295,0,0
1992-01-07,4.84051,4.84051,4.70789,4.84051,1.52266,123288,0,0
1992-01-08,4.74105,4.84051,4.70789,4.70789,1.48094,16212,0,0
1992-01-09,4.70789,4.84051,4.70789,4.7742,1.5018,14704,0,0
1992-01-10,4.70789,4.84051,4.70789,4.84051,1.52266,49390,0,0
1992-01-13,4.84051,4.84051,4.74105,4.84051,1.52266,5655,0,0
1992-01-14,4.84051,4.84051,4.70789,4.80735,1.51223,106321,0,0
1992-01-15,4.7742,4.90682,4.70789,4.7742,1.5018,119894,0,0
1992-01-16,4.84051,4.84051,4.7742,4.7742,1.5018,28277,0,0
1992-01-17,4.80735,4.90682,4.7742,4.7742,1.5018,57685,0,0
1992-01-20,4.7742,4.87366,4.7742,4.87366,1.53309,6409,0,0
1992-01-21,4.7742,4.90682,4.7742,4.7742,1.5018,17720,0,0
1992-01-22,4.7742,4.90682,4.7742,4.90682,1.54351,8295,0,0
1992-01-23,4.90682,4.90682,4.84051,4.84051,1.52266,8295,0,0
1992-01-24,4.90682,4.90682,4.7742,4.7742,1.5018,1508,0,0
1992-01-27,4.84051,4.84051,4.7742,4.7742,1.5018,4524,0,0
1992-01-28,4.97312,4.97312,4.7742,4.93997,1.55394,7918,0,0
1992-01-29,4.97312,4.97312,4.7742,4.7742,1.5018,2262,0,0
1992-01-30,4.7742,4.97312,4.7742,4.97312,1.56437,4524,0,0
1992-01-31,4.97312,4.97312,4.7742,4.84051,1.52266,5278,0,0
1992-02-03,4.7742,4.7742,4.7742,4.7742,1.5018,2262,0,0
1992-02-04,4.7742,4.97312,4.7742,4.90682,1.54351,10557,0,0
1992-02-05,4.7742,5.03943,4.7742,4.97312,1.56437,90863,0,0
1992-02-06,5.03943,5.03943,4.84051,4.97312,1.56437,86716,0,0
1992-02-07,4.7742,4.7742,4.7742,4.7742,1.5018,754,0,0
1992-02-10,5.03943,5.03943,4.7742,4.7742,1.5018,2639,0,0
1992-02-11,5.03943,5.03943,4.7742,4.7742,1.5018,4147,0,0
1992-02-12,4.7742,5.03943,4.7742,5.03943,1.58523,3393,0,0
1992-02-13,4.7742,5.03943,4.7742,5.03943,1.58523,3393,0,0
1992-02-14,4.7742,5.03943,4.7742,5.03943,1.58523,754,0,0
1992-02-18,5.03943,5.03943,4.7742,4.84051,1.52266,52030,0,0
1992-02-19,4.7742,4.84051,4.7742,4.7742,1.5018,4524,0,0
1992-02-20,4.97312,4.97312,4.7742,4.7742,1.5018,3770,0,0
1992-02-21,4.7742,4.97312,4.7742,4.90682,1.54351,5278,0,0
1992-02-24,4.97312,4.97312,4.7742,4.84051,1.52266,12819,0,0
1992-02-25,4.97312,4.97312,4.84051,4.90682,1.54351,47882,0,0
1992-02-26,5.03943,5.03943,4.84051,5.03943,1.58523,100289,0,0
1992-02-27,4.90682,4.90682,4.90682,4.90682,1.54351,754,0,0
1992-02-28,5.10574,5.10574,5.00628,5.10574,1.60609,5655,0,0
1992-03-02,5.10574,5.10574,4.90682,4.90682,1.54351,2262,0,0
1992-03-03,4.90682,5.10574,4.90682,4.90682,1.54351,35063,0,0
1992-03-04,5.10574,5.10574,5.10574,5.10574,1.60609,3016,0,0
1992-03-05,4.90682,5.10574,4.90682,5.10574,1.60609,754,0,0
1992-03-06,5.10574,5.10574,4.90682,4.97312,1.56437,6409,0,0
1992-03-09,5.10574,5.10574,4.90682,4.90682,1.54351,7164,0,0
1992-03-10,4.90682,5.10574,4.90682,5.00628,1.5748,193792,0,0
1992-03-11,5.00628,5.00628,5.00628,5.00628,1.5748,3770,0,0
1992-03-12,4.90682,5.10574,4.90682,5.10574,1.60609,5655,0,0
1992-03-13,4.90682,5.03943,4.84051,5.03943,1.58523,10180,0,0
1992-03-16,4.97312,5.03943,4.84051,5.03943,1.6021,73897,0.053047,0
1992-03-17,5.03943,5.03943,4.97312,4.97312,1.58102,1885,0,0
1992-03-18,4.97312,4.97312,4.97312,4.97312,1.58102,0,0,0
1992-03-19,4.90682,5.03943,4.90682,4.97312,1.58102,4147,0,0
1992-03-20,5.03943,5.03943,4.90682,4.90682,1.55993,2262,0,0
1992-03-23,4.90682,5.03943,4.90682,4.93997,1.57048,4147,0,0
1992-03-24,4.90682,5.03943,4.90682,5.03943,1.6021,7164,0,0
1992-03-25,5.03943,5.03943,4.90682,4.97312,1.58102,3016,0,0
1992-03-26,5.03943,5.10574,4.97312,5.07259,1.61264,19228,0,0
1992-03-27,4.97312,5.17205,4.97312,5.03943,1.6021,12065,0,0
1992-03-30,5.10574,5.10574,5.10574,5.10574,1.62318,377,0,0
1992-03-31,4.97312,4.97312,4.97312,4.97312,1.58102,377,0,0
1992-04-01,5.10574,5.10574,5.10574,5.10574,1.62318,1885,0,0
1992-04-02,5.10574,5.17205,5.10574,5.1389,1.63372,16589,0,0
1992-04-03,5.10574,5.17205,5.10574,5.10574,1.62318,3016,0,0
1992-04-06,5.10574,5.17205,5.10574,5.17205,1.64426,6032,0,0
1992-04-07,5.17205,5.17205,5.10574,5.17205,1.64426,9049,0,0
1992-04-08,5.1389,5.17205,5.03943,5.03943,1.6021,13196,0,0
1992-04-09,5.03943,5.17205,5.03943,5.03943,1.6021,19228,0,0
1992-04-10,5.03943,5.17205,5.03943,5.17205,1.64426,2262,0,0
1992-04-13,5.10574,5.30467,5.10574,5.2052,1.6548,32801,0,0
1992-04-14,5.17205,5.23836,5.17205,5.17205,1.64426,10557,0,0
1992-04-15,5.37097,5.37097,5.23836,5.33782,1.69696,96142,0,0
1992-04-16,5.30467,5.37097,5.30467,5.37097,1.7075,12442,0,0
1992-04-20,5.17205,5.30467,5.17205,5.30467,1.68642,38834,0,0
1992-04-21,5.37097,5.43728,5.23836,5.23836,1.66534,12065,0,0
1992-04-22,5.23836,5.30467,5.23836,5.30467,1.68642,15835,0,0
1992-04-23,5.23836,5.43728,5.23836,5.37097,1.7075,4524,0,0
1992-04-24,5.43728,5.50359,5.27151,5.30467,1.68642,119140,0,0
1992-04-27,5.50359,5.50359,5.30467,5.50359,1.74966,3770,0,0
1992-04-28,5.33782,5.50359,5.17205,5.23836,1.66534,69750,0,0
1992-04-29,5.17205,5.17205,5.17205,5.17205,1.64426,377,0,0
1992-04-30,5.17205,5.30467,5.17205,5.30467,1.68642,12819,0,0
1992-05-01,5.23836,5.23836,5.07259,5.10574,1.62318,12819,0,0
1992-05-04,5.03943,5.23836,5.03943,5.23836,1.66534,23753,0,0
1992-05-05,5.1389,5.23836,5.03943,5.10574,1.62318,46374,0,0
1992-05-06,5.17205,5.17205,5.03943,5.17205,1.64426,6786,0,0
1992-05-07,5.10574,5.17205,5.10574,5.10574,1.62318,13573,0,0
1992-05-08,5.17205,5.17205,5.10574,5.17205,1.64426,14704,0,0
1992-05-11,5.17205,5.17205,5.03943,5.1389,1.63372,18851,0,0
1992-05-12,5.1389,5.1389,5.1389,5.1389,1.63372,0,0,0
1992-05-13,5.23836,5.23836,5.03943,5.03943,1.6021,6409,0,0
1992-05-14,5.23836,5.23836,5.23836,5.23836,1.66534,377,0,0
1992-05-15,5.23836,5.23836,5.03943,5.23836,1.66534,18097,0,0
1992-05-18,5.23836,5.23836,5.03943,5.03943,1.6021,2639,0,0
1992-05-19,5.23836,5.23836,5.03943,5.23836,1.66534,26015,0,0
1992-05-20,5.23836,5.23836,5.23836,5.23836,1.66534,3016,0,0
1992-05-21,5.23836,5.23836,5.03943,5.23836,1.66534,20359,0,0
1992-05-22,5.30467,5.43728,5.17205,5.43728,1.72858,59947,0,0
1992-05-26,5.2052,5.43728,5.17205,5.43728,1.72858,51276,0,0
1992-05-27,5.30467,5.30467,5.17205,5.17205,1.64426,4524,0,0
1992-05-28,5.43728,5.43728,5.43728,5.43728,1.72858,1508,0,0
1992-05-29,5.17205,5.37097,5.17205,5.37097,1.7075,9049,0,0
1992-06-01,5.17205,5.43728,5.17205,5.23836,1.66534,3770,0,0
1992-06-02,5.17205,5.17205,5.17205,5.17205,1.64426,377,0,0
1992-06-03,5.17205,5.37097,5.17205,5.37097,1.7075,16212,0,0
1992-06-04,5.17205,5.37097,5.17205,5.17205,1.64426,5655,0,0
1992-06-05,5.17205,5.30467,5.17205,5.17205,1.64426,4901,0,0
1992-06-08,5.37097,5.37097,5.17205,5.17205,1.64426,5655,0,0
1992-06-09,5.17205,5.30467,5.03943,5.07259,1.61264,47882,0,0
1992-06-10,5.17205,5.17205,5.03943,5.10574,1.62318,33555,0,0
1992-06-11,5.10574,5.10574,4.97312,5.10574,1.62318,4147,0,0
1992-06-12,5.03943,5.10574,4.97312,5.10574,1.62318,60324,0,0
1992-06-15,5.10574,5.10574,4.97312,4.97312,1.58102,12442,0,0
1992-06-16,4.97312,5.10574,4.97312,5.10574,1.62318,1508,0,0
1992-06-17,5.10574,5.10574,4.97312,5.10574,1.64022,6032,0.053047,0
1992-06-18,5.10574,5.10574,5.00628,5.10574,1.64022,2262,0,0
1992-06-19,4.97312,5.10574,4.97312,5.10574,1.64022,3016,0,0
1992-06-22,4.97312,5.03943,4.97312,4.97312,1.59761,14704,0,0
1992-06-23,4.90682,5.03943,4.90682,5.03943,1.61892,25261,0,0
1992-06-24,4.84051,5.03943,4.84051,5.03943,1.61892,5655,0,0
1992-06-25,5.03943,5.03943,4.84051,4.84051,1.55501,8295,0,0
1992-06-26,5.03943,5.03943,5.03943,5.03943,1.61892,3393,0,0
1992-06-29,5.03943,5.23836,5.03943,5.23836,1.68282,118763,0,0
1992-06-30,5.50359,5.83513,5.37097,5.76882,1.85323,230363,0,0
1992-07-01,5.63621,5.76882,5.63621,5.76882,1.85323,13950,0,0
1992-07-02,5.76882,5.76882,5.63621,5.70252,1.83193,37703,0,0
1992-07-06,5.63621,5.76882,5.43728,5.43728,1.74673,57308,0,0
1992-07-07,5.43728,5.5699,5.37097,5.5699,1.78933,18851,0,0
1992-07-08,5.50359,5.5699,5.43728,5.50359,1.76803,13950,0,0
1992-07-09,5.43728,5.5699,5.43728,5.5699,1.78933,16589,0,0
1992-07-10,5.43728,5.5699,5.43728,5.5699,1.78933,2262,0,0
1992-07-13,5.5699,5.63621,5.50359,5.5699,1.78933,19228,0,0
1992-07-14,5.63621,5.63621,5.63621,5.63621,1.81063,16589,0,0
1992-07-15,5.66936,5.73567,5.63621,5.70252,1.83193,117255,0,0
1992-07-16,5.70252,5.70252,5.43728,5.50359,1.76803,11311,0,0
1992-07-17,5.5699,5.5699,5.43728,5.47044,1.75737,10180,0,0
1992-07-20,5.30467,5.43728,5.30467,5.43728,1.74673,12819,0,0
1992-07-21,5.5699,5.5699,5.5699,5.5699,1.78933,20359,0,0
1992-07-22,5.70252,5.76882,5.63621,5.70252,1.83193,139877,0,0
1992-07-23,5.63621,5.76882,5.63621,5.70252,1.83193,85962,0,0
1992-07-24,5.63621,5.76882,5.63621,5.76882,1.85323,4901,0,0
1992-07-27,5.76882,5.76882,5.5699,5.76882,1.85323,2262,0,0
1992-07-28,5.66936,5.83513,5.66936,5.83513,1.87453,82946,0,0
1992-07-29,5.83513,5.90144,5.76882,5.90144,1.89583,82192,0,0
1992-07-30,5.76882,5.90144,5.76882,5.76882,1.85323,26015,0,0
1992-07-31,5.76882,6.03406,5.76882,5.83513,1.87453,48259,0,0
1992-08-03,6.03406,6.03406,5.83513,5.83513,1.87453,34686,0,0
1992-08-04,5.96775,6.03406,5.96775,6.03406,1.93844,22245,0,0
1992-08-05,5.96775,6.0009,5.83513,6.0009,1.92779,12065,0,0
1992-08-06,5.83513,6.03406,5.83513,5.96775,1.91714,17343,0,0
1992-08-07,5.96775,5.96775,5.90144,5.96775,1.91714,6409,0,0
1992-08-10,5.96775,5.96775,5.76882,5.90144,1.89583,22999,0,0
1992-08-11,5.76882,5.96775,5.76882,5.76882,1.85323,10180,0,0
1992-08-12,5.76882,5.96775,5.76882,5.9346,1.90649,31670,0,0
1992-08-13,5.96775,5.96775,5.76882,5.90144,1.89583,7918,0,0
1992-08-14,5.83513,6.03406,5.76882,6.03406,1.93844,64472,0,0
1992-08-17,5.76882,6.03406,5.76882,5.96775,1.91714,46374,0,0
1992-08-18,6.03406,6.03406,5.90144,5.96775,1.91714,44489,0,0
1992-08-19,6.03406,6.03406,5.83513,6.03406,1.93844,31293,0,0
1992-08-20,5.83513,6.03406,5.83513,5.96775,1.91714,60324,0,0
1992-08-21,5.96775,6.19983,5.96775,6.16667,1.98104,82569,0,0
1992-08-24,6.03406,6.23298,6.03406,6.16667,1.98104,53538,0,0
1992-08-25,6.23298,6.23298,6.10037,6.10037,1.95974,56177,0,0
1992-08-26,6.23298,6.23298,6.03406,6.23298,2.00234,12065,0,0
1992-08-27,6.10037,6.29929,6.10037,6.29929,2.02365,16966,0,0
1992-08-28,6.10037,6.29929,6.10037,6.29929,2.02365,10557,0,0
1992-08-31,6.29929,6.29929,6.10037,6.10037,1.95974,28654,0,0
1992-09-01,6.19983,6.29929,6.10037,6.10037,1.95974,24507,0,0
1992-09-02,6.19983,6.29929,6.13352,6.29929,2.02365,23376,0,0
1992-09-03,6.29929,6.29929,6.16667,6.23298,2.00234,52784,0,0
1992-09-04,6.29929,6.29929,6.19983,6.29929,2.02365,16966,0,0
1992-09-08,6.16667,6.29929,6.10037,6.29929,2.02365,10934,0,0
1992-09-09,6.03406,6.16667,6.03406,6.16667,1.98104,16966,0,0
1992-09-10,6.03406,6.16667,6.03406,6.16667,1.98104,1131,0,0
1992-09-11,6.16667,6.23298,6.10037,6.13352,1.97039,13196,0,0
1992-09-14,6.19983,6.19983,6.19983,6.19983,1.99169,7918,0,0
1992-09-15,6.19983,6.23298,6.03406,6.03406,1.93844,13950,0,0
1992-09-16,6.03406,6.23298,6.03406,6.23298,2.00234,9049,0,0
1992-09-17,6.03406,6.23298,6.03406,6.10037,1.95974,47128,0,0
1992-09-18,6.10037,6.10037,6.10037,6.10037,1.95974,0,0,0
1992-09-21,6.13352,6.13352,6.03406,6.03406,1.95544,10180,0.053047,0
1992-09-22,6.03406,6.23298,6.03406,6.10037,1.97693,20736,0,0
1992-09-23,6.10037,6.16667,6.10037,6.10037,1.97693,4147,0,0
1992-09-24,6.03406,6.23298,6.03406,6.23298,2.01991,15458,0,0
1992-09-25,6.23298,6.23298,6.10037,6.23298,2.01991,8672,0,0
1992-09-28,6.03406,6.03406,6.03406,6.03406,1.95544,3770,0,0
1992-09-29,6.03406,6.29929,6.03406,6.03406,1.95544,28654,0,0
1992-09-30,6.03406,6.29929,6.03406,6.29929,2.0414,6786,0,0
1992-10-01,6.23298,6.29929,6.03406,6.29929,2.0414,11688,0,0
1992-10-02,6.03406,6.29929,6.03406,6.29929,2.0414,3770,0,0
1992-10-05,6.29929,6.29929,6.03406,6.16667,1.99842,9803,0,0
1992-10-06,6.03406,6.16667,6.03406,6.03406,1.95544,12819,0,0
1992-10-07,6.23298,6.29929,6.03406,6.03406,1.95544,4524,0,0
1992-10-08,6.03406,6.03406,6.03406,6.03406,1.95544,0,0,0
1992-10-09,6.29929,6.29929,6.10037,6.10037,1.97693,754,0,0
1992-10-12,6.29929,6.29929,6.10037,6.10037,1.97693,11311,0,0
1992-10-13,6.10037,6.16667,6.10037,6.10037,1.97693,21113,0,0
1992-10-14,6.16667,6.29929,6.16667,6.29929,2.0414,4901,0,0
1992-10-15,6.29929,6.29929,6.16667,6.26614,2.03065,47882,0,0
1992-10-16,6.23298,6.26614,6.16667,6.16667,1.99842,46751,0,0
1992-10-19,6.19983,6.23298,6.16667,6.23298,2.01991,21868,0,0
1992-10-20,6.03406,6.23298,6.03406,6.03406,1.95544,18097,0,0
1992-10-21,6.03406,6.23298,6.03406,6.23298,2.01991,7918,0,0
1992-10-22,6.03406,6.13352,6.03406,6.03406,1.95544,6032,0,0
1992-10-23,6.03406,6.23298,6.03406,6.03406,1.95544,52030,0,0
1992-10-26,6.23298,6.23298,6.16667,6.23298,2.01991,11688,0,0
1992-10-27,6.23298,6.23298,6.03406,6.03406,1.95544,754,0,0
1992-10-28,6.13352,6.23298,6.03406,6.03406,1.95544,10557,0,0
1992-10-29,6.03406,6.10037,5.83513,5.83513,1.89098,79930,0,0
1992-10-30,5.96775,5.96775,5.63621,5.63621,1.82651,97273,0,0
1992-11-02,5.63621,5.90144,5.63621,5.63621,1.82651,10557,0,0
1992-11-03,5.90144,5.90144,5.63621,5.63621,1.82651,10180,0,0
1992-11-04,5.63621,5.90144,5.63621,5.63621,1.82651,6409,0,0
1992-11-05,5.90144,5.90144,5.70252,5.90144,1.91247,67111,0,0
1992-11-06,5.90144,5.90144,5.63621,5.63621,1.82651,15458,0,0
1992-11-09,5.63621,5.83513,5.37097,5.50359,1.78354,152319,0,0
1992-11-10,5.40413,5.63621,5.40413,5.43728,1.76205,52407,0,0
1992-11-11,5.43728,5.63621,5.43728,5.5699,1.80502,19982,0,0
1992-11-12,5.63621,5.70252,5.43728,5.70252,1.848,44866,0,0
1992-11-13,5.70252,5.70252,5.5699,5.70252,1.848,25638,0,0
1992-11-16,5.70252,5.70252,5.43728,5.70252,1.848,23753,0,0
1992-11-17,5.70252,5.70252,5.70252,5.70252,1.848,0,0,0
1992-11-18,5.50359,5.50359,5.50359,5.50359,1.78354,754,0,0
1992-11-19,5.70252,5.70252,5.43728,5.70252,1.848,8672,0,0
1992-11-20,5.70252,5.70252,5.43728,5.5699,1.80502,25261,0,0
1992-11-23,5.70252,5.70252,5.70252,5.70252,1.848,6409,0,0
1992-11-24,5.70252,5.76882,5.63621,5.76882,1.86949,124796,0,0
1992-11-25,5.76882,5.83513,5.76882,5.83513,1.89098,3016,0,0
1992-11-27,5.83513,5.86829,5.76882,5.86829,1.90172,49390,0,0
1992-11-30,5.90144,5.90144,5.76882,5.83513,1.89098,15081,0,0
1992-12-01,5.90144,5.90144,5.76882,5.76882,1.86949,3393,0,0
1992-12-02,5.83513,5.90144,5.76882,5.90144,1.91247,77290,0,0
1992-12-03,5.76882,5.90144,5.76882,5.76882,1.86949,40342,0,0
1992-12-04,5.90144,5.90144,5.90144,5.90144,1.91247,2639,0,0
1992-12-07,5.90144,5.90144,5.80198,5.86829,1.90172,14704,0,0
1992-12-08,5.83513,5.90144,5.83513,5.90144,1.91247,4901,0,0
1992-12-09,5.90144,5.90144,5.76882,5.76882,1.86949,2262,0,0
1992-12-10,5.90144,5.90144,5.80198,5.83513,1.89098,10557,0,0
1992-12-11,5.86829,5.96775,5.76882,5.96775,1.93396,8672,0,0
1992-12-14,5.90144,5.96775,5.76882,5.83513,1.89098,122534,0,0
1992-12-15,5.96775,5.96775,5.76882,5.83513,1.89098,32424,0,0
1992-12-16,5.96775,5.96775,5.76882,5.96775,1.93396,10180,0,0
1992-12-17,5.76882,5.96775,5.76882,5.96775,1.93396,2262,0,0
1992-12-18,5.96775,5.96775,5.70252,5.80198,1.8971,63340,0.053047,0
1992-12-21,5.70252,5.90144,5.70252,5.90144,1.92962,14704,0,0
1992-12-22,5.90144,5.90144,5.5699,5.66936,1.85373,77290,0,0
1992-12-23,5.70252,5.70252,5.50359,5.70252,1.86458,46374,0,0
1992-12-24,5.70252,5.70252,5.63621,5.70252,1.86458,10180,0,0
1992-12-28,5.70252,5.70252,5.66936,5.66936,1.85373,8672,0,0
1992-12-29,5.70252,5.90144,5.66936,5.90144,1.92962,31670,0,0
1992-12-30,5.83513,6.03406,5.83513,6.03406,1.97298,141762,0,0
1992-12-31,6.03406,6.03406,5.83513,5.83513,1.90794,34686,0,0
1993-01-04,5.83513,5.90144,5.76882,5.76882,1.88626,66734,0,0
1993-01-05,5.70252,5.83513,5.63621,5.63621,1.84289,36949,0,0
1993-01-06,5.76882,5.83513,5.63621,5.63621,1.84289,21491,0,0
1993-01-07,5.63621,5.76882,5.63621,5.63621,1.84289,67488,0,0
1993-01-08,5.63621,5.76882,5.63621,5.63621,1.84289,10180,0,0
1993-01-11,5.76882,5.83513,5.70252,5.83513,1.90794,27146,0,0
1993-01-12,5.96775,5.96775,5.76882,5.83513,1.90794,16212,0,0
1993-01-13,5.96775,6.16667,5.90144,6.16667,2.01634,64095,0,0
1993-01-14,6.16667,6.16667,5.96775,6.10037,1.99466,13950,0,0
1993-01-15,6.16667,6.16667,6.03406,6.03406,1.97298,85585,0,0
1993-01-18,6.23298,6.23298,5.96775,6.16667,2.01634,9426,0,0
1993-01-19,6.16667,6.16667,6.03406,6.10037,1.99466,13573,0,0
1993-01-20,6.23298,6.23298,5.96775,6.10037,1.99466,11311,0,0
1993-01-21,6.03406,6.23298,6.03406,6.03406,1.97298,21491,0,0
1993-01-22,6.23298,6.23298,5.96775,5.96775,1.9513,6786,0,0
1993-01-25,6.23298,6.23298,5.96775,5.96775,1.9513,10934,0,0
1993-01-26,6.23298,6.23298,6.03406,6.23298,2.03802,22622,0,0
1993-01-27,5.96775,6.23298,5.96775,6.10037,1.99466,93503,0,0
1993-01-28,6.23298,6.23298,5.96775,6.23298,2.03802,24130,0,0
1993-01-29,5.96775,6.23298,5.96775,6.10037,1.99466,25261,0,0
1993-02-01,5.96775,6.23298,5.96775,6.23298,2.03802,4524,0,0
1993-02-02,6.23298,6.23298,6.03406,6.03406,1.97298,39211,0,0
1993-02-03,6.10037,6.23298,6.10037,6.23298,2.03802,16589,0,0
1993-02-04,6.19983,6.29929,6.10037,6.29929,2.05971,6786,0,0
1993-02-05,6.16667,6.29929,6.10037,6.19983,2.02718,88601,0,0
1993-02-08,6.10037,6.29929,6.10037,6.23298,2.03802,11311,0,0
1993-02-09,6.16667,6.29929,6.10037,6.26614,2.04887,8295,0,0
1993-02-10,6.29929,6.33245,6.23298,6.29929,2.05971,28654,0,0
1993-02-11,6.43191,6.43191,6.23298,6.43191,2.10307,31293,0,0
1993-02-12,6.43191,6.43191,6.3656,6.3656,2.08139,7164,0,0
1993-02-16,6.43191,6.43191,6.23298,6.3656,2.08139,24507,0,0
1993-02-17,6.43191,6.43191,6.23298,6.43191,2.10307,130828,0,0
1993-02-18,6.43191,6.43191,6.23298,6.23298,2.03802,10934,0,0
1993-02-19,6.43191,6.43191,6.23298,6.3656,2.08139,12442,0,0
1993-02-22,6.43191,6.43191,6.23298,6.43191,2.10307,7164,0,0
1993-02-23,6.29929,6.43191,6.29929,6.43191,2.10307,27523,0,0
1993-02-24,6.33245,6.43191,6.29929,6.43191,2.10307,19982,0,0
1993-02-25,6.23298,6.43191,6.23298,6.43191,2.10307,3770,0,0
1993-02-26,6.3656,6.63083,6.33245,6.63083,2.16811,85962,0,0
1993-03-01,6.3656,6.63083,6.3656,6.46506,2.11391,25261,0,0
1993-03-02,6.3656,6.63083,6.3656,6.43191,2.10307,13950,0,0
1993-03-03,6.3656,6.63083,6.3656,6.3656,2.08139,8295,0,0
1993-03-04,6.43191,6.56452,6.39875,6.46506,2.11391,12442,0,0
1993-03-05,6.3656,6.63083,6.3656,6.56452,2.14643,64472,0,0
1993-03-08,6.56452,6.7303,6.56452,6.7303,2.20063,9803,0,0
1993-03-09,6.63083,6.82976,6.43191,6.63083,2.16811,113485,0,0
1993-03-10,6.63083,6.63083,6.53137,6.53137,2.13559,20736,0,0
1993-03-11,6.46506,6.53137,6.46506,6.53137,2.13559,6409,0,0
1993-03-12,6.43191,6.43191,6.43191,6.43191,2.10307,1885,0,0
1993-03-15,6.56452,6.56452,6.43191,6.43191,2.10307,11311,0,0
1993-03-16,6.53137,6.53137,6.43191,6.43191,2.10307,13573,0,0
1993-03-17,6.63083,6.63083,6.63083,6.63083,2.16811,377,0,0
1993-03-18,6.49822,6.53137,6.43191,6.46506,2.11391,41473,0,0
1993-03-19,6.56452,6.56452,6.43191,6.43191,2.10307,100289,0,0
1993-03-22,6.43191,6.63083,6.43191,6.49822,2.12475,5278,0,0
1993-03-23,6.43191,6.63083,6.43191,6.63083,2.18595,4147,0.053047,0
1993-03-24,6.43191,6.43191,6.43191,6.43191,2.12038,3393,0,0
1993-03-25,6.56452,6.63083,6.43191,6.63083,2.18595,1508,0,0
1993-03-26,6.43191,6.63083,6.43191,6.43191,2.12038,10180,0,0
1993-03-29,6.63083,6.63083,6.43191,6.43191,2.12038,49013,0,0
1993-03-30,6.43191,6.63083,6.43191,6.49822,2.14224,8295,0,0
1993-03-31,6.63083,6.63083,6.43191,6.49822,2.14224,24884,0,0
1993-04-01,6.43191,6.56452,6.43191,6.56452,2.1641,1885,0,0
1993-04-02,6.56452,6.56452,6.43191,6.53137,2.15317,4901,0,0
1993-04-05,6.53137,6.53137,6.43191,6.43191,2.12038,39588,0,0
1993-04-06,6.49822,6.56452,6.43191,6.56452,2.1641,15835,0,0
1993-04-07,6.63083,6.63083,6.49822,6.63083,2.18595,43735,0,0
1993-04-08,6.63083,6.63083,6.49822,6.56452,2.1641,18097,0,0
1993-04-12,6.63083,6.63083,6.49822,6.49822,2.14224,18097,0,0
1993-04-13,6.63083,6.63083,6.49822,6.56452,2.1641,32801,0,0
1993-04-14,6.49822,6.63083,6.49822,6.56452,2.1641,76159,0,0
1993-04-15,6.59768,6.69714,6.49822,6.69714,2.20781,127435,0,0
1993-04-16,6.69714,6.76345,6.49822,6.76345,2.22967,19982,0,0
1993-04-19,6.76345,6.76345,6.56452,6.69714,2.20781,28654,0,0
1993-04-20,6.76345,6.76345,6.56452,6.56452,2.1641,11688,0,0
1993-04-21,6.56452,6.76345,6.56452,6.76345,2.22967,9426,0,0
1993-04-22,6.76345,6.89607,6.63083,6.69714,2.20781,21113,0,0
1993-04-23,6.82976,6.96237,6.76345,6.96237,2.29525,51276,0,0
1993-04-26,6.76345,6.96237,6.76345,6.96237,2.29525,7918,0,0
1993-04-27,6.96237,6.96237,6.63083,6.82976,2.25153,58062,0,0
1993-04-28,6.82976,6.82976,6.63083,6.82976,2.25153,18851,0,0
1993-04-29,6.82976,6.82976,6.63083,6.82976,2.25153,18851,0,0
1993-04-30,6.63083,6.82976,6.63083,6.82976,2.25153,4901,0,0
1993-05-03,6.82976,6.82976,6.63083,6.69714,2.20781,47505,0,0
1993-05-04,6.63083,6.96237,6.63083,6.96237,2.29525,12442,0,0
1993-05-05,6.96237,6.96237,6.86291,6.92922,2.28432,13950,0,0
1993-05-06,6.3656,6.3656,6.10037,6.10037,2.02519,7164,0.048272,0
1993-05-07,6.3656,6.3656,6.10037,6.3656,2.11324,5655,0,0
1993-05-10,6.3656,6.3656,6.10037,6.3656,2.11324,11688,0,0
1993-05-11,6.10037,6.3656,6.10037,6.10037,2.02519,22622,0,0
1993-05-12,6.3656,6.3656,6.23298,6.23298,2.06921,9426,0,0
1993-05-13,6.3656,6.3656,6.10037,6.10037,2.02519,4901,0,0
1993-05-14,6.10037,6.3656,6.10037,6.3656,2.11324,1885,0,0
1993-05-17,6.3656,6.3656,6.3656,6.3656,2.11324,1131,0,0
1993-05-18,6.10037,6.3656,6.10037,6.10037,2.02519,41850,0,0
1993-05-19,6.10037,6.16667,5.90144,5.90144,1.95915,87093,0,0
1993-05-20,5.90144,6.10037,5.90144,6.03406,2.00317,9803,0,0
1993-05-21,5.90144,6.10037,5.90144,6.10037,2.02519,6409,0,0
1993-05-24,6.10037,6.10037,5.90144,5.90144,1.95915,6786,0,0
1993-05-25,6.10037,6.10037,5.90144,5.90144,1.95915,2262,0,0
1993-05-26,5.90144,6.10037,5.90144,5.90144,1.95915,7541,0,0
1993-05-27,6.16667,6.16667,5.90144,6.10037,2.02519,4147,0,0
1993-05-28,5.90144,6.10037,5.90144,6.10037,2.02519,38834,0,0
1993-06-01,5.83513,6.10037,5.83513,6.10037,2.02519,6409,0,0
1993-06-02,6.10037,6.10037,5.83513,5.83513,1.93714,3016,0,0
1993-06-03,6.10037,6.10037,5.83513,6.10037,2.02519,27146,0,0
1993-06-04,5.83513,5.96775,5.83513,5.96775,1.98116,12065,0,0
1993-06-07,5.96775,5.96775,5.76882,5.76882,1.91512,32801,0,0
1993-06-08,5.70252,5.90144,5.63621,5.83513,1.93714,27900,0,0
1993-06-09,5.90144,5.90144,5.63621,5.76882,1.91512,22622,0,0
1993-06-10,5.63621,5.76882,5.63621,5.63621,1.8711,15458,0,0
1993-06-11,5.83513,5.83513,5.70252,5.70252,1.89311,15835,0,0
1993-06-14,5.83513,5.83513,5.70252,5.70252,1.89311,6786,0,0
1993-06-15,5.90144,5.90144,5.76882,5.90144,1.95915,24884,0,0
1993-06-16,5.76882,5.90144,5.76882,5.90144,1.95915,32424,0,0
1993-06-17,5.90144,5.90144,5.76882,5.76882,1.93092,5655,0.048272,0
1993-06-18,5.76882,5.90144,5.76882,5.76882,1.93092,12065,0,0
1993-06-21,5.76882,5.86829,5.76882,5.76882,1.93092,2639,0,0
1993-06-22,5.76882,5.96775,5.76882,5.96775,1.9975,5655,0,0
1993-06-23,5.96775,5.96775,5.96775,5.96775,1.9975,754,0,0
1993-06-24,5.96775,5.96775,5.96775,5.96775,1.9975,0,0,0
1993-06-25,5.96775,5.96775,5.96775,5.96775,1.9975,7541,0,0
1993-06-28,5.83513,5.96775,5.76882,5.96775,1.9975,24507,0,0
1993-06-29,5.83513,5.96775,5.83513,5.96775,1.9975,13573,0,0
1993-06-30,5.96775,5.96775,5.83513,5.83513,1.95311,7164,0,0
1993-07-01,5.76882,5.96775,5.76882,5.96775,1.9975,2639,0,0
1993-07-02,5.76882,5.90144,5.76882,5.76882,1.93092,14327,0,0
1993-07-06,5.83513,5.96775,5.83513,5.96775,1.9975,9426,0,0
1993-07-07,5.96775,5.96775,5.83513,5.83513,1.95311,81815,0,0
1993-07-08,5.83513,6.03406,5.83513,6.03406,2.0197,64849,0,0
1993-07-09,5.90144,6.03406,5.90144,5.90144,1.97531,1885,0,0
1993-07-12,5.90144,6.03406,5.90144,6.03406,2.0197,6409,0,0
1993-07-13,5.96775,6.03406,5.9346,6.03406,2.0197,22245,0,0
1993-07-14,5.96775,6.03406,5.96775,6.0009,2.0086,66357,0,0
1993-07-15,6.03406,6.03406,5.96775,6.03406,2.0197,153450,0,0
1993-07-16,6.0009,6.03406,5.96775,6.03406,2.0197,9803,0,0
1993-07-19,6.0009,6.10037,6.0009,6.10037,2.04189,9426,0,0
1993-07-20,6.10037,6.10037,5.96775,6.0009,2.0086,12065,0,0
1993-07-21,5.96775,6.10037,5.96775,6.03406,2.0197,28654,0,0
1993-07-22,5.96775,6.10037,5.96775,6.0009,2.0086,5655,0,0
1993-07-23,5.96775,6.10037,5.96775,6.10037,2.04189,16589,0,0
1993-07-26,5.96775,6.10037,5.96775,6.10037,2.04189,27900,0,0
1993-07-27,6.10037,6.16667,5.96775,6.10037,2.04189,132713,0,0
1993-07-28,6.16667,6.23298,6.03406,6.03406,2.0197,16212,0,0
1993-07-29,6.03406,6.23298,6.03406,6.03406,2.0197,26392,0,0
1993-07-30,6.06721,6.23298,6.03406,6.23298,2.08628,11311,0,0
1993-08-02,6.13352,6.23298,6.03406,6.13352,2.05299,19228,0,0
1993-08-03,6.23298,6.23298,6.03406,6.10037,2.04189,10557,0,0
1993-08-04,6.16667,6.16667,6.03406,6.03406,2.0197,4901,0,0
1993-08-05,6.03406,6.16667,6.03406,6.03406,2.0197,1508,0,0
1993-08-06,6.16667,6.16667,6.03406,6.10037,2.04189,23376,0,0
1993-08-09,6.03406,6.23298,6.03406,6.23298,2.08628,53915,0,0
1993-08-10,6.06721,6.23298,6.06721,6.23298,2.08628,30539,0,0
1993-08-11,6.23298,6.43191,6.13352,6.33245,2.11957,21868,0,0
1993-08-12,6.43191,6.43191,6.29929,6.43191,2.15286,9049,0,0
1993-08-13,6.3656,6.3656,6.3656,6.3656,2.13067,2262,0,0
1993-08-16,6.29929,6.39875,6.29929,6.39875,2.14176,20736,0,0
1993-08-17,6.29929,6.49822,6.29929,6.29929,2.10847,23376,0,0
1993-08-18,6.49822,6.56452,6.29929,6.56452,2.19725,38457,0,0
1993-08-19,6.49822,6.56452,6.49822,6.49822,2.17506,7164,0,0
1993-08-20,6.3656,6.56452,6.3656,6.53137,2.18615,31293,0,0
1993-08-23,6.49822,6.53137,6.49822,6.53137,2.18615,12442,0,0
1993-08-24,6.53137,6.56452,6.49822,6.56452,2.19725,38080,0,0
1993-08-25,6.56452,6.56452,6.49822,6.49822,2.17506,64849,0,0
1993-08-26,6.49822,6.56452,6.3656,6.49822,2.17506,114616,0,0
1993-08-27,6.3656,6.56452,6.3656,6.53137,2.18615,30916,0,0
1993-08-30,6.3656,6.56452,6.3656,6.3656,2.13067,9049,0,0
1993-08-31,6.46506,6.56452,6.46506,6.49822,2.17506,9803,0,0
1993-09-01,6.56452,6.56452,6.56452,6.56452,2.19725,754,0,0
1993-09-02,6.56452,6.56452,6.3656,6.3656,2.13067,15081,0,0
1993-09-03,6.3656,6.49822,6.3656,6.49822,2.17506,25638,0,0
1993-09-07,6.49822,6.49822,6.3656,6.3656,2.13067,9426,0,0
1993-09-08,6.29929,6.43191,6.23298,6.23298,2.08628,16212,0,0
1993-09-09,6.23298,6.3656,6.23298,6.23298,2.08628,6032,0,0
1993-09-10,6.3656,6.3656,6.29929,6.29929,2.10847,55800,0,0
1993-09-13,6.3656,6.49822,6.3656,6.46506,2.16396,46374,0,0
1993-09-14,6.56452,6.56452,6.43191,6.43191,2.15286,754,0,0
1993-09-15,6.56452,6.56452,6.3656,6.46506,2.16396,65226,0,0
1993-09-16,6.46506,6.46506,6.46506,6.46506,2.16396,0,0,0
1993-09-17,6.3656,6.56452,6.3656,6.3656,2.13067,26769,0,0
1993-09-20,6.56452,6.56452,6.3656,6.53137,2.20286,14704,0.048272,0
1993-09-21,6.3656,6.53137,6.3656,6.3656,2.14695,17720,0,0
1993-09-22,6.3656,6.56452,6.3656,6.56452,2.21404,18474,0,0
1993-09-23,6.56452,6.56452,6.3656,6.3656,2.14695,25261,0,0
1993-09-24,6.56452,6.56452,6.46506,6.56452,2.21404,9426,0,0
1993-09-27,6.46506,6.46506,6.3656,6.3656,2.14695,3393,0,0
1993-09-28,6.3656,6.56452,6.3656,6.56452,2.21404,5278,0,0
1993-09-29,6.3656,6.3656,6.3656,6.3656,2.14695,6032,0,0
1993-09-30,6.39875,6.56452,6.3656,6.56452,2.21404,19228,0,0
1993-10-01,6.3656,6.56452,6.3656,6.46506,2.18049,49013,0,0
1993-10-04,6.3656,6.3656,6.3656,6.3656,2.14695,15458,0,0
1993-10-05,6.56452,6.56452,6.3656,6.3656,2.14695,14327,0,0
1993-10-06,6.39875,6.46506,6.3656,6.39875,2.15813,95011,0,0
1993-10-07,6.3656,6.39875,6.3656,6.39875,2.15813,4147,0,0
1993-10-08,6.53137,6.56452,6.43191,6.56452,2.21404,51276,0,0
1993-10-11,6.56452,6.56452,6.56452,6.56452,2.21404,2262,0,0
1993-10-12,6.56452,6.63083,6.49822,6.63083,2.2364,29785,0,0
1993-10-13,6.63083,6.76345,6.63083,6.69714,2.25877,9049,0,0
1993-10-14,6.69714,6.89607,6.69714,6.69714,2.25877,10557,0,0
1993-10-15,6.69714,6.89607,6.69714,6.7966,2.29231,42227,0,0
1993-10-18,6.89607,6.89607,6.69714,6.82976,2.3035,51276,0,0
1993-10-19,6.89607,6.89607,6.89607,6.89607,2.32586,754,0,0
1993-10-20,6.69714,6.86291,6.69714,6.76345,2.28113,9049,0,0
1993-10-21,6.89607,6.89607,6.76345,6.82976,2.3035,26392,0,0
1993-10-22,6.89607,6.89607,6.76345,6.82976,2.3035,11311,0,0
1993-10-25,6.76345,6.89607,6.76345,6.82976,2.3035,12819,0,0
1993-10-26,6.76345,6.86291,6.76345,6.86291,2.31468,16589,0,0
1993-10-27,6.86291,6.86291,6.86291,6.86291,2.31468,0,0,0
1993-10-28,6.76345,6.89607,6.76345,6.82976,2.3035,32047,0,0
1993-10-29,6.76345,6.89607,6.76345,6.89607,2.32586,72766,0,0
1993-11-01,6.76345,6.89607,6.76345,6.89607,2.32586,21868,0,0
1993-11-02,6.76345,6.89607,6.76345,6.89607,2.32586,1131,0,0
1993-11-03,6.76345,6.76345,6.76345,6.76345,2.28113,754,0,0
1993-11-04,6.63083,6.69714,6.3656,6.49822,2.19168,73897,0,0
1993-11-05,6.29929,6.43191,6.23298,6.43191,2.16931,9426,0,0
1993-11-08,6.43191,6.43191,6.16667,6.16667,2.07985,1131,0,0
1993-11-09,6.29929,6.43191,6.29929,6.43191,2.16931,7541,0,0
1993-11-10,6.49822,6.56452,6.3656,6.56452,2.21404,32424,0,0
1993-11-11,6.56452,6.56452,6.46506,6.53137,2.20286,6786,0,0
1993-11-12,6.56452,6.56452,6.3656,6.49822,2.19168,10557,0,0
1993-11-15,6.56452,6.56452,6.43191,6.56452,2.21404,22999,0,0
1993-11-16,6.56452,6.56452,6.46506,6.56452,2.21404,8295,0,0
1993-11-17,6.56452,6.56452,6.56452,6.56452,2.21404,1131,0,0
1993-11-18,6.3656,6.56452,6.3656,6.43191,2.16931,9049,0,0
1993-11-19,6.29929,6.56452,6.29929,6.56452,2.21404,6032,0,0
1993-11-22,6.56452,6.56452,6.3656,6.43191,2.16931,11311,0,0
1993-11-23,6.29929,6.56452,6.29929,6.56452,2.21404,1508,0,0
1993-11-24,6.56452,6.56452,6.29929,6.29929,2.12458,2262,0,0
1993-11-26,6.49822,6.49822,6.49822,6.49822,2.19168,377,0,0
1993-11-29,6.56452,6.56452,6.29929,6.56452,2.21404,4901,0,0
1993-11-30,6.56452,6.56452,6.29929,6.43191,2.16931,36195,0,0
1993-12-01,6.49822,6.49822,6.23298,6.43191,2.16931,82569,0,0
1993-12-02,6.43191,6.43191,6.43191,6.43191,2.16931,1131,0,0
1993-12-03,6.23298,6.43191,6.23298,6.33245,2.13577,18474,0,0
1993-12-06,6.3656,6.3656,6.3656,6.3656,2.14695,1508,0,0
1993-12-07,6.23298,6.23298,6.23298,6.23298,2.10222,377,0,0
1993-12-08,6.3656,6.3656,6.23298,6.3656,2.14695,5278,0,0
1993-12-09,6.23298,6.3656,6.23298,6.23298,2.10222,6786,0,0
1993-12-10,6.23298,6.3656,6.23298,6.29929,2.12458,16589,0,0
1993-12-13,6.3656,6.3656,6.3656,6.3656,2.14695,377,0,0
1993-12-14,6.3656,6.3656,6.23298,6.3656,2.14695,4901,0,0
1993-12-15,6.3656,6.3656,6.23298,6.3656,2.14695,26392,0,0
1993-12-16,6.23298,6.3656,6.23298,6.29929,2.12458,21868,0,0
1993-12-17,6.3656,6.43191,6.23298,6.43191,2.18606,39965,0.048272,0
1993-12-20,6.23298,6.43191,6.23298,6.43191,2.18606,9049,0,0
1993-12-21,6.23298,6.3656,6.16667,6.16667,2.09592,61832,0,0
1993-12-22,6.23298,6.23298,5.96775,5.96775,2.02831,53161,0,0
1993-12-23,6.23298,6.23298,5.96775,5.96775,2.02831,8295,0,0
1993-12-27,6.23298,6.23298,5.96775,6.23298,2.11845,7541,0,0
1993-12-28,6.23298,6.23298,5.96775,6.13352,2.08465,6032,0,0
1993-12-29,6.16667,6.23298,6.16667,6.23298,2.11845,5278,0,0
1993-12-30,5.96775,6.10037,5.96775,6.0009,2.03958,67111,0,0
1993-12-31,6.10037,6.10037,5.83513,6.10037,2.07338,11311,0,0
1994-01-03,5.83513,6.10037,5.83513,6.10037,2.07338,22245,0,0
1994-01-04,5.86829,6.10037,5.83513,5.83513,1.98323,36572,0,0
1994-01-05,5.90144,5.90144,5.70252,5.90144,2.00577,33178,0,0
1994-01-06,5.90144,5.90144,5.80198,5.86829,1.9945,36572,0,0
1994-01-07,5.90144,5.96775,5.76882,5.96775,2.02831,4901,0,0
1994-01-10,5.76882,5.76882,5.76882,5.76882,1.9607,35818,0,0
1994-01-11,5.76882,5.96775,5.76882,5.76882,1.9607,42227,0,0
1994-01-12,5.96775,5.96775,5.76882,5.76882,1.9607,25638,0,0
1994-01-13,5.76882,5.96775,5.76882,5.96775,2.02831,6032,0,0
1994-01-14,5.76882,5.96775,5.76882,5.76882,1.9607,24884,0,0
1994-01-17,5.76882,5.76882,5.76882,5.76882,1.9607,1885,0,0
1994-01-18,5.96775,5.96775,5.76882,5.83513,1.98323,17343,0,0
1994-01-19,5.96775,5.96775,5.90144,5.96775,2.02831,111223,0,0
1994-01-20,5.76882,6.10037,5.76882,6.06721,2.06211,162498,0,0
1994-01-21,6.16667,6.29929,6.03406,6.29929,2.14099,56554,0,0
1994-01-24,6.29929,6.29929,6.10037,6.10037,2.07338,20736,0,0
1994-01-25,6.10037,6.29929,6.03406,6.03406,2.05084,62586,0,0
1994-01-26,6.29929,6.29929,6.10037,6.19983,2.10719,21868,0,0
1994-01-27,6.10037,6.49822,6.10037,6.43191,2.18606,39965,0,0
1994-01-28,6.3656,6.43191,6.23298,6.43191,2.18606,45620,0,0
1994-01-31,6.23298,6.43191,6.16667,6.29929,2.14099,43358,0,0
1994-02-01,6.29929,6.43191,6.16667,6.43191,2.18606,9426,0,0
1994-02-02,6.26614,6.26614,6.26614,6.26614,2.12972,1131,0,0
1994-02-03,6.16667,6.43191,6.16667,6.16667,2.09592,13196,0,0
1994-02-04,6.3656,6.3656,5.96775,6.16667,2.09592,33932,0,0
1994-02-07,5.96775,6.23298,5.96775,5.96775,2.02831,30162,0,0
1994-02-08,6.13352,6.16667,5.96775,5.96775,2.02831,3016,0,0
1994-02-09,6.10037,6.16667,5.96775,6.16667,2.09592,11311,0,0
1994-02-10,5.96775,6.16667,5.96775,5.96775,2.02831,3016,0,0
1994-02-11,6.16667,6.16667,6.13352,6.13352,2.08465,24507,0,0
1994-02-14,6.03406,6.16667,5.96775,5.96775,2.02831,4901,0,0
1994-02-15,5.96775,6.23298,5.96775,6.10037,2.07338,185120,0,0
1994-02-16,6.23298,6.29929,6.03406,6.23298,2.11845,42981,0,0
1994-02-17,6.10037,6.26614,6.10037,6.16667,2.09592,38457,0,0
1994-02-18,6.3656,6.3656,6.10037,6.10037,2.07338,4147,0,0
1994-02-22,6.10037,6.3656,6.10037,6.3656,2.16353,11688,0,0
1994-02-23,6.10037,6.3656,6.10037,6.19983,2.10719,24507,0,0
1994-02-24,6.3656,6.3656,6.10037,6.19983,2.10719,141008,0,0
1994-02-25,6.3656,6.3656,6.10037,6.10037,2.07338,14327,0,0
1994-02-28,6.3656,6.43191,6.10037,6.43191,2.18606,187759,0,0
1994-03-01,6.23298,6.43191,6.23298,6.43191,2.18606,16966,0,0
1994-03-02,6.43191,6.43191,6.23298,6.3656,2.16353,60324,0,0
1994-03-03,6.23298,6.29929,6.23298,6.23298,2.11845,16966,0,0
1994-03-04,6.43191,6.43191,6.16667,6.23298,2.11845,25638,0,0
1994-03-07,6.43191,6.43191,6.23298,6.23298,2.11845,90863,0,0
1994-03-08,6.29929,6.43191,6.23298,6.39875,2.1748,17343,0,0
1994-03-09,6.29929,6.43191,6.29929,6.43191,2.18606,13573,0,0
1994-03-10,6.43191,6.43191,6.23298,6.43191,2.18606,32801,0,0
1994-03-11,6.16667,6.43191,6.16667,6.43191,2.18606,27146,0,0
1994-03-14,6.43191,6.43191,6.16667,6.23298,2.11845,12819,0,0
1994-03-15,6.16667,6.43191,6.16667,6.43191,2.18606,22245,0,0
1994-03-16,6.43191,6.63083,6.16667,6.63083,2.25367,107453,0,0
1994-03-17,6.63083,6.63083,6.3656,6.63083,2.25367,17343,0,0
1994-03-18,6.3656,6.63083,6.3656,6.63083,2.25367,32801,0,0
1994-03-21,6.63083,6.63083,6.3656,6.3656,2.16353,42604,0,0
1994-03-22,6.63083,6.63083,6.3656,6.56452,2.23114,19605,0,0
1994-03-23,6.56452,6.56452,6.3656,6.56452,2.23114,9049,0,0
1994-03-24,6.43191,6.56452,6.3656,6.43191,2.18606,19228,0,0
1994-03-25,6.56452,6.56452,6.56452,6.56452,2.23114,754,0,0
1994-03-28,6.56452,6.56452,6.43191,6.56452,2.23114,20736,0,0
1994-03-29,6.29929,6.3656,6.29929,6.3656,2.16353,5655,0,0
1994-03-30,6.56452,6.56452,6.29929,6.56452,2.23114,10180,0,0
1994-03-31,6.56452,6.69714,6.43191,6.43191,2.18606,71258,0,0
1994-04-04,6.69714,6.69714,6.49822,6.69714,2.27621,27900,0,0
1994-04-05,6.69714,6.76345,6.53137,6.76345,2.29875,47882,0,0
1994-04-06,6.63083,6.89607,6.63083,6.69714,2.27621,78044,0,0
1994-04-07,6.89607,6.96237,6.7303,6.96237,2.36636,82946,0,0
1994-04-08,6.82976,7.09499,6.82976,7.09499,2.41143,18851,0,0
1994-04-11,7.09499,7.09499,6.82976,7.09499,2.41143,6032,0,0
1994-04-12,6.86291,7.09499,6.86291,7.09499,2.41143,9803,0,0
1994-04-13,6.82976,7.09499,6.82976,6.82976,2.32129,6409,0,0
1994-04-14,7.09499,7.09499,6.89607,7.09499,2.41143,24507,0,0
1994-04-15,6.99553,7.09499,6.89607,6.89607,2.34382,130451,0,0
1994-04-18,7.09499,7.09499,6.89607,7.02868,2.3889,228855,0,0
1994-04-19,7.09499,7.09499,6.89607,7.02868,2.3889,8295,0,0
1994-04-20,7.02868,7.02868,6.82976,7.02868,2.3889,16589,0,0
1994-04-21,6.89607,7.02868,6.82976,6.82976,2.32129,15458,0,0
1994-04-22,7.09499,7.09499,6.82976,7.09499,2.41143,22245,0,0
1994-04-25,7.09499,7.09499,6.89607,7.09499,2.41143,9803,0,0
1994-04-26,7.1613,7.1613,6.96237,6.96237,2.36636,20736,0,0
1994-04-28,7.1613,7.1613,6.89607,7.1613,2.43397,12065,0,0
1994-04-29,6.89607,7.1613,6.89607,7.1613,2.43397,19228,0,0
1994-05-02,7.1613,7.1613,6.89607,7.02868,2.3889,30539,0,0
1994-05-03,7.1613,7.1613,6.89607,6.89607,2.34382,9426,0,0
1994-05-04,6.89607,7.1613,6.89607,6.99553,2.37763,67111,0,0
1994-05-05,7.12814,7.1613,6.89607,7.02868,2.3889,9426,0,0
1994-05-06,6.89607,6.92922,6.89607,6.92922,2.35509,3016,0,0
1994-05-09,6.92922,6.92922,6.92922,6.92922,2.35509,0,0,0
1994-05-10,7.1613,7.1613,7.1613,7.1613,2.43397,377,0,0
1994-05-11,6.89607,6.92922,6.89607,6.92922,2.35509,5655,0,0
1994-05-12,6.89607,6.89607,6.89607,6.89607,2.34382,1885,0,0
1994-05-13,6.89607,7.1613,6.89607,6.96237,2.36636,14327,0,0
1994-05-16,6.89607,6.89607,6.89607,6.89607,2.34382,10934,0,0
1994-05-17,6.89607,7.02868,6.76345,6.7966,2.31002,50522,0,0
1994-05-18,7.02868,7.02868,6.7966,6.7966,2.31002,10557,0,0
1994-05-19,6.76345,6.76345,6.76345,6.76345,2.29875,754,0,0
1994-05-20,7.02868,7.02868,6.76345,6.86291,2.33255,24507,0,0
1994-05-23,6.76345,7.02868,6.76345,6.92922,2.35509,227347,0,0
1994-05-24,7.02868,7.02868,6.89607,6.96237,2.36636,33932,0,0
1994-05-25,7.02868,7.02868,6.76345,6.76345,2.29875,8295,0,0
1994-05-26,6.76345,7.02868,6.76345,6.96237,2.36636,105944,0,0
1994-05-27,6.76345,7.02868,6.76345,6.76345,2.29875,5278,0,0
1994-05-31,6.99553,7.02868,6.82976,6.92922,2.35509,18474,0,0
1994-06-01,7.21103,7.21103,6.87949,7.21103,2.45087,9350,0,1.25
1994-06-02,7.21103,7.21103,6.87949,7.21103,2.45087,149604,0,0
1994-06-03,7.21103,7.21103,6.87949,7.21103,2.45087,57308,0,0
1994-06-06,7.21103,7.21103,6.87949,7.21103,2.45087,13573,0,0
1994-06-07,6.87949,7.21103,6.87949,7.21103,2.45087,34988,0,0
1994-06-08,7.21103,7.21103,6.96237,7.04526,2.39453,19002,0,0
1994-06-09,7.21103,7.21103,6.87949,7.21103,2.45087,9652,0,0
1994-06-10,7.21103,7.21103,6.96237,7.21103,2.45087,6334,0,0
1994-06-13,6.96237,7.21103,6.96237,7.0867,2.40861,5429,0,0
1994-06-14,7.21103,7.21103,6.96237,7.16959,2.43678,54292,0,0
1994-06-15,7.29392,7.29392,7.04526,7.29392,2.47904,11763,0,0
1994-06-16,7.29392,7.29392,7.04526,7.0867,2.40861,38909,0,0
1994-06-17,7.04526,7.29392,7.04526,7.29392,2.49597,20209,0.048074,0
1994-06-20,7.29392,7.29392,7.04526,7.12814,2.43925,28352,0,0
1994-06-21,7.3768,7.3768,7.12814,7.12814,2.43925,8144,0,0
1994-06-22,7.12814,7.3768,7.12814,7.3768,2.52434,13573,0,0
1994-06-23,7.12814,7.3768,7.12814,7.12814,2.43925,15383,0,0
1994-06-24,7.3768,7.3768,7.12814,7.21103,2.46761,12065,0,0
1994-06-27,7.3768,7.3768,7.12814,7.12814,2.43925,25336,0,0
1994-06-28,7.12814,7.3768,7.12814,7.23175,2.4747,22320,0,0
1994-06-29,7.3768,7.3768,7.12814,7.12814,2.43925,4524,0,0
1994-06-30,7.3768,7.3768,7.12814,7.12814,2.43925,668393,0,0
1994-07-01,7.25247,7.3768,7.12814,7.3768,2.52434,12668,0,0
1994-07-05,7.29392,7.3768,7.12814,7.12814,2.43925,16288,0,0
1994-07-06,7.3768,7.3768,7.12814,7.3768,2.52434,8445,0,0
1994-07-07,7.12814,7.3768,7.12814,7.12814,2.43925,124268,0,0
1994-07-08,7.12814,7.3768,7.04526,7.04526,2.41088,50974,0,0
1994-07-11,7.29392,7.29392,7.04526,7.04526,2.41088,22018,0,0
1994-07-12,7.04526,7.04526,7.04526,7.04526,2.41088,0,0,0
1994-07-13,7.04526,7.29392,7.04526,7.16959,2.45343,35290,0,0
1994-07-14,7.21103,7.29392,7.12814,7.12814,2.43925,42830,0,0
1994-07-15,7.12814,7.29392,7.12814,7.16959,2.45343,94709,0,0
1994-07-18,7.29392,7.29392,7.21103,7.29392,2.49597,16288,0,0
1994-07-19,7.29392,7.45969,7.21103,7.33536,2.51016,52784,0,0
1994-07-20,7.29392,7.45969,7.21103,7.29392,2.49597,75707,0,0
1994-07-21,7.45969,7.45969,7.21103,7.21103,2.46761,16891,0,0
1994-07-22,7.21103,7.29392,7.21103,7.21103,2.46761,10255,0,0
1994-07-25,7.45969,7.45969,7.29392,7.29392,2.49597,4826,0,0
1994-07-26,7.45969,7.45969,7.21103,7.45969,2.5527,25638,0,0
1994-07-27,7.54257,7.54257,7.54257,7.54257,2.58106,302,0,0
1994-07-28,7.50113,7.54257,7.50113,7.54257,2.58106,4223,0,0
1994-07-29,7.21103,7.54257,7.21103,7.33536,2.51016,5128,0,0
1994-08-01,7.3768,7.54257,7.21103,7.21103,2.46761,66357,0,0
1994-08-02,7.54257,7.54257,7.21103,7.29392,2.49597,32877,0,0
1994-08-03,7.21103,7.3768,7.21103,7.3768,2.52434,12668,0,0
1994-08-04,7.21103,7.54257,7.21103,7.23175,2.4747,11763,0,0
1994-08-05,7.29392,7.54257,7.21103,7.3768,2.52434,50069,0,0
1994-08-08,7.29392,7.29392,7.21103,7.21103,2.46761,29257,0,0
1994-08-09,7.25247,7.3768,7.21103,7.21103,2.46761,6937,0,0
1994-08-10,7.21103,7.41824,7.21103,7.41824,2.53852,88073,0,0
1994-08-11,7.29392,7.45969,7.21103,7.45969,2.5527,91994,0,0
1994-08-12,7.29392,7.45969,7.12814,7.12814,2.43925,210532,0,0
1994-08-15,7.12814,7.3768,7.12814,7.16959,2.45343,18701,0,0
1994-08-16,7.16959,7.33536,7.12814,7.12814,2.43925,22622,0,0
1994-08-17,7.12814,7.3768,7.12814,7.12814,2.43925,47053,0,0
1994-08-18,7.12814,7.29392,7.12814,7.12814,2.43925,16589,0,0
1994-08-19,7.12814,7.29392,7.04526,7.29392,2.49597,15081,0,0
1994-08-22,7.29392,7.29392,7.04526,7.04526,2.41088,41322,0,0
1994-08-23,7.29392,7.29392,7.04526,7.12814,2.43925,5429,0,0
1994-08-24,7.29392,7.29392,7.04526,7.04526,2.41088,183687,0,0
1994-08-25,7.21103,7.21103,7.04526,7.04526,2.41088,16589,0,0
1994-08-26,7.04526,7.21103,7.04526,7.0867,2.42506,16288,0,0
1994-08-29,7.21103,7.21103,7.21103,7.21103,2.46761,302,0,0
1994-08-30,7.21103,7.21103,6.96237,6.96237,2.38252,22018,0,0
1994-08-31,7.21103,7.21103,6.96237,6.96237,2.38252,22018,0,0
1994-09-01,6.96237,7.21103,6.96237,7.21103,2.46761,66357,0,0
1994-09-02,7.0867,7.21103,6.96237,7.04526,2.41088,33178,0,0
1994-09-06,6.96237,7.21103,6.96237,6.96237,2.38252,20209,0,0
1994-09-07,6.96237,7.21103,6.96237,6.96237,2.38252,40417,0,0
1994-09-08,7.16959,7.21103,6.96237,6.96237,2.38252,25939,0,0
1994-09-09,6.96237,7.21103,6.96237,6.96237,2.38252,21717,0,0
1994-09-12,6.96237,7.12814,6.87949,7.12814,2.43925,42529,0,0
1994-09-13,6.87949,7.04526,6.87949,6.92093,2.36834,36195,0,0
1994-09-14,6.87949,7.04526,6.87949,7.04526,2.41088,31369,0,0
1994-09-15,7.04526,7.04526,6.87949,6.87949,2.35416,7842,0,0
1994-09-16,6.96237,7.04526,6.87949,6.87949,2.35416,33178,0,0
1994-09-19,6.87949,6.87949,6.87949,6.87949,2.37072,9954,0.048074,0
1994-09-20,6.87949,6.96237,6.63083,6.63083,2.28503,68166,0,0
1994-09-21,6.71372,6.71372,6.54795,6.58939,2.27075,44338,0,0
1994-09-22,6.54795,6.71372,6.46506,6.46506,2.22791,17494,0,0
1994-09-23,6.63083,6.63083,6.46506,6.63083,2.28503,21717,0,0
1994-09-26,6.38218,6.46506,6.13352,6.15424,2.1208,54292,0,0
1994-09-27,6.46506,6.46506,6.21641,6.29929,2.17078,21113,0,0
1994-09-28,6.38218,6.46506,6.29929,6.46506,2.22791,10557,0,0
1994-09-29,6.21641,6.46506,6.21641,6.46506,2.22791,3318,0,0
1994-09-30,6.46506,6.54795,6.46506,6.5065,2.24219,15383,0,0
1994-10-03,6.54795,6.54795,6.29929,6.29929,2.17078,30162,0,0
1994-10-04,6.54795,6.54795,6.29929,6.54795,2.25647,9350,0,0
1994-10-05,6.29929,6.46506,6.29929,6.46506,2.22791,15986,0,0
1994-10-06,6.46506,6.46506,6.29929,6.46506,2.22791,20812,0,0
1994-10-07,6.46506,6.54795,6.21641,6.46506,2.22791,22923,0,0
1994-10-10,6.54795,6.54795,6.21641,6.54795,2.25647,28956,0,0
1994-10-11,6.21641,6.54795,6.21641,6.21641,2.14222,4826,0,0
1994-10-12,6.46506,6.54795,6.21641,6.23713,2.14936,9954,0,0
1994-10-13,6.21641,6.54795,6.21641,6.29929,2.17078,29257,0,0
1994-10-14,6.29929,6.54795,6.29929,6.29929,2.17078,18097,0,0
1994-10-17,6.54795,6.54795,6.38218,6.54795,2.25647,60927,0,0
1994-10-18,6.29929,6.54795,6.29929,6.29929,2.17078,83549,0,0
1994-10-19,6.29929,6.54795,6.29929,6.42362,2.21363,13271,0,0
1994-10-20,6.29929,6.54795,6.29929,6.54795,2.25647,5731,0,0
1994-10-21,6.29929,6.54795,6.29929,6.29929,2.17078,19605,0,0
1994-10-24,6.54795,6.54795,6.29929,6.34073,2.18506,27146,0,0
1994-10-25,6.46506,6.46506,6.21641,6.46506,2.22791,6032,0,0
1994-10-26,6.13352,6.46506,6.13352,6.46506,2.22791,11160,0,0
1994-10-27,6.46506,6.46506,6.42362,6.46506,2.22791,9954,0,0
1994-10-28,6.46506,6.46506,6.13352,6.46506,2.22791,7541,0,0
1994-10-31,6.21641,6.46506,6.13352,6.13352,2.11366,18399,0,0
1994-11-01,6.46506,6.46506,6.13352,6.13352,2.11366,9049,0,0
1994-11-02,6.46506,6.46506,6.13352,6.21641,2.14222,15081,0,0
1994-11-03,6.46506,6.46506,6.13352,6.13352,2.11366,13875,0,0
1994-11-04,6.13352,6.38218,6.13352,6.38218,2.19935,6032,0,0
1994-11-07,6.38218,6.38218,6.13352,6.38218,2.19935,5429,0,0
1994-11-08,6.13352,6.29929,6.13352,6.13352,2.11366,39512,0,0
1994-11-09,6.29929,6.29929,5.96775,6.00919,2.07081,8747,0,0
1994-11-10,6.13352,6.21641,6.00919,6.21641,2.14222,4826,0,0
1994-11-11,6.13352,6.13352,5.80198,5.88486,2.02797,22320,0,0
1994-11-14,6.05063,6.05063,5.71909,5.96775,2.05653,15081,0,0
1994-11-15,5.96775,6.05063,5.71909,5.71909,1.97084,23225,0,0
1994-11-16,5.71909,6.05063,5.71909,5.96775,2.05653,31670,0,0
1994-11-17,5.96775,5.96775,5.63621,5.84342,2.01369,51879,0,0
1994-11-18,5.80198,5.80198,5.55332,5.55332,1.91372,93201,0,0
1994-11-21,5.80198,5.80198,5.55332,5.80198,1.99941,46450,0,0
1994-11-22,5.55332,5.80198,5.55332,5.80198,1.99941,15383,0,0
1994-11-23,5.63621,5.71909,5.63621,5.67765,1.95656,22622,0,0
1994-11-25,5.71909,5.71909,5.71909,5.71909,1.97084,6334,0,0
1994-11-28,5.71909,5.71909,5.55332,5.71909,1.97084,28956,0,0
1994-11-29,5.80198,5.80198,5.55332,5.80198,1.99941,4223,0,0
1994-11-30,5.55332,5.80198,5.55332,5.59476,1.928,52180,0,0
1994-12-01,5.80198,5.80198,5.55332,5.80198,1.99941,9652,0,0
1994-12-02,5.80198,5.88486,5.63621,5.88486,2.02797,28956,0,0
1994-12-05,5.71909,5.96775,5.71909,5.96775,2.05653,45545,0,0
1994-12-06,5.96775,5.96775,5.71909,5.92631,2.04225,42227,0,0
1994-12-07,5.96775,5.96775,5.71909,5.71909,1.97084,2111,0,0
1994-12-08,5.96775,5.96775,5.55332,5.55332,1.91372,23526,0,0
1994-12-09,5.71909,5.80198,5.55332,5.80198,1.99941,41020,0,0
1994-12-12,5.59476,5.80198,5.59476,5.80198,1.99941,19907,0,0
1994-12-13,5.55332,5.80198,5.55332,5.55332,1.91372,49768,0,0
1994-12-14,5.80198,5.88486,5.55332,5.88486,2.02797,44037,0,0
1994-12-15,5.71909,5.96775,5.71909,5.96775,2.05653,19907,0,0
1994-12-16,5.80198,6.13352,5.80198,6.13352,2.11366,43735,0,0
1994-12-19,5.88486,6.13352,5.88486,5.96775,2.07278,8144,0.048074,0
1994-12-20,6.13352,6.21641,5.96775,6.13352,2.13036,181878,0,0
1994-12-21,5.96775,6.29929,5.96775,6.21641,2.15914,451527,0,0
1994-12-22,6.29929,6.29929,6.05063,6.29929,2.18793,19002,0,0
1994-12-23,6.05063,6.29929,6.05063,6.29929,2.18793,4223,0,0
1994-12-27,6.05063,6.29929,6.05063,6.29929,2.18793,12970,0,0
1994-12-28,6.29929,6.29929,6.05063,6.09208,2.11596,34083,0,0
1994-12-29,6.13352,6.38218,6.13352,6.13352,2.13036,76009,0,0
1994-12-30,6.38218,6.46506,6.13352,6.46506,2.24551,45846,0,0
1995-01-03,6.13352,6.63083,6.13352,6.29929,2.18793,132110,0,0
1995-01-04,6.29929,6.54795,6.29929,6.38218,2.21672,32575,0,0
1995-01-05,6.42362,6.54795,6.29929,6.29929,2.18793,15986,0,0
1995-01-06,6.42362,6.54795,6.29929,6.54795,2.2743,68468,0,0
1995-01-09,6.54795,6.54795,6.29929,6.54795,2.2743,18097,0,0
1995-01-10,6.29929,6.54795,6.29929,6.42362,2.23111,43735,0,0
1995-01-11,6.29929,6.46506,6.29929,6.34073,2.20232,51879,0,0
1995-01-12,6.46506,6.46506,6.29929,6.34073,2.20232,36798,0,0
1995-01-13,6.29929,6.46506,6.29929,6.46506,2.24551,17494,0,0
1995-01-16,6.46506,6.46506,6.29929,6.34073,2.20232,19605,0,0
1995-01-17,6.29929,6.54795,6.29929,6.29929,2.18793,7842,0,0
1995-01-18,6.54795,6.54795,6.29929,6.42362,2.23111,36195,0,0
1995-01-19,6.29929,6.54795,6.29929,6.42362,2.23111,18399,0,0
1995-01-20,6.42362,6.54795,6.38218,6.54795,2.2743,61229,0,0
1995-01-23,6.38218,6.46506,6.38218,6.38218,2.21672,6032,0,0
1995-01-24,6.54795,6.54795,6.38218,6.46506,2.24551,10557,0,0
1995-01-25,6.38218,6.5065,6.38218,6.5065,2.2599,36195,0,0
1995-01-26,6.54795,6.54795,6.42362,6.46506,2.24551,9049,0,0
1995-01-27,6.38218,6.54795,6.38218,6.42362,2.23111,41925,0,0
1995-01-30,6.38218,6.54795,6.38218,6.38218,2.21672,29861,0,0
1995-01-31,6.29929,6.38218,6.29929,6.29929,2.18793,46751,0,0
1995-02-01,6.29929,6.46506,6.29929,6.29929,2.18793,5128,0,0
1995-02-02,6.29929,6.46506,6.29929,6.42362,2.23111,30162,0,0
1995-02-03,6.34073,6.46506,6.29929,6.29929,2.18793,24733,0,0
1995-02-06,6.46506,6.46506,6.29929,6.46506,2.24551,8747,0,0
1995-02-07,6.46506,6.54795,6.29929,6.54795,2.2743,57308,0,0
1995-02-08,6.54795,6.54795,6.38218,6.46506,2.24551,32877,0,0
1995-02-09,6.54795,6.54795,6.46506,6.54795,2.2743,25939,0,0
1995-02-10,6.54795,6.54795,6.38218,6.54795,2.2743,18701,0,0
1995-02-13,6.38218,6.54795,6.38218,6.38218,2.21672,100138,0,0
1995-02-14,6.38218,6.54795,6.38218,6.54795,2.2743,21717,0,0
1995-02-15,6.5065,6.54795,6.38218,6.54795,2.2743,259696,0,0
1995-02-16,6.46506,6.54795,6.38218,6.54795,2.2743,29257,0,0
1995-02-17,6.38218,6.54795,6.38218,6.54795,2.2743,37099,0,0
1995-02-21,6.38218,6.5065,6.38218,6.5065,2.2599,16891,0,0
1995-02-22,6.42362,6.54795,6.38218,6.46506,2.24551,22018,0,0
1995-02-23,6.38218,6.54795,6.38218,6.5065,2.2599,5731,0,0
1995-02-24,6.54795,6.54795,6.38218,6.5065,2.2599,12668,0,0
1995-02-27,6.54795,6.54795,6.38218,6.54795,2.2743,6636,0,0
1995-02-28,6.54795,6.54795,6.38218,6.54795,2.2743,39512,0,0
1995-03-01,6.38218,6.54795,6.38218,6.54795,2.2743,63642,0,0
1995-03-02,6.38218,6.54795,6.38218,6.46506,2.24551,33782,0,0
1995-03-03,6.46506,6.54795,6.46506,6.54795,2.2743,48561,0,0
1995-03-06,6.46506,6.54795,6.46506,6.5065,2.2599,31369,0,0
1995-03-07,6.54795,6.54795,6.29929,6.29929,2.18793,25939,0,0
1995-03-08,6.54795,6.54795,6.38218,6.46506,2.24551,19907,0,0
1995-03-09,6.42362,6.54795,6.38218,6.54795,2.2743,52784,0,0
1995-03-10,6.42362,6.46506,6.38218,6.46506,2.24551,32877,0,0
1995-03-13,6.54795,6.54795,6.38218,6.54795,2.2743,25035,0,0
1995-03-14,6.46506,6.54795,6.38218,6.54795,2.2743,32273,0,0
1995-03-15,6.38218,6.71372,6.38218,6.63083,2.30309,95312,0,0
1995-03-16,6.71372,6.71372,6.54795,6.63083,2.30309,17494,0,0
1995-03-17,6.54795,6.7966,6.54795,6.63083,2.32283,22320,0.056362,0
1995-03-20,6.7966,6.7966,6.58939,6.58939,2.30831,10255,0,0
1995-03-21,6.54795,6.7966,6.54795,6.58939,2.30831,35893,0,0
1995-03-22,6.54795,6.71372,6.54795,6.71372,2.35187,28956,0,0
1995-03-23,6.54795,6.7966,6.54795,6.54795,2.29379,6937,0,0
1995-03-24,6.7966,6.7966,6.58939,6.7966,2.3809,2715,0,0
1995-03-27,6.71372,6.7966,6.54795,6.7966,2.3809,31067,0,0
1995-03-28,6.54795,6.63083,6.54795,6.54795,2.29379,9049,0,0
1995-03-29,6.56867,6.7966,6.54795,6.7966,2.3809,16288,0,0
1995-03-30,6.54795,6.7966,6.54795,6.63083,2.32283,14176,0,0
1995-03-31,6.54795,6.7966,6.46506,6.7966,2.3809,61229,0,0
1995-04-03,6.63083,6.7966,6.46506,6.7966,2.3809,60626,0,0
1995-04-04,6.7966,6.7966,6.46506,6.54795,2.29379,24130,0,0
1995-04-05,6.54795,6.7966,6.54795,6.54795,2.29379,43132,0,0
1995-04-06,6.71372,6.7966,6.54795,6.7966,2.3809,24733,0,0
1995-04-07,6.7966,6.7966,6.54795,6.7966,2.3809,137238,0,0
1995-04-10,6.54795,6.7966,6.54795,6.54795,2.29379,31972,0,0
1995-04-11,6.54795,6.7966,6.54795,6.7966,2.3809,15684,0,0
1995-04-12,6.7966,6.7966,6.58939,6.58939,2.30831,6636,0,0
1995-04-13,6.54795,6.71372,6.54795,6.71372,2.35187,15081,0,0
1995-04-17,6.71372,6.7966,6.54795,6.63083,2.32283,50069,0,0
1995-04-18,6.7966,6.7966,6.54795,6.63083,2.32283,74199,0,0
1995-04-19,6.71372,6.7966,6.54795,6.7966,2.3809,42830,0,0
1995-04-20,6.75516,6.7966,6.63083,6.63083,2.32283,19002,0,0
1995-04-21,6.7966,6.7966,6.54795,6.7966,2.3809,6032,0,0
1995-04-24,6.7966,6.7966,6.54795,6.54795,2.29379,34988,0,0
1995-04-25,6.7966,6.7966,6.7966,6.7966,2.3809,5731,0,0
1995-04-26,6.58939,6.7966,6.54795,6.63083,2.32283,134523,0,0
1995-04-27,6.7966,6.7966,6.71372,6.7966,2.3809,9350,0,0
1995-04-28,6.7966,6.7966,6.63083,6.7966,2.3809,11160,0,0
1995-05-01,6.58939,6.7966,6.54795,6.54795,2.29379,11462,0,0
1995-05-02,6.54795,6.7966,6.54795,6.71372,2.35187,18701,0,0
1995-05-03,6.7966,6.7966,6.63083,6.7966,2.3809,8445,0,0
1995-05-04,6.87949,6.87949,6.63083,6.7966,2.3809,7842,0,0
1995-05-05,6.63083,6.87949,6.63083,6.63083,2.32283,9652,0,0
1995-05-08,6.67228,6.87949,6.67228,6.87949,2.40994,17494,0,0
1995-05-09,6.46506,6.46506,5.96775,6.05063,2.13553,11160,0.051389,0
1995-05-10,6.38218,6.38218,5.96775,6.29929,2.22329,13271,0,0
1995-05-11,6.38218,6.38218,6.38218,6.38218,2.25255,3619,0,0
1995-05-12,5.96775,6.38218,5.96775,6.29929,2.22329,28956,0,0
1995-05-15,6.13352,6.29929,6.05063,6.29929,2.22329,32273,0,0
1995-05-16,6.29929,6.29929,6.05063,6.05063,2.13553,905,0,0
1995-05-17,6.29929,6.29929,6.05063,6.29929,2.22329,9350,0,0
1995-05-18,6.05063,6.29929,6.05063,6.29929,2.22329,53085,0,0
1995-05-19,6.05063,6.29929,6.05063,6.13352,2.16479,12668,0,0
1995-05-22,6.29929,6.29929,6.05063,6.13352,2.16479,12668,0,0
1995-05-23,6.05063,6.29929,6.05063,6.05063,2.13553,17192,0,0
1995-05-24,6.05063,6.29929,6.05063,6.25785,2.20867,11160,0,0
1995-05-25,6.29929,6.29929,6.09208,6.29929,2.22329,10858,0,0
1995-05-26,6.29929,6.29929,6.13352,6.13352,2.16479,15684,0,0
1995-05-30,6.05063,6.29929,6.05063,6.05063,2.13553,9652,0,0
1995-05-31,6.29929,6.29929,6.05063,6.05063,2.13553,22923,0,0
1995-06-01,6.21641,6.29929,6.21641,6.29929,2.22329,4826,0,0
1995-06-02,6.29929,6.29929,6.05063,6.21641,2.19404,24431,0,0
1995-06-05,6.05063,6.29929,6.05063,6.05063,2.13553,16288,0,0
1995-06-06,6.21641,6.21641,6.05063,6.21641,2.19404,38004,0,0
1995-06-07,6.21641,6.21641,6.05063,6.09208,2.15016,12065,0,0
1995-06-08,6.05063,6.05063,6.05063,6.05063,2.13553,3016,0,0
1995-06-09,6.05063,6.21641,6.05063,6.21641,2.19404,12970,0,0
1995-06-12,6.05063,6.21641,6.05063,6.05063,2.13553,11763,0,0
1995-06-13,6.13352,6.21641,6.05063,6.21641,2.19404,10858,0,0
1995-06-14,6.05063,6.21641,6.05063,6.21641,2.19404,25336,0,0
1995-06-15,6.21641,6.21641,5.96775,6.21641,2.19404,34083,0,0
1995-06-16,6.21641,6.21641,5.96775,5.96775,2.10628,44338,0,0
1995-06-19,6.13352,6.13352,5.97811,6.13352,2.16479,68770,0,0
1995-06-20,5.96775,6.13352,5.96775,6.13352,2.16479,19605,0,0
1995-06-21,6.13352,6.13352,5.96775,6.13352,2.18486,19002,0.056362,0
1995-06-22,6.13352,6.13352,5.96775,6.00919,2.14058,104964,0,0
1995-06-23,6.13352,6.13352,5.96775,6.13352,2.18486,8144,0,0
1995-06-26,6.13352,6.13352,5.96775,5.96775,2.12582,42227,0,0
1995-06-27,5.96775,6.13352,5.96775,6.05063,2.15534,42529,0,0
1995-06-28,5.88486,6.05063,5.88486,5.96775,2.12582,36496,0,0
1995-06-29,5.96775,6.05063,5.92631,5.96775,2.12582,83549,0,0
1995-06-30,6.13352,6.13352,5.88486,6.05063,2.15534,47053,0,0
1995-07-03,6.09208,6.13352,5.88486,5.88486,2.09629,63340,0,0
1995-07-05,6.05063,6.13352,5.88486,5.90559,2.10367,187005,0,0
1995-07-06,6.05063,6.05063,5.88486,5.96775,2.12582,27749,0,0
1995-07-07,5.88486,6.05063,5.88486,5.88486,2.09629,42830,0,0
1995-07-10,6.05063,6.05063,5.88486,6.05063,2.15534,34988,0,0
1995-07-11,6.05063,6.05063,5.88486,6.05063,2.15534,72691,0,0
1995-07-12,5.92631,6.05063,5.88486,5.98847,2.1332,58816,0,0
1995-07-13,5.96775,6.05063,5.88486,5.88486,2.09629,53085,0,0
1995-07-14,6.05063,6.05063,5.88486,5.96775,2.12582,49466,0,0
1995-07-17,6.05063,6.05063,5.88486,5.96775,2.12582,42529,0,0
1995-07-18,6.13352,6.13352,5.88486,5.88486,2.09629,7842,0,0
1995-07-19,6.13352,6.13352,5.88486,6.00919,2.14058,39814,0,0
1995-07-20,5.88486,6.13352,5.88486,5.92631,2.11105,63340,0,0
1995-07-21,6.13352,6.13352,5.88486,6.13352,2.18486,38909,0,0
1995-07-24,5.88486,6.13352,5.88486,6.13352,2.18486,185195,0,0
1995-07-25,6.13352,6.13352,5.88486,6.05063,2.15534,151112,0,0
1995-07-26,6.13352,6.13352,5.88486,5.88486,2.09629,59118,0,0
1995-07-27,6.13352,6.13352,5.88486,5.88486,2.09629,34988,0,0
1995-07-28,5.92631,6.13352,5.88486,6.13352,2.18486,32575,0,0
1995-07-31,5.88486,6.13352,5.88486,5.96775,2.12582,33178,0,0
1995-08-01,6.13352,6.21641,5.88486,6.21641,2.21439,92899,0,0
1995-08-02,5.88486,6.21641,5.88486,5.90559,2.10367,149604,0,0
1995-08-03,6.13352,6.13352,5.92631,6.00919,2.14058,31670,0,0
1995-08-04,6.05063,6.05063,5.88486,5.92631,2.11105,62737,0,0
1995-08-07,5.96775,6.05063,5.80198,5.96775,2.12582,82343,0,0
1995-08-08,5.88486,6.05063,5.80198,5.96775,2.12582,38909,0,0
1995-08-09,5.96775,6.05063,5.80198,6.05063,2.15534,92899,0,0
1995-08-10,5.96775,6.05063,5.96775,5.98847,2.1332,29257,0,0
1995-08-11,6.05063,6.05063,5.96775,5.96775,2.12582,27146,0,0
1995-08-14,6.05063,6.05063,5.96775,5.96775,2.12582,72691,0,0
1995-08-15,6.05063,6.05063,5.96775,5.96775,2.12582,30464,0,0
1995-08-16,6.05063,6.05063,5.96775,6.05063,2.15534,34385,0,0
1995-08-17,6.00919,6.05063,5.98847,6.00919,2.14058,29559,0,0
1995-08-18,6.05063,6.05063,5.96775,5.96775,2.12582,68770,0,0
1995-08-21,6.05063,6.05063,5.96775,5.96775,2.12582,42830,0,0
1995-08-22,6.02991,6.05063,5.96775,5.96775,2.12582,81136,0,0
1995-08-23,5.96775,6.21641,5.96775,6.13352,2.18486,22923,0,0
1995-08-24,5.96775,6.21641,5.96775,6.13352,2.18486,37099,0,0
1995-08-25,6.13352,6.21641,6.05063,6.21641,2.21439,23526,0,0
1995-08-28,6.05063,6.29929,6.05063,6.29929,2.24391,15383,0,0
1995-08-29,5.96775,6.29929,5.96775,6.05063,2.15534,142064,0,0
1995-08-30,6.1128,6.21641,6.05063,6.21641,2.21439,44037,0,0
1995-08-31,6.21641,6.38218,6.17496,6.38218,2.27344,32273,0,0
1995-09-01,6.46506,6.46506,6.13352,6.46506,2.30297,22320,0,0
1995-09-05,6.29929,6.54795,6.29929,6.54795,2.33249,34083,0,0
1995-09-06,6.54795,6.63083,6.46506,6.63083,2.36202,25939,0,0
1995-09-07,6.63083,6.63083,6.46506,6.46506,2.30297,24431,0,0
1995-09-08,6.63083,6.63083,6.46506,6.46506,2.30297,23225,0,0
1995-09-11,6.63083,6.63083,6.46506,6.5065,2.31773,34083,0,0
1995-09-12,6.63083,6.63083,6.46506,6.46506,2.30297,17796,0,0
1995-09-13,6.63083,6.63083,6.46506,6.63083,2.36202,22018,0,0
1995-09-14,6.63083,6.63083,6.46506,6.63083,2.36202,30464,0,0
1995-09-15,6.46506,6.63083,6.46506,6.63083,2.36202,81136,0,0
1995-09-18,6.46506,6.63083,6.46506,6.63083,2.36202,7842,0,0
1995-09-19,6.63083,6.63083,6.46506,6.63083,2.36202,48863,0,0
1995-09-20,6.46506,6.63083,6.46506,6.46506,2.32271,15081,0.056362,0
1995-09-21,6.54795,6.71372,6.46506,6.63083,2.38227,49164,0,0
1995-09-22,6.46506,6.71372,6.46506,6.46506,2.32271,12065,0,0
1995-09-25,6.54795,6.71372,6.46506,6.46506,2.32271,3016,0,0
1995-09-26,6.71372,6.71372,6.46506,6.61011,2.37482,29559,0,0
1995-09-27,6.46506,6.71372,6.46506,6.67228,2.39716,15383,0,0
1995-09-28,6.46506,6.71372,6.46506,6.63083,2.38227,24733,0,0
1995-09-29,6.67228,6.71372,6.46506,6.46506,2.32271,5128,0,0
1995-10-02,6.71372,6.71372,6.46506,6.71372,2.41204,11160,0,0
1995-10-03,6.63083,6.71372,6.46506,6.71372,2.41204,3921,0,0
1995-10-04,6.63083,6.71372,6.46506,6.71372,2.41204,13271,0,0
1995-10-05,6.58939,6.71372,6.58939,6.58939,2.36738,54593,0,0
1995-10-06,6.46506,6.46506,6.46506,6.46506,2.32271,302,0,0
1995-10-09,6.46506,6.71372,6.46506,6.46506,2.32271,18701,0,0
1995-10-10,6.46506,6.71372,6.46506,6.71372,2.41204,36496,0,0
1995-10-11,6.71372,6.7966,6.46506,6.7966,2.44182,123665,0,0
1995-10-12,6.7966,7.12814,6.63083,7.12814,2.56094,106472,0,0
1995-10-13,7.21103,7.54257,6.92093,7.29392,2.62049,174940,0,0
1995-10-16,7.54257,7.54257,7.3768,7.41824,2.66516,108584,0,0
1995-10-17,7.54257,7.54257,7.3768,7.50113,2.69494,60927,0,0
1995-10-18,7.54257,7.54257,7.3768,7.54257,2.70983,49768,0,0
1995-10-19,7.54257,7.54257,7.3768,7.41824,2.66516,53689,0,0
1995-10-20,7.54257,7.54257,7.3768,7.3768,2.65027,51276,0,0
1995-10-23,7.3768,7.45969,7.21103,7.33536,2.63538,40417,0,0
1995-10-24,7.45969,7.45969,7.21103,7.21103,2.59071,5731,0,0
1995-10-25,7.3768,7.45969,7.04526,7.3768,2.65027,72691,0,0
1995-10-26,7.3768,7.3768,7.04526,7.3768,2.65027,26543,0,0
1995-10-27,7.3768,7.3768,7.04526,7.3768,2.65027,12668,0,0
1995-10-30,7.04526,7.3768,7.04526,7.0867,2.54605,59118,0,0
1995-10-31,7.0867,7.21103,7.04526,7.21103,2.59071,35591,0,0
1995-11-01,7.04526,7.21103,6.87949,7.0867,2.54605,270253,0,0
1995-11-02,6.96237,7.21103,6.96237,7.04526,2.53116,34385,0,0
1995-11-03,7.21103,7.21103,7.04526,7.04526,2.53116,13573,0,0
1995-11-06,7.04526,7.29392,7.04526,7.04526,2.53116,33178,0,0
1995-11-07,7.29392,7.29392,7.12814,7.29392,2.62049,25638,0,0
1995-11-08,7.12814,7.29392,7.12814,7.29392,2.62049,52784,0,0
1995-11-09,7.29392,7.29392,7.12814,7.29392,2.62049,57610,0,0
1995-11-10,7.29392,7.29392,7.12814,7.12814,2.56094,28352,0,0
1995-11-13,7.12814,7.29392,7.12814,7.16959,2.57583,32575,0,0
1995-11-14,7.29392,7.29392,7.12814,7.29392,2.62049,10557,0,0
1995-11-15,7.29392,7.29392,7.04526,7.29392,2.62049,84756,0,0
1995-11-16,7.29392,7.29392,7.04526,7.04526,2.53116,20209,0,0
1995-11-17,7.04526,7.29392,7.04526,7.29392,2.62049,13573,0,0
1995-11-20,7.29392,7.29392,7.04526,7.16959,2.57583,90185,0,0
1995-11-21,7.04526,7.29392,7.04526,7.0867,2.54605,12970,0,0
1995-11-22,7.29392,7.29392,7.12814,7.21103,2.59071,18701,0,0
1995-11-24,7.04526,7.29392,7.04526,7.12814,2.56094,3318,0,0
1995-11-27,7.29392,7.3768,7.04526,7.16959,2.57583,22923,0,0
1995-11-28,7.3768,7.3768,7.04526,7.3768,2.65027,11763,0,0
1995-11-29,7.0867,7.3768,7.04526,7.21103,2.59071,32877,0,0
1995-11-30,7.29392,7.3768,7.04526,7.3768,2.65027,15684,0,0
1995-12-01,7.04526,7.29392,7.04526,7.0867,2.54605,28051,0,0
1995-12-04,7.29392,7.3768,7.04526,7.3768,2.65027,22923,0,0
1995-12-05,7.04526,7.3768,7.04526,7.3768,2.65027,40417,0,0
1995-12-06,7.12814,7.3768,7.04526,7.3768,2.65027,12065,0,0
1995-12-07,7.12814,7.3768,7.04526,7.12814,2.56094,41020,0,0
1995-12-08,7.12814,7.3768,7.04526,7.3768,2.65027,13271,0,0
1995-12-11,7.21103,7.21103,7.04526,7.21103,2.59071,17796,0,0
1995-12-12,7.04526,7.3768,7.04526,7.16959,2.57583,40417,0,0
1995-12-13,7.3768,7.3768,7.04526,7.04526,2.53116,11462,0,0
1995-12-14,7.3768,7.3768,7.04526,7.29392,2.62049,51879,0,0
1995-12-15,7.3768,7.3768,7.12814,7.25247,2.6056,23225,0,0
1995-12-18,7.3768,7.3768,7.12814,7.12814,2.56094,9350,0,0
1995-12-19,7.21103,7.45969,7.21103,7.45969,2.68005,54292,0,0
1995-12-20,7.21103,7.45969,7.21103,7.29392,2.64044,113410,0.056362,0
1995-12-21,7.45969,7.45969,7.29392,7.33536,2.65544,233455,0,0
1995-12-22,7.45969,7.45969,7.29392,7.39752,2.67795,51577,0,0
1995-12-26,7.29392,7.29392,7.21103,7.25247,2.62544,96820,0,0
1995-12-27,7.21103,7.29392,7.12814,7.12814,2.58043,40116,0,0
1995-12-28,7.12814,7.29392,7.12814,7.29392,2.64044,32575,0,0
1995-12-29,7.25247,7.29392,6.63083,6.87949,2.49042,223200,0,0
1996-01-02,6.63083,6.96237,6.63083,6.75516,2.44541,51879,0,0
1996-01-03,6.96237,7.04526,6.7966,6.87949,2.49042,76310,0,0
1996-01-04,6.96237,7.04526,6.7966,6.7966,2.46041,82343,0,0
1996-01-05,7.04526,7.04526,6.7966,7.04526,2.55043,69373,0,0
1996-01-08,6.7966,6.83805,6.7966,6.83805,2.47542,14478,0,0
1996-01-09,7.04526,7.12814,6.7966,6.87949,2.49042,17192,0,0
1996-01-10,7.12814,7.12814,6.87949,7.12814,2.58043,31067,0,0
1996-01-11,6.87949,7.12814,6.87949,7.12814,2.58043,26543,0,0
1996-01-12,7.12814,7.12814,6.96237,7.12814,2.58043,44640,0,0
1996-01-15,7.04526,7.29392,6.96237,7.29392,2.64044,71183,0,0
1996-01-16,7.29392,7.29392,7.04526,7.29392,2.64044,76009,0,0
1996-01-17,7.04526,7.29392,7.04526,7.16959,2.59544,150207,0,0
1996-01-18,7.29392,7.29392,7.04526,7.29392,2.64044,88677,0,0
1996-01-19,7.29392,7.29392,7.04526,7.21103,2.61044,7842,0,0
1996-01-22,7.04526,7.29392,7.04526,7.12814,2.58043,22320,0,0
1996-01-23,7.04526,7.29392,7.04526,7.04526,2.55043,38608,0,0
1996-01-24,7.29392,7.29392,7.04526,7.21103,2.61044,77215,0,0
1996-01-25,7.29392,7.29392,7.12814,7.29392,2.64044,15383,0,0
1996-01-26,7.12814,7.29392,7.04526,7.29392,2.64044,38306,0,0
1996-01-29,7.29392,7.29392,7.04526,7.29392,2.64044,40719,0,0
1996-01-30,7.04526,7.3768,7.04526,7.12814,2.58043,42529,0,0
1996-01-31,7.3768,7.3768,7.04526,7.29392,2.64044,34988,0,0
1996-02-01,7.29392,7.29392,7.04526,7.29392,2.64044,39814,0,0
1996-02-02,7.04526,7.29392,7.04526,7.29392,2.64044,7842,0,0
1996-02-05,7.16959,7.3768,7.04526,7.3768,2.67045,25939,0,0
1996-02-06,7.29392,7.3768,7.12814,7.29392,2.64044,143873,0,0
1996-02-07,7.3768,7.3768,7.21103,7.33536,2.65544,100741,0,0
1996-02-08,7.3768,7.3768,7.21103,7.3768,2.67045,55498,0,0
1996-02-09,7.21103,7.3768,7.21103,7.21103,2.61044,9049,0,0
1996-02-12,7.45969,7.45969,7.0867,7.12814,2.58043,100440,0,0
1996-02-13,7.04526,7.21103,6.96237,6.96237,2.52042,173734,0,0
1996-02-14,7.21103,7.21103,7.00382,7.21103,2.61044,37401,0,0
1996-02-15,7.21103,7.21103,7.04526,7.12814,2.58043,23225,0,0
1996-02-16,7.12814,7.29392,7.12814,7.16959,2.59544,111901,0,0
1996-02-20,7.12814,7.29392,7.12814,7.21103,2.61044,190021,0,0
1996-02-21,7.29392,7.29392,7.12814,7.29392,2.64044,58213,0,0
1996-02-22,7.12814,7.29392,7.12814,7.25247,2.62544,26241,0,0
1996-02-23,7.29392,7.29392,7.12814,7.12814,2.58043,25638,0,0
1996-02-26,7.12814,7.29392,7.12814,7.16959,2.59544,44037,0,0
1996-02-27,7.19031,7.3768,7.12814,7.12814,2.58043,144175,0,0
1996-02-28,7.25247,7.3768,7.12814,7.35608,2.66295,43433,0,0
1996-02-29,7.3768,7.3768,7.12814,7.21103,2.61044,48259,0,0
1996-03-01,7.31464,7.3768,7.12814,7.25247,2.62544,15986,0,0
1996-03-04,7.29392,7.33536,7.12814,7.25247,2.62544,6937,0,0
1996-03-05,7.3768,7.3768,7.12814,7.12814,2.58043,3921,0,0
1996-03-06,7.3768,7.3768,7.12814,7.12814,2.58043,67865,0,0
1996-03-07,7.3768,7.3768,7.16959,7.21103,2.61044,15383,0,0
1996-03-08,7.12814,7.3768,7.12814,7.16959,2.59544,32273,0,0
1996-03-11,7.29392,7.29392,6.96237,7.00382,2.53542,66055,0,0
1996-03-12,7.12814,7.12814,6.87949,6.87949,2.49042,22923,0,0
1996-03-13,7.12814,7.12814,6.71372,6.71372,2.43041,27749,0,0
1996-03-14,6.77588,6.96237,6.71372,6.96237,2.52042,25939,0,0
1996-03-15,6.71372,6.96237,6.71372,6.71372,2.43041,15986,0,0
1996-03-18,6.83805,6.96237,6.71372,6.75516,2.44541,31369,0,0
1996-03-19,6.96237,7.04526,6.71372,7.04526,2.55043,51879,0,0
1996-03-20,7.04526,7.21103,6.7966,7.12814,2.58043,51276,0,0
1996-03-21,7.16959,7.29392,6.92093,6.96237,2.52042,56705,0,0
1996-03-22,7.29392,7.29392,7.04526,7.10742,2.57293,8144,0,0
1996-03-25,7.25247,7.29392,7.04526,7.29392,2.64044,50371,0,0
1996-03-26,7.29392,7.29392,7.04526,7.25247,2.62544,43735,0,0
1996-03-27,7.29392,7.29392,7.04526,7.12814,2.58043,20209,0,0
1996-03-28,7.28874,7.29392,7.12814,7.29392,2.64044,73294,0,0
1996-03-29,7.16959,7.29392,7.12814,7.13333,2.58231,64849,0,0
1996-04-01,7.3768,7.45969,7.12814,7.45969,2.70045,78120,0,0
1996-04-02,7.62546,7.62546,7.29392,7.45969,2.70045,76310,0,0
1996-04-03,7.12814,7.3768,7.12814,7.3768,2.67045,29861,0,0
1996-04-04,7.29392,7.3768,7.12814,7.33536,2.65544,47656,0,0
1996-04-08,7.3768,7.3768,7.12814,7.3768,2.67045,74199,0,0
1996-04-09,7.21103,7.3768,7.16959,7.3768,2.67045,28352,0,0
1996-04-10,7.3768,7.3768,7.21103,7.3768,2.67045,18399,0,0
1996-04-11,7.3768,7.3768,7.12814,7.25247,2.62544,50672,0,0
1996-04-12,7.3768,7.3768,7.12814,7.3768,2.67045,37703,0,0
1996-04-15,7.325,7.3768,7.16959,7.29392,2.64044,24130,0,0
1996-04-16,7.3768,7.3768,7.21103,7.22139,2.61419,26543,0,0
1996-04-17,7.3768,7.3768,7.21103,7.25247,2.62544,224708,0,0
1996-04-18,7.3768,7.3768,7.25247,7.3768,2.67045,26844,0,0
1996-04-19,7.3768,7.3768,7.29392,7.29392,2.64044,46751,0,0
1996-04-22,7.29392,7.45969,7.29392,7.45969,2.70045,19907,0,0
1996-04-23,7.45969,7.54257,7.29392,7.54257,2.73046,127586,0,0
1996-04-24,7.45969,7.54257,7.29392,7.3768,2.67045,20510,0,0
1996-04-25,7.54257,7.54257,7.29392,7.29392,2.64044,7541,0,0
1996-04-26,7.54257,7.54257,7.29392,7.29392,2.64044,55800,0,0
1996-04-29,7.45969,7.54257,7.29392,7.33536,2.65544,90185,0,0
1996-04-30,6.87949,6.87949,6.63083,6.63083,2.41734,35591,0.051389,0
1996-05-01,6.87949,6.87949,6.63083,6.75516,2.46266,74199,0,0
1996-05-02,6.87949,6.87949,6.63083,6.63083,2.41734,45243,0,0
1996-05-03,6.63083,6.96237,6.63083,6.87949,2.50799,22923,0,0
1996-05-06,6.87949,6.87949,6.63083,6.87949,2.50799,13875,0,0
1996-05-07,6.63083,6.7966,6.5065,6.54795,2.38712,61229,0,0
1996-05-08,6.54795,6.71372,6.29929,6.46506,2.3569,74500,0,0
1996-05-09,6.46506,6.54795,6.29929,6.54795,2.38712,41925,0,0
1996-05-10,6.56867,6.63083,6.38218,6.63083,2.41734,19304,0,0
1996-05-13,6.63083,6.71372,6.46506,6.63083,2.41734,15081,0,0
1996-05-14,6.58939,6.71372,6.54795,6.63083,2.41734,9954,0,0
1996-05-15,6.58939,6.71372,6.54795,6.71372,2.44755,64849,0,0
1996-05-16,6.71372,6.71372,6.54795,6.63083,2.41734,20510,0,0
1996-05-17,6.5065,6.71372,6.5065,6.693,2.44,16891,0,0
1996-05-20,6.65155,6.71372,6.46506,6.71372,2.44755,21415,0,0
1996-05-21,6.46506,6.71372,6.46506,6.65155,2.42489,33178,0,0
1996-05-22,6.46506,6.71372,6.46506,6.71372,2.44755,68166,0,0
1996-05-23,6.46506,6.71372,6.46506,6.63083,2.41734,48259,0,0
1996-05-24,6.46506,6.58939,6.46506,6.58939,2.40223,21113,0,0
1996-05-28,6.71372,6.71372,6.46506,6.58939,2.40223,40116,0,0
1996-05-29,6.65155,6.71372,6.46506,6.71372,2.44755,57308,0,0
1996-05-30,6.71372,6.71372,6.46506,6.46506,2.3569,44942,0,0
1996-05-31,6.71372,6.71372,6.46506,6.693,2.44,34686,0,0
1996-06-03,6.63083,6.71372,6.46506,6.46506,2.3569,49466,0,0
1996-06-04,6.71372,6.71372,6.46506,6.5065,2.37201,47355,0,0
1996-06-05,6.71372,6.71372,6.46506,6.46506,2.3569,22018,0,0
1996-06-06,6.71372,6.71372,6.46506,6.46506,2.3569,46751,0,0
1996-06-07,6.71372,6.71372,6.38218,6.48578,2.36446,73596,0,0
1996-06-10,6.63083,6.71372,6.38218,6.42362,2.3418,52180,0,0
1996-06-11,6.38218,6.71372,6.38218,6.38218,2.32669,10255,0,0
1996-06-12,6.58939,6.71372,6.38218,6.46506,2.3569,14176,0,0
1996-06-13,6.71372,6.71372,6.21641,6.25785,2.28136,106472,0,0
1996-06-14,6.25785,6.46506,6.25785,6.29929,2.29647,30765,0,0
1996-06-17,6.41326,6.41326,6.25785,6.29929,2.29647,15383,0,0
1996-06-18,6.25785,6.46506,6.21641,6.46506,2.3569,28956,0,0
1996-06-19,6.21641,6.46506,6.21641,6.29929,2.31667,32273,0.056362,0
1996-06-20,6.29929,6.46506,6.21641,6.23713,2.2938,69675,0,0
1996-06-21,6.46506,6.46506,6.21641,6.21641,2.28618,60626,0,0
1996-06-24,6.21641,6.46506,6.21641,6.21641,2.28618,30464,0,0
1996-06-25,6.46506,6.46506,6.21641,6.29929,2.31667,44037,0,0
1996-06-26,6.34073,6.46506,6.21641,6.34073,2.33191,22923,0,0
1996-06-27,6.34073,6.46506,6.21641,6.29929,2.31667,336911,0,0
1996-06-28,6.34073,6.46506,6.21641,6.25785,2.30143,99233,0,0
1996-07-01,6.21641,6.46506,6.21641,6.34073,2.33191,33480,0,0
1996-07-02,6.34073,6.46506,6.21641,6.46506,2.37763,68166,0,0
1996-07-03,6.42362,6.46506,6.25785,6.38218,2.34715,61531,0,0
1996-07-05,6.25785,6.46506,6.25785,6.46506,2.37763,11160,0,0
1996-07-08,6.21641,6.46506,6.21641,6.21641,2.28618,34686,0,0
1996-07-09,6.21641,6.46506,6.21641,6.25785,2.30143,11763,0,0
1996-07-10,6.21641,6.46506,6.21641,6.34073,2.33191,34988,0,0
1996-07-11,6.27857,6.46506,6.17496,6.17496,2.27094,37401,0,0
1996-07-12,6.21641,6.46506,6.17496,6.17496,2.27094,19605,0,0
1996-07-15,6.39254,6.46506,6.21641,6.46506,2.37763,218072,0,0
1996-07-16,6.46506,6.46506,6.13352,6.29929,2.31667,37401,0,0
1996-07-17,6.46506,6.46506,6.21641,6.25785,2.30143,21113,0,0
1996-07-18,6.21641,6.38218,6.21641,6.38218,2.34715,5731,0,0
1996-07-19,6.21641,6.29929,6.21641,6.21641,2.28618,12668,0,0
1996-07-22,6.25785,6.38218,6.21641,6.29929,2.31667,68166,0,0
1996-07-23,6.25785,6.29929,6.21641,6.29929,2.31667,18701,0,0
1996-07-24,6.17496,6.38218,6.17496,6.29929,2.31667,29257,0,0
1996-07-25,6.38218,6.38218,6.17496,6.27857,2.30905,87470,0,0
1996-07-26,6.38218,6.38218,6.17496,6.38218,2.34715,16589,0,0
1996-07-29,6.38218,6.42362,6.17496,6.29929,2.31667,21113,0,0
1996-07-30,6.21641,6.42362,6.17496,6.38218,2.34715,36496,0,0
1996-07-31,6.38218,6.38218,6.17496,6.17496,2.27094,69373,0,0
1996-08-01,6.38218,6.38218,6.17496,6.38218,2.34715,101646,0,0
1996-08-02,6.17496,6.38218,6.17496,6.27857,2.30905,41322,0,0
1996-08-05,6.17496,6.38218,6.17496,6.27857,2.30905,37099,0,0
1996-08-06,6.42362,6.42362,6.17496,6.25785,2.30143,26241,0,0
1996-08-07,6.42362,6.42362,6.17496,6.34073,2.33191,53387,0,0
1996-08-08,6.42362,6.42362,6.21641,6.38218,2.34715,15684,0,0
1996-08-09,6.34073,6.42362,6.21641,6.21641,2.28618,7239,0,0
1996-08-12,6.21641,6.42362,6.21641,6.38218,2.34715,14176,0,0
1996-08-13,6.42362,6.42362,6.21641,6.21641,2.28618,17192,0,0
1996-08-14,6.21641,6.42362,6.21641,6.21641,2.28618,24130,0,0
1996-08-15,6.34073,6.42362,6.21641,6.34073,2.33191,44338,0,0
1996-08-16,6.29929,6.42362,6.25785,6.29929,2.31667,40116,0,0
1996-08-19,6.42362,6.42362,6.25785,6.25785,2.30143,22622,0,0
1996-08-20,6.25785,6.42362,6.25785,6.25785,2.30143,32575,0,0
1996-08-21,6.25785,6.42362,6.25785,6.38218,2.34715,9954,0,0
1996-08-22,6.42362,6.42362,6.25785,6.36146,2.33953,25939,0,0
1996-08-23,6.25785,6.42362,6.25785,6.38218,2.34715,35893,0,0
1996-08-26,6.42362,6.42362,6.25785,6.42362,2.36239,8445,0,0
1996-08-27,6.29929,6.32001,6.29929,6.29929,2.31667,25336,0,0
1996-08-28,6.29929,6.42362,6.29929,6.38218,2.34715,50371,0,0
1996-08-29,6.29929,6.42362,6.25785,6.42362,2.36239,38608,0,0
1996-08-30,6.29929,6.42362,6.29929,6.29929,2.31667,10858,0,0
1996-09-03,6.42362,6.42362,6.29929,6.42362,2.36239,34385,0,0
1996-09-04,6.38218,6.42362,6.25785,6.42362,2.36239,25939,0,0
1996-09-05,6.25785,6.58939,6.25785,6.54795,2.40811,36195,0,0
1996-09-06,6.63083,6.63083,6.42362,6.63083,2.4386,5128,0,0
1996-09-09,6.71372,6.71372,6.38218,6.54795,2.40811,47053,0,0
1996-09-10,6.71372,6.71372,6.38218,6.38218,2.34715,10858,0,0
1996-09-11,6.42362,6.63083,6.38218,6.46506,2.37763,33480,0,0
1996-09-12,6.54795,6.71372,6.54795,6.71372,2.46908,7541,0,0
1996-09-13,6.71372,6.71372,6.46506,6.71372,2.46908,14176,0,0
1996-09-16,6.54795,6.87949,6.54795,6.87949,2.53004,111298,0,0
1996-09-17,6.71372,6.87949,6.63083,6.71372,2.46908,17494,0,0
1996-09-18,6.75516,6.87949,6.63083,6.75516,2.48432,35893,0,0
1996-09-19,6.63083,6.75516,6.63083,6.63083,2.45911,14478,0.056362,0
1996-09-20,6.63083,6.87949,6.63083,6.71372,2.48985,76009,0,0
1996-09-23,6.63083,6.7966,6.54795,6.54795,2.42838,27448,0,0
1996-09-24,6.54795,6.7966,6.54795,6.7966,2.52059,25939,0,0
1996-09-25,6.63083,6.71372,6.63083,6.67228,2.47448,72691,0,0
1996-09-26,6.71372,6.7966,6.54795,6.7966,2.52059,69373,0,0
1996-09-27,6.7966,6.7966,6.63083,6.75516,2.50522,98329,0,0
1996-09-30,6.75516,6.7966,6.38218,6.63083,2.45911,52482,0,0
1996-10-01,6.38218,6.63083,6.38218,6.63083,2.45911,12668,0,0
1996-10-02,6.38218,6.63083,6.38218,6.52723,2.42069,9049,0,0
1996-10-03,6.63083,6.63083,6.5065,6.63083,2.45911,21113,0,0
1996-10-04,6.71372,6.71372,6.54795,6.54795,2.42838,33782,0,0
1996-10-07,6.54795,6.83805,6.54795,6.83805,2.53596,108885,0,0
1996-10-08,6.67228,6.83805,6.63083,6.71372,2.48985,58816,0,0
1996-10-09,6.71372,6.83805,6.63083,6.63083,2.45911,69071,0,0
1996-10-10,6.58939,6.83805,6.58939,6.67228,2.47448,19002,0,0
1996-10-11,6.83805,6.83805,6.63083,6.7966,2.52059,41624,0,0
1996-10-14,6.63083,6.83805,6.63083,6.83805,2.53596,10557,0,0
1996-10-15,6.75516,6.7966,6.63083,6.63083,2.45911,172226,0,0
1996-10-16,6.7966,6.7966,6.63083,6.67228,2.47448,50672,0,0
1996-10-17,6.71372,6.7966,6.63083,6.7966,2.52059,17494,0,0
1996-10-18,6.63083,6.7966,6.63083,6.65155,2.4668,68770,0,0
1996-10-21,6.63083,6.7966,6.63083,6.67228,2.47448,44338,0,0
1996-10-22,6.71372,6.7966,6.63083,6.63083,2.45911,41925,0,0
1996-10-23,6.7966,6.7966,6.54795,6.54795,2.42838,14176,0,0
1996-10-24,6.54795,6.71372,6.54795,6.54795,2.42838,6937,0,0
1996-10-25,6.71372,6.71372,6.46506,6.56867,2.43606,58213,0,0
1996-10-28,6.63083,6.63083,6.46506,6.63083,2.45911,9954,0,0
1996-10-29,6.54795,6.63083,6.46506,6.46506,2.39764,38608,0,0
1996-10-30,6.71372,6.71372,6.46506,6.5065,2.41301,33178,0,0
1996-10-31,6.46506,6.71372,6.46506,6.71372,2.48985,9652,0,0
1996-11-01,6.54795,6.71372,6.46506,6.54795,2.42838,38909,0,0
1996-11-04,6.46506,6.71372,6.46506,6.71372,2.48985,8747,0,0
1996-11-05,6.52723,6.71372,6.46506,6.46506,2.39764,46751,0,0
1996-11-06,6.46506,6.71372,6.46506,6.67228,2.47448,19304,0,0
1996-11-07,6.71372,6.71372,6.46506,6.63083,2.45911,6334,0,0
1996-11-08,6.46506,6.71372,6.46506,6.54795,2.42838,21415,0,0
1996-11-11,6.71372,6.71372,6.46506,6.71372,2.48985,89280,0,0
1996-11-12,6.71372,6.71372,6.46506,6.58939,2.44374,46450,0,0
1996-11-13,6.52723,6.71372,6.46506,6.46506,2.39764,41322,0,0
1996-11-14,6.63083,6.63083,6.46506,6.46506,2.39764,58213,0,0
1996-11-15,6.46506,6.63083,6.29929,6.38218,2.3669,107377,0,0
1996-11-18,6.38218,6.54795,6.38218,6.38218,2.3669,44942,0,0
1996-11-19,6.54795,6.54795,6.38218,6.54795,2.42838,28654,0,0
1996-11-20,6.54795,6.63083,6.38218,6.54795,2.42838,95614,0,0
1996-11-21,6.63083,6.63083,6.38218,6.46506,2.39764,33782,0,0
1996-11-22,6.63083,6.63083,6.42362,6.63083,2.45911,75405,0,0
1996-11-25,6.63083,6.63083,6.46506,6.58939,2.44374,22320,0,0
1996-11-26,6.46506,6.87949,6.46506,6.87949,2.55133,278396,0,0
1996-11-27,6.63083,6.87949,6.63083,6.87949,2.55133,52784,0,0
1996-11-29,6.87949,6.87949,6.71372,6.87949,2.55133,45846,0,0
1996-12-02,6.87949,6.96237,6.71372,6.83805,2.53596,82041,0,0
1996-12-03,6.83805,6.96237,6.71372,6.87949,2.55133,95011,0,0
1996-12-04,7.04526,7.04526,6.7966,6.83805,2.53596,49164,0,0
1996-12-05,6.83805,7.12814,6.83805,7.04526,2.61281,129999,0,0
1996-12-06,6.96237,7.12814,6.87949,7.00382,2.59744,125776,0,0
1996-12-09,6.96237,7.12814,6.96237,7.0867,2.62818,58213,0,0
1996-12-10,6.96237,7.21103,6.96237,6.96237,2.58207,65150,0,0
1996-12-11,7.0867,7.21103,6.96237,7.04526,2.61281,61229,0,0
1996-12-12,7.04526,7.2732,7.04526,7.06598,2.62049,38608,0,0
1996-12-13,7.04526,7.12814,6.96237,6.96237,2.58207,64849,0,0
1996-12-16,6.96237,7.12814,6.7966,6.83805,2.53596,101948,0,0
1996-12-17,6.7966,7.04526,6.7966,6.7966,2.52059,16589,0,0
1996-12-18,6.96237,7.04526,6.7966,6.7966,2.52059,36195,0,0
1996-12-19,6.7966,7.04526,6.7966,6.96237,2.60366,72087,0.056362,0
1996-12-20,7.04526,7.04526,6.7966,6.92093,2.58816,50974,0,0
1996-12-23,6.96237,7.04526,6.87949,6.92093,2.58816,93201,0,0
1996-12-24,7.04526,7.04526,6.87949,6.92093,2.58816,43433,0,0
1996-12-26,6.96237,7.04526,6.87949,6.87949,2.57267,31972,0,0
1996-12-27,7.04526,7.04526,6.87949,7.04526,2.63466,28352,0,0
1996-12-30,6.96237,7.04526,6.87949,6.87949,2.57267,47958,0,0
1996-12-31,7.04526,7.12814,6.87949,7.12814,2.66565,129697,0,0
1997-01-02,6.96237,7.12814,6.87949,7.04526,2.63466,25336,0,0
1997-01-03,6.96237,7.04526,6.7966,6.96237,2.60366,36195,0,0
1997-01-06,6.83805,6.96237,6.7966,6.7966,2.54167,16589,0,0
1997-01-07,6.83805,6.96237,6.7966,6.87949,2.57267,45545,0,0
1997-01-08,7.04526,7.04526,6.7966,7.04526,2.63466,8144,0,0
1997-01-09,7.04526,7.04526,6.7966,7.04526,2.63466,36195,0,0
1997-01-10,6.7966,7.12814,6.7966,6.96237,2.60366,60927,0,0
1997-01-13,6.87949,7.12814,6.87949,6.87949,2.57267,39512,0,0
1997-01-14,6.96237,7.12814,6.87949,6.87949,2.57267,121855,0,0
1997-01-15,7.12814,7.12814,6.87949,6.92093,2.58816,80231,0,0
1997-01-16,7.12814,7.12814,6.87949,7.0867,2.65016,66960,0,0
1997-01-17,6.87949,7.21103,6.87949,7.21103,2.69665,783009,0,0
1997-01-20,7.21103,7.54257,6.96237,7.33536,2.74314,126078,0,0
1997-01-21,7.54257,7.70834,7.29392,7.62546,2.85163,141159,0,0
1997-01-22,7.45969,7.70834,7.45969,7.62546,2.85163,313686,0,0
1997-01-23,7.70834,8.03988,7.45969,7.70834,2.88262,138746,0,0
1997-01-24,7.79123,7.957,7.54257,7.70834,2.88262,121553,0,0
1997-01-27,7.79123,8.16421,7.79123,7.87411,2.94462,51276,0,0
1997-01-28,7.87411,8.16421,7.87411,7.87411,2.94462,69976,0,0
1997-01-29,8.16421,8.20566,7.70834,7.957,2.97561,149303,0,0
1997-01-30,7.83267,7.957,7.79123,7.957,2.97561,159558,0,0
1997-01-31,7.957,8.08133,7.79123,7.99844,2.99111,74500,0,0
1997-02-03,8.12277,8.28854,7.957,8.28854,3.0996,151414,0,0
1997-02-04,8.03988,8.28854,8.03988,8.03988,3.00661,60023,0,0
1997-02-05,8.20566,8.28854,8.03988,8.03988,3.00661,44942,0,0
1997-02-06,8.03988,8.20566,8.03988,8.20566,3.0686,65150,0,0
1997-02-07,8.20566,8.20566,7.957,8.03988,3.00661,81438,0,0
1997-02-10,8.03988,8.20566,7.87411,8.12277,3.03761,29559,0,0
1997-02-11,7.87411,8.12277,7.87411,7.957,2.97561,61531,0,0
1997-02-12,8.03988,8.03988,7.87411,7.87411,2.94462,36798,0,0
1997-02-13,8.03988,8.03988,7.87411,7.957,2.97561,20812,0,0
1997-02-14,7.91556,8.03988,7.87411,8.03988,3.00661,61531,0,0
1997-02-18,8.03988,8.03988,7.87411,7.87411,2.94462,119140,0,0
1997-02-19,8.03988,8.12277,7.87411,7.957,2.97561,135428,0,0
1997-02-20,8.20566,8.20566,7.957,8.20566,3.0686,364358,0,0
1997-02-21,7.99844,8.5372,7.957,8.45431,3.16159,71484,0,0
1997-02-24,8.45431,8.45431,8.20566,8.45431,3.16159,44338,0,0
1997-02-25,8.45431,8.45431,8.16421,8.45431,3.16159,16891,0,0
1997-02-26,8.45431,8.62008,8.28854,8.37143,3.13059,133920,0,0
1997-02-27,8.5372,8.5372,8.28854,8.28854,3.0996,41624,0,0
1997-02-28,8.28854,8.5372,8.16421,8.28854,3.0996,30765,0,0
1997-03-03,8.28854,8.28854,8.03988,8.28854,3.0996,87470,0,0
1997-03-04,8.03988,8.37143,8.03988,8.10205,3.02985,152319,0,0
1997-03-05,8.03988,8.28854,8.03988,8.03988,3.00661,33480,0,0
1997-03-06,8.03988,8.28854,8.03988,8.03988,3.00661,83851,0,0
1997-03-07,8.03988,8.28854,8.03988,8.12277,3.03761,17192,0,0
1997-03-10,8.03988,8.28854,8.03988,8.28854,3.0996,15383,0,0
1997-03-11,8.32998,8.32998,8.03988,8.28854,3.0996,77818,0,0
1997-03-12,8.16421,8.32998,8.03988,8.03988,3.00661,87470,0,0
1997-03-13,8.16421,8.16421,7.957,7.97772,2.98336,154128,0,0
1997-03-14,8.12277,8.12277,7.87411,8.03988,3.00661,25939,0,0
1997-03-17,7.87411,8.12277,7.87411,8.12277,3.03761,50069,0,0
1997-03-18,7.957,8.20566,7.957,8.12277,3.03761,7842,0,0
1997-03-19,7.87411,8.12277,7.87411,8.12277,3.05883,110997,0.056362,0
1997-03-20,8.20566,8.20566,7.957,8.20566,3.09004,29861,0,0
1997-03-21,8.20566,8.2471,7.957,8.12277,3.05883,91693,0,0
1997-03-24,8.03988,8.2471,8.03988,8.2471,3.10565,117029,0,0
1997-03-25,8.03988,8.2471,8.03988,8.16421,3.07444,86264,0,0
1997-03-26,8.08133,8.2471,8.08133,8.2471,3.10565,51879,0,0
1997-03-27,8.2471,8.2471,8.12277,8.12277,3.05883,67262,0,0
1997-03-31,8.12277,8.2471,8.12277,8.16421,3.07444,170114,0,0
1997-04-01,8.12277,8.2471,8.12277,8.16421,3.07444,83247,0,0
1997-04-02,8.12277,8.2471,8.12277,8.12277,3.05883,58213,0,0
1997-04-03,8.12277,8.2471,8.12277,8.14349,3.06663,12970,0,0
1997-04-04,8.12277,8.28854,8.12277,8.28854,3.12125,14176,0,0
1997-04-07,8.28854,8.28854,8.12277,8.18493,3.08224,28051,0,0
1997-04-08,8.32998,8.32998,8.12277,8.12277,3.05883,10557,0,0
1997-04-09,8.32998,8.45431,8.12277,8.45431,3.18368,25035,0,0
1997-04-10,8.16421,8.41287,8.16421,8.41287,3.16807,30162,0,0
1997-04-11,8.20566,8.41287,8.20566,8.28854,3.12125,7239,0,0
1997-04-14,8.20566,8.41287,8.20566,8.30926,3.12906,27146,0,0
1997-04-15,8.37143,8.37143,8.20566,8.37143,3.15247,167701,0,0
1997-04-16,8.37143,8.37143,8.20566,8.20566,3.09004,50672,0,0
1997-04-17,8.37143,8.37143,8.20566,8.32998,3.13686,61229,0,0
1997-04-18,8.32998,8.32998,8.20566,8.28854,3.12125,28956,0,0
1997-04-21,8.20566,8.32998,8.20566,8.20566,3.09004,41624,0,0
1997-04-22,8.20566,8.37143,8.20566,8.37143,3.15247,37099,0,0
1997-04-23,8.37143,8.37143,8.2471,8.37143,3.15247,18701,0,0
1997-04-24,8.37143,8.37143,8.2471,8.28854,3.12125,25336,0,0
1997-04-25,8.37143,8.37143,8.28854,8.37143,3.15247,15684,0,0
1997-04-28,8.28854,8.41287,8.28854,8.41287,3.16807,16891,0,0
1997-04-29,8.5372,8.5372,8.28854,8.5372,3.21489,54292,0,0
1997-04-30,8.28854,8.5372,8.28854,8.5372,3.21489,37099,0,0
1997-05-01,8.5372,8.5372,8.37143,8.5372,3.21489,69675,0,0
1997-05-02,8.5372,8.5372,8.37143,8.5372,3.21489,152620,0,0
1997-05-05,8.5372,8.5372,8.45431,8.5372,3.21489,93804,0,0
1997-05-06,8.45431,8.5372,8.37143,8.49576,3.19929,68166,0,0
1997-05-07,8.62008,8.62008,8.37143,8.62008,3.24611,57308,0,0
1997-05-08,8.62008,8.62008,8.41287,8.5372,3.21489,72087,0,0
1997-05-09,8.62008,8.62008,8.45431,8.62008,3.24611,92598,0,0
1997-05-12,8.62008,8.62008,8.45431,8.5372,3.21489,79628,0,0
1997-05-13,8.57864,8.62008,8.49576,8.5372,3.21489,55800,0,0
1997-05-14,8.70297,8.78585,8.5372,8.78585,3.30853,81136,0,0
1997-05-15,8.78585,9.36605,8.5372,9.20028,3.46459,159859,0,0
1997-05-16,9.20028,9.44894,8.95162,8.95162,3.37095,232550,0,0
1997-05-19,9.03451,9.15884,8.95162,9.1174,3.43338,111901,0,0
1997-05-20,9.1174,9.28317,8.95162,9.28317,3.4958,56102,0,0
1997-05-21,9.39092,9.39092,9.02622,9.34533,3.54288,41679,0.061998,1.1
1997-05-22,9.20857,9.39092,9.02622,9.39092,3.56016,71841,0,0
1997-05-23,9.29974,9.39092,9.1174,9.29974,3.52559,17823,0,0
1997-05-27,9.29974,9.29974,9.02622,9.20857,3.49103,109132,0,0
1997-05-28,9.20857,9.20857,8.93505,9.20857,3.49103,94874,0,0
1997-05-29,9.20857,9.20857,8.93505,9.20857,3.49103,12887,0,0
1997-05-30,9.1174,9.57326,8.84387,9.57326,3.62929,61421,0,0
1997-06-02,9.57326,9.75561,9.48209,9.61885,3.64657,104196,0,0
1997-06-03,9.48209,9.71003,9.48209,9.64165,3.65521,62518,0,0
1997-06-04,9.71003,9.71003,9.39092,9.48209,3.59472,74309,0,0
1997-06-05,9.29974,9.57326,9.29974,9.4365,3.57744,24952,0,0
1997-06-06,9.29974,9.57326,9.25416,9.57326,3.62929,18920,0,0
1997-06-09,9.57326,9.57326,9.29974,9.39092,3.56016,40856,0,0
1997-06-10,9.57326,9.71003,9.39092,9.71003,3.68114,93228,0,0
1997-06-11,9.66444,9.8012,9.66444,9.71003,3.68114,538257,0,0
1997-06-12,9.8012,9.84679,9.66444,9.84679,3.73298,51001,0,0
1997-06-13,9.71003,10.0291,9.71003,10.0291,3.80211,67728,0,0
1997-06-16,9.84679,10.1203,9.75561,9.93796,3.76755,81986,0,0
1997-06-17,10.1203,10.2115,9.84679,10.2115,3.87124,58405,0,0
1997-06-18,9.93796,10.2115,9.93796,10.0291,3.82534,74034,0.061998,0
1997-06-19,9.93796,10.2115,9.75561,9.84679,3.75578,157666,0,0
1997-06-20,9.84679,10.0291,9.84679,9.93796,3.79056,97341,0,0
1997-06-23,9.75561,9.93796,9.75561,9.8012,3.7384,51550,0,0
1997-06-24,9.8012,9.93796,9.8012,9.84679,3.75578,221006,0,0
1997-06-25,9.8012,9.93796,9.8012,9.93796,3.79056,74857,0,0
1997-06-26,9.84679,10.0291,9.84679,9.96075,3.79925,151359,0,0
1997-06-27,10.0291,10.0291,9.89237,10.0291,3.82534,41130,0,0
1997-06-30,9.93796,10.0291,9.84679,9.84679,3.75578,233619,0,0
1997-07-01,9.84679,10.0291,9.75561,9.8012,3.7384,46340,0,0
1997-07-02,9.84679,10.0291,9.75561,9.84679,3.75578,55937,0,0
1997-07-03,9.84679,10.0291,9.84679,9.84679,3.75578,52098,0,0
1997-07-07,9.84679,10.0291,9.84679,10.0291,3.82534,43050,0,0
1997-07-08,10.0291,10.0291,9.84679,9.98355,3.80795,230877,0,0
1997-07-09,9.84679,10.0291,9.84679,9.93796,3.79056,14258,0,0
1997-07-10,9.84679,10.0291,9.8012,9.93796,3.79056,18920,0,0
1997-07-11,9.8012,10.0291,9.8012,9.84679,3.75578,162875,0,0
1997-07-14,9.84679,10.0291,9.84679,10.0291,3.82534,82809,0,0
1997-07-15,10.0291,10.0291,9.84679,10.0291,3.82534,49356,0,0
1997-07-16,9.93796,10.0747,9.84679,10.0291,3.82534,190844,0,0
1997-07-17,9.93796,10.0291,9.84679,9.84679,3.75578,50179,0,0
1997-07-18,9.84679,10.0291,9.84679,9.98355,3.80795,33178,0,0
1997-07-21,10.0291,10.0291,9.84679,9.84679,3.75578,130794,0,0
1997-07-22,9.84679,10.1203,9.84679,9.98355,3.80795,287089,0,0
1997-07-23,10.0063,10.2115,9.93796,10.2115,3.89489,84180,0,0
1997-07-24,9.93796,10.2115,9.93796,10.1659,3.8775,9323,0,0
1997-07-25,10.2115,10.2115,9.93796,10.2115,3.89489,31533,0,0
1997-07-28,10.1659,10.2115,9.93796,10.1203,3.86011,36743,0,0
1997-07-29,10.1659,10.1659,9.93796,10.0291,3.82534,22759,0,0
1997-07-30,10.1659,10.3938,9.98355,10.3482,3.94705,74857,0,0
1997-07-31,10.4394,10.4394,10.1203,10.371,3.95574,78422,0,0
1997-08-01,10.1203,10.8953,10.1203,10.8953,4.15571,101454,0,0
1997-08-04,10.6674,10.8953,10.6674,10.8497,4.13832,15904,0,0
1997-08-05,10.8497,10.8497,10.3027,10.3482,3.94705,60873,0,0
1997-08-06,10.485,10.485,10.3027,10.485,3.99921,24678,0,0
1997-08-07,10.3027,10.485,10.3027,10.3482,3.94705,13436,0,0
1997-08-08,10.485,10.485,10.3027,10.3027,3.92966,61969,0,0
1997-08-11,10.3027,10.5306,10.3027,10.5306,4.0166,46614,0,0
1997-08-12,10.3027,10.5306,10.3027,10.3027,3.92966,22484,0,0
1997-08-13,10.3938,10.5762,10.3027,10.5762,4.03399,185360,0,0
1997-08-14,10.3938,10.7129,10.3938,10.5306,4.0166,118181,0,0
1997-08-15,10.5306,10.6674,9.96075,10.0291,3.82534,165069,0,0
1997-08-18,10.2115,10.3027,10.1203,10.2115,3.89489,590903,0,0
1997-08-19,10.1203,10.3027,10.1203,10.1659,3.8775,117906,0,0
1997-08-20,10.1203,10.3027,10.1203,10.1659,3.8775,201264,0,0
1997-08-21,10.1203,10.3027,10.1203,10.1659,3.8775,201538,0,0
1997-08-22,10.0291,10.2115,9.93796,10.2115,3.89489,43598,0,0
1997-08-25,10.2115,10.2115,10.0291,10.1203,3.86011,31259,0,0
1997-08-26,10.2115,10.2115,10.0291,10.0291,3.82534,112971,0,0
1997-08-27,10.2115,10.2571,10.0291,10.1203,3.86011,65808,0,0
1997-08-28,10.2343,10.2571,10.0291,10.0291,3.82534,60050,0,0
1997-08-29,10.0291,10.2571,10.0291,10.0291,3.82534,72115,0,0
1997-09-02,10.0291,10.3027,10.0291,10.0291,3.82534,39485,0,0
1997-09-03,10.3027,10.3027,10.0747,10.1203,3.86011,107213,0,0
1997-09-04,10.3027,10.3482,10.0291,10.2571,3.91227,149165,0,0
1997-09-05,10.3027,10.5762,10.2115,10.5762,4.03399,168634,0,0
1997-09-08,10.5762,10.5762,10.3938,10.4622,3.99052,106390,0,0
1997-09-09,10.6674,10.6674,10.3938,10.3938,3.96444,54840,0,0
1997-09-10,10.485,10.485,10.2115,10.4394,3.98183,146698,0,0
1997-09-11,10.4394,10.5306,10.3938,10.485,3.99921,64986,0,0
1997-09-12,10.3938,10.5762,10.3938,10.5762,4.03399,74034,0,0
1997-09-15,10.5762,10.5762,10.3482,10.5306,4.0166,41953,0,0
1997-09-16,10.5306,10.7585,10.485,10.5762,4.03399,122842,0,0
1997-09-17,10.5762,10.8041,10.5762,10.8041,4.12093,57034,0,0
1997-09-18,10.8041,11.3056,10.7585,11.032,4.23215,127229,0.061998,0
1997-09-19,10.9409,11.032,10.7585,10.8953,4.17969,102003,0,0
1997-09-22,10.8953,10.9409,10.3938,10.3938,3.98732,101454,0,0
1997-09-23,10.3938,10.8953,10.3938,10.8497,4.1622,55937,0,0
1997-09-24,10.7585,10.9409,10.7129,10.9409,4.19718,38114,0,0
1997-09-25,10.6218,10.8953,10.5762,10.8041,4.14471,25775,0,0
1997-09-26,10.8497,10.8497,10.5762,10.8497,4.1622,28243,0,0
1997-09-29,10.5762,10.8497,10.5762,10.8497,4.1622,20839,0,0
1997-09-30,10.7585,11.0776,10.7129,10.8041,4.14471,110777,0,0
1997-10-01,10.8497,11.032,10.8497,10.8953,4.17969,51276,0,0
1997-10-02,10.8041,11.0776,10.8041,10.8497,4.1622,57856,0,0
1997-10-03,10.8497,10.8497,10.485,10.5306,4.03978,97341,0,0
1997-10-06,10.8041,10.8041,10.5762,10.7585,4.12723,12065,0,0
1997-10-07,10.7585,10.8041,10.6218,10.7129,4.10974,61147,0,0
1997-10-08,10.8497,10.8497,10.6674,10.8497,4.1622,67728,0,0
1997-10-09,10.8041,10.8041,10.485,10.6446,4.08351,52098,0,0
1997-10-10,10.7585,10.8497,10.485,10.8269,4.15346,43324,0,0
1997-10-13,10.8497,10.8497,10.7813,10.8041,4.14471,7403,0,0
1997-10-14,10.8041,10.8041,10.6674,10.6901,4.10099,48534,0,0
1997-10-15,10.7585,11.1232,10.5762,11.0776,4.24964,315880,0,0
1997-10-16,10.9409,11.2144,10.9409,10.9865,4.21467,194957,0,0
1997-10-17,10.8953,11.0776,10.8041,10.8041,4.14471,43872,0,0
1997-10-20,10.7585,10.8953,10.7585,10.8497,4.1622,48808,0,0
1997-10-21,10.9409,11.1232,10.8497,10.9865,4.21467,92680,0,0
1997-10-22,11.2144,11.2144,10.9865,11.0093,4.22341,13984,0,0
1997-10-23,10.7129,10.9409,10.7129,10.7585,4.12723,42775,0,0
1997-10-24,10.9409,10.9409,10.8041,10.9181,4.18843,67179,0,0
1997-10-27,10.8041,11.032,10.6674,10.6674,4.09225,66357,0,0
1997-10-28,10.3938,10.7129,10.2115,10.2571,3.93485,135181,0,0
1997-10-29,10.5762,10.5762,10.3027,10.4394,4.00481,35646,0,0
1997-10-30,10.2115,10.5762,10.2115,10.5762,4.05727,45243,0,0
1997-10-31,10.5762,10.5762,10.3938,10.5762,4.05727,34001,0,0
1997-11-03,10.3938,10.5762,10.3938,10.4166,3.99606,38937,0,0
1997-11-04,10.3938,10.485,10.3938,10.4166,3.99606,62792,0,0
1997-11-05,10.485,10.5762,10.3938,10.5762,4.05727,13710,0,0
1997-11-06,10.5762,10.5762,10.3938,10.5306,4.03978,17549,0,0
1997-11-07,10.485,10.485,10.3027,10.4394,4.00481,68824,0,0
1997-11-10,10.3027,10.485,10.3027,10.3938,3.98732,46888,0,0
1997-11-11,10.4394,10.485,10.3938,10.3938,3.98732,21388,0,0
1997-11-12,10.3027,10.485,10.3027,10.3596,3.9742,71018,0,0
1997-11-13,10.3482,10.3938,10.3027,10.371,3.97858,35920,0,0
1997-11-14,10.3027,10.3482,10.2115,10.2115,3.91737,115987,0,0
1997-11-17,10.2571,10.3938,10.2571,10.3482,3.96983,63066,0,0
1997-11-18,10.4394,10.6674,10.3938,10.4394,4.00481,37566,0,0
1997-11-19,10.7585,10.8041,10.485,10.7585,4.12723,25775,0,0
1997-11-20,10.6674,10.8497,10.6674,10.8497,4.1622,25775,0,0
1997-11-21,10.6674,11.3056,10.6674,11.1232,4.26713,114616,0,0
1997-11-24,11.1232,11.3967,10.9409,11.374,4.36332,57856,0,0
1997-11-25,11.1688,11.3056,11.0776,11.146,4.27588,59502,0,0
1997-11-26,11.26,11.26,11.032,11.2144,4.30211,49356,0,0
1997-11-28,11.2144,11.2144,11.1688,11.1688,4.28462,21113,0,0
1997-12-01,11.1688,11.26,11.1688,11.1688,4.28462,71018,0,0
1997-12-02,11.2144,11.2144,10.9865,11.032,4.23215,81712,0,0
1997-12-03,11.032,11.1232,10.9865,11.0093,4.22341,55663,0,0
1997-12-04,11.1232,11.1232,10.9409,10.9865,4.21467,55389,0,0
1997-12-05,10.9865,11.1232,10.9409,10.9409,4.19718,75131,0,0
1997-12-08,11.032,11.0776,10.9409,11.0776,4.24964,45792,0,0
1997-12-09,11.0776,11.0776,10.9637,11.032,4.23215,42501,0,0
1997-12-10,10.8953,11.0776,10.8953,11.0776,4.24964,66357,0,0
1997-12-11,11.0776,11.0776,10.9409,11.0776,4.24964,8774,0,0
1997-12-12,11.0776,11.1916,10.8953,11.0207,4.22778,69921,0,0
1997-12-15,11.2144,11.2144,10.8497,11.032,4.23215,70195,0,0
1997-12-16,11.1232,11.1232,10.8497,11.032,4.23215,67179,0,0
1997-12-17,11.1232,11.1232,10.9865,10.9865,4.21467,37840,0,0
1997-12-18,11.2144,11.2144,10.9409,10.9409,4.19718,133536,0,0
1997-12-19,11.032,11.032,10.8953,10.9409,4.19718,38388,0,0
1997-12-22,11.1232,11.1232,10.9865,11.1232,4.26713,57034,0,0
1997-12-23,11.032,11.1688,10.9409,11.146,4.27588,52647,0,0
1997-12-24,11.1232,11.2144,11.1232,11.1688,4.28462,10420,0,0
1997-12-26,11.3967,11.4879,11.1232,11.3967,4.37206,54566,0,0
1997-12-29,11.5791,11.7614,11.3967,11.4879,4.40704,113519,0,0
1997-12-30,11.5791,11.8526,11.5791,11.8526,4.57162,68002,0.061998,0
1997-12-31,11.8526,11.9894,11.6931,11.8526,4.57162,49082,0,0
1998-01-02,11.6703,11.9894,11.6703,11.9438,4.60678,208941,0,0
1998-01-05,11.7614,11.9438,11.6703,11.6703,4.50128,169730,0,0
1998-01-06,11.7614,11.7614,11.3967,11.6703,4.50128,90486,0,0
1998-01-07,11.6703,11.6703,11.3056,11.3056,4.36062,99535,0,0
1998-01-08,11.3056,11.6703,11.0776,11.0776,4.2727,94874,0,0
1998-01-09,11.3056,11.3056,10.9409,11.1004,4.28149,344397,0,0
1998-01-12,11.1232,11.3284,10.9409,11.3284,4.36941,108858,0,0
1998-01-13,11.4879,11.4879,11.0776,11.2144,4.32545,108584,0,0
1998-01-14,11.3056,11.3056,11.146,11.3056,4.36062,37291,0,0
1998-01-15,11.3056,11.3056,11.0776,11.1688,4.30787,57582,0,0
1998-01-16,11.1688,11.4879,11.1688,11.4879,4.43095,61969,0,0
1998-01-20,11.4879,11.5791,11.3512,11.4879,4.43095,123939,0,0
1998-01-21,11.5335,11.5791,11.3967,11.5791,4.46612,38388,0,0
1998-01-22,11.5791,11.5791,11.3512,11.3967,4.39578,132439,0,0
1998-01-23,11.4879,11.4879,11.3056,11.3284,4.36941,34549,0,0
1998-01-26,11.2144,11.3967,10.9409,10.9409,4.21995,51001,0,0
1998-01-27,10.9409,10.9865,10.6674,10.8497,4.18479,130794,0,0
1998-01-28,10.8497,11.1232,10.8497,11.032,4.25512,119003,0,0
1998-01-29,11.1232,11.1688,10.9409,11.1232,4.29028,60598,0,0
1998-01-30,11.1688,11.1688,10.9637,11.032,4.25512,54018,0,0
1998-02-02,10.9409,11.1004,10.9409,10.9409,4.21995,30711,0,0
1998-02-03,10.9865,11.3967,10.9409,11.1688,4.30787,505078,0,0
1998-02-04,11.3967,11.3967,11.2144,11.3512,4.3782,324928,0,0
1998-02-05,11.3056,11.4879,11.3056,11.4879,4.43095,45517,0,0
1998-02-06,11.3967,11.4879,11.3056,11.3056,4.36062,42775,0,0
1998-02-09,11.3056,11.4879,11.3056,11.4423,4.41337,42501,0,0
1998-02-10,11.3512,11.4879,11.3056,11.4879,4.43095,47163,0,0
1998-02-11,11.3512,11.6703,11.3512,11.6247,4.4837,104745,0,0
1998-02-12,11.6703,11.6703,11.4423,11.6703,4.50128,59227,0,0
1998-02-13,11.6247,11.6703,11.5107,11.6247,4.4837,89938,0,0
1998-02-17,11.6247,11.7159,11.4537,11.6475,4.49249,80615,0,0
1998-02-18,11.6703,11.8526,11.5791,11.7159,4.51887,139020,0,0
1998-02-19,11.6703,11.7614,11.5335,11.6247,4.4837,65260,0,0
1998-02-20,11.6247,11.6703,11.5107,11.5791,4.46612,72937,0,0
1998-02-23,11.5335,11.6703,11.5335,11.6475,4.49249,42501,0,0
1998-02-24,11.6703,11.6703,11.4879,11.5107,4.43974,39485,0,0
1998-02-25,11.5791,11.6703,11.4879,11.6475,4.49249,139568,0,0
1998-02-26,11.6931,11.7159,11.6247,11.6703,4.50128,75954,0,0
1998-02-27,11.7159,11.7614,11.6703,11.7386,4.52766,41130,0,0
1998-03-02,11.7614,11.7614,11.4879,11.5107,4.43974,78970,0,0
1998-03-03,11.4879,11.6703,11.4879,11.6703,4.50128,145327,0,0
1998-03-04,11.6703,11.6703,11.5791,11.6019,4.47491,32904,0,0
1998-03-05,11.7614,11.7614,11.5335,11.6247,4.4837,56211,0,0
1998-03-06,11.5791,11.6703,11.5791,11.6475,4.49249,43050,0,0
1998-03-09,11.7159,11.7159,11.6247,11.6817,4.50568,39759,0,0
1998-03-10,11.6931,11.7614,11.5791,11.5791,4.46612,23855,0,0
1998-03-11,11.7159,11.8526,11.7159,11.807,4.55403,106664,0,0
1998-03-12,11.9438,11.9438,11.5791,11.5791,4.46612,91309,0,0
1998-03-13,11.8526,11.8526,11.5335,11.5563,4.45732,25775,0,0
1998-03-16,11.7614,11.9894,11.6247,11.8526,4.57162,122568,0,0
1998-03-17,11.7614,12.035,11.7614,12.035,4.64195,30162,0,0
1998-03-18,11.8526,12.1261,11.807,11.9894,4.64831,97067,0.061998,0
1998-03-19,12.0805,12.0805,11.8526,11.921,4.6218,96519,0,0
1998-03-20,11.9894,12.1261,11.9438,12.0805,4.68366,113519,0,0
1998-03-23,12.1261,12.1261,11.807,11.8526,4.59529,70470,0,0
1998-03-24,12.035,12.035,11.7842,12.035,4.66598,73486,0,0
1998-03-25,12.035,12.1261,11.9438,11.9438,4.63063,51001,0,0
1998-03-26,12.035,12.035,11.8526,11.8754,4.60412,139020,0,0
1998-03-27,11.9894,11.9894,11.8526,11.9666,4.63947,106390,0,0
1998-03-30,11.9438,12.035,11.7614,11.9666,4.63947,58679,0,0
1998-03-31,12.035,12.035,11.8526,11.9438,4.63063,164521,0,0
1998-04-01,11.8526,11.9894,11.8526,11.9894,4.64831,56211,0,0
1998-04-02,11.7614,11.9894,11.7614,11.9894,4.64831,75954,0,0
1998-04-03,11.9894,12.035,11.8526,12.035,4.66598,171101,0,0
1998-04-06,12.035,12.035,11.7614,11.7614,4.55994,245410,0,0
1998-04-07,11.8526,11.9438,11.8526,11.8754,4.60412,134907,0,0
1998-04-08,11.8754,12.0122,11.8526,11.8754,4.60412,192763,0,0
1998-04-09,11.9894,11.9894,11.8526,11.8526,4.59529,100358,0,0
1998-04-13,11.9438,11.9438,11.8526,11.8982,4.61296,177134,0,0
1998-04-14,11.807,12.3997,11.807,12.3313,4.78087,488901,0,0
1998-04-15,12.3997,12.6732,12.2629,12.6276,4.89575,343574,0,0
1998-04-16,12.6276,12.7644,12.4452,12.7188,4.9311,373188,0,0
1998-04-17,12.6732,12.8555,12.6276,12.8555,4.98412,187005,0,0
1998-04-20,12.9011,13.0835,12.7644,13.0835,5.07249,135730,0,0
1998-04-21,13.0835,13.7046,13.0379,13.7046,5.3133,194683,0,0
1998-04-22,13.7217,13.7217,13.4026,13.6305,5.28458,397592,0,0
1998-04-23,13.6761,13.7217,13.5849,13.6761,5.30225,179602,0,0
1998-04-24,13.7217,13.7217,13.2658,13.4482,5.21388,129697,0,0
1998-04-27,13.1746,13.4482,13.0379,13.129,5.09016,67453,0,0
1998-04-28,12.9467,13.4937,12.9467,13.1518,5.099,128326,0,0
1998-04-29,13.4937,13.4937,13.0379,13.2658,5.14319,81986,0,0
1998-04-30,13.2202,13.3114,13.129,13.2658,5.14319,599678,0,0
1998-05-01,13.3114,13.357,13.0835,13.357,5.17854,154924,0,0
1998-05-04,13.3114,13.4482,13.2202,13.2658,5.14319,107487,0,0
1998-05-05,13.3114,13.4937,13.0379,13.1063,5.08133,86922,0,0
1998-05-06,13.2202,13.4026,13.0379,13.4026,5.19621,136278,0,0
1998-05-07,13.4026,13.4026,12.9923,13.0037,5.04156,191118,0,0
1998-05-08,12.9923,13.1746,12.9923,13.0835,5.07249,37017,0,0
1998-05-11,13.0379,13.1746,13.0379,13.129,5.09016,34275,0,0
1998-05-12,13.1518,13.1518,12.8555,12.9467,5.01947,59227,0,0
1998-05-13,12.9467,13.1974,12.9467,13.0835,5.07249,71292,0,0
1998-05-14,12.9923,13.1063,12.7644,12.7644,4.94877,43050,0,0
1998-05-15,12.8555,12.8555,12.6504,12.6504,4.90459,32630,0,0
1998-05-18,12.582,12.7644,12.3997,12.7188,4.9311,70195,0,0
1998-05-19,12.6276,12.7644,12.6276,12.7644,4.94877,33727,0,0
1998-05-20,12.8099,12.8555,12.582,12.582,4.87807,62518,0,0
1998-05-21,12.6732,12.6732,12.4908,12.6276,4.89575,19468,0,0
1998-05-22,12.8099,12.8099,11.8526,12.4225,4.81621,395124,0,0
1998-05-26,12.582,12.582,12.1261,12.2173,4.73668,106116,0,0
1998-05-27,11.9438,12.2401,11.6703,11.6703,4.52459,241845,0,0
1998-05-28,11.8526,12.5364,11.8241,12.3085,4.77203,305570,0,1.25
1998-05-29,12.2515,12.3655,11.8526,11.9666,4.63947,226819,0,0
1998-06-01,11.9666,12.4225,11.8526,12.0521,4.67261,197205,0,0
1998-06-02,11.9666,12.3085,11.9666,12.28,4.76098,81602,0,0
1998-06-03,11.9951,12.3085,11.8526,11.8811,4.60633,134468,0,0
1998-06-04,11.8526,12.3085,11.8526,12.3085,4.77203,63176,0,0
1998-06-05,11.8526,12.3085,11.8526,12.0805,4.68366,16233,0,0
1998-06-08,11.9666,12.3085,11.9666,12.3085,4.77203,116700,0,0
1998-06-09,12.0236,12.3085,11.8526,11.9096,4.61738,64711,0,0
1998-06-10,12.1945,12.1945,11.9666,11.9951,4.65052,108364,0,0
1998-06-11,11.8526,11.9096,11.0548,11.4537,4.44064,148946,0,0
1998-06-12,11.0548,11.5107,10.8269,11.0548,4.28599,143462,0,0
1998-06-15,11.0548,11.1688,10.9409,10.9979,4.2639,118016,0,0
1998-06-16,10.9409,11.3398,10.9409,11.3398,4.39645,111435,0,0
1998-06-17,11.3967,11.5677,11.2258,11.4822,4.47869,160572,0.06838,0
1998-06-18,11.3398,11.6817,11.1688,11.2828,4.4009,97835,0,0
1998-06-19,11.1118,11.3967,11.0548,11.1688,4.35644,104416,0,0
1998-06-22,10.9409,11.2258,10.9409,10.9409,4.26754,190625,0,0
1998-06-23,11.1688,11.2828,10.8269,11.0548,4.31199,203348,0,0
1998-06-24,11.1688,11.1688,10.8839,11.0548,4.31199,128545,0,0
1998-06-25,11.1118,11.1688,10.9409,10.9979,4.28977,267401,0,0
1998-06-26,10.9124,11.2828,10.9124,11.1403,4.34534,137320,0,0
1998-06-29,11.0264,11.1688,10.7984,10.8554,4.2342,256652,0,0
1998-06-30,10.8554,11.6817,10.7414,11.5677,4.51203,1096585,0,0
1998-07-01,11.5677,11.5677,11.0548,11.5677,4.51203,258626,0,0
1998-07-02,11.5107,11.5107,11.3398,11.3683,4.43424,105074,0,0
1998-07-06,11.5107,11.5107,11.0548,11.2258,4.37867,77215,0,0
1998-07-07,10.9979,11.3967,10.9979,11.2543,4.38979,195012,0,0
1998-07-08,11.3683,11.3967,11.2258,11.3967,4.44535,138636,0,0
1998-07-09,11.3113,11.5107,11.3113,11.5107,4.4898,138636,0,0
1998-07-10,11.5107,11.5107,11.3398,11.4537,4.46758,181850,0,0
1998-07-13,11.5107,11.8526,11.4537,11.5107,4.4898,144339,0,0
1998-07-14,11.6247,11.8526,11.5677,11.8526,4.62317,55279,0,0
1998-07-15,11.9666,11.9666,11.7386,11.9096,4.64539,98932,0,0
1998-07-16,11.9096,11.9096,11.6817,11.9096,4.64539,158817,0,0
1998-07-17,11.9666,11.9666,11.7386,11.7671,4.58983,112532,0,0
1998-07-20,11.6817,12.0236,11.6817,12.0236,4.68985,306228,0,0
1998-07-21,11.8526,12.0805,11.6817,11.8526,4.62317,122403,0,0
1998-07-22,11.6247,11.8526,11.6247,11.6247,4.53426,12504,0,0
1998-07-23,11.7956,12.0236,11.5677,11.6817,4.55649,44530,0,0
1998-07-24,11.8526,11.8526,11.5677,11.5962,4.52314,37949,0,0
1998-07-27,11.5677,11.5677,11.2258,11.2258,4.37867,86867,0,0
1998-07-28,11.2258,11.4537,11.0548,11.1688,4.35644,185141,0,0
1998-07-29,10.9979,11.4537,10.9979,11.3398,4.42312,12942,0,0
1998-07-30,11.3967,11.4537,11.0548,11.1688,4.35644,68441,0,0
1998-07-31,11.3967,11.3967,10.9409,11.0833,4.32311,48040,0,0
1998-08-03,11.0833,11.0833,10.7129,10.9124,4.25643,46066,0,0
1998-08-04,10.8839,10.9409,10.599,10.599,4.13418,152236,0,0
1998-08-05,10.5135,10.7699,10.371,10.4708,4.08417,238445,0,0
1998-08-06,10.6844,10.7984,10.371,10.656,4.15641,175927,0,0
1998-08-07,10.7414,11.0548,10.599,11.0548,4.31199,50014,0,0
1998-08-10,11.1403,11.1403,10.8269,10.8554,4.2342,79628,0,0
1998-08-11,10.7984,10.8554,10.371,10.4565,4.07861,96738,0,0
1998-08-12,10.7129,10.8269,10.428,10.599,4.13418,47821,0,0
1998-08-13,10.599,10.9409,10.485,10.485,4.08972,36853,0,0
1998-08-14,10.7129,10.9409,10.485,10.485,4.08972,32465,0,0
1998-08-17,10.8839,10.8839,10.485,10.6844,4.16752,72828,0,0
1998-08-18,10.656,10.9409,10.485,10.9409,4.26754,88183,0,0
1998-08-19,10.7129,10.9979,10.542,10.542,4.11195,50892,0,0
1998-08-20,10.599,10.7699,10.428,10.5135,4.10084,52866,0,0
1998-08-21,10.7129,10.7129,10.1716,10.2001,3.97859,62518,0,0
1998-08-24,10.1431,10.3141,9.94366,10.0861,3.93414,98712,0,0
1998-08-25,10.2001,10.2571,10.0861,10.1146,3.94525,73705,0,0
1998-08-26,10.2286,10.2286,9.57326,10.0291,3.91191,67124,0,0
1998-08-27,9.40231,10.0291,9.40231,9.57326,3.73409,94983,0,0
1998-08-28,9.34533,10.0291,9.34533,9.54477,3.72298,105293,0,0
1998-08-31,9.8012,9.8012,8.94644,8.94644,3.4896,144559,0,0
1998-09-01,9.00343,9.77271,8.94644,9.63025,3.75632,284730,0,0
1998-09-02,9.74422,9.85818,9.48779,9.60176,3.74521,241078,0,0
1998-09-03,9.63025,9.63025,9.1174,9.23136,3.60073,229671,0,0
1998-09-04,9.54477,9.60176,9.25985,9.40231,3.66742,120210,0,0
1998-09-08,9.63025,9.8012,9.4593,9.60176,3.74521,241736,0,0
1998-09-09,9.63025,9.63025,9.40231,9.4593,3.68964,123281,0,0
1998-09-10,9.60176,9.60176,8.94644,9.1174,3.55628,139514,0,0
1998-09-11,9.34533,9.57326,8.94644,9.40231,3.66742,80067,0,0
1998-09-14,9.63025,9.63025,9.25985,9.4593,3.68964,82260,0,0
1998-09-15,9.63025,9.8012,9.28835,9.8012,3.823,73267,0,0
1998-09-16,9.57326,10.0291,9.57326,10.0291,3.91191,64273,0,0
1998-09-17,9.8012,9.85818,9.57326,9.63025,3.75632,81602,0,0
1998-09-18,10.0291,10.0291,9.57326,9.77271,3.83915,172637,0.06838,0
1998-09-21,9.57326,9.74422,9.51628,9.63025,3.78319,115823,0,0
1998-09-22,10.0291,10.0291,9.63025,9.91517,3.89511,97616,0,0
1998-09-23,10.0291,10.0291,9.74422,9.74422,3.82796,292847,0,0
1998-09-24,9.8012,9.8012,9.63025,9.65874,3.79438,171321,0,0
1998-09-25,9.54477,9.68723,9.54477,9.63025,3.78319,98054,0,0
1998-09-28,9.68723,9.68723,9.51628,9.57326,3.7608,61860,0,0
1998-09-29,9.63025,9.65874,9.48779,9.51628,3.73841,25665,0,0
1998-09-30,9.63025,9.63025,9.1174,9.1174,3.58171,47601,0,0
1998-10-01,9.1174,9.31684,9.06041,9.20287,3.61529,101125,0,0
1998-10-02,9.1174,9.4593,9.1174,9.20287,3.61529,64931,0,0
1998-10-05,9.1174,9.28835,8.94644,9.21712,3.62089,167372,0,0
1998-10-06,9.1174,9.34533,8.83248,9.1174,3.58171,86428,0,0
1998-10-07,8.88946,9.23136,8.57605,8.66153,3.40263,105513,0,0
1998-10-08,8.66153,8.71851,7.74979,8.20566,3.22354,158159,0,0
1998-10-09,8.71851,9.06041,8.63303,8.71851,3.42501,105074,0,0
1998-10-12,9.1174,9.1174,8.77549,9.00343,3.53694,96080,0,0
1998-10-13,8.88946,9.23136,8.77549,9.0889,3.57052,81164,0,0
1998-10-14,9.17438,9.20287,9.03192,9.1174,3.58171,66466,0,0
1998-10-15,9.17438,9.17438,9.06041,9.14589,3.59291,74802,0,0
1998-10-16,9.17438,9.34533,9.1174,9.28835,3.64887,232742,0,0
1998-10-19,9.40231,9.97215,9.28835,9.8012,3.85034,262136,0,0
1998-10-20,9.97215,10.2571,9.91517,9.91517,3.89511,148069,0,0
1998-10-21,10.1431,10.1431,9.51628,9.63025,3.78319,117797,0,0
1998-10-22,9.57326,9.63025,9.48779,9.63025,3.78319,235813,0,0
1998-10-23,9.51628,9.63025,9.4593,9.60176,3.77199,60544,0,0
1998-10-26,9.63025,9.63025,9.28835,9.40231,3.69364,102880,0,0
1998-10-27,9.34533,9.57326,9.28835,9.34533,3.67126,189967,0,0
1998-10-28,9.28835,9.4593,9.17438,9.4593,3.71603,260162,0,0
1998-10-29,9.23136,9.63025,9.23136,9.63025,3.78319,33123,0,0
1998-10-30,9.63025,9.74422,9.34533,9.40231,3.69364,116700,0,0
1998-11-02,9.4593,10.0291,9.34533,9.94366,3.90631,112313,0,0
1998-11-03,9.8012,10.0291,9.68723,9.97215,3.9175,61202,0,0
1998-11-04,9.85818,10.3141,9.85818,10.1431,3.98466,56376,0,0
1998-11-05,9.97215,10.371,9.91517,10.2571,4.02943,93228,0,0
1998-11-06,10.371,10.371,10.2428,10.371,4.0742,34220,0,0
1998-11-09,10.371,10.428,10.0861,10.3141,4.05181,32904,0,0
1998-11-10,10.1431,10.2571,9.97215,10.1146,3.97346,63176,0,0
1998-11-11,9.97215,10.371,9.97215,10.1716,3.99585,34001,0,0
1998-11-12,10.485,10.542,10.2571,10.371,4.0742,80286,0,0
1998-11-13,10.2571,10.542,10.2571,10.2571,4.02943,27639,0,0
1998-11-16,10.599,10.656,10.371,10.485,4.11897,89061,0,0
1998-11-17,10.599,10.656,10.371,10.428,4.09658,46285,0,0
1998-11-18,10.371,10.485,10.3141,10.3141,4.05181,23691,0,0
1998-11-19,10.3141,10.485,10.2571,10.485,4.11897,15794,0,0
1998-11-20,10.485,10.485,9.97215,10.1431,3.98466,48259,0,0
1998-11-23,10.1431,10.428,10.0861,10.2001,4.00704,86867,0,0
1998-11-24,10.2001,10.428,10.2001,10.428,4.09658,44969,0,0
1998-11-25,10.428,10.485,10.2001,10.485,4.11897,28298,0,0
1998-11-27,10.428,10.485,10.2856,10.485,4.11897,5703,0,0
1998-11-30,10.656,10.656,9.97215,10.0291,3.93988,109461,0,0
1998-12-01,10.2571,10.2571,9.74422,9.91517,3.89511,143901,0,0
1998-12-02,9.85818,10.0861,9.85818,10.0861,3.96227,28298,0,0
1998-12-03,10.1431,10.3141,10.0006,10.2571,4.02943,49356,0,0
1998-12-04,10.0291,10.3141,9.91517,10.1431,3.98466,59447,0,0
1998-12-07,10.1431,10.3141,10.0861,10.2571,4.02943,123939,0,0
1998-12-08,10.1431,10.3141,10.0291,10.1431,3.98466,96519,0,0
1998-12-09,10.0861,10.3141,10.0291,10.1431,3.98466,60982,0,0
1998-12-10,10.0291,10.2001,10.0291,10.0861,3.96227,70854,0,0
1998-12-11,10.2001,10.2571,10.0861,10.2571,4.02943,35317,0,0
1998-12-14,10.371,10.485,10.0861,10.3141,4.05181,82918,0,0
1998-12-15,10.2571,10.428,9.91517,9.91517,3.89511,88183,0,0
1998-12-16,10.0861,10.2571,10.0291,10.0861,3.96227,159037,0,0
1998-12-17,10.2001,10.485,10.0861,10.2571,4.02943,105293,0,0
1998-12-18,10.2571,10.3141,10.0291,10.0291,3.93988,30052,0,0
1998-12-21,10.0291,10.2001,10.0291,10.0861,3.98947,40362,0.06838,0
1998-12-22,10.1431,10.2001,9.31684,9.34533,3.69646,228135,0,0
1998-12-23,9.68723,9.94366,9.54477,9.54477,3.77535,245684,0,0
1998-12-24,9.71572,9.8012,9.57326,9.77271,3.86551,32685,0,0
1998-12-28,9.85818,9.85818,9.65874,9.74422,3.85424,78312,0,0
1998-12-29,9.65874,9.85818,9.65874,9.71572,3.84296,62957,0,0
1998-12-30,9.8012,9.97215,9.71572,9.91517,3.92185,90815,0,0
1998-12-31,10.0291,10.3141,9.8012,10.2571,4.05709,118016,0,0
1999-01-04,9.91517,10.1431,9.4593,9.68723,3.83169,169785,0,0
1999-01-05,9.68723,10.1431,9.68723,9.97215,3.94439,120210,0,0
1999-01-06,10.0291,10.1431,9.91517,10.0576,3.9782,157501,0,0
1999-01-07,10.0291,10.2001,9.85818,10.2001,4.03455,97835,0,0
1999-01-08,10.0861,10.2001,9.8012,9.97215,3.94439,93448,0,0
1999-01-11,9.8012,9.97215,9.8012,9.97215,3.94439,52647,0,0
1999-01-12,9.97215,9.97215,9.85818,9.97215,3.94439,82260,0,0
1999-01-13,9.57326,9.91517,9.51628,9.74422,3.85424,181850,0,0
1999-01-14,9.91517,9.91517,9.57326,9.57326,3.78662,71731,0,0
1999-01-15,9.71572,9.91517,9.57326,9.91517,3.92185,93228,0,0
1999-01-19,9.91517,9.97215,9.8012,9.97215,3.94439,117797,0,0
1999-01-20,10.0291,10.1146,9.91517,9.91517,3.92185,115603,0,0
1999-01-21,9.94366,10.1431,9.94366,10.0291,3.96693,529537,0,0
1999-01-22,10.0291,10.0291,9.1174,9.23136,3.65138,271349,0,0
1999-01-25,9.57326,9.68723,9.34533,9.57326,3.78662,79847,0,0
1999-01-26,9.68723,9.74422,9.51628,9.74422,3.85424,274859,0,0
1999-01-27,9.68723,9.74422,9.1174,9.1174,3.6063,712484,0,0
1999-01-28,9.23136,9.54477,9.23136,9.48779,3.75281,213219,0,0
1999-01-29,9.4593,9.57326,9.34533,9.37382,3.70773,92570,0,0
1999-02-01,9.4593,9.63025,9.34533,9.40231,3.719,136223,0,0
1999-02-02,9.51628,9.63025,9.40231,9.63025,3.80916,85551,0,0
1999-02-03,9.63025,10.0291,9.4593,10.0291,3.96693,147411,0,0
1999-02-04,10.0291,10.2571,9.97215,10.1431,4.01201,121087,0,0
1999-02-05,10.1431,10.2001,9.91517,10.0291,3.96693,78970,0,0
1999-02-08,10.0861,10.0861,9.78695,9.91517,3.92185,84454,0,0
1999-02-09,9.82969,10.0006,9.8012,9.91517,3.92185,63176,0,0
1999-02-10,9.85818,10.0291,9.85818,10.0006,3.95566,143901,0,0
1999-02-11,9.97215,10.2571,9.97215,10.2571,4.05709,115603,0,0
1999-02-12,10.2856,10.2856,9.85818,9.91517,3.92185,92132,0,0
1999-02-16,9.85818,10.371,9.85818,10.3141,4.07963,72608,0,0
1999-02-17,10.0291,10.0861,9.88668,10.0291,3.96693,58569,0,0
1999-02-18,10.0291,10.1431,9.85818,10.1431,4.01201,59008,0,0
1999-02-19,10.1431,10.3141,10.0291,10.2001,4.03455,114287,0,0
1999-02-22,10.2001,10.2001,10.0861,10.1146,4.00074,67344,0,0
1999-02-23,10.2571,10.3141,10.0861,10.1431,4.01201,69318,0,0
1999-02-24,10.1431,10.2571,10.0291,10.0291,3.96693,79409,0,0
1999-02-25,10.0861,10.1431,9.97215,9.97215,3.94439,123500,0,0
1999-02-26,10.0861,10.1431,9.8012,10.0861,3.98947,97177,0,0
1999-03-01,10.1431,10.1431,9.85818,9.85818,3.89932,51330,0,0
1999-03-02,10.0006,10.0576,9.8012,9.97215,3.94439,41459,0,0
1999-03-03,9.82969,10.0291,9.82969,9.97215,3.94439,44311,0,0
1999-03-04,10.0291,10.0861,9.88668,9.91517,3.92185,79189,0,0
1999-03-05,10.0291,10.485,9.97215,10.371,4.10217,70854,0,0
1999-03-08,10.0006,10.2571,10.0006,10.1146,4.00074,56376,0,0
1999-03-09,10.2856,10.485,10.0861,10.485,4.14724,75021,0,0
1999-03-10,10.2856,10.485,10.2856,10.4565,4.13598,43872,0,0
1999-03-11,10.4565,10.542,10.371,10.3995,4.11344,137320,0,0
1999-03-12,10.371,10.4565,10.2571,10.3141,4.07963,35975,0,0
1999-03-15,10.2571,10.3141,9.91517,9.91517,3.92185,121087,0,0
1999-03-16,10.0291,10.1431,9.91517,10.0006,3.95566,196986,0,0
1999-03-17,10.0861,10.0861,9.8012,9.91517,3.94885,81822,0.06838,0
1999-03-18,10.0291,10.0861,9.91517,10.0291,3.99424,50453,0,0
1999-03-19,10.0006,10.5135,10.0006,10.4565,4.16445,218922,0,0
1999-03-22,10.2571,10.542,10.2001,10.371,4.13041,115384,0,0
1999-03-23,10.485,10.485,10.1431,10.1431,4.03963,36853,0,0
1999-03-24,10.1431,10.3141,10.0291,10.0291,3.99424,38388,0,0
1999-03-25,10.0291,10.2571,10.0291,10.1431,4.03963,30272,0,0
1999-03-26,10.0861,10.1431,10.0861,10.1431,4.03963,94983,0,0
1999-03-29,10.0861,10.3141,10.0861,10.1431,4.03963,96299,0,0
1999-03-30,10.1431,10.2286,10.0861,10.0861,4.01694,46505,0,0
1999-03-31,10.0861,10.542,10.0861,10.4565,4.16445,118455,0,0
1999-04-01,10.542,10.599,10.3141,10.371,4.13041,73267,0,0
1999-04-05,10.371,10.428,10.0861,10.1146,4.02829,72608,0,0
1999-04-06,10.2286,10.2286,9.74422,9.8012,3.90346,177902,0,0
1999-04-07,9.8012,9.97215,9.68723,9.71572,3.86942,150043,0,0
1999-04-08,9.71572,9.8012,9.68723,9.8012,3.90346,105732,0,0
1999-04-09,9.74422,9.8012,9.51628,9.74422,3.88077,105951,0,0
1999-04-12,9.8012,9.97215,9.57326,9.94366,3.9602,235594,0,0
1999-04-13,9.97215,10.1431,9.8012,10.0291,3.99424,120648,0,0
1999-04-14,10.0291,10.1431,9.88668,10.0576,4.00559,193476,0,0
1999-04-15,10.0291,10.371,10.0291,10.2001,4.06233,212122,0,0
1999-04-16,10.3425,10.3425,10.1716,10.2001,4.06233,103100,0,0
1999-04-19,10.3141,10.428,10.2001,10.3425,4.11906,77215,0,0
1999-04-20,10.428,10.599,10.2571,10.485,4.1758,388708,0,0
1999-04-21,10.656,10.656,10.3141,10.371,4.13041,128326,0,0
1999-04-22,10.485,10.542,10.1431,10.1431,4.03963,105293,0,0
1999-04-23,10.428,10.656,10.2286,10.542,4.19849,88183,0,0
1999-04-26,10.542,10.599,10.428,10.485,4.1758,112093,0,0
1999-04-27,10.371,10.656,10.2571,10.542,4.19849,107487,0,0
1999-04-28,10.7129,10.8269,10.428,10.8269,4.31196,68002,0,0
1999-04-29,10.656,11.0548,10.656,10.7984,4.30062,97396,0,0
1999-04-30,10.8554,10.8554,10.7129,10.7129,4.26658,62957,0,0
1999-05-03,10.7699,10.8269,10.542,10.542,4.19849,126133,0,0
1999-05-04,10.542,10.542,10.371,10.485,4.1758,123720,0,0
1999-05-05,10.485,10.542,10.2571,10.371,4.13041,224845,0,0
1999-05-06,11.032,11.032,10.4052,10.4052,4.1743,171500,0.075219,1.1
1999-05-07,10.5306,11.2828,10.4366,10.5619,4.23717,249473,0,0
1999-05-10,10.9694,11.2828,10.5933,10.6246,4.26231,170304,0,0
1999-05-11,10.5306,10.7813,10.5306,10.5933,4.24974,140989,0,0
1999-05-12,10.5306,10.7186,10.4052,10.656,4.27489,249872,0,0
1999-05-13,10.656,10.6873,10.5306,10.6246,4.26231,39086,0,0
1999-05-14,10.5306,10.5933,10.4366,10.4993,4.21202,174691,0,0
1999-05-17,10.6246,10.7186,10.4679,10.5933,4.24974,119452,0,0
1999-05-18,10.5933,10.7813,10.5306,10.6246,4.26231,65011,0,0
1999-05-19,10.7186,11.032,10.5306,10.7813,4.32518,62817,0,0
1999-05-20,10.656,11.1261,10.656,10.844,4.35033,53444,0,0
1999-05-21,10.7186,10.9694,10.7186,10.7813,4.32518,19344,0,0
1999-05-24,11.032,11.032,10.5306,10.5306,4.22459,76577,0,0
1999-05-25,10.5933,10.8127,10.4052,10.5306,4.22459,94126,0,0
1999-05-26,10.5306,10.5306,10.4679,10.5306,4.22459,14159,0,0
1999-05-27,10.4993,10.5306,10.4679,10.5306,4.22459,75779,0,0
1999-05-28,10.4993,10.9067,10.4993,10.7186,4.30003,114068,0,0
1999-06-01,10.7813,10.7813,10.4679,10.5619,4.23717,62219,0,0
1999-06-02,10.4679,10.7813,10.4366,10.75,4.31261,147969,0,0
1999-06-03,10.656,10.7813,10.4679,10.5619,4.23717,168708,0,0
1999-06-04,10.4679,10.4993,10.4366,10.4679,4.19945,269814,0,0
1999-06-07,10.4366,10.7186,10.4366,10.4993,4.21202,84155,0,0
1999-06-08,10.5619,10.7186,10.4993,10.5306,4.22459,122443,0,0
1999-06-09,10.4993,10.656,10.4993,10.5306,4.22459,88542,0,0
1999-06-10,10.5306,10.7186,10.4052,10.4679,4.19945,76577,0,0
1999-06-11,10.4052,10.5306,10.4052,10.5306,4.22459,94525,0,0
1999-06-14,10.656,10.656,10.4679,10.5306,4.22459,31708,0,0
1999-06-15,10.5306,10.5933,10.4679,10.5306,4.22459,215373,0,0
1999-06-16,10.5619,10.5933,10.5306,10.5619,4.26765,31708,0.075219,0
1999-06-17,10.5306,10.5933,10.4052,10.4679,4.22966,95721,0,0
1999-06-18,10.4052,10.5933,10.4052,10.4993,4.24233,113270,0,0
1999-06-21,10.4993,10.5306,10.0291,10.0291,4.05237,103299,0,0
1999-06-22,10.0605,10.4052,10.0605,10.2485,4.14102,89140,0,0
1999-06-23,10.2172,10.4052,10.1545,10.3739,4.19167,55438,0,0
1999-06-24,10.2799,10.5306,10.2799,10.3739,4.19167,163125,0,0
1999-06-25,10.3739,10.5933,10.3739,10.4679,4.22966,78771,0,0
1999-06-28,10.5306,10.5306,10.4052,10.4052,4.20433,57832,0,0
1999-06-29,10.5306,10.5619,10.2799,10.3425,4.17901,197026,0,0
1999-06-30,10.3739,10.5306,10.3425,10.3739,4.19167,229332,0,0
1999-07-01,10.3739,10.5306,10.3739,10.5306,4.25499,83557,0,0
1999-07-02,10.4679,10.5306,10.3425,10.4052,4.20433,35895,0,0
1999-07-06,10.4052,10.5306,10.3425,10.4052,4.20433,80366,0,0
1999-07-07,10.4366,10.4366,10.2799,10.2799,4.15368,73187,0,0
1999-07-08,10.2799,10.4052,10.2485,10.2485,4.14102,194633,0,0
1999-07-09,10.2799,10.4052,10.2485,10.3739,4.19167,127229,0,0
1999-07-12,10.4052,10.5306,10.3112,10.4993,4.24233,125036,0,0
1999-07-13,10.4366,10.4679,10.2799,10.4679,4.22966,132614,0,0
1999-07-14,10.4052,10.4679,10.2799,10.4679,4.22966,143382,0,0
1999-07-15,10.4679,10.5619,10.4052,10.5306,4.25499,141787,0,0
1999-07-16,10.5619,10.5619,10.4052,10.4679,4.22966,84554,0,0
1999-07-19,10.4052,10.5933,10.4052,10.5619,4.26765,159136,0,0
1999-07-20,10.5933,10.5933,10.4366,10.4366,4.217,192639,0,0
1999-07-21,10.4366,10.5933,10.4366,10.4679,4.22966,30511,0,0
1999-07-22,10.5306,10.5933,10.3425,10.4052,4.20433,84952,0,0
1999-07-23,10.4052,10.4366,10.3739,10.4052,4.20433,94325,0,0
1999-07-26,10.3425,10.4366,10.3425,10.3425,4.17901,59028,0,0
1999-07-27,10.3425,10.3739,10.1545,10.2485,4.14102,322261,0,0
1999-07-28,10.2172,10.3425,10.2172,10.2485,4.14102,95322,0,0
1999-07-29,10.2172,10.2799,10.1545,10.2172,4.12835,92132,0,0
1999-07-30,10.2799,10.3112,10.0918,10.2877,4.15684,77574,0,0
1999-08-02,10.3112,10.3112,10.0291,10.0291,4.05237,137200,0,0
1999-08-03,10.0918,10.2799,10.0291,10.0291,4.05237,121446,0,0
1999-08-04,10.1232,10.2799,10.0605,10.2172,4.12835,60623,0,0
1999-08-05,10.1858,10.2172,10.0291,10.0291,4.05237,80964,0,0
1999-08-06,10.0918,10.2172,10.0291,10.0918,4.0777,31907,0,0
1999-08-09,10.0918,10.2172,10.0918,10.1232,4.09036,89140,0,0
1999-08-10,10.0918,10.1545,9.84109,9.90377,4.00171,120250,0,0
1999-08-11,9.90377,10.0291,9.90377,9.96645,4.02704,74782,0,0
1999-08-12,10.1232,10.1232,9.90377,9.96645,4.02704,43673,0,0
1999-08-13,10.0291,10.0291,9.90377,9.96645,4.02704,71591,0,0
1999-08-16,10.0605,10.0918,9.90377,10.0291,4.05237,60225,0,0
1999-08-17,10.0291,10.0291,9.84109,9.87243,3.98905,80366,0,0
1999-08-18,9.87243,10.0291,9.84109,10.0291,4.05237,119053,0,0
1999-08-19,10.0291,10.0918,9.90377,9.90377,4.00171,38488,0,0
1999-08-20,9.87243,9.96645,9.65304,9.71572,3.92573,68002,0,0
1999-08-23,9.84109,9.90377,9.71572,9.84109,3.97639,82958,0,0
1999-08-24,9.77841,10.0291,9.77841,9.96645,4.02704,150960,0,0
1999-08-25,10.0291,10.0605,9.71572,9.77841,3.95106,108484,0,0
1999-08-26,9.77841,9.96645,9.71572,9.84109,3.97639,56037,0,0
1999-08-27,9.96645,9.99779,9.84109,9.96645,4.02704,25924,0,0
1999-08-30,9.90377,9.90377,9.65304,9.80975,3.96373,67603,0,0
1999-08-31,9.77841,9.84109,9.52768,9.6217,3.88774,103698,0,0
1999-09-01,9.59036,9.68438,9.55902,9.68438,3.91307,43473,0,0
1999-09-02,9.55902,9.71572,9.52768,9.71572,3.92573,45268,0,0
1999-09-03,9.65304,9.77841,9.59036,9.59036,3.87508,55438,0,0
1999-09-07,9.59036,9.68438,9.52768,9.6217,3.88774,126830,0,0
1999-09-08,9.59036,9.6217,9.49634,9.52768,3.84975,27719,0,0
1999-09-09,9.55902,9.59036,9.52768,9.55902,3.86241,97915,0,0
1999-09-10,9.55902,9.68438,9.55902,9.6217,3.88774,70195,0,0
1999-09-13,9.6217,9.65304,9.55902,9.6217,3.88774,37491,0,0
1999-09-14,9.55902,9.68438,9.55902,9.6217,3.88774,128027,0,0
1999-09-15,9.6217,9.74707,9.6217,9.68438,3.91307,49855,0,0
1999-09-16,9.68438,9.71572,9.65304,9.71572,3.92573,94126,0,0
1999-09-17,9.65304,9.65304,9.52768,9.59036,3.90531,78771,0.075219,0
1999-09-20,9.65304,9.65304,9.52768,9.59036,3.90531,245285,0,0
1999-09-21,9.59036,9.65304,9.52768,9.55902,3.89255,108883,0,0
1999-09-22,9.59036,9.65304,9.55902,9.65304,3.93084,70993,0,0
1999-09-23,9.60603,9.77841,9.52768,9.65304,3.93084,196827,0,0
1999-09-24,9.59036,9.84109,9.52768,9.52768,3.87979,157940,0,0
1999-09-27,9.6217,9.71572,9.52768,9.52768,3.87979,93129,0,0
1999-09-28,9.77841,9.87243,9.52768,9.52768,3.87979,96519,0,0
1999-09-29,9.52768,9.59036,9.52768,9.52768,3.87979,80964,0,0
1999-09-30,9.52768,9.65304,9.40231,9.40231,3.82874,144978,0,0
1999-10-01,9.49634,9.59036,9.37097,9.55902,3.89255,115464,0,0
1999-10-04,9.59036,9.6217,9.52768,9.52768,3.87979,31508,0,0
1999-10-05,9.59036,9.65304,9.52768,9.52768,3.87979,32505,0,0
1999-10-06,9.52768,9.65304,9.52768,9.55902,3.89255,124637,0,0
1999-10-07,9.55902,9.71572,9.52768,9.59036,3.90531,82958,0,0
1999-10-08,9.57469,9.6217,9.52768,9.59036,3.90531,49256,0,0
1999-10-11,9.6217,9.6217,9.465,9.52768,3.87979,74383,0,0
1999-10-12,9.55902,9.90377,9.52768,9.71572,3.95636,113868,0,0
1999-10-13,9.80975,9.80975,9.52768,9.52768,3.87979,40482,0,0
1999-10-14,9.71572,9.71572,9.465,9.59036,3.90531,49855,0,0
1999-10-15,9.52768,9.65304,9.40231,9.465,3.85426,117458,0,0
1999-10-18,9.52768,9.55902,9.40231,9.43365,3.8415,82360,0,0
1999-10-19,9.55902,9.59036,9.465,9.59036,3.90531,298131,0,0
1999-10-20,9.52768,9.71572,9.52768,9.6217,3.91808,31508,0,0
1999-10-21,9.68438,9.74707,9.52768,9.6217,3.91808,24329,0,0
1999-10-22,9.52768,9.74707,9.49634,9.55902,3.89255,70794,0,0
1999-10-25,9.59036,9.71572,9.55902,9.6217,3.91808,49855,0,0
1999-10-26,9.71572,9.74707,9.59036,9.6217,3.91808,113868,0,0
1999-10-27,9.65304,9.71572,9.59036,9.59036,3.90531,67802,0,0
1999-10-28,9.65304,9.90377,9.65304,9.87243,4.02018,160532,0,0
1999-10-29,9.90377,10.0918,9.80975,9.84109,4.00741,145177,0,0
1999-11-01,9.80975,9.90377,9.80975,9.84109,4.00741,54840,0,0
1999-11-02,9.80975,10.0291,9.80975,9.90377,4.03294,51051,0,0
1999-11-03,9.84109,10.0605,9.84109,9.90377,4.03294,56037,0,0
1999-11-04,9.87243,10.1858,9.87243,10.0291,4.08399,45667,0,0
1999-11-05,10.1545,10.1858,10.0291,10.0291,4.08399,41479,0,0
1999-11-08,10.2172,10.2172,10.0291,10.0605,4.09675,95522,0,0
1999-11-09,10.0291,10.0918,9.96645,9.96645,4.05846,82958,0,0
1999-11-10,9.96645,10.0291,9.96645,9.96645,4.05846,85152,0,0
1999-11-11,9.96645,10.0291,9.96645,9.96645,4.05846,23930,0,0
1999-11-12,9.96645,10.2485,9.96645,10.2485,4.17333,109282,0,0
1999-11-15,10.2799,10.2799,10.0918,10.1232,4.12228,80166,0,0
1999-11-16,10.1232,10.1545,9.96645,10.0918,4.10951,101903,0,0
1999-11-17,9.99779,10.2172,9.99779,10.2093,4.15737,131417,0,0
1999-11-18,10.1232,10.2799,10.1232,10.2172,4.16056,193636,0,0
1999-11-19,10.2172,10.2799,10.0918,10.1858,4.1478,182269,0,0
1999-11-22,10.2485,10.2642,10.0291,10.0918,4.10951,43673,0,0
1999-11-23,10.0291,10.1545,10.0291,10.1545,4.13504,161529,0,0
1999-11-24,10.1545,10.2485,10.0918,10.2172,4.16056,158738,0,0
1999-11-26,10.2799,10.2799,10.2172,10.2485,4.17333,61022,0,0
1999-11-29,10.2172,10.3112,10.1858,10.3112,4.19885,153951,0,0
1999-11-30,10.2485,10.3112,10.1545,10.3112,4.19885,198821,0,0
1999-12-01,10.2799,10.2799,9.99779,10.2799,4.18609,145775,0,0
1999-12-02,10.1232,10.1232,9.96645,9.99779,4.07123,115264,0,0
1999-12-03,10.0291,10.1858,9.90377,10.0605,4.09675,61022,0,0
1999-12-06,10.0605,10.1858,9.90377,10.1232,4.12228,90736,0,0
1999-12-07,9.90377,9.93511,9.49634,9.55902,3.89255,201214,0,0
1999-12-08,9.52768,9.59036,9.33963,9.40231,3.82874,272606,0,0
1999-12-09,9.40231,9.55902,9.40231,9.40231,3.82874,111076,0,0
1999-12-10,9.41798,9.71572,9.33963,9.465,3.85426,65808,0,0
1999-12-13,9.40231,9.43365,9.27695,9.27695,3.77769,89340,0,0
1999-12-14,9.27695,9.30829,9.21427,9.24561,3.76493,137998,0,0
1999-12-15,9.21427,9.24561,9.21427,9.21427,3.75217,198422,0,0
1999-12-16,9.21427,9.24561,9.02622,9.0889,3.70111,93926,0,0
1999-12-17,9.0889,9.27695,8.52477,8.61879,3.50968,171301,0,0
1999-12-20,8.80683,9.02622,8.65013,8.83817,3.59901,106689,0,0
1999-12-21,8.96354,9.02622,8.58745,8.77549,3.60416,421971,0.075219,0
1999-12-22,8.80683,8.90086,8.71281,8.83817,3.62991,120648,0,0
1999-12-23,8.83817,9.02622,8.71281,9.02622,3.70714,128825,0,0
1999-12-27,8.90086,9.02622,8.83817,8.99488,3.69427,67204,0,0
1999-12-28,8.90086,8.96354,8.83817,8.96354,3.6814,75779,0,0
1999-12-29,8.90086,9.0889,8.90086,9.05756,3.72001,144778,0,0
1999-12-30,9.15159,9.15159,9.02622,9.05756,3.72001,84952,0,0
1999-12-31,9.0889,9.27695,9.02622,9.02622,3.70714,55438,0,0
2000-01-03,9.02622,9.21427,8.49342,8.58745,3.52693,188451,0,0
2000-01-04,8.49342,8.58745,8.3994,8.43074,3.46257,132215,0,0
2000-01-05,8.52477,8.65013,8.3994,8.49342,3.48831,84753,0,0
2000-01-06,8.46208,8.65013,8.3994,8.52477,3.50119,64213,0,0
2000-01-07,8.50909,8.77549,8.3994,8.68147,3.56555,66207,0,0
2000-01-10,8.77549,8.90086,8.33672,8.83817,3.62991,197425,0,0
2000-01-11,8.3994,8.65013,8.14867,8.52477,3.50119,158937,0,0
2000-01-12,8.55611,8.83817,8.3994,8.46208,3.47544,128226,0,0
2000-01-13,8.43074,8.52477,8.11733,8.30538,3.41108,163125,0,0
2000-01-14,8.30538,8.52477,8.27404,8.30538,3.41108,148368,0,0
2000-01-18,8.30538,8.49342,8.30538,8.46208,3.47544,348584,0,0
2000-01-19,8.52477,8.55611,8.46208,8.55611,3.51406,387471,0,0
2000-01-20,8.52477,8.77549,8.46208,8.46208,3.47544,121845,0,0
2000-01-21,8.46208,8.65013,8.33672,8.55611,3.51406,132015,0,0
2000-01-24,8.71281,8.80683,8.14867,8.14867,3.34672,119851,0,0
2000-01-25,8.27404,8.27404,8.02331,8.11733,3.33385,87944,0,0
2000-01-26,8.11733,8.30538,8.11733,8.18001,3.3596,72987,0,0
2000-01-27,8.30538,8.46208,8.14867,8.27404,3.39821,104695,0,0
2000-01-28,8.14867,8.24269,8.08599,8.14867,3.34672,79768,0,0
2000-01-31,8.08599,8.3994,8.08599,8.21135,3.37247,105493,0,0
2000-02-01,8.21135,8.27404,8.02331,8.27404,3.39821,66008,0,0
2000-02-02,8.18001,8.18001,7.96063,8.08599,3.32098,129024,0,0
2000-02-03,8.02331,8.14867,8.02331,8.08599,3.32098,72389,0,0
2000-02-04,8.08599,8.14867,8.02331,8.05465,3.30811,180873,0,0
2000-02-07,8.21135,8.27404,8.08599,8.18001,3.3596,74184,0,0
2000-02-08,8.14867,8.46208,8.08599,8.46208,3.47544,167313,0,0
2000-02-09,8.36806,8.46208,8.21135,8.27404,3.39821,534044,0,0
2000-02-10,8.3994,8.3994,8.14867,8.18785,3.36281,175688,0,0
2000-02-11,8.14867,8.24269,8.08599,8.14867,3.34672,170902,0,0
2000-02-14,8.08599,8.21135,8.05465,8.08599,3.32098,145177,0,0
2000-02-15,8.05465,8.11733,8.05465,8.11733,3.33385,119452,0,0
2000-02-16,8.05465,8.27404,8.05465,8.18001,3.3596,43473,0,0
2000-02-17,8.11733,8.24269,8.11733,8.18001,3.3596,75380,0,0
2000-02-18,8.24269,8.24269,8.08599,8.18001,3.3596,174890,0,0
2000-02-22,8.08599,8.18001,8.02331,8.08599,3.32098,67005,0,0
2000-02-23,8.08599,8.11733,7.96063,7.99197,3.28236,90736,0,0
2000-02-24,7.99197,8.02331,7.96063,7.99197,3.28236,403823,0,0
2000-02-25,7.96063,8.02331,7.89794,8.02331,3.29523,378298,0,0
2000-02-28,8.02331,8.02331,7.96063,7.99197,3.28236,137799,0,0
2000-02-29,8.00764,8.30538,7.99197,8.27404,3.39821,223549,0,0
2000-03-01,8.24269,8.27404,8.11733,8.20352,3.36925,124437,0,0
2000-03-02,8.18001,8.20352,8.02331,8.02331,3.29523,62817,0,0
2000-03-03,8.08599,8.18001,8.02331,8.11733,3.33385,153951,0,0
2000-03-06,8.11733,8.18001,8.05465,8.08599,3.32098,115464,0,0
2000-03-07,8.05465,8.14867,7.96063,8.08599,3.32098,287562,0,0
2000-03-08,8.05465,8.18001,8.05465,8.05465,3.30811,207196,0,0
2000-03-09,8.05465,8.21135,8.05465,8.11733,3.33385,99510,0,0
2000-03-10,8.08599,8.11733,8.02331,8.08599,3.32098,98513,0,0
2000-03-13,8.11733,8.11733,8.02331,8.02331,3.29523,233719,0,0
2000-03-14,8.02331,8.08599,8.02331,8.05465,3.30811,154949,0,0
2000-03-15,8.05465,8.08599,8.05465,8.05465,3.33929,93129,0.075219,0
2000-03-16,8.05465,8.33672,8.05465,8.27404,3.43025,172497,0,0
2000-03-17,8.27404,8.58745,8.24269,8.46208,3.5082,114068,0,0
2000-03-20,8.36806,8.49342,8.30538,8.30538,3.44324,63216,0,0
2000-03-21,8.27404,8.43074,8.27404,8.43074,3.49521,138397,0,0
2000-03-22,8.46208,8.57178,8.3994,8.52477,3.53419,191642,0,0
2000-03-23,8.50909,8.68147,8.50909,8.65013,3.58616,265427,0,0
2000-03-24,8.61879,9.0889,8.61879,9.02622,3.74209,154749,0,0
2000-03-27,8.96354,9.02622,8.83817,8.86952,3.67712,69996,0,0
2000-03-28,8.90086,9.65304,8.86952,9.65304,4.00195,327645,0,0
2000-03-29,9.15159,9.59036,9.02622,9.52768,3.94998,434534,0,0
2000-03-30,9.15159,9.71572,9.15159,9.65304,4.00195,442311,0,0
2000-03-31,9.71572,10.6246,9.6217,10.5619,4.37876,724888,0,0
2000-04-03,9.99779,10.2485,9.96645,10.1232,4.19685,146772,0,0
2000-04-04,10.2172,10.6246,9.77841,10.6246,4.40475,365535,0,0
2000-04-05,10.4052,10.5933,10.4052,10.4366,4.32679,272008,0,0
2000-04-06,10.4366,10.5619,10.4052,10.4366,4.32679,313088,0,0
2000-04-07,10.4679,10.5306,10.4366,10.5306,4.36577,157740,0,0
2000-04-10,10.3739,10.5306,10.3425,10.4052,4.31379,88542,0,0
2000-04-11,10.4052,10.4679,10.2799,10.4052,4.31379,304114,0,0
2000-04-12,10.5149,10.5306,10.0918,10.0918,4.18386,213977,0,0
2000-04-13,10.3896,10.3896,10.2172,10.2799,4.26182,135605,0,0
2000-04-14,10.4052,10.4052,10.1545,10.1545,4.20985,264828,0,0
2000-04-17,10.2485,10.3739,10.0918,10.2172,4.23583,166515,0,0
2000-04-18,10.3425,10.4052,10.1858,10.3425,4.2878,232523,0,0
2000-04-19,10.4993,10.5306,10.3425,10.4052,4.31379,204006,0,0
2000-04-20,10.4052,10.5306,10.4052,10.5306,4.36577,133810,0,0
2000-04-24,10.4993,10.5306,10.2172,10.2172,4.23583,202211,0,0
2000-04-25,10.2799,10.4679,10.2172,10.3425,4.2878,111076,0,0
2000-04-26,10.3112,10.4366,10.3112,10.4052,4.31379,119053,0,0
2000-04-27,10.2799,10.4052,10.2799,10.3425,4.2878,100507,0,0
2000-04-28,10.4052,10.4052,10.2799,10.3112,4.27481,76976,0,0
2000-05-01,10.3112,10.4679,10.3112,10.4366,4.32679,154749,0,0
2000-05-02,10.4679,10.4679,10.3739,10.4366,4.32679,58230,0,0
2000-05-03,10.4522,10.4679,10.4052,10.4679,4.33978,39884,0,0
2000-05-04,10.728,10.728,10.2673,10.399,4.31119,88124,0,1.05
2000-05-05,10.399,10.4648,10.399,10.4072,4.3146,405295,0,0
2000-05-08,10.399,10.5306,10.399,10.5306,4.36577,142632,0,0
2000-05-09,10.4977,10.6951,10.4977,10.6622,4.42034,287923,0,0
2000-05-10,10.5964,10.6951,10.5964,10.6622,4.42034,55268,0,0
2000-05-11,10.6622,10.728,10.5306,10.5635,4.37941,68182,0,0
2000-05-12,10.6293,10.728,10.6293,10.6951,4.43398,111295,0,0
2000-05-15,10.6951,11.0571,10.6951,11.0242,4.57041,126299,0,0
2000-05-16,10.9255,11.0571,10.7939,11.0242,4.57041,1796860,0,0
2000-05-17,10.9255,11.0571,10.8597,11.0242,4.57041,76919,0,0
2000-05-18,10.9584,11.0571,10.9584,11.0571,4.58406,160485,0,0
2000-05-19,10.9913,11.0571,10.7939,10.7939,4.47491,51089,0,0
2000-05-22,10.728,11.0242,10.6951,10.728,4.44762,55647,0,0
2000-05-23,10.728,10.7939,10.5964,10.5964,4.39305,180047,0,0
2000-05-24,10.6129,10.7609,10.2015,10.728,4.44762,173210,0,0
2000-05-25,10.5964,10.8268,10.5964,10.6951,4.43398,33236,0,0
2000-05-26,10.7939,10.7939,10.5964,10.6951,4.43398,19562,0,0
2000-05-30,10.5964,10.6951,10.5306,10.6622,4.42034,120031,0,0
2000-05-31,10.6951,10.7939,10.6293,10.7939,4.47491,95531,0,0
2000-06-01,10.728,10.9255,10.728,10.9255,4.52948,63054,0,0
2000-06-02,10.8268,11.1888,10.8268,11.0242,4.57041,234365,0,0
2000-06-05,10.9913,11.1641,10.9913,11.1641,4.62839,566350,0,0
2000-06-06,11.0242,11.1888,11.0242,11.09,4.5977,158965,0,0
2000-06-07,11.0571,11.1558,10.9913,10.9913,4.55677,338632,0,0
2000-06-08,10.9913,11.0242,10.9913,10.9913,4.55677,129337,0,0
2000-06-09,10.9913,11.0242,10.9913,10.9913,4.55677,100279,0,0
2000-06-12,10.9913,11.0571,10.9913,11.0242,4.57041,76729,0,0
2000-06-13,10.9913,11.0571,10.9913,11.0571,4.58406,147380,0,0
2000-06-14,11.1229,11.1558,11.0242,11.0571,4.61925,77299,0.084245,0
2000-06-15,11.0571,11.1229,10.8926,10.9255,4.56426,137694,0,0
2000-06-16,10.9255,10.9584,10.8268,10.9255,4.56426,107306,0,0
2000-06-19,10.9255,11.09,10.9255,11.0571,4.61925,158965,0,0
2000-06-20,11.0078,11.2546,10.9584,11.1558,4.66049,92303,0,0
2000-06-21,11.1558,11.2217,11.0571,11.2217,4.68799,163334,0,0
2000-06-22,11.1558,11.1558,10.8597,11.0242,4.6055,207586,0,0
2000-06-23,11.0242,11.2217,10.6622,10.6622,4.45427,233415,0,0
2000-06-26,10.6622,11.3204,10.6622,11.0571,4.61925,293621,0,0
2000-06-27,11.0571,11.3862,11.0571,11.3533,4.74298,264563,0,0
2000-06-28,11.2546,11.9785,11.2546,11.5837,4.83921,479935,0,0
2000-06-29,11.5178,11.9127,11.2546,11.2546,4.70174,506334,0,0
2000-06-30,11.7811,11.814,8.951,9.31299,3.89062,2382962,0,0
2000-07-03,10.0041,10.399,9.87243,10.0041,4.17932,642319,0,0
2000-07-05,9.7408,10.9913,9.7408,10.9584,4.57801,568249,0,0
2000-07-06,11.0571,11.2546,10.7609,11.2546,4.70174,224679,0,0
2000-07-07,11.1558,11.1558,10.7939,11.09,4.633,158965,0,0
2000-07-10,11.0242,11.0571,10.6293,10.9584,4.57801,120981,0,0
2000-07-11,10.728,10.7939,10.3331,10.3331,4.3168,190683,0,0
2000-07-12,10.6622,10.9255,10.399,10.8597,4.53676,253927,0,0
2000-07-13,10.7609,10.9913,10.7609,10.7939,4.50926,109965,0,0
2000-07-14,10.8597,10.9913,10.6622,10.9255,4.56426,221070,0,0
2000-07-17,10.9913,11.0571,10.5964,10.6951,4.46802,92113,0,0
2000-07-18,10.728,11.0242,10.6951,10.9255,4.56426,162574,0,0
2000-07-19,10.9255,10.9913,10.8926,10.9255,4.56426,175109,0,0
2000-07-20,10.9584,11.0571,10.9255,11.0571,4.61925,166372,0,0
2000-07-21,11.0571,11.0571,10.9913,10.9913,4.59175,356105,0,0
2000-07-24,10.9913,11.09,10.9255,10.9255,4.56426,377757,0,0
2000-07-25,10.9584,11.1229,10.9584,11.1229,4.64675,169031,0,0
2000-07-26,10.9913,11.5178,10.9913,11.5178,4.81172,188593,0,0
2000-07-27,11.1558,11.6166,11.0571,11.3204,4.72923,247659,0,0
2000-07-28,11.0571,11.09,10.7939,10.8926,4.55051,128198,0,0
2000-07-31,10.8597,11.3533,10.8597,11.3204,4.72923,188783,0,0
2000-08-01,11.3204,11.3204,10.9255,10.9913,4.59175,174159,0,0
2000-08-02,10.9255,11.1229,10.8597,11.0242,4.6055,85275,0,0
2000-08-03,10.9913,11.452,10.9913,11.4191,4.77047,117562,0,0
2000-08-04,11.4191,11.452,11.0571,11.452,4.78422,108256,0,0
2000-08-07,11.3204,11.452,11.0571,11.2546,4.70174,117372,0,0
2000-08-08,11.2546,11.452,11.1229,11.2217,4.68799,81857,0,0
2000-08-09,11.1558,11.2546,10.9255,11.1888,4.67424,314132,0,0
2000-08-10,11.1723,11.2217,11.1229,11.1558,4.66049,192582,0,0
2000-08-11,11.1558,11.1888,11.09,11.1558,4.66049,181566,0,0
2000-08-14,11.09,11.1888,10.9584,11.1558,4.66049,147380,0,0
2000-08-15,11.1558,11.2217,10.9913,11.1888,4.67424,145861,0,0
2000-08-16,11.0571,11.1558,11.0242,11.0242,4.6055,27919,0,0
2000-08-17,11.0242,11.09,10.8926,10.9255,4.56426,98570,0,0
2000-08-18,10.9255,11.0242,10.8926,10.9255,4.56426,77489,0,0
2000-08-21,10.9255,10.9913,10.7609,10.7939,4.50926,49950,0,0
2000-08-22,10.7609,10.9913,10.728,10.8761,4.54363,76349,0,0
2000-08-23,10.9913,10.9913,10.7609,10.7692,4.49896,37225,0,0
2000-08-24,10.7939,10.9584,10.728,10.8597,4.53676,182896,0,0
2000-08-25,10.8597,10.9255,10.7939,10.7939,4.50926,39504,0,0
2000-08-28,10.7939,10.9255,10.7939,10.8597,4.53676,91353,0,0
2000-08-29,10.9255,10.9255,10.8597,10.9255,4.56426,71981,0,0
2000-08-30,10.8926,10.9913,10.8597,10.8597,4.53676,123450,0,0
2000-08-31,10.8597,11.0571,10.8597,11.0571,4.61925,166372,0,0
2000-09-01,10.9255,11.2546,10.7939,11.1641,4.66393,293051,0,0
2000-09-05,11.0242,11.0242,10.8926,10.9255,4.56426,78628,0,0
2000-09-06,10.9255,11.0242,10.8597,10.8597,4.53676,100089,0,0
2000-09-07,10.8597,11.0242,10.8597,10.9913,4.59175,79768,0,0
2000-09-08,10.8926,11.1558,10.8926,11.0242,4.6055,76729,0,0
2000-09-11,11.0242,11.1888,11.0242,11.1888,4.67424,118702,0,0
2000-09-12,11.0571,11.3533,11.0571,11.3204,4.72923,101989,0,0
2000-09-13,11.1888,11.5837,11.0571,11.5507,4.82546,253357,0,0
2000-09-14,11.5178,11.6495,11.452,11.5507,4.82546,135795,0,0
2000-09-15,11.2217,11.4191,11.0571,11.1312,4.65018,144151,0,0
2000-09-18,11.1888,11.2217,10.8926,10.8926,4.55051,133516,0,0
2000-09-19,10.9584,10.9913,10.7609,10.7609,4.53056,179287,0.084245,0
2000-09-20,10.7609,11.0571,10.7609,10.9255,4.59983,174919,0,0
2000-09-21,10.9584,10.9913,10.9255,10.9913,4.62754,99140,0,0
2000-09-22,10.9255,10.9831,10.7939,10.9255,4.59983,107876,0,0
2000-09-25,10.8268,10.9913,10.8268,10.9913,4.62754,217652,0,0
2000-09-26,10.9255,10.9584,10.8597,10.8597,4.57212,162004,0,0
2000-09-27,10.9255,10.9584,10.8597,10.9255,4.59983,193531,0,0
2000-09-28,10.9255,11.3204,10.8597,11.09,4.66911,198849,0,0
2000-09-29,11.1229,11.3204,10.3002,10.4319,4.39201,418020,0,0
2000-10-02,10.5306,11.0571,10.5306,11.0242,4.6414,318880,0,0
2000-10-03,10.9255,11.1229,10.8597,11.1229,4.68297,291152,0,0
2000-10-04,10.9913,11.1229,10.5964,10.9255,4.59983,276908,0,0
2000-10-05,11.0242,11.0242,10.6951,10.7939,4.54441,190113,0,0
2000-10-06,10.9255,10.9255,10.399,10.4648,4.40587,89644,0,0
2000-10-09,10.5964,10.5964,10.2673,10.4648,4.40587,83756,0,0
2000-10-10,10.3661,10.4648,10.3002,10.4319,4.39201,200179,0,0
2000-10-11,10.399,10.4648,10.2344,10.3331,4.35044,246520,0,0
2000-10-12,10.3331,10.3331,10.2015,10.2344,4.30888,121361,0,0
2000-10-13,10.2673,10.8926,10.2015,10.8926,4.58598,170361,0,0
2000-10-16,10.8926,10.9255,10.7939,10.8597,4.57212,77678,0,0
2000-10-17,10.8597,10.9255,10.7939,10.8268,4.55827,159915,0,0
2000-10-18,10.7939,10.8597,10.399,10.7939,4.54441,158776,0,0
2000-10-19,10.8268,10.9584,10.8268,10.9502,4.61022,215942,0,0
2000-10-20,10.9255,10.9913,10.8597,10.8597,4.57212,125159,0,0
2000-10-23,10.8926,10.9255,10.8597,10.8926,4.58598,57926,0,0
2000-10-24,10.9255,11.0571,10.8597,10.9255,4.59983,78628,0,0
2000-10-25,10.9255,11.0242,10.8926,10.9255,4.59983,72930,0,0
2000-10-26,10.9255,11.2546,10.8597,11.2546,4.73838,170361,0,0
2000-10-27,11.0571,11.3204,11.0571,11.2217,4.72453,120601,0,0
2000-10-30,11.1558,11.4191,11.1558,11.2546,4.73838,172450,0,0
2000-10-31,11.2875,11.5754,11.2546,11.5178,4.84922,229997,0,0
2000-11-01,11.4849,11.4849,11.2546,11.3862,4.7938,67423,0,0
2000-11-02,11.3862,11.5837,11.2875,11.5837,4.87693,135795,0,0
2000-11-03,11.452,11.5507,11.3533,11.3533,4.77995,134655,0,0
2000-11-06,11.3533,11.5507,11.3204,11.452,4.82151,142062,0,0
2000-11-07,11.452,11.5837,11.3862,11.5178,4.84922,101039,0,0
2000-11-08,11.5507,11.6166,11.452,11.452,4.82151,153078,0,0
2000-11-09,11.452,11.452,11.0571,11.2875,4.75224,163524,0,0
2000-11-10,11.2546,11.2546,10.9255,10.9255,4.59983,51279,0,0
2000-11-13,10.8597,11.1888,10.7609,11.1229,4.68297,98760,0,0
2000-11-14,11.1888,11.3533,10.9913,11.2875,4.75224,113954,0,0
2000-11-15,11.09,11.3204,11.0242,11.0242,4.6414,123260,0,0
2000-11-16,11.1229,11.2217,10.9913,10.9913,4.62754,60206,0,0
2000-11-17,10.9913,11.0242,10.7939,10.9255,4.59983,91543,0,0
2000-11-20,11.0242,11.0242,10.6622,10.8926,4.58598,94961,0,0
2000-11-21,10.9255,10.9255,10.7609,10.7609,4.53056,70082,0,0
2000-11-22,10.7609,10.7609,10.5635,10.6293,4.47514,52609,0,0
2000-11-24,10.5635,10.9584,10.5635,10.9584,4.61369,203028,0,0
2000-11-27,10.9584,11.0571,10.728,10.9255,4.59983,121551,0,0
2000-11-28,10.8679,11.0571,10.8597,10.9255,4.59983,343381,0,0
2000-11-29,10.8597,11.0242,10.8597,11.0242,4.6414,196570,0,0
2000-11-30,11.0571,11.2546,10.7939,10.8926,4.58598,375667,0,0
2000-12-01,11.0242,11.2546,10.7939,11.2546,4.73838,182706,0,0
2000-12-04,11.1229,11.3368,11.09,11.2875,4.75224,246710,0,0
2000-12-05,11.2875,11.6824,11.2546,11.6495,4.90464,435303,0,0
2000-12-06,11.6166,12.0444,11.5837,11.8469,4.98777,614590,0,0
2000-12-07,11.814,11.8469,11.7811,11.7811,4.96006,86225,0,0
2000-12-08,11.7811,12.1431,11.7811,12.1102,5.09861,412512,0,0
2000-12-11,11.9456,11.9785,11.814,11.9127,5.01548,308245,0,0
2000-12-12,12.1102,12.1102,11.8798,12.0115,5.05704,304826,0,0
2000-12-13,11.9785,12.0444,11.9127,11.9456,5.02934,172260,0,0
2000-12-14,12.0444,12.0444,11.7153,11.7482,4.94621,250508,0,0
2000-12-15,11.7153,11.7153,11.5837,11.7153,4.93235,213663,0,0
2000-12-18,11.6824,11.9127,11.4849,11.7811,4.96006,233415,0,0
2000-12-19,11.814,11.9127,11.7482,11.7482,4.94621,179857,0,0
2000-12-20,11.7482,11.7811,11.4849,11.5837,4.91216,76729,0.084245,0
2000-12-21,11.5178,11.7153,11.4849,11.4849,4.87029,279377,0,0
2000-12-22,11.5178,11.9456,11.5178,11.9127,5.05171,183276,0,0
2000-12-26,11.9127,12.2418,11.7811,12.0773,5.12148,260384,0,0
2000-12-27,12.0444,12.5709,12.0444,12.5709,5.33081,178527,0,0
2000-12-28,12.3076,12.3734,11.5178,11.9785,5.07962,679354,0,0
2000-12-29,11.9703,12.1431,11.814,12.1431,5.14939,330086,0,0
2001-01-02,12.1102,12.1102,11.2217,11.5507,4.8982,330846,0,0
2001-01-03,11.5178,12.1102,11.4191,11.8798,5.03775,258295,0,0
2001-01-04,11.7811,12.0773,11.7482,12.0444,5.10753,286404,0,0
2001-01-05,12.0444,12.1102,11.8469,11.8469,5.0238,398268,0,0
2001-01-08,11.814,11.814,11.5178,11.5837,4.91216,155547,0,0
2001-01-09,11.5837,11.7153,11.4191,11.5178,4.88425,211004,0,0
2001-01-10,11.5672,11.814,11.4849,11.7811,4.99589,315272,0,0
2001-01-11,11.7153,11.8469,11.7153,11.7482,4.98193,238923,0,0
2001-01-12,11.7811,11.8469,11.5507,11.6824,4.95402,223539,0,0
2001-01-16,11.6824,12.0115,11.5178,11.9785,5.07962,204737,0,0
2001-01-17,11.9785,12.0444,11.8469,12.0444,5.10753,370919,0,0
2001-01-18,11.9127,12.0444,11.9127,11.995,5.08659,280136,0,0
2001-01-19,12.0115,12.0444,11.9456,11.9456,5.06566,258485,0,0
2001-01-22,11.9456,11.9785,11.814,11.8469,5.0238,260194,0,0
2001-01-23,11.814,12.1102,11.814,12.1102,5.13544,209675,0,0
2001-01-24,12.1102,12.1102,11.9456,12.0115,5.09357,289063,0,0
2001-01-25,12.0115,12.0115,11.9456,11.9456,5.06566,121741,0,0
2001-01-26,11.9539,12.1102,11.9456,12.0773,5.12148,148520,0,0
2001-01-29,12.1102,12.1431,12.0115,12.1102,5.13544,253357,0,0
2001-01-30,12.1431,12.1431,11.9127,11.9456,5.06566,106357,0,0
2001-01-31,11.9785,12.1102,11.7811,11.7811,4.99589,179287,0,0
2001-02-01,11.7811,11.8469,11.6166,11.7811,4.99589,58876,0,0
2001-02-02,11.7153,11.7811,11.5837,11.5837,4.91216,59826,0,0
2001-02-05,11.7071,11.7153,11.6001,11.6495,4.94007,13485,0,0
2001-02-06,11.6495,11.6495,11.4849,11.6166,4.92611,86795,0,0
2001-02-07,11.5178,11.6495,11.452,11.5507,4.8982,103698,0,0
2001-02-08,11.5507,11.6495,11.452,11.6001,4.91913,62295,0,0
2001-02-09,11.6083,11.7153,11.5178,11.7153,4.96798,117372,0,0
2001-02-12,11.6824,11.6824,11.4191,11.6166,4.92611,137314,0,0
2001-02-13,11.5837,11.6166,11.4849,11.5507,4.8982,120221,0,0
2001-02-14,11.5425,11.6166,11.452,11.6166,4.92611,102938,0,0
2001-02-15,11.6083,11.6824,11.5507,11.5837,4.91216,133326,0,0
2001-02-16,11.5837,11.5837,11.4191,11.4191,4.84238,65333,0,0
2001-02-20,11.3862,11.452,11.2546,11.3204,4.80052,165993,0,0
2001-02-21,11.3286,11.4849,11.1888,11.1888,4.7447,141493,0,0
2001-02-22,11.1888,11.2875,10.8597,10.9584,4.64701,166562,0,0
2001-02-23,10.9584,11.2217,10.8268,11.1558,4.73074,107116,0,0
2001-02-26,11.2217,11.6166,11.1558,11.6166,4.92611,222590,0,0
2001-02-27,11.5837,11.6495,11.2217,11.2217,4.75865,189733,0,0
2001-02-28,11.3204,11.452,11.1558,11.452,4.85634,140353,0,0
2001-03-01,11.3533,11.3533,11.0571,11.3204,4.80052,97051,0,0
2001-03-02,11.2875,11.5178,11.2546,11.4849,4.87029,146241,0,0
2001-03-05,11.452,11.5507,11.452,11.452,4.85634,83566,0,0
2001-03-06,11.452,11.5178,11.4191,11.452,4.85634,135035,0,0
2001-03-07,11.4767,11.4849,11.3862,11.3862,4.82843,62864,0,0
2001-03-08,11.4849,11.6495,11.3533,11.3862,4.82843,194861,0,0
2001-03-09,11.3862,11.3862,11.0242,11.0242,4.67492,136934,0,0
2001-03-12,11.0242,11.09,10.9255,10.9913,4.66097,297419,0,0
2001-03-13,10.9913,11.5837,10.9584,11.5507,4.8982,250698,0,0
2001-03-14,11.0653,11.452,11.0242,11.09,4.73738,211954,0.084245,0
2001-03-15,11.2546,11.2875,11.1229,11.1229,4.75144,183276,0,0
2001-03-16,11.2217,11.2546,10.9584,11.2217,4.79361,321539,0,0
2001-03-19,11.1888,11.4191,11.0571,11.3533,4.84984,120031,0,0
2001-03-20,11.1888,11.2875,10.7939,10.8268,4.62492,180807,0,0
2001-03-21,10.9913,11.0242,10.8597,10.9584,4.68115,117372,0,0
2001-03-22,10.9255,10.9255,10.6951,10.8268,4.62492,160485,0,0
2001-03-23,10.7939,11.09,10.7939,11.0242,4.70927,93822,0,0
2001-03-26,11.0242,11.452,11.0242,11.3533,4.84984,274249,0,0
2001-03-27,11.3533,11.4191,10.9255,11.1888,4.77956,446888,0,0
2001-03-28,11.0571,11.3862,10.8597,11.0571,4.72332,359714,0,0
2001-03-29,11.0571,11.1888,10.6951,10.8268,4.62492,192962,0,0
2001-03-30,10.9255,11.0242,10.4977,10.6951,4.56869,631304,0,0
2001-04-02,10.6951,10.8926,10.5964,10.6293,4.54058,190872,0,0
2001-04-03,10.6293,10.6622,10.3661,10.399,4.44218,203217,0,0
2001-04-04,10.399,10.4977,10.1028,10.1357,4.32972,203597,0,0
2001-04-05,10.2015,10.8597,10.2015,10.8597,4.63898,240442,0,0
2001-04-06,10.8268,10.8268,10.6622,10.6622,4.55463,341101,0,0
2001-04-09,10.6622,10.8465,10.6622,10.7939,4.61087,158206,0,0
2001-04-10,10.8465,10.8939,10.7623,10.8676,4.64236,304066,0,0
2001-04-11,10.7675,10.8412,10.7254,10.7939,4.61087,206636,0,0
2001-04-12,10.836,10.836,10.7517,10.8254,4.62436,227338,0,0
2001-04-16,10.8254,10.8728,10.7412,10.7517,4.59287,267032,0,0
2001-04-17,10.7886,10.7939,10.6096,10.6728,4.55913,279566,0,0
2001-04-18,10.6886,10.8202,10.5569,10.7623,4.59737,432264,0,0
2001-04-19,10.7254,10.8623,10.7254,10.8097,4.61761,202268,0,0
2001-04-20,10.8097,10.8097,10.7359,10.7412,4.58838,232466,0,0
2001-04-23,10.7149,10.7675,10.5832,10.6622,4.55463,70271,0,0
2001-04-24,10.6359,10.7675,10.6096,10.7675,4.59962,386303,0,0
2001-04-25,10.7412,10.7781,10.6359,10.757,4.59512,157066,0,0
2001-04-26,10.7359,10.7675,10.7096,10.7096,4.57488,82806,0,0
2001-04-27,10.6886,10.8097,10.6622,10.8097,4.61761,152888,0,0
2001-04-30,10.9134,11.1345,10.7641,11.1345,4.75639,204755,0,1.05
2001-05-01,11.0571,11.223,10.9687,11.0682,4.72805,156098,0,0
2001-05-02,11.0626,11.2506,11.0626,11.1953,4.78237,323773,0,0
2001-05-03,11.2783,11.2783,11.1677,11.1732,4.77292,122998,0,0
2001-05-04,11.223,11.3446,11.1401,11.3335,4.84141,264264,0,0
2001-05-07,11.2838,11.2838,11.0295,11.035,4.71388,329561,0,0
2001-05-08,11.0571,11.1677,11.0295,11.0737,4.73041,213256,0,0
2001-05-09,11.0682,11.2064,11.0571,11.1732,4.77292,188295,0,0
2001-05-10,11.1953,11.2285,11.1235,11.2064,4.78709,228088,0,0
2001-05-11,11.2119,11.2396,11.1456,11.1788,4.77528,83385,0,0
2001-05-14,11.1788,11.1953,11.1456,11.1677,4.77056,221034,0,0
2001-05-15,11.1732,11.1953,11.0516,11.1622,4.7682,119018,0,0
2001-05-16,11.2009,11.2561,11.1401,11.2561,4.80835,208553,0,0
2001-05-17,11.223,11.234,11.1124,11.1953,4.78237,129871,0,0
2001-05-18,11.1401,11.1898,11.0737,11.1566,4.76584,90439,0,0
2001-05-21,11.0626,11.1124,11.035,11.1069,4.74458,96228,0,0
2001-05-22,11.1014,11.3833,11.0848,11.1401,4.75875,259742,0,0
2001-05-23,11.2506,11.3335,11.129,11.1345,4.75639,114677,0,0
2001-05-24,11.129,11.2119,11.0571,11.2119,4.78945,167856,0,0
2001-05-25,11.1124,11.2506,10.9853,11.0239,4.70916,389794,0,0
2001-05-29,11.0074,11.0516,10.8083,10.8415,4.63122,254316,0,0
2001-05-30,10.8636,11.0571,10.836,11.0295,4.71152,369355,0,0
2001-05-31,11.035,11.0848,10.9023,11.0461,4.7186,376952,0,0
2001-06-01,11.1014,11.1124,11.0295,11.0295,4.71152,269510,0,0
2001-06-04,11.0295,11.223,11.0295,11.2119,4.78945,579536,0,0
2001-06-05,11.2119,11.5879,11.1732,11.5436,4.93115,344213,0,0
2001-06-06,11.4718,11.6984,11.4718,11.5879,4.95005,478606,0,0
2001-06-07,11.6155,11.8311,11.5602,11.8256,5.05159,318709,0,0
2001-06-08,11.7592,11.7758,11.5768,11.5934,4.95241,98398,0,0
2001-06-11,11.5989,11.6266,11.5547,11.5602,4.93824,177442,0,0
2001-06-12,11.5547,11.7316,11.5547,11.7261,5.00909,236047,0,0
2001-06-13,11.6376,11.7205,11.5823,11.6818,5.03051,396125,0.093986,0
2001-06-14,11.6818,11.7095,11.6487,11.6874,5.0329,262094,0,0
2001-06-15,11.9417,11.9417,11.6597,11.6818,5.03051,418554,0,0
2001-06-18,11.6763,11.7205,11.6542,11.6597,5.02099,261551,0,0
2001-06-19,11.9306,12.0301,11.7095,11.8145,5.08765,473179,0,0
2001-06-20,11.5989,11.7648,11.5823,11.7427,5.0567,518037,0,0
2001-06-21,11.7371,11.9804,11.6763,11.9362,5.14003,356874,0,0
2001-06-22,11.9638,12.0523,11.5823,11.5879,4.99004,263541,0,0
2001-06-25,11.5879,11.6542,11.422,11.4552,4.9329,317442,0,0
2001-06-26,11.4552,11.5547,11.2506,11.2506,4.84481,371164,0,0
2001-06-27,11.2838,11.6376,11.2672,11.5934,4.99242,527986,0,0
2001-06-28,11.5879,11.8588,11.5879,11.8366,5.09717,224471,0,0
2001-06-29,11.6929,12.0467,10.7752,11.3114,4.871,997366,0,0
2001-07-02,11.234,11.6431,11.1456,11.4994,4.95195,494523,0,0
2001-07-03,11.4939,11.6376,11.4165,11.5492,4.97337,120284,0,0
2001-07-05,11.5049,11.5823,11.4441,11.4994,4.95195,597624,0,0
2001-07-06,11.4441,11.61,11.4275,11.5105,4.95671,254497,0,0
2001-07-09,11.4994,11.5492,11.4552,11.5492,4.97337,199690,0,0
2001-07-10,11.5049,11.6597,11.5049,11.6597,5.02099,295737,0,0
2001-07-11,11.6542,11.6542,11.4828,11.621,5.00433,680828,0,0
2001-07-12,11.6266,11.8311,11.5713,11.7979,5.08051,133670,0,0
2001-07-13,11.8035,12.1628,11.7703,12.1573,5.23526,697650,0,0
2001-07-16,12.1628,12.1849,12.1075,12.1462,5.2305,313463,0,0
2001-07-17,12.1573,12.1628,12.1075,12.1628,5.23764,227907,0,0
2001-07-18,12.1628,12.2015,12.1518,12.196,5.25192,237494,0,0
2001-07-19,12.1905,12.384,12.1628,12.3121,5.30192,266977,0,0
2001-07-20,12.2845,12.4337,12.1628,12.2568,5.27811,104367,0,0
2001-07-23,12.2015,12.3176,12.1518,12.2513,5.27573,65840,0,0
2001-07-24,12.2679,12.2955,12.1407,12.2181,5.26145,90439,0,0
2001-07-25,12.2181,12.2181,12.1352,12.1794,5.24478,110336,0,0
2001-07-26,12.1462,12.2181,12.1352,12.1794,5.24478,64936,0,0
2001-07-27,12.1794,12.2734,12.1407,12.2236,5.26383,60775,0,0
2001-07-30,12.1628,12.4945,12.1628,12.4337,5.3543,132584,0,0
2001-07-31,12.2458,12.5498,12.1684,12.2734,5.28525,268967,0,0
2001-08-01,12.5498,12.6604,12.1905,12.5941,5.42334,171473,0,0
2001-08-02,12.4614,12.6549,12.2292,12.6051,5.4281,121370,0,0
2001-08-03,12.5996,12.7157,12.2734,12.5996,5.42572,70905,0,0
2001-08-06,12.29,12.6051,12.29,12.3729,5.32811,83385,0,0
2001-08-07,12.3729,12.5775,12.3729,12.4227,5.34953,53902,0,0
2001-08-08,12.395,12.5222,12.301,12.3453,5.3162,73075,0,0
2001-08-09,12.3453,12.384,12.2845,12.3563,5.32097,80672,0,0
2001-08-10,12.489,12.489,12.3176,12.3563,5.32097,100930,0,0
2001-08-13,12.3342,12.4006,12.2789,12.3453,5.3162,53721,0,0
2001-08-14,12.3176,12.4835,12.3121,12.3784,5.33049,62946,0,0
2001-08-15,12.3508,12.3784,12.1352,12.1628,5.23764,217778,0,0
2001-08-16,12.1352,12.2458,12.1075,12.1684,5.24002,217416,0,0
2001-08-17,12.1905,12.2458,12.1352,12.1352,5.22574,168760,0,0
2001-08-20,12.1352,12.2789,12.1297,12.2568,5.27811,170026,0,0
2001-08-21,12.1352,12.2679,12.1186,12.1462,5.2305,126073,0,0
2001-08-22,12.1794,12.1905,12.1131,12.1905,5.24954,161163,0,0
2001-08-23,12.2181,12.2458,12.1075,12.1407,5.22812,258657,0,0
2001-08-24,12.1518,12.2292,12.1186,12.1407,5.22812,206925,0,0
2001-08-27,12.1297,12.1352,11.6984,11.7316,5.05194,262274,0,0
2001-08-28,11.7261,11.997,11.7261,11.7869,5.07575,184858,0,0
2001-08-29,11.7758,11.8256,11.7482,11.7482,5.05908,211267,0,0
2001-08-30,11.7758,11.8035,11.7482,11.8035,5.08289,271318,0,0
2001-08-31,11.7703,11.9693,11.7482,11.9472,5.14479,311473,0,0
2001-09-04,11.9196,12.1352,11.8864,12.1131,5.21621,485660,0,0
2001-09-05,12.1131,12.2015,12.0799,12.1905,5.24954,408786,0,0
2001-09-06,12.1352,12.2015,12.1075,12.1905,5.24954,443696,0,0
2001-09-07,12.1628,12.1905,12.1352,12.1407,5.22812,146874,0,0
2001-09-10,12.1628,12.3232,12.1186,12.1407,5.22812,455091,0,0
2001-09-17,11.9693,12.0523,11.3888,11.8311,5.09479,328114,0,0
2001-09-18,11.914,12.1407,11.8256,12.0246,5.17812,164781,0,0
2001-09-19,12.0965,12.1297,11.8201,12.1297,5.2645,611732,0.093986,0
2001-09-20,11.9859,12.0523,11.7205,11.8864,5.15892,391422,0,0
2001-09-21,11.7205,11.997,11.3888,11.8753,5.15413,460518,0,0
2001-09-24,11.9693,12.0301,11.7758,11.9196,5.17332,150310,0,0
2001-09-25,11.9196,11.9749,11.7095,11.8975,5.16372,93876,0,0
2001-09-26,11.903,12.0467,11.7979,11.8919,5.16133,378941,0,0
2001-09-27,11.8698,12.2292,11.8643,12.1628,5.2789,196073,0,0
2001-09-28,12.2347,12.4669,12.1075,12.3563,5.36288,276564,0,0
2001-10-01,12.4393,12.5498,12.2181,12.384,5.37488,112145,0,0
2001-10-02,12.2181,12.3287,11.8201,12.0523,5.23091,214342,0,0
2001-10-03,12.0633,12.301,12.0136,12.2071,5.29809,188114,0,0
2001-10-04,12.301,12.301,12.0688,12.0688,5.23811,165685,0,0
2001-10-05,11.9085,12.1684,11.903,12.1352,5.2669,336616,0,0
2001-10-08,12.1297,12.1297,11.61,11.6984,5.07734,70000,0,0
2001-10-09,11.6763,11.8422,11.621,11.8422,5.13973,97855,0,0
2001-10-10,11.8698,12.0136,11.8035,12.0025,5.20931,150491,0,0
2001-10-11,12.008,12.1462,11.8311,11.9527,5.18772,247442,0,0
2001-10-12,11.8864,12.0467,11.7205,11.8975,5.16372,407339,0,0
2001-10-15,12.0246,12.0246,11.8919,11.914,5.17092,97855,0,0
2001-10-16,12.0246,12.0744,11.8201,11.8698,5.15173,451112,0,0
2001-10-17,11.8477,11.8975,11.621,11.7095,5.08214,123179,0,0
2001-10-18,11.621,11.8643,11.4662,11.5326,5.00536,77597,0,0
2001-10-19,11.5381,11.6653,11.3888,11.61,5.03895,98941,0,0
2001-10-22,11.5436,11.6929,11.5436,11.6376,5.05095,97855,0,0
2001-10-23,11.5768,11.6929,11.5547,11.6487,5.05575,130775,0,0
2001-10-24,11.5547,11.7924,11.5105,11.5547,5.01496,124445,0,0
2001-10-25,11.527,11.9693,11.4662,11.9693,5.19492,65116,0,0
2001-10-26,11.914,12.2181,11.914,12.1352,5.2669,364471,0,0
2001-10-29,12.2458,12.2458,11.8366,11.8975,5.16372,79406,0,0
2001-10-30,11.8311,12.0578,11.7758,12.0578,5.23331,73075,0,0
2001-10-31,12.1573,12.1573,11.8588,12.1186,5.25971,176176,0,0
2001-11-01,12.0025,12.2015,11.8919,12.1628,5.2789,178527,0,0
2001-11-02,12.1352,12.1628,12.0025,12.0467,5.22851,103282,0,0
2001-11-05,11.997,12.1186,11.9417,12.0412,5.22611,330104,0,0
2001-11-06,12.0799,12.1075,11.9472,12.102,5.2525,365375,0,0
2001-11-07,12.1075,12.1628,12.0025,12.0136,5.21411,198786,0,0
2001-11-08,12.1075,12.1075,11.9914,11.997,5.20692,165866,0,0
2001-11-09,11.9417,11.9859,11.914,11.9306,5.17812,119199,0,0
2001-11-12,11.8975,11.9362,11.7758,11.8753,5.15413,46848,0,0
2001-11-13,11.9362,11.997,11.7648,11.9859,5.20212,253411,0,0
2001-11-14,11.9804,11.9804,11.8145,11.8975,5.16372,87545,0,0
2001-11-15,11.9527,11.9527,11.7979,11.8311,5.13493,361215,0,0
2001-11-16,11.8643,11.914,11.7979,11.8366,5.13733,148321,0,0
2001-11-19,11.8035,11.8864,11.7869,11.8256,5.13253,98941,0,0
2001-11-20,11.9527,11.9527,11.7648,11.7648,5.10614,115039,0,0
2001-11-21,11.7648,12.0246,11.7537,11.9527,5.18772,146693,0,0
2001-11-23,11.8256,12.0025,11.8035,11.997,5.20692,33463,0,0
2001-11-26,12.0025,12.0025,11.7924,11.9417,5.18292,147959,0,0
2001-11-27,11.8588,11.9417,11.7869,11.8698,5.15173,179613,0,0
2001-11-28,11.9196,11.9196,11.7371,11.7371,5.09414,57339,0,0
2001-11-29,11.7979,12.008,11.7371,11.9914,5.20451,113773,0,0
2001-11-30,11.8366,12.1352,11.8035,11.8256,5.13253,253050,0,0
2001-12-03,11.8311,11.9527,11.7814,11.9251,5.17572,89173,0,0
2001-12-04,11.8311,12.0523,11.8311,12.0357,5.22371,70543,0,0
2001-12-05,12.0357,12.1794,11.9417,12.1628,5.2789,527081,0,0
2001-12-06,12.1573,12.1849,11.997,12.1407,5.2693,360130,0,0
2001-12-07,12.1407,12.1905,12.0744,12.1241,5.26211,247442,0,0
2001-12-10,12.1518,12.2126,12.0799,12.1075,5.2549,270233,0,0
2001-12-11,12.0246,12.1131,11.9362,12.0744,5.24051,52636,0,0
2001-12-12,12.0633,12.1794,12.0246,12.1186,5.25971,100388,0,0
2001-12-13,12.1628,12.1628,11.914,11.9749,5.19731,128967,0,0
2001-12-14,11.997,12.1573,11.8864,12.1352,5.2669,78682,0,0
2001-12-17,12.0523,12.1849,12.0523,12.1573,5.2765,106176,0,0
2001-12-18,12.1628,12.301,12.0412,12.1628,5.2789,289587,0,0
2001-12-19,12.0246,12.1628,12.0246,12.1241,5.30308,106538,0.093986,0
2001-12-20,11.9914,12.0357,11.8975,11.914,5.21119,123359,0,0
2001-12-21,11.9583,11.9693,11.7205,11.7924,5.15799,179432,0,0
2001-12-24,11.7924,11.8201,11.7261,11.7703,5.14832,106176,0,0
2001-12-26,11.8201,11.8864,11.61,11.7758,5.15074,81757,0,0
2001-12-27,11.7427,12.0025,11.6708,11.9693,5.23537,147959,0,0
2001-12-28,11.9085,12.0523,11.8366,12.0412,5.26681,172739,0,0
2001-12-31,12.0357,12.091,11.8311,12.0688,5.2789,122093,0,0
2002-01-02,11.9362,12.0744,11.6929,11.7482,5.13865,174548,0,0
2002-01-03,11.7758,12.2181,11.7482,12.1794,5.32726,268967,0,0
2002-01-04,12.1297,12.2181,12.0688,12.2126,5.34177,230078,0,0
2002-01-07,12.1849,12.29,12.1186,12.1352,5.30792,151396,0,0
2002-01-08,12.1352,12.2402,12.0467,12.0578,5.27406,432301,0,0
2002-01-09,12.0301,12.1352,11.9085,11.914,5.21119,161163,0,0
2002-01-10,12.1352,12.1352,11.9749,11.9859,5.24263,134393,0,0
2002-01-11,12.0688,12.1186,11.9693,12.0191,5.25714,91163,0,0
2002-01-14,12.0523,12.1518,11.9859,11.997,5.24746,284523,0,0
2002-01-15,12.1352,12.3729,12.0744,12.29,5.37563,164057,0,0
2002-01-16,12.3342,12.5222,12.2181,12.3176,5.38772,127520,0,0
2002-01-17,12.3342,12.4393,12.3176,12.4393,5.44092,106357,0,0
2002-01-18,12.4393,12.5885,12.4006,12.5111,5.47235,77597,0,0
2002-01-22,12.4448,12.6051,12.4393,12.5554,5.4917,209639,0,0
2002-01-23,12.5222,12.6051,12.5167,12.583,5.50379,204212,0,0
2002-01-24,12.6383,12.6383,12.5222,12.5775,5.50137,230440,0,0
2002-01-25,12.5498,12.5775,12.5167,12.5609,5.49412,87003,0,0
2002-01-28,12.5719,12.6272,12.4835,12.6272,5.52313,112688,0,0
2002-01-29,12.6051,12.6328,12.4448,12.4724,5.45543,293928,0,0
2002-01-30,12.4724,12.4724,12.4116,12.4724,5.45543,239665,0,0
2002-01-31,12.4669,12.6936,12.4448,12.6659,5.54006,235685,0,0
2002-02-01,12.6604,12.6604,12.4448,12.6162,5.5183,168760,0,0
2002-02-04,12.5222,12.6438,12.5222,12.5609,5.49412,329019,0,0
2002-02-05,12.5222,12.5775,12.4503,12.5443,5.48686,135297,0,0
2002-02-06,12.5775,12.5775,12.4393,12.4669,5.45301,172920,0,0
2002-02-07,12.4669,12.5388,12.4393,12.4393,5.44092,162610,0,0
2002-02-08,12.4393,12.5775,12.4393,12.5609,5.49412,78321,0,0
2002-02-11,12.4945,12.6604,12.478,12.6106,5.51588,73256,0,0
2002-02-12,12.6604,12.6604,12.5222,12.5277,5.47961,122093,0,0
2002-02-13,12.5332,12.6604,12.5222,12.6604,5.53764,109613,0,0
2002-02-14,12.5332,12.6604,12.5332,12.6272,5.52313,55892,0,0
2002-02-15,12.6549,12.8152,12.4945,12.7433,5.57392,296461,0,0
2002-02-19,12.583,12.6991,12.5222,12.6217,5.52072,179975,0,0
2002-02-20,12.5664,12.6825,12.5609,12.6715,5.54248,48656,0,0
2002-02-21,12.6217,12.771,12.5775,12.5941,5.50863,222843,0,0
2002-02-22,12.583,12.7433,12.5222,12.7102,5.55941,93514,0,0
2002-02-25,12.6162,12.771,12.6162,12.7157,5.56183,95866,0,0
2002-02-26,12.6825,12.8705,12.6106,12.7654,5.58359,72171,0,0
2002-02-27,12.7157,12.9368,12.6549,12.9368,5.65855,171654,0,0
2002-02-28,12.9534,12.9589,12.8207,12.8815,5.63437,156822,0,0
2002-03-01,12.9258,12.9589,12.782,12.9534,5.66581,161706,0,0
2002-03-04,12.9645,13.2188,12.8318,13.2188,5.78188,165504,0,0
2002-03-05,13.2188,13.263,13.0363,13.2077,5.77705,100026,0,0
2002-03-06,13.2022,13.263,13.1137,13.263,5.80123,184496,0,0
2002-03-07,13.2243,13.4786,13.0585,13.3957,5.85926,386900,0,0
2002-03-08,13.462,13.6445,13.1856,13.2907,5.81332,171111,0,0
2002-03-11,13.4897,13.4897,13.1856,13.2685,5.80365,127339,0,0
2002-03-12,13.2298,13.263,12.8207,13.252,5.79639,182326,0,0
2002-03-13,12.9368,13.2409,12.9368,13.1967,5.81344,76331,0.093986,0
2002-03-14,13.2022,13.3238,13.158,13.3128,5.86458,95685,0,0
2002-03-15,13.1635,13.4786,13.1635,13.3625,5.8865,100388,0,0
2002-03-18,13.3791,13.6777,13.2685,13.5947,5.98879,212533,0,0
2002-03-19,13.4178,13.8712,13.4068,13.8214,6.08865,425246,0,0
2002-03-20,13.8435,13.8988,13.6887,13.6887,6.03019,547159,0,0
2002-03-21,13.7385,13.7385,13.5726,13.6113,5.9961,197701,0,0
2002-03-22,13.7219,13.9154,13.5837,13.8712,6.11056,457081,0,0
2002-03-25,13.8048,13.8435,13.7164,13.7495,6.05699,227365,0,0
2002-03-26,13.8103,13.849,13.6942,13.849,6.10082,186848,0,0
2002-03-27,13.8435,13.9873,13.7661,13.9375,6.13979,257029,0,0
2002-03-28,13.9541,13.9873,13.7993,13.8435,6.09839,123721,0,0
2002-04-01,13.7716,13.9817,13.6555,13.7938,6.07647,127339,0,0
2002-04-02,13.8214,13.8214,13.6555,13.744,6.05455,96047,0,0
2002-04-03,13.8435,13.8435,13.5339,13.6279,6.0034,86641,0,0
2002-04-04,13.6334,13.6721,13.462,13.5173,5.9547,90439,0,0
2002-04-05,13.462,13.6224,13.462,13.5118,5.95226,184316,0,0
2002-04-08,13.6003,13.6003,13.3515,13.5007,5.94739,333902,0,0
2002-04-09,13.5118,13.7108,13.4068,13.65,6.01315,181241,0,0
2002-04-10,13.7053,13.849,13.6279,13.8214,6.08865,153566,0,0
2002-04-11,13.6279,13.932,13.6279,13.7661,6.06429,90801,0,0
2002-04-12,13.8325,13.8601,13.5892,13.8103,6.08378,210000,0,0
2002-04-15,13.8214,13.9541,13.6445,13.9209,6.13249,297546,0,0
2002-04-16,13.932,13.9541,13.6832,13.8214,6.08865,293566,0,0
2002-04-17,13.8214,13.8214,13.6777,13.7716,6.06673,217959,0,0
2002-04-18,13.7938,13.932,13.6611,13.7827,6.0716,111421,0,0
2002-04-19,13.8712,13.8988,13.6998,13.8325,6.09352,141266,0,0
2002-04-22,13.8214,13.8988,13.6003,13.7164,6.04237,198243,0,0
2002-04-23,13.7716,13.8214,13.4565,13.639,6.00828,160259,0,0
2002-04-24,13.6003,13.9043,13.5837,13.8159,6.08621,141447,0,0
2002-04-25,13.7164,13.8767,13.6224,13.7716,6.06673,105452,0,0
2002-04-26,13.8435,13.8767,13.6611,13.6777,6.02533,71266,0,0
2002-04-29,13.7606,13.849,13.6666,13.7661,6.06429,97855,0,0
2002-04-30,13.6998,13.8214,13.545,13.6445,6.01071,555117,0,0
2002-05-01,13.6555,13.9596,13.6334,13.8601,6.1057,160259,0,0
2002-05-02,13.9541,14.0591,13.8712,13.9817,6.15928,156098,0,0
2002-05-03,13.932,14.0812,13.932,14.0204,6.17633,104548,0,0
2002-05-06,14.0481,14.0647,13.8933,13.8933,6.12031,91344,0,0
2002-05-07,14.0149,14.0149,13.8933,13.8988,6.12274,117210,0,0
2002-05-08,13.8988,14.0149,13.6832,13.7716,6.06673,109251,0,0
2002-05-09,13.8435,13.932,13.6279,13.7606,6.06186,102920,0,0
2002-05-10,13.9209,13.932,13.7606,13.8214,6.08865,182326,0,0
2002-05-13,13.849,13.9043,13.5726,13.6224,6.00097,92429,0,0
2002-05-14,13.7108,13.9762,13.6168,13.9154,6.13005,125349,0,0
2002-05-15,13.9651,14.0425,13.7716,13.9651,6.15197,114677,0,0
2002-05-16,13.8656,13.9873,13.8269,13.8767,6.113,98579,0,0
2002-05-17,13.9707,14.0536,13.8546,13.943,6.14223,149225,0,0
2002-05-20,13.8269,14.0094,13.7274,13.7606,6.06186,78863,0,0
2002-05-21,13.9873,13.9873,13.6486,13.6555,6.01558,102739,0,1.25
2002-05-22,13.6832,13.6832,13.3031,13.4759,5.93643,189706,0,0
2002-05-23,13.4759,13.6279,13.3377,13.5381,5.96383,138915,0,0
2002-05-24,13.4966,13.6417,13.4897,13.5035,5.94861,125602,0,0
2002-05-28,13.5035,13.6486,13.2685,13.2685,5.8451,181892,0,0
2002-05-29,13.2685,13.4413,13.1994,13.2202,5.82379,166987,0,0
2002-05-30,13.2755,13.386,13.1649,13.2547,5.83901,190574,0,0
2002-05-31,13.3031,13.5795,13.2824,13.4413,5.92121,288104,0,0
2002-06-03,13.5035,13.5035,13.2685,13.2685,5.8451,157437,0,0
2002-06-04,13.3446,13.3998,13.1372,13.2063,5.8177,118367,0,0
2002-06-05,13.2409,13.3377,13.1303,13.2755,5.84814,75824,0,0
2002-06-06,13.3446,13.3446,13.0681,13.0681,5.75682,88703,0,0
2002-06-07,13.0474,13.2616,12.9368,13.1787,5.80552,61065,0,0
2002-06-10,13.3307,13.3307,13.0405,13.0681,5.75682,125024,0,0
2002-06-11,13.1303,13.2685,13.0612,13.0681,5.75682,212714,0,0
2002-06-12,13.0681,13.0958,12.7226,12.7917,5.68616,124734,0.117482,0
2002-06-13,12.7848,12.9161,12.6604,12.7157,5.65237,97675,0,0
2002-06-14,12.7157,12.9921,12.6466,12.8677,5.71995,136600,0,0
2002-06-17,12.9921,13.31,12.6466,13.31,5.91656,145427,0,0
2002-06-18,13.2824,13.386,12.5982,13.2685,5.89813,142533,0,0
2002-06-19,13.3031,13.4068,13.234,13.2893,5.90734,131535,0,0
2002-06-20,13.2893,13.2893,13.1303,13.2271,5.87969,172776,0,0
2002-06-21,13.2409,13.2409,13.0889,13.1856,5.86126,214739,0,0
2002-06-24,13.1442,13.3169,12.9714,13.2409,5.88584,281013,0,0
2002-06-25,13.2547,13.3515,13.0267,13.0336,5.79368,179432,0,0
2002-06-26,13.1303,13.1303,12.7848,13.0129,5.78446,115907,0,0
2002-06-27,13.0267,13.3031,12.9921,13.3031,5.91348,336869,0,0
2002-06-28,13.2063,13.3377,13.0267,13.082,5.81518,511815,0,0
2002-07-01,13.2616,13.5104,13.1994,13.2755,5.9012,327608,0,0
2002-07-02,13.4068,13.4759,13.1856,13.2547,5.89198,331225,0,0
2002-07-03,13.3307,13.3307,12.9576,12.9714,5.76603,192600,0,0
2002-07-05,13.2478,13.386,12.9714,13.3515,5.93499,55132,0,0
2002-07-08,13.3515,13.5381,13.3515,13.4759,5.99028,146295,0,0
2002-07-09,13.3653,13.469,12.9645,12.9645,5.76296,189561,0,0
2002-07-10,13.2478,13.3031,12.8332,12.9714,5.76603,173788,0,0
2002-07-11,12.8194,13.0129,12.6189,12.7364,5.66159,254099,0,0
2002-07-12,12.9852,12.9921,12.6328,12.7364,5.66159,154977,0,0
2002-07-15,12.847,12.8885,12.2803,12.6051,5.60322,194047,0,0
2002-07-16,12.7157,12.7157,12.308,12.5429,5.57557,332094,0,0
2002-07-17,12.536,12.6328,12.3702,12.5567,5.58171,688497,0,0
2002-07-18,12.612,12.612,12.0315,12.149,5.40047,251928,0,0
2002-07-19,12.1628,12.3356,12.0177,12.2803,5.45884,264807,0,0
2002-07-22,12.2941,12.3356,11.7482,12.0177,5.3421,338605,0,0
2002-07-23,12.0937,12.1628,11.5478,11.6445,5.17622,319070,0,0
2002-07-24,11.6791,12.225,11.5823,12.1974,5.42197,593138,0,0
2002-07-25,12.225,12.4669,12.0246,12.3978,5.51106,261768,0,0
2002-07-26,12.4047,12.5084,12.2319,12.4738,5.54485,122419,0,0
2002-07-29,12.5775,13.0059,12.4738,12.9507,5.75682,196941,0,0
2002-07-30,12.7917,13.0267,12.7502,12.8885,5.72917,243391,0,0
2002-07-31,12.7572,13.1994,12.688,13.1511,5.8459,427742,0,0
2002-08-01,13.1234,13.1234,12.7226,12.8885,5.72917,146729,0,0
2002-08-02,13.1303,13.1303,12.6535,12.8124,5.69538,224145,0,0
2002-08-05,12.9161,12.9161,12.5084,12.5429,5.57557,288538,0,0
2002-08-06,12.7157,12.8885,12.6189,12.7088,5.6493,434399,0,0
2002-08-07,12.8885,12.8885,12.7157,12.7779,5.68002,150491,0,0
2002-08-08,12.8539,13.0612,12.7157,12.8539,5.71381,151794,0,0
2002-08-09,12.7364,12.9921,12.7295,12.9437,5.75375,169881,0,0
2002-08-12,12.7848,12.9437,12.5844,12.9368,5.75067,131390,0,0
2002-08-13,12.8332,12.923,12.7848,12.7917,5.68616,166264,0,0
2002-08-14,12.7986,12.9921,12.5084,12.9852,5.77218,194915,0,0
2002-08-15,13.0198,13.0267,12.847,12.9507,5.75682,138047,0,0
2002-08-16,12.8954,12.9576,12.7848,12.8885,5.72917,108672,0,0
2002-08-19,12.9092,13.0958,12.7917,13.0543,5.8029,157148,0,0
2002-08-20,12.9161,13.1649,12.8885,13.1096,5.82747,260032,0,0
2002-08-21,13.1649,13.1925,12.9921,13.1234,5.83362,148610,0,0
2002-08-22,13.1303,13.2202,13.0267,13.1649,5.85204,117354,0,0
2002-08-23,13.1925,13.1994,12.9921,12.9921,5.77525,41819,0,0
2002-08-26,12.999,13.1649,12.8885,13.158,5.84897,59328,0,0
2002-08-27,12.9921,13.1649,12.8954,12.9921,5.77525,71628,0,0
2002-08-28,12.8885,12.999,12.771,12.771,5.67695,200993,0,0
2002-08-29,12.771,13.1442,12.5084,13.1027,5.8244,194192,0,0
2002-08-30,12.9437,13.1096,12.923,12.923,5.74453,120972,0,0
2002-09-03,12.8263,12.9023,12.5775,12.7433,5.66466,111856,0,0
2002-09-04,12.923,12.9507,12.5429,12.9092,5.73838,102305,0,0
2002-09-05,12.8885,13.0129,12.8263,12.9299,5.7476,159029,0,0
2002-09-06,12.9921,13.082,12.9299,13.0543,5.8029,55711,0,0
2002-09-09,13.0543,13.2271,12.9368,13.1994,5.8674,134863,0,0
2002-09-10,13.1372,13.1718,12.7157,12.7848,5.68309,158450,0,0
2002-09-11,12.7502,12.8885,12.7157,12.7641,5.67388,77416,0,0
2002-09-12,12.7848,12.7986,12.4669,12.5913,5.59708,357996,0,0
2002-09-13,12.5084,12.8124,12.5084,12.8124,5.69538,238615,0,0
2002-09-16,12.8194,12.8815,12.7157,12.8401,5.70766,326595,0,0
2002-09-17,12.8815,12.8885,12.6604,12.6742,5.63394,176683,0,0
2002-09-18,12.5913,12.7157,12.4393,12.5291,5.61536,563474,0.103661,0
2002-09-19,12.5084,12.6258,12.4738,12.4738,5.59058,626854,0,0
2002-09-20,12.4531,12.7641,12.4531,12.7572,5.71756,217489,0,0
2002-09-23,12.695,12.7019,12.4669,12.612,5.65252,499515,0,0
2002-09-24,12.5015,12.6397,12.4254,12.4462,5.57819,688497,0,0
2002-09-25,12.5775,12.999,12.4462,12.9368,5.79809,373913,0,0
2002-09-26,12.9576,13.1511,12.923,13.1372,5.88791,253520,0,0
2002-09-27,13.0405,13.1511,12.9507,12.9921,5.82287,287959,0,0
2002-09-30,12.9645,12.9921,12.771,12.9921,5.82287,350471,0,0
2002-10-01,12.9437,13.2133,12.7986,13.1096,5.87553,325727,0,0
2002-10-02,13.0267,13.158,12.771,12.771,5.72376,191442,0,0
2002-10-03,12.9645,12.9645,12.5084,12.5567,5.62774,238760,0,0
2002-10-04,12.5084,12.5637,12.1628,12.2941,5.51005,429334,0,0
2002-10-07,12.1974,12.2872,11.921,11.9279,5.34589,270595,0,0
2002-10-08,11.9279,12.4669,11.921,12.2734,5.50075,243680,0,0
2002-10-09,12.0937,12.2665,11.8242,11.8311,5.30253,190574,0,0
2002-10-10,11.8933,12.301,11.8519,12.2872,5.50695,226026,0,0
2002-10-11,12.3356,12.7848,12.308,12.5222,5.61226,461169,0,0
2002-10-14,12.5982,12.6535,12.4393,12.5084,5.60606,158016,0,0
2002-10-15,12.6466,13.0267,12.6397,12.8746,5.77022,550451,0,0
2002-10-16,12.7572,13.0543,12.5775,12.6466,5.66801,252218,0,0
2002-10-17,12.7157,12.847,12.6535,12.7088,5.69588,256559,0,0
2002-10-18,12.7157,12.847,12.6811,12.7226,5.70208,508776,0,0
2002-10-21,12.7019,12.8194,12.5982,12.8124,5.74234,780963,0,0
2002-10-22,12.7502,12.7848,12.6328,12.6397,5.66491,272042,0,0
2002-10-23,12.7502,12.7779,12.5291,12.771,5.72376,162212,0,0
2002-10-24,12.6811,12.8954,12.5084,12.536,5.61845,202295,0,0
2002-10-25,12.5844,12.8539,12.5153,12.7019,5.69279,487939,0,0
2002-10-28,12.7502,12.8194,12.6466,12.7019,5.69279,207215,0,0
2002-10-29,12.6604,12.7157,12.4531,12.5291,5.61536,160331,0,0
2002-10-30,12.4738,12.6673,12.4738,12.6397,5.66491,206636,0,0
2002-10-31,12.6397,12.6466,12.5084,12.5637,5.63084,279132,0,0
2002-11-01,12.5706,12.771,12.4393,12.7088,5.69588,391567,0,0
2002-11-04,12.7226,12.8401,12.612,12.6397,5.66491,142677,0,0
2002-11-05,12.612,12.7226,12.5084,12.6189,5.65562,213292,0,0
2002-11-06,12.7088,12.7779,12.384,12.4807,5.59368,175380,0,0
2002-11-07,12.4393,12.4462,12.0661,12.0937,5.42023,309375,0,0
2002-11-08,12.2319,12.2734,11.9348,12.0937,5.42023,291432,0,0
2002-11-11,12.1352,12.2043,11.8933,11.9002,5.3335,166409,0,0
2002-11-12,12.0108,12.1905,11.9555,12.0661,5.40784,269437,0,0
2002-11-13,12.0661,12.1974,11.7827,12.0592,5.40474,445396,0,0
2002-11-14,12.1006,12.225,12.0799,12.1283,5.43571,642627,0,0
2002-11-15,12.0592,12.073,11.8173,11.8449,5.30873,476797,0,0
2002-11-18,11.8104,12.0937,11.6929,11.7067,5.24678,952725,0,0
2002-11-19,11.7482,11.9901,11.7482,11.7827,5.28085,458564,0,0
2002-11-20,11.8519,12.0592,11.7897,11.997,5.37686,150057,0,0
2002-11-21,12.0108,12.0592,11.914,11.9832,5.37067,285355,0,0
2002-11-22,12.0246,12.1767,11.997,12.0315,5.39235,394750,0,0
2002-11-25,12.0799,12.1628,11.9555,12.0108,5.38306,249468,0,0
2002-11-26,12.0108,12.0868,11.9624,12.0384,5.39545,169158,0,0
2002-11-27,12.0177,12.3771,12.0177,12.2319,5.48217,147452,0,0
2002-11-29,12.2596,12.2872,12.1006,12.1767,5.45739,61354,0,0
2002-12-02,12.1352,12.3149,12.1352,12.1767,5.45739,146440,0,0
2002-12-03,12.1352,12.1836,11.9762,11.9901,5.37377,160331,0,0
2002-12-04,12.0937,12.0937,11.8933,11.9832,5.37067,155411,0,0
2002-12-05,12.3149,12.3149,11.9071,11.9348,5.34899,231236,0,0
2002-12-06,11.9486,12.0315,11.921,12.0246,5.38926,168000,0,0
2002-12-09,12.0384,12.0937,11.9071,11.9555,5.35828,170026,0,0
2002-12-10,11.9555,12.1145,11.9555,12.0937,5.42023,184062,0,0
2002-12-11,12.0937,12.1974,12.0177,12.1559,5.4481,102884,0,0
2002-12-12,12.1352,12.2112,12.0799,12.1974,5.46669,390554,0,0
2002-12-13,12.1974,12.2043,12.0384,12.0937,5.42023,216186,0,0
2002-12-16,12.0661,12.3356,11.9901,12.301,5.51314,225882,0,0
2002-12-17,12.2734,12.3771,12.2043,12.2872,5.50695,146729,0,0
2002-12-18,12.2389,12.3356,12.1283,12.149,5.445,144993,0,0
2002-12-19,12.2665,12.2665,11.8933,11.9279,5.3919,260176,0.103661,0
2002-12-20,11.921,12.225,11.8933,12.1628,5.49811,199980,0,0
2002-12-23,12.149,12.2458,12.073,12.1559,5.49499,118801,0,0
2002-12-24,12.1628,12.2596,12.0661,12.1145,5.47625,71049,0,0
2002-12-26,12.0592,12.2665,12.0592,12.1283,5.48249,190719,0,0
2002-12-27,12.0937,12.1628,12.0799,12.0937,5.46687,197809,0,0
2002-12-30,12.0799,12.1974,12.0592,12.1974,5.51373,271318,0,0
2002-12-31,12.1628,12.2941,12.0937,12.2043,5.51685,173065,0,0
2003-01-02,12.301,12.3702,12.1075,12.3702,5.59183,257861,0,0
2003-01-03,12.3909,12.4254,12.2527,12.3563,5.58558,124300,0,0
2003-01-06,12.301,12.6673,12.301,12.6189,5.70429,150781,0,0
2003-01-07,12.5982,12.6742,12.5084,12.5429,5.66993,241365,0,0
2003-01-08,12.5567,12.5913,12.4669,12.5567,5.67617,211701,0,0
2003-01-09,12.5982,12.7226,12.5982,12.688,5.73553,211701,0,0
2003-01-10,12.7157,12.9092,12.6535,12.8885,5.82612,607464,0,0
2003-01-13,12.9092,13.0543,12.8608,13.0543,5.9011,425717,0,0
2003-01-14,13.0612,13.1303,12.9645,13.0681,5.90735,247876,0,0
2003-01-15,13.075,13.1303,12.8677,12.8815,5.823,256414,0,0
2003-01-16,12.9299,13.0958,12.8401,12.923,5.84174,379556,0,0
2003-01-17,12.9161,13.0198,12.8677,13.0059,5.87923,221106,0,0
2003-01-21,13.0129,13.0543,12.8263,12.8263,5.79801,808746,0,0
2003-01-22,12.8194,12.8539,12.5222,12.7641,5.7699,479980,0,0
2003-01-23,12.7502,12.8194,12.6397,12.6535,5.71991,400972,0,0
2003-01-24,12.6258,12.688,12.4047,12.5429,5.66993,299535,0,0
2003-01-27,12.4669,12.5498,12.3632,12.4393,5.62307,285789,0,0
2003-01-28,12.4531,12.5222,12.4254,12.5084,5.65431,255980,0,0
2003-01-29,12.4738,12.7157,12.4047,12.6673,5.72616,180300,0,0
2003-01-30,12.6466,12.7572,12.4876,12.5982,5.69492,309086,0,0
2003-01-31,12.5498,12.8055,12.5498,12.7986,5.78551,225737,0,0
2003-02-03,12.7226,12.7917,12.6466,12.7157,5.74802,199401,0,0
2003-02-04,12.6466,12.7019,12.5706,12.612,5.70117,118222,0,0
2003-02-05,12.6811,12.7019,12.4876,12.5015,5.65118,140362,0,0
2003-02-06,12.5291,12.5775,12.4669,12.536,5.6668,171329,0,0
2003-02-07,12.5498,12.612,12.384,12.4047,5.60745,79153,0,0
2003-02-10,12.4324,12.4738,12.3563,12.4393,5.62307,396776,0,0
2003-02-11,12.4047,12.4876,12.2734,12.3149,5.56684,359443,0,0
2003-02-12,12.3149,12.4047,12.2319,12.2527,5.53872,290998,0,0
2003-02-13,12.2319,12.3702,12.2319,12.3356,5.57621,234998,0,0
2003-02-14,12.3494,12.4807,12.3149,12.3978,5.60432,100279,0,0
2003-02-18,12.4738,12.6051,12.4047,12.5015,5.65118,315598,0,0
2003-02-19,12.5429,12.5429,12.3771,12.4185,5.6137,155701,0,0
2003-02-20,12.4047,12.46,12.3702,12.3771,5.59495,168145,0,0
2003-02-21,12.4254,12.612,12.3425,12.612,5.70117,255256,0,0
2003-02-24,12.612,12.612,12.3909,12.4531,5.62932,137757,0,0
2003-02-25,12.4462,12.5637,12.2665,12.5222,5.66055,240931,0,0
2003-02-26,12.5567,12.5567,12.4393,12.4669,5.63556,89282,0,0
2003-02-27,12.4669,12.695,12.4669,12.612,5.70117,93768,0,0
2003-02-28,12.6811,12.7364,12.5844,12.6742,5.72928,111711,0,0
2003-03-03,12.7088,12.7848,12.5291,12.5498,5.67305,103463,0,0
2003-03-04,12.5222,12.5775,12.4876,12.5015,5.65118,117065,0,0
2003-03-05,12.4807,12.6811,12.4807,12.6535,5.71991,322109,0,0
2003-03-06,12.6051,12.6535,12.536,12.5844,5.68867,397934,0,0
2003-03-07,12.5775,12.6604,12.5153,12.6535,5.71991,129220,0,0
2003-03-10,12.5775,12.688,12.5153,12.5429,5.66993,486492,0,0
2003-03-11,12.5153,12.5775,12.4462,12.4807,5.64181,325727,0,0
2003-03-12,12.4462,12.4531,12.3356,12.4185,5.6137,199980,0,0
2003-03-13,12.4047,12.6397,12.4047,12.6328,5.71054,313861,0,0
2003-03-14,12.6051,12.7157,12.6051,12.7019,5.74178,365810,0,0
2003-03-17,12.6742,13.0267,12.6258,13.0267,5.8886,266254,0,0
2003-03-18,13.0267,13.1234,12.9437,13.0474,5.89798,209385,0,0
2003-03-19,12.8885,13.1234,12.8746,13.0889,5.9641,156569,0.103661,0
2003-03-20,12.9921,13.1234,12.9437,13.0474,5.94521,228342,0,0
2003-03-21,13.1372,13.1994,12.9921,13.1925,6.01134,343815,0,0
2003-03-24,13.1303,13.1303,12.8746,12.9092,5.88223,155556,0,0
2003-03-25,12.999,13.1027,12.9576,13.0681,5.95466,143835,0,0
2003-03-26,13.0958,13.0958,12.9507,12.9576,5.90427,112290,0,0
2003-03-27,12.923,12.9437,12.7986,12.7986,5.83185,95070,0,0
2003-03-28,12.8124,13.0267,12.7502,13.0129,5.92947,412838,0,0
2003-03-31,12.9576,13.0543,12.8815,12.9921,5.92002,385634,0,0
2003-04-01,13.0198,13.0958,12.9576,13.0958,5.96725,404301,0,0
2003-04-02,13.0681,13.2893,13.0681,13.234,6.03023,164238,0,0
2003-04-03,13.2685,13.2685,12.999,13.1096,5.97355,253954,0,0
2003-04-04,13.1303,13.4137,13.1096,13.3031,6.06172,258584,0,0
2003-04-07,13.3377,13.545,13.2133,13.2478,6.03653,314440,0,0
2003-04-08,13.234,13.2824,13.158,13.2202,6.02393,464208,0,0
2003-04-09,13.2202,13.462,13.1856,13.2824,6.05227,420363,0,0
2003-04-10,13.2824,13.4413,13.234,13.2962,6.05857,257716,0,0
2003-04-11,13.3722,13.5795,13.3722,13.4137,6.1121,133127,0,0
2003-04-14,13.4413,13.6832,13.4206,13.6279,6.20972,104910,0,0
2003-04-15,13.6832,13.849,13.6348,13.8145,6.29474,313427,0,0
2003-04-16,13.9112,13.9458,13.7385,13.7523,6.2664,256125,0,0
2003-04-17,13.7247,13.9942,13.7177,13.9942,6.37662,192310,0,0
2003-04-21,14.0287,14.084,13.7661,13.7938,6.2853,407629,0,0
2003-04-22,13.8145,14.0633,13.8076,14.0356,6.39551,346419,0,0
2003-04-23,14.0633,14.3397,14.0011,14.3259,6.52776,318492,0,0
2003-04-24,14.3328,14.4019,14.2015,14.3052,6.51832,334120,0,0
2003-04-25,14.3397,14.4157,14.236,14.3535,6.54036,186522,0,0
2003-04-28,14.1497,14.6358,14.1497,14.527,6.6194,321654,0,1.05
2003-04-29,14.527,14.527,14.3383,14.4544,6.58634,177640,0,0
2003-04-30,14.4399,14.5125,14.3311,14.4472,6.58303,199690,0,0
2003-05-01,14.5052,14.5125,14.2512,14.2585,6.49706,286788,0,0
2003-05-02,14.3238,14.585,14.244,14.5778,6.64254,308287,0,0
2003-05-05,14.5488,14.5488,14.4834,14.5125,6.61278,304566,0,0
2003-05-06,14.5125,14.7011,14.4834,14.6358,6.66899,97847,0,0
2003-05-07,14.6431,14.6649,14.5342,14.6576,6.67891,106667,0,0
2003-05-08,14.556,14.6213,14.5125,14.527,6.6194,93023,0,0
2003-05-09,14.5488,14.6794,14.5488,14.6431,6.6723,94677,0,0
2003-05-12,14.6576,14.7882,14.585,14.7229,6.70867,90956,0,0
2003-05-13,14.781,14.8317,14.6649,14.6939,6.69544,100879,0,0
2003-05-14,14.7664,14.7955,14.6794,14.7592,6.7252,154763,0,0
2003-05-15,14.8608,14.868,14.6939,14.7592,6.7252,231112,0,0
2003-05-16,14.6721,14.7156,14.4399,14.7011,6.69876,512663,0,0
2003-05-19,14.5052,14.5705,14.4181,14.5488,6.62932,490337,0,0
2003-05-20,14.5488,14.585,14.4472,14.527,6.6194,179156,0,0
2003-05-21,14.5197,14.5705,14.4907,14.5488,6.62932,100465,0,0
2003-05-22,14.5488,14.5488,14.4472,14.4907,6.60287,231663,0,0
2003-05-23,14.5125,14.6213,14.4762,14.527,6.6194,288579,0,0
2003-05-27,14.5125,14.6503,14.4544,14.6358,6.66899,394419,0,0
2003-05-28,14.6721,14.7737,14.6286,14.6576,6.67891,182050,0,0
2003-05-29,14.7084,14.8027,14.6141,14.7374,6.71528,153110,0,0
2003-05-30,14.7302,14.9696,14.7302,14.9406,6.80786,412059,0,0
2003-06-02,14.9769,15.0567,14.7156,14.9333,6.80456,178329,0,0
2003-06-03,14.9116,14.9406,14.839,14.9333,6.80456,159173,0,0
2003-06-04,14.8753,15.1365,14.8753,14.9116,6.79464,368373,0,0
2003-06-05,14.9116,15.1583,14.8027,15.0712,6.86738,383808,0,0
2003-06-06,15.093,15.2381,14.8971,14.8971,6.78802,186874,0,0
2003-06-09,14.9624,14.9624,14.6503,14.7664,6.72851,289544,0,0
2003-06-10,14.4762,14.7664,14.3673,14.7592,6.7252,395522,0,0
2003-06-11,14.6794,14.6939,14.4834,14.6649,6.68222,323446,0,0
2003-06-12,14.6866,14.6939,14.5705,14.6431,6.6723,93437,0,0
2003-06-13,14.6794,14.6794,14.4544,14.4834,6.59956,130371,0,0
2003-06-16,14.4762,14.6939,14.4399,14.6939,6.69544,132024,0,0
2003-06-17,14.6794,14.7374,14.4399,14.5923,6.64916,157382,0,0
2003-06-18,14.585,14.6213,14.4762,14.6141,6.65907,140569,0,0
2003-06-19,14.5125,14.5488,14.244,14.2803,6.55909,162894,0.1161,0
2003-06-20,14.5125,14.5125,14.2803,14.4327,6.62908,163170,0,0
2003-06-23,14.2948,14.4399,14.2367,14.3456,6.58908,220362,0,0
2003-06-24,14.4472,14.4617,14.3093,14.3746,6.60242,207821,0,0
2003-06-25,14.3746,14.5125,14.3456,14.4399,6.63241,107218,0,0
2003-06-26,14.4036,14.5705,14.3673,14.5125,6.66574,170888,0,0
2003-06-27,14.5197,14.5705,14.4472,14.5342,6.67574,128303,0,0
2003-06-30,14.5342,14.5778,14.4036,14.4399,6.63241,176813,0,0
2003-07-01,14.4109,14.585,14.2948,14.5705,6.69241,113420,0,0
2003-07-02,14.5488,14.7592,14.5488,14.7592,6.77906,134092,0,0
2003-07-03,14.7011,14.7664,14.6431,14.7229,6.76239,46856,0,0
2003-07-07,14.6939,15.0204,14.6649,15.0204,6.89904,286650,0,0
2003-07-08,15.0204,15.0277,14.8753,15.0204,6.89904,179983,0,0
2003-07-09,15.0422,15.0422,14.839,14.9478,6.86571,187287,0,0
2003-07-10,14.9261,14.9769,14.7519,14.9769,6.87904,251232,0,0
2003-07-11,14.9769,15.0494,14.868,14.9914,6.88571,157658,0,0
2003-07-14,15.0204,15.4558,14.9478,15.4558,7.09901,202309,0,0
2003-07-15,15.5864,15.6009,15.1946,15.1946,6.97903,223256,0,0
2003-07-16,15.1873,15.2744,14.8753,15.1728,6.96903,417296,0,0
2003-07-17,15.1655,15.1946,14.7302,14.8317,6.81239,337916,0,0
2003-07-18,14.868,14.9841,14.8027,14.9696,6.87571,266667,0,0
2003-07-21,14.9551,14.9914,14.8027,14.8317,6.81239,267218,0,0
2003-07-22,14.8317,14.9188,14.7156,14.7374,6.76906,369062,0,0
2003-07-23,14.781,14.7955,14.5342,14.6213,6.71573,529200,0,0
2003-07-24,14.6431,14.6939,14.4907,14.556,6.68574,277554,0,0
2003-07-25,14.527,14.6431,14.4834,14.6141,6.7124,194591,0,0
2003-07-28,14.585,14.6286,14.4544,14.4617,6.64241,171301,0,0
2003-07-29,14.4617,14.498,14.3166,14.4109,6.61908,175160,0,0
2003-07-30,14.3673,14.4254,14.3673,14.3746,6.60242,460018,0,0
2003-07-31,14.4399,14.7156,14.4181,14.6649,6.73573,352938,0,0
2003-08-01,14.6866,14.6866,14.5488,14.6286,6.71906,309940,0,0
2003-08-04,14.6213,14.6576,14.4762,14.5705,6.69241,237175,0,0
2003-08-05,14.556,14.6358,14.527,14.6358,6.7224,394419,0,0
2003-08-06,14.6068,14.6794,14.5488,14.585,6.69907,92748,0,0
2003-08-07,14.6286,14.6286,14.5488,14.585,6.69907,187012,0,0
2003-08-08,14.556,14.6576,14.556,14.5705,6.69241,259914,0,0
2003-08-11,14.556,14.6286,14.556,14.5633,6.68907,217330,0,0
2003-08-12,14.585,14.7447,14.556,14.7302,6.76573,144979,0,0
2003-08-13,14.7664,14.8898,14.7011,14.81,6.80239,166753,0,0
2003-08-14,14.7519,14.8971,14.7519,14.8971,6.84238,109010,0,0
2003-08-15,14.7374,15.0132,14.6866,14.9406,6.86238,84341,0,0
2003-08-18,14.8753,15.0132,14.8753,14.9116,6.84905,123067,0,0
2003-08-19,14.8898,14.9769,14.7664,14.8753,6.83238,134229,0,0
2003-08-20,14.839,14.9551,14.8027,14.9478,6.86571,230698,0,0
2003-08-21,14.9478,15.0567,14.8898,14.9986,6.88904,157795,0,0
2003-08-22,15.0132,15.0204,14.7664,14.8535,6.82239,88338,0,0
2003-08-25,14.81,14.8753,14.5125,14.5995,6.70573,273144,0,0
2003-08-26,14.3238,14.4762,13.9683,14.3383,6.58575,1952114,0,0
2003-08-27,14.3673,14.4181,14.2585,14.4181,6.62242,345083,0,0
2003-08-28,14.3819,14.5488,14.2948,14.5052,6.66241,523412,0,0
2003-08-29,14.4762,14.6576,14.4762,14.6576,6.7324,611336,0,0
2003-09-02,14.6794,14.9043,14.556,14.8898,6.83905,433007,0,0
2003-09-03,14.868,14.9841,14.868,14.9406,6.86238,272593,0,0
2003-09-04,14.9696,14.9696,14.8753,14.9043,6.84571,147184,0,0
2003-09-05,14.9116,15.0422,14.8608,15.0422,6.90904,170474,0,0
2003-09-08,15.0422,15.0857,14.8608,15.0567,6.91571,234281,0,0
2003-09-09,14.9986,15.093,14.9333,15.0494,6.91237,303739,0,0
2003-09-10,15.0204,15.093,14.868,14.9406,6.86238,420328,0,0
2003-09-11,15.0059,15.0132,14.8898,14.9333,6.85905,164686,0,0
2003-09-12,14.9116,14.9478,14.8753,14.9188,6.85238,366857,0,0
2003-09-15,14.9406,15.0204,14.9043,14.9551,6.86904,183015,0,0
2003-09-16,15.0059,15.0567,14.9116,15.0349,6.90571,214436,0,0
2003-09-17,15.0059,15.0857,14.9478,14.9986,6.88904,156417,0,0
2003-09-18,14.8753,15.0059,14.8753,15.0059,6.94614,325789,0.1161,0
2003-09-19,15.0567,15.0567,14.9043,14.9986,6.94279,210853,0,0
2003-09-22,14.9188,14.9406,14.8027,14.868,6.88232,225186,0,0
2003-09-23,14.8317,14.9624,14.8317,14.8753,6.88568,368373,0,0
2003-09-24,14.9406,14.9406,14.781,14.839,6.86889,174057,0,0
2003-09-25,14.8463,14.8753,14.7156,14.7737,6.83866,644825,0,0
2003-09-26,14.781,14.781,14.6576,14.6794,6.795,215539,0,0
2003-09-29,14.6576,14.8317,14.6576,14.7882,6.84538,331715,0,0
2003-09-30,14.8172,14.8172,14.5633,14.6576,6.78492,410681,0,0
2003-10-01,14.5705,14.839,14.5633,14.839,6.86889,282102,0,0
2003-10-02,14.839,14.8463,14.6576,14.7302,6.81851,230285,0,0
2003-10-03,14.7664,14.7882,14.6939,14.7882,6.84538,150078,0,0
2003-10-06,14.7955,14.9406,14.7156,14.9043,6.89912,122929,0,0
2003-10-07,14.9116,14.9769,14.7882,14.8172,6.85881,90405,0,0
2003-10-08,14.781,14.8753,14.7592,14.8535,6.87561,140569,0,0
2003-10-09,14.8608,14.9841,14.839,14.9551,6.92263,175160,0,0
2003-10-10,14.9406,14.9624,14.7302,14.839,6.86889,196796,0,0
2003-10-13,14.7882,14.9841,14.7882,14.9841,6.93607,95228,0,0
2003-10-14,14.9841,14.9986,14.8317,14.9986,6.94279,157244,0,0
2003-10-15,15.0059,15.0059,14.7955,14.8753,6.88568,175987,0,0
2003-10-16,14.9116,14.9116,14.7737,14.7882,6.84538,185358,0,0
2003-10-17,14.8317,14.8753,14.781,14.868,6.88232,280035,0,0
2003-10-20,14.7955,14.868,14.7302,14.7664,6.8353,265289,0,0
2003-10-21,14.7955,14.8027,14.5778,14.5995,6.75805,197072,0,0
2003-10-22,14.585,14.6213,14.4399,14.4472,6.68751,178881,0,0
2003-10-23,14.4472,14.5197,14.3673,14.4181,6.67408,275763,0,0
2003-10-24,14.4036,14.527,14.3311,14.4254,6.67743,231249,0,0
2003-10-27,14.4544,14.9188,14.4544,14.7592,6.83194,209475,0,0
2003-10-28,14.7664,14.8608,14.6939,14.8608,6.87897,211956,0,0
2003-10-29,14.7011,14.9478,14.7011,14.839,6.86889,304428,0,0
2003-10-30,14.8608,14.9478,14.8317,14.9406,6.91591,164824,0,0
2003-10-31,14.9406,15.0204,14.8825,15.0059,6.94614,130233,0,0
2003-11-03,15.1075,15.1873,14.9914,15.1583,7.01668,186598,0,0
2003-11-04,15.1655,15.2381,15.0639,15.1873,7.03012,209475,0,0
2003-11-05,15.1002,15.151,15.0132,15.0712,6.97637,108183,0,0
2003-11-06,15.0059,15.3324,14.9841,15.3324,7.09729,469114,0,0
2003-11-07,15.3397,15.5646,15.2381,15.4993,7.17455,237451,0,0
2003-11-10,15.5283,15.5283,15.1873,15.2381,7.05363,140569,0,0
2003-11-11,15.3324,15.3397,15.1293,15.1438,7.00996,149940,0,0
2003-11-12,15.1365,15.3542,15.1002,15.3542,7.10737,187563,0,0
2003-11-13,15.4195,15.4195,15.2236,15.3324,7.09729,144290,0,0
2003-11-14,15.3324,15.3324,15.2091,15.2236,7.04691,87098,0,0
2003-11-17,15.2381,15.2381,14.9478,15.2018,7.03683,169372,0,0
2003-11-18,15.1728,15.2236,15.1075,15.1728,7.0234,113282,0,0
2003-11-19,15.1873,15.2961,15.1438,15.2961,7.0805,186874,0,0
2003-11-20,15.3034,15.3034,14.9986,15.0059,6.94614,165926,0,0
2003-11-21,15.0785,15.3034,15.0567,15.2236,7.04691,208097,0,0
2003-11-24,15.2018,15.5646,15.2018,15.5574,7.20142,117554,0,0
2003-11-25,15.6009,15.6952,15.4413,15.6952,7.26524,178743,0,0
2003-11-26,15.6372,15.7388,15.5719,15.7315,7.28203,106805,0,0
2003-11-28,15.6009,15.7823,15.6009,15.7388,7.28539,82412,0,0
2003-12-01,15.6735,15.8912,15.659,15.8912,7.35593,117141,0,0
2003-12-02,15.8839,15.8912,15.8041,15.8912,7.35593,163583,0,0
2003-12-03,15.8186,15.8186,15.6009,15.6517,7.24508,230836,0,0
2003-12-04,15.6517,15.6517,15.4921,15.6082,7.22493,124307,0,0
2003-12-05,15.5574,15.6082,15.5283,15.6009,7.22157,114660,0,0
2003-12-08,15.5429,15.7678,15.5429,15.7678,7.29883,136572,0,0
2003-12-09,15.7678,15.8113,15.5646,15.6009,7.22157,165513,0,0
2003-12-10,15.7098,15.7098,15.5066,15.6735,7.25516,257158,0,0
2003-12-11,15.6009,15.8912,15.6009,15.7823,7.30555,125547,0,0
2003-12-12,15.746,15.8621,15.6807,15.7243,7.27867,167167,0,0
2003-12-15,15.9347,15.9347,15.6952,15.7751,7.30219,144565,0,0
2003-12-16,15.8549,15.8549,15.6735,15.7678,7.29883,113971,0,0
2003-12-17,15.6735,15.8113,15.6082,15.6662,7.2518,119759,0,0
2003-12-18,15.8186,15.8186,15.6082,15.8113,7.31898,196796,0,0
2003-12-19,15.7098,15.9565,15.6009,15.8766,7.40357,278795,0.1161,0
2003-12-22,15.7678,15.9637,15.5429,15.6372,7.29191,308976,0,0
2003-12-23,15.6372,15.7896,15.6009,15.7605,7.34943,179156,0,0
2003-12-24,15.6372,15.7968,15.5501,15.6735,7.30883,63945,0,0
2003-12-26,15.6299,15.7751,15.5719,15.746,7.34266,50026,0,0
2003-12-29,15.8476,15.9565,15.746,15.8694,7.40019,106529,0,0
2003-12-30,15.8549,15.8912,15.7751,15.8912,7.41034,129130,0,0
2003-12-31,15.8549,15.8984,15.7678,15.8912,7.41034,123204,0,0
2004-01-02,15.8186,15.8912,15.688,15.717,7.32913,128441,0,0
2004-01-05,15.6807,15.7823,15.6154,15.688,7.31559,158347,0,0
2004-01-06,15.7751,15.8041,15.5791,15.6444,7.29529,195969,0,0
2004-01-07,15.5864,15.746,15.5211,15.6517,7.29868,167442,0,0
2004-01-08,15.746,15.746,15.5646,15.5791,7.26484,205754,0,0
2004-01-09,15.5719,15.6227,15.463,15.4776,7.21747,108458,0,0
2004-01-12,15.6009,15.6299,15.3832,15.3832,7.17348,302636,0,0
2004-01-13,15.4413,15.4413,15.1293,15.2163,7.09566,171025,0,0
2004-01-14,15.2526,15.2961,15.1655,15.2744,7.12272,302912,0,0
2004-01-15,15.2889,15.5646,15.2091,15.5646,7.25807,211680,0,0
2004-01-16,15.6009,15.6444,15.3832,15.4195,7.1904,174333,0,0
2004-01-20,15.5138,15.5429,15.3179,15.5429,7.24792,193351,0,0
2004-01-21,15.5646,15.7388,15.4195,15.7243,7.33251,242963,0,0
2004-01-22,15.6444,15.7243,15.4921,15.6009,7.27499,162619,0,0
2004-01-23,15.5066,15.688,15.4921,15.6662,7.30544,94402,0,0
2004-01-26,15.5211,16.0363,15.5211,15.9565,7.44079,407098,0,0
2004-01-27,15.8259,16.0073,15.8259,15.8912,7.41034,259501,0,0
2004-01-28,15.9637,16.0073,15.746,15.7751,7.3562,252886,0,0
2004-01-29,15.7315,15.7823,15.4413,15.6154,7.28176,237864,0,0
2004-01-30,15.4848,15.7243,15.4703,15.7098,7.32575,103222,0,0
2004-02-02,15.6227,15.6735,15.4921,15.5211,7.23777,136710,0,0
2004-02-03,15.4558,15.6299,15.405,15.5501,7.2513,85444,0,0
2004-02-04,15.4921,15.746,15.405,15.4485,7.20394,167442,0,0
2004-02-05,15.3977,15.5283,15.3905,15.4848,7.22085,67942,0,0
2004-02-06,15.4848,15.7896,15.3905,15.7243,7.33251,128993,0,0
2004-02-09,15.746,15.746,15.6009,15.7388,7.33928,101981,0,0
2004-02-10,15.6372,15.7315,15.5791,15.7098,7.32575,114384,0,0
2004-02-11,15.7388,15.8259,15.6299,15.8186,7.3765,126925,0,0
2004-02-12,15.8331,15.8984,15.7388,15.8912,7.41034,58019,0,0
2004-02-13,15.9129,15.9129,15.7098,15.8331,7.38327,144841,0,0
2004-02-17,15.4122,15.9202,15.2744,15.9202,7.42387,220913,0,0
2004-02-18,16,16.0363,15.8694,16.0363,7.47801,180397,0,0
2004-02-19,16.0726,16.0726,15.8912,16.029,7.47463,107356,0,0
2004-02-20,16.1016,16.1016,15.9057,16.0218,7.47124,90267,0,0
2004-02-23,16.1234,16.1451,15.9492,16,7.4611,190181,0,0
2004-02-24,15.971,16.0218,15.8984,16,7.4611,121275,0,0
2004-02-25,15.9202,16.0726,15.8912,16.0435,7.48139,89992,0,0
2004-02-26,16.0726,16.0943,15.9637,16.0726,7.49493,76624,0,0
2004-02-27,16.0726,16.0798,15.971,16.0218,7.47124,165513,0,0
2004-03-01,16.0798,16.2249,15.9637,16.1959,7.55245,107769,0,0
2004-03-02,16.1234,16.2177,16.0435,16.0435,7.48139,51404,0,0
2004-03-03,16,16.1451,15.971,16.1016,7.50847,65048,0,0
2004-03-04,16.1451,16.3048,16.0871,16.3048,7.60321,85444,0,0
2004-03-05,16.1814,16.4717,16.1814,16.4717,7.68104,94539,0,0
2004-03-08,16.4717,16.5079,16.2902,16.3338,7.61675,122515,0,0
2004-03-09,16.3991,16.3991,16.1814,16.2395,7.57276,84203,0,0
2004-03-10,16.1959,16.341,16.1088,16.1306,7.522,83928,0,0
2004-03-11,16.0726,16.2032,15.9202,15.971,7.44756,218846,0,0
2004-03-12,15.9637,16.3483,15.9274,16.2757,7.58967,155453,0,0
2004-03-15,16.0798,16.3265,16.0798,16.2757,7.58967,333782,0,0
2004-03-16,16.2322,16.3918,16.1451,16.3628,7.63028,136021,0,0
2004-03-17,16.2685,16.4862,16.2685,16.4789,7.68442,66977,0,0
2004-03-18,16.3991,16.5297,16.2322,16.283,7.64694,83377,0.1161,0
2004-03-19,16.3991,16.4789,16.1088,16.1161,7.56856,66012,0,0
2004-03-22,16.1524,16.1524,15.8404,15.9057,7.46973,121551,0,0
2004-03-23,16.0363,16.0363,15.8186,15.8186,7.42884,121413,0,0
2004-03-24,15.8912,15.8912,15.7388,15.8186,7.42884,93161,0,0
2004-03-25,15.746,15.8331,15.6952,15.7605,7.40158,213334,0,0
2004-03-26,15.8839,15.8912,15.7751,15.7968,7.41862,118657,0,0
2004-03-29,15.8404,15.9565,15.746,15.9274,7.47996,82688,0,0
2004-03-30,15.9274,15.9855,15.7823,15.9855,7.50722,97571,0,0
2004-03-31,16,16.1669,15.8694,16.1596,7.589,134781,0,0
2004-04-01,16.1596,16.4499,16.0218,16.312,7.66057,483171,0,0
2004-04-02,16.3193,16.4862,16.3048,16.3628,7.68442,292438,0,0
2004-04-05,16.1959,16.3701,16.0508,16.3265,7.66738,423222,0,0
2004-04-06,16.1814,16.3556,16.1814,16.3265,7.66738,228631,0,0
2004-04-07,16.312,16.3265,16.0943,16.1016,7.56174,203136,0,0
2004-04-08,16.1814,16.1814,16.0145,16.0145,7.52085,113833,0,0
2004-04-12,16.1088,16.1814,15.9855,16.0943,7.55833,125547,0,0
2004-04-13,16.0363,16.2322,15.5937,15.5937,7.3232,265151,0,0
2004-04-14,15.6662,15.6662,15.2454,15.3397,7.20393,211680,0,0
2004-04-15,15.376,15.5283,14.8753,15.0277,7.0574,295332,0,0
2004-04-16,15.3615,15.3615,14.9478,15.1365,7.10851,352938,0,0
2004-04-19,15.2599,15.2816,15.1293,15.2816,7.17667,206168,0,0
2004-04-20,15.4268,15.434,15.0567,15.093,7.08807,199415,0,0
2004-04-21,15.0494,15.2454,14.9841,15.2381,7.15622,120999,0,0
2004-04-22,15.2671,15.3179,14.9841,15.3107,7.1903,95366,0,0
2004-04-23,15.3832,15.3977,15.1075,15.1873,7.13237,132024,0,0
2004-04-26,15.3469,15.376,15.0494,15.0712,7.07784,197348,0,0
2004-04-27,15.0857,15.2744,14.9986,15.093,7.08807,302498,0,0
2004-04-28,14.9841,15.0567,14.585,14.868,6.98243,415780,0,0
2004-04-29,14.8027,14.9478,14.8027,14.8753,6.98583,630906,0,0
2004-04-30,14.9769,15.0567,14.8971,14.9478,7.01991,287201,0,0
2004-05-03,15.122,15.1293,14.9116,15.0857,7.08466,348666,0,0
2004-05-04,15.0785,15.2091,15.0059,15.1655,7.12215,163032,0,0
2004-05-05,15.2381,15.376,15.1655,15.2744,7.17326,188941,0,0
2004-05-06,15.2381,15.3615,15.1293,15.1293,7.10511,132438,0,0
2004-05-07,15.0277,15.2381,14.9478,15.0059,7.04718,163308,0,0
2004-05-10,15.0785,15.0785,14.7302,14.839,6.9688,224497,0,0
2004-05-11,15.1293,15.1655,14.839,14.9551,7.02332,236486,0,0
2004-05-12,15.0857,15.1543,14.8571,15.1467,7.11329,229163,0,1.05
2004-05-13,15.0095,15.2381,15.0095,15.139,7.10971,219450,0,0
2004-05-14,15.1162,15.2305,15.04,15.2,7.13833,168131,0,0
2004-05-17,14.9943,15.1543,14.9562,15.0552,7.07034,176400,0,0
2004-05-18,15.0248,15.4438,15.0095,15.4286,7.24568,247669,0,0
2004-05-19,15.3143,15.4743,15.2762,15.2762,7.17411,181781,0,0
2004-05-20,15.2229,15.4819,15.1238,15.4286,7.24568,202388,0,0
2004-05-21,15.5048,15.5429,15.3905,15.5429,7.29934,179944,0,0
2004-05-24,15.5429,15.581,15.4895,15.581,7.31724,107231,0,0
2004-05-25,15.5733,15.7714,15.5352,15.7714,7.40669,219975,0,0
2004-05-26,15.7105,16,15.6571,15.9924,7.51046,244388,0,0
2004-05-27,16.0686,16.0762,15.7867,15.8705,7.4532,257513,0,0
2004-05-28,15.8095,15.9086,15.7257,15.8019,7.421,177056,0,0
2004-06-01,15.6724,15.7257,15.4667,15.6571,7.35302,138206,0,0
2004-06-02,15.7029,15.7638,15.581,15.6571,7.35302,109069,0,0
2004-06-03,15.5505,15.7257,15.4286,15.4362,7.24925,91744,0,0
2004-06-04,15.5581,15.5962,15.3905,15.5276,7.29219,118781,0,0
2004-06-07,15.5352,15.581,15.3752,15.4057,7.23494,251738,0,0
2004-06-08,15.3524,15.5886,15.2762,15.5352,7.29577,193200,0,0
2004-06-09,15.4286,15.6114,15.2381,15.2762,7.17411,89513,0,0
2004-06-10,15.2381,15.421,15.2305,15.4057,7.23494,210263,0,0
2004-06-14,15.2457,15.4286,15.0857,15.0933,7.08824,112875,0,0
2004-06-15,15.0857,15.3829,14.9943,15.2076,7.14191,165638,0,0
2004-06-16,15.1619,15.3143,14.9562,15.0552,7.07034,199763,0,0
2004-06-17,14.9714,15.1543,14.9562,15.1314,7.10613,137025,0,0
2004-06-18,15.1771,15.3448,15.0476,15.3067,7.18843,255413,0,0
2004-06-21,15.2838,15.3219,15.1771,15.1848,7.19023,124425,0.125714,0
2004-06-22,15.1619,15.3067,15.1238,15.261,7.22631,121275,0,0
2004-06-23,15.1467,15.2762,15.1467,15.1924,7.19383,131381,0,0
2004-06-24,15.1619,15.3371,15.1619,15.2305,7.21188,119569,0,0
2004-06-25,15.2076,15.3905,15.1619,15.2381,7.21548,309488,0,0
2004-06-28,15.4286,15.5048,15.2762,15.4438,7.31289,197531,0,0
2004-06-29,15.3371,15.5352,15.2381,15.5352,7.35618,254625,0,0
2004-06-30,15.5429,15.6038,15.3371,15.3524,7.2696,264863,0,0
2004-07-01,15.4438,15.52,15.2381,15.36,7.27321,324975,0,0
2004-07-02,15.3524,15.4133,15.3143,15.3905,7.28764,241763,0,0
2004-07-06,15.3752,15.3752,15.3067,15.3676,7.27682,292556,0,0
2004-07-07,15.3676,15.4133,15.299,15.4133,7.29846,198581,0,0
2004-07-08,15.3905,15.6114,15.3524,15.4286,7.30568,292950,0,0
2004-07-09,15.581,15.6038,15.3905,15.5124,7.34536,153169,0,0
2004-07-12,15.5962,15.5962,15.4133,15.4819,7.33093,111694,0,0
2004-07-13,15.5429,15.6419,15.4286,15.6419,7.4067,95681,0,0
2004-07-14,15.6571,15.6571,15.3981,15.4286,7.30568,112481,0,0
2004-07-15,15.5124,15.581,15.3981,15.5124,7.34536,121669,0,0
2004-07-16,15.7333,15.7333,15.459,15.4667,7.32372,75994,0,0
2004-07-19,15.6571,15.6648,15.4133,15.421,7.30207,167606,0,0
2004-07-20,15.4286,15.5962,15.4133,15.5657,7.37061,173906,0,0
2004-07-21,15.619,15.619,15.3905,15.4286,7.30568,236775,0,0
2004-07-22,15.3981,15.5429,15.3905,15.4667,7.32372,281531,0,0
2004-07-23,15.5048,15.5048,15.4057,15.4362,7.30928,327994,0,0
2004-07-26,15.4362,15.5657,15.4057,15.4667,7.32372,187425,0,0
2004-07-27,15.4286,15.619,15.4286,15.5352,7.35618,124031,0,0
2004-07-28,15.4743,15.5276,15.3676,15.4514,7.3165,273656,0,0
2004-07-29,15.4057,15.6038,15.4057,15.4971,7.33815,151856,0,0
2004-07-30,15.5886,15.6952,15.4286,15.6267,7.39948,161963,0,0
2004-08-02,15.581,15.6343,15.4286,15.5733,7.37422,245044,0,0
2004-08-03,15.4971,15.581,15.3981,15.4895,7.33454,166163,0,0
2004-08-04,15.52,15.581,15.3295,15.4438,7.31289,457406,0,0
2004-08-05,15.421,15.5657,15.421,15.4971,7.33815,225356,0,0
2004-08-06,15.4971,15.5962,15.3905,15.4667,7.32372,233363,0,0
2004-08-09,15.4286,15.4667,15.4057,15.4286,7.30568,206325,0,0
2004-08-10,15.4667,15.5962,15.4362,15.5657,7.37061,146344,0,0
2004-08-11,15.581,15.6114,15.4667,15.5962,7.38505,104081,0,0
2004-08-12,15.5429,15.6724,15.4667,15.6724,7.42112,185456,0,0
2004-08-13,15.7867,15.8095,15.4286,15.4667,7.32372,294525,0,0
2004-08-16,15.4667,15.6038,15.3524,15.5657,7.37061,254494,0,0
2004-08-17,15.4971,15.68,15.4971,15.6267,7.39948,204750,0,0
2004-08-18,15.5429,15.8019,15.4895,15.8019,7.48246,228900,0,0
2004-08-19,15.6724,15.7943,15.3829,15.7333,7.44999,145031,0,0
2004-08-20,15.6648,16,15.6648,15.9848,7.56904,148313,0,0
2004-08-23,15.8781,16.0229,15.8552,15.9771,7.56544,165900,0,0
2004-08-24,16.0076,16.0381,15.9467,16.0381,7.5943,181388,0,0
2004-08-25,15.9771,16.1448,15.9771,16.1371,7.6412,213019,0,0
2004-08-26,16.0381,16.16,15.939,16.1295,7.63759,123506,0,0
2004-08-27,16.1905,16.3429,15.9314,16.2514,7.69531,284944,0,0
2004-08-30,16.2438,16.2971,16.16,16.1676,7.65563,112744,0,0
2004-08-31,16.1676,16.2133,16.0152,16.099,7.62316,214725,0,0
2004-09-01,16.0762,16.3276,16.0762,16.1981,7.67006,171938,0,0
2004-09-02,16.1524,16.2895,16.0914,16.1905,7.66645,108281,0,0
2004-09-03,16.0762,16.3048,16.0762,16.259,7.69892,92138,0,0
2004-09-07,16.2362,16.5029,16.2362,16.4648,7.79633,192281,0,0
2004-09-08,16.381,16.4343,16.3048,16.381,7.75664,131250,0,0
2004-09-09,16.3886,16.5181,16.381,16.5181,7.82158,159075,0,0
2004-09-10,16.5257,16.6857,16.4495,16.6324,7.8757,159206,0,0
2004-09-13,16.5562,16.6552,16.5333,16.579,7.85045,120881,0,0
2004-09-14,16.6552,16.6552,16.5105,16.6552,7.88653,109594,0,0
2004-09-15,16.6095,16.6629,16.5333,16.579,7.85045,172594,0,0
2004-09-16,16.6857,16.6857,16.5333,16.6095,7.86488,111956,0,0
2004-09-17,16.4724,16.6781,16.4571,16.5333,7.8288,208031,0,0
2004-09-20,16.6781,16.6857,16.3124,16.3124,7.78336,131775,0.125714,0
2004-09-21,16.3124,16.3352,16.1829,16.3352,7.79427,101325,0,0
2004-09-22,16.3429,16.3429,16.2286,16.3048,7.77972,139256,0,0
2004-09-23,16.2286,16.3657,16.2286,16.2514,7.75428,155925,0,0
2004-09-24,16.2362,16.3352,16.1524,16.1905,7.72519,184013,0,0
2004-09-27,16.2667,16.2667,16.0914,16.0914,7.67793,159469,0,0
2004-09-28,16.2286,16.2286,16.0686,16.0762,7.67066,150150,0,0
2004-09-29,16.0914,16.32,16.0762,16.32,7.78699,127444,0,0
2004-09-30,16.3276,16.3962,16.259,16.3048,7.77972,177056,0,0
2004-10-01,16.3352,16.419,16.2362,16.3962,7.82334,178500,0,0
2004-10-04,16.4114,16.5638,16.4038,16.5486,7.89606,199238,0,0
2004-10-05,16.48,16.5105,16.3886,16.4038,7.82698,223650,0,0
2004-10-06,16.4952,16.4952,16.2743,16.3886,7.81971,211313,0,0
2004-10-07,16.381,16.4419,16.2819,16.3657,7.8088,259350,0,0
2004-10-08,16.3048,16.381,16.2438,16.32,7.78699,99225,0,0
2004-10-11,16.2286,16.4038,16.1905,16.4038,7.82698,109725,0,0
2004-10-12,16.4495,16.48,16.3124,16.4419,7.84516,105394,0,0
2004-10-13,16.419,16.6324,16.2895,16.3352,7.79427,127313,0,0
2004-10-14,16.2819,16.4495,16.1524,16.3048,7.77972,114450,0,0
2004-10-15,16.6248,16.6476,16.3352,16.3657,7.8088,150544,0,0
2004-10-18,16.48,16.6629,16.4267,16.6324,7.93605,130856,0,0
2004-10-19,16.5105,16.64,16.381,16.4724,7.8597,105131,0,0
2004-10-20,16.4114,16.5333,16.2286,16.2743,7.76518,78488,0,0
2004-10-21,16.3962,16.4876,16.3124,16.3276,7.79063,212494,0,0
2004-10-22,16.381,16.381,16.1905,16.2057,7.73246,143719,0,0
2004-10-25,16.1905,16.2514,16.1676,16.2438,7.75064,159206,0,0
2004-10-26,16.2514,16.4648,16.1905,16.4648,7.85607,347025,0,0
2004-10-27,16.32,16.5714,16.2895,16.5714,7.90696,83738,0,0
2004-10-28,16.5257,16.5486,16.3657,16.4495,7.84879,163538,0,0
2004-10-29,16.4495,16.4876,16.3505,16.3505,7.80154,222206,0,0
2004-11-01,16.3505,16.4038,16.2286,16.3048,7.77972,322350,0,0
2004-11-02,16.1676,16.3429,16.0381,16.1524,7.70702,237300,0,0
2004-11-03,16.1676,16.2819,16.1143,16.1524,7.70702,215119,0,0
2004-11-04,16.1905,16.3429,16.1067,16.3124,7.78336,175613,0,0
2004-11-05,16.3733,16.3962,16.1524,16.2667,7.76154,151988,0,0
2004-11-08,16.3429,16.3505,16.1219,16.3505,7.80154,173119,0,0
2004-11-09,16.4571,16.4724,16.2438,16.4571,7.85243,160913,0,0
2004-11-10,16.4343,16.5867,16.3581,16.5867,7.91423,159600,0,0
2004-11-11,16.48,16.7086,16.3429,16.7086,7.9724,194906,0,0
2004-11-12,16.7162,16.7619,16.5029,16.7619,7.99784,117863,0,0
2004-11-15,16.701,16.7924,16.6705,16.7771,8.00512,201338,0,0
2004-11-16,16.579,16.7848,16.579,16.7467,7.99057,168656,0,0
2004-11-17,16.8,16.8,16.7314,16.8,8.01602,162488,0,0
2004-11-18,16.6933,17.0743,16.6933,17.0667,8.14326,356606,0,0
2004-11-19,17.0971,17.0971,16.701,16.7848,8.00876,116944,0,0
2004-11-22,16.64,16.9295,16.64,16.861,8.0451,132431,0,0
2004-11-23,16.8381,17.0057,16.7543,16.9295,8.07782,129675,0,0
2004-11-24,16.8381,16.9981,16.8305,16.9067,8.06692,109069,0,0
2004-11-26,16.9067,17.0667,16.9067,17.0667,8.14326,25200,0,0
2004-11-29,16.9295,17.0667,16.8533,16.9981,8.11054,147263,0,0
2004-11-30,16.9905,17.0667,16.9067,17.0667,8.14326,141488,0,0
2004-12-01,17.059,17.219,16.9676,17.219,8.21597,171413,0,0
2004-12-02,17.1124,17.2952,17.0133,17.219,8.21597,136238,0,0
2004-12-03,17.0819,17.2648,16.9905,17.1886,8.20143,166425,0,0
2004-12-06,17.1962,17.2114,16.9905,17.0819,8.15053,108019,0,0
2004-12-07,17.0514,17.1048,16.8076,16.8457,8.03783,103294,0,0
2004-12-08,16.8381,16.9143,16.7543,16.7771,8.00512,135975,0,0
2004-12-09,16.7619,16.8686,16.7314,16.8076,8.01966,154875,0,0
2004-12-10,16.7619,16.8381,16.7467,16.8381,8.0342,130200,0,0
2004-12-13,16.7771,17.12,16.7771,17.12,8.16871,100144,0,0
2004-12-14,17.059,17.181,16.9981,17.0057,8.11418,159338,0,0
2004-12-15,17.0057,17.1352,16.9676,17.1352,8.17598,107756,0,0
2004-12-16,17.1352,17.1733,16.9829,17.1733,8.19415,164981,0,0
2004-12-17,16.9295,17.0286,16.7771,16.8838,8.11541,394275,0.125714,0
2004-12-20,16.7771,17.0133,16.7695,16.8686,8.10809,272869,0,0
2004-12-21,17.0286,17.2114,16.8762,17.2038,8.26923,324975,0,0
2004-12-22,17.219,17.44,17.021,17.4095,8.36811,300825,0,0
2004-12-23,17.3333,17.9124,17.3333,17.7143,8.5146,339281,0,0
2004-12-27,17.7143,17.8971,17.6152,17.7676,8.54023,203700,0,0
2004-12-28,17.8743,17.8743,17.7143,17.8514,8.58052,217744,0,0
2004-12-29,17.9505,17.9733,17.7905,17.8743,8.5915,180469,0,0
2004-12-30,17.981,17.981,17.7905,17.8971,8.60249,198188,0,0
2004-12-31,17.92,17.92,17.76,17.76,8.53657,77044,0,0
2005-01-03,17.9048,17.92,17.6152,17.7829,8.54756,458456,0,0
2005-01-04,17.8667,17.9048,17.3333,17.4171,8.37177,912713,0,0
2005-01-05,17.2495,17.341,17.1429,17.3029,8.31684,303056,0,0
2005-01-06,17.4095,17.4476,17.1276,17.2952,8.31318,268406,0,0
2005-01-07,17.2952,17.3638,17.1124,17.1733,8.25458,155794,0,0
2005-01-10,17.2495,17.2495,16.8762,17.0286,8.185,453600,0,0
2005-01-11,16.9676,17.059,16.8381,16.899,8.12274,279300,0,0
2005-01-12,16.9143,16.9752,16.7619,16.7771,8.06415,166163,0,0
2005-01-13,16.8533,16.9752,16.7619,16.7695,8.06049,207638,0,0
2005-01-14,16.96,17.0667,16.579,16.7314,8.04217,313163,0,0
2005-01-18,16.7695,16.9981,16.6781,16.9829,8.16303,390731,0,0
2005-01-19,16.9752,17.0438,16.7695,16.7848,8.06781,324713,0,0
2005-01-20,16.8076,16.9905,16.7619,16.9524,8.14838,285338,0,0
2005-01-21,17.0057,17.0057,16.7619,16.8305,8.08979,122588,0,0
2005-01-24,16.9143,16.9143,16.7162,16.8152,8.08246,183225,0,0
2005-01-25,16.8838,16.8838,16.6552,16.7238,8.03852,344400,0,0
2005-01-26,16.6857,16.7238,16.6095,16.6857,8.0202,273000,0,0
2005-01-27,16.6857,16.7619,16.6705,16.7238,8.03852,158944,0,0
2005-01-28,16.7238,16.7238,16.6095,16.6629,8.00921,236119,0,0
2005-01-31,16.6476,16.6705,16.4495,16.6324,7.99457,366188,0,0
2005-02-01,16.5181,16.7238,16.5181,16.7238,8.03852,203963,0,0
2005-02-02,16.7619,16.8914,16.6857,16.8838,8.11541,184406,0,0
2005-02-03,16.7924,16.8686,16.7238,16.8305,8.08979,126394,0,0
2005-02-04,16.7924,16.8762,16.6857,16.8762,8.11176,57225,0,0
2005-02-07,16.8762,17.0057,16.7543,16.9981,8.17035,121931,0,0
2005-02-08,17.0133,17.0133,16.8381,17.0057,8.17401,205144,0,0
2005-02-09,16.9219,17.0286,16.8076,16.8762,8.11176,186769,0,0
2005-02-10,16.9524,16.9752,16.739,16.8305,8.08979,202913,0,0
2005-02-11,16.8914,16.9067,16.6629,16.7619,8.05683,245175,0,0
2005-02-14,16.7467,16.8381,16.7238,16.8,8.07513,191100,0,0
2005-02-15,16.7619,16.861,16.7238,16.8,8.07513,140306,0,0
2005-02-16,16.8,16.8381,16.7086,16.8152,8.08246,98175,0,0
2005-02-17,16.7619,16.8762,16.6705,16.6857,8.0202,198713,0,0
2005-02-18,16.7467,16.7619,16.5029,16.5867,7.97259,255675,0,0
2005-02-22,16.5181,16.5714,16.3276,16.3429,7.8554,659794,0,0
2005-02-23,16.4419,16.4419,16.1905,16.1905,7.78216,169181,0,0
2005-02-24,16.1905,16.32,16,16.32,7.84442,211181,0,0
2005-02-25,16.2362,16.4952,16.1752,16.4495,7.90668,150413,0,0
2005-02-28,16.4952,16.5333,16.32,16.3352,7.85174,131381,0,0
2005-03-01,16.3048,16.5105,16.2971,16.4952,7.92865,413306,0,0
2005-03-02,16.5333,16.5333,16.3886,16.419,7.89203,570413,0,0
2005-03-03,16.5257,16.5333,16.3962,16.4952,7.92865,203569,0,0
2005-03-04,16.4952,16.6857,16.3886,16.6476,8.00189,193856,0,0
2005-03-07,16.701,16.9295,16.6171,16.8076,8.07879,575925,0,0
2005-03-08,16.6933,16.899,16.6933,16.8686,8.10809,188869,0,0
2005-03-09,16.9448,16.9752,16.6248,16.6781,8.01654,145031,0,0
2005-03-10,16.6095,16.8381,16.6095,16.6476,8.00189,194381,0,0
2005-03-11,16.8152,16.8381,16.7086,16.7695,8.06049,237694,0,0
2005-03-14,16.6781,17.021,16.6781,16.9067,8.12641,228113,0,0
2005-03-15,16.9905,17.0286,16.9143,16.9524,8.14838,195169,0,0
2005-03-16,16.9905,17.0667,16.7467,16.8152,8.08246,157631,0,0
2005-03-17,16.8381,16.9524,16.7619,16.899,8.12274,161831,0,0
2005-03-18,16.7619,16.8305,16.6324,16.7771,8.12459,198581,0.125714,0
2005-03-21,16.9219,16.9219,16.5562,16.739,8.10614,154350,0,0
2005-03-22,16.861,16.861,16.6095,16.6552,8.06555,230869,0,0
2005-03-23,16.739,16.7619,16.4038,16.579,8.02866,244388,0,0
2005-03-24,16.6476,16.7619,16.4343,16.5257,8.00283,219844,0,0
2005-03-28,16.4267,16.5333,16.2133,16.2743,7.88107,247669,0,0
2005-03-29,16.2743,16.3581,16.0076,16.0914,7.79252,327731,0,0
2005-03-30,16.1905,16.3657,16.1448,16.3429,7.91428,169838,0,0
2005-03-31,16.4267,16.6019,16.3657,16.6019,8.03973,215513,0,0
2005-04-01,16.5181,16.5943,16.259,16.3505,7.91797,140306,0,0
2005-04-04,16.2819,16.5181,16.2743,16.5105,7.99545,165506,0,0
2005-04-05,16.4419,16.6476,16.3886,16.64,8.05817,141619,0,0
2005-04-06,16.6476,16.7086,16.5181,16.7086,8.09138,121013,0,0
2005-04-07,16.7238,16.7543,16.5867,16.6324,8.05448,100406,0,0
2005-04-08,16.5333,16.579,16.3657,16.381,7.93273,181519,0,0
2005-04-11,16.3505,16.4114,16.1295,16.3962,7.9401,149100,0,0
2005-04-12,16.5333,16.64,16.3581,16.6095,8.04341,243600,0,0
2005-04-13,16.6095,16.7162,16.3886,16.419,7.95117,221419,0,0
2005-04-14,16.4952,16.4952,16.2057,16.259,7.87369,436669,0,0
2005-04-15,16.48,16.5638,15.8705,15.9238,7.71135,384956,0,0
2005-04-18,16.0381,16.2667,15.9314,16.0305,7.763,350044,0,0
2005-04-19,16.1143,16.1219,16.0152,16.1143,7.80359,244256,0,0
2005-04-20,16.221,16.221,15.8248,15.8476,7.67445,428269,0,0
2005-04-21,15.9695,17.5086,15.7714,16,7.74824,452550,0,0
2005-04-22,16,16.1829,15.7562,15.7867,7.64494,347288,0,0
2005-04-25,15.9314,16.0533,15.7867,15.9924,7.74456,254888,0,0
2005-04-26,15.939,16.0762,15.939,16.0152,7.75562,234806,0,0
2005-04-27,15.9238,16.1067,15.9238,15.9771,7.73718,225225,0,0
2005-04-28,15.9314,16.0686,15.84,15.9695,7.73349,239531,0,0
2005-04-29,15.901,15.9848,15.68,15.8857,7.6929,349650,0,0
2005-05-02,16,16.1829,15.8857,16.1829,7.8368,283763,0,0
2005-05-03,16.1829,16.2667,16.1143,16.1676,7.82942,145163,0,0
2005-05-04,16.2743,16.2971,16.0381,16.2514,7.87,176138,0,0
2005-05-05,16.2895,16.3352,16.1219,16.3048,7.89583,68644,0,0
2005-05-06,16.381,16.381,16.1752,16.2514,7.87,157106,0,0
2005-05-09,16.3657,16.4952,16.2286,16.4343,7.95855,137156,0,0
2005-05-10,16.4724,16.4724,16.1524,16.2057,7.84786,191100,0,0
2005-05-11,16.2057,16.3733,16.0914,16.3505,7.91797,114188,0,0
2005-05-12,16.4419,16.4419,16.1295,16.1981,7.84418,130988,0,0
2005-05-13,16.1524,16.2895,16.0686,16.1219,7.80728,137944,0,0
2005-05-16,16.221,16.5257,16.221,16.419,7.95117,143456,0,0
2005-05-17,16.3048,16.5638,16.2895,16.4343,7.95855,152644,0,0
2005-05-18,16.4343,16.6476,16.381,16.6476,8.06186,350438,0,0
2005-05-19,16.64,16.8381,16.541,16.64,8.05817,119831,0,0
2005-05-20,16.6476,16.7924,16.3733,16.6095,8.04341,213938,0,0
2005-05-23,16.6324,16.6476,16.3733,16.6171,8.04711,141356,0,0
2005-05-24,16.4114,16.541,16.3429,16.5105,7.99545,117994,0,0
2005-05-25,16.5486,16.5486,16.3352,16.4267,7.95486,89775,0,0
2005-05-26,16.48,16.5029,16.221,16.4876,7.98438,142406,0,0
2005-05-27,16.3657,16.5562,16.3429,16.381,7.93273,83081,0,0
2005-05-31,16.5029,16.64,16.3352,16.5562,8.01759,129675,0,0
2005-06-01,16.4724,16.6476,16.4419,16.64,8.05817,194513,0,0
2005-06-02,16.5105,16.6552,16.5105,16.6095,8.04341,140963,0,0
2005-06-03,16.5867,16.6857,16.5638,16.6019,8.03973,154350,0,0
2005-06-06,16.6248,16.701,16.5486,16.6857,8.08031,88856,0,0
2005-06-07,16.6857,16.8533,16.6095,16.7924,8.13197,222863,0,0
2005-06-08,16.8381,16.9143,16.701,16.7543,8.11352,111038,0,0
2005-06-09,16.6286,16.9333,16.619,16.7714,8.12182,224175,0,1.25
2005-06-10,16.7048,16.8381,16.6667,16.6667,8.07109,312900,0,0
2005-06-13,16.7619,16.8667,16.6857,16.7714,8.12182,254310,0,0
2005-06-14,16.8095,16.8571,16.6476,16.7524,8.11259,203490,0,0
2005-06-15,16.7048,16.8381,16.6,16.8381,8.22188,206955,0.138095,0
2005-06-16,16.8286,17,16.7619,17,8.30094,138285,0,0
2005-06-17,17.1048,17.1048,15.9619,17.0381,8.31954,340935,0,0
2005-06-20,17.0667,17.1429,16.9429,17.1048,8.35209,177660,0,0
2005-06-21,17.1238,17.1429,16.8667,16.9524,8.27768,149310,0,0
2005-06-22,16.9524,17.0476,16.9238,16.981,8.29164,93345,0,0
2005-06-23,16.8667,17.0476,16.8095,16.8095,8.20793,78015,0,0
2005-06-24,16.7619,16.9905,16.5905,16.5905,8.10097,234255,0,0
2005-06-27,16.5238,16.8762,16.5238,16.8762,8.24048,83790,0,0
2005-06-28,16.781,16.9714,16.6952,16.9524,8.27768,221970,0,0
2005-06-29,16.9619,17.1333,16.9524,17.019,8.31024,145740,0,0
2005-06-30,17.0476,17.1429,17.0286,17.1429,8.37069,180810,0,0
2005-07-01,17,17.2381,17,17.2381,8.41719,109935,0,0
2005-07-05,16.9524,17.2952,16.9524,17.2952,8.4451,175350,0,0
2005-07-06,17.2,17.381,17.2,17.3619,8.47765,164850,0,0
2005-07-07,17.381,17.419,17.2,17.4,8.49626,173145,0,0
2005-07-08,17.3333,17.5714,17.3333,17.4667,8.52881,118335,0,0
2005-07-11,17.4571,17.8095,17.3333,17.8095,8.69622,114030,0,0
2005-07-12,17.8667,17.9714,17.6667,17.7524,8.66832,185115,0,0
2005-07-13,17.8286,17.9714,17.619,17.7524,8.66832,195405,0,0
2005-07-14,17.6667,17.8952,17.619,17.6857,8.63576,180390,0,0
2005-07-15,17.9429,18,17.6571,17.8,8.69157,166215,0,0
2005-07-18,17.9524,17.9524,17.4762,17.6,8.59391,246015,0,0
2005-07-19,17.5714,17.7429,17.5048,17.5238,8.55671,246015,0,0
2005-07-20,17.4,17.9429,17.3905,17.7143,8.64972,237930,0,0
2005-07-21,17.7619,17.7619,17.4286,17.4762,8.53345,351330,0,0
2005-07-22,17.5238,17.7905,17.4571,17.7619,8.67297,235515,0,0
2005-07-25,17.7524,17.819,17.5524,17.5524,8.57066,111405,0,0
2005-07-26,17.5714,17.7429,17.5238,17.6095,8.59856,190470,0,0
2005-07-27,17,17.2952,16.6381,17.1619,8.37999,1677900,0,0
2005-07-28,17.2952,17.3048,17.0952,17.2476,8.42185,499170,0,0
2005-07-29,17.3333,17.3333,17.0571,17.2,8.3986,546420,0,0
2005-08-01,17.2476,17.2476,16.9905,17.181,8.3893,255360,0,0
2005-08-02,17.1333,17.3143,17.0571,17.2857,8.44045,200760,0,0
2005-08-03,17.2,17.3333,17.0571,17.2,8.3986,166845,0,0
2005-08-04,17.1714,17.2476,16.9619,17,8.30094,234045,0,0
2005-08-05,16.9048,17.0667,16.8095,16.8952,8.24978,147735,0,0
2005-08-08,17.0095,17.0762,16.6952,16.7524,8.18003,170730,0,0
2005-08-09,16.6667,16.8095,16.6286,16.6381,8.12422,221655,0,0
2005-08-10,16.7143,16.7714,16.6095,16.6952,8.15212,178185,0,0
2005-08-11,16.7333,16.7905,16.6095,16.7714,8.18933,158550,0,0
2005-08-12,16.7048,16.781,16.5714,16.6667,8.13818,133665,0,0
2005-08-15,16.6857,16.7333,16.6,16.7048,8.15677,280875,0,0
2005-08-16,16.7619,16.8286,16.6095,16.6381,8.12422,379785,0,0
2005-08-17,16.6286,16.6667,16.5524,16.581,8.09632,276045,0,0
2005-08-18,16.6095,16.6476,16.3905,16.4762,8.04517,440580,0,0
2005-08-19,16.4286,16.6857,16.4286,16.6571,8.13352,247800,0,0
2005-08-22,16.6571,16.7714,16.5905,16.6667,8.13818,193200,0,0
2005-08-23,16.6857,16.7429,16.5714,16.619,8.11492,119910,0,0
2005-08-24,16.6667,16.7524,16.581,16.6762,8.14282,133350,0,0
2005-08-25,16.6857,16.7714,16.5905,16.7619,8.18468,165690,0,0
2005-08-26,16.7619,16.8571,16.5714,16.6095,8.11027,131250,0,0
2005-08-29,16.6,16.6381,16.4667,16.5619,8.08702,197085,0,0
2005-08-30,16.6286,16.6571,16.3143,16.4476,8.03121,219345,0,0
2005-08-31,16.5429,16.6667,16.3333,16.6667,8.13818,147735,0,0
2005-09-01,16.6667,16.7714,16.5429,16.6762,8.14282,124425,0,0
2005-09-02,16.7619,16.7619,16.5333,16.6286,8.11957,66780,0,0
2005-09-06,16.6476,16.7048,16.5714,16.5714,8.09167,112140,0,0
2005-09-07,16.6381,16.6667,16.4667,16.619,8.11492,93870,0,0
2005-09-08,16.619,16.619,16.3429,16.4095,8.01261,175560,0,0
2005-09-09,16.381,16.4286,16.3333,16.3905,8.00331,124950,0,0
2005-09-12,16.4762,16.4762,16.3429,16.419,8.01726,131145,0,0
2005-09-13,16.3429,16.4286,16.2381,16.2571,7.93821,226695,0,0
2005-09-14,16.2095,16.3619,16.0857,16.0857,7.8545,134715,0,0
2005-09-15,16.2,16.2,15.9905,16.2,7.9103,227220,0,0
2005-09-16,16.1143,16.2857,16.1048,16.2381,7.92891,190785,0,0
2005-09-19,15.9905,16.219,15.9048,15.9619,7.8609,184065,0.138095,0
2005-09-20,15.8857,15.981,15.8,15.8095,7.78585,394485,0,0
2005-09-21,15.819,15.819,15.5048,15.5429,7.65453,229845,0,0
2005-09-22,15.619,15.7524,15.4286,15.5619,7.6639,402150,0,0
2005-09-23,15.6381,15.6381,15.5333,15.619,7.69205,189630,0,0
2005-09-26,15.6476,15.981,15.619,15.9619,7.8609,362565,0,0
2005-09-27,16,16.0286,15.8095,15.8952,7.82806,271635,0,0
2005-09-28,15.9619,16.1048,15.7905,15.8857,7.82337,265020,0,0
2005-09-29,15.9619,15.981,15.781,15.9619,7.8609,160020,0,0
2005-09-30,16.0476,16.0476,15.8381,15.981,7.87028,132405,0,0
2005-10-03,15.9429,16.1048,15.8381,15.8667,7.81399,283920,0,0
2005-10-04,15.8095,16.019,15.6286,15.6381,7.70143,179655,0,0
2005-10-05,15.581,15.6571,15.3714,15.4095,7.58886,192255,0,0
2005-10-06,15.4476,15.6095,15.2667,15.3905,7.57948,127995,0,0
2005-10-07,15.3143,15.4857,15.3143,15.381,7.57479,76650,0,0
2005-10-10,15.4762,15.4857,15.3143,15.4286,7.59824,77595,0,0
2005-10-11,15.5238,15.5238,15.2667,15.2667,7.51851,126000,0,0
2005-10-12,15.3905,15.4381,14.9524,15,7.38718,240870,0,0
2005-10-13,15.0476,15.0571,14.8667,15.019,7.39656,229845,0,0
2005-10-14,15.2952,15.3143,15.0286,15.181,7.4763,248010,0,0
2005-10-17,15.0857,15.3143,15,15.1714,7.47161,266385,0,0
2005-10-18,15.0952,15.2381,14.9905,15.1524,7.46222,154560,0,0
2005-10-19,15.2381,15.419,15.0381,15.4095,7.58886,175875,0,0
2005-10-20,15.2762,15.4952,15.0762,15.1238,7.44815,335895,0,0
2005-10-21,15.2,15.4667,15.1524,15.4667,7.617,271530,0,0
2005-10-24,15.4762,15.6667,15.4286,15.6381,7.70143,193620,0,0
2005-10-25,15.6571,15.6571,15.3238,15.5238,7.64515,255780,0,0
2005-10-26,15.5143,15.7714,15.4952,15.5429,7.65453,161490,0,0
2005-10-27,15.4857,15.581,15.4476,15.5238,7.64515,122640,0,0
2005-10-28,15.5905,16.0762,15.5714,16.0286,7.89373,258720,0,0
2005-10-31,15.981,16.2286,15.9619,16.0095,7.88435,377160,0,0
2005-11-01,16.0857,16.0857,15.9429,16.0762,7.91718,119595,0,0
2005-11-02,15.9619,16.181,15.8571,16.0667,7.91249,89775,0,0
2005-11-03,16.0095,16.1143,15.8476,16.0286,7.89373,101220,0,0
2005-11-04,16,16.181,15.9619,16.1333,7.94532,128100,0,0
2005-11-07,16.0857,16.1714,16.0667,16.1524,7.9547,100590,0,0
2005-11-08,16.0762,16.1905,16.0476,16.1619,7.95939,59430,0,0
2005-11-09,16.1429,16.219,16.1238,16.1524,7.9547,121485,0,0
2005-11-10,16.1429,16.4286,16.1429,16.4286,8.09072,138285,0,0
2005-11-11,16.419,16.619,16.381,16.5714,8.16107,123480,0,0
2005-11-14,16.619,16.6286,16.4667,16.6286,8.18922,193515,0,0
2005-11-15,16.6381,16.6667,16.4476,16.5333,8.14231,189945,0,0
2005-11-16,16.381,16.5905,16.2095,16.2571,8.0063,68985,0,0
2005-11-17,16.3905,16.3905,16.2381,16.381,8.06727,120540,0,0
2005-11-18,16.4667,16.5238,16.3619,16.4857,8.11886,106575,0,0
2005-11-21,16.4286,16.5714,16.2952,16.5619,8.15638,153720,0,0
2005-11-22,16.4286,16.5714,16.3524,16.5048,8.12824,204330,0,0
2005-11-23,16.2381,16.6286,16.2381,16.581,8.16576,161175,0,0
2005-11-25,16.5238,16.6286,16.4381,16.619,8.18452,49035,0,0
2005-11-28,16.6667,16.6667,16.5238,16.5429,8.147,105735,0,0
2005-11-29,16.5714,16.6571,16.4952,16.5524,8.15169,130620,0,0
2005-11-30,16.4952,16.6476,16.3238,16.5524,8.15169,197925,0,0
2005-12-01,16.5714,16.7619,16.4476,16.7524,8.25019,399315,0,0
2005-12-02,16.6667,16.6762,16.5143,16.6667,8.20798,144060,0,0
2005-12-05,16.7143,16.7143,16.3238,16.5238,8.13762,177870,0,0
2005-12-06,16.5619,16.5619,16.419,16.4571,8.10479,219975,0,0
2005-12-07,16.5143,16.5143,16.2857,16.419,8.08603,175245,0,0
2005-12-08,16.381,16.3905,16.2095,16.3429,8.04851,203490,0,0
2005-12-09,16.4,16.6381,16.1905,16.5524,8.15169,243390,0,0
2005-12-12,16.6857,16.6857,16.4095,16.4667,8.10948,198345,0,0
2005-12-13,16.5048,16.6952,16.3524,16.6667,8.20798,223755,0,0
2005-12-14,16.5238,16.7524,16.5238,16.619,8.18452,178710,0,0
2005-12-15,16.6667,16.7238,16.4286,16.5238,8.13762,145215,0,0
2005-12-16,16.6571,16.6952,16.5333,16.6667,8.20798,239925,0,0
2005-12-19,16.5619,16.5619,16.3429,16.4,8.14413,241815,0.138095,0
2005-12-20,16.3524,16.6667,16.3524,16.5429,8.21507,222600,0,0
2005-12-21,16.4571,16.7619,16.4571,16.6095,8.24818,227745,0,0
2005-12-22,16.7429,16.8095,16.5238,16.619,8.25291,146265,0,0
2005-12-23,16.4952,16.7429,16.4952,16.7048,8.29547,212415,0,0
2005-12-27,16.7524,16.9048,16.5905,16.7619,8.32385,288015,0,0
2005-12-28,16.5238,16.8952,16.381,16.7619,8.32385,283710,0,0
2005-12-29,16.7048,16.9048,16.6952,16.7524,8.31912,191835,0,0
2005-12-30,16.6667,16.9048,16.6667,16.7619,8.32385,322560,0,0
2006-01-03,16.6857,16.7429,16.5524,16.6762,8.28128,593250,0,0
2006-01-04,16.5905,16.8857,16.5333,16.7524,8.31912,196140,0,0
2006-01-05,16.7143,16.7714,16.581,16.7619,8.32385,285705,0,0
2006-01-06,16.6667,16.7905,16.5238,16.7524,8.31912,338310,0,0
2006-01-09,16.6667,16.8952,16.6667,16.819,8.35223,196035,0,0
2006-01-10,16.8095,16.9905,16.7714,16.9905,8.43736,343455,0,0
2006-01-11,17.0476,17.1333,16.9048,17.1333,8.5083,278985,0,0
2006-01-12,16.981,17.1429,16.981,17.0476,8.46573,209685,0,0
2006-01-13,17.019,17.1238,16.9143,16.9524,8.41844,330855,0,0
2006-01-17,17.1429,17.1429,16.8095,16.8095,8.34749,373695,0,0
2006-01-18,16.8571,17,16.5333,16.7905,8.33804,780465,0,0
2006-01-19,16.7905,16.9048,16.4,16.4286,8.15832,472080,0,0
2006-01-20,16.3905,16.4286,16.0667,16.2571,8.07319,431025,0,0
2006-01-23,16.3524,16.5238,16.2667,16.4857,8.1867,362040,0,0
2006-01-24,16.5143,16.6,16.4762,16.5333,8.21034,259455,0,0
2006-01-25,16.4667,16.581,16.4571,16.5429,8.21507,164115,0,0
2006-01-26,17.0667,17.1619,16.8857,17.1238,8.50357,1209285,0,0
2006-01-27,17.1429,17.1429,16.9524,17.019,8.45154,352275,0,0
2006-01-30,17.0286,17.0286,16.9333,16.9905,8.43736,238350,0,0
2006-01-31,16.9429,17.1619,16.9333,17.0952,8.48938,452235,0,0
2006-02-01,17.1238,17.3524,17.0667,17.2857,8.58397,899115,0,0
2006-02-02,17.2381,17.2952,17.0381,17.0762,8.47992,719250,0,0
2006-02-03,17.0857,17.0857,16.6857,16.8762,8.3806,535185,0,0
2006-02-06,16.819,16.8381,16.6762,16.7048,8.29547,427035,0,0
2006-02-07,16.7143,16.7905,16.5905,16.7048,8.29547,557340,0,0
2006-02-08,16.6667,16.6762,16.3429,16.5714,8.22926,794010,0,0
2006-02-09,16.619,16.7429,16.4952,16.6,8.24345,357840,0,0
2006-02-10,16.6667,16.7333,16.5238,16.6667,8.27656,1010310,0,0
2006-02-13,16.581,16.6857,16.5714,16.6667,8.27656,378945,0,0
2006-02-14,16.6667,16.9714,16.6667,16.8952,8.39006,219660,0,0
2006-02-15,16.8381,16.9238,16.8,16.8476,8.36641,333480,0,0
2006-02-16,16.8286,16.9238,16.8095,16.8762,8.3806,684915,0,0
2006-02-17,16.8952,16.8952,16.7429,16.8,8.34277,187845,0,0
2006-02-21,16.8667,16.8667,16.6476,16.7238,8.30493,214935,0,0
2006-02-22,16.7143,17.0762,16.7048,17.0476,8.46573,276150,0,0
2006-02-23,16.9429,17.0476,16.8571,17.0381,8.46101,276150,0,0
2006-02-24,17.0476,17.0476,16.8571,16.9714,8.4279,186060,0,0
2006-02-27,17.0381,17.0381,16.8571,16.9429,8.41371,141855,0,0
2006-02-28,16.8667,16.8952,16.7048,16.7619,8.32385,397950,0,0
2006-03-01,16.7333,16.9238,16.7143,16.9048,8.39479,184800,0,0
2006-03-02,16.8286,16.9429,16.6857,16.8095,8.34749,215985,0,0
2006-03-03,16.8095,16.8857,16.6952,16.6952,8.29074,207585,0,0
2006-03-06,16.6667,16.6952,16.381,16.4286,8.15832,301350,0,0
2006-03-07,16.4286,16.4476,16.3143,16.4095,8.14886,278565,0,0
2006-03-08,16.3619,16.381,16.2667,16.2952,8.09211,354270,0,0
2006-03-09,16.2667,16.3524,16.1048,16.2857,8.08737,213675,0,0
2006-03-10,16.2381,16.4286,16.2381,16.4286,8.15832,246015,0,0
2006-03-13,16.4095,16.6667,16.3714,16.5524,8.2198,195930,0,0
2006-03-14,16.4667,16.5143,16.3429,16.4286,8.15832,338310,0,0
2006-03-15,16.3524,16.6,16.3524,16.5714,8.22926,182070,0,0
2006-03-16,16.619,16.6762,16.4762,16.4952,8.19142,161490,0,0
2006-03-17,16.5524,16.5905,16.4952,16.5333,8.21034,173355,0,0
2006-03-20,16.4857,16.5048,16.3333,16.4286,8.22703,232155,0.138095,0
2006-03-21,16.2857,16.5048,16.2095,16.2857,8.15549,234255,0,0
2006-03-22,16.2857,16.4381,16.2476,16.3714,8.19842,291270,0,0
2006-03-23,16.4095,16.4381,16.2381,16.3905,8.20796,74760,0,0
2006-03-24,16.419,16.4286,16.2952,16.4,8.21273,97545,0,0
2006-03-27,16.381,16.3905,16.2381,16.2667,8.14596,140805,0,0
2006-03-28,16.2,16.2857,16.1333,16.2095,8.11734,164430,0,0
2006-03-29,16.2476,16.2476,16.0857,16.1714,8.09827,182490,0,0
2006-03-30,16.1429,16.2762,16.1429,16.2667,8.14596,173775,0,0
2006-03-31,16.2381,16.381,16.1429,16.3714,8.19842,177030,0,0
2006-04-03,16.3429,16.3714,16.181,16.3143,8.1698,186165,0,0
2006-04-04,16.3714,16.4667,16.1619,16.4095,8.21749,278670,0,0
2006-04-05,16.381,16.381,16.1333,16.2381,8.13165,260820,0,0
2006-04-06,16.1905,16.2095,16.0095,16.0571,8.04103,298095,0,0
2006-04-07,16,16.1714,16,16.1143,8.06965,217350,0,0
2006-04-10,16.0857,16.1143,15.8571,16.0381,8.03149,195825,0,0
2006-04-11,15.9048,16.0952,15.8095,15.8381,7.93134,167160,0,0
2006-04-12,15.9524,16.0571,15.6667,15.7619,7.89318,187740,0,0
2006-04-13,15.8,15.8571,15.6762,15.7429,7.88365,69510,0,0
2006-04-17,15.9429,15.9714,15.6952,15.9048,7.96472,212625,0,0
2006-04-18,15.9524,16.1524,15.8,16.1524,8.08872,292740,0,0
2006-04-19,16.0476,16.0476,15.6667,15.819,7.9218,307125,0,0
2006-04-20,15.7143,15.8952,15.7048,15.7143,7.86934,294420,0,0
2006-04-21,15.8095,15.8095,15.6667,15.7333,7.87888,282975,0,0
2006-04-24,15.7524,15.7714,15.6476,15.7524,7.88842,415065,0,0
2006-04-25,15.781,15.781,15.6,15.6095,7.81687,312375,0,0
2006-04-26,15.6,15.9238,15.5905,15.6571,7.84072,304080,0,0
2006-04-27,15.6571,15.7333,15.5714,15.6952,7.8598,473970,0,0
2006-04-28,15.7619,15.7619,15.5714,15.6667,7.84549,434385,0,0
2006-05-01,15.7143,15.7333,15.5714,15.5714,7.7978,216195,0,0
2006-05-02,15.5714,15.7143,15.5619,15.6476,7.83595,374640,0,0
2006-05-03,15.581,15.6952,15.5714,15.6952,7.8598,234990,0,0
2006-05-04,15.7143,15.7619,15.6476,15.7048,7.86456,177870,0,0
2006-05-05,15.7619,16.0095,15.6476,15.981,8.00288,906255,0,0
2006-05-08,15.9619,16.019,15.9048,15.9619,7.99334,273105,0,0
2006-05-09,15.9429,15.9524,15.8952,15.9524,7.98857,149205,0,0
2006-05-10,15.8952,15.9524,15.819,15.8952,7.95995,178290,0,0
2006-05-11,15.9238,15.9238,15.6381,15.6476,7.83595,154455,0,0
2006-05-12,15.6476,15.7048,15.5333,15.5905,7.80734,283395,0,0
2006-05-15,15.5429,15.8,15.5238,15.7143,7.86934,261240,0,0
2006-05-16,15.7143,15.7429,15.5429,15.619,7.82165,210000,0,0
2006-05-17,15.65,15.69,15.41,15.56,7.79208,309600,0,1.05
2006-05-18,15.55,15.66,15.45,15.46,7.74199,227900,0,0
2006-05-19,15.53,15.66,15.43,15.48,7.75201,330200,0,0
2006-05-22,15.39,15.58,15.36,15.5,7.76203,278900,0,0
2006-05-23,15.51,15.66,15.45,15.49,7.75702,381500,0,0
2006-05-24,15.46,15.53,15.45,15.49,7.75702,368600,0,0
2006-05-25,15.5,15.66,15.5,15.59,7.80709,247700,0,0
2006-05-26,15.58,15.78,15.58,15.72,7.8722,225100,0,0
2006-05-30,15.78,15.99,15.48,15.49,7.75702,674400,0,0
2006-05-31,15.5,15.92,15.5,15.67,7.84716,742800,0,0
2006-06-01,15.71,16.05,15.69,16,8.01241,496500,0,0
2006-06-02,16,16.22,15.93,16.08,8.05247,400500,0,0
2006-06-05,16.02,16.06,15.69,15.71,7.86719,212900,0,0
2006-06-06,15.76,15.87,15.7,15.74,7.88222,278200,0,0
2006-06-07,15.77,15.94,15.76,15.79,7.90725,325300,0,0
2006-06-08,15.69,15.89,15.4,15.86,7.94231,349800,0,0
2006-06-09,15.85,16,15.83,15.95,7.98738,190300,0,0
2006-06-12,15.95,15.99,15.85,15.92,7.97235,328800,0,0
2006-06-13,15.86,16.03,15.85,15.93,7.97736,289100,0,0
2006-06-14,15.89,15.92,15.41,15.56,7.79208,427400,0,0
2006-06-15,15.54,15.7,15.45,15.69,7.93263,306800,0.148,0
2006-06-16,15.7,15.82,15.63,15.71,7.94274,360100,0,0
2006-06-19,15.84,16,15.57,15.6,7.88712,311400,0,0
2006-06-20,15.5,15.79,15.5,15.6,7.88712,219300,0,0
2006-06-21,15.55,15.79,15.55,15.71,7.94274,225200,0,0
2006-06-22,15.74,15.74,15.62,15.69,7.93263,312200,0,0
2006-06-23,15.75,15.75,15.5,15.56,7.8669,363100,0,0
2006-06-26,15.62,15.8,15.58,15.79,7.98319,300100,0,0
2006-06-27,15.77,15.88,15.65,15.79,7.98319,562300,0,0
2006-06-28,15.8,15.93,15.54,15.71,7.94274,234800,0,0
2006-06-29,15.69,16,15.54,15.98,8.07925,323600,0,0
2006-06-30,15.84,16,15.78,15.92,8.04891,428500,0,0
2006-07-03,15.9,16.13,15.9,16.13,8.15508,209200,0,0
2006-07-05,16.11,16.11,16,16.04,8.10958,251400,0,0
2006-07-06,16.13,16.15,15.97,16.07,8.12475,361000,0,0
2006-07-07,16.03,16.3,16.02,16.09,8.13486,135800,0,0
2006-07-10,16.06,16.25,16.06,16.17,8.17531,162000,0,0
2006-07-11,16.11,16.15,15.97,16.14,8.16014,140100,0,0
2006-07-12,16,16.22,15.91,15.98,8.07925,182200,0,0
2006-07-13,15.9,15.99,15.55,15.61,7.89218,236200,0,0
2006-07-14,15.56,15.77,15.56,15.74,7.95791,319900,0,0
2006-07-17,15.92,15.92,15.66,15.77,7.97307,230800,0,0
2006-07-18,15.75,16.3,15.7,15.91,8.04386,197200,0,0
2006-07-19,16,16.3,15.85,16.28,8.23092,252200,0,0
2006-07-20,16.14,16.45,16.01,16.28,8.23092,489500,0,0
2006-07-21,16.34,16.36,16,16.3,8.24103,401900,0,0
2006-07-24,16.21,16.4,16.21,16.33,8.25621,202000,0,0
2006-07-25,16.4,16.5,16.22,16.29,8.23598,419000,0,0
2006-07-26,16.33,16.45,16.21,16.36,8.27137,226800,0,0
2006-07-27,16.35,16.52,16.32,16.48,8.33204,449400,0,0
2006-07-28,16.38,16.75,16,16.65,8.41799,329900,0,0
2006-07-31,16.73,16.73,16.42,16.55,8.36743,288700,0,0
2006-08-01,16.49,16.54,16.41,16.53,8.35732,239700,0,0
2006-08-02,16.51,16.59,16.4,16.54,8.36238,303000,0,0
2006-08-03,16.54,16.99,16.42,16.77,8.47866,507800,0,0
2006-08-04,16.8,16.96,16.63,16.67,8.4281,147400,0,0
2006-08-07,16.59,16.72,16.5,16.6,8.39271,156900,0,0
2006-08-08,16.57,16.72,16.43,16.52,8.35226,152800,0,0
2006-08-09,16.54,16.6,16.18,16.26,8.22081,198800,0,0
2006-08-10,16.28,16.38,16.16,16.33,8.25621,172300,0,0
2006-08-11,16.3,16.34,16.11,16.25,8.21575,109500,0,0
2006-08-14,16.36,16.47,16.21,16.22,8.20059,108900,0,0
2006-08-15,16.21,16.54,16.21,16.54,8.36238,212800,0,0
2006-08-16,16.35,16.63,16.18,16.51,8.34721,211300,0,0
2006-08-17,16.45,16.63,16.45,16.57,8.37754,212800,0,0
2006-08-18,16.62,16.7,16.5,16.58,8.3826,164000,0,0
2006-08-21,16.49,16.7,16.49,16.64,8.41293,292500,0,0
2006-08-22,16.67,16.7,16.55,16.64,8.41293,141300,0,0
2006-08-23,16.6,16.76,16.48,16.54,8.36238,207400,0,0
2006-08-24,16.47,16.61,16.47,16.53,8.35732,103600,0,0
2006-08-25,16.56,16.56,16.44,16.5,8.34215,117700,0,0
2006-08-28,16.44,16.65,16.4,16.63,8.40787,279400,0,0
2006-08-29,16.68,16.7,16.55,16.65,8.41799,128700,0,0
2006-08-30,16.62,16.79,16.6,16.73,8.45844,113600,0,0
2006-08-31,16.65,16.7,16.58,16.7,8.44327,180100,0,0
2006-09-01,16.71,16.73,16.57,16.65,8.41799,196100,0,0
2006-09-05,16.74,16.74,16.55,16.63,8.40787,202200,0,0
2006-09-06,16.53,16.6,16.45,16.56,8.37249,192000,0,0
2006-09-07,16.45,16.6,16.43,16.49,8.3371,217500,0,0
2006-09-08,16.48,16.5,16.37,16.49,8.3371,234600,0,0
2006-09-11,16.5,16.61,16.41,16.56,8.37249,108000,0,0
2006-09-12,16.52,16.79,16.48,16.77,8.47866,110800,0,0
2006-09-13,16.6,16.71,16.59,16.67,8.4281,171600,0,0
2006-09-14,16.6,16.66,16.55,16.66,8.42305,74100,0,0
2006-09-15,16.68,16.75,16.58,16.65,8.41799,135000,0,0
2006-09-18,16.75,16.75,16.55,16.67,8.4281,136200,0,0
2006-09-19,16.63,16.63,16.32,16.45,8.39137,273200,0.148,0
2006-09-20,16.52,16.65,16.44,16.52,8.42708,403000,0,0
2006-09-21,16.65,16.65,16.36,16.38,8.35566,186100,0,0
2006-09-22,16.41,16.43,16.16,16.31,8.31996,222300,0,0
2006-09-25,16.28,16.45,16.16,16.4,8.36587,427500,0,0
2006-09-26,16.43,16.43,16.2,16.37,8.35056,356200,0,0
2006-09-27,16.31,16.45,16.31,16.38,8.35566,337900,0,0
2006-09-28,16.33,16.44,16.31,16.38,8.35566,254400,0,0
2006-09-29,16.44,16.44,16.17,16.19,8.25874,264800,0,0
2006-10-02,16.15,16.21,15.96,16.06,8.19243,188600,0,0
2006-10-03,16.14,16.17,15.98,16.1,8.21283,461100,0,0
2006-10-04,16.03,16.2,15.98,16.18,8.25364,274400,0,0
2006-10-05,16.04,16.32,16.04,16.27,8.29955,211100,0,0
2006-10-06,16.22,16.28,16,16.1,8.21283,210800,0,0
2006-10-09,16.13,16.38,16.11,16.36,8.34546,662400,0,0
2006-10-10,16.37,16.38,16.15,16.27,8.29955,209200,0,0
2006-10-11,16.31,16.39,16.22,16.37,8.35056,305100,0,0
2006-10-12,16.38,16.55,16.36,16.5,8.41688,320500,0,0
2006-10-13,16.54,16.54,16.44,16.51,8.42198,329700,0,0
2006-10-16,16.65,16.69,16.29,16.48,8.40667,598500,0,0
2006-10-17,16.49,16.6,16.25,16.34,8.33526,877000,0,0
2006-10-18,16.35,16.51,16.17,16.29,8.30975,779500,0,0
2006-10-19,16.01,16.25,15.9,15.95,8.13631,590800,0,0
2006-10-20,15.97,16.06,15.8,15.84,8.0802,509500,0,0
2006-10-23,15.85,16.02,15.75,15.98,8.15162,331300,0,0
2006-10-24,15.96,16.02,15.81,15.91,8.11591,207200,0,0
2006-10-25,15.86,16,15.84,15.89,8.10571,199400,0,0
2006-10-26,15.86,16.11,15.83,16.11,8.21794,376600,0,0
2006-10-27,16.05,16.1,15.88,16.01,8.16692,233100,0,0
2006-10-30,15.96,16.08,15.89,15.98,8.15162,206000,0,0
2006-10-31,15.94,16.04,15.87,16.01,8.16692,400000,0,0
2006-11-01,15.87,16.03,15.84,15.86,8.0904,154600,0,0
2006-11-02,15.86,15.89,15.68,15.8,8.0598,208600,0,0
2006-11-03,15.79,15.88,15.71,15.77,8.0445,146500,0,0
2006-11-06,15.78,16.01,15.73,15.97,8.14652,352900,0,0
2006-11-07,15.88,16.01,15.85,15.93,8.12611,168900,0,0
2006-11-08,15.94,16.02,15.81,15.98,8.15162,125900,0,0
2006-11-09,15.91,16.01,15.65,15.91,8.11591,156000,0,0
2006-11-10,15.86,16.05,15.84,16.02,8.17202,183300,0,0
2006-11-13,16.02,16.1,15.92,16.07,8.19753,212300,0,0
2006-11-14,16.04,16.2,15.93,16.17,8.24854,247600,0,0
2006-11-15,16.17,16.38,16.12,16.31,8.31996,268400,0,0
2006-11-16,16.39,16.56,16.3,16.56,8.44749,408400,0,0
2006-11-17,16.51,16.55,16.39,16.55,8.44238,222100,0,0
2006-11-20,16.5,16.57,16.41,16.5,8.41688,92600,0,0
2006-11-21,16.47,16.51,16.35,16.39,8.36077,118000,0,0
2006-11-22,16.49,16.49,16.19,16.3,8.31485,207600,0,0
2006-11-24,16.22,16.32,16.22,16.32,8.32506,66500,0,0
2006-11-27,16.28,16.31,15.97,16.1,8.21283,204200,0,0
2006-11-28,16.15,16.17,16,16.05,8.18732,159100,0,0
2006-11-29,16.07,16.25,15.99,16.19,8.25874,240100,0,0
2006-11-30,16.23,16.25,15.97,16.25,8.28935,275300,0,0
2006-12-01,16.27,16.29,15.87,16.08,8.20263,242000,0,0
2006-12-04,15.96,16.35,15.96,16.31,8.31996,221400,0,0
2006-12-05,16.35,16.39,16.19,16.34,8.33526,154300,0,0
2006-12-06,16.29,16.34,16.17,16.23,8.27915,108800,0,0
2006-12-07,16.17,16.35,16.04,16.13,8.22814,145200,0,0
2006-12-08,16.08,16.21,16,16.12,8.22303,95300,0,0
2006-12-11,16.12,16.18,16.09,16.15,8.23834,96000,0,0
2006-12-12,16.1,16.35,16.08,16.28,8.30465,241000,0,0
2006-12-13,16.25,16.35,16.23,16.28,8.30465,133700,0,0
2006-12-14,16.3,16.49,16.29,16.44,8.38627,196200,0,0
2006-12-15,16.39,16.54,16.37,16.49,8.41178,282700,0,0
2006-12-18,16.46,16.55,16.35,16.43,8.38117,136700,0,0
2006-12-19,16.14,16.46,16.14,16.37,8.42647,265600,0.148,0
2006-12-20,16.31,16.45,16.31,16.4,8.44191,161100,0,0
2006-12-21,16.36,16.51,16.32,16.44,8.4625,242400,0,0
2006-12-22,16.39,16.46,16.34,16.35,8.41617,143100,0,0
2006-12-26,16.3,16.58,16.3,16.58,8.53457,124200,0,0
2006-12-27,16.25,16.8,16.25,16.75,8.62208,342500,0,0
2006-12-28,16.68,16.88,16.65,16.74,8.61692,181200,0,0
2006-12-29,16.69,16.85,16.68,16.7,8.59634,258100,0,0
2007-01-03,16.62,16.81,16.51,16.69,8.59118,416000,0,0
2007-01-04,16.58,16.68,16.49,16.51,8.49853,374600,0,0
2007-01-05,16.46,16.54,16.09,16.22,8.34926,351200,0,0
2007-01-08,16.18,16.27,16,16.21,8.34411,218300,0,0
2007-01-09,16.2,16.24,16.01,16.15,8.31322,168900,0,0
2007-01-10,16.06,16.19,16.05,16.18,8.32867,134700,0,0
2007-01-11,16.19,16.32,16.1,16.22,8.34926,143600,0,0
2007-01-12,16.25,16.25,16.08,16.19,8.33382,215900,0,0
2007-01-16,16.26,16.35,16.04,16.04,8.2566,304200,0,0
2007-01-17,16,16.08,15.57,15.6,8.03011,950100,0,0
2007-01-18,15.65,15.71,15.35,15.62,8.04041,907600,0,0
2007-01-19,15.57,15.66,15.4,15.47,7.96319,318800,0,0
2007-01-22,15.42,15.49,15.3,15.42,7.93745,477100,0,0
2007-01-23,15.62,15.76,15.51,15.68,8.07129,645000,0,0
2007-01-24,15.68,15.85,15.57,15.82,8.14335,602800,0,0
2007-01-25,15.79,15.88,15.57,15.6,8.03011,382500,0,0
2007-01-26,15.6,15.82,15.59,15.78,8.12277,428000,0,0
2007-01-29,15.69,15.89,15.66,15.87,8.16909,420900,0,0
2007-01-30,15.84,16,15.82,15.9,8.18454,293800,0,0
2007-01-31,15.94,16.05,15.74,16.01,8.24116,567100,0,0
2007-02-01,16.01,16.03,15.76,15.9,8.18454,676200,0,0
2007-02-02,15.91,16,15.86,16,8.23601,578100,0,0
2007-02-05,15.95,15.96,15.83,15.96,8.21542,348700,0,0
2007-02-06,15.93,16,15.8,16,8.23601,396100,0,0
2007-02-07,16.01,16.04,15.97,16.04,8.2566,144400,0,0
2007-02-08,15.97,16.05,15.9,16.05,8.26175,146900,0,0
2007-02-09,16,16.03,15.88,15.92,8.19483,258200,0,0
2007-02-12,15.96,15.97,15.86,15.96,8.21542,207800,0,0
2007-02-13,16.04,16.05,15.91,16.01,8.24116,208800,0,0
2007-02-14,16.03,16.12,16.01,16.06,8.2669,205500,0,0
2007-02-15,16.02,16.09,16,16.04,8.2566,191600,0,0
2007-02-16,16,16.08,15.98,16.07,8.27204,199200,0,0
2007-02-20,15.99,16.15,15.97,16.15,8.31322,168600,0,0
2007-02-21,16.09,16.15,16.06,16.09,8.28234,211900,0,0
2007-02-22,16.12,16.13,15.85,15.96,8.21542,868700,0,0
2007-02-23,15.97,16,15.84,15.84,8.15365,473900,0,0
2007-02-26,15.89,15.94,15.81,15.82,8.14335,557700,0,0
2007-02-27,15.72,15.73,15.41,15.42,7.93745,491500,0,0
2007-02-28,15.44,15.48,15.35,15.37,7.91172,522700,0,0
2007-03-01,15.35,15.46,15.15,15.35,7.90142,335800,0,0
2007-03-02,15.34,15.45,15.3,15.36,7.90657,234600,0,0
2007-03-05,15.25,15.25,15.06,15.07,7.75729,392600,0,0
2007-03-06,15.21,15.42,15.13,15.33,7.89113,288600,0,0
2007-03-07,15.31,15.34,15.12,15.19,7.81906,238000,0,0
2007-03-08,15.17,15.39,15.17,15.27,7.86024,162000,0,0
2007-03-09,15.23,15.37,15.2,15.26,7.8551,121000,0,0
2007-03-12,15.24,15.35,15.17,15.2,7.82421,254900,0,0
2007-03-13,15.15,15.19,14.85,14.86,7.64919,290000,0,0
2007-03-14,14.95,15.06,14.79,15.06,7.75214,296000,0,0
2007-03-15,15.09,15.25,15.06,15.2,7.82421,263400,0,0
2007-03-16,15.17,15.28,15.16,15.19,7.81906,302900,0,0
2007-03-19,15.28,15.3,15.18,15.2,7.82421,289500,0,0
2007-03-20,15.03,15.2,15.02,15.2,7.90114,234300,0.148,0
2007-03-21,15.19,15.57,15.16,15.53,8.07268,223000,0,0
2007-03-22,15.48,15.49,15.34,15.4,8.00511,239400,0,0
2007-03-23,15.35,15.45,15.35,15.4,8.00511,275700,0,0
2007-03-26,15.36,15.43,15.25,15.41,8.0103,250400,0,0
2007-03-27,14.54,15.14,14.5,14.95,7.77119,725600,0,0
2007-03-28,14.92,14.94,14.6,14.61,7.59445,645500,0,0
2007-03-29,14.66,14.7,14.56,14.64,7.61004,442400,0,0
2007-03-30,14.67,14.69,14.51,14.53,7.55287,495700,0,0
2007-04-02,14.53,14.54,14.25,14.26,7.41252,593000,0,0
2007-04-03,14.31,14.48,14.28,14.47,7.52168,376100,0,0
2007-04-04,14.45,14.46,14.26,14.33,7.44891,262000,0,0
2007-04-05,14.35,14.49,14.28,14.48,7.52688,406000,0,0
2007-04-09,14.47,14.52,14.4,14.52,7.54767,458100,0,0
2007-04-10,14.54,14.64,14.48,14.64,7.61004,415700,0,0
2007-04-11,14.7,14.7,14.52,14.57,7.57365,450100,0,0
2007-04-12,14.51,14.56,14.5,14.54,7.55807,489800,0,0
2007-04-13,14.49,14.64,14.49,14.58,7.57886,333700,0,0
2007-04-16,14.88,15,14.56,14.97,7.78159,485700,0,0
2007-04-17,15.15,15.32,14.91,15.03,7.81278,486000,0,0
2007-04-18,15.09,15.16,14.93,15.01,7.80238,477600,0,0
2007-04-19,14.95,14.96,14.71,14.77,7.67763,551700,0,0
2007-04-20,14.8,14.84,14.64,14.72,7.65163,415300,0,0
2007-04-23,14.76,14.79,14.52,14.53,7.55287,380900,0,0
2007-04-24,14.58,14.63,14.51,14.6,7.58925,341200,0,0
2007-04-25,14.65,14.8,14.62,14.79,7.68802,511000,0,0
2007-04-26,14.75,14.85,14.72,14.82,7.70362,413600,0,0
2007-04-27,14.82,14.89,14.71,14.76,7.67242,338800,0,0
2007-04-30,14.75,14.89,14.66,14.72,7.65163,449800,0,0
2007-05-01,14.78,14.78,14.56,14.72,7.65163,311400,0,0
2007-05-02,14.75,14.82,14.7,14.8,7.69322,505700,0,0
2007-05-03,14.81,14.88,14.78,14.88,7.7348,243200,0,0
2007-05-04,14.85,14.99,14.83,14.95,7.77119,551900,0,0
2007-05-07,14.96,15.05,14.88,14.93,7.76079,532400,0,0
2007-05-08,14.87,14.94,14.85,14.92,7.75559,254700,0,0
2007-05-09,14.84,15.1,14.78,15.09,7.84396,439500,0,0
2007-05-10,15.07,15.09,14.89,14.91,7.7504,365100,0,0
2007-05-11,14.98,15.07,14.87,15.07,7.83357,215000,0,0
2007-05-14,15.01,15.06,14.92,14.95,7.77119,238800,0,0
2007-05-15,14.95,15.05,14.85,14.87,7.72961,219800,0,0
2007-05-16,14.86,14.98,14.86,14.97,7.78159,230200,0,0
2007-05-17,14.9,14.95,14.87,14.9,7.7452,282500,0,0
2007-05-18,14.9,14.97,14.82,14.89,7.74,378800,0,0
2007-05-21,14.84,14.99,14.81,14.92,7.75559,403000,0,0
2007-05-22,14.85,14.96,14.84,14.9,7.7452,556800,0,0
2007-05-23,14.89,15,14.85,14.94,7.76599,398500,0,0
2007-05-24,14.94,15.03,14.83,14.86,7.7244,490300,0,0
2007-05-25,14.82,14.85,14.65,14.83,7.70881,349800,0,0
2007-05-29,14.85,15.03,14.8,14.97,7.78159,395600,0,0
2007-05-30,14.9,15.08,14.9,15.08,7.83876,384500,0,0
2007-05-31,15.06,15.28,15.04,15.25,7.92713,1013500,0,0
2007-06-01,15.25,15.32,15.17,15.32,7.96352,572200,0,0
2007-06-04,15.25,15.29,15.12,15.23,7.91674,287400,0,0
2007-06-05,15.19,15.22,15,15,7.79718,386000,0,0
2007-06-06,14.9,15,14.88,14.89,7.74,454500,0,0
2007-06-07,14.89,14.91,14.77,14.83,7.70881,474100,0,0
2007-06-08,14.83,15,14.77,15,7.79718,351700,0,0
2007-06-11,15,15.01,14.9,14.93,7.76079,332000,0,0
2007-06-12,14.88,14.9,14.71,14.73,7.65683,216700,0,0
2007-06-13,14.72,14.82,14.6,14.8,7.69322,398700,0,0
2007-06-14,14.74,14.91,14.69,14.8,7.69322,393500,0,0
2007-06-15,14.96,15.16,14.9,15.14,7.86995,600800,0,0
2007-06-18,15.08,15.1,14.71,14.75,7.74395,532700,0.15,0
2007-06-19,14.73,14.78,14.5,14.7,7.7177,469200,0,0
2007-06-20,14.68,14.74,14.59,14.62,7.6757,405900,0,0
2007-06-21,14.59,14.65,14.49,14.51,7.61795,466000,0,0
2007-06-22,14.49,14.51,14.26,14.27,7.49194,783100,0,0
2007-06-25,14.25,14.41,14.23,14.24,7.47619,343200,0,0
2007-06-26,14.25,14.4,14.25,14.36,7.53919,363400,0,0
2007-06-27,14.21,14.51,14.21,14.48,7.6022,545200,0,0
2007-06-28,14.42,14.61,14.33,14.51,7.61795,290200,0,0
2007-06-29,14.49,14.52,14.31,14.42,7.5707,640100,0,0
2007-07-02,14.49,14.57,14.39,14.43,7.57594,460300,0,0
2007-07-03,14.41,14.56,14.41,14.54,7.6337,163300,0,0
2007-07-05,14.52,14.64,14.42,14.5,7.6127,188600,0,0
2007-07-06,14.5,14.58,14.43,14.54,7.6337,281600,0,0
2007-07-09,14.55,14.57,14.4,14.46,7.59169,370900,0,0
2007-07-10,14.44,14.44,14.23,14.33,7.52344,763400,0,0
2007-07-11,14.37,14.37,14.24,14.34,7.52869,451500,0,0
2007-07-12,14.35,14.69,14.35,14.66,7.6967,348800,0,0
2007-07-13,14.69,14.69,14.56,14.63,7.68095,290100,0,0
2007-07-16,14.63,14.72,14.57,14.67,7.70195,476000,0,0
2007-07-17,14.67,14.73,14.59,14.63,7.68095,443200,0,0
2007-07-18,14.31,14.47,13.75,13.93,7.31344,1555500,0,0
2007-07-19,13.85,13.9,13.51,13.72,7.20319,1457700,0,0
2007-07-20,13.74,13.9,13.64,13.81,7.25044,1070800,0,0
2007-07-23,13.79,13.96,13.75,13.82,7.25569,825700,0,0
2007-07-24,13.73,13.81,13.39,13.45,7.06143,780500,0,0
2007-07-25,13.58,13.73,13.32,13.48,7.07718,1082800,0,0
2007-07-26,13.56,13.66,12.87,13.22,6.94068,1356100,0,0
2007-07-27,13.25,13.41,13.13,13.25,6.95643,751700,0,0
2007-07-30,13.29,13.39,13.11,13.31,6.98793,550000,0,0
2007-07-31,13.35,13.54,13.22,13.22,6.94068,500700,0,0
2007-08-01,13.22,13.47,13.14,13.43,7.05093,624000,0,0
2007-08-02,13.54,13.72,13.38,13.44,7.05618,447400,0,0
2007-08-03,13.41,13.51,13.1,13.19,6.92493,690600,0,0
2007-08-06,13.26,13.95,11.25,13.89,7.29244,3475400,0,0
2007-08-07,13.69,14.62,13.69,14.48,7.6022,1276900,0,0
2007-08-08,14.52,16.26,14.5,15.25,8.00645,1831700,0,0
2007-08-09,14.87,15.74,14.36,15.49,8.13246,2023600,0,0
2007-08-10,15.26,15.4,14.29,14.72,7.7282,1236800,0,0
2007-08-13,14.85,14.97,13.95,14.1,7.4027,596000,0,0
2007-08-14,14.17,14.23,13.76,13.82,7.25569,336100,0,0
2007-08-15,13.78,14.43,13.57,14.08,7.39219,681000,0,0
2007-08-16,14,15.07,13.96,15.06,7.9067,1265800,0,0
2007-08-17,15,15.99,15,15.34,8.05371,1060200,0,0
2007-08-20,15.44,15.48,14.96,15.23,7.99596,585000,0,0
2007-08-21,15.18,15.48,15.06,15.22,7.99071,421500,0,0
2007-08-22,15.28,15.48,14.98,15.24,8.0012,396600,0,0
2007-08-23,15.31,15.31,14.8,14.91,7.82795,345100,0,0
2007-08-24,14.91,14.99,14.35,14.99,7.86995,358400,0,0
2007-08-27,15,15,14.72,14.79,7.76495,342500,0,0
2007-08-28,14.64,14.69,14.4,14.4,7.56019,370700,0,0
2007-08-29,14.51,14.83,14.29,14.79,7.76495,281900,0,0
2007-08-30,14.61,14.85,14.46,14.55,7.63895,259200,0,0
2007-08-31,14.66,14.84,14.6,14.7,7.7177,257300,0,0
2007-09-04,14.63,14.89,14.61,14.79,7.76495,402000,0,0
2007-09-05,14.64,14.81,14.43,14.54,7.6337,256700,0,0
2007-09-06,14.53,14.68,14.4,14.61,7.67045,194400,0,0
2007-09-07,14.46,14.61,14.27,14.45,7.58645,340300,0,0
2007-09-10,14.46,14.49,14.09,14.25,7.48144,435000,0,0
2007-09-11,14.28,14.55,14.25,14.48,7.6022,284600,0,0
2007-09-12,14.47,14.53,14.21,14.33,7.52344,335500,0,0
2007-09-13,14.36,14.58,14.29,14.43,7.57594,317700,0,0
2007-09-14,14.29,14.56,14.25,14.5,7.6127,248000,0,0
2007-09-17,14.45,14.48,14.32,14.39,7.55494,214400,0,0
2007-09-18,14.32,15.2,14.31,15.14,7.9487,607400,0,0
2007-09-19,15.05,15.4,15.02,15.25,8.08657,479700,0.15,0
2007-09-20,15.25,15.25,14.95,15.03,7.96992,330000,0,0
2007-09-21,15.09,15.14,14.87,14.99,7.9487,415400,0,0
2007-09-24,14.95,15.09,14.69,14.75,7.82144,329000,0,0
2007-09-25,14.62,14.75,14.41,14.57,7.72599,257200,0,0
2007-09-26,14.59,14.84,14.51,14.67,7.77902,327900,0,0
2007-09-27,14.68,14.87,14.68,14.85,7.87447,181100,0,0
2007-09-28,14.71,14.77,14.28,14.38,7.62524,658500,0,0
2007-10-01,14.26,14.76,14.26,14.62,7.7525,581200,0,0
2007-10-02,14.6,14.83,14.55,14.78,7.83735,232700,0,0
2007-10-03,14.74,14.92,14.66,14.81,7.85326,399000,0,0
2007-10-04,14.79,14.95,14.79,14.91,7.90628,154900,0,0
2007-10-05,14.84,15.02,14.84,14.92,7.91159,291800,0,0
2007-10-08,14.88,14.98,14.81,14.86,7.87977,188000,0,0
2007-10-09,14.88,14.94,14.76,14.94,7.92219,200000,0,0
2007-10-10,15.01,15.01,14.74,14.76,7.82675,345700,0,0
2007-10-11,14.64,14.81,14.39,14.39,7.63054,871300,0,0
2007-10-12,14.4,14.47,14.17,14.23,7.5457,609200,0,0
2007-10-15,14.44,14.44,13.73,13.89,7.36541,985700,0,0
2007-10-16,13.93,13.94,13.4,13.45,7.13209,621600,0,0
2007-10-17,12.95,13.39,12.32,12.54,6.64955,3043600,0,0
2007-10-18,12.45,12.49,12.16,12.35,6.5488,1547200,0,0
2007-10-19,12.3,12.48,12.25,12.41,6.58061,915100,0,0
2007-10-22,12.35,12.74,12.19,12.7,6.7344,947500,0,0
2007-10-23,12.7,12.7,12.47,12.59,6.67607,487300,0,0
2007-10-24,12.49,12.69,12.07,12.38,6.56471,1172800,0,0
2007-10-25,12.3,12.95,12.3,12.59,6.67607,970700,0,0
2007-10-26,12.71,12.98,12.65,12.96,6.87226,500400,0,0
2007-10-29,13.02,13.09,12.86,12.94,6.86165,454400,0,0
2007-10-30,12.92,13.06,12.83,13.05,6.91999,496100,0,0
2007-10-31,13.1,13.24,12.67,13.11,6.9518,623200,0,0
2007-11-01,12.98,12.98,12.4,12.42,6.58592,560400,0,0
2007-11-02,12.55,12.55,11.85,12.1,6.41624,991200,0,0
2007-11-05,11.95,12.19,11.85,12.07,6.40032,613000,0,0
2007-11-06,12.08,12.15,11.87,12.15,6.44274,978900,0,0
2007-11-07,11.97,12.14,11.56,11.56,6.12989,645600,0,0
2007-11-08,11.63,12.09,11.49,12.03,6.37911,841700,0,0
2007-11-09,11.84,12.45,11.74,12.32,6.53289,723600,0,0
2007-11-12,12.2,12.64,12.18,12.31,6.52759,676500,0,0
2007-11-13,12.39,12.82,12.39,12.79,6.78212,532400,0,0
2007-11-14,12.85,13.05,12.28,12.42,6.58592,828000,0,0
2007-11-15,12.35,12.4,12.01,12.09,6.41093,724800,0,0
2007-11-16,11.98,12.36,11.91,12.17,6.45335,622400,0,0
2007-11-19,12.02,12.05,11.62,11.7,6.20413,789000,0,0
2007-11-20,11.68,11.96,11.36,11.63,6.16701,875800,0,0
2007-11-21,11.5,11.95,11.37,11.73,6.22003,753500,0,0
2007-11-23,11.8,12.15,11.8,12.05,6.38972,271700,0,0
2007-11-26,12,12.03,11.42,11.42,6.05565,656100,0,0
2007-11-27,11.45,11.9,11.45,11.76,6.23594,961900,0,0
2007-11-28,11.95,12.37,11.91,12.34,6.5435,846100,0,0
2007-11-29,12.22,12.26,11.96,12.11,6.42154,779900,0,0
2007-11-30,12.25,12.71,12.25,12.51,6.63364,1014000,0,0
2007-12-03,12.48,12.64,12.22,12.24,6.49047,626300,0,0
2007-12-04,12.11,12.2,11.98,12.09,6.41093,469700,0,0
2007-12-05,12.21,12.35,12.04,12.34,6.5435,623500,0,0
2007-12-06,12.25,12.7,12.24,12.68,6.72379,847800,0,0
2007-12-07,12.61,12.71,12.45,12.53,6.64425,654600,0,0
2007-12-10,12.52,12.8,12.51,12.79,6.78212,598000,0,0
2007-12-11,12.29,12.51,11.78,11.78,6.24655,1224100,0,0
2007-12-12,11.9,11.95,11.4,11.55,6.12459,926000,0,0
2007-12-13,11.48,11.48,9.91,11.06,5.86476,1280200,0,0
2007-12-14,10.96,11.15,10.86,10.88,5.76931,711500,0,0
2007-12-17,10.88,11.23,10.75,10.94,5.80112,753900,0,0
2007-12-18,11.09,11.28,10.88,11.12,5.89657,787500,0,0
2007-12-19,10.93,11.02,10.71,10.96,5.8912,776500,0.15,0
2007-12-20,10.95,11.1,10.85,11.08,5.9557,941400,0,0
2007-12-21,11.06,11.38,10.9,11.32,6.0847,1326800,0,0
2007-12-24,11.2,11.45,11.14,11.33,6.09007,262900,0,0
2007-12-26,11.41,11.42,11.21,11.38,6.11696,539000,0,0
2007-12-27,11.38,11.44,11,11.03,5.92882,768700,0,0
2007-12-28,11.05,11.23,10.9,10.95,5.88582,710700,0,0
2007-12-31,10.89,11.26,10.81,11.22,6.03095,976000,0,0
2008-01-02,11.11,11.2,10.66,10.86,5.83744,1357600,0,0
2008-01-03,10.78,11.01,10.38,10.38,5.57943,1100900,0,0
2008-01-04,10.35,10.36,10.05,10.12,5.43968,1259900,0,0
2008-01-07,10.32,10.52,10.13,10.29,5.53106,1187500,0,0
2008-01-08,10.45,10.56,10.03,10.03,5.39131,1024600,0,0
2008-01-09,10.03,10.33,9.83,10.32,5.54718,1542900,0,0
2008-01-10,10.47,10.73,10.11,10.52,5.65469,1128800,0,0
2008-01-11,10.34,10.7,10.25,10.45,5.61706,1106200,0,0
2008-01-14,10.6,10.72,10.11,10.25,5.50956,1347900,0,0
2008-01-15,10.4,10.58,9.91,10.13,5.44506,1798100,0,0
2008-01-16,10.21,10.4,10.1,10.27,5.52031,1878100,0,0
2008-01-17,10.35,10.47,10.04,10.11,5.4343,1339900,0,0
2008-01-18,10.16,10.34,9.88,10.07,5.4128,1213500,0,0
2008-01-22,9.85,10.91,9.85,10.51,5.64931,1736400,0,0
2008-01-23,10.25,12.12,10,11.99,6.44484,2291000,0,0
2008-01-24,11.99,12.74,11.85,12.29,6.60609,3175800,0,0
2008-01-25,12.44,12.58,11.74,11.74,6.31046,1506400,0,0
2008-01-28,11.73,12.27,11.33,12.25,6.5846,1514600,0,0
2008-01-29,12.3,12.7,11.93,12.69,6.8211,1179400,0,0
2008-01-30,12.75,13.02,12.34,12.49,6.7136,1313900,0,0
2008-01-31,12.3,12.73,11.88,12.61,6.7781,2114100,0,0
2008-02-01,12.71,12.98,12.48,12.88,6.92323,1208100,0,0
2008-02-04,12.83,12.87,12.52,12.7,6.82648,1272800,0,0
2008-02-05,12.55,12.7,12.2,12.27,6.59535,1368700,0,0
2008-02-06,12.27,12.64,11.97,12.27,6.59535,1075300,0,0
2008-02-07,12.16,12.74,12,12.7,6.82648,1522100,0,0
2008-02-08,12.61,12.81,12.38,12.6,6.77273,1606200,0,0
2008-02-11,12.6,12.6,12.22,12.26,6.58997,1073100,0,0
2008-02-12,12.57,12.7,12.14,12.25,6.5846,1358100,0,0
2008-02-13,12.46,12.49,12.08,12.47,6.70285,1498700,0,0
2008-02-14,12.49,12.67,12.3,12.3,6.61147,1028600,0,0
2008-02-15,12.85,12.85,12.02,12.26,6.58997,1319300,0,0
2008-02-19,12.38,12.5,11.95,12.07,6.48784,1375100,0,0
2008-02-20,12,12.49,12,12.46,6.69747,1169300,0,0
2008-02-21,12.41,12.64,12.09,12.09,6.49859,740800,0,0
2008-02-22,12.07,12.36,11.86,12.36,6.64372,983400,0,0
2008-02-25,12.38,12.56,12.09,12.55,6.74585,766800,0,0
2008-02-26,12.49,12.9,12.34,12.75,6.85335,860800,0,0
2008-02-27,12.59,12.93,12.58,12.66,6.80498,775900,0,0
2008-02-28,12.6,12.7,12.23,12.23,6.57384,798700,0,0
2008-02-29,12.1,12.2,11.6,11.63,6.25133,1067200,0,0
2008-03-03,11.67,11.8,11.5,11.58,6.22445,682300,0,0
2008-03-04,11.5,11.59,11.12,11.52,6.19221,1309300,0,0
2008-03-05,11.57,11.79,11.33,11.34,6.09545,1002900,0,0
2008-03-06,11.3,11.38,11,11,5.9127,808800,0,0
2008-03-07,11.03,11.44,10.92,11.26,6.05245,1049700,0,0
2008-03-10,11.31,11.31,11.01,11.11,5.97183,1367500,0,0
2008-03-11,11.27,12.37,11.13,12.37,6.64909,2720500,0,0
2008-03-12,12.32,12.72,11.86,11.88,6.38571,1299000,0,0
2008-03-13,11.68,12.06,11.43,12.04,6.47171,1505000,0,0
2008-03-14,12.35,12.45,11.81,12.21,6.56309,3107300,0,0
2008-03-17,11.52,12.24,11.52,12.06,6.48246,1757600,0,0
2008-03-18,11.25,12.47,11.25,12.39,6.74372,2080300,0.15,0
2008-03-19,12.5,12.66,12.19,12.24,6.66208,1695800,0,0
2008-03-20,12.3,13.04,12.08,13.04,7.09751,1528900,0,0
2008-03-24,13.21,13.69,13.07,13.32,7.24991,1950500,0,0
2008-03-25,13.26,13.33,12.87,13.1,7.13017,1219700,0,0
2008-03-26,13.04,13.14,12.77,12.92,7.0322,1189500,0,0
2008-03-27,12.96,13,12.49,12.49,6.79815,1003800,0,0
2008-03-28,12.55,12.65,12.05,12.08,6.575,1090900,0,0
2008-03-31,12.18,12.5,12.05,12.29,6.68929,923300,0,0
2008-04-01,12.44,13.14,12.44,13.13,7.14649,1334000,0,0
2008-04-02,13.13,13.66,12.95,13.46,7.32611,1902300,0,0
2008-04-03,13.26,13.37,13.11,13.24,7.20637,898000,0,0
2008-04-04,13.2,13.26,12.66,12.7,6.91246,1176400,0,0
2008-04-07,12.76,12.88,12.52,12.59,6.85258,1052400,0,0
2008-04-08,12.5,12.56,12.16,12.36,6.72739,872000,0,0
2008-04-09,12.3,12.45,11.94,11.96,6.50968,1004200,0,0
2008-04-10,12,12.19,11.69,11.93,6.49335,1535400,0,0
2008-04-11,11.7,12.02,11.68,11.71,6.37361,1357100,0,0
2008-04-14,11.74,11.75,11.32,11.36,6.18311,962000,0,0
2008-04-15,11.78,11.78,11.3,11.6,6.31374,1326200,0,0
2008-04-16,11.93,12.26,11.91,12.19,6.63486,1184300,0,0
2008-04-17,12.1,12.45,11.96,12.43,6.76549,1003500,0,0
2008-04-18,12.5,12.7,12.42,12.55,6.83081,1293900,0,0
2008-04-21,12.46,12.61,11.93,11.93,6.49335,763500,0,0
2008-04-22,11.71,12,11.49,11.7,6.36817,1271300,0,0
2008-04-23,12,12.23,11.87,11.96,6.50968,2294400,0,0
2008-04-24,12.01,12.56,11.98,12.49,6.79815,3124900,0,0
2008-04-25,12.7,12.89,12.01,12.83,6.98321,2026800,0,0
2008-04-28,12.88,13,12.68,12.88,7.01042,1306500,0,0
2008-04-29,12.81,12.93,12.74,12.78,6.95599,898600,0,0
2008-04-30,12.78,12.85,12.46,12.47,6.78727,1088500,0,0
2008-05-01,12.45,13.33,12.45,13.14,7.15194,1620700,0,0
2008-05-02,13.28,13.34,12.74,12.84,6.98865,1251200,0,0
2008-05-05,13.37,13.48,13.09,13.42,7.30434,1652100,0,0
2008-05-06,13.22,13.5,12.91,13.34,7.2608,1340600,0,0
2008-05-07,13.37,13.39,13.06,13.12,7.14106,1604800,0,0
2008-05-08,13.13,13.14,12.83,12.98,7.06485,1688000,0,0
2008-05-09,12.81,13.04,12.69,12.69,6.90701,1449000,0,0
2008-05-12,12.68,13.23,12.66,13.1,7.13017,1254600,0,0
2008-05-13,13.07,13.07,12.73,12.8,6.96688,958600,0,0
2008-05-14,12.81,12.95,12.73,12.88,7.01042,791400,0,0
2008-05-15,12.87,13,12.59,13,7.07574,935700,0,0
2008-05-16,13.09,13.09,12.63,12.75,6.93967,567000,0,0
2008-05-19,12.72,12.83,12.53,12.53,6.81992,826000,0,0
2008-05-20,12.53,12.55,12.31,12.48,6.79271,990100,0,0
2008-05-21,12.45,12.75,12.45,12.52,6.81448,1561100,0,0
2008-05-22,12.46,12.86,12.46,12.59,6.85258,889700,0,0
2008-05-23,12.55,12.55,12.37,12.37,6.73284,770300,0,0
2008-05-27,12.34,12.63,12.34,12.58,6.84714,926200,0,0
2008-05-28,12.66,12.68,12.25,12.46,6.78183,1820900,0,0
2008-05-29,12.5,12.76,12.35,12.7,6.91246,936700,0,0
2008-05-30,12.4,12.8,12.4,12.62,6.86891,1041700,0,0
2008-06-02,12.65,12.71,12.26,12.37,6.73284,690900,0,0
2008-06-03,12.45,12.45,12.15,12.3,6.69474,825700,0,0
2008-06-04,12.27,12.4,12.15,12.26,6.67297,1439200,0,0
2008-06-05,12.27,12.43,12.14,12.32,6.70562,936200,0,0
2008-06-06,12.1,12.25,11.65,11.72,6.37905,1902100,0,0
2008-06-09,11.79,11.86,11.09,11.09,6.03615,2278100,0,0
2008-06-10,11.05,11.39,11.02,11.24,6.1178,2160700,0,0
2008-06-11,11.21,11.29,10.88,10.89,5.92729,1474300,0,0
2008-06-12,11.03,11.26,10.86,10.92,5.94362,1370400,0,0
2008-06-13,11.06,11.06,10.38,10.79,5.87286,1878700,0,0
2008-06-16,10.82,11.18,10.72,11.09,6.03615,1222300,0,0
2008-06-17,11.18,11.26,10.68,10.76,5.85654,963300,0,0
2008-06-18,10.62,10.62,10.15,10.29,5.6799,1305900,0.15,0
2008-06-19,10.43,10.62,10.04,10.46,5.77374,2134800,0,0
2008-06-20,10.44,10.82,10.31,10.6,5.85102,2193200,0,0
2008-06-23,10.8,10.8,10.21,10.24,5.6523,1402700,0,0
2008-06-24,10.24,10.78,10.11,10.68,5.89517,3396400,0,0
2008-06-25,10.57,11.37,10.52,10.77,5.94485,2555100,0,0
2008-06-26,10.67,10.94,10.56,10.64,5.87309,2055900,0,0
2008-06-27,10.51,10.67,10.29,10.38,5.72958,1675800,0,0
2008-06-30,10.44,10.46,10.03,10.05,5.54742,1478300,0,0
2008-07-01,10,10.22,9.71,10.15,5.60262,2313300,0,0
2008-07-02,10.15,10.48,9.82,9.85,5.43703,2158600,0,0
2008-07-03,9.96,10.15,9.32,9.38,5.1776,1569100,0,0
2008-07-07,9.49,9.57,8.79,8.91,4.91817,3042300,0,0
2008-07-08,9.25,9.57,8.71,9.55,5.27143,3970800,0,0
2008-07-09,9.64,9.71,9.11,9.13,5.0396,2381000,0,0
2008-07-10,9.28,9.47,9.02,9.18,5.0672,2809900,0,0
2008-07-11,9.03,9.37,8.63,9.15,5.05064,3196700,0,0
2008-07-14,9.31,9.34,8.31,8.31,4.58697,2609500,0,0
2008-07-15,8.39,8.4,7.35,7.8,4.30546,5513700,0,0
2008-07-16,8.01,8.95,7.91,8.91,4.91817,3322200,0,0
2008-07-17,9.1,9.57,8.77,9.45,5.21623,3774400,0,0
2008-07-18,9.55,9.63,9.11,9.63,5.31559,2848900,0,0
2008-07-21,9.65,9.83,9.34,9.39,5.18311,2332800,0,0
2008-07-22,9.25,10.04,8.89,10.02,5.53087,3441300,0,0
2008-07-23,9.94,10.48,9.61,10.32,5.69646,3661600,0,0
2008-07-24,10.01,10.12,9.43,9.45,5.21623,3045000,0,0
2008-07-25,9.51,9.91,9.32,9.68,5.34319,2157600,0,0
2008-07-28,9.77,9.82,9.08,9.15,5.05064,2339500,0,0
2008-07-29,9.13,10.17,9.13,10.17,5.61366,2756900,0,0
2008-07-30,10.24,10.62,10.12,10.56,5.82894,3259700,0,0
2008-07-31,10.31,10.68,10.23,10.54,5.8179,1731800,0,0
2008-08-01,10.71,10.84,10.43,10.77,5.94485,1437400,0,0
2008-08-04,10.84,10.96,10.5,10.74,5.92829,1389100,0,0
2008-08-05,10.94,11.2,10.7,11.18,6.17117,1674100,0,0
2008-08-06,11.2,11.37,10.79,11.28,6.22636,1282500,0,0
2008-08-07,11.16,11.49,10.78,10.89,6.01109,2037600,0,0
2008-08-08,10.89,11.69,10.89,11.58,6.39196,1399800,0,0
2008-08-11,11.21,12.1,11.21,11.96,6.60171,1278000,0,0
2008-08-12,11.84,12.03,11.46,11.64,6.42508,1971600,0,0
2008-08-13,11.7,11.7,10.75,10.91,6.02213,1916600,0,0
2008-08-14,10.85,11.34,10.85,11.19,6.17668,975500,0,0
2008-08-15,11.51,11.96,11.34,11.6,6.403,1411700,0,0
2008-08-18,11.73,11.73,11.04,11.13,6.14356,993400,0,0
2008-08-19,11.12,11.17,10.44,10.59,5.84549,1534300,0,0
2008-08-20,10.75,10.77,10.15,10.44,5.7627,1059600,0,0
2008-08-21,10.21,10.56,10.2,10.44,5.7627,1223800,0,0
2008-08-22,10.52,10.89,10.37,10.7,5.90621,1140400,0,0
2008-08-25,10.74,10.89,10.32,10.33,5.70198,779700,0,0
2008-08-26,10.31,10.58,10.02,10.27,5.66886,1262700,0,0
2008-08-27,10.16,10.49,10.15,10.33,5.70198,986900,0,0
2008-08-28,10.48,10.69,10.11,10.69,5.90069,1342000,0,0
2008-08-29,10.55,10.77,10.44,10.66,5.88414,1137000,0,0
2008-09-02,10.93,11.17,10.65,10.85,5.98901,1092100,0,0
2008-09-03,10.74,11.34,10.63,11.34,6.25948,1163900,0,0
2008-09-04,11.21,11.27,10.73,10.73,5.92277,849900,0,0
2008-09-05,10.76,11.35,10.52,11.27,6.22084,778600,0,0
2008-09-08,11.68,12.43,11.46,11.94,6.59067,1749000,0,0
2008-09-09,11.95,12,11.4,11.55,6.3754,1529400,0,0
2008-09-10,11.86,11.91,10.94,11.5,6.3478,1312700,0,0
2008-09-11,11.33,11.93,11.12,11.89,6.56308,1577600,0,0
2008-09-12,11.67,12.52,11.66,12.3,6.78939,1994300,0,0
2008-09-15,11.76,12.64,11.51,12.16,6.71211,2576800,0,0
2008-09-16,11.69,13.18,11.61,13.17,7.26961,2746100,0,0
2008-09-17,12.55,12.95,11.95,12.23,6.82852,2321600,0.15,0
2008-09-18,12.26,14.12,11.4,13.88,7.74979,3924300,0,0
2008-09-19,14.5,17,13,14.26,7.96195,3241700,0,0
2008-09-22,13.5,14.25,12.47,12.47,6.96252,766700,0,0
2008-09-23,11.89,12.9,11.75,12.33,6.88435,469500,0,0
2008-09-24,12,13.33,12,12.93,7.21936,643700,0,0
2008-09-25,13.34,13.48,12.47,12.55,7.00719,757600,0,0
2008-09-26,12.5,12.59,11.9,12.15,6.78385,731100,0,0
2008-09-29,11.81,13.12,10.98,10.98,6.13059,1645100,0,0
2008-09-30,11.19,11.98,10.91,10.91,6.09151,1077000,0,0
2008-10-01,10.9,12.27,10.9,12.27,6.85085,1049900,0,0
2008-10-02,12.5,12.96,11.59,12.32,6.87877,674400,0,0
2008-10-03,12.51,13.04,12.13,12.13,6.77269,1224800,0,0
2008-10-06,11.52,11.99,10.65,10.97,6.12501,830500,0,0
2008-10-07,11.03,11.33,10.47,10.47,5.84584,820800,0,0
2008-10-08,10.53,10.74,10.03,10.03,5.60017,600300,0,0
2008-10-09,10.3,10.39,7.89,8.42,4.70124,2001800,0,0
2008-10-10,8,10,8,10,5.58342,2049500,0,0
2008-10-13,10.25,10.35,9.45,10.14,5.66159,1513000,0,0
2008-10-14,10.49,11.08,10.47,11.06,6.17526,1874600,0,0
2008-10-15,11.38,11.38,10.51,11.26,6.28693,2491400,0,0
2008-10-16,11.37,11.99,10.91,11.73,6.54935,1663200,0,0
2008-10-17,11.37,11.75,11.2,11.75,6.56051,1132700,0,0
2008-10-20,11.78,12,11.12,11.98,6.68893,613200,0,0
2008-10-21,11.59,11.99,11.21,11.33,6.32601,807400,0,0
2008-10-22,10.59,11.04,8.9,9.35,5.22049,2705200,0,0
2008-10-23,9.55,9.75,8.31,9.02,5.03624,6115800,0,0
2008-10-24,8.74,9.08,8.39,8.84,4.93574,1565900,0,0
2008-10-27,8.82,9.19,8.59,8.71,4.86316,1007300,0,0
2008-10-28,9.24,9.93,8.61,9.8,5.47175,1088000,0,0
2008-10-29,9.9,10,9.32,9.59,5.3545,863100,0,0
2008-10-30,9.94,10.06,9.49,10.02,5.59459,1123200,0,0
2008-10-31,10.01,10.5,9.91,10.5,5.86259,1384600,0,0
2008-11-03,10.54,10.75,10.06,10.25,5.723,1065200,0,0
2008-11-04,10.21,10.68,10.02,10.65,5.94634,906500,0,0
2008-11-05,10.5,10.52,9.5,9.51,5.30983,983900,0,0
2008-11-06,9.58,9.79,9.05,9.09,5.07533,1002100,0,0
2008-11-07,9.59,10.38,9.41,10.29,5.74534,2938000,0,0
2008-11-10,10.5,11.12,10.26,11,6.14176,22902300,0,0
2008-11-11,10.7,10.82,10.43,10.57,5.90167,2236000,0,0
2008-11-12,10.36,10.61,9.85,9.96,5.56109,1998800,0,0
2008-11-13,10.07,10.94,9.17,10.94,6.10826,2863800,0,0
2008-11-14,10.74,11.13,10.3,10.39,5.80117,1609700,0,0
2008-11-17,10.22,10.74,9.82,10.33,5.76767,1786300,0,0
2008-11-18,10.15,10.48,9.66,10.32,5.76209,1667500,0,0
2008-11-19,10.3,10.57,9.39,9.42,5.25958,1982700,0,0
2008-11-20,9.66,9.9,8.87,8.96,5.00274,2039900,0,0
2008-11-21,9.22,9.88,8.58,9.7,5.41592,2438500,0,0
2008-11-24,9.46,10.44,9.37,10.38,5.79559,3376400,0,0
2008-11-25,10.44,11,10,10.94,6.10826,1727400,0,0
2008-11-26,10.65,10.9,10.25,10.75,6.00217,1756100,0,0
2008-11-28,10.7,11.12,10.54,11.12,6.20876,538000,0,0
2008-12-01,10.96,10.96,9.09,9.09,5.07533,1610900,0,0
2008-12-02,9.37,9.9,9.04,9.7,5.41592,2368300,0,0
2008-12-03,9.35,10.18,9.3,10.11,5.64483,2324500,0,0
2008-12-04,9.84,10.49,9.7,9.95,5.5555,1263400,0,0
2008-12-05,9.26,11.07,9.26,11.07,6.18084,2383400,0,0
2008-12-08,11.18,11.35,10.81,10.97,6.12501,1767300,0,0
2008-12-09,10.98,11,10.3,10.34,5.77325,1438300,0,0
2008-12-10,10.48,10.83,10.2,10.53,5.87934,1167100,0,0
2008-12-11,10.36,10.55,9.8,9.86,5.50525,1476700,0,0
2008-12-12,9.61,10.47,9.61,10.31,5.7565,1122700,0,0
2008-12-15,10.75,10.75,9.75,10.03,5.60017,862100,0,0
2008-12-16,9.21,10.83,9.14,10.83,6.13864,1586100,0.15,0
2008-12-17,10.13,10.42,9.7,9.7,5.49814,2654700,0,0
2008-12-18,9.69,9.9,9.18,9.32,5.28275,2190500,0,0
2008-12-19,9.3,9.5,9,9.07,5.14105,3365000,0,0
2008-12-22,9.25,9.29,8.86,8.97,5.08436,1634600,0,0
2008-12-23,9.05,9.18,8.66,8.76,4.96533,1233600,0,0
2008-12-24,8.75,9.01,8.72,8.95,5.07303,497800,0,0
2008-12-26,8.95,9,8.76,8.91,5.05035,583100,0,0
2008-12-29,8.94,9,8.76,8.95,5.07303,1237600,0,0
2008-12-30,8.74,9.3,8.74,9.26,5.24874,1388300,0,0
2008-12-31,9.28,9.65,9.12,9.62,5.4528,2434200,0,0
2009-01-02,9.72,10.05,9.31,9.99,5.66252,1532300,0,0
2009-01-05,10.04,10.04,9.7,9.81,5.56049,1521700,0,0
2009-01-06,9.96,10.02,9.77,10.02,5.67952,1537400,0,0
2009-01-07,9.99,10.04,9.58,9.58,5.43012,1244100,0,0
2009-01-08,9.01,9.72,9.01,9.48,5.37344,1138200,0,0
2009-01-09,9.57,9.57,8.97,8.97,5.08436,1407500,0,0
2009-01-12,9.2,9.31,8.61,8.67,4.91432,1569400,0,0
2009-01-13,8.78,8.78,8.46,8.68,4.91998,2027800,0,0
2009-01-14,8.69,8.93,8.23,8.25,4.67625,1330800,0,0
2009-01-15,8.56,8.67,7.75,8.05,4.56289,2198500,0,0
2009-01-16,8.28,8.3,7.64,7.9,4.47787,1894800,0,0
2009-01-20,7.8,7.91,7.06,7.09,4.01875,2645300,0,0
2009-01-21,7.23,8.1,7.07,8.07,4.57423,2944900,0,0
2009-01-22,7.66,7.66,6.6,6.65,3.76934,3571100,0,0
2009-01-23,6.56,7.38,6.47,7.37,4.17745,3334800,0,0
2009-01-26,7.38,7.75,7,7.12,4.03575,1695300,0,0
2009-01-27,7.26,7.45,7.13,7.37,4.17745,1387800,0,0
2009-01-28,7.57,7.93,7.56,7.93,4.49487,1850900,0,0
2009-01-29,7.94,7.94,7.32,7.35,4.16612,1743800,0,0
2009-01-30,7.46,7.68,6.99,7.02,3.97907,1891900,0,0
2009-02-02,7.01,7.05,6.79,7.02,3.97907,1088500,0,0
2009-02-03,6.67,7.17,6.67,6.88,3.89971,1282300,0,0
2009-02-04,6.85,7.12,6.81,6.89,3.90538,1052000,0,0
2009-02-05,6.82,7.25,6.59,7.04,3.9904,1591600,0,0
2009-02-06,7.11,7.64,7.02,7.59,4.30215,1609000,0,0
2009-02-09,7.54,7.76,7.43,7.63,4.32483,859300,0,0
2009-02-10,7.58,7.62,6.82,6.82,3.8657,1927700,0,0
2009-02-11,6.66,7.29,6.66,7.09,4.01875,1202000,0,0
2009-02-12,6.94,7.04,6.57,6.97,3.95073,1455300,0,0
2009-02-13,6.96,7.01,6.65,6.65,3.76934,1354700,0,0
2009-02-17,6.52,6.59,6.23,6.23,3.53128,1510000,0,0
2009-02-18,6.31,6.34,5.97,6.1,3.45759,1448500,0,0
2009-02-19,6.15,6.18,5.7,5.7,3.23087,1527800,0,0
2009-02-20,5.54,5.87,5.43,5.78,3.27621,2041100,0,0
2009-02-23,5.74,5.99,5.52,5.54,3.14018,1798300,0,0
2009-02-24,5.59,5.95,5.45,5.95,3.37257,2214400,0,0
2009-02-25,5.9,6.28,5.6,6.07,3.44059,1506800,0,0
2009-02-26,6.05,6.66,6.03,6.28,3.55962,1655800,0,0
2009-02-27,6.49,6.49,6.07,6.22,3.52561,1994800,0,0
2009-03-02,6.2,6.35,5.95,6.14,3.48027,2006800,0,0
2009-03-03,6.22,6.37,5.68,5.76,3.26488,1723400,0,0
2009-03-04,5.98,5.99,5.52,5.8,3.28755,2293800,0,0
2009-03-05,5.64,5.97,5.26,5.34,3.02681,2144900,0,0
2009-03-06,5.39,5.53,5.09,5.51,3.12317,2811900,0,0
2009-03-09,5.25,5.55,5.23,5.42,3.07216,1759400,0,0
2009-03-10,5.71,6.26,5.5,6.26,3.54828,2021400,0,0
2009-03-11,6.32,6.53,6.11,6.34,3.59363,2125900,0,0
2009-03-12,6.31,6.99,6.05,6.98,3.95639,1974900,0,0
2009-03-13,7,7,6.48,6.64,3.76368,2263000,0,0
2009-03-16,6.73,6.91,6.37,6.44,3.65031,2127200,0,0
2009-03-17,6.45,6.83,6.44,6.83,3.87137,1212000,0,0
2009-03-18,6.58,7.01,6.26,7.01,3.9734,3375300,0,0
2009-03-19,7.01,7.05,6.52,6.58,3.72967,2216400,0,0
2009-03-20,6.64,6.77,6.19,6.25,3.54262,3405500,0,0
2009-03-23,6.47,7.08,6.47,7.08,4.01308,3498200,0,0
2009-03-24,6.95,7.1,6.62,6.62,3.75234,2408700,0,0
2009-03-25,6.78,7.01,6.35,6.86,3.90608,2817200,0.03,0
2009-03-26,6.93,6.93,6.64,6.93,3.94593,1784900,0,0
2009-03-27,6.84,6.97,6.62,6.69,3.80928,1160400,0,0
2009-03-30,6.51,6.54,6.26,6.28,3.57583,1504200,0,0
2009-03-31,6.39,6.69,6.37,6.63,3.77511,1673000,0,0
2009-04-01,6.43,6.94,6.23,6.79,3.86622,1851200,0,0
2009-04-02,6.84,7,6.84,6.95,3.95732,1698100,0,0
2009-04-03,6.93,7.24,6.76,7.15,4.0712,1214800,0,0
2009-04-06,7,7,6.81,6.85,3.90038,1152700,0,0
2009-04-07,6.71,6.9,6.59,6.59,3.75234,1336000,0,0
2009-04-08,6.64,6.76,6.51,6.68,3.80359,1004200,0,0
2009-04-09,7,7.5,6.76,7.48,4.2591,2483500,0,0
2009-04-13,7.14,7.82,7.09,7.77,4.42423,2019400,0,0
2009-04-14,7.61,7.93,7.28,7.28,4.14522,2789800,0,0
2009-04-15,7.18,7.48,6.97,7.34,4.17939,2700400,0,0
2009-04-16,7.56,7.66,7.1,7.39,4.20786,2206800,0,0
2009-04-17,7.39,7.74,7.05,7.63,4.34452,2139800,0,0
2009-04-20,7,7.35,6.61,6.63,3.77511,2007500,0,0
2009-04-21,6.35,7.49,6.21,7.49,4.2648,2548200,0,0
2009-04-22,6.98,7.33,6.57,6.67,3.79789,2676200,0,0
2009-04-23,6.7,6.81,6.35,6.67,3.79789,1740300,0,0
2009-04-24,6.7,7.12,6.58,7.05,4.01426,2647800,0,0
2009-04-27,6.89,7.09,6.83,6.94,3.95163,2729900,0,0
2009-04-28,6.81,7.01,6.72,6.83,3.889,1593000,0,0
2009-04-29,6.89,7.09,6.77,7.09,4.03704,1786000,0,0
2009-04-30,6.87,7.15,6.58,6.61,3.76373,2186500,0,0
2009-05-01,6.58,6.75,6.3,6.37,3.62707,1264200,0,0
2009-05-04,6.38,6.88,6.19,6.75,3.84344,3734100,0,0
2009-05-05,6.7,6.81,6.52,6.56,3.73526,1567800,0,0
2009-05-06,6.58,6.91,6.49,6.82,3.8833,2251700,0,0
2009-05-07,6.9,6.95,6.44,6.46,3.67832,1895400,0,0
2009-05-08,6.69,7.19,6.63,7.15,4.0712,2702200,0,0
2009-05-11,6.92,6.97,6.52,6.62,3.76942,2074900,0,0
2009-05-12,6.89,6.89,6.26,6.38,3.63277,1786300,0,0
2009-05-13,6.25,6.34,5.91,5.93,3.37654,2376400,0,0
2009-05-14,5.96,6.1,5.85,6.01,3.42209,2064800,0,0
2009-05-15,5.97,6.04,5.74,5.74,3.26835,1515500,0,0
2009-05-18,5.85,6.07,5.83,6.07,3.45625,2381300,0,0
2009-05-19,5.98,6.04,5.74,5.74,3.26835,1415800,0,0
2009-05-20,5.83,5.98,5.48,5.53,3.14878,1800800,0,0
2009-05-21,5.46,5.53,5.37,5.49,3.126,1423700,0,0
2009-05-22,5.85,6,5.6,5.61,3.19433,1704100,0,0
2009-05-26,5.55,5.89,5.55,5.88,3.34807,1529200,0,0
2009-05-27,5.87,5.99,5.51,5.51,3.13739,2038400,0,0
2009-05-28,5.56,5.76,5.39,5.68,3.23419,1758400,0,0
2009-05-29,5.68,5.81,5.59,5.81,3.30821,1900200,0,0
2009-06-01,5.9,5.98,5.8,5.89,3.35376,1870000,0,0
2009-06-02,5.81,5.94,5.7,5.8,3.30251,1294300,0,0
2009-06-03,5.7,5.81,5.63,5.66,3.2228,1179400,0,0
2009-06-04,5.86,6.28,5.78,6.27,3.57013,2923700,0,0
2009-06-05,6.36,6.4,5.48,5.56,3.16586,5659700,0,0
2009-06-08,5.55,5.63,5.4,5.62,3.20002,1785800,0,0
2009-06-09,5.6,5.65,5.49,5.55,3.16016,1483100,0,0
2009-06-10,5.56,5.6,5.43,5.47,3.11461,1595300,0,0
2009-06-11,5.47,5.69,5.47,5.62,3.20002,1218700,0,0
2009-06-12,5.54,5.68,5.44,5.54,3.15447,729300,0,0
2009-06-15,5.43,5.47,5.25,5.26,2.99504,1260000,0,0
2009-06-16,5.34,5.42,5.29,5.3,3.01782,1208600,0,0
2009-06-17,5.25,5.29,4.9,5.05,2.87547,1685900,0,0
2009-06-18,5.08,5.23,5.03,5.06,2.88116,1784700,0,0
2009-06-19,5.14,5.28,5.14,5.27,3.00073,1855700,0,0
2009-06-22,5.19,5.29,4.95,4.95,2.81853,1478200,0,0
2009-06-23,4.99,5.13,4.75,4.81,2.73881,1746000,0,0
2009-06-24,4.87,4.94,4.78,4.9,2.80756,1683900,0.03,0
2009-06-25,4.9,5.14,4.85,5.14,2.94508,1337100,0,0
2009-06-26,5.14,5.29,5,5.27,3.01957,1998600,0,0
2009-06-29,5.27,5.32,5.06,5.26,3.01384,1637700,0,0
2009-06-30,5.25,5.27,5.11,5.19,2.97373,1536700,0,0
2009-07-01,5.25,5.3,5.24,5.28,3.0253,850100,0,0
2009-07-02,5.23,5.3,5.17,5.19,2.97373,1775600,0,0
2009-07-06,5.19,5.39,5.14,5.32,3.04821,1320300,0,0
2009-07-07,5.33,5.35,5.25,5.25,3.00811,1138400,0,0
2009-07-08,5.26,5.46,5.11,5.16,2.95654,2291200,0,0
2009-07-09,5.25,5.34,5.21,5.23,2.99665,1195100,0,0
2009-07-10,5.22,5.28,4.77,5.11,2.92789,3357400,0,0
2009-07-13,5.17,5.58,5.12,5.56,3.18573,1648200,0,0
2009-07-14,5.58,5.58,5.4,5.51,3.15708,1166400,0,0
2009-07-15,5.64,5.68,5.48,5.6,3.20865,2072900,0,0
2009-07-16,5.6,5.6,5.33,5.6,3.20865,1805700,0,0
2009-07-17,5.56,5.58,5,5.03,2.88205,3002500,0,0
2009-07-20,5.04,5.23,5.04,5.07,2.90497,1653200,0,0
2009-07-21,5.09,5.12,4.72,4.72,2.70443,2798500,0,0
2009-07-22,5,5.77,4.95,5.5,3.15135,4403400,0,0
2009-07-23,5.7,6.05,5.59,6.04,3.46075,3453500,0,0
2009-07-24,6.05,6.2,5.8,6.17,3.53524,1882300,0,0
2009-07-27,6.18,6.52,6.12,6.45,3.69567,1460300,0,0
2009-07-28,6.33,6.68,6.22,6.52,3.73578,1613000,0,0
2009-07-29,6.43,6.53,6.33,6.42,3.67848,1010300,0,0
2009-07-30,6.52,6.75,6.46,6.64,3.80454,1848800,0,0
2009-07-31,6.59,6.85,6.52,6.76,3.8733,1618300,0,0
2009-08-03,6.83,7.08,6.7,6.99,4.00508,1629800,0,0
2009-08-04,7.01,7.33,6.86,7.29,4.17697,1648000,0,0
2009-08-05,7.22,7.5,7.22,7.47,4.2801,2082700,0,0
2009-08-06,7.5,7.73,7.26,7.44,4.26292,1792400,0,0
2009-08-07,7.6,7.99,7.43,7.84,4.4921,1563000,0,0
2009-08-10,7.76,8,7.5,7.91,4.53221,1561100,0,0
2009-08-11,7.84,7.84,7.25,7.38,4.22854,1956100,0,0
2009-08-12,7.39,7.85,7.26,7.77,4.452,1989700,0,0
2009-08-13,7.92,7.92,7.58,7.69,4.40616,1639700,0,0
2009-08-14,7.62,7.62,7.37,7.54,4.32021,1390600,0,0
2009-08-17,7.16,7.43,6.97,7.1,4.06811,1619300,0,0
2009-08-18,7.12,7.21,7.09,7.12,4.07957,829200,0,0
2009-08-19,7.04,7.25,6.88,7.15,4.09675,1036100,0,0
2009-08-20,7.11,7.41,7.05,7.3,4.1827,1038500,0,0
2009-08-21,7.38,7.66,7.17,7.64,4.37751,1907500,0,0
2009-08-24,7.64,7.77,7.31,7.38,4.22854,1305400,0,0
2009-08-25,7.43,7.56,7.39,7.47,4.2801,962400,0,0
2009-08-26,7.44,7.69,7.39,7.54,4.32021,932600,0,0
2009-08-27,7.57,7.57,7.27,7.46,4.27438,856200,0,0
2009-08-28,7.52,7.55,7.28,7.42,4.25146,773200,0,0
2009-08-31,7.35,7.5,7.24,7.34,4.20562,1491800,0,0
2009-09-01,7.32,7.51,7.04,7.07,4.05092,2163200,0,0
2009-09-02,7.07,7.21,6.93,6.96,3.98789,954300,0,0
2009-09-03,7.01,7.07,6.85,7.01,4.01654,1051300,0,0
2009-09-04,7.02,7.06,6.85,7.02,4.02227,655900,0,0
2009-09-08,7.07,7.15,6.98,7.07,4.05092,667000,0,0
2009-09-09,7.06,7.21,6.92,7.16,4.10248,1098400,0,0
2009-09-10,7.13,7.13,6.87,6.9,3.95351,1442100,0,0
2009-09-11,6.92,7.26,6.87,7.23,4.14259,1950600,0,0
2009-09-14,7.13,7.36,7.12,7.35,4.21135,1070000,0,0
2009-09-15,7.34,7.63,7.21,7.56,4.33167,1265900,0,0
2009-09-16,7.56,7.95,7.55,7.92,4.53794,1582200,0,0
2009-09-17,7.88,7.98,7.58,7.71,4.41762,1458700,0,0
2009-09-18,7.75,7.75,7.48,7.58,4.34313,1505900,0,0
2009-09-21,7.87,7.87,7.3,7.45,4.26865,872400,0,0
2009-09-22,7.5,7.52,7.25,7.47,4.2801,955600,0,0
2009-09-23,7.47,7.52,7.28,7.28,4.17124,769300,0,0
2009-09-24,7.72,7.77,7.16,7.35,4.22878,1702500,0.03,0
2009-09-25,7.31,7.34,7.07,7.24,4.16549,907500,0,0
2009-09-28,7.24,7.45,7.2,7.34,4.22302,1598000,0,0
2009-09-29,7.33,7.47,7.27,7.39,4.25179,791400,0,0
2009-09-30,7.46,7.51,7.21,7.4,4.25754,1202100,0,0
2009-10-01,7.34,7.52,7,7,4.0274,1264200,0,0
2009-10-02,6.93,7.16,6.77,7.13,4.1022,1943000,0,0
2009-10-05,7.15,7.34,7.13,7.29,4.19425,1069500,0,0
2009-10-06,7.29,7.5,7.14,7.29,4.19425,853500,0,0
2009-10-07,7.23,7.46,7.09,7.46,4.29206,1032600,0,0
2009-10-08,7.5,7.63,7.43,7.63,4.38987,1394000,0,0
2009-10-09,7.57,7.68,7.44,7.61,4.37836,757300,0,0
2009-10-12,7.62,7.62,7.4,7.46,4.29206,742600,0,0
2009-10-13,7.43,7.45,7.2,7.32,4.21152,553100,0,0
2009-10-14,7.44,7.53,7.3,7.5,4.31508,1061700,0,0
2009-10-15,7.5,7.58,7.35,7.52,4.32658,734900,0,0
2009-10-16,7.42,7.43,7.15,7.21,4.14823,1107700,0,0
2009-10-19,7.2,7.3,7.05,7.24,4.16549,858800,0,0
2009-10-20,7.22,7.28,7.09,7.25,4.17124,1280100,0,0
2009-10-21,7.5,8.28,7.46,8.19,4.71206,5394900,0,0
2009-10-22,8.19,8.56,7.98,8.53,4.90768,2541400,0,0
2009-10-23,8.38,8.65,8.18,8.24,4.74083,1900200,0,0
2009-10-26,8.26,8.57,8.11,8.4,4.83289,2380600,0,0
2009-10-27,8.38,8.74,8.33,8.52,4.90193,1579200,0,0
2009-10-28,8.52,8.59,8.2,8.51,4.89618,1898700,0,0
2009-10-29,8.47,8.75,8.4,8.67,4.98823,1903400,0,0
2009-10-30,8.59,8.63,8.16,8.26,4.75234,2437100,0,0
2009-11-02,8.28,8.35,7.76,8.13,4.67754,2111500,0,0
2009-11-03,8.02,8.16,7.8,8.04,4.62576,1821000,0,0
2009-11-04,8.14,8.14,7.81,7.87,4.52796,1500900,0,0
2009-11-05,7.94,8.11,7.7,7.95,4.57398,1649800,0,0
2009-11-06,7.82,7.98,7.66,7.93,4.56248,894000,0,0
2009-11-09,7.97,8.34,7.84,8.32,4.78686,1931500,0,0
2009-11-10,7.68,8.27,7.68,8.12,4.67179,1501000,0,0
2009-11-11,7.61,8.34,7.6,8.23,4.73508,1138500,0,0
2009-11-12,8.21,8.35,8.06,8.06,4.63727,926900,0,0
2009-11-13,8.03,8.37,7.95,8.36,4.80987,1796700,0,0
2009-11-16,8.33,8.69,8.31,8.52,4.90193,1681300,0,0
2009-11-17,8.35,8.8,8.31,8.72,5.017,1281300,0,0
2009-11-18,8.69,8.87,8.62,8.64,4.97097,1806900,0,0
2009-11-19,8.55,8.55,8.37,8.43,4.85015,1149400,0,0
2009-11-20,8.45,8.57,8.34,8.47,4.87316,1173600,0,0
2009-11-23,8.6,8.75,8.58,8.69,4.99974,1003000,0,0
2009-11-24,8.66,8.74,8.45,8.66,4.98248,865400,0,0
2009-11-25,8.7,8.74,8.58,8.64,4.97097,371800,0,0
2009-11-27,8.33,8.6,8.1,8.37,4.81563,621600,0,0
2009-11-30,8.13,8.63,8.13,8.62,4.95946,1451200,0,0
2009-12-01,8.67,8.68,8.53,8.61,4.95371,974100,0,0
2009-12-02,8.59,8.8,8.5,8.71,5.01124,915000,0,0
2009-12-03,8.77,8.92,8.5,8.51,4.89618,912900,0,0
2009-12-04,8.64,8.76,8.49,8.66,4.98248,915700,0,0
2009-12-07,8.66,8.82,8.48,8.51,4.89618,895500,0,0
2009-12-08,8.44,8.74,8.41,8.59,4.9422,1228900,0,0
2009-12-09,8.4,8.63,8.35,8.4,4.83289,1548800,0,0
2009-12-10,8.37,8.53,8.2,8.48,4.87891,1078700,0,0
2009-12-11,8.51,8.68,8.43,8.46,4.86741,616500,0,0
2009-12-14,8.52,8.67,8.36,8.63,4.96522,1015000,0,0
2009-12-15,8.6,8.74,8.6,8.66,4.98248,843300,0,0
2009-12-16,8.7,8.76,8.54,8.64,4.97097,1421900,0,0
2009-12-17,8.54,8.72,8.53,8.58,4.93645,1255500,0,0
2009-12-18,8.63,8.79,8.6,8.78,5.05152,2325200,0,0
2009-12-21,8.84,8.92,8.68,8.82,5.07453,1139100,0,0
2009-12-22,8.82,8.98,8.74,8.94,5.14357,810900,0,0
2009-12-23,8.86,9,8.76,8.83,5.09739,763400,0.03,0
2009-12-24,8.82,8.96,8.82,8.96,5.17244,209800,0,0
2009-12-28,9,9,8.9,8.95,5.16666,537100,0,0
2009-12-29,8.94,9,8.88,8.9,5.1378,435200,0,0
2009-12-30,8.85,8.95,8.75,8.83,5.09739,521200,0,0
2009-12-31,8.78,8.89,8.72,8.72,5.03389,647900,0,0
2010-01-04,8.76,8.88,8.73,8.82,5.09162,959500,0,0
2010-01-05,8.76,8.82,8.36,8.65,4.99348,2563500,0,0
2010-01-06,8.58,8.66,8.5,8.53,4.9242,1420900,0,0
2010-01-07,8.5,9,8.5,8.94,5.16089,2246400,0,0
2010-01-08,8.87,9,8.74,8.94,5.16089,798600,0,0
2010-01-11,8.92,8.98,8.8,8.85,5.10893,755200,0,0
2010-01-12,8.83,8.98,8.83,8.87,5.12048,830100,0,0
2010-01-13,8.93,9.06,8.79,8.95,5.16666,754000,0,0
2010-01-14,8.93,9.4,8.85,9.37,5.40912,1561300,0,0
2010-01-15,9.37,9.44,9.11,9.23,5.3283,1253300,0,0
2010-01-19,9.21,9.63,9.17,9.54,5.50726,1834600,0,0
2010-01-20,9.45,9.94,9.29,9.85,5.68621,2286900,0,0
2010-01-21,9.77,10.12,9.57,9.81,5.66313,3748000,0,0
2010-01-22,9.69,9.77,9.02,9.07,5.23594,2869400,0,0
2010-01-25,9.2,9.24,8.96,9.19,5.30521,1796000,0,0
2010-01-26,9.14,9.42,8.93,9.11,5.25903,1088700,0,0
2010-01-27,9.07,9.57,9.07,9.54,5.50726,1594000,0,0
2010-01-28,9.46,9.74,9.27,9.29,5.36294,965400,0,0
2010-01-29,9.34,9.55,9.24,9.24,5.33408,1617600,0,0
2010-02-01,9.24,9.39,8.99,9.05,5.22439,1421400,0,0
2010-02-02,9.01,9.06,8.9,9,5.19553,1001900,0,0
2010-02-03,8.99,9.02,8.76,8.83,5.09739,869000,0,0
2010-02-04,8.76,8.85,8.5,8.62,4.97616,1340500,0,0
2010-02-05,8.62,8.91,8.33,8.5,4.90688,2125800,0,0
2010-02-08,8.54,8.6,8.41,8.43,4.86648,1124700,0,0
2010-02-09,8.61,8.86,8.56,8.84,5.10316,1493500,0,0
2010-02-10,8.85,9.12,8.78,9.03,5.21285,926600,0,0
2010-02-11,8.99,9.13,8.95,9.06,5.23016,715300,0,0
2010-02-12,8.93,9.17,8.93,9.14,5.27635,925500,0,0
2010-02-16,9.17,9.29,9.1,9.18,5.29944,647100,0,0
2010-02-17,9.19,9.23,8.91,8.95,5.16666,1049000,0,0
2010-02-18,8.96,9.12,8.91,9.11,5.25903,1061400,0,0
2010-02-19,9.09,9.26,8.91,9.18,5.29944,758700,0,0
2010-02-22,9.25,9.5,9.24,9.49,5.47839,868300,0,0
2010-02-23,9.5,9.58,9.35,9.35,5.39757,978300,0,0
2010-02-24,9.4,9.87,9.39,9.87,5.69776,2570500,0,0
2010-02-25,9.78,9.89,9.52,9.58,5.53035,1452500,0,0
2010-02-26,9.61,9.7,9.42,9.62,5.55344,1199600,0,0
2010-03-01,9.62,9.66,9.44,9.52,5.49571,1087100,0,0
2010-03-02,9.5,9.65,9.42,9.56,5.5188,1603800,0,0
2010-03-03,9.6,9.63,9.41,9.46,5.46108,1024400,0,0
2010-03-04,9.46,9.59,9.3,9.33,5.38603,875900,0,0
2010-03-05,9.37,9.6,9.31,9.6,5.5419,1546900,0,0
2010-03-08,9.56,9.62,9.44,9.5,5.48417,958800,0,0
2010-03-09,9.44,9.58,9.35,9.5,5.48417,1377100,0,0
2010-03-10,9.49,9.73,9.44,9.73,5.61694,1797100,0,0
2010-03-11,9.69,9.9,9.64,9.9,5.71508,1208600,0,0
2010-03-12,9.92,9.95,9.68,9.78,5.64581,867300,0,0
2010-03-15,9.74,9.94,9.72,9.91,5.72085,898500,0,0
2010-03-16,9.9,10.04,9.78,10.03,5.79013,1625500,0,0
2010-03-17,10.03,10.15,9.96,10.1,5.83054,1508800,0,0
2010-03-18,10.07,10.5,10.07,10.42,6.01526,1964400,0,0
2010-03-19,10.42,10.57,10.33,10.4,6.00372,1805800,0,0
2010-03-22,10.34,10.53,10.22,10.49,6.05568,836700,0,0
2010-03-23,10.45,10.55,10.19,10.4,6.00372,1388800,0,0
2010-03-24,10.32,10.43,10.25,10.36,5.98063,1117800,0,0
2010-03-25,10.37,10.55,10.1,10.33,5.98063,1151900,0.03,0
2010-03-26,10.33,10.5,10.2,10.25,5.93431,1086400,0,0
2010-03-29,10.33,10.51,10.19,10.49,6.07326,997900,0,0
2010-03-30,10.53,10.57,10.16,10.24,5.92852,1160100,0,0
2010-03-31,10.19,10.37,10.12,10.2,5.90537,1220300,0,0
2010-04-01,10.22,10.38,10.2,10.29,5.95747,562800,0,0
2010-04-05,10.3,10.36,10.24,10.3,5.96326,709000,0,0
2010-04-06,10.24,10.7,10.24,10.68,6.18326,840300,0,0
2010-04-07,10.68,10.83,10.46,10.57,6.11958,1070800,0,0
2010-04-08,10.48,10.79,10.46,10.76,6.22958,775000,0,0
2010-04-09,10.77,10.9,10.73,10.89,6.30485,671800,0,0
2010-04-12,10.87,10.92,10.72,10.89,6.30485,785600,0,0
2010-04-13,10.89,10.91,10.65,10.75,6.22379,871600,0,0
2010-04-14,10.85,11.31,10.85,11.3,6.54222,1220900,0,0
2010-04-15,11.3,11.44,11.19,11.31,6.54801,989300,0,0
2010-04-16,11.25,11.28,10.73,10.87,6.29326,1662600,0,0
2010-04-19,10.79,10.97,10.64,10.81,6.25853,1339200,0,0
2010-04-20,10.84,10.99,10.66,10.95,6.33958,1221600,0,0
2010-04-21,10.95,11.28,10.85,11.21,6.49011,1890700,0,0
2010-04-22,11.22,11.63,11.1,11.4,6.60011,2220500,0,0
2010-04-23,11.4,11.75,11.28,11.69,6.76801,1178600,0,0
2010-04-26,11.64,11.75,11.24,11.29,6.53642,826800,0,0
2010-04-27,11.22,11.46,10.91,10.91,6.31642,1345400,0,0
2010-04-28,11.01,11.18,10.88,10.95,6.33958,1565600,0,0
2010-04-29,11.01,11.08,10.86,11.05,6.39748,1399700,0,0
2010-04-30,10.58,10.68,10.27,10.5,6.07905,14396600,0,0
2010-05-03,10.55,10.7,10.49,10.54,6.10221,2513300,0,0
2010-05-04,10.36,10.43,10.26,10.32,5.97484,2501400,0,0
2010-05-05,10.21,10.51,10.19,10.42,6.03273,2020100,0,0
2010-05-06,10.36,10.5,9.6,9.87,5.71431,4512400,0,0
2010-05-07,10,10.16,9.63,9.87,5.71431,4240300,0,0
2010-05-10,10.26,10.4,9.93,10.28,5.95168,2104300,0,0
2010-05-11,10.27,10.62,10.07,10.35,5.99221,1767200,0,0
2010-05-12,10.46,10.74,10.42,10.7,6.19484,2140300,0,0
2010-05-13,10.7,10.7,10.47,10.59,6.13116,2100500,0,0
2010-05-14,10.51,10.57,10.23,10.31,5.96905,1666100,0,0
2010-05-17,10.31,10.46,10.09,10.34,5.98642,1441300,0,0
2010-05-18,10.51,10.62,10.08,10.16,5.8822,1939000,0,0
2010-05-19,10.09,10.32,9.88,10.06,5.82431,2143500,0,0
2010-05-20,9.94,10,9.65,9.71,5.62168,3327400,0,0
2010-05-21,9.52,9.94,9.4,9.88,5.7201,2436200,0,0
2010-05-24,9.81,9.85,9.56,9.57,5.54062,1075200,0,0
2010-05-25,9.33,9.6,9.3,9.59,5.5522,1835900,0,0
2010-05-26,9.66,9.73,9.54,9.62,5.56957,1700000,0,0
2010-05-27,9.83,10.11,9.69,10.11,5.85326,1756600,0,0
2010-05-28,10.05,10.35,9.84,9.95,5.76062,2634600,0,0
2010-06-01,9.91,10.05,9.74,9.84,5.69694,1864100,0,0
2010-06-02,9.94,10.12,9.76,10.12,5.85905,1512600,0,0
2010-06-03,10.12,10.17,9.94,10.13,5.86484,1283900,0,0
2010-06-04,9.96,10.04,9.54,9.57,5.54062,1372600,0,0
2010-06-07,9.79,9.79,9.5,9.54,5.52325,1654000,0,0
2010-06-08,9.61,9.71,9.35,9.69,5.6101,1360300,0,0
2010-06-09,9.65,9.95,9.58,9.59,5.5522,1519600,0,0
2010-06-10,9.7,9.99,9.66,9.99,5.78378,1263700,0,0
2010-06-11,9.82,10,9.7,10,5.78957,851100,0,0
2010-06-14,10.07,10.16,9.9,9.96,5.76642,1396300,0,0
2010-06-15,9.99,10.21,9.86,10.18,5.89379,922200,0,0
2010-06-16,10.08,10.26,10,10.17,5.888,1070900,0,0
2010-06-17,10.24,10.26,10.04,10.18,5.89379,781900,0,0
2010-06-18,10.2,10.28,10.06,10.24,5.92852,1309000,0,0
2010-06-21,10.21,10.39,10.19,10.22,5.91695,626700,0,0
2010-06-22,10.18,10.41,10.04,10.05,5.81852,1221600,0,0
2010-06-23,10.05,10.13,9.95,9.97,5.7722,773400,0,0
2010-06-24,9.87,10.11,9.72,9.85,5.71994,1199400,0.03,0
2010-06-25,9.89,10.11,9.81,10.04,5.83028,1755500,0,0
2010-06-28,10.06,10.16,9.98,10.06,5.84189,1301300,0,0
2010-06-29,9.93,10.02,9.68,9.75,5.66187,1575600,0,0
2010-06-30,9.81,10.28,9.63,9.65,5.6038,1867800,0,0
2010-07-01,9.61,9.78,9.17,9.43,5.47605,2442500,0,0
2010-07-02,9.54,9.56,9.23,9.3,5.40055,1375600,0,0
2010-07-06,9.46,9.6,9.25,9.35,5.42959,1460800,0,0
2010-07-07,9.39,9.94,9.37,9.92,5.76059,1830200,0,0
2010-07-08,10.03,10.11,9.82,10.09,5.85931,1634400,0,0
2010-07-09,10.1,10.25,10.04,10.25,5.95222,1468800,0,0
2010-07-12,10.18,10.38,10.07,10.12,5.87673,1668200,0,0
2010-07-13,10.22,10.56,10.2,10.55,6.12643,1994400,0,0
2010-07-14,10.43,10.49,10.08,10.24,5.94641,1904700,0,0
2010-07-15,10.28,10.35,9.95,10.15,5.89415,2248500,0,0
2010-07-16,10.07,10.07,9.65,9.69,5.62703,1557000,0,0
2010-07-19,9.72,9.8,9.53,9.65,5.6038,1096000,0,0
2010-07-20,9.5,9.85,9.36,9.84,5.71413,2566900,0,0
2010-07-21,9.63,9.79,8.67,8.78,5.09859,6583600,0,0
2010-07-22,9.1,9.16,8.91,9.14,5.30764,2520400,0,0
2010-07-23,9.07,9.2,8.92,9.17,5.32506,1999800,0,0
2010-07-26,9.14,9.37,9.07,9.37,5.4412,1481500,0,0
2010-07-27,9.46,9.55,9.32,9.39,5.45282,1957700,0,0
2010-07-28,9.39,9.44,9.25,9.3,5.40055,1393000,0,0
2010-07-29,9.38,9.4,8.97,9.17,5.32506,1591800,0,0
2010-07-30,9.05,9.19,9.01,9.11,5.29022,1303200,0,0
2010-08-02,9.24,9.32,9.13,9.32,5.41217,1166700,0,0
2010-08-03,9.25,9.37,9.14,9.18,5.33087,860100,0,0
2010-08-04,9.2,9.24,9.07,9.11,5.29022,856800,0,0
2010-08-05,9.05,9.11,8.9,9.05,5.25538,1078400,0,0
2010-08-06,8.95,9.03,8.83,8.95,5.19731,974900,0,0
2010-08-09,9,9.05,8.93,8.99,5.22053,608700,0,0
2010-08-10,8.89,8.98,8.78,8.83,5.12762,952300,0,0
2010-08-11,8.7,8.73,8.43,8.43,4.89534,1270800,0,0
2010-08-12,8.31,8.48,8.2,8.43,4.89534,1280000,0,0
2010-08-13,8.4,8.58,8.38,8.4,4.87792,875400,0,0
2010-08-16,8.34,8.49,8.34,8.48,4.92438,758900,0,0
2010-08-17,8.55,8.65,8.47,8.58,4.98245,848800,0,0
2010-08-18,8.55,8.68,8.48,8.59,4.98825,714700,0,0
2010-08-19,8.51,8.62,8.43,8.53,4.95341,1421300,0,0
2010-08-20,8.45,8.52,8.27,8.47,4.91857,898900,0,0
2010-08-23,8.55,8.63,8.45,8.52,4.9476,945700,0,0
2010-08-24,8.37,8.42,8.26,8.31,4.82566,1212100,0,0
2010-08-25,8.24,8.48,8.21,8.48,4.92438,1208400,0,0
2010-08-26,8.53,8.6,8.38,8.38,4.8663,1130500,0,0
2010-08-27,8.43,8.55,8.26,8.55,4.96503,860900,0,0
2010-08-30,8.5,8.5,8.18,8.2,4.76178,884400,0,0
2010-08-31,8.16,8.37,8.15,8.29,4.81404,1017400,0,0
2010-09-01,8.4,8.66,8.23,8.66,5.0289,1449200,0,0
2010-09-02,8.6,8.65,8.46,8.65,5.02309,777800,0,0
2010-09-03,8.77,8.88,8.59,8.72,5.06374,878000,0,0
2010-09-07,8.66,8.72,8.43,8.44,4.90115,1044300,0,0
2010-09-08,8.44,8.73,8.44,8.71,5.05794,1070000,0,0
2010-09-09,8.84,8.88,8.62,8.72,5.06374,869000,0,0
2010-09-10,8.75,8.82,8.72,8.76,5.08697,561700,0,0
2010-09-13,8.85,8.94,8.75,8.91,5.17408,1027900,0,0
2010-09-14,8.86,8.86,8.68,8.77,5.09278,1020600,0,0
2010-09-15,8.7,8.85,8.64,8.79,5.10439,842300,0,0
2010-09-16,8.79,8.83,8.55,8.63,5.01148,621300,0,0
2010-09-17,8.7,8.7,8.51,8.62,5.00567,1295600,0,0
2010-09-20,8.6,8.83,8.6,8.81,5.11601,816100,0,0
2010-09-21,8.78,8.95,8.73,8.77,5.09278,966200,0,0
2010-09-22,8.71,8.72,8.41,8.44,4.90115,960400,0,0
2010-09-23,8.39,8.68,8.37,8.41,4.88373,915600,0,0
2010-09-24,8.55,8.64,8.39,8.63,5.01148,1167800,0,0
2010-09-27,8.67,8.77,8.52,8.66,5.0289,1670300,0,0
2010-09-28,8.67,8.87,8.58,8.84,5.13343,1107200,0,0
2010-09-29,8.82,8.92,8.79,8.86,5.14505,1103900,0,0
2010-09-30,8.88,9.17,8.88,9.06,5.27906,2512500,0.03,0
2010-10-01,9.12,9.19,9.01,9.13,5.31985,1257100,0,0
2010-10-04,9.08,9.21,9.06,9.13,5.31985,1698400,0,0
2010-10-05,9.21,9.32,9.05,9.29,5.41308,1242800,0,0
2010-10-06,9.29,9.47,9.22,9.43,5.49465,1500400,0,0
2010-10-07,9.47,9.56,9.36,9.42,5.48883,1496700,0,0
2010-10-08,9.42,9.46,9.32,9.44,5.50047,1029400,0,0
2010-10-11,9.41,9.47,9.32,9.37,5.45969,435800,0,0
2010-10-12,9.37,9.46,9.28,9.45,5.5063,574700,0,0
2010-10-13,9.51,9.69,9.37,9.62,5.60536,1798800,0,0
2010-10-14,9.57,9.69,9.44,9.62,5.60536,1561700,0,0
2010-10-15,9.67,9.71,9.46,9.53,5.55292,1727900,0,0
2010-10-18,9.51,9.66,9.51,9.65,5.62284,693300,0,0
2010-10-19,9.51,9.71,9.4,9.5,5.53544,951700,0,0
2010-10-20,9.58,9.61,9.3,9.32,5.43055,1427800,0,0
2010-10-21,9.31,9.39,9.12,9.25,5.38977,1081800,0,0
2010-10-22,9.26,9.34,9.18,9.34,5.44221,1187300,0,0
2010-10-25,9.39,9.49,9.29,9.31,5.42473,1324300,0,0
2010-10-26,9.29,9.45,9.29,9.3,5.4189,1505800,0,0
2010-10-27,9.22,9.46,9.22,9.33,5.43638,1091600,0,0
2010-10-28,9.39,9.41,9.1,9.21,5.36646,792300,0,0
2010-10-29,9.15,9.37,9.11,9.34,5.44221,1048300,0,0
2010-11-01,9.35,9.39,8.79,8.93,5.20331,1952900,0,0
2010-11-02,8.96,9.03,8.85,8.94,5.20914,1314900,0,0
2010-11-03,8.91,9.02,8.88,9.02,5.25575,1376700,0,0
2010-11-04,9.11,9.33,9.03,9.33,5.43638,1481800,0,0
2010-11-05,9.31,9.65,9.25,9.41,5.483,1180000,0,0
2010-11-08,9.36,9.42,9.14,9.22,5.37228,1266300,0,0
2010-11-09,9.21,9.27,9.01,9.05,5.27323,1462200,0,0
2010-11-10,9.04,9.25,9.02,9.24,5.38394,1255400,0,0
2010-11-11,9.15,9.2,9.07,9.11,5.30819,1087200,0,0
2010-11-12,9.09,9.14,8.98,9.06,5.27906,774900,0,0
2010-11-15,9.09,9.15,8.98,8.99,5.23827,1154000,0,0
2010-11-16,8.97,9.03,8.81,8.94,5.20914,1149500,0,0
2010-11-17,8.94,9.02,8.81,8.86,5.16252,602700,0,0
2010-11-18,8.96,9,8.82,8.85,5.1567,1147700,0,0
2010-11-19,8.84,8.88,8.78,8.87,5.16835,525200,0,0
2010-11-22,8.8,8.83,8.64,8.77,5.11008,1216300,0,0
2010-11-23,8.65,8.81,8.65,8.73,5.08678,1691200,0,0
2010-11-24,8.8,8.85,8.73,8.77,5.11008,876000,0,0
2010-11-26,8.68,8.75,8.54,8.54,4.97607,636900,0,0
2010-11-29,8.53,8.79,8.51,8.76,5.10426,1322300,0,0
2010-11-30,8.67,8.79,8.65,8.65,5.04016,1362200,0,0
2010-12-01,8.77,8.92,8.7,8.92,5.19748,1171500,0,0
2010-12-02,8.91,9.18,8.84,9.17,5.34315,965500,0,0
2010-12-03,9.09,9.1,8.92,9.08,5.29071,1370000,0,0
2010-12-06,9.08,9.2,8.99,9.15,5.3315,815700,0,0
2010-12-07,9.25,9.29,9.11,9.14,5.32567,766800,0,0
2010-12-08,9.12,9.48,9.11,9.44,5.50047,1115600,0,0
2010-12-09,9.49,9.55,9.4,9.53,5.55292,949700,0,0
2010-12-10,9.53,9.59,9.41,9.59,5.58788,638200,0,0
2010-12-13,9.6,9.6,9.4,9.46,5.51213,873800,0,0
2010-12-14,9.47,9.64,9.42,9.51,5.54126,923100,0,0
2010-12-15,9.55,9.71,9.43,9.5,5.53544,1428600,0,0
2010-12-16,9.57,9.86,9.52,9.8,5.71024,1460100,0,0
2010-12-17,9.83,9.93,9.75,9.81,5.71607,1634900,0,0
2010-12-20,9.82,9.88,9.62,9.76,5.68693,1138300,0,0
2010-12-21,9.83,10.04,9.77,9.95,5.79764,1230200,0,0
2010-12-22,9.97,10.47,9.89,10.46,6.09481,1938500,0,0
2010-12-23,10.44,10.47,10.31,10.37,6.04237,1098600,0,0
2010-12-27,10.32,10.45,10.28,10.45,6.08898,478600,0,0
2010-12-28,10.46,10.54,10.39,10.49,6.11229,665400,0,0
2010-12-29,10.5,10.64,10.45,10.56,6.15308,970700,0,0
2010-12-30,10.5,10.54,10.4,10.43,6.09464,685800,0.03,0
2010-12-31,10.4,10.45,10.34,10.34,6.04205,855400,0,0
2011-01-03,10.44,10.55,10.43,10.47,6.11802,1481800,0,0
2011-01-04,10.52,10.58,10.18,10.34,6.04205,1117000,0,0
2011-01-05,10.33,10.4,10.27,10.39,6.07127,1201800,0,0
2011-01-06,10.39,10.4,10.2,10.3,6.01868,1032500,0,0
2011-01-07,10.33,10.36,9.96,9.99,5.83753,1488400,0,0
2011-01-10,9.92,10.18,9.81,10.15,5.93103,932500,0,0
2011-01-11,10.26,10.32,10.06,10.17,5.94271,600000,0,0
2011-01-12,10.27,10.39,10.19,10.34,6.04205,710900,0,0
2011-01-13,10.3,10.37,10.12,10.16,5.93687,904900,0,0
2011-01-14,10.16,10.65,10.12,10.65,6.22319,1210800,0,0
2011-01-18,10.67,10.77,10.43,10.73,6.26995,1898500,0,0
2011-01-19,10.24,10.77,10.23,10.53,6.15308,2831700,0,0
2011-01-20,10.34,10.67,10.28,10.52,6.14723,1585900,0,0
2011-01-21,10.6,10.7,10.48,10.51,6.14139,1362500,0,0
2011-01-24,10.54,10.66,10.44,10.49,6.1297,801800,0,0
2011-01-25,10.42,10.5,10.34,10.49,6.1297,585300,0,0
2011-01-26,10.5,10.5,10.3,10.33,6.03621,631000,0,0
2011-01-27,10.44,10.64,10.33,10.57,6.17645,1068300,0,0
2011-01-28,10.56,10.74,10.39,10.39,6.07127,1219300,0,0
2011-01-31,10.47,10.61,10.29,10.32,6.03036,1502000,0,0
2011-02-01,10.48,10.67,10.36,10.62,6.20567,798700,0,0
2011-02-02,10.55,10.73,10.45,10.47,6.11802,935300,0,0
2011-02-03,10.43,10.53,10.36,10.51,6.14139,1050200,0,0
2011-02-04,10.53,10.66,10.37,10.62,6.20567,845300,0,0
2011-02-07,10.63,10.75,10.49,10.66,6.22904,853300,0,0
2011-02-08,10.6,10.75,10.57,10.7,6.25241,662600,0,0
2011-02-09,10.65,10.79,10.61,10.63,6.21151,837400,0,0
2011-02-10,10.59,10.67,10.57,10.62,6.20567,482500,0,0
2011-02-11,10.6,11.19,10.56,11.09,6.48031,1715100,0,0
2011-02-14,11.06,11.19,10.87,10.98,6.41603,1626800,0,0
2011-02-15,10.93,11.01,10.85,10.87,6.35175,798700,0,0
2011-02-16,10.91,10.99,10.86,10.91,6.37512,977900,0,0
2011-02-17,10.85,10.91,10.84,10.91,6.37512,330900,0,0
2011-02-18,10.9,11.05,10.82,11.04,6.45109,619000,0,0
2011-02-22,10.93,10.95,10.68,10.77,6.29331,989300,0,0
2011-02-23,10.72,10.84,10.45,10.45,6.10633,1261000,0,0
2011-02-24,10.5,10.59,10.2,10.3,6.01868,1905100,0,0
2011-02-25,10.35,10.62,10.29,10.61,6.19982,1204200,0,0
2011-02-28,10.86,11.09,10.78,10.89,6.36344,1513500,0,0
2011-03-01,10.97,11,10.55,10.56,6.17061,1477600,0,0
2011-03-02,10.57,10.68,10.52,10.58,6.18229,1055200,0,0
2011-03-03,10.67,11.07,10.67,11.05,6.45693,1389200,0,0
2011-03-04,11.03,11.05,10.86,10.94,6.39265,1414400,0,0
2011-03-07,10.96,11.12,10.93,11,6.42771,1573400,0,0
2011-03-08,11.1,11.54,11.07,11.43,6.67898,1989000,0,0
2011-03-09,11.36,11.46,11.2,11.28,6.59133,1314700,0,0
2011-03-10,11.11,11.21,10.99,11,6.42771,990900,0,0
2011-03-11,10.97,11.07,10.91,11.02,6.4394,834200,0,0
2011-03-14,10.94,11,10.79,10.85,6.34006,724500,0,0
2011-03-15,10.54,10.82,10.51,10.79,6.305,1137500,0,0
2011-03-16,10.83,10.85,10.63,10.71,6.25826,1420400,0,0
2011-03-17,10.82,10.86,10.62,10.71,6.25826,976000,0,0
2011-03-18,10.8,10.96,10.73,10.81,6.31669,2264900,0,0
2011-03-21,10.92,11.06,10.88,11.05,6.45693,1066500,0,0
2011-03-22,11.01,11.14,10.83,10.83,6.32838,818800,0,0
2011-03-23,10.85,10.94,10.57,10.78,6.29916,1198800,0,0
2011-03-24,10.79,10.84,10.65,10.81,6.34022,876100,0.04,0
2011-03-25,10.81,11.15,10.81,10.94,6.41646,1222300,0,0
2011-03-28,10.98,11.04,10.87,10.87,6.37541,706700,0,0
2011-03-29,10.87,11,10.78,10.84,6.35781,814600,0,0
2011-03-30,10.92,11.1,10.86,11.04,6.47511,500600,0,0
2011-03-31,11.04,11.15,10.99,11.11,6.51617,603800,0,0
2011-04-01,11.28,11.4,11.17,11.37,6.66866,670700,0,0
2011-04-04,11.37,11.47,11.3,11.35,6.65693,464000,0,0
2011-04-05,11.31,11.38,11.25,11.25,6.59828,647000,0,0
2011-04-06,11.35,11.52,11.28,11.51,6.75077,701900,0,0
2011-04-07,11.45,11.59,11.4,11.46,6.72145,840100,0,0
2011-04-08,11.45,11.52,11.15,11.18,6.55723,398900,0,0
2011-04-11,11.16,11.27,11.08,11.13,6.5279,519300,0,0
2011-04-12,11.08,11.23,11.04,11.13,6.5279,654500,0,0
2011-04-13,11.19,11.23,10.88,10.97,6.43406,1037100,0,0
2011-04-14,10.85,11.03,10.77,11,6.45165,805200,0,0
2011-04-15,11.06,11.12,10.93,11.04,6.47511,599100,0,0
2011-04-18,10.92,11,10.74,10.83,6.35195,1076800,0,0
2011-04-19,10.92,11.02,10.65,10.69,6.26983,1397200,0,0
2011-04-20,10.7,10.9,10.48,10.88,6.38127,1512300,0,0
2011-04-21,10.8,10.9,10.7,10.87,6.37541,567100,0,0
2011-04-25,10.91,10.99,10.87,10.87,6.37541,574400,0,0
2011-04-26,10.9,11.28,10.9,11.26,6.60415,1100000,0,0
2011-04-27,11.22,11.39,11.17,11.36,6.6628,1020500,0,0
2011-04-28,11.36,11.51,11.27,11.5,6.74491,776000,0,0
2011-04-29,11.5,11.7,11.29,11.68,6.85048,1662300,0,0
2011-05-02,11.74,11.85,11.69,11.8,6.92087,3106600,0,0
2011-05-03,11.75,11.82,11.68,11.79,6.915,1400000,0,0
2011-05-04,11.77,11.91,11.7,11.72,6.87394,4069700,0,0
2011-05-05,11.61,11.66,11.42,11.48,6.73318,869800,0,0
2011-05-06,11.63,11.65,11.4,11.48,6.73318,1502100,0,0
2011-05-09,11.44,11.55,11.29,11.49,6.73904,575400,0,0
2011-05-10,11.5,11.6,11.46,11.55,6.77424,798100,0,0
2011-05-11,11.53,11.55,11.33,11.53,6.76251,1500000,0,0
2011-05-12,11.43,11.55,11.33,11.52,6.75664,803000,0,0
2011-05-13,11.53,11.53,11.22,11.3,6.62761,459400,0,0
2011-05-16,11.26,11.35,11.19,11.24,6.59242,600500,0,0
2011-05-17,11.17,11.34,11.12,11.33,6.64521,858000,0,0
2011-05-18,11.29,11.3,11.21,11.23,6.58655,877000,0,0
2011-05-19,11.3,11.36,11.19,11.32,6.63934,687200,0,0
2011-05-20,11.25,11.34,11.12,11.13,6.5279,863700,0,0
2011-05-23,11.01,11.17,11,11,6.45165,801200,0,0
2011-05-24,11.07,11.09,10.82,11.02,6.46338,617900,0,0
2011-05-25,11,11.08,10.89,10.97,6.43406,809600,0,0
2011-05-26,10.91,11.07,10.86,11.04,6.47511,788300,0,0
2011-05-27,11.01,11.1,10.99,11.07,6.49271,576500,0,0
2011-05-31,11.15,11.18,11.05,11.14,6.53377,1355500,0,0
2011-06-01,11.12,11.2,10.71,10.72,6.28743,915100,0,0
2011-06-02,10.73,10.89,10.66,10.84,6.35781,974700,0,0
2011-06-03,10.68,10.87,10.61,10.61,6.22292,843300,0,0
2011-06-06,10.6,10.76,10.46,10.61,6.22292,937700,0,0
2011-06-07,10.68,10.72,10.54,10.56,6.19359,691700,0,0
2011-06-08,10.51,10.61,10.47,10.5,6.1584,967900,0,0
2011-06-09,10.5,10.6,10.42,10.53,6.17599,648200,0,0
2011-06-10,10.47,10.56,10.17,10.44,6.12321,1298000,0,0
2011-06-13,10.45,10.55,10.36,10.47,6.1408,561400,0,0
2011-06-14,10.61,10.73,10.52,10.62,6.22878,513300,0,0
2011-06-15,10.53,10.59,10.35,10.49,6.15253,1007400,0,0
2011-06-16,10.47,10.67,10.45,10.57,6.19945,591300,0,0
2011-06-17,10.63,10.8,10.55,10.67,6.2581,1273000,0,0
2011-06-20,10.63,10.73,10.59,10.6,6.21705,747000,0,0
2011-06-21,10.62,10.71,10.54,10.71,6.28156,748900,0,0
2011-06-22,10.65,10.83,10.65,10.78,6.32262,1000800,0,0
2011-06-23,10.65,10.72,10.53,10.66,6.25224,1073900,0,0
2011-06-24,10.68,10.69,10.5,10.63,6.23464,723200,0,0
2011-06-27,10.63,10.8,10.6,10.66,6.25224,615000,0,0
2011-06-28,10.67,10.75,10.55,10.68,6.26397,833400,0,0
2011-06-29,10.74,10.86,10.64,10.83,6.35195,961400,0,0
2011-06-30,10.77,10.84,10.65,10.71,6.3107,1380400,0.05,0
2011-07-01,10.73,11.04,10.72,11.03,6.49925,939300,0,0
2011-07-05,11.01,11.09,10.83,11,6.48158,703000,0,0
2011-07-06,10.99,11.22,10.89,11.11,6.54639,1307800,0,0
2011-07-07,11.18,11.27,11.08,11.11,6.54639,758500,0,0
2011-07-08,10.95,10.99,10.72,10.78,6.35195,817600,0,0
2011-07-11,10.66,10.73,10.55,10.58,6.2341,597600,0,0
2011-07-12,10.53,10.81,10.53,10.68,6.29302,891100,0,0
2011-07-13,10.7,10.8,10.65,10.68,6.29302,875200,0,0
2011-07-14,10.73,10.78,10.47,10.5,6.18696,905600,0,0
2011-07-15,10.62,10.63,10.41,10.44,6.1516,688400,0,0
2011-07-18,10.45,10.5,10.18,10.4,6.12804,830500,0,0
2011-07-19,10.43,10.43,10.22,10.32,6.0809,1816300,0,0
2011-07-20,10.4,10.88,10.23,10.82,6.37552,1717800,0,0
2011-07-21,10.9,10.97,10.8,10.85,6.39319,1546900,0,0
2011-07-22,10.82,10.87,10.62,10.8,6.36373,606900,0,0
2011-07-25,10.7,10.87,10.48,10.77,6.34605,961100,0,0
2011-07-26,10.73,10.75,10.57,10.58,6.2341,636700,0,0
2011-07-27,10.53,10.61,10.15,10.17,5.99251,1339400,0,0
2011-07-28,10.18,10.32,10.08,10.09,5.94537,954900,0,0
2011-07-29,10.02,10.24,9.94,10.15,5.98073,1084200,0,0
2011-08-01,10.24,10.28,10.04,10.12,5.96305,893300,0,0
2011-08-02,10.07,10.16,9.97,10.04,5.91591,1343600,0,0
2011-08-03,10.05,10.15,9.81,10.14,5.97483,1219300,0,0
2011-08-04,10.01,10.04,9.61,9.63,5.67433,1621700,0,0
2011-08-05,9.71,9.74,9.27,9.4,5.5388,2015700,0,0
2011-08-08,9.14,9.34,8.5,8.5,5.00849,2919400,0,0
2011-08-09,8.62,8.93,8.18,8.84,5.20883,2573100,0,0
2011-08-10,8.65,8.99,7.99,8.01,4.71977,2685700,0,0
2011-08-11,8.05,8.65,8,8.55,5.03796,1861700,0,0
2011-08-12,8.62,8.72,8.23,8.24,4.85529,1336300,0,0
2011-08-15,8.36,8.51,8.31,8.47,4.99082,1572300,0,0
2011-08-16,8.4,8.58,8.31,8.51,5.01438,1649700,0,0
2011-08-17,8.56,8.72,8.41,8.48,4.99671,959800,0,0
2011-08-18,8.24,8.24,7.95,8.08,4.76101,2008200,0,0
2011-08-19,7.96,8.18,7.77,7.78,4.58424,1127800,0,0
2011-08-22,8.07,8.3,7.86,7.89,4.64906,1421300,0,0
2011-08-23,7.94,8.3,7.8,8.3,4.89065,1407100,0,0
2011-08-24,8.25,8.62,8.15,8.53,5.02617,1007900,0,0
2011-08-25,8.69,8.99,8.22,8.36,4.926,931000,0,0
2011-08-26,8.28,8.72,8.2,8.61,5.07331,1250500,0,0
2011-08-29,8.72,9.33,8.65,9.33,5.49756,1758300,0,0
2011-08-30,9.23,9.31,8.95,9.01,5.309,887600,0,0
2011-08-31,9.07,9.24,8.92,9.17,5.40328,915800,0,0
2011-09-01,9.16,9.23,8.76,8.77,5.16759,826800,0,0
2011-09-02,8.56,8.68,8.33,8.33,4.90832,906300,0,0
2011-09-06,8.07,8.35,8.07,8.29,4.88475,1188200,0,0
2011-09-07,8.46,8.81,8.36,8.79,5.17937,870100,0,0
2011-09-08,8.67,8.72,8.47,8.51,5.01438,760500,0,0
2011-09-09,8.4,8.55,8.15,8.18,4.81994,917000,0,0
2011-09-12,8.04,8.41,8.04,8.41,4.95546,835200,0,0
2011-09-13,8.46,8.73,8.4,8.53,5.02617,1206400,0,0
2011-09-14,8.62,8.83,8.44,8.75,5.1558,1254400,0,0
2011-09-15,8.85,8.91,8.68,8.91,5.25008,714000,0,0
2011-09-16,8.89,8.96,8.39,8.75,5.1558,1213200,0,0
2011-09-19,8.58,8.58,8.32,8.35,4.92011,1228300,0,0
2011-09-20,8.37,8.53,8.23,8.23,4.8494,1217000,0,0
2011-09-21,8.24,8.35,7.66,7.69,4.53121,1976400,0,0
2011-09-22,7.49,7.89,7.44,7.79,4.59014,2226800,0,0
2011-09-23,7.76,7.96,7.64,7.78,4.58424,1385300,0,0
2011-09-26,7.85,8.09,7.69,8.09,4.76691,1143400,0,0
2011-09-27,8.24,8.52,8.16,8.27,4.87297,1993300,0,0
2011-09-28,8.28,8.42,7.81,7.83,4.6137,1787600,0,0
2011-09-29,8.01,8.1,7.75,8.1,4.80347,1540200,0.05,0
2011-09-30,7.95,8.04,7.63,7.65,4.53661,1855200,0,0
2011-10-03,7.58,7.83,7.41,7.44,4.41208,2039800,0,0
2011-10-04,7.34,7.96,7.18,7.93,4.70266,2205200,0,0
2011-10-05,7.86,8.08,7.72,8,4.74417,1003300,0,0
2011-10-06,7.96,8.28,7.84,8.23,4.88056,2795400,0,0
2011-10-07,8.26,8.32,7.9,7.92,4.69673,1418600,0,0
2011-10-10,8.11,8.42,8.05,8.41,4.98731,910000,0,0
2011-10-11,8.3,8.49,8.14,8.42,4.99324,1015500,0,0
2011-10-12,8.5,8.84,8.39,8.64,5.1237,1147500,0,0
2011-10-13,8.55,8.64,8.28,8.46,5.01696,1552600,0,0
2011-10-14,8.61,8.83,8.36,8.62,5.11184,759800,0,0
2011-10-17,8.56,8.6,8.17,8.21,4.8687,1186000,0,0
2011-10-18,8.24,8.9,8.18,8.83,5.23638,1794700,0,0
2011-10-19,8.8,9.25,8.64,9.12,5.40835,2779400,0,0
2011-10-20,9.18,9.54,8.72,9.45,5.60405,5205200,0,0
2011-10-21,9.55,9.79,9.39,9.76,5.78789,10399300,0,0
2011-10-24,9.75,10.14,9.56,10.1,5.98951,2682400,0,0
2011-10-25,9.99,10.06,9.55,9.55,5.66335,2069900,0,0
2011-10-26,9.72,9.79,9.45,9.63,5.71079,2738700,0,0
2011-10-27,10.1,10.24,9.77,9.84,5.83533,4183100,0,0
2011-10-28,9.76,9.83,9.63,9.75,5.78196,1427300,0,0
2011-10-31,9.57,9.8,9.43,9.44,5.59812,1407100,0,0
2011-11-01,9.17,9.43,8.93,8.93,5.29568,2272900,0,0
2011-11-02,9.15,9.35,9.05,9.28,5.50324,1309000,0,0
2011-11-03,9.39,9.51,9.07,9.49,5.62777,1155600,0,0
2011-11-04,9.36,9.42,9.19,9.39,5.56847,729500,0,0
2011-11-07,9.38,9.53,9.27,9.52,5.64556,1325100,0,0
2011-11-08,9.62,9.86,9.5,9.83,5.8294,1651100,0,0
2011-11-09,9.52,9.63,9.05,9.08,5.38463,1754700,0,0
2011-11-10,9.29,9.74,9.08,9.21,5.46173,1215500,0,0
2011-11-11,9.33,9.44,9.25,9.36,5.55068,766400,0,0
2011-11-14,9.29,9.39,9.13,9.22,5.46765,1019800,0,0
2011-11-15,9.17,9.42,9.07,9.35,5.54475,1138800,0,0
2011-11-16,9.26,9.49,9.17,9.23,5.47359,1280500,0,0
2011-11-17,9.31,9.51,9.15,9.22,5.46765,1296000,0,0
2011-11-18,9.24,9.32,9.12,9.27,5.49731,655500,0,0
2011-11-21,9.09,9.13,8.79,8.93,5.29568,1242100,0,0
2011-11-22,8.9,9,8.8,8.85,5.24824,951600,0,0
2011-11-23,8.76,8.89,8.47,8.53,5.05847,1014200,0,0
2011-11-25,8.49,8.74,8.41,8.58,5.08812,315200,0,0
2011-11-28,8.91,8.98,8.78,8.94,5.30161,1458500,0,0
2011-11-29,8.9,8.95,8.72,8.76,5.19487,855100,0,0
2011-11-30,9.11,9.38,8.99,9.36,5.55068,2042800,0,0
2011-12-01,9.25,9.42,9.09,9.26,5.49137,1062200,0,0
2011-12-02,9.38,9.57,9.25,9.34,5.53882,974000,0,0
2011-12-05,9.53,9.66,9.32,9.58,5.68114,962700,0,0
2011-12-06,9.5,9.53,9.37,9.46,5.60998,922700,0,0
2011-12-07,9.38,9.61,9.2,9.56,5.66928,974600,0,0
2011-12-08,9.44,9.47,9.1,9.12,5.40835,1079600,0,0
2011-12-09,9.2,9.56,9.13,9.53,5.65149,946900,0,0
2011-12-12,9.31,9.4,9.22,9.36,5.55068,881400,0,0
2011-12-13,9.44,9.51,9.1,9.19,5.44986,877500,0,0
2011-12-14,9.11,9.35,9.11,9.15,5.42614,1113600,0,0
2011-12-15,9.28,9.43,9.17,9.32,5.52696,1080800,0,0
2011-12-16,9.32,9.65,9.21,9.47,5.61591,2140000,0,0
2011-12-19,9.49,9.49,9.15,9.17,5.438,952800,0,0
2011-12-20,9.34,9.62,9.25,9.58,5.68114,1185100,0,0
2011-12-21,9.55,9.63,9.47,9.55,5.66335,2252300,0,0
2011-12-22,9.58,10.05,9.58,9.96,5.90649,1392500,0,0
2011-12-23,10,10,9.87,9.95,5.90056,453500,0,0
2011-12-27,9.9,10.05,9.87,9.99,5.92428,502800,0,0
2011-12-28,9.93,9.96,9.67,9.73,5.80496,694400,0.06,0
2011-12-29,9.74,9.93,9.71,9.92,5.91832,605800,0,0
2011-12-30,9.88,9.9,9.79,9.81,5.85269,482100,0,0
2012-01-03,10,10.17,9.9,9.98,5.95411,1355800,0,0
2012-01-04,9.91,10.04,9.77,9.99,5.96008,872300,0,0
2012-01-05,9.93,10.34,9.75,10.26,6.12116,1522600,0,0
2012-01-06,10.24,10.27,9.95,10.14,6.04957,1356800,0,0
2012-01-09,10.16,10.28,10.01,10.23,6.10326,1242200,0,0
2012-01-10,10.33,10.55,10.25,10.47,6.24644,1333900,0,0
2012-01-11,10.46,10.52,10.32,10.52,6.27628,913900,0,0
2012-01-12,10.55,10.63,10.36,10.63,6.34191,791800,0,0
2012-01-13,10.47,10.61,10.33,10.59,6.31804,1058300,0,0
2012-01-17,10.69,10.75,10.45,10.54,6.28821,1501800,0,0
2012-01-18,10.1,10.26,9.71,9.77,5.82883,4555400,0,0
2012-01-19,9.68,9.7,9.41,9.48,5.65581,3269500,0,0
2012-01-20,9.47,9.51,9.41,9.49,5.66177,2315000,0,0
2012-01-23,9.49,9.61,9.43,9.49,5.66177,1973800,0,0
2012-01-24,9.39,9.43,9.33,9.37,5.59018,3761300,0,0
2012-01-25,9.38,9.61,9.3,9.58,5.71547,3774900,0,0
2012-01-26,9.62,9.72,9.27,9.38,5.59615,1458600,0,0
2012-01-27,9.31,9.53,9.28,9.47,5.64984,1089000,0,0
2012-01-30,9.35,9.47,9.28,9.35,5.57825,890300,0,0
2012-01-31,9.41,9.46,9.25,9.29,5.54245,1582900,0,0
2012-02-01,9.35,9.41,9.18,9.33,5.56632,5773900,0,0
2012-02-02,9.34,9.55,9.24,9.48,5.65581,4868800,0,0
2012-02-03,9.62,9.8,9.55,9.77,5.82883,2638400,0,0
2012-02-06,9.74,9.95,9.53,9.59,5.72144,1377700,0,0
2012-02-07,9.56,9.63,9.48,9.6,5.7274,1331500,0,0
2012-02-08,9.61,9.8,9.55,9.76,5.82286,1924200,0,0
2012-02-09,9.77,9.8,9.59,9.68,5.77513,1228500,0,0
2012-02-10,9.57,9.58,9.48,9.51,5.67371,1158500,0,0
2012-02-13,9.61,9.73,9.39,9.67,5.76917,824700,0,0
2012-02-14,9.59,9.62,9.45,9.56,5.70354,827400,0,0
2012-02-15,9.59,9.64,9.47,9.56,5.70354,917700,0,0
2012-02-16,9.54,9.84,9.49,9.76,5.82286,1118100,0,0
2012-02-17,9.82,9.88,9.63,9.86,5.88252,763400,0,0
2012-02-21,9.86,9.88,9.63,9.71,5.79303,885000,0,0
2012-02-22,9.73,9.74,9.49,9.52,5.67967,911800,0,0
2012-02-23,9.55,9.75,9.47,9.69,5.7811,1243800,0,0
2012-02-24,9.71,9.72,9.55,9.59,5.72144,468800,0,0
2012-02-27,9.84,9.94,9.57,9.88,5.89445,1728300,0,0
2012-02-28,9.87,9.95,9.77,9.85,5.87655,981500,0,0
2012-02-29,9.86,10,9.68,9.8,5.84672,1211100,0,0
2012-03-01,9.82,10,9.75,9.86,5.88252,1048800,0,0
2012-03-02,9.84,9.91,9.66,9.68,5.77513,843800,0,0
2012-03-05,9.65,9.8,9.6,9.69,5.7811,768700,0,0
2012-03-06,9.54,9.65,9.4,9.44,5.63195,1286800,0,0
2012-03-07,9.48,9.65,9.46,9.6,5.7274,763000,0,0
2012-03-08,9.65,9.79,9.59,9.74,5.81093,784400,0,0
2012-03-09,9.75,9.96,9.61,9.89,5.90042,490000,0,0
2012-03-12,9.9,9.95,9.81,9.92,5.91832,554500,0,0
2012-03-13,9.98,10.35,9.94,10.35,6.17486,1351000,0,0
2012-03-14,10.32,10.39,10.14,10.24,6.10923,1044500,0,0
2012-03-15,10.27,10.58,10.18,10.56,6.30014,1263100,0,0
2012-03-16,10.56,10.79,10.47,10.63,6.34191,3280000,0,0
2012-03-19,10.63,10.8,10.39,10.67,6.36577,1737100,0,0
2012-03-20,10.6,10.78,10.49,10.56,6.30014,1723300,0,0
2012-03-21,10.58,10.65,10.47,10.58,6.31208,964800,0,0
2012-03-22,10.46,10.49,10.28,10.41,6.21065,1064200,0,0
2012-03-23,10.4,10.45,10.28,10.45,6.23452,1002900,0,0
2012-03-26,10.5,10.65,10.44,10.59,6.31804,929700,0,0
2012-03-27,10.6,10.62,10.49,10.49,6.25838,725000,0,0
2012-03-28,10.49,10.65,10.41,10.64,6.34787,1612600,0,0
2012-03-29,10.5,10.55,10.24,10.51,6.31184,1452200,0.07,0
2012-03-30,10.57,10.57,10.38,10.5,6.30583,1434200,0,0
2012-04-02,10.21,10.56,10.21,10.47,6.28781,1478100,0,0
2012-04-03,10.47,10.6,10.34,10.59,6.35988,1437000,0,0
2012-04-04,10.5,10.55,10.31,10.39,6.23977,1170400,0,0
2012-04-05,10.02,10.35,10.02,10.21,6.13167,1585200,0,0
2012-04-09,10.03,10.12,9.95,10.1,6.06561,1618500,0,0
2012-04-10,10.09,10.16,9.97,10.02,6.01757,2069500,0,0
2012-04-11,10.16,10.29,10.09,10.29,6.17971,1024200,0,0
2012-04-12,10.3,10.44,10.26,10.42,6.25779,903900,0,0
2012-04-13,10.44,10.44,10.15,10.19,6.11966,1730700,0,0
2012-04-16,10.28,10.35,10.14,10.28,6.17371,1198000,0,0
2012-04-17,10.36,10.49,10.36,10.42,6.25779,1597400,0,0
2012-04-18,10.3,10.36,10,10.19,6.11966,2769800,0,0
2012-04-19,10.24,10.32,10.11,10.18,6.11365,1959400,0,0
2012-04-20,10.22,10.39,10.19,10.26,6.1617,986200,0,0
2012-04-23,10.12,10.25,10.06,10.2,6.12567,1224800,0,0
2012-04-24,10.19,10.42,10.16,10.29,6.17971,1097300,0,0
2012-04-25,10.39,10.49,10.29,10.41,6.25178,902300,0,0
2012-04-26,10.37,10.54,10.27,10.5,6.30583,943600,0,0
2012-04-27,10.54,10.6,10.36,10.56,6.34187,1250900,0,0
2012-04-30,10.53,10.53,10.41,10.49,6.29983,997900,0,0
2012-05-01,10.52,10.68,10.43,10.46,6.28181,798000,0,0
2012-05-02,10.36,10.5,10.32,10.43,6.26379,957900,0,0
2012-05-03,10.42,10.53,10.32,10.39,6.23977,834600,0,0
2012-05-04,10.38,10.4,10.2,10.25,6.15569,927900,0,0
2012-05-07,10.2,10.39,10.2,10.31,6.19172,1155000,0,0
2012-05-08,10.24,10.43,10.24,10.41,6.25178,1553200,0,0
2012-05-09,10.3,10.35,10.21,10.31,6.19172,1365500,0,0
2012-05-10,10.39,10.48,10.34,10.42,6.25779,711000,0,0
2012-05-11,10.3,10.47,10.23,10.37,6.22776,1305500,0,0
2012-05-14,10.24,10.3,10.18,10.21,6.13167,853700,0,0
2012-05-15,10.19,10.33,10.15,10.21,6.13167,1258400,0,0
2012-05-16,10.24,10.33,10.14,10.18,6.11365,1215200,0,0
2012-05-17,10.16,10.25,10.1,10.12,6.07762,1851900,0,0
2012-05-18,10.12,10.2,10.08,10.11,6.07162,1447700,0,0
2012-05-21,10.11,10.25,10.08,10.18,6.11365,880300,0,0
2012-05-22,10.18,10.35,10.15,10.23,6.14368,905300,0,0
2012-05-23,10.15,10.24,9.95,10.18,6.11365,2021400,0,0
2012-05-24,10.19,10.28,10.12,10.28,6.17371,1051100,0,0
2012-05-25,10.28,10.38,10.15,10.24,6.14969,1114600,0,0
2012-05-29,10.27,10.36,10.23,10.36,6.22175,811300,0,0
2012-05-30,10.27,10.28,10.12,10.15,6.09564,804000,0,0
2012-05-31,10.14,10.18,10.08,10.13,6.08363,2200800,0,0
2012-06-01,9.95,10.02,9.69,9.7,5.82539,1762500,0,0
2012-06-04,9.51,9.74,9.39,9.44,5.66924,2295300,0,0
2012-06-05,9.38,9.52,9.32,9.36,5.6212,1384100,0,0
2012-06-06,9.44,9.49,9.35,9.48,5.69327,1166400,0,0
2012-06-07,9.6,9.68,9.53,9.54,5.7293,1105200,0,0
2012-06-08,9.5,9.74,9.46,9.72,5.8374,771000,0,0
2012-06-11,9.78,9.81,9.49,9.5,5.70528,913800,0,0
2012-06-12,9.5,9.62,9.43,9.61,5.77133,838800,0,0
2012-06-13,9.57,9.72,9.5,9.57,5.74732,677300,0,0
2012-06-14,9.6,9.67,9.54,9.64,5.78935,744700,0,0
2012-06-15,9.64,9.69,9.56,9.59,5.75933,2386300,0,0
2012-06-18,9.56,9.67,9.5,9.64,5.78935,770600,0,0
2012-06-19,9.71,9.94,9.62,9.89,5.93949,1042900,0,0
2012-06-20,9.94,10.02,9.86,9.92,5.95751,969800,0,0
2012-06-21,9.94,10.07,9.7,9.71,5.83139,650000,0,0
2012-06-22,9.96,9.99,9.62,9.95,5.97553,1278700,0,0
2012-06-25,9.8,9.8,9.67,9.71,5.83139,1322100,0,0
2012-06-26,9.74,9.77,9.6,9.69,5.81938,683300,0,0
2012-06-27,9.72,9.87,9.59,9.86,5.92148,729900,0,0
2012-06-28,9.77,9.87,9.6,9.87,5.96987,767000,0.07,0
2012-06-29,10.03,10.05,9.95,9.99,6.04244,850500,0,0
2012-07-02,9.96,10.05,9.89,10.05,6.07874,876200,0,0
2012-07-03,10.02,10.18,9.91,10.14,6.13317,374800,0,0
2012-07-05,10.1,10.19,10.05,10.1,6.10898,741000,0,0
2012-07-06,10.03,10.14,10.01,10.11,6.11503,522900,0,0
2012-07-09,10.08,10.12,9.86,9.92,6.00011,635500,0,0
2012-07-10,10.01,10.1,9.78,9.82,5.93962,501300,0,0
2012-07-11,9.82,9.89,9.77,9.87,5.96987,426400,0,0
2012-07-12,9.81,9.82,9.69,9.72,5.87914,633800,0,0
2012-07-13,9.76,10.01,9.73,10,6.04849,660200,0,0
2012-07-16,10.02,10.04,9.89,10,6.04849,667400,0,0
2012-07-17,10.01,10.18,9.94,10.04,6.07269,1361200,0,0
2012-07-18,9.94,10.1,9.55,9.6,5.80656,2100200,0,0
2012-07-19,9.59,9.59,9.33,9.38,5.67349,1443400,0,0
2012-07-20,9.34,9.45,9.25,9.33,5.64325,971000,0,0
2012-07-23,9.21,9.23,9.1,9.17,5.54647,559200,0,0
2012-07-24,9.18,9.19,9.01,9.09,5.49808,1128800,0,0
2012-07-25,9.11,9.23,8.75,9.21,5.57066,1782900,0,0
2012-07-26,9.24,9.27,9.13,9.2,5.56461,900600,0,0
2012-07-27,9.25,9.43,9.13,9.33,5.64325,629900,0,0
2012-07-30,9.35,9.36,9.25,9.28,5.613,613800,0,0
2012-07-31,9.23,9.28,9.17,9.19,5.55857,732700,0,0
2012-08-01,9.21,9.32,9.15,9.22,5.57671,2484500,0,0
2012-08-02,9.21,9.26,9.13,9.24,5.58881,983000,0,0
2012-08-03,9.38,9.54,9.31,9.46,5.72188,730100,0,0
2012-08-06,9.45,9.57,9.36,9.36,5.66139,458100,0,0
2012-08-07,9.57,9.8,9.45,9.58,5.79446,1026800,0,0
2012-08-08,9.56,9.79,9.53,9.71,5.87309,1054300,0,0
2012-08-09,9.67,9.74,9.58,9.61,5.8126,352900,0,0
2012-08-10,9.58,9.59,9.5,9.57,5.78841,318800,0,0
2012-08-13,9.48,9.58,9.42,9.54,5.77027,371100,0,0
2012-08-14,9.6,9.72,9.55,9.6,5.80656,764700,0,0
2012-08-15,9.56,9.81,9.56,9.78,5.91543,778100,0,0
2012-08-16,9.75,9.9,9.74,9.79,5.92148,1216000,0,0
2012-08-17,9.77,9.83,9.7,9.81,5.93357,656400,0,0
2012-08-20,9.78,9.84,9.76,9.81,5.93357,380700,0,0
2012-08-21,9.82,9.93,9.73,9.8,5.92753,561300,0,0
2012-08-22,9.74,9.82,9.61,9.67,5.8489,425700,0,0
2012-08-23,9.64,9.67,9.49,9.53,5.76422,347600,0,0
2012-08-24,9.53,9.6,9.48,9.55,5.77631,333100,0,0
2012-08-27,9.58,9.63,9.51,9.56,5.78236,279500,0,0
2012-08-28,9.57,9.67,9.54,9.61,5.8126,510000,0,0
2012-08-29,9.61,9.83,9.61,9.72,5.87914,774200,0,0
2012-08-30,9.68,9.76,9.6,9.71,5.87309,499100,0,0
2012-08-31,9.78,9.84,9.67,9.71,5.87309,876900,0,0
2012-09-04,9.71,9.88,9.59,9.85,5.95777,1058300,0,0
2012-09-05,9.84,9.91,9.66,9.86,5.96382,1019300,0,0
2012-09-06,9.91,10.13,9.86,9.99,6.04244,1003200,0,0
2012-09-07,9.99,10.14,9.96,10.06,6.08479,525200,0,0
2012-09-10,10.17,10.23,9.99,10.07,6.09084,924100,0,0
2012-09-11,10.06,10.18,9.95,10.1,6.10898,615300,0,0
2012-09-12,10.11,10.2,10.08,10.18,6.15737,436100,0,0
2012-09-13,10.18,10.28,9.97,10.21,6.17551,1100900,0,0
2012-09-14,10.22,10.72,10.18,10.65,6.44165,1723200,0,0
2012-09-17,10.59,10.64,10.21,10.23,6.18761,947500,0,0
2012-09-18,10.25,10.31,10.15,10.18,6.15737,1028000,0,0
2012-09-19,10.2,10.26,10.1,10.19,6.16341,719100,0,0
2012-09-20,10.12,10.16,9.91,10.07,6.09084,852600,0,0
2012-09-21,10.16,10.21,9.91,9.93,6.00615,3955700,0,0
2012-09-24,9.9,10.02,9.86,9.97,6.03035,885400,0,0
2012-09-25,10.04,10.09,9.84,9.89,5.98196,598300,0,0
2012-09-26,9.87,9.93,9.76,9.78,5.91543,759500,0,0
2012-09-27,9.8,9.95,9.71,9.85,6.0069,967200,0.08,0
2012-09-28,9.79,9.89,9.73,9.85,6.0069,943700,0,0
2012-10-01,9.91,9.98,9.78,9.89,6.0313,1827100,0,0
2012-10-02,9.9,10.02,9.88,10,6.09838,1074200,0,0
2012-10-03,9.98,10.09,9.95,10.01,6.10448,872000,0,0
2012-10-04,10.06,10.13,9.98,10.13,6.17766,812300,0,0
2012-10-05,10.16,10.28,10.09,10.2,6.22035,838100,0,0
2012-10-08,10.18,10.28,10.13,10.24,6.24474,1477600,0,0
2012-10-09,10.05,10.16,9.85,9.88,6.0252,1812900,0,0
2012-10-10,9.88,10.23,9.88,10.22,6.23255,2020500,0,0
2012-10-11,10.28,10.48,10.27,10.46,6.3789,1623500,0,0
2012-10-12,10.42,10.48,10.28,10.4,6.34231,4252700,0,0
2012-10-15,10.49,10.49,10.17,10.21,6.22645,2110400,0,0
2012-10-16,10.33,10.34,10.08,10.15,6.18985,1931300,0,0
2012-10-17,10.09,10.35,9.86,9.95,6.06789,2981200,0,0
2012-10-18,9.91,10.03,9.79,9.84,6.0008,2084600,0,0
2012-10-19,9.8,9.87,9.74,9.79,5.97031,968000,0,0
2012-10-22,9.77,9.81,9.74,9.79,5.97031,644900,0,0
2012-10-23,9.74,9.83,9.61,9.77,5.95812,1235400,0,0
2012-10-24,9.85,9.85,9.74,9.77,5.95812,718200,0,0
2012-10-25,9.85,9.89,9.71,9.83,5.99471,931800,0,0
2012-10-26,9.81,9.89,9.68,9.73,5.93372,609500,0,0
2012-10-31,9.72,9.73,9.6,9.73,5.93372,419700,0,0
2012-11-01,9.71,9.96,9.65,9.94,6.06179,963700,0,0
2012-11-02,9.95,9.95,9.69,9.7,5.91543,680100,0,0
2012-11-05,9.73,9.75,9.51,9.71,5.92153,648700,0,0
2012-11-06,9.75,9.84,9.7,9.82,5.98861,852700,0,0
2012-11-07,9.71,9.71,9.48,9.48,5.78126,1261800,0,0
2012-11-08,9.45,9.57,9.33,9.41,5.73857,980400,0,0
2012-11-09,9.34,9.52,9.32,9.39,5.72638,607100,0,0
2012-11-12,9.45,9.48,9.35,9.39,5.72638,393500,0,0
2012-11-13,9.34,9.43,9.3,9.33,5.68979,761600,0,0
2012-11-14,9.37,9.4,9.23,9.26,5.6471,1348500,0,0
2012-11-15,9.28,9.44,9.24,9.33,5.68979,1059400,0,0
2012-11-16,9.32,9.39,9.22,9.38,5.72028,957200,0,0
2012-11-19,9.47,9.56,9.37,9.47,5.77517,613100,0,0
2012-11-20,9.43,9.54,9.36,9.5,5.79346,694400,0,0
2012-11-21,9.51,9.53,9.37,9.51,5.79956,413700,0,0
2012-11-23,9.51,9.79,9.46,9.78,5.96421,283700,0,0
2012-11-26,9.74,9.79,9.6,9.71,5.92153,596400,0,0
2012-11-27,9.68,9.8,9.6,9.61,5.86054,791100,0,0
2012-11-28,9.56,9.66,9.43,9.65,5.88493,883200,0,0
2012-11-29,9.73,9.8,9.65,9.71,5.92153,657100,0,0
2012-11-30,9.75,9.8,9.55,9.73,5.93372,764100,0,0
2012-12-03,9.78,9.79,9.66,9.73,5.93372,584600,0,0
2012-12-04,9.7,9.73,9.57,9.66,5.89103,514300,0,0
2012-12-05,9.68,9.79,9.65,9.69,5.90933,992900,0,0
2012-12-06,9.7,9.75,9.64,9.68,5.90323,523400,0,0
2012-12-07,9.69,9.69,9.58,9.62,5.86664,514200,0,0
2012-12-10,9.65,9.75,9.59,9.69,5.90933,658500,0,0
2012-12-11,9.76,9.78,9.68,9.74,5.93982,569600,0,0
2012-12-12,9.74,9.81,9.7,9.76,5.95202,866200,0,0
2012-12-13,9.74,9.82,9.58,9.61,5.86054,562200,0,0
2012-12-14,9.62,9.65,9.55,9.57,5.83615,430200,0,0
2012-12-17,9.62,9.83,9.58,9.78,5.96421,685200,0,0
2012-12-18,9.76,9.88,9.66,9.88,6.07489,796000,0.08,0
2012-12-19,9.92,9.92,9.79,9.8,6.0257,535300,0,0
2012-12-20,9.79,9.91,9.76,9.91,6.09334,844000,0,0
2012-12-21,9.72,9.97,9.59,9.88,6.07489,4498900,0,0
2012-12-24,9.83,9.87,9.66,9.78,6.0134,571000,0,0
2012-12-26,9.77,9.81,9.66,9.69,5.95807,695500,0,0
2012-12-27,9.75,9.76,9.51,9.67,5.94577,721200,0,0
2012-12-28,9.64,9.7,9.57,9.59,5.89658,701300,0,0
2012-12-31,9.57,9.65,9.5,9.61,5.90888,1337900,0,0
2013-01-02,9.79,10.16,9.78,10.15,6.2409,1204200,0,0
2013-01-03,10.23,10.37,10.14,10.34,6.35773,1307600,0,0
2013-01-04,10.38,10.54,10.32,10.47,6.43766,1257400,0,0
2013-01-07,10.46,10.48,10.4,10.47,6.43766,654200,0,0
2013-01-08,10.47,10.51,10.33,10.39,6.38847,571500,0,0
2013-01-09,10.38,10.49,10.25,10.3,6.33314,1251800,0,0
2013-01-10,10.39,10.4,10.3,10.32,6.34543,840400,0,0
2013-01-11,10.28,10.32,10.1,10.24,6.29624,743300,0,0
2013-01-14,10.28,10.33,10.15,10.29,6.32698,691100,0,0
2013-01-15,10.22,10.37,10.16,10.32,6.34543,1245000,0,0
2013-01-16,10.24,10.29,10.02,10.25,6.30239,1241100,0,0
2013-01-17,10.29,10.57,10.19,10.52,6.46841,1203000,0,0
2013-01-18,10.5,10.61,10.39,10.57,6.49915,1257200,0,0
2013-01-22,10.59,10.79,10.57,10.78,6.62827,1350000,0,0
2013-01-23,10.77,10.8,10.66,10.7,6.57908,1349100,0,0
2013-01-24,10.68,10.78,10.63,10.7,6.57908,882600,0,0
2013-01-25,10.72,10.86,10.71,10.8,6.64057,1388100,0,0
2013-01-28,10.8,10.8,10.64,10.75,6.60983,1028300,0,0
2013-01-29,10.75,10.82,10.71,10.76,6.61597,830300,0,0
2013-01-30,10.8,10.87,10.72,10.85,6.67131,1422200,0,0
2013-01-31,10.81,10.94,10.75,10.89,6.69591,1322400,0,0
2013-02-01,10.93,11.09,10.88,11.04,6.78814,1419100,0,0
2013-02-04,10.96,11.03,10.81,10.82,6.65287,1147600,0,0
2013-02-05,10.9,11.06,10.78,10.99,6.75739,901400,0,0
2013-02-06,10.49,10.98,10.47,10.95,6.7328,1052400,0,0
2013-02-07,10.95,11.03,10.91,10.96,6.73895,540400,0,0
2013-02-08,11,11.09,10.91,11.07,6.80658,650500,0,0
2013-02-11,11.05,11.16,10.96,11.13,6.84347,1279100,0,0
2013-02-12,11.11,11.19,11.04,11.12,6.83733,1398000,0,0
2013-02-13,11.12,11.23,11.07,11.23,6.90496,1432000,0,0
2013-02-14,11.16,11.24,11.14,11.16,6.86192,946900,0,0
2013-02-15,11.14,11.14,11.03,11.1,6.82503,465900,0,0
2013-02-19,11.13,11.23,11.01,11.21,6.89267,664800,0,0
2013-02-20,11.18,11.23,11.07,11.07,6.80658,573000,0,0
2013-02-21,11.04,11.18,10.96,11.02,6.77584,1016800,0,0
2013-02-22,11.07,11.23,11.02,11.22,6.89881,779800,0,0
2013-02-25,11.25,11.28,10.99,10.99,6.75739,1041400,0,0
2013-02-26,11.03,11.18,10.89,11.11,6.83118,1184700,0,0
2013-02-27,11.08,11.37,11,11.29,6.94186,952400,0,0
2013-02-28,11.24,11.48,11.24,11.35,6.97874,1154000,0,0
2013-03-01,11.1,11.34,10.95,11.27,6.92956,1590600,0,0
2013-03-04,11.24,11.47,11.24,11.43,7.02793,985600,0,0
2013-03-05,11.48,11.57,11.41,11.46,7.04638,776300,0,0
2013-03-06,11.52,11.54,11.42,11.49,7.06482,486400,0,0
2013-03-07,11.5,11.57,11.46,11.5,7.07097,549400,0,0
2013-03-08,11.55,11.59,11.4,11.51,7.07713,693100,0,0
2013-03-11,11.49,11.59,11.45,11.56,7.10787,496000,0,0
2013-03-12,11.54,11.57,11.44,11.5,7.07097,478300,0,0
2013-03-13,11.53,11.57,11.38,11.57,7.11401,465200,0,0
2013-03-14,11.41,11.66,11.31,11.66,7.16936,729300,0,0
2013-03-15,11.64,11.74,11.61,11.74,7.21855,2462600,0,0
2013-03-18,11.65,11.69,11.57,11.59,7.12631,479500,0,0
2013-03-19,11.6,11.67,11.53,11.63,7.15091,558400,0,0
2013-03-20,11.7,11.79,11.62,11.77,7.23699,385500,0,0
2013-03-21,11.71,11.78,11.6,11.72,7.20625,653300,0,0
2013-03-22,11.77,11.78,11.7,11.75,7.22469,473100,0,0
2013-03-25,11.82,11.88,11.71,11.82,7.26774,502200,0,0
2013-03-26,11.91,11.91,11.8,11.84,7.28003,405000,0,0
2013-03-27,11.68,11.77,11.4,11.77,7.28622,773800,0.08,0
2013-03-28,11.8,11.8,11.68,11.7,7.24289,725100,0,0
2013-04-01,11.68,11.7,11.46,11.56,7.15622,782700,0,0
2013-04-02,11.64,11.64,11.45,11.48,7.1067,538000,0,0
2013-04-03,11.55,11.59,11.28,11.32,7.00765,1172500,0,0
2013-04-04,11.35,11.42,11.26,11.42,7.06956,747100,0,0
2013-04-05,11.3,11.41,11.16,11.39,7.05098,669200,0,0
2013-04-08,11.42,11.52,11.24,11.51,7.12527,578000,0,0
2013-04-09,11.55,11.55,11.4,11.5,7.11908,327700,0,0
2013-04-10,11.55,11.67,11.49,11.66,7.21813,616900,0,0
2013-04-11,11.68,11.68,11.48,11.48,7.1067,1053200,0,0
2013-04-12,11.46,11.53,11.33,11.39,7.05098,880100,0,0
2013-04-15,11.39,11.41,10.96,10.99,6.80336,1362300,0,0
2013-04-16,11.13,11.21,11.01,11.16,6.9086,1180400,0,0
2013-04-17,10.73,10.95,10.38,10.52,6.51241,2834800,0,0
2013-04-18,10.51,10.61,10.3,10.47,6.48146,1525200,0,0
2013-04-19,10.5,10.64,10.43,10.61,6.56812,734500,0,0
2013-04-22,10.66,10.8,10.45,10.72,6.63622,1199600,0,0
2013-04-23,10.79,10.97,10.73,10.96,6.78479,991200,0,0
2013-04-24,10.99,11.11,10.9,11.11,6.87765,768300,0,0
2013-04-25,11.17,11.17,11.04,11.08,6.85907,681700,0,0
2013-04-26,11.07,11.1,10.93,11.02,6.82193,535700,0,0
2013-04-29,11.07,11.12,11,11.08,6.85907,301200,0,0
2013-04-30,11.05,11.11,10.96,11.06,6.8467,1281400,0,0
2013-05-01,11.05,11.07,10.81,10.82,6.69812,1169100,0,0
2013-05-02,10.89,11.08,10.85,11.02,6.82193,945800,0,0
2013-05-03,11.1,11.23,11.04,11.15,6.90241,877700,0,0
2013-05-06,11.13,11.36,11.12,11.28,6.98289,1092400,0,0
2013-05-07,11.36,11.49,11.3,11.47,7.10051,623400,0,0
2013-05-08,11.48,11.5,11.28,11.5,7.11908,1558300,0,0
2013-05-09,11.46,11.5,11.37,11.4,7.05717,840400,0,0
2013-05-10,11.4,11.49,11.35,11.42,7.06956,480600,0,0
2013-05-13,11.42,11.49,11.35,11.43,7.07574,551200,0,0
2013-05-14,11.4,11.54,11.37,11.54,7.14384,809400,0,0
2013-05-15,11.54,11.64,11.49,11.6,7.18098,529200,0,0
2013-05-16,11.61,11.7,11.49,11.57,7.16241,341000,0,0
2013-05-17,11.6,11.79,11.59,11.74,7.26765,374500,0,0
2013-05-20,11.74,11.84,11.73,11.8,7.30479,646300,0,0
2013-05-21,11.83,11.86,11.74,11.83,7.32336,452900,0,0
2013-05-22,11.82,11.91,11.54,11.55,7.15003,735600,0,0
2013-05-23,11.48,11.59,11.42,11.57,7.16241,1528100,0,0
2013-05-24,11.5,11.59,11.44,11.57,7.16241,443300,0,0
2013-05-28,11.69,11.81,11.63,11.75,7.27384,473000,0,0
2013-05-29,11.63,11.78,11.59,11.64,7.20574,482000,0,0
2013-05-30,11.67,11.72,11.58,11.7,7.24289,689500,0,0
2013-05-31,11.67,11.7,11.47,11.49,7.11289,892300,0,0
2013-06-03,11.54,11.61,11.29,11.61,7.18717,1128900,0,0
2013-06-04,11.59,11.69,11.28,11.35,7.02622,1156900,0,0
2013-06-05,11.36,11.39,11.04,11.14,6.89622,1052000,0,0
2013-06-06,11.11,11.24,11.03,11.21,6.93955,647100,0,0
2013-06-07,11.29,11.33,11.19,11.31,7.00146,355600,0,0
2013-06-10,11.33,11.44,11.26,11.44,7.08193,449200,0,0
2013-06-11,11.33,11.36,11.21,11.22,6.94574,480000,0,0
2013-06-12,11.31,11.33,11.04,11.06,6.8467,416200,0,0
2013-06-13,11.07,11.33,11.03,11.32,7.00765,675100,0,0
2013-06-14,11.32,11.32,11.09,11.14,6.89622,464300,0,0
2013-06-17,11.24,11.26,11.12,11.21,6.93955,443200,0,0
2013-06-18,11.24,11.4,11.18,11.37,7.03861,499700,0,0
2013-06-19,11.4,11.44,11.27,11.33,7.01384,700800,0,0
2013-06-20,11.16,11.38,11.1,11.19,6.92717,1104000,0,0
2013-06-21,11.06,11.2,11,11.13,6.89003,2760300,0,0
2013-06-24,11.05,11.11,10.94,11.05,6.84051,1114300,0,0
2013-06-25,11.18,11.39,10.98,11.34,7.02003,945500,0,0
2013-06-26,11.43,11.61,11.27,11.4,7.05717,1191300,0,0
2013-06-27,11.43,11.6,11.38,11.54,7.19433,601000,0.08,0
2013-06-28,11.47,11.58,11.38,11.48,7.15692,2019700,0,0
2013-07-01,11.52,11.75,11.52,11.69,7.28784,844700,0,0
2013-07-02,11.66,11.94,11.6,11.73,7.31278,1311100,0,0
2013-07-03,11.64,11.77,11.61,11.74,7.31901,486000,0,0
2013-07-05,11.8,12.08,11.76,12.07,7.52474,1347100,0,0
2013-07-08,12.1,12.27,12.08,12.15,7.57462,1465900,0,0
2013-07-09,12.25,12.29,12.02,12.25,7.63696,706200,0,0
2013-07-10,12.04,12.23,11.89,12.05,7.51228,1428500,0,0
2013-07-11,12.22,12.3,11.82,11.85,7.38759,990500,0,0
2013-07-12,11.83,12.02,11.83,12.01,7.48734,881400,0,0
2013-07-15,12.08,12.12,11.96,12.04,7.50604,785100,0,0
2013-07-16,12.08,12.08,11.71,11.92,7.43123,596100,0,0
2013-07-17,12,12.04,11.92,12.03,7.49981,2138400,0,0
2013-07-18,12.04,12.33,12.03,12.3,7.66813,788600,0,0
2013-07-19,12.27,12.48,12.24,12.44,7.75541,1062900,0,0
2013-07-22,12.44,12.61,12.32,12.49,7.78658,1115100,0,0
2013-07-23,12.51,12.78,12.37,12.64,7.88009,1580900,0,0
2013-07-24,12.74,13,12.6,12.8,7.97985,1993700,0,0
2013-07-25,12.7,12.83,12.47,12.58,7.84269,1316700,0,0
2013-07-26,12.53,12.6,12.37,12.58,7.84269,1151100,0,0
2013-07-29,12.57,12.62,12.34,12.45,7.76164,953200,0,0
2013-07-30,12.49,12.67,12.46,12.48,7.78034,658800,0,0
2013-07-31,12.54,12.81,12.5,12.59,7.84892,984100,0,0
2013-08-01,12.73,13.08,12.6,12.8,7.97985,1952400,0,0
2013-08-02,12.81,12.87,12.62,12.83,7.99855,1279000,0,0
2013-08-05,12.78,12.92,12.68,12.84,8.00478,446400,0,0
2013-08-06,12.82,12.87,12.64,12.71,7.92373,508200,0,0
2013-08-07,12.65,12.72,12.49,12.57,7.83645,725300,0,0
2013-08-08,12.66,12.75,12.51,12.68,7.90503,598700,0,0
2013-08-09,12.62,12.75,12.55,12.63,7.87386,423900,0,0
2013-08-12,12.56,12.72,12.37,12.66,7.89256,358300,0,0
2013-08-13,12.68,12.68,12.46,12.61,7.86139,673400,0,0
2013-08-14,12.65,12.65,12.51,12.56,7.83022,631200,0,0
2013-08-15,12.43,12.53,12.33,12.46,7.76788,1060900,0,0
2013-08-16,12.42,12.6,12.41,12.49,7.78658,574600,0,0
2013-08-19,12.49,12.54,12.4,12.46,7.76788,884300,0,0
2013-08-20,12.49,12.68,12.48,12.63,7.87386,457900,0,0
2013-08-21,12.57,12.64,12.45,12.47,7.77411,1027300,0,0
2013-08-22,12.52,12.73,12.5,12.65,7.88633,488300,0,0
2013-08-23,12.68,12.71,12.49,12.55,7.82399,818600,0,0
2013-08-26,12.55,12.62,12.43,12.49,7.78658,541400,0,0
2013-08-27,12.37,12.42,12.05,12.09,7.53721,1184200,0,0
2013-08-28,12.1,12.27,12.04,12.17,7.58709,799400,0,0
2013-08-29,12.13,12.43,12.12,12.32,7.6806,846600,0,0
2013-08-30,12.31,12.32,12.05,12.09,7.53721,941400,0,0
2013-09-03,12.23,12.37,11.63,11.83,7.37512,2380300,0,0
2013-09-04,11.83,11.99,11.75,11.87,7.40006,891400,0,0
2013-09-05,11.8,12.07,11.79,11.99,7.47487,995500,0,0
2013-09-06,12.01,12.05,11.69,11.92,7.43123,996700,0,0
2013-09-09,11.97,11.98,11.83,11.96,7.45617,712000,0,0
2013-09-10,12.01,12.03,11.89,11.99,7.47487,769700,0,0
2013-09-11,11.97,12.02,11.84,11.92,7.43123,626500,0,0
2013-09-12,11.92,11.92,11.75,11.83,7.37512,2001200,0,0
2013-09-13,11.82,11.86,11.69,11.84,7.38136,914200,0,0
2013-09-16,11.99,11.99,11.8,11.87,7.40006,750900,0,0
2013-09-17,11.85,12.03,11.79,12.03,7.49981,931900,0,0
2013-09-18,12.01,12.08,11.82,11.84,7.38136,1285200,0,0
2013-09-19,11.84,11.84,11.57,11.69,7.28784,1228700,0,0
2013-09-20,11.71,11.88,11.68,11.8,7.35642,3286500,0,0
2013-09-23,11.77,11.81,11.46,11.62,7.2442,1108500,0,0
2013-09-24,11.65,11.79,11.55,11.73,7.31278,856200,0,0
2013-09-25,11.74,11.86,11.22,11.73,7.31278,928700,0,0
2013-09-26,11.76,11.83,11.66,11.72,7.30654,611400,0,0
2013-09-27,11.59,11.74,11.44,11.62,7.29399,579800,0.08,0
2013-09-30,11.5,11.72,11.45,11.68,7.33165,918400,0,0
2013-10-01,11.71,11.94,11.66,11.9,7.46975,1780700,0,0
2013-10-02,11.8,11.9,11.67,11.72,7.35676,683100,0,0
2013-10-03,11.73,11.75,11.6,11.69,7.33793,711400,0,0
2013-10-04,11.72,11.77,11.64,11.73,7.36303,757200,0,0
2013-10-07,11.64,11.68,11.52,11.59,7.27516,472800,0,0
2013-10-08,11.57,11.63,11.5,11.5,7.21866,721100,0,0
2013-10-09,11.55,11.68,11.52,11.54,7.24377,747900,0,0
2013-10-10,11.64,11.85,11.63,11.85,7.43836,769000,0,0
2013-10-11,11.78,12.04,11.7,12.02,7.54507,747300,0,0
2013-10-14,11.9,12.1,11.9,12.07,7.57646,785800,0,0
2013-10-15,12.08,12.12,11.94,11.95,7.50113,725200,0,0
2013-10-16,12.07,12.22,11.97,12.09,7.58901,757800,0,0
2013-10-17,11.99,12.2,11.9,12.19,7.65178,755500,0,0
2013-10-18,12.19,12.33,12.06,12.31,7.72711,857500,0,0
2013-10-21,12.34,12.46,12.28,12.43,7.80244,946400,0,0
2013-10-22,12.51,12.55,12.34,12.42,7.79616,1853200,0,0
2013-10-23,12.58,12.7,12.34,12.43,7.80244,762400,0,0
2013-10-24,12.41,12.45,12.31,12.35,7.75222,763000,0,0
2013-10-25,12.37,12.38,12.25,12.32,7.73339,902500,0,0
2013-10-28,12.26,12.39,12.23,12.37,7.76477,892300,0,0
2013-10-29,12.39,12.46,12.24,12.36,7.7585,470800,0,0
2013-10-30,12.35,12.43,12.32,12.35,7.75222,368300,0,0
2013-10-31,12.37,12.4,12.2,12.21,7.66434,673800,0,0
2013-11-01,12.25,12.3,12.1,12.17,7.63923,486500,0,0
2013-11-04,12.17,12.24,12.07,12.19,7.65178,439700,0,0
2013-11-05,12.12,12.2,12.05,12.11,7.60157,475500,0,0
2013-11-06,12.19,12.2,12.09,12.11,7.60157,591900,0,0
2013-11-07,12.12,12.18,11.91,11.92,7.4823,696100,0,0
2013-11-08,11.96,12.39,11.9,12.38,7.77105,1020200,0,0
2013-11-11,12.4,12.42,12.21,12.28,7.70828,369500,0,0
2013-11-12,12.23,12.26,12.11,12.19,7.65178,356400,0,0
2013-11-13,12.16,12.3,12.05,12.29,7.71456,371500,0,0
2013-11-14,12.26,12.35,12.22,12.34,7.74594,294000,0,0
2013-11-15,12.37,12.41,12.14,12.25,7.68945,469700,0,0
2013-11-18,12.26,12.4,12.21,12.23,7.67689,433200,0,0
2013-11-19,12.23,12.29,12.17,12.19,7.65178,430000,0,0
2013-11-20,12.24,12.28,12.13,12.22,7.67062,349500,0,0
2013-11-21,12.26,12.49,12.21,12.43,7.80244,589100,0,0
2013-11-22,12.44,12.55,12.36,12.52,7.85893,554200,0,0
2013-11-25,12.55,12.69,12.51,12.68,7.95936,792900,0,0
2013-11-26,12.7,13.04,12.66,13.01,8.1665,2300600,0,0
2013-11-27,13.05,13.13,12.98,13.06,8.19789,1339000,0,0
2013-11-29,13.06,13.13,12.98,13.07,8.20417,390900,0,0
2013-12-02,13.04,13.22,12.99,13.1,8.223,2529300,0,0
2013-12-03,13.03,13.15,12.89,13.07,8.20417,3657500,0,0
2013-12-04,13.07,13.11,12.9,13,8.16023,917200,0,0
2013-12-05,12.95,13.05,12.93,13.04,8.18534,920300,0,0
2013-12-06,13.19,13.29,13.14,13.25,8.31716,757600,0,0
2013-12-09,13.24,13.3,13.14,13.16,8.26066,1143600,0,0
2013-12-10,13.15,13.23,13.01,13.02,8.17278,567600,0,0
2013-12-11,13.05,13.06,12.72,12.73,7.99075,752000,0,0
2013-12-12,12.74,12.9,12.72,12.82,8.04724,564900,0,0
2013-12-13,12.82,12.89,12.65,12.74,7.99702,633100,0,0
2013-12-16,12.79,12.99,12.71,12.96,8.13512,579800,0,0
2013-12-17,12.95,12.95,12.84,12.86,8.07235,696700,0,0
2013-12-18,12.86,13.14,12.85,13.12,8.23555,855100,0,0
2013-12-19,13.05,13.07,12.89,12.89,8.09118,621700,0,0
2013-12-20,12.89,13.01,12.87,12.92,8.11001,3373100,0,0
2013-12-23,13.01,13.29,12.96,13.28,8.33599,709000,0,0
2013-12-24,13.27,13.37,13.26,13.29,8.34226,316400,0,0
2013-12-26,13.31,13.4,13.2,13.21,8.29205,653300,0,0
2013-12-27,13.3,13.3,13.12,13.27,8.32971,684900,0,0
2013-12-30,13.2,13.21,13.08,13.15,8.30445,383200,0.08,0
2013-12-31,13.18,13.18,13.08,13.09,8.26656,550100,0,0
2014-01-02,13.03,13.05,12.84,12.91,8.15289,1029000,0,0
2014-01-03,12.93,12.94,12.8,12.91,8.15289,575600,0,0
2014-01-06,12.97,13.01,12.82,12.85,8.115,1187400,0,0
2014-01-07,12.96,13.11,12.94,13.06,8.24761,766600,0,0
2014-01-08,13.04,13.18,12.97,13.05,8.2413,816100,0,0
2014-01-09,13.07,13.18,13.03,13.07,8.25393,809700,0,0
2014-01-10,13.09,13.1,12.85,12.88,8.13394,1436100,0,0
2014-01-13,12.87,12.93,12.77,12.85,8.115,827200,0,0
2014-01-14,12.95,12.97,12.83,12.9,8.14657,1157100,0,0
2014-01-15,13.01,13.05,12.89,12.94,8.17183,903200,0,0
2014-01-16,12.96,12.96,12.79,12.82,8.09605,397500,0,0
2014-01-17,12.84,12.93,12.78,12.88,8.13394,879100,0,0
2014-01-21,12.89,13.07,12.88,12.98,8.19709,1292600,0,0
2014-01-22,12.8,13.03,12.5,12.91,8.15289,1761300,0,0
2014-01-23,12.91,12.91,12.54,12.59,7.9508,1561000,0,0
2014-01-24,12.55,12.67,12.41,12.52,7.9066,1336500,0,0
2014-01-27,12.59,12.67,12.52,12.58,7.94448,1636500,0,0
2014-01-28,12.58,12.76,12.58,12.74,8.04553,1084200,0,0
2014-01-29,12.64,12.78,12.55,12.55,7.92554,1032400,0,0
2014-01-30,12.62,12.82,12.52,12.75,8.05185,1117100,0,0
2014-01-31,12.59,12.7,12.33,12.35,7.79924,1916800,0,0
2014-02-03,12.27,12.43,11.76,11.78,7.43927,2629800,0,0
2014-02-04,11.82,12.11,11.73,12.06,7.6161,1537500,0,0
2014-02-05,12.04,12.16,11.97,12.08,7.62873,892600,0,0
2014-02-06,12.08,12.26,12.05,12.26,7.7424,802400,0,0
2014-02-07,12.3,12.37,12.16,12.28,7.75503,858000,0,0
2014-02-10,12.29,12.39,12.18,12.34,7.79292,1329100,0,0
2014-02-11,12.33,12.7,12.28,12.54,7.91922,890100,0,0
2014-02-12,12.53,12.78,12.53,12.57,7.93817,1105800,0,0
2014-02-13,12.46,12.54,12.37,12.47,7.87502,740400,0,0
2014-02-14,12.47,12.69,12.44,12.61,7.96343,736400,0,0
2014-02-18,12.58,12.73,12.56,12.62,7.96975,516600,0,0
2014-02-19,12.58,12.62,12.18,12.19,7.6982,1025900,0,0
2014-02-20,12.2,12.32,11.97,12.06,7.6161,2483800,0,0
2014-02-21,12.1,12.16,12.04,12.1,7.64136,1963600,0,0
2014-02-24,12.1,12.35,12.1,12.26,7.7424,1588900,0,0
2014-02-25,12.29,12.29,12.13,12.14,7.66662,995600,0,0
2014-02-26,12.13,12.33,12.13,12.29,7.76135,1012900,0,0
2014-02-27,12.29,12.39,12.2,12.31,7.77398,825800,0,0
2014-02-28,12.33,12.56,12.25,12.31,7.77398,1401400,0,0
2014-03-03,12.18,12.36,12.07,12.18,7.69188,1109500,0,0
2014-03-04,12.34,12.5,12.32,12.41,7.83713,1200100,0,0
2014-03-05,12.44,12.5,12.35,12.43,7.84976,800600,0,0
2014-03-06,12.48,12.64,12.44,12.55,7.92554,1011200,0,0
2014-03-07,12.59,12.78,12.57,12.68,8.00764,779400,0,0
2014-03-10,12.67,12.78,12.51,12.76,8.05816,721500,0,0
2014-03-11,12.77,12.77,12.57,12.67,8.00132,660900,0,0
2014-03-12,12.63,12.69,12.5,12.61,7.96343,775300,0,0
2014-03-13,12.65,12.7,12.52,12.58,7.94448,954600,0,0
2014-03-14,12.54,12.74,12.43,12.65,7.98869,714900,0,0
2014-03-17,12.73,12.82,12.59,12.76,8.05816,546300,0,0
2014-03-18,12.77,12.85,12.71,12.83,8.10237,636400,0,0
2014-03-19,12.84,13,12.72,12.86,8.12131,791500,0,0
2014-03-20,12.81,13.05,12.81,12.9,8.14657,1925400,0,0
2014-03-21,12.9,13,12.85,12.89,8.14026,2111400,0,0
2014-03-24,12.91,13.07,12.85,12.93,8.16552,1010200,0,0
2014-03-25,12.99,12.99,12.73,12.85,8.115,883400,0,0
2014-03-26,12.92,12.93,12.66,12.67,8.00132,803000,0,0
2014-03-27,12.67,12.77,12.44,12.46,7.8687,834000,0,0
2014-03-28,12.37,12.53,12.34,12.43,7.90048,1119500,0.08,0
2014-03-31,12.54,12.66,12.47,12.58,7.99582,2686300,0,0
2014-04-01,12.58,12.66,12.5,12.61,8.01489,2657300,0,0
2014-04-02,12.66,12.87,12.59,12.76,8.11023,1808200,0,0
2014-04-03,12.75,13.05,12.72,13.04,8.2882,2567000,0,0
2014-04-04,13.06,13.16,12.65,12.65,8.04031,1561300,0,0
2014-04-07,12.58,12.72,12.43,12.49,7.93862,1784800,0,0
2014-04-08,12.46,12.6,12.42,12.51,7.95133,1294700,0,0
2014-04-09,12.56,12.58,12.4,12.46,7.91955,1004000,0,0
2014-04-10,12.45,12.47,12.17,12.19,7.74794,1508100,0,0
2014-04-11,12.11,12.2,11.96,12.03,7.64624,1627600,0,0
2014-04-14,12.1,12.22,12,12.12,7.70345,968400,0,0
2014-04-15,12.19,12.23,11.98,12.21,7.76065,1119200,0,0
2014-04-16,12.27,12.34,12.18,12.3,7.81786,871900,0,0
2014-04-17,12.3,12.38,12.22,12.31,7.82421,1116600,0,0
2014-04-21,12.27,12.37,12.22,12.29,7.8115,1861100,0,0
2014-04-22,12.3,12.44,12.25,12.33,7.83692,1575900,0,0
2014-04-23,12.5,12.84,12.38,12.62,8.02125,3034300,0,0
2014-04-24,12.71,12.77,12.52,12.55,7.97675,2683000,0,0
2014-04-25,12.49,12.64,12.37,12.4,7.88142,876800,0,0
2014-04-28,12.41,12.47,12.22,12.32,7.83056,1003400,0,0
2014-04-29,12.35,12.46,12.17,12.2,7.75429,955900,0,0
2014-04-30,12.2,12.24,12.08,12.19,7.74794,1563800,0,0
2014-05-01,12.24,12.26,12.01,12.1,7.69074,1640700,0,0
2014-05-02,12.11,12.31,12.11,12.16,7.72887,984700,0,0
2014-05-05,12.25,12.25,11.94,12.03,7.64624,692100,0,0
2014-05-06,12.01,12.06,11.86,11.89,7.55726,649000,0,0
2014-05-07,11.92,12.02,11.79,12.01,7.63353,1404000,0,0
2014-05-08,11.98,12.09,11.78,11.79,7.4937,1470200,0,0
2014-05-09,11.74,11.85,11.65,11.8,7.50006,1287100,0,0
2014-05-12,11.85,12.05,11.8,12,7.62717,1548700,0,0
2014-05-13,11.96,11.98,11.84,11.88,7.55091,964200,0,0
2014-05-14,11.81,11.82,11.61,11.66,7.41107,901700,0,0
2014-05-15,11.6,11.63,11.35,11.55,7.34116,1001700,0,0
2014-05-16,11.52,11.57,11.43,11.55,7.34116,747400,0,0
2014-05-19,11.7,11.99,11.65,11.88,7.55091,1814600,0,0
2014-05-20,11.9,11.9,11.58,11.69,7.43014,2462900,0,0
2014-05-21,11.79,11.9,11.73,11.79,7.4937,826600,0,0
2014-05-22,11.83,11.96,11.78,11.92,7.57633,1379500,0,0
2014-05-23,11.93,12.01,11.89,11.97,7.60811,1185400,0,0
2014-05-27,11.99,12.05,11.86,11.99,7.62082,1356300,0,0
2014-05-28,11.98,12,11.84,11.96,7.60175,1055200,0,0
2014-05-29,12.06,12.11,11.97,12,7.62717,1074600,0,0
2014-05-30,11.97,12.08,11.92,11.95,7.59539,583100,0,0
2014-06-02,11.93,12.09,11.84,12.06,7.66531,798100,0,0
2014-06-03,11.95,12.21,11.95,12.16,7.72887,815200,0,0
2014-06-04,12.12,12.18,11.98,12.09,7.68438,1346600,0,0
2014-06-05,12.12,12.33,12.04,12.29,7.8115,824000,0,0
2014-06-06,12.32,12.48,12.28,12.38,7.8687,774400,0,0
2014-06-09,12.38,12.63,12.35,12.62,8.02125,988900,0,0
2014-06-10,12.61,12.62,12.49,12.57,7.98947,628300,0,0
2014-06-11,12.54,12.54,12.41,12.43,7.90048,804000,0,0
2014-06-12,12.41,12.49,12.32,12.41,7.88777,716000,0,0
2014-06-13,12.41,12.56,12.02,12.42,7.89413,783000,0,0
2014-06-16,12.36,12.38,12.15,12.25,7.78608,1083600,0,0
2014-06-17,12.23,12.62,12.2,12.47,7.92591,1096900,0,0
2014-06-18,12.45,12.54,12.35,12.48,7.93226,921400,0,0
2014-06-19,12.49,12.49,12.33,12.43,7.90048,873400,0,0
2014-06-20,12.5,12.56,12.41,12.45,7.91319,1634700,0,0
2014-06-23,12.44,12.46,12.27,12.29,7.8115,1099900,0,0
2014-06-24,12.28,12.46,12.18,12.21,7.76065,1102800,0,0
2014-06-25,12.18,12.38,12.02,12.35,7.84964,983100,0,0
2014-06-26,12.36,12.38,12.16,12.34,7.84328,685200,0,0
2014-06-27,12.18,12.48,12.18,12.38,7.92005,2030100,0.08,0
2014-06-30,12.35,12.4,12.24,12.39,7.92645,963200,0,0
2014-07-01,12.41,12.71,12.36,12.53,8.01601,1394800,0,0
2014-07-02,12.5,12.61,12.33,12.4,7.93285,845800,0,0
2014-07-03,12.43,12.64,12.43,12.56,8.0352,472200,0,0
2014-07-07,12.5,12.52,12.42,12.45,7.96483,723600,0,0
2014-07-08,12.42,12.42,12.24,12.31,7.87527,1006700,0,0
2014-07-09,12.32,12.42,12.25,12.32,7.88166,791800,0,0
2014-07-10,12.15,12.35,12.06,12.28,7.85607,817500,0,0
2014-07-11,12.29,12.29,12.14,12.2,7.80489,582200,0,0
2014-07-14,12.28,12.35,12.18,12.23,7.82409,694600,0,0
2014-07-15,12.28,12.37,12.23,12.34,7.89446,698800,0,0
2014-07-16,12.38,12.39,12.1,12.13,7.76011,1049700,0,0
2014-07-17,12.04,12.08,11.85,11.88,7.60018,966000,0,0
2014-07-18,11.67,11.91,11.45,11.73,7.50421,3231800,0,0
2014-07-21,11.7,11.81,11.65,11.72,7.49782,2117500,0,0
2014-07-22,11.82,11.87,11.73,11.74,7.51061,1702100,0,0
2014-07-23,11.52,11.73,11.08,11.41,7.2995,5824600,0,0
2014-07-24,11.32,11.42,11.26,11.34,7.25471,3395200,0,0
2014-07-25,11.31,11.5,11.3,11.42,7.30589,1830300,0,0
2014-07-28,11.38,11.43,11.28,11.33,7.24831,1553000,0,0
2014-07-29,11.34,11.58,11.34,11.43,7.31229,2489600,0,0
2014-07-30,11.48,11.62,11.34,11.48,7.34428,2094500,0,0
2014-07-31,11.41,11.52,11.3,11.34,7.25471,1947000,0,0
2014-08-01,11.32,11.39,11.06,11.1,7.10117,2336700,0,0
2014-08-04,11.14,11.23,11.05,11.14,7.12677,1618100,0,0
2014-08-05,11.1,11.3,11.09,11.17,7.14596,1607500,0,0
2014-08-06,11.13,11.26,11.12,11.17,7.14596,3129700,0,0
2014-08-07,11.21,11.28,11.08,11.12,7.11397,1161000,0,0
2014-08-08,11.13,11.17,11.06,11.07,7.08198,1423800,0,0
2014-08-11,11.13,11.28,11.07,11.16,7.13956,1857000,0,0
2014-08-12,11.14,11.27,11.13,11.18,7.15236,906000,0,0
2014-08-13,11.21,11.27,11.12,11.17,7.14596,1021500,0,0
2014-08-14,11.16,11.27,11.16,11.2,7.16515,712000,0,0
2014-08-15,11.22,11.32,11.1,11.16,7.13956,1035900,0,0
2014-08-18,11.24,11.39,11.19,11.32,7.24192,790200,0,0
2014-08-19,11.34,11.44,11.3,11.36,7.26751,585900,0,0
2014-08-20,11.32,11.44,11.28,11.37,7.27391,748600,0,0
2014-08-21,11.37,11.58,11.31,11.52,7.36987,964800,0,0
2014-08-22,11.51,11.62,11.47,11.54,7.38266,736200,0,0
2014-08-25,11.59,11.65,11.52,11.54,7.38266,790000,0,0
2014-08-26,11.54,11.64,11.51,11.6,7.42105,428400,0,0
2014-08-27,11.62,11.62,11.49,11.51,7.36347,432500,0,0
2014-08-28,11.47,11.49,11.36,11.44,7.31869,566400,0,0
2014-08-29,11.48,11.56,11.42,11.54,7.38266,615800,0,0
2014-09-02,11.57,11.69,11.48,11.63,7.44024,953200,0,0
2014-09-03,11.67,11.7,11.58,11.6,7.42105,641400,0,0
2014-09-04,11.59,11.71,11.52,11.56,7.39546,485000,0,0
2014-09-05,11.54,11.76,11.47,11.75,7.51701,1318000,0,0
2014-09-08,11.71,11.77,11.62,11.7,7.48502,851700,0,0
2014-09-09,11.65,11.68,11.52,11.59,7.41465,657900,0,0
2014-09-10,11.62,11.74,11.56,11.71,7.49142,542800,0,0
2014-09-11,11.64,11.81,11.57,11.79,7.5426,511600,0,0
2014-09-12,11.8,11.91,11.76,11.83,7.56819,871600,0,0
2014-09-15,11.81,11.85,11.74,11.77,7.52981,606300,0,0
2014-09-16,11.75,11.85,11.63,11.68,7.47223,966500,0,0
2014-09-17,11.69,11.85,11.64,11.71,7.49142,596800,0,0
2014-09-18,11.73,11.99,11.7,11.9,7.61297,725700,0,0
2014-09-19,11.93,12,11.74,11.79,7.5426,2718600,0,0
2014-09-22,11.75,11.82,11.63,11.64,7.44664,633200,0,0
2014-09-23,11.61,11.66,11.44,11.45,7.32508,888400,0,0
2014-09-24,11.45,11.49,11.35,11.42,7.30589,557500,0,0
2014-09-25,11.37,11.37,11.2,11.25,7.19714,747800,0,0
2014-09-26,11.27,11.3,11.2,11.3,7.22912,588700,0,0
2014-09-29,11.11,11.23,11.1,11.17,7.19691,727900,0.08,0
2014-09-30,11.16,11.31,11.05,11.08,7.13892,731100,0,0
2014-10-01,11.08,11.15,10.92,11,7.08737,1398700,0,0
2014-10-02,10.98,11.16,10.96,11.1,7.15181,715800,0,0
2014-10-03,11.2,11.26,11.1,11.11,7.15825,585400,0,0
2014-10-06,11.14,11.2,11,11.05,7.11959,726500,0,0
2014-10-07,10.99,11.03,10.86,10.87,7.00362,659900,0,0
2014-10-08,10.85,11.15,10.85,11.13,7.17114,799100,0,0
2014-10-09,11.11,11.11,10.84,10.84,6.98429,1033400,0,0
2014-10-10,10.85,10.96,10.71,10.72,6.90697,989200,0,0
2014-10-13,10.73,10.9,10.73,10.82,6.9714,833800,0,0
2014-10-14,10.86,11.01,10.8,10.88,7.01006,752600,0,0
2014-10-15,10.75,10.76,10.43,10.58,6.81677,1275600,0,0
2014-10-16,10.47,10.77,10.45,10.74,6.91985,1188700,0,0
2014-10-17,10.83,10.86,10.69,10.77,6.93919,573600,0,0
2014-10-20,10.72,10.82,10.68,10.82,6.9714,705600,0,0
2014-10-21,10.84,11.1,10.84,11.03,7.1067,673000,0,0
2014-10-22,11.44,11.54,11.2,11.3,7.28067,1136600,0,0
2014-10-23,11.44,11.5,11.23,11.24,7.24201,863300,0,0
2014-10-24,11.21,11.36,11.21,11.28,7.26778,1088100,0,0
2014-10-27,11.2,11.33,11.15,11.3,7.28067,930600,0,0
2014-10-28,11.32,11.54,11.32,11.49,7.40308,821300,0,0
2014-10-29,11.47,11.76,11.43,11.74,7.56416,1092100,0,0
2014-10-30,11.7,11.8,11.6,11.73,7.55772,613800,0,0
2014-10-31,11.84,11.94,11.74,11.88,7.65437,817000,0,0
2014-11-03,11.88,11.95,11.74,11.81,7.60926,800500,0,0
2014-11-04,11.77,11.89,11.67,11.74,7.56416,612600,0,0
2014-11-05,11.83,11.91,11.71,11.9,7.66725,2092300,0,0
2014-11-06,11.88,12.02,11.85,12,7.73168,708500,0,0
2014-11-07,12,12.09,11.9,12.01,7.73813,602800,0,0
2014-11-10,12,12.1,11.89,12.1,7.79612,527300,0,0
2014-11-11,12.07,12.12,12.03,12.06,7.77034,256700,0,0
2014-11-12,11.99,12.52,11.99,12.46,8.02806,2222800,0,0
2014-11-13,12.59,12.6,12.29,12.29,7.91853,957900,0,0
2014-11-14,12.29,12.37,12.22,12.27,7.90564,897300,0,0
2014-11-17,12.24,12.27,12.17,12.21,7.86699,660200,0,0
2014-11-18,12.23,12.27,12.13,12.15,7.82833,746000,0,0
2014-11-19,12.12,12.21,11.98,12.07,7.77678,1030400,0,0
2014-11-20,12.03,12.22,12,12.22,7.87343,739400,0,0
2014-11-21,12.3,12.33,12.07,12.09,7.78967,780800,0,0
2014-11-24,12.14,12.23,12.08,12.22,7.87343,540000,0,0
2014-11-25,12.22,12.3,12.17,12.27,7.90564,771700,0,0
2014-11-26,12.21,12.23,12.07,12.16,7.84756,624300,0.02,0
2014-11-28,12.15,12.22,11.91,11.94,7.70558,254900,0,0
2014-12-01,11.93,11.97,11.7,11.8,7.61523,759700,0,0
2014-12-02,11.78,12.1,11.78,11.95,7.71204,646400,0,0
2014-12-03,11.94,12.09,11.89,12.07,7.78948,688000,0,0
2014-12-04,12.02,12.1,11.95,12.06,7.78303,530700,0,0
2014-12-05,12.12,12.43,12.12,12.25,7.90565,1531600,0,0
2014-12-08,12.16,12.49,12.12,12.31,7.94437,1111100,0,0
2014-12-09,12.15,12.41,12.12,12.34,7.96373,1337300,0,0
2014-12-10,12.29,12.35,11.87,11.89,7.67332,1300000,0,0
2014-12-11,11.99,12.06,11.87,11.9,7.67977,1819300,0,0
2014-12-12,11.82,12.02,11.81,11.87,7.66041,1284400,0,0
2014-12-15,11.93,12.04,11.76,11.84,7.64105,1353400,0,0
2014-12-16,11.79,12.05,11.72,11.86,7.65395,1069600,0,0
2014-12-17,11.87,12.26,11.87,12.24,7.89919,1416700,0,0
2014-12-18,12.36,12.44,12.26,12.37,7.98309,1050300,0,0
2014-12-19,12.35,12.46,12.24,12.36,7.97664,3026200,0,0
2014-12-22,12.36,12.49,12.22,12.44,8.02826,1010600,0,0
2014-12-23,12.49,12.6,12.35,12.52,8.07989,785100,0,0
2014-12-24,12.49,12.49,12.32,12.4,8.00245,295800,0,0
2014-12-26,12.47,12.56,12.44,12.47,8.04763,464900,0,0
2014-12-29,12.45,12.67,12.44,12.57,8.11216,590900,0,0
2014-12-30,12.4,12.57,12.3,12.48,8.10567,495200,0.08,0
2014-12-31,12.54,12.56,12.35,12.36,8.02772,805100,0,0
2015-01-02,12.44,12.46,12.15,12.33,8.00824,1057900,0,0
2015-01-05,12.27,12.27,11.97,12.04,7.81989,1043000,0,0
2015-01-06,12.04,12.1,11.74,11.85,7.69648,1269400,0,0
2015-01-07,11.94,11.95,11.81,11.92,7.74195,1096700,0,0
2015-01-08,11.98,12.11,11.94,12.09,7.85236,1330900,0,0
2015-01-09,12.11,12.15,11.82,11.83,7.6835,1081700,0,0
2015-01-12,11.81,11.94,11.74,11.88,7.71597,1538900,0,0
2015-01-13,11.98,12.13,11.73,11.8,7.66401,1326200,0,0
2015-01-14,11.66,11.75,11.51,11.68,7.58607,1271000,0,0
2015-01-15,11.65,11.75,11.48,11.54,7.49514,1011600,0,0
2015-01-16,11.49,11.67,11.47,11.65,7.56658,1003100,0,0
2015-01-20,11.63,11.71,11.42,11.53,7.48865,1252600,0,0
2015-01-21,11.5,11.55,11,11.23,7.2938,2286000,0,0
2015-01-22,11.22,11.63,11.11,11.6,7.53411,1586600,0,0
2015-01-23,11.61,11.65,11.32,11.34,7.36525,1223000,0,0
2015-01-26,11.3,11.49,11.24,11.41,7.41071,1014900,0,0
2015-01-27,11.27,11.39,11.27,11.33,7.35875,1012600,0,0
2015-01-28,11.39,11.42,11.1,11.12,7.22236,1290900,0,0
2015-01-29,11.17,11.35,11.12,11.32,7.35226,1392100,0,0
2015-01-30,11.19,11.31,11.09,11.15,7.24184,1546500,0,0
2015-02-02,11.21,11.45,11.15,11.39,7.39772,1770600,0,0
2015-02-03,11.43,11.7,11.41,11.58,7.52112,1255600,0,0
2015-02-04,11.55,11.66,11.52,11.54,7.49514,827900,0,0
2015-02-05,11.57,11.79,11.57,11.72,7.61205,805300,0,0
2015-02-06,11.82,12.01,11.73,11.91,7.73546,1778500,0,0
2015-02-09,11.85,11.96,11.72,11.85,7.69648,957400,0,0
2015-02-10,11.9,11.93,11.81,11.86,7.70298,768900,0,0
2015-02-11,11.83,11.9,11.79,11.84,7.68999,639000,0,0
2015-02-12,11.92,12.11,11.85,12.1,7.85886,513800,0,0
2015-02-13,12.06,12.17,12.02,12.12,7.87185,552200,0,0
2015-02-17,12.1,12.23,12.02,12.19,7.91732,827000,0,0
2015-02-18,12.15,12.18,11.97,12.01,7.8004,617200,0,0
2015-02-19,11.98,12.07,11.87,12.02,7.8069,406200,0,0
2015-02-20,11.97,12.17,11.89,12.17,7.90432,658400,0,0
2015-02-23,12.11,12.19,12.05,12.19,7.91732,739500,0,0
2015-02-24,12.2,12.33,12.14,12.23,7.94329,462300,0,0
2015-02-25,12.23,12.23,12.15,12.17,7.90432,347800,0,0
2015-02-26,12.13,12.2,12.11,12.19,7.91732,537200,0,0
2015-02-27,12.17,12.2,11.96,12.1,7.85886,1011500,0,0
2015-03-02,12.09,12.22,12.05,12.16,7.89783,459700,0,0
2015-03-03,12.13,12.2,12.06,12.11,7.86535,535400,0,0
2015-03-04,12.08,12.08,11.99,12.07,7.83938,584400,0,0
2015-03-05,12.12,12.14,11.96,12.13,7.87834,515800,0,0
2015-03-06,12.14,12.38,12.04,12.26,7.96278,979600,0,0
2015-03-09,12.24,12.54,12.21,12.53,8.13814,1417300,0,0
2015-03-10,12.39,12.41,12.11,12.11,7.86535,831500,0,0
2015-03-11,12.14,12.28,12.13,12.26,7.96278,935600,0,0
2015-03-12,12.29,12.54,12.25,12.52,8.13165,776500,0,0
2015-03-13,12.47,12.5,12.24,12.41,8.0602,660000,0,0
2015-03-16,12.4,12.5,12.33,12.36,8.02772,721100,0,0
2015-03-17,12.32,12.48,12.15,12.48,8.10567,1032800,0,0
2015-03-18,12.5,12.6,12.24,12.33,8.00824,1147200,0,0
2015-03-19,12.27,12.4,12.17,12.37,8.03422,875500,0,0
2015-03-20,12.41,12.64,12.33,12.63,8.20309,1641200,0,0
2015-03-23,12.62,12.68,12.39,12.48,8.10567,885300,0,0
2015-03-24,12.49,12.5,12.38,12.4,8.05371,818800,0,0
2015-03-25,12.38,12.41,12.15,12.16,7.89783,1082400,0,0
2015-03-26,12.13,12.3,12.04,12.25,7.95628,907900,0,0
2015-03-27,12.25,12.25,12.12,12.2,7.92381,622600,0,0
2015-03-30,12.17,12.32,12.13,12.26,8.02196,707000,0.09,0
2015-03-31,12.19,12.37,12.14,12.34,8.0743,1575900,0,0
2015-04-01,12.3,12.39,12.2,12.33,8.06776,711300,0,0
2015-04-02,12.31,12.42,12.31,12.37,8.09393,961600,0,0
2015-04-06,12.23,12.45,12.14,12.33,8.06776,988800,0,0
2015-04-07,12.34,12.46,12.31,12.38,8.10047,685600,0,0
2015-04-08,12.37,12.49,12.35,12.38,8.10047,755400,0,0
2015-04-09,12.36,12.41,12.23,12.37,8.09393,578200,0,0
2015-04-10,12.39,12.41,12.27,12.36,8.08738,367900,0,0
2015-04-13,12.33,12.49,12.33,12.42,8.12665,1071400,0,0
2015-04-14,12.36,12.4,12.25,12.32,8.06121,598000,0,0
2015-04-15,12.34,12.47,12.33,12.41,8.1201,1004000,0,0
2015-04-16,12.45,12.46,12.28,12.41,8.1201,537400,0,0
2015-04-17,12.33,12.38,12.22,12.26,8.02196,691700,0,0
2015-04-20,12.28,12.41,12.15,12.29,8.04158,721400,0,0
2015-04-21,12.33,12.41,12.23,12.29,8.04158,707600,0,0
2015-04-22,12.49,12.74,12.32,12.5,8.17899,1818700,0,0
2015-04-23,12.26,12.36,11.98,12.2,7.9827,2659200,0,0
2015-04-24,12.19,12.23,12.04,12.09,7.91072,1276500,0,0
2015-04-27,12.1,12.26,11.85,11.97,7.83221,1599700,0,0
2015-04-28,12,12.15,11.95,12.12,7.93035,1893900,0,0
2015-04-29,12.06,12.27,12.04,12.18,7.96961,1964100,0,0
2015-04-30,12.14,12.36,12.1,12.16,7.95652,1734300,0,0
2015-05-01,12.27,12.28,12.08,12.12,7.93035,1157600,0,0
2015-05-04,12.12,12.28,12.12,12.26,8.02196,623100,0,0
2015-05-05,12.23,12.34,12.14,12.16,7.95652,773500,0,0
2015-05-06,12.25,12.3,12.1,12.29,8.04158,753600,0,0
2015-05-07,12.28,12.43,12.18,12.35,8.08084,1165300,0,0
2015-05-08,12.37,12.48,12.27,12.44,8.13973,925400,0,0
2015-05-11,12.42,12.6,12.39,12.54,8.20517,892800,0,0
2015-05-12,12.48,12.6,12.38,12.54,8.20517,729500,0,0
2015-05-13,12.53,12.66,12.47,12.62,8.25751,1653200,0,0
2015-05-14,12.65,12.75,12.61,12.75,8.34257,876700,0,0
2015-05-15,12.73,12.75,12.51,12.6,8.24442,831400,0,0
2015-05-18,12.57,12.81,12.57,12.79,8.36875,588400,0,0
2015-05-19,12.78,12.92,12.78,12.91,8.44726,618100,0,0
2015-05-20,12.88,12.9,12.72,12.79,8.36875,794000,0,0
2015-05-21,12.75,12.83,12.69,12.76,8.34912,590000,0,0
2015-05-22,12.75,12.82,12.68,12.69,8.30331,701400,0,0
2015-05-26,12.66,12.66,12.52,12.6,8.24442,1192000,0,0
2015-05-27,12.59,12.7,12.52,12.68,8.29677,1267000,0,0
2015-05-28,12.68,12.78,12.65,12.77,8.35566,728300,0,0
2015-05-29,12.76,12.77,12.63,12.66,8.28368,975500,0,0
2015-06-01,12.66,12.73,12.52,12.62,8.25751,680500,0,0
2015-06-02,12.61,12.87,12.55,12.82,8.38837,688200,0,0
2015-06-03,12.85,13.04,12.85,13.03,8.52578,1243100,0,0
2015-06-04,12.93,12.99,12.78,12.83,8.39492,2201300,0,0
2015-06-05,12.91,13.04,12.89,13.02,8.51924,1139200,0,0
2015-06-08,12.98,13.09,12.88,13.01,8.51269,1257900,0,0
2015-06-09,12.98,13.24,12.96,13.15,8.6043,732800,0,0
2015-06-10,13.24,13.41,13.21,13.34,8.72862,668800,0,0
2015-06-11,13.31,13.37,13.21,13.35,8.73516,737700,0,0
2015-06-12,13.29,13.29,13.19,13.24,8.66319,1096500,0,0
2015-06-15,13.15,13.27,13.04,13.17,8.61738,1428000,0,0
2015-06-16,13.19,13.4,13.12,13.36,8.7417,1807100,0,0
2015-06-17,13.4,13.48,13.12,13.13,8.59122,1408300,0,0
2015-06-18,13.15,13.26,13.07,13.23,8.65664,1277600,0,0
2015-06-19,13.23,13.25,13.16,13.22,8.6501,2139600,0,0
2015-06-22,13.34,13.39,13.21,13.37,8.74825,1204700,0,0
2015-06-23,13.39,13.52,13.33,13.48,8.82023,1451900,0,0
2015-06-24,13.48,13.52,13.34,13.36,8.7417,1498000,0,0
2015-06-25,13.42,13.47,13.25,13.33,8.72208,2346800,0,0
2015-06-26,13.34,13.47,13.26,13.38,8.75479,19891000,0,0
2015-06-29,13.34,13.35,13.04,13.04,8.59011,3157700,0.09,0
2015-06-30,13.16,13.28,13.02,13.06,8.60328,1895400,0,0
2015-07-01,13.21,13.27,13.11,13.25,8.72845,2839900,0,0
2015-07-02,13.26,13.26,12.97,13.05,8.5967,1631400,0,0
2015-07-06,12.97,13.14,12.84,13.12,8.6428,3345200,0,0
2015-07-07,13.08,13.16,12.78,12.91,8.50447,1879300,0,0
2015-07-08,12.8,12.94,12.77,12.9,8.49788,1843300,0,0
2015-07-09,13.06,13.12,12.91,13.02,8.57693,1379300,0,0
2015-07-10,13.16,13.26,13.11,13.23,8.71527,1479200,0,0
2015-07-13,13.3,13.39,13.25,13.34,8.78773,1312800,0,0
2015-07-14,13.36,13.47,13.24,13.42,8.84043,1308900,0,0
2015-07-15,13.46,13.56,13.37,13.5,8.89313,1625600,0,0
2015-07-16,13.66,13.66,13.43,13.45,8.86019,1345200,0,0
2015-07-17,13.47,13.47,13.21,13.32,8.77456,1081000,0,0
2015-07-20,13.39,13.46,13.31,13.44,8.85361,1149500,0,0
2015-07-21,13.4,13.62,13.27,13.33,8.78114,1603200,0,0
2015-07-22,13.04,13.24,13,13.09,8.62304,2219500,0,0
2015-07-23,13.05,13.13,12.82,12.86,8.47153,1878600,0,0
2015-07-24,12.79,12.85,12.63,12.65,8.33319,2681000,0,0
2015-07-27,12.46,12.64,12.39,12.63,8.32002,2331300,0,0
2015-07-28,12.69,12.8,12.58,12.76,8.40566,3262200,0,0
2015-07-29,12.75,13.02,12.69,12.95,8.53082,2468200,0,0
2015-07-30,12.88,12.98,12.86,12.95,8.53082,1853100,0,0
2015-07-31,12.95,13,12.86,12.96,8.53741,1731900,0,0
2015-08-03,12.95,13.04,12.92,12.99,8.55717,2146100,0,0
2015-08-04,13.01,13.21,12.98,13.06,8.60328,1789100,0,0
2015-08-05,13.08,13.23,13.02,13.1,8.62963,1100800,0,0
2015-08-06,13.14,13.17,13.02,13.08,8.61646,1125200,0,0
2015-08-07,13.05,13.15,12.97,13.02,8.57693,1601800,0,0
2015-08-10,13.05,13.22,13.05,13.18,8.68233,1081600,0,0
2015-08-11,13.05,13.12,12.94,13.04,8.59011,1277500,0,0
2015-08-12,12.98,13,12.71,12.89,8.49129,1828500,0,0
2015-08-13,12.92,13.03,12.85,12.98,8.55058,1006400,0,0
2015-08-14,12.93,13.09,12.93,13.09,8.62304,712900,0,0
2015-08-17,13,13.2,12.96,13.11,8.63622,979200,0,0
2015-08-18,13.12,13.22,13.08,13.13,8.6494,1104500,0,0
2015-08-19,13.09,13.12,12.96,12.97,8.54399,1284500,0,0
2015-08-20,12.86,12.89,12.53,12.54,8.26073,1182100,0,0
2015-08-21,12.26,12.58,12.26,12.44,8.19485,2052100,0,0
2015-08-24,11.88,12.29,11.81,11.86,7.81278,2231100,0,0
2015-08-25,12.19,12.19,11.6,11.61,7.64809,1596200,0,0
2015-08-26,11.86,11.95,11.62,11.94,7.86548,1425600,0,0
2015-08-27,12.06,12.19,11.96,12.1,7.97088,1179200,0,0
2015-08-28,12,12.17,12,12.08,7.95771,1032200,0,0
2015-08-31,12.04,12.18,11.97,12.16,8.01041,731200,0,0
2015-09-01,11.94,12,11.65,11.69,7.70079,988700,0,0
2015-09-02,11.82,11.86,11.63,11.82,7.78643,886700,0,0
2015-09-03,11.78,11.99,11.74,11.88,7.82595,871000,0,0
2015-09-04,11.73,11.81,11.66,11.75,7.74032,745900,0,0
2015-09-08,11.94,12.05,11.87,12.03,7.92477,699900,0,0
2015-09-09,12.16,12.18,11.99,12.01,7.91159,1546000,0,0
2015-09-10,11.99,12.19,11.95,12.07,7.95112,1269800,0,0
2015-09-11,11.98,12.14,11.97,12.13,7.99064,777600,0,0
2015-09-14,12.14,12.23,12.08,12.16,8.01041,639200,0,0
2015-09-15,12.21,12.37,12.15,12.33,8.12239,720700,0,0
2015-09-16,12.37,12.38,12.21,12.36,8.14215,634900,0,0
2015-09-17,12.37,12.48,11.99,12.05,7.93794,1521700,0,0
2015-09-18,11.84,11.99,11.68,11.73,7.72714,2314100,0,0
2015-09-21,11.79,11.95,11.79,11.91,7.84572,1749800,0,0
2015-09-22,11.76,11.85,11.71,11.78,7.76008,854900,0,0
2015-09-23,11.78,11.88,11.7,11.81,7.77984,864100,0,0
2015-09-24,11.7,12,11.68,11.98,7.89183,1489400,0,0
2015-09-25,12.15,12.22,12.05,12.08,7.95771,1085600,0,0
2015-09-28,12.03,12.08,11.93,11.98,7.89183,1091300,0,0
2015-09-29,11.87,12.01,11.86,11.94,7.92502,1299000,0.09,0
2015-09-30,12.06,12.13,12,12.1,8.03122,1401200,0,0
2015-10-01,12.06,12.17,12,12.12,8.04449,1140800,0,0
2015-10-02,11.92,12.01,11.61,11.91,7.9051,1304500,0,0
2015-10-05,11.96,12.19,11.96,12.19,8.09095,833100,0,0
2015-10-06,12.12,12.26,12.09,12.16,8.07104,1011400,0,0
2015-10-07,12.22,12.37,12.19,12.37,8.21042,1147900,0,0
2015-10-08,12.35,12.51,12.27,12.48,8.28343,1016500,0,0
2015-10-09,12.46,12.56,12.3,12.37,8.21042,695500,0,0
2015-10-12,12.38,12.5,12.26,12.49,8.29007,545300,0,0
2015-10-13,12.34,12.58,12.34,12.4,8.23033,778000,0,0
2015-10-14,12.37,12.5,11.99,12.05,7.99803,1535200,0,0
2015-10-15,12.17,12.34,11.98,12.29,8.15733,1011700,0,0
2015-10-16,12.35,12.37,12.18,12.24,8.12414,1157700,0,0
2015-10-19,12.22,12.37,12.18,12.24,8.12414,1017300,0,0
2015-10-20,12.29,12.39,12.17,12.34,8.19051,1751000,0,0
2015-10-21,12.91,13.1,12.72,12.79,8.48919,3842300,0,0
2015-10-22,12.92,13.18,12.89,13,8.62858,2649800,0,0
2015-10-23,13.14,13.43,13.08,13.41,8.90071,1558300,0,0
2015-10-26,13.34,13.44,13.2,13.31,8.83434,1498600,0,0
2015-10-27,13.26,13.38,13.11,13.24,8.78787,1345800,0,0
2015-10-28,13.26,13.81,13.26,13.8,9.15957,2160000,0,0
2015-10-29,13.78,13.94,13.58,13.72,9.10647,1562600,0,0
2015-10-30,13.65,13.73,13.34,13.42,8.90735,1530900,0,0
2015-11-02,13.51,13.69,13.41,13.65,9.06001,1422700,0,0
2015-11-03,13.57,13.8,13.56,13.68,9.07992,986300,0,0
2015-11-04,13.74,13.8,13.65,13.72,9.10647,914800,0,0
2015-11-05,13.75,14.06,13.72,13.95,9.25913,1194700,0,0
2015-11-06,14.16,14.5,14.13,14.32,9.50471,1297300,0,0
2015-11-09,14.38,14.39,14.16,14.26,9.46489,963600,0,0
2015-11-10,14.23,14.44,14.2,14.43,9.57772,1248900,0,0
2015-11-11,14.47,14.55,14.3,14.34,9.51799,1126900,0,0
2015-11-12,14.24,14.51,13.98,13.99,9.28567,920700,0,0
2015-11-13,13.9,14.06,13.79,13.88,9.21267,1121500,0,0
2015-11-16,13.84,14.06,13.79,14.06,9.33214,630800,0,0
2015-11-17,14.1,14.24,14.01,14.08,9.34541,983300,0,0
2015-11-18,14.1,14.3,14,14.28,9.47816,1029700,0,0
2015-11-19,14.3,14.32,14.13,14.23,9.44498,887600,0,0
2015-11-20,14.31,14.41,14.22,14.35,9.52463,856900,0,0
2015-11-23,14.31,14.49,14.31,14.36,9.53126,740800,0,0
2015-11-24,14.22,14.54,14.22,14.49,9.61755,1255400,0,0
2015-11-25,14.5,14.54,14.33,14.47,9.60427,877600,0,0
2015-11-27,14.44,14.48,14.32,14.45,9.60427,449100,0.02,0
2015-11-30,14.47,14.54,14.4,14.47,9.61756,1068100,0,0
2015-12-01,14.48,14.59,14.38,14.51,9.64415,581800,0,0
2015-12-02,14.55,14.55,14.18,14.2,9.43811,1101000,0,0
2015-12-03,14.35,14.38,13.93,13.95,9.27195,1327000,0,0
2015-12-04,13.98,14.27,13.96,14.21,9.44475,1019600,0,0
2015-12-07,14.18,14.21,13.81,13.9,9.23871,1303500,0,0
2015-12-08,13.78,13.83,13.59,13.64,9.0659,1097400,0,0
2015-12-09,13.57,13.74,13.27,13.37,8.88644,1554600,0,0
2015-12-10,13.38,13.51,13.24,13.42,8.91968,1403600,0,0
2015-12-11,13.17,13.27,12.94,13.05,8.67375,1630200,0,0
2015-12-14,13.06,13.29,12.93,13.12,8.72028,1967300,0,0
2015-12-15,13.27,13.49,13.15,13.45,8.93962,1850700,0,0
2015-12-16,13.6,13.6,13.2,13.43,8.92632,2321700,0,0
2015-12-17,13.46,13.5,13.16,13.26,8.81333,1763600,0,0
2015-12-18,13.18,13.4,12.85,13.1,8.70699,11075100,0,0
2015-12-21,13.16,13.26,13.01,13.2,8.77345,1660500,0,0
2015-12-22,13.23,13.38,13.01,13.21,8.7801,1023800,0,0
2015-12-23,13.25,13.41,13.21,13.33,8.85986,719100,0,0
2015-12-24,13.32,13.44,13.29,13.39,8.89974,446600,0,0
2015-12-28,13.32,13.41,13.08,13.34,8.8665,892600,0,0
2015-12-29,13.33,13.44,13.26,13.39,8.96019,789300,0.09,0
2015-12-30,13.4,13.4,13.22,13.23,8.85312,693000,0,0
2015-12-31,13.18,13.25,13.01,13.01,8.7059,1067700,0,0
2016-01-04,12.75,12.86,12.6,12.68,8.48508,1428800,0,0
2016-01-05,12.73,12.81,12.63,12.74,8.52523,1079600,0,0
2016-01-06,12.51,12.81,12.51,12.75,8.53192,1422700,0,0
2016-01-07,12.5,12.66,12.42,12.43,8.31779,1371000,0,0
2016-01-08,12.56,12.56,12.18,12.19,8.15718,1373600,0,0
2016-01-11,12.29,12.33,12.12,12.19,8.15718,1135200,0,0
2016-01-12,12.35,12.35,12.01,12.2,8.16388,1120800,0,0
2016-01-13,12.23,12.28,11.67,11.74,7.85606,1449700,0,0
2016-01-14,11.85,12.05,11.66,11.94,7.98989,1394100,0,0
2016-01-15,11.62,11.81,11.48,11.76,7.86944,1837300,0,0
2016-01-19,11.89,11.95,11.6,11.66,7.80252,1581300,0,0
2016-01-20,12.24,12.42,11.48,12.08,8.08357,2424300,0,0
2016-01-21,12.34,12.42,12.06,12.14,8.12373,3145100,0,0
2016-01-22,12.29,12.39,12.18,12.25,8.19733,2085900,0,0
2016-01-25,12.14,12.21,11.76,11.79,7.88952,1511800,0,0
2016-01-26,11.87,12.23,11.78,12.18,8.15049,2033200,0,0
2016-01-27,12.12,12.55,12.09,12.3,8.23079,1417000,0,0
2016-01-28,12.45,12.58,12.38,12.51,8.37132,1508800,0,0
2016-01-29,12.51,12.85,12.46,12.85,8.59884,1978700,0,0
2016-02-01,12.78,12.89,12.62,12.69,8.49177,1488300,0,0
2016-02-02,12.52,12.54,12.35,12.42,8.31109,1166500,0,0
2016-02-03,12.55,12.55,12.17,12.51,8.37132,1237800,0,0
2016-02-04,12.45,12.75,12.28,12.62,8.44492,1370100,0,0
2016-02-05,12.61,12.71,12.4,12.4,8.29771,1220700,0,0
2016-02-08,12.22,12.43,12.14,12.37,8.27763,1374000,0,0
2016-02-09,12.19,12.49,12.19,12.39,8.29102,1394300,0,0
2016-02-10,12.46,12.59,12.22,12.22,8.17726,1228200,0,0
2016-02-11,11.94,12.12,11.78,11.93,7.9832,1775000,0,0
2016-02-12,12.09,12.62,12.09,12.59,8.42485,1855100,0,0
2016-02-16,12.71,12.89,12.63,12.78,8.55199,1084900,0,0
2016-02-17,12.88,12.94,12.7,12.93,8.65237,2671700,0,0
2016-02-18,12.95,12.97,12.41,12.54,8.39139,1736500,0,0
2016-02-19,12.48,12.7,12.46,12.7,8.49846,1017000,0,0
2016-02-22,12.78,12.88,12.71,12.87,8.61222,1169900,0,0
2016-02-23,12.87,12.87,12.53,12.65,8.465,1183400,0,0
2016-02-24,12.48,12.6,12.28,12.59,8.42485,1083600,0,0
2016-02-25,12.65,12.87,12.58,12.85,8.59884,717100,0,0
2016-02-26,12.94,13.02,12.81,12.9,8.63229,1123800,0,0
2016-02-29,12.9,13.07,12.6,12.61,8.43824,1059400,0,0
2016-03-01,12.71,13.07,12.69,13.05,8.73267,1388000,0,0
2016-03-02,13.07,13.19,13,13.19,8.82635,1329300,0,0
2016-03-03,13.16,13.42,13.12,13.4,8.96688,1220000,0,0
2016-03-04,13.49,13.58,13.38,13.53,9.05387,1189300,0,0
2016-03-07,13.22,13.42,13.22,13.39,8.96019,1407700,0,0
2016-03-08,13.25,13.29,13.07,13.09,8.75944,1130300,0,0
2016-03-09,13.2,13.23,13,13.04,8.72598,1026800,0,0
2016-03-10,13.1,13.19,12.92,13.14,8.7929,1055700,0,0
2016-03-11,13.24,13.5,13.23,13.5,9.03379,811900,0,0
2016-03-14,13.42,13.47,13.3,13.4,8.96688,877700,0,0
2016-03-15,13.29,13.35,13.25,13.28,8.88658,769800,0,0
2016-03-16,13.27,13.42,13.14,13.22,8.84643,1097600,0,0
2016-03-17,13.14,13.42,13.02,13.39,8.96019,800400,0,0
2016-03-18,13.44,13.69,13.36,13.6,9.10071,2095600,0,0
2016-03-21,13.58,13.63,13.43,13.53,9.05387,624800,0,0
2016-03-22,13.42,13.59,13.31,13.5,9.03379,785800,0,0
2016-03-23,13.42,13.5,13.32,13.32,8.91334,972800,0,0
2016-03-24,13.25,13.31,13.07,13.3,8.89996,598300,0,0
2016-03-28,13.37,13.38,13.21,13.31,8.90665,473300,0,0
2016-03-29,13.25,13.56,13.08,13.55,9.06725,1131000,0,0
2016-03-30,13.56,13.74,13.46,13.53,9.11441,884400,0.09,0
2016-03-31,13.5,13.56,13.29,13.38,9.01337,854600,0,0
2016-04-01,13.23,13.41,13.16,13.39,9.0201,890500,0,0
2016-04-04,13.37,13.45,13.28,13.35,8.99315,712100,0,0
2016-04-05,13.28,13.3,13.07,13.07,8.80453,824900,0,0
2016-04-06,13.07,13.18,12.98,13.17,8.8719,774200,0,0
2016-04-07,13.05,13.09,12.7,12.8,8.62265,954700,0,0
2016-04-08,12.94,13.1,12.88,12.94,8.71696,735000,0,0
2016-04-11,13.01,13.26,12.95,13.1,8.82474,797000,0,0
2016-04-12,13.1,13.34,13.08,13.33,8.97968,785800,0,0
2016-04-13,13.46,13.82,13.37,13.81,9.30303,988300,0,0
2016-04-14,13.77,14.03,13.74,13.9,9.36366,767900,0,0
2016-04-15,13.91,13.95,13.75,13.85,9.32997,827200,0,0
2016-04-18,13.71,13.96,13.69,13.93,9.38387,652000,0,0
2016-04-19,13.95,14.14,13.93,14.12,9.51186,901400,0,0
2016-04-20,13.96,14.23,13.86,14.2,9.56575,2161100,0,0
2016-04-21,14,14.29,14,14.04,9.45797,1294300,0,0
2016-04-22,13.99,14.2,13.98,14.14,9.52533,969000,0,0
2016-04-25,14.13,14.16,13.92,14.05,9.46471,834400,0,0
2016-04-26,14.13,14.26,14.04,14.22,9.57923,830400,0,0
2016-04-27,14.18,14.23,14.02,14.16,9.53881,1038900,0,0
2016-04-28,14.09,14.12,13.89,13.97,9.41081,949700,0,0
2016-04-29,13.96,14.03,13.83,13.99,9.42428,1133000,0,0
2016-05-02,14,14.07,13.92,14.01,9.43776,1467800,0,0
2016-05-03,13.8,13.8,13.57,13.67,9.20872,1147800,0,0
2016-05-04,13.6,13.65,13.27,13.4,9.02684,2075100,0,0
2016-05-05,13.48,13.52,13.27,13.29,8.95274,1156600,0,0
2016-05-06,13.24,13.37,13.14,13.37,9.00662,850500,0,0
2016-05-09,13.36,13.43,13.21,13.31,8.96621,662900,0,0
2016-05-10,13.44,13.58,13.33,13.55,9.12788,614200,0,0
2016-05-11,13.49,13.63,13.46,13.48,9.08073,600700,0,0
2016-05-12,13.55,13.63,13.37,13.46,9.06725,753400,0,0
2016-05-13,13.45,13.6,13.19,13.22,8.90558,722300,0,0
2016-05-16,13.27,13.54,13.23,13.46,9.06725,762600,0,0
2016-05-17,13.41,13.63,13.23,13.28,8.946,1453100,0,0
2016-05-18,13.27,13.79,13.27,13.74,9.25588,1000500,0,0
2016-05-19,13.72,13.82,13.41,13.59,9.15483,747500,0,0
2016-05-20,13.68,13.83,13.57,13.77,9.27608,832500,0,0
2016-05-23,13.74,13.8,13.63,13.7,9.22893,530600,0,0
2016-05-24,13.84,14.04,13.64,14.01,9.43776,951900,0,0
2016-05-25,14.05,14.23,13.99,14.18,9.55228,857000,0,0
2016-05-26,14.21,14.21,14,14.02,9.4445,498000,0,0
2016-05-27,14.02,14.21,14.02,14.21,9.57249,637600,0,0
2016-05-31,14.26,14.29,14.14,14.25,9.59943,850100,0,0
2016-06-01,14.14,14.32,14.04,14.27,9.61291,646700,0,0
2016-06-02,14.21,14.31,14.14,14.3,9.63312,492600,0,0
2016-06-03,14.13,14.13,13.74,14.1,9.49839,1154300,0,0
2016-06-06,14.15,14.35,13.91,14.25,9.59943,619600,0,0
2016-06-07,14.23,14.27,14.15,14.16,9.53881,446200,0,0
2016-06-08,14.14,14.25,14,14.23,9.58596,1094000,0,0
2016-06-09,14.15,14.15,13.94,14.07,9.47818,611600,0,0
2016-06-10,13.85,13.98,13.81,13.9,9.36366,695100,0,0
2016-06-13,13.83,13.94,13.66,13.7,9.22893,837500,0,0
2016-06-14,13.62,13.78,13.44,13.51,9.10094,823700,0,0
2016-06-15,13.58,13.76,13.5,13.54,9.12115,789400,0,0
2016-06-16,13.41,13.47,13.25,13.4,9.02684,1065700,0,0
2016-06-17,13.43,13.58,13.34,13.47,9.07399,2475900,0,0
2016-06-20,13.66,13.83,13.58,13.6,9.16157,758000,0,0
2016-06-21,13.62,13.71,13.51,13.61,9.1683,510400,0,0
2016-06-22,13.65,13.81,13.54,13.61,9.1683,626300,0,0
2016-06-23,13.8,14.12,13.8,14.11,9.50512,872200,0,0
2016-06-24,13.43,13.69,13.21,13.22,8.90558,1741300,0,0
2016-06-27,13.04,13.08,12.66,12.74,8.58223,1449500,0,0
2016-06-28,12.92,13.13,12.87,13.08,8.81127,1245400,0,0
2016-06-29,13.17,13.27,13.04,13.26,9.00135,888100,0.1,0
2016-06-30,13.26,13.51,13.14,13.5,9.16426,1255700,0,0
2016-07-01,13.4,13.49,13.2,13.33,9.04886,667700,0,0
2016-07-05,13.21,13.22,12.95,13.05,8.85879,776000,0,0
2016-07-06,12.94,13.21,12.91,13.17,8.94025,650100,0,0
2016-07-07,13.19,13.39,13.19,13.29,9.02171,607900,0,0
2016-07-08,13.46,13.61,13.45,13.49,9.15747,877200,0,0
2016-07-11,13.61,13.8,13.57,13.74,9.32719,594100,0,0
2016-07-12,13.92,14.03,13.89,13.97,9.48332,1030000,0,0
2016-07-13,13.97,14.03,13.91,13.97,9.48332,898800,0,0
2016-07-14,14.16,14.25,14.07,14.07,9.5512,675000,0,0
2016-07-15,14.22,14.22,14,14.04,9.53083,1040000,0,0
2016-07-18,14.07,14.1,13.77,13.85,9.40185,949100,0,0
2016-07-19,13.75,13.99,13.74,13.87,9.41543,627700,0,0
2016-07-20,13.98,13.98,13.72,13.73,9.32039,847500,0,0
2016-07-21,13.76,13.85,13.42,13.55,9.1982,1555100,0,0
2016-07-22,13.63,13.74,13.45,13.72,9.31361,1136300,0,0
2016-07-25,13.67,13.73,13.51,13.55,9.1982,1049000,0,0
2016-07-26,13.55,13.65,13.49,13.64,9.2593,1266600,0,0
2016-07-27,13.66,13.74,13.56,13.65,9.26609,1092400,0,0
2016-07-28,13.6,13.73,13.53,13.68,9.28645,586900,0,0
2016-07-29,13.67,13.75,13.59,13.65,9.26609,702500,0,0
2016-08-01,13.72,13.8,13.54,13.56,9.20499,938800,0,0
2016-08-02,13.54,13.59,13.39,13.44,9.12353,699100,0,0
2016-08-03,13.46,13.66,13.46,13.64,9.2593,504500,0,0
2016-08-04,13.65,13.72,13.61,13.64,9.2593,367500,0,0
2016-08-05,13.75,14.13,13.67,14.12,9.58514,836800,0,0
2016-08-08,14.16,14.17,13.94,13.95,9.46974,457000,0,0
2016-08-09,13.92,14.04,13.91,13.99,9.49689,406800,0,0
2016-08-10,13.99,14.02,13.78,13.82,9.38149,401100,0,0
2016-08-11,13.84,13.88,13.79,13.8,9.36791,544400,0,0
2016-08-12,13.72,13.8,13.59,13.79,9.36112,377900,0,0
2016-08-15,13.86,14.02,13.84,14.01,9.51047,382400,0,0
2016-08-16,13.92,13.98,13.85,13.91,9.44259,483700,0,0
2016-08-17,13.88,13.95,13.81,13.83,9.38828,651500,0,0
2016-08-18,13.9,14.02,13.83,14.01,9.51047,629600,0,0
2016-08-19,14.01,14.05,13.94,14.04,9.53083,602000,0,0
2016-08-22,13.96,14.06,13.95,14.06,9.54441,345500,0,0
2016-08-23,14.14,14.18,14.1,14.11,9.57835,451400,0,0
2016-08-24,14.12,14.17,14,14.11,9.57835,463900,0,0
2016-08-25,14.12,14.19,14.08,14.17,9.61908,467700,0,0
2016-08-26,14.23,14.34,14.12,14.23,9.65982,791600,0,0
2016-08-29,14.26,14.38,14.26,14.32,9.72091,484100,0,0
2016-08-30,14.3,14.47,14.3,14.47,9.82273,633900,0,0
2016-08-31,14.49,14.52,14.34,14.46,9.81594,1035700,0,0
2016-09-01,14.54,14.56,14.16,14.34,9.73448,1005800,0,0
2016-09-02,14.39,14.49,14.26,14.48,9.82952,716800,0,0
2016-09-06,14.53,14.55,14.14,14.17,9.61908,811400,0,0
2016-09-07,14.11,14.35,14.08,14.35,9.74127,959800,0,0
2016-09-08,14.39,14.42,14.31,14.38,9.76164,613500,0,0
2016-09-09,14.3,14.41,14.26,14.27,9.68697,1041700,0,0
2016-09-12,14.41,14.63,14.12,14.63,9.93135,1646700,0,0
2016-09-13,14.51,14.52,14.26,14.48,9.82952,1263800,0,0
2016-09-14,14.46,14.48,14.26,14.3,9.70733,1307500,0,0
2016-09-15,14.3,14.45,14.26,14.45,9.80916,708900,0,0
2016-09-16,14.41,14.41,14.2,14.32,9.72091,1786200,0,0
2016-09-19,14.38,14.5,14.28,14.41,9.782,928900,0,0
2016-09-20,14.48,14.48,14.38,14.38,9.76164,430600,0,0
2016-09-21,14.44,14.56,14.32,14.55,9.87704,1173200,0,0
2016-09-22,14.63,14.82,14.53,14.8,10.0467,1247700,0,0
2016-09-23,14.69,14.86,14.67,14.7,9.97887,912100,0,0
2016-09-26,14.58,14.61,14.34,14.34,9.73448,713700,0,0
2016-09-27,14.28,14.47,14.26,14.46,9.81594,695400,0,0
2016-09-28,14.43,14.53,14.07,14.52,9.92531,788200,0.1,0
2016-09-29,14.54,14.72,14.22,14.31,9.78177,889400,0,0
2016-09-30,14.36,14.59,14.31,14.52,9.92531,962700,0,0
2016-10-03,14.4,14.49,14.26,14.29,9.7681,791000,0,0
2016-10-04,14.33,14.44,14.27,14.35,9.80911,691400,0,0
2016-10-05,14.42,14.68,14.39,14.57,9.95949,824300,0,0
2016-10-06,14.59,14.6,14.46,14.59,9.97316,443300,0,0
2016-10-07,14.6,14.63,14.43,14.61,9.98683,601300,0,0
2016-10-10,14.7,14.84,14.66,14.7,10.0484,530700,0,0
2016-10-11,14.63,14.73,14.46,14.53,9.93215,737900,0,0
2016-10-12,14.55,14.64,14.43,14.53,9.93215,741800,0,0
2016-10-13,14.4,14.4,14.04,14.16,9.67923,891300,0,0
2016-10-14,14.31,14.41,14.23,14.26,9.74759,590600,0,0
2016-10-17,14.35,14.4,14.05,14.2,9.70657,628100,0,0
2016-10-18,14.3,14.4,14.1,14.3,9.77493,844500,0,0
2016-10-19,14.4,14.95,14.3,14.75,10.0825,1609900,0,0
2016-10-20,14.8,15,14.7,14.8,10.1167,1104000,0,0
2016-10-21,14.7,14.85,14.45,14.8,10.1167,948100,0,0
2016-10-24,14.95,15.05,14.8,14.85,10.1509,680700,0,0
2016-10-25,14.8,14.95,14.75,14.85,10.1509,761500,0,0
2016-10-26,14.75,15,14.75,14.9,10.1851,389000,0,0
2016-10-27,14.9,15.15,14.85,14.9,10.1851,646800,0,0
2016-10-28,14.95,15,14.75,14.85,10.1509,546800,0,0
2016-10-31,14.85,15,14.75,14.9,10.1851,1034600,0,0
2016-11-01,15,15,14.6,14.75,10.0825,782100,0,0
2016-11-02,14.75,14.75,14.45,14.5,9.91164,721700,0,0
2016-11-03,14.6,14.7,14.5,14.55,9.94582,544700,0,0
2016-11-04,14.6,14.85,14.48,14.6,9.98,937000,0,0
2016-11-07,14.85,15.1,14.8,15.05,10.2876,1099500,0,0
2016-11-08,15,15.15,14.85,15.05,10.2876,626200,0,0
2016-11-09,15.25,16.05,14.9,15.95,10.9028,1850500,0,0
2016-11-10,16,16.85,15.95,16.55,11.3129,1946600,0,0
2016-11-11,16.3,17.23,16.3,17.15,11.7231,2185000,0,0
2016-11-14,17.2,17.98,17.15,17.5,11.9623,1673000,0,0
2016-11-15,17.35,17.75,17.05,17.65,12.0649,1308200,0,0
2016-11-16,17.15,17.65,17.15,17.55,11.9965,1159200,0,0
2016-11-17,17.5,17.8,17.45,17.5,11.9623,1644200,0,0
2016-11-18,17.4,17.85,17.3,17.75,12.1332,1065800,0,0
2016-11-21,17.9,17.93,17.63,17.9,12.2358,703000,0,0
2016-11-22,17.85,18.1,17.75,18.1,12.3725,839600,0,0
2016-11-23,18.1,18.3,17.95,18.25,12.475,756100,0,0
2016-11-25,18.4,18.4,18.1,18.25,12.475,375300,0,0
2016-11-28,18.2,18.35,17.58,17.85,12.2016,1351600,0,0
2016-11-29,17.8,18,17.54,17.75,12.1332,955100,0,0
2016-11-30,17.85,18,17.7,17.75,12.1469,1193700,0.02,0
2016-12-01,17.9,18.1,17.55,18,12.318,1135800,0,0
2016-12-02,17.9,18,17.75,17.85,12.2153,726200,0,0
2016-12-05,18,18.3,17.93,18.25,12.4891,812400,0,0
2016-12-06,18.1,18.58,17.95,18.55,12.6944,1338600,0,0
2016-12-07,18.45,18.85,18.4,18.75,12.8312,1287700,0,0
2016-12-08,18.8,19.45,18.77,19.25,13.1734,1298600,0,0
2016-12-09,19.3,19.33,19,19.25,13.1734,1132900,0,0
2016-12-12,19.2,19.35,18.8,18.8,12.8655,1014100,0,0
2016-12-13,18.95,19.1,18.7,19.05,13.0365,858700,0,0
2016-12-14,18.95,19.2,18.55,18.8,12.8655,1272600,0,0
2016-12-15,18.9,19.15,18.45,19,13.0023,1032000,0,0
2016-12-16,19.1,19.4,18.75,18.85,12.8997,3490500,0,0
2016-12-19,18.75,19.15,18.75,19.15,13.105,788900,0,0
2016-12-20,19.2,19.45,19.05,19.35,13.2418,794100,0,0
2016-12-21,19.35,19.35,19.15,19.2,13.1392,685500,0,0
2016-12-22,19.2,19.35,19.02,19.15,13.105,622900,0,0
2016-12-23,19.2,19.25,19.1,19.25,13.1734,392900,0,0
2016-12-27,19.3,19.35,19.2,19.35,13.2418,353500,0,0
2016-12-28,19.35,19.4,18.95,19.1,13.0708,505100,0,0
2016-12-29,19.05,19.3,18.75,18.9,13.002,513500,0.1,0
2016-12-30,19,19,18.8,18.8,12.9332,733500,0,0
2017-01-03,19.1,19.2,18.65,18.9,13.002,874700,0,0
2017-01-04,18.95,19.2,18.85,19.1,13.1395,889700,0,0
2017-01-05,19,19.1,18.6,18.8,12.9332,602800,0,0
2017-01-06,18.85,18.95,18.7,18.8,12.9332,566700,0,0
2017-01-09,18.7,18.75,18.45,18.55,12.7612,783100,0,0
2017-01-10,18.65,18.8,18.5,18.8,12.9332,850300,0,0
2017-01-11,18.9,18.98,18.65,18.95,13.0364,816100,0,0
2017-01-12,18.8,18.85,18.23,18.55,12.7612,916700,0,0
2017-01-13,18.7,19.25,18.6,18.8,12.9332,855200,0,0
2017-01-17,18.65,18.65,18.02,18.15,12.486,1449200,0,0
2017-01-18,18.4,18.4,17.77,18.15,12.486,2631000,0,0
2017-01-19,18.2,18.28,17.75,18,12.3828,1337900,0,0
2017-01-20,18,18.15,17.8,18.1,12.4516,1230800,0,0
2017-01-23,18.05,18.2,17.85,18.05,12.4172,723800,0,0
2017-01-24,18.1,18.55,18,18.4,12.658,873200,0,0
2017-01-25,18.65,18.8,18.53,18.65,12.83,948800,0,0
2017-01-26,18.65,18.85,18.45,18.75,12.8988,841400,0,0
2017-01-27,18.75,18.75,18.4,18.45,12.6924,800300,0,0
2017-01-30,18.35,18.35,17.95,18.2,12.5204,921500,0,0
2017-01-31,18.05,18.35,17.93,18.2,12.5204,1165900,0,0
2017-02-01,18.45,18.6,18.1,18.25,12.5548,1207700,0,0
2017-02-02,18.1,18.27,17.9,18.05,12.4172,1036000,0,0
2017-02-03,18.35,18.6,18.15,18.5,12.7268,749300,0,0
2017-02-06,18.45,18.6,18.23,18.3,12.5892,468700,0,0
2017-02-07,18.35,18.45,18.05,18.2,12.5204,643900,0,0
2017-02-08,18.1,18.1,17.75,18.05,12.4172,982900,0,0
2017-02-09,18.15,18.4,18.05,18.3,12.5892,635200,0,0
2017-02-10,18.45,18.5,18.25,18.45,12.6924,541800,0,0
2017-02-13,18.55,18.75,18.5,18.6,12.7956,734200,0,0
2017-02-14,18.55,18.95,18.4,18.85,12.9676,821200,0,0
2017-02-15,18.85,19,18.75,18.85,12.9676,578700,0,0
2017-02-16,18.85,19.1,18.75,19.1,13.1395,883900,0,0
2017-02-17,18.95,19.2,18.83,19.1,13.1395,783900,0,0
2017-02-21,19.15,19.3,19.05,19.2,13.2083,668500,0,0
2017-02-22,19.15,19.4,19,19.25,13.2427,762300,0,0
2017-02-23,19.3,19.35,19.05,19.35,13.3115,872400,0,0
2017-02-24,19.1,19.25,19.05,19.15,13.1739,670000,0,0
2017-02-27,19.15,19.35,19.1,19.35,13.3115,724100,0,0
2017-02-28,19.35,19.35,19,19.13,13.1602,1156200,0,0
2017-03-01,19.6,19.75,19.45,19.7,13.5523,957000,0,0
2017-03-02,19.65,19.65,19,19,13.0708,829700,0,0
2017-03-03,19,19.3,19,19.2,13.2083,728500,0,0
2017-03-06,19,19.2,18.9,19.05,13.1051,490200,0,0
2017-03-07,19.1,19.25,18.9,19.05,13.1051,766400,0,0
2017-03-08,19.25,19.35,18.85,18.85,12.9676,654700,0,0
2017-03-09,18.9,19.05,18.75,18.8,12.9332,520500,0,0
2017-03-10,18.95,19.01,18.43,18.7,12.8644,750800,0,0
2017-03-13,18.65,18.95,18.65,18.75,12.8988,566400,0,0
2017-03-14,18.55,18.88,18.45,18.85,12.9676,620700,0,0
2017-03-15,18.9,19.1,18.6,18.65,12.83,898700,0,0
2017-03-16,18.7,19.15,18.65,18.8,12.9332,621400,0,0
2017-03-17,18.65,18.95,18.5,18.8,12.9332,3260000,0,0
2017-03-20,18.7,18.75,18.4,18.55,12.7612,726800,0,0
2017-03-21,18.7,18.7,17.4,17.45,12.0045,1282900,0,0
2017-03-22,17,17.55,17,17.35,11.9357,1415500,0,0
2017-03-23,17.35,17.77,17.25,17.55,12.0732,883900,0,0
2017-03-24,17.6,17.75,17.3,17.45,12.0045,885700,0,0
2017-03-27,17.15,17.5,16.9,17.5,12.0389,998400,0,0
2017-03-28,17.4,17.65,17.3,17.6,12.1076,1164900,0,0
2017-03-29,17.5,17.7,17.4,17.45,12.0045,684700,0,0
2017-03-30,17.4,18.05,17.35,17.95,12.4268,1141600,0.11,0
2017-03-31,17.95,18.02,17.7,17.85,12.3575,993200,0,0
2017-04-03,17.9,18,17.4,17.65,12.2191,859000,0,0
2017-04-04,17.55,17.77,17.5,17.65,12.2191,929600,0,0
2017-04-05,17.8,17.9,17.25,17.25,11.9421,1220800,0,0
2017-04-06,17.25,17.68,17.1,17.55,12.1498,985100,0,0
2017-04-07,17.35,17.65,17.25,17.4,12.046,762900,0,0
2017-04-10,17.45,17.6,17.1,17.3,11.9768,706300,0,0
2017-04-11,17.25,17.6,17.15,17.6,12.1845,1076200,0,0
2017-04-12,17.5,17.63,17.2,17.3,11.9768,870200,0,0
2017-04-13,17.2,17.33,16.85,17,11.7691,944700,0,0
2017-04-17,17.1,17.35,16.85,17.35,12.0114,654000,0,0
2017-04-18,17.25,17.4,17.02,17.35,12.0114,993400,0,0
2017-04-19,18,18.2,17.7,17.95,12.4268,1548700,0,0
2017-04-20,18.15,18.5,17.8,18.45,12.7729,1068700,0,0
2017-04-21,18.35,18.65,18.05,18.45,12.7729,1183800,0,0
2017-04-24,18.8,19.2,18.55,18.8,13.0152,1092300,0,0
2017-04-25,19,19.2,18.9,18.95,13.1191,1041200,0,0
2017-04-26,18.95,19.5,18.9,19.25,13.3267,1188900,0,0
2017-04-27,19.25,19.3,18.83,18.85,13.0498,1148700,0,0
2017-04-28,18.9,19,18.4,18.45,12.7729,900400,0,0
2017-05-01,18.65,18.85,18.38,18.7,12.946,936400,0,0
2017-05-02,18.65,18.8,18.35,18.55,12.8421,784200,0,0
2017-05-03,18.45,18.75,18.4,18.65,12.9114,767100,0,0
2017-05-04,18.8,18.98,18.5,18.65,12.9114,1094600,0,0
2017-05-05,18.6,18.7,18.27,18.45,12.7729,1159800,0,0
2017-05-08,18.4,18.55,18.25,18.45,12.7729,1075300,0,0
2017-05-09,18.5,18.6,18.1,18.25,12.6344,1095000,0,0
2017-05-10,18.2,18.4,18.1,18.3,12.6691,963500,0,0
2017-05-11,18.2,18.2,17.75,17.9,12.3921,1032000,0,0
2017-05-12,17.8,17.8,17.45,17.65,12.2191,651100,0,0
2017-05-15,17.7,18,17.7,17.85,12.3575,993700,0,0
2017-05-16,17.85,17.95,17.6,17.95,12.4268,822000,0,0
2017-05-17,17.3,17.7,17,17.2,11.9075,1204600,0,0
2017-05-18,17.15,17.48,17.1,17.35,12.0114,962700,0,0
2017-05-19,17.3,17.6,17.2,17.45,12.0806,1013600,0,0
2017-05-22,17.5,17.55,17.2,17.5,12.1152,941800,0,0
2017-05-23,17.5,17.8,17.35,17.7,12.2537,677500,0,0
2017-05-24,17.7,17.8,17.46,17.7,12.2537,748800,0,0
2017-05-25,17.7,17.9,17.65,17.75,12.2883,924800,0,0
2017-05-26,17.75,17.95,17.55,17.65,12.2191,886200,0,0
2017-05-30,17.2,17.6,17.2,17.55,12.1498,1082600,0,0
2017-05-31,17.6,17.6,17.15,17.5,12.1152,1338500,0,0
2017-06-01,17.65,17.9,17.3,17.85,12.3575,1105300,0,0
2017-06-02,17.75,18.05,17.55,17.75,12.2883,1217100,0,0
2017-06-05,17.75,18.15,17.7,17.9,12.3921,865600,0,0
2017-06-06,17.7,17.9,17.55,17.8,12.3229,657800,0,0
2017-06-07,17.75,18.05,17.75,17.95,12.4268,652500,0,0
2017-06-08,17.95,18.83,17.85,18.55,12.8421,986600,0,0
2017-06-09,18.5,19.38,18.5,19.3,13.3614,1330500,0,0
2017-06-12,19.2,19.9,19.15,19.2,13.2921,1439400,0,0
2017-06-13,19.3,19.55,19,19.15,13.2575,1032600,0,0
2017-06-14,19,19.15,18.6,19.15,13.2575,865300,0,0
2017-06-15,18.95,19.35,18.88,19.05,13.1883,939300,0,0
2017-06-16,18.95,19.05,18.8,19.05,13.1883,1803900,0,0
2017-06-19,19.15,19.3,18.85,19.05,13.1883,590300,0,0
2017-06-20,19,19,18.65,18.8,13.0152,992300,0,0
2017-06-21,18.8,18.95,18.4,18.5,12.8075,806300,0,0
2017-06-22,18.45,18.6,18.3,18.55,12.8421,697900,0,0
2017-06-23,18.55,18.6,18.33,18.4,12.7383,1168900,0,0
2017-06-26,18.5,18.7,18.31,18.5,12.8075,767500,0,0
2017-06-27,18.45,18.78,18.45,18.6,12.8768,732100,0,0
2017-06-28,18.6,19.1,18.6,19,13.1537,924400,0,0
2017-06-29,19.25,19.4,18.85,19.15,13.3347,825800,0.11,0
2017-06-30,19.15,19.25,18.85,19,13.2303,844800,0,0
2017-07-03,18.15,19.5,18.15,19.35,13.474,425700,0,0
2017-07-05,19.4,19.4,19,19.25,13.4044,800800,0,0
2017-07-06,18.5,19.3,18.5,18.95,13.1955,1001000,0,0
2017-07-07,18,19.15,18,19.15,13.3347,677700,0,0
2017-07-10,19.1,19.25,18.95,19,13.2303,832200,0,0
2017-07-11,19,19.05,18.75,18.95,13.1955,911900,0,0
2017-07-12,18.75,19.2,18.75,18.95,13.1955,817000,0,0
2017-07-13,18.95,19.05,18.8,19,13.2303,739100,0,0
2017-07-14,18.8,19.05,18.63,18.9,13.1606,864200,0,0
2017-07-17,18.95,19.05,18.75,18.9,13.1606,1090900,0,0
2017-07-18,18.85,19,18.65,18.95,13.1955,886000,0,0
2017-07-19,18.75,18.85,18.23,18.4,12.8125,1114900,0,0
2017-07-20,18.3,18.35,17.95,18.15,12.6384,975200,0,0
2017-07-21,18.3,18.4,17.85,18,12.5339,958500,0,0
2017-07-24,17.95,18.3,17.95,18.2,12.6732,801500,0,0
2017-07-25,18.55,18.7,18.38,18.55,12.9169,1280000,0,0
2017-07-26,18.6,18.6,18.1,18.2,12.6732,729700,0,0
2017-07-27,18.25,18.4,18.08,18.2,12.6732,843300,0,0
2017-07-28,18.15,18.23,17.95,18.05,12.5688,626600,0,0
2017-07-31,18.05,18.4,18,18.25,12.708,772600,0,0
2017-08-01,18.35,18.4,18.18,18.3,12.7428,757100,0,0
2017-08-02,18.25,18.35,18,18.2,12.6732,629900,0,0
2017-08-03,18.2,18.25,17.93,18,12.5339,613500,0,0
2017-08-04,18.2,18.25,17.98,18.1,12.6036,780900,0,0
2017-08-07,18.1,18.2,17.9,17.95,12.4991,709900,0,0
2017-08-08,17.95,18.3,17.85,17.95,12.4991,714500,0,0
2017-08-09,17.8,17.9,17.6,17.7,12.325,842200,0,0
2017-08-10,17.6,17.63,17.27,17.35,12.0813,927800,0,0
2017-08-11,17.5,17.52,17.08,17.25,12.0117,1027400,0,0
2017-08-14,17.4,17.68,17.4,17.65,12.2902,744300,0,0
2017-08-15,17.75,17.8,17.4,17.45,12.151,421500,0,0
2017-08-16,17.5,17.6,17.15,17.35,12.0813,937100,0,0
2017-08-17,17.25,17.35,16.85,16.85,11.7332,862300,0,0
2017-08-18,16.7,17.15,16.55,17.05,11.8724,913700,0,0
2017-08-21,17,17.25,16.88,17.2,11.9769,801300,0,0
2017-08-22,16.45,17.38,16.45,17.3,12.0465,611700,0,0
2017-08-23,16.85,17.45,16.85,17.35,12.0813,641200,0,0
2017-08-24,16.5,17.45,16.5,17.4,12.1161,627300,0,0
2017-08-25,17.45,17.65,17.4,17.6,12.2554,703800,0,0
2017-08-28,17.65,17.65,17.4,17.5,12.1858,659800,0,0
2017-08-29,17.3,17.52,17.2,17.45,12.151,792400,0,0
2017-08-30,16.55,17.6,16.55,17.5,12.1858,661600,0,0
2017-08-31,17.55,17.65,17.4,17.45,12.151,721300,0,0
2017-09-01,17.55,17.73,17.5,17.65,12.2902,394800,0,0
2017-09-05,17.55,17.6,17.02,17.1,11.9072,574800,0,0
2017-09-06,17.25,17.35,17.05,17.1,11.9072,500500,0,0
2017-09-07,17.1,17.1,16.5,16.6,11.5591,524700,0,0
2017-09-08,16.6,17,16.5,16.8,11.6983,571500,0,0
2017-09-11,17,17.35,17,17.2,11.9769,700700,0,0
2017-09-12,17.3,17.7,17.25,17.6,12.2554,572600,0,0
2017-09-13,17.5,17.75,17.4,17.65,12.2902,700100,0,0
2017-09-14,17.75,17.75,17.35,17.35,12.0813,527800,0,0
2017-09-15,17.35,17.55,17.2,17.45,12.151,1739300,0,0
2017-09-18,17.55,17.88,17.5,17.8,12.3947,569800,0,0
2017-09-19,17.75,17.95,17.75,17.8,12.3947,577200,0,0
2017-09-20,17.75,18.15,17.65,17.95,12.4991,909100,0,0
2017-09-21,17.9,18.15,17.8,18.05,12.5688,574700,0,0
2017-09-22,17.7,18.2,17.7,18.05,12.5688,600600,0,0
2017-09-25,18,18.3,17.93,18.15,12.6384,600200,0,0
2017-09-26,18.2,18.4,18.1,18.25,12.708,447300,0,0
2017-09-27,18.5,18.95,18.33,18.8,13.091,1087000,0,0
2017-09-28,18.55,18.95,18.5,18.95,13.1955,529000,0,0
2017-09-29,18.85,19.05,18.45,18.75,13.1324,677300,0.11,0
2017-10-02,18.8,19.05,18.65,19,13.3075,688300,0,0
2017-10-03,19.05,19.08,18.7,18.95,13.2725,890200,0,0
2017-10-04,18.9,19,18.65,18.75,13.1324,561000,0,0
2017-10-05,17.7,19.08,17.7,18.95,13.2725,728600,0,0
2017-10-06,18.9,19.08,18.83,18.95,13.2725,477100,0,0
2017-10-09,19,19.1,18.9,19,13.3075,487100,0,0
2017-10-10,19.05,19.3,18.95,19.25,13.4826,659900,0,0
2017-10-11,19.1,19.33,19.1,19.1,13.3776,814600,0,0
2017-10-12,19.2,19.2,19,19,13.3075,359600,0,0
2017-10-13,19,19.23,18.75,18.95,13.2725,567300,0,0
2017-10-16,19.1,19.3,19.08,19.25,13.4826,613800,0,0
2017-10-17,18.95,19.25,18.9,18.95,13.2725,795400,0,0
2017-10-18,18.75,18.8,18,18.45,12.9223,1635200,0,0
2017-10-19,18.4,18.65,18.17,18.55,12.9923,820800,0,0
2017-10-20,18.4,18.85,18.4,18.5,12.9573,569200,0,0
2017-10-23,18.55,18.65,18.45,18.5,12.9573,591800,0,0
2017-10-24,18.55,18.8,18.55,18.65,13.0624,585600,0,0
2017-10-25,18.6,18.75,18.2,18.4,12.8873,657900,0,0
2017-10-26,18.4,18.65,18.38,18.65,13.0624,793600,0,0
2017-10-27,18.6,18.83,18.5,18.7,13.0974,618700,0,0
2017-10-30,18.55,18.65,18.1,18.3,12.8172,717900,0,0
2017-10-31,18.25,18.38,18.1,18.2,12.7472,623800,0,0
2017-11-01,18.35,18.43,17.95,18.1,12.6772,646000,0,0
2017-11-02,18.05,18.55,17.98,18.5,12.9573,807100,0,0
2017-11-03,18.35,18.5,18.23,18.3,12.8172,506100,0,0
2017-11-06,18.25,18.35,18.2,18.35,12.8523,560700,0,0
2017-11-07,18.25,18.35,17.7,17.75,12.432,716800,0,0
2017-11-08,17.6,17.8,17.45,17.75,12.432,644000,0,0
2017-11-09,17.65,17.85,17.3,17.55,12.2919,768800,0,0
2017-11-10,17.45,17.75,17.45,17.65,12.362,873900,0,0
2017-11-13,17.5,17.95,17.4,17.8,12.467,468400,0,0
2017-11-14,17.7,18,17.7,17.8,12.467,649000,0,0
2017-11-15,17.6,18,17.55,17.8,12.467,722200,0,0
2017-11-16,17.95,18.05,17.7,17.9,12.5371,731400,0,0
2017-11-17,17.75,18.05,17.68,18,12.6071,820200,0,0
2017-11-20,17.75,18.15,17.75,18.13,12.6982,600200,0,0
2017-11-21,18.1,18.2,18.05,18.15,12.7122,961000,0,0
2017-11-22,18.2,18.33,18.05,18.05,12.6421,525200,0,0
2017-11-24,18.2,18.2,17.9,17.95,12.5721,273200,0,0
2017-11-27,17.95,18.15,17.95,18,12.6071,610500,0,0
2017-11-28,18.1,18.7,17.95,18.65,13.0624,727600,0,0
2017-11-29,18.7,19.4,18.7,19.3,13.5176,959600,0,0
2017-11-30,19.4,19.45,18.9,19,13.3282,813200,0.03,0
2017-12-01,18.95,19.05,18.05,18.8,13.1879,998400,0,0
2017-12-04,19.15,19.3,18.83,18.9,13.2581,2147000,0,0
2017-12-05,19.05,19.05,18.4,18.43,12.9284,872600,0,0
2017-12-06,18.45,18.55,18.25,18.25,12.8021,868700,0,0
2017-12-07,18.2,18.45,18.05,18.3,12.8372,610800,0,0
2017-12-08,18.45,18.45,18.05,18.1,12.6969,691900,0,0
2017-12-11,18.05,18.18,17.85,17.85,12.5215,814300,0,0
2017-12-12,18,18.25,17.9,18.25,12.8021,1464300,0,0
2017-12-13,18.15,18.45,17.95,18,12.6267,1155200,0,0
2017-12-14,18,18.18,17.63,17.65,12.3812,1149200,0,0
2017-12-15,17.7,18.55,17.7,18.15,12.732,4002400,0,0
2017-12-18,18.4,18.9,18.2,18.35,12.8723,1486400,0,0
2017-12-19,18.45,18.58,17.95,18.3,12.8372,995600,0,0
2017-12-20,18.45,18.55,18.02,18.15,12.732,973600,0,0
2017-12-21,18.3,18.6,18.2,18.5,12.9775,641500,0,0
2017-12-22,18.25,18.5,18.23,18.3,12.8372,504300,0,0
2017-12-26,18.3,18.45,18.1,18.1,12.6969,430900,0,0
2017-12-27,18.05,18.25,18,18,12.6267,442900,0,0
2017-12-28,18.1,18.25,18,18.1,12.6969,398300,0,0
2017-12-29,18.1,18.15,17.9,17.9,12.6334,806100,0.11,0
2018-01-02,18.1,18.18,17.75,17.9,12.6334,813100,0,0
2018-01-03,17.9,18.05,17.75,17.95,12.6687,861100,0,0
2018-01-04,18,18.3,17.95,18,12.704,691600,0,0
2018-01-05,17.55,18.25,17.55,18.18,12.831,888100,0,0
2018-01-08,18.05,18.25,17.91,18.2,12.8451,509600,0,0
2018-01-09,18.15,18.55,18.15,18.35,12.951,511700,0,0
2018-01-10,18.35,18.75,18.3,18.5,13.0568,578900,0,0
2018-01-11,18.65,18.75,18.55,18.6,13.1274,1519300,0,0
2018-01-12,18.75,18.98,18.5,18.8,13.2686,693100,0,0
2018-01-16,18.8,18.95,18.45,18.6,13.1274,902100,0,0
2018-01-17,18.75,18.8,18.35,18.55,13.0921,1208600,0,0
2018-01-18,18.5,18.63,18.3,18.3,12.9157,773700,0,0
2018-01-19,18.25,18.6,18.25,18.55,13.0921,860900,0,0
2018-01-22,18.55,18.65,18.35,18.65,13.1627,1015400,0,0
2018-01-23,18.55,18.73,18.05,18.5,13.0568,1192300,0,0
2018-01-24,18.45,18.6,18.15,18.15,12.8098,754200,0,0
2018-01-25,18.35,18.35,18,18.2,12.8451,778900,0,0
2018-01-26,18.25,18.25,17.95,18.05,12.7392,389500,0,0
2018-01-29,18,18.2,17.95,18.05,12.7392,827600,0,0
2018-01-30,18,18.15,17.85,18.05,12.7392,952400,0,0
2018-01-31,18,18.2,17.9,18.2,12.8451,1159400,0,0
2018-02-01,18.05,18.4,17.9,18.35,12.951,766800,0,0
2018-02-02,18,18.55,18,18.25,12.8804,819000,0,0
2018-02-05,18,18.3,17.65,17.75,12.5275,2597700,0,0
2018-02-06,17.3,18.05,17.05,17.95,12.6687,2238300,0,0
2018-02-07,17.85,18.24,17.7,18.15,12.8098,1317300,0,0
2018-02-08,18.2,18.2,17.7,17.75,12.5275,2221700,0,0
2018-02-09,17.9,18.15,17.6,18.05,12.7392,2267700,0,0
2018-02-12,18.1,18.2,17.55,17.95,12.6687,1503600,0,0
2018-02-13,17.9,18.15,17.9,18.1,12.7745,950000,0,0
2018-02-14,18,18.55,18,18.5,13.0568,911300,0,0
2018-02-15,18.55,18.7,18.41,18.6,13.1274,632500,0,0
2018-02-16,18.2,19,18.2,18.95,13.3744,950500,0,0
2018-02-20,18.85,19.05,18.55,18.6,13.1274,840500,0,0
2018-02-21,18.65,19,18.57,18.8,13.2686,680300,0,0
2018-02-22,18.9,18.9,18.4,18.45,13.0215,632300,0,0
2018-02-23,18.45,18.85,18.4,18.85,13.3039,741900,0,0
2018-02-26,18.9,18.95,18.6,18.95,13.3744,743000,0,0
2018-02-27,18.9,19.23,18.6,18.6,13.1274,770100,0,0
2018-02-28,18.7,18.8,18.1,18.1,12.7745,845300,0,0
2018-03-01,18.15,18.27,18,18.1,12.7745,1384400,0,0
2018-03-02,18.05,18.45,17.88,18.4,12.9863,804400,0,0
2018-03-05,18.35,18.8,18.1,18.7,13.198,908000,0,0
2018-03-06,18.8,19.05,18.55,19.05,13.445,713400,0,0
2018-03-07,18.9,19.3,18.9,19.1,13.4803,677900,0,0
2018-03-08,19.2,19.25,18.73,19,13.4097,788700,0,0
2018-03-09,19.15,19.48,19.02,19.45,13.7273,685300,0,0
2018-03-12,19.45,19.55,19.25,19.4,13.692,1259200,0,0
2018-03-13,19.5,19.5,19.2,19.3,13.6215,713800,0,0
2018-03-14,19.35,19.4,18.95,19,13.4097,560500,0,0
2018-03-15,19.1,19.25,18.93,19.15,13.5156,641100,0,0
2018-03-16,19.15,19.45,19.1,19.25,13.5862,3227900,0,0
2018-03-19,19.2,19.25,18.8,19.15,13.5156,697800,0,0
2018-03-20,19.1,19.15,18.88,18.9,13.3392,385300,0,0
2018-03-21,19,19.13,18.8,18.9,13.3392,812900,0,0
2018-03-22,18.75,18.85,18.1,18.1,12.7745,922200,0,0
2018-03-23,18.2,18.52,17.43,17.45,12.3158,1301800,0,0
2018-03-26,17.75,18.15,17.45,18.15,12.8098,1182000,0,0
2018-03-27,18.1,18.2,17.6,17.75,12.5275,1166400,0,0
2018-03-28,17.65,17.95,17.5,17.85,12.5981,1054800,0,0
2018-03-29,17.8,17.9,17.65,17.75,12.6123,781400,0.12,0
2018-04-02,17.75,17.77,17.15,17.45,12.3991,655900,0,0
2018-04-03,17.5,17.65,17.3,17.5,12.4347,1115900,0,0
2018-04-04,17.4,17.85,17.35,17.75,12.6123,982500,0,0
2018-04-05,17.9,18,17.7,17.8,12.6478,797900,0,0
2018-04-06,17.7,17.83,17.1,17.35,12.3281,871800,0,0
2018-04-09,17.4,17.85,17.38,17.4,12.3636,1032100,0,0
2018-04-10,17.6,17.8,17.45,17.7,12.5768,672500,0,0
2018-04-11,17.55,17.65,17.4,17.45,12.3991,924200,0,0
2018-04-12,17.6,17.85,17.45,17.75,12.6123,1344600,0,0
2018-04-13,17.85,17.85,17.4,17.55,12.4702,871600,0,0
2018-04-16,17.65,17.75,17.48,17.65,12.5412,640500,0,0
2018-04-17,17.75,17.75,17.3,17.5,12.4347,902700,0,0
2018-04-18,17.45,17.65,17.1,17.15,12.186,1067200,0,0
2018-04-19,17.05,17.3,16.95,17.05,12.1149,1303400,0,0
2018-04-20,17,17.23,17,17.15,12.186,1292900,0,0
2018-04-23,17.1,17.38,17.1,17.25,12.257,608300,0,0
2018-04-24,17.3,17.6,17.2,17.3,12.2925,885600,0,0
2018-04-25,17.25,17.52,17.15,17.3,12.2925,799100,0,0
2018-04-26,17.35,17.4,17.15,17.15,12.186,732700,0,0
2018-04-27,17.15,17.35,17.08,17.25,12.257,650500,0,0
2018-04-30,17.25,17.4,16.9,16.9,12.0083,1030400,0,0
2018-05-01,16.9,17.15,16.65,17.05,12.1149,851700,0,0
2018-05-02,17,17.35,16.85,17.15,12.186,669100,0,0
2018-05-03,17.05,17.2,16.88,17.05,12.1149,868100,0,0
2018-05-04,16.95,17.5,16.85,17.25,12.257,985500,0,0
2018-05-07,17.35,17.5,17.15,17.3,12.2925,608400,0,0
2018-05-08,17.4,17.58,17.35,17.45,12.3991,613000,0,0
2018-05-09,17.5,17.73,17.4,17.55,12.4702,687200,0,0
2018-05-10,17.55,17.65,17.38,17.5,12.4347,529800,0,0
2018-05-11,17.45,17.68,17.4,17.45,12.3991,678100,0,0
2018-05-14,17.5,17.5,17.2,17.3,12.2925,623300,0,0
2018-05-15,17.3,17.55,17.2,17.35,12.3281,687400,0,0
2018-05-16,17.4,17.5,17.25,17.45,12.3991,691500,0,0
2018-05-17,17.45,17.55,17.35,17.5,12.4347,499600,0,0
2018-05-18,17.55,17.55,17.3,17.3,12.2925,728300,0,0
2018-05-21,17.4,17.8,17.4,17.75,12.6123,1081800,0,0
2018-05-22,17.75,18.02,17.75,17.85,12.6834,711200,0,0
2018-05-23,17.8,17.95,17.6,17.8,12.6478,458200,0,0
2018-05-24,17.75,17.8,17.4,17.75,12.6123,696000,0,0
2018-05-25,17.8,17.88,17.68,17.85,12.6834,590000,0,0
2018-05-29,17.6,17.77,17.25,17.3,12.2925,968000,0,0
2018-05-30,17.4,17.7,17.4,17.6,12.5057,1040300,0,0
2018-05-31,17.6,17.75,17.4,17.45,12.3991,880900,0,0
2018-06-01,17,17.45,17,17.25,12.257,1770700,0,0
2018-06-04,17.25,17.5,17.21,17.5,12.4347,1221800,0,0
2018-06-05,17.45,17.55,17.3,17.45,12.3991,655100,0,0
2018-06-06,17.55,17.9,17.5,17.85,12.6834,939700,0,0
2018-06-07,17.85,17.95,17.7,17.75,12.6123,870700,0,0
2018-06-08,17.8,17.85,17.65,17.75,12.6123,697300,0,0
2018-06-11,17.7,17.8,17.35,17.4,12.3636,724100,0,0
2018-06-12,17.4,17.45,17.1,17.2,12.2215,632400,0,0
2018-06-13,17.25,17.4,16.98,17.1,12.1504,1080900,0,0
2018-06-14,17.2,17.2,16.77,17.05,12.1149,1059500,0,0
2018-06-15,16.9,17.05,16.75,16.85,11.9728,2003200,0,0
2018-06-18,16.85,17.1,16.73,17,12.0794,731100,0,0
2018-06-19,16.85,17.23,16.85,17.15,12.186,760200,0,0
2018-06-20,17.2,17.27,17.08,17.15,12.186,664900,0,0
2018-06-21,17.15,17.3,16.93,17.1,12.1504,812100,0,0
2018-06-22,17.15,17.25,16.95,17.2,12.2215,1826500,0,0
2018-06-25,17.05,17.15,16.83,16.95,12.0439,767600,0,0
2018-06-26,16.95,17,16.71,16.9,12.0083,693900,0,0
2018-06-27,16.85,16.95,16.5,16.5,11.7241,686600,0,0
2018-06-28,16.6,16.75,16.52,16.65,11.8307,849700,0,0
2018-06-29,16.6,16.9,16.5,16.5,11.8092,951000,0.12,0
2018-07-02,16.4,16.7,16.4,16.55,11.845,922000,0,0
2018-07-03,16.6,16.75,16.55,16.55,11.845,567500,0,0
2018-07-05,16.65,16.65,16.5,16.55,11.845,758300,0,0
2018-07-06,16.5,16.68,16.45,16.65,11.9166,1163800,0,0
2018-07-09,16.75,17.15,16.65,17.1,12.2386,1890400,0,0
2018-07-10,17.2,17.25,16.75,16.9,12.0955,1682600,0,0
2018-07-11,15.05,17.05,15.05,16.95,12.1313,800300,0,0
2018-07-12,16.95,17.05,16.55,16.65,11.9166,539500,0,0
2018-07-13,16.6,16.7,16.43,16.5,11.8092,770900,0,0
2018-07-16,16.55,16.77,16.52,16.7,11.9524,501200,0,0
2018-07-17,16.65,16.85,16.6,16.7,11.9524,584000,0,0
2018-07-18,16.8,17.3,16.8,16.95,12.1313,1344900,0,0
2018-07-19,17.3,17.65,17.05,17.55,12.5607,2079200,0,0
2018-07-20,17.6,17.85,17.55,17.6,12.5965,985300,0,0
2018-07-23,17.65,17.8,17.5,17.7,12.6681,803400,0,0
2018-07-24,17.65,17.7,17.43,17.5,12.5249,826300,0,0
2018-07-25,17.55,17.6,17.25,17.3,12.3818,613300,0,0
2018-07-26,17.35,17.6,17.27,17.45,12.4891,549500,0,0
2018-07-27,17.5,17.6,17.2,17.4,12.4534,649000,0,0
2018-07-30,17.35,17.6,17.35,17.4,12.4534,522900,0,0
2018-07-31,17.5,17.5,17.18,17.35,12.4176,645000,0,0
2018-08-01,17.4,17.5,17.23,17.43,12.4748,792900,0,0
2018-08-02,17.3,17.85,17.25,17.65,12.6323,793700,0,0
2018-08-03,17.65,17.8,17.15,17.25,12.346,1085400,0,0
2018-08-06,17.2,17.25,17,17.2,12.3102,688800,0,0
2018-08-07,17.25,17.45,17.15,17.45,12.4891,667200,0,0
2018-08-08,17.4,17.75,17.25,17.75,12.7039,920500,0,0
2018-08-09,17.7,17.77,17.38,17.65,12.6323,1336500,0,0
2018-08-10,17.55,17.75,17.45,17.65,12.6323,505900,0,0
2018-08-13,17.6,17.75,17.5,17.65,12.6323,1218800,0,0
2018-08-14,17.65,18,17.65,18,12.8828,839000,0,0
2018-08-15,17.9,18.02,17.65,17.7,12.6681,727500,0,0
2018-08-16,17.8,18.1,17.8,17.9,12.8112,457100,0,0
2018-08-17,17.85,18.05,17.8,18.05,12.9186,453300,0,0
2018-08-20,18.1,18.2,17.93,18.05,12.9186,368600,0,0
2018-08-21,18,18.45,18,18.25,13.0617,691500,0,0
2018-08-22,18.15,18.3,18.1,18.3,13.0975,648700,0,0
2018-08-23,18.25,18.25,18,18.15,12.9901,303100,0,0
2018-08-24,18.2,18.2,18.02,18.1,12.9544,576300,0,0
2018-08-27,18.15,18.3,18.05,18.2,13.0259,752100,0,0
2018-08-28,18.2,18.25,18.05,18.15,12.9901,773400,0,0
2018-08-29,18.15,18.2,18.02,18.05,12.9186,771900,0,0
2018-08-30,18.05,18.1,17.85,18,12.8828,610400,0,0
2018-08-31,17.9,18.25,17.85,18.2,13.0259,757500,0,0
2018-09-04,18.15,18.3,18.1,18.2,13.0259,420200,0,0
2018-09-05,18.2,18.35,18.08,18.1,12.9544,584200,0,0
2018-09-06,18.15,18.2,17.9,18,12.8828,639000,0,0
2018-09-07,18,18.02,17.8,18,12.8828,430800,0,0
2018-09-10,18.05,18.15,17.85,17.9,12.8112,559300,0,0
2018-09-11,17.85,17.98,17.8,17.95,12.847,532500,0,0
2018-09-12,17.95,17.95,17.6,17.7,12.6681,689000,0,0
2018-09-13,17.7,17.8,17.35,17.5,12.5249,522500,0,0
2018-09-14,17.45,17.8,17.38,17.65,12.6323,577600,0,0
2018-09-17,17.7,17.7,17.4,17.45,12.4891,540700,0,0
2018-09-18,17.45,17.48,17.3,17.4,12.4534,775600,0,0
2018-09-19,17.35,17.7,17.35,17.5,12.5249,1034500,0,0
2018-09-20,17.55,17.8,17.5,17.7,12.6681,823200,0,0
2018-09-21,17.6,17.8,17.45,17.55,12.5607,2718900,0,0
2018-09-24,17.45,17.5,17.15,17.25,12.346,494100,0,0
2018-09-25,17.25,17.3,17.15,17.25,12.346,462700,0,0
2018-09-26,17.35,17.35,16.8,16.85,12.0597,836600,0,0
2018-09-27,16.9,17.02,16.75,16.8,12.0239,722400,0,0
2018-09-28,16.65,16.88,16.6,16.65,12.0023,680500,0.12,0
2018-10-01,16.74,16.83,16.4,16.46,11.8653,989300,0,0
2018-10-02,16.42,16.58,16.24,16.31,11.7572,648000,0,0
2018-10-03,16.96,17,16.5,16.87,12.1609,1197900,0,0
2018-10-04,16.88,17.27,16.84,17.07,12.3051,1265600,0,0
2018-10-05,17.14,17.17,16.86,16.92,12.1969,566700,0,0
2018-10-08,16.95,17.17,16.84,17.09,12.3195,654700,0,0
2018-10-09,17.01,17.27,16.97,17.2,12.3988,709800,0,0
2018-10-10,17.2,17.43,16.98,16.99,12.2474,979200,0,0
2018-10-11,16.93,16.93,16.34,16.35,11.786,930800,0,0
2018-10-12,16.57,16.57,15.43,15.86,11.4328,1473700,0,0
2018-10-15,15.91,16.19,15.78,16.1,11.6058,1173200,0,0
2018-10-16,16.16,16.4,15.85,16.37,11.8005,1082500,0,0
2018-10-17,17.36,17.6,16.44,16.96,12.2258,2824000,0,0
2018-10-18,16.95,17.17,16.65,16.65,12.0023,1545300,0,0
2018-10-19,16.55,16.86,16.44,16.49,11.887,1186700,0,0
2018-10-22,16.58,16.6,16.01,16.09,11.5986,953900,0,0
2018-10-23,15.8,16.16,15.8,16.02,11.5482,2129800,0,0
2018-10-24,16,16,15.19,15.21,10.9643,1258800,0,0
2018-10-25,15.29,15.93,15.25,15.84,11.4184,1169600,0,0
2018-10-26,15.66,15.9,15.46,15.68,11.3031,1877700,0,0
2018-10-29,15.89,16.37,15.85,16.12,11.6203,1186200,0,0
2018-10-30,16.17,16.32,15.93,16.3,11.75,1270000,0,0
2018-10-31,16.45,16.53,15.99,16.01,11.541,1347200,0,0
2018-11-01,16.1,16.33,16,16.24,11.7068,1087000,0,0
2018-11-02,16.33,16.47,16.13,16.3,11.75,762800,0,0
2018-11-05,16.29,16.46,16.12,16.25,11.714,688600,0,0
2018-11-06,16.22,16.46,16.15,16.38,11.8077,597500,0,0
2018-11-07,16.4,16.48,16.06,16.41,11.8293,780500,0,0
2018-11-08,16.32,16.75,16.29,16.71,12.0456,1068900,0,0
2018-11-09,16.67,16.83,16.52,16.63,11.9879,1134800,0,0
2018-11-12,16.59,16.73,16.36,16.37,11.8005,941000,0,0
2018-11-13,16.37,16.78,16.37,16.53,11.9158,867500,0,0
2018-11-14,16.87,16.87,16.19,16.33,11.7716,1317200,0,0
2018-11-15,16.19,16.92,16.08,16.88,12.1681,1639700,0,0
2018-11-16,16.71,17.05,16.68,16.95,12.2186,1126400,0,0
2018-11-19,16.95,17.19,16.75,16.89,12.1753,913400,0,0
2018-11-20,16.8,17,16.55,16.6,11.9663,1123600,0,0
2018-11-21,16.8,17.14,16.51,16.75,12.0744,1135300,0,0
2018-11-23,16.65,17.02,16.58,16.81,12.1176,553000,0,0
2018-11-26,16.95,17.22,16.89,16.94,12.2114,860700,0,0
2018-11-27,16.87,16.95,16.8,16.9,12.1825,665500,0,0
2018-11-28,16.93,17.16,16.63,17.14,12.3555,960300,0,0
2018-11-29,17.13,17.21,16.97,17.16,12.3699,1134500,0,0
2018-11-30,17.12,17.47,17.11,17.41,12.5795,1099000,0.04,0
2018-12-03,17.6,17.6,17.03,17.21,12.435,1196400,0,0
2018-12-04,17.16,17.16,16.12,16.34,11.8064,1447800,0,0
2018-12-06,16.12,16.4,16.02,16.35,11.8136,2041000,0,0
2018-12-07,16.51,16.64,16.11,16.3,11.7775,1294400,0,0
2018-12-10,16.3,16.34,15.95,16.17,11.6835,1260400,0,0
2018-12-11,16.34,16.51,16.11,16.15,11.6691,1059100,0,0
2018-12-12,16.3,16.63,16.17,16.37,11.828,872200,0,0
2018-12-13,16.38,16.54,15.81,15.81,11.4234,1143200,0,0
2018-12-14,15.7,15.93,15.35,15.38,11.1127,1867200,0,0
2018-12-17,15.37,15.79,15.28,15.45,11.1633,1562500,0,0
2018-12-18,15.57,15.82,15.26,15.46,11.1705,1504100,0,0
2018-12-19,15.44,15.6,14.85,14.94,10.7948,2563800,0,0
2018-12-20,14.93,15.19,14.88,15.04,10.8671,1718000,0,0
2018-12-21,15.03,15.35,14.99,15,10.8382,2568600,0,0
2018-12-24,14.91,14.98,14.51,14.52,10.4913,548700,0,0
2018-12-26,14.52,15.18,14.38,15.14,10.9393,1636400,0,0
2018-12-27,14.9,15.22,14.6,15.2,10.9827,1550800,0,0
2018-12-28,15.19,15.66,15.13,15.41,11.1344,1309100,0,0
2018-12-31,15.42,15.49,15.16,15.48,11.2728,1333100,0.12,0
2019-01-02,15.26,15.82,15.26,15.69,11.4257,1720300,0,0
2019-01-03,15.61,15.79,15.44,15.45,11.2509,1123800,0,0
2019-01-04,15.69,16.04,15.65,16.03,11.6733,1066200,0,0
2019-01-07,15.96,16.33,15.85,16.16,11.7679,946800,0,0
2019-01-08,16.22,16.24,15.76,16.12,11.7388,1215200,0,0
2019-01-09,16.12,16.24,15.91,16.15,11.7607,1088900,0,0
2019-01-10,16.15,16.18,15.92,16.12,11.7388,1092900,0,0
2019-01-11,16.07,16.21,15.9,16.17,11.7752,1175700,0,0
2019-01-14,16.05,16.44,15.97,16.25,11.8335,1256100,0,0
2019-01-15,16.23,16.51,16.02,16.51,12.0228,1630200,0,0
2019-01-16,15.82,16.42,15.82,16.28,11.8553,3135800,0,0
2019-01-17,15.98,16.47,15.95,16.37,11.9209,2454100,0,0
2019-01-18,16.38,16.5,16.28,16.43,11.9646,1921900,0,0
2019-01-22,16.32,16.5,16.24,16.35,11.9063,1110000,0,0
2019-01-23,16.4,16.42,16.15,16.25,11.8335,760700,0,0
2019-01-24,16.19,16.31,15.92,16.14,11.7534,793300,0,0
2019-01-25,16.22,16.46,16.11,16.41,11.95,1129000,0,0
2019-01-28,16.38,16.49,16.21,16.42,11.9573,1066600,0,0
2019-01-29,16.41,16.5,16.25,16.25,11.8335,641800,0,0
2019-01-30,16.3,16.38,16.15,16.18,11.7825,791000,0,0
2019-01-31,16.09,16.19,15.77,16.05,11.6878,1138000,0,0
2019-02-01,16.1,16.24,16.07,16.17,11.7752,845000,0,0
2019-02-04,16.18,16.43,16.1,16.42,11.9573,567000,0,0
2019-02-05,16.42,16.46,16.17,16.26,11.8408,461800,0,0
2019-02-06,16.19,16.39,16.18,16.26,11.8408,764800,0,0
2019-02-07,16.37,16.6,16.27,16.48,12.001,1231600,0,0
2019-02-08,16.43,16.6,16.26,16.46,11.9864,1069800,0,0
2019-02-11,16.51,16.69,16.5,16.67,12.1393,916900,0,0
2019-02-12,16.72,16.88,16.69,16.7,12.1612,850200,0,0
2019-02-13,16.71,16.75,16.51,16.66,12.1321,1078000,0,0
2019-02-14,16.54,16.56,16.38,16.41,11.95,1192600,0,0
2019-02-15,16.54,16.92,16.47,16.91,12.3141,2333700,0,0
2019-02-19,16.78,16.92,16.61,16.87,12.285,876000,0,0
2019-02-20,16.88,17.11,16.79,17.09,12.4452,713400,0,0
2019-02-21,17.09,17.13,16.96,17.12,12.467,1230300,0,0
2019-02-22,17.13,17.24,17.03,17.18,12.5107,814900,0,0
2019-02-25,17.23,17.38,17.1,17.12,12.467,1169700,0,0
2019-02-26,17.1,17.24,17,17.08,12.4379,1054700,0,0
2019-02-27,17.07,17.22,16.94,17.15,12.4889,568300,0,0
2019-02-28,17.16,17.27,17.12,17.18,12.5107,957200,0,0
2019-03-01,17.28,17.35,17.15,17.3,12.5981,1098900,0,0
2019-03-04,17.28,17.39,16.98,17.07,12.4306,971400,0,0
2019-03-05,17.08,17.08,16.8,16.96,12.3505,591500,0,0
2019-03-06,16.94,17,16.49,16.53,12.0374,1083400,0,0
2019-03-07,16.5,16.53,16.22,16.29,11.8626,963700,0,0
2019-03-08,16.19,16.46,16.15,16.32,11.8845,612700,0,0
2019-03-11,16.33,16.49,16.29,16.47,11.9937,871200,0,0
2019-03-12,16.46,16.56,16.26,16.29,11.8626,642300,0,0
2019-03-13,16.36,16.47,16.29,16.35,11.9063,856200,0,0
2019-03-14,16.34,16.46,16.27,16.42,11.9573,512500,0,0
2019-03-15,16.4,16.53,16.26,16.3,11.8699,3609800,0,0
2019-03-18,16.38,16.59,16.37,16.43,11.9646,1040500,0,0
2019-03-19,16.54,16.54,16.03,16.07,11.7024,557700,0,0
2019-03-20,16.16,16.4,15.83,15.87,11.5568,1929100,0,0
2019-03-21,15.78,16.05,15.62,15.79,11.4985,1209900,0,0
2019-03-22,15.73,15.73,15.01,15.02,10.9378,1803000,0,0
2019-03-25,15.03,15.2,14.85,14.96,10.8941,1516800,0,0
2019-03-26,15.07,15.42,15.06,15.41,11.2218,866500,0,0
2019-03-27,15.41,15.58,15.24,15.48,11.2728,751300,0,0
2019-03-28,15.47,15.73,15.39,15.72,11.4475,793500,0,0
2019-03-29,15.75,15.75,15.38,15.48,11.3668,914100,0.13,0
2019-04-01,15.64,15.95,15.53,15.92,11.6898,840100,0,0
2019-04-02,15.93,16.03,15.8,15.89,11.6678,609500,0,0
2019-04-03,16.03,16.19,15.93,16.05,11.7853,867300,0,0
2019-04-04,16.08,16.32,16.03,16.19,11.8881,935200,0,0
2019-04-05,16.23,16.31,16.15,16.25,11.9322,1181600,0,0
2019-04-08,16.19,16.3,16.13,16.2,11.8954,839800,0,0
2019-04-09,16.16,16.19,15.91,15.99,11.7412,798800,0,0
2019-04-10,16,16.28,15.91,16.27,11.9468,734100,0,0
2019-04-11,16.27,16.37,16.14,16.28,11.9542,798500,0,0
2019-04-12,16.44,16.68,16.29,16.55,12.1524,983200,0,0
2019-04-15,16.58,16.58,16.18,16.24,11.9248,570000,0,0
2019-04-16,16.25,16.67,16.23,16.64,12.2185,1005100,0,0
2019-04-17,16.51,16.82,16.37,16.64,12.2185,681200,0,0
2019-04-18,16.56,16.67,16.43,16.44,12.0717,1112900,0,0
2019-04-22,16.42,16.51,16.28,16.42,12.057,776300,0,0
2019-04-23,16.44,16.95,16.42,16.88,12.3948,1139600,0,0
2019-04-24,16.78,17.07,16.72,16.98,12.4682,790200,0,0
2019-04-25,16.89,17.08,16.76,16.97,12.4608,924100,0,0
2019-04-26,17,17.19,16.95,17.17,12.6077,668700,0,0
2019-04-29,17.22,17.42,17.17,17.33,12.7252,478500,0,0
2019-04-30,17.33,17.38,17.13,17.25,12.6664,786400,0,0
2019-05-01,17.29,17.42,16.95,16.98,12.4682,1275000,0,0
2019-05-02,17,17.23,16.99,17.21,12.6371,752500,0,0
2019-05-03,17.25,17.51,17.22,17.48,12.8353,593900,0,0
2019-05-06,17.22,17.57,17.15,17.44,12.806,569100,0,0
2019-05-07,17.21,17.35,17.09,17.26,12.6738,605600,0,0
2019-05-08,17.25,17.38,17.13,17.15,12.593,542100,0,0
2019-05-09,17.02,17.16,16.95,17.04,12.5122,1025000,0,0
2019-05-10,17,17.1,16.79,17.08,12.5416,1293300,0,0
2019-05-13,16.76,16.95,16.37,16.41,12.0496,1448400,0,0
2019-05-14,16.4,16.79,16.31,16.7,12.2626,1108300,0,0
2019-05-15,16.5,16.66,16.33,16.62,12.2038,1046100,0,0
2019-05-16,16.68,16.99,16.65,16.82,12.3507,957200,0,0
2019-05-17,16.66,16.95,16.66,16.75,12.2993,2819700,0,0
2019-05-20,16.72,17.05,16.69,16.83,12.358,937300,0,0
2019-05-21,16.85,17.04,16.85,16.97,12.4608,783700,0,0
2019-05-22,16.9,16.98,16.75,16.79,12.3287,577100,0,0
2019-05-23,16.65,16.66,16.24,16.4,12.0423,910200,0,0
2019-05-24,16.51,16.57,16.38,16.52,12.1304,927700,0,0
2019-05-28,16.48,16.55,16.28,16.31,11.9762,786000,0,0
2019-05-29,16.16,16.4,16.06,16.38,12.0276,771900,0,0
2019-05-30,16.38,16.51,16,16.1,11.822,723500,0,0
2019-05-31,15.96,15.96,15.74,15.76,11.5724,1332300,0,0
2019-06-03,15.71,16.03,15.71,15.87,11.6531,1035500,0,0
2019-06-04,16.09,16.37,16.03,16.36,12.0129,726400,0,0
2019-06-05,16.32,16.36,16.04,16.17,11.8734,821400,0,0
2019-06-06,16.2,16.27,15.96,16.2,11.8954,743000,0,0
2019-06-07,16.12,16.2,16.01,16.09,11.8147,538900,0,0
2019-06-10,16.17,16.45,16.16,16.21,11.9028,729400,0,0
2019-06-11,16.34,16.4,16.13,16.22,11.9101,576800,0,0
2019-06-12,16.21,16.29,16,16.12,11.8367,621400,0,0
2019-06-13,16.16,16.31,16.1,16.14,11.8514,792700,0,0
2019-06-14,16.14,16.24,15.92,16.08,11.8073,832100,0,0
2019-06-17,16.02,16.2,15.87,15.93,11.6972,859500,0,0
2019-06-18,15.87,16.27,15.87,16.16,11.8661,985300,0,0
2019-06-19,16.21,16.37,16.12,16.19,11.8881,1106300,0,0
2019-06-20,16.27,16.27,15.85,15.94,11.7045,1349700,0,0
2019-06-21,15.85,16.07,15.81,15.86,11.6458,2532200,0,0
2019-06-24,15.86,16.02,15.67,15.68,11.5136,827900,0,0
2019-06-25,15.68,15.78,15.49,15.71,11.5356,1607900,0,0
2019-06-26,15.76,15.92,15.72,15.78,11.587,997500,0,0
2019-06-27,15.83,16.2,15.83,16.19,11.8881,893100,0,0
2019-06-28,16.17,16.43,16.15,16.37,12.1176,1523300,0.13,0
2019-07-01,16.49,16.61,16.35,16.47,12.1916,740000,0,0
2019-07-02,16.44,16.49,16.13,16.21,11.9991,786100,0,0
2019-07-03,16.32,16.42,16.23,16.37,12.1176,374100,0,0
2019-07-05,16.46,16.59,16.42,16.57,12.2656,380900,0,0
2019-07-08,16.39,16.51,16.18,16.31,12.0732,647500,0,0
2019-07-09,16.17,16.34,16.17,16.32,12.0806,916900,0,0
2019-07-10,16.34,16.34,16.11,16.15,11.9547,735700,0,0
2019-07-11,16.19,16.29,15.99,16.19,11.9843,717300,0,0
2019-07-12,16.22,16.5,16.19,16.45,12.1768,847800,0,0
2019-07-15,16.53,16.53,16.08,16.19,11.9843,920000,0,0
2019-07-16,16.24,16.39,16.06,16.31,12.0732,1512000,0,0
2019-07-17,16.13,16.53,16.13,16.46,12.1842,1552600,0,0
2019-07-18,16.5,16.89,16.39,16.73,12.3841,1335100,0,0
2019-07-19,16.66,16.84,16.6,16.63,12.31,915700,0,0
2019-07-22,16.59,16.69,16.47,16.57,12.2656,519200,0,0
2019-07-23,16.59,16.78,16.55,16.77,12.4137,552800,0,0
2019-07-24,16.71,17.24,16.63,17.2,12.732,1016500,0,0
2019-07-25,17.23,17.28,16.88,16.89,12.5025,687600,0,0
2019-07-26,16.88,17.2,16.84,17.16,12.7024,503100,0,0
2019-07-29,17.22,17.22,16.89,16.93,12.5321,553200,0,0
2019-07-30,16.77,17.11,16.73,17.1,12.6579,511300,0,0
2019-07-31,17.11,17.24,16.98,17,12.5839,782300,0,0
2019-08-01,16.95,17.15,16.49,16.55,12.2508,1138300,0,0
2019-08-02,16.51,16.54,16.17,16.38,12.125,609700,0,0
2019-08-05,16.09,16.13,15.63,15.88,11.7549,786100,0,0
2019-08-06,15.95,16.07,15.69,16.06,11.8881,529500,0,0
2019-08-07,15.76,15.99,15.65,15.9,11.7697,880900,0,0
2019-08-08,16.05,16.33,15.89,16.27,12.0435,768400,0,0
2019-08-09,16.2,16.29,16.11,16.19,11.9843,565600,0,0
2019-08-12,16.02,16.09,15.92,15.93,11.7919,625300,0,0
2019-08-13,15.9,16.32,15.87,16.02,11.8585,742600,0,0
2019-08-14,15.72,15.84,15.53,15.68,11.6068,1211600,0,0
2019-08-15,15.74,15.82,15.53,15.55,11.5106,640500,0,0
2019-08-16,15.64,15.95,15.62,15.92,11.7845,603100,0,0
2019-08-19,16.03,16.16,16.01,16.02,11.8585,560700,0,0
2019-08-20,15.93,16.02,15.77,15.81,11.703,485600,0,0
2019-08-21,15.95,15.95,15.8,15.84,11.7252,763200,0,0
2019-08-22,15.98,16.04,15.76,15.81,11.703,630700,0,0
2019-08-23,15.74,15.88,15.26,15.31,11.3329,1178600,0,0
2019-08-26,15.48,15.63,15.33,15.6,11.5476,605500,0,0
2019-08-27,15.7,15.7,15.23,15.32,11.3403,821000,0,0
2019-08-28,15.27,15.67,15.23,15.58,11.5328,609700,0,0
2019-08-29,15.74,15.93,15.72,15.88,11.7549,571000,0,0
2019-08-30,15.99,15.99,15.83,15.95,11.8067,426200,0,0
2019-09-03,15.79,15.8,15.44,15.51,11.481,874400,0,0
2019-09-04,15.68,15.71,15.5,15.61,11.555,672700,0,0
2019-09-05,15.88,16.17,15.83,15.96,11.8141,720900,0,0
2019-09-06,15.99,15.99,15.64,15.73,11.6438,892800,0,0
2019-09-09,15.9,16.1,15.73,16.03,11.8659,873600,0,0
2019-09-10,16.11,16.28,16.01,16.27,12.0435,805800,0,0
2019-09-11,16.36,16.6,16.08,16.6,12.2878,754800,0,0
2019-09-12,16.5,16.88,16.37,16.74,12.3915,934700,0,0
2019-09-13,16.95,17.06,16.82,16.97,12.5617,580500,0,0
2019-09-16,16.82,17.01,16.75,16.89,12.5025,578700,0,0
2019-09-17,16.77,16.77,16.53,16.74,12.3915,671900,0,0
2019-09-18,16.72,16.8,16.58,16.76,12.4063,611400,0,0
2019-09-19,16.77,16.93,16.64,16.66,12.3322,601000,0,0
2019-09-20,16.65,16.78,16.43,16.49,12.2064,2808400,0,0
2019-09-23,16.43,16.7,16.39,16.61,12.2952,651100,0,0
2019-09-24,16.56,16.62,16.2,16.3,12.0658,934200,0,0
2019-09-25,16.31,16.53,16.3,16.47,12.1916,865200,0,0
2019-09-26,16.46,16.46,16.24,16.31,12.0732,631000,0,0
2019-09-27,16.46,16.63,16.25,16.34,12.0954,715500,0,0
2019-09-30,16.31,16.33,16.12,16.18,12.073,578600,0.13,0
2019-10-01,16.3,16.38,15.77,15.81,11.7969,545300,0,0
2019-10-02,15.69,15.87,15.52,15.8,11.7894,923400,0,0
2019-10-03,15.7,15.81,15.52,15.71,11.7223,564200,0,0
2019-10-04,15.76,15.88,15.6,15.88,11.8491,543300,0,0
2019-10-07,15.84,15.9,15.75,15.76,11.7596,385000,0,0
2019-10-08,15.57,15.64,15.29,15.31,11.4238,543000,0,0
2019-10-09,15.4,15.51,15.28,15.42,11.5059,458200,0,0
2019-10-10,15.54,15.71,15.49,15.6,11.6402,547000,0,0
2019-10-11,15.88,16.06,15.82,15.83,11.8118,591900,0,0
2019-10-14,15.72,15.8,15.68,15.72,11.7297,350500,0,0
2019-10-15,15.8,15.96,15.69,15.88,11.8491,593600,0,0
2019-10-16,16.12,16.14,15.84,15.94,11.8939,654900,0,0
2019-10-17,15.98,16.16,15.9,16.14,12.0431,767400,0,0
2019-10-18,16.04,16.43,16.04,16.39,12.2297,702800,0,0
2019-10-21,16.59,16.78,16.5,16.68,12.4461,952100,0,0
2019-10-22,16.62,16.86,16.35,16.76,12.5058,1219700,0,0
2019-10-23,17,17.03,16.38,16.83,12.558,1306000,0,0
2019-10-24,16.8,16.94,16.68,16.78,12.5207,973800,0,0
2019-10-25,16.76,17.06,16.76,16.97,12.6625,1060900,0,0
2019-10-28,16.97,17.26,16.97,17.17,12.8117,860500,0,0
2019-10-29,17.13,17.31,17.1,17.31,12.9161,826500,0,0
2019-10-30,17.24,17.34,17.07,17.24,12.8639,662800,0,0
2019-10-31,17.17,17.17,16.79,17.06,12.7296,782100,0,0
2019-11-01,17.18,17.39,17.12,17.39,12.9758,1073100,0,0
2019-11-04,17.46,17.6,17.42,17.47,13.0355,1020500,0,0
2019-11-05,17.58,17.73,17.45,17.56,13.1027,1270900,0,0
2019-11-06,17.53,17.66,17.44,17.61,13.14,1078800,0,0
2019-11-07,17.78,17.86,17.58,17.69,13.1997,1132600,0,0
2019-11-08,17.7,17.83,17.63,17.72,13.2221,829500,0,0
2019-11-11,17.61,17.66,17.39,17.51,13.0654,777400,0,0
2019-11-12,17.54,17.64,17.37,17.5,13.0579,714400,0,0
2019-11-13,17.26,17.38,17.12,17.33,12.9311,748600,0,0
2019-11-14,17.3,17.34,17.19,17.27,12.8863,763600,0,0
2019-11-15,17.35,17.39,17.01,17.1,12.7595,3833700,0,0
2019-11-18,17.02,17.08,16.88,16.93,12.6326,823800,0,0
2019-11-19,16.96,16.96,16.77,16.91,12.6177,856000,0,0
2019-11-20,16.9,17.03,16.71,16.95,12.6475,1054500,0,0
2019-11-21,17.03,17.08,16.81,17.05,12.7221,978300,0,0
2019-11-22,17.14,17.16,17.03,17.09,12.752,480700,0,0
2019-11-25,17.07,17.39,17.01,17.31,12.9161,808600,0,0
2019-11-26,17.21,17.36,17.21,17.25,12.8714,803100,0,0
2019-11-27,17.3,17.36,17.23,17.29,12.9012,431000,0,0
2019-11-29,17.22,17.32,17.14,17.16,12.8042,334200,0,0
2019-12-02,17.24,17.3,17.05,17.08,12.7445,580100,0,0
2019-12-03,16.83,16.89,16.73,16.87,12.6174,530700,0.04,0
2019-12-04,16.97,17.11,16.9,17.04,12.7445,727000,0,0
2019-12-05,17.13,17.15,17.02,17.09,12.7819,554400,0,0
2019-12-06,17.32,17.47,17.23,17.26,12.9091,692500,0,0
2019-12-09,17.21,17.38,17.17,17.31,12.9465,820600,0,0
2019-12-10,17.35,17.39,17.27,17.34,12.9689,551800,0,0
2019-12-11,17.35,17.35,17.2,17.25,12.9016,417900,0,0
2019-12-12,17.3,17.78,17.25,17.7,13.2382,651600,0,0
2019-12-13,17.59,17.76,17.43,17.66,13.2082,566600,0,0
2019-12-16,17.83,17.92,17.69,17.76,13.283,1058000,0,0
2019-12-17,17.82,18,17.81,17.93,13.4102,922800,0,0
2019-12-18,17.95,17.98,17.77,17.83,13.3354,814200,0,0
2019-12-19,17.82,17.85,17.69,17.72,13.2531,806700,0,0
2019-12-20,17.78,17.93,17.75,17.85,13.3503,2953700,0,0
2019-12-23,17.93,17.99,17.64,17.69,13.2307,570900,0,0
2019-12-24,17.73,17.74,17.62,17.67,13.2157,228000,0,0
2019-12-26,17.71,17.72,17.62,17.68,13.2232,358500,0,0
2019-12-27,17.68,17.75,17.49,17.51,13.096,698300,0,0
2019-12-30,17.63,17.67,17.5,17.57,13.1409,803200,0,0
2019-12-31,17.47,17.55,17.42,17.43,13.1334,952000,0.13,0
2020-01-02,17.49,17.56,17.28,17.54,13.2163,1084400,0,0
2020-01-03,17.37,17.61,17.19,17.54,13.2163,1076500,0,0
2020-01-06,17.35,17.49,17.24,17.43,13.1334,974000,0,0
2020-01-07,17.36,17.39,17.18,17.25,12.9978,866700,0,0
2020-01-08,17.25,17.47,17.25,17.41,13.1183,834700,0,0
2020-01-09,17.47,17.5,17.27,17.32,13.0505,604300,0,0
2020-01-10,17.28,17.32,17.12,17.19,12.9526,517700,0,0
2020-01-13,17.24,17.29,17.14,17.28,13.0204,607100,0,0
2020-01-14,17.28,17.31,17.17,17.23,12.9827,932100,0,0
2020-01-15,17.24,17.33,17.13,17.25,12.9978,1048900,0,0
2020-01-16,17.37,17.54,17.3,17.51,13.1937,927100,0,0
2020-01-17,17.6,17.62,17.29,17.32,13.0505,812200,0,0
2020-01-21,17.21,17.48,17.18,17.26,13.0053,1057000,0,0
2020-01-22,16.71,17.31,16.65,17.23,12.9827,1514800,0,0
2020-01-23,17.22,17.4,17.12,17.3,13.0354,1188900,0,0
2020-01-24,17.34,17.36,16.95,17.11,12.8923,665200,0,0
2020-01-27,16.86,17.06,16.78,16.92,12.7491,722300,0,0
2020-01-28,17,17.1,16.89,16.92,12.7491,578200,0,0
2020-01-29,16.9,16.95,16.64,16.67,12.5607,477000,0,0
2020-01-30,16.66,16.94,16.59,16.94,12.7642,477000,0,0
2020-01-31,16.77,16.81,16.42,16.47,12.41,928900,0,0
2020-02-03,16.58,16.76,16.57,16.71,12.5909,725200,0,0
2020-02-04,16.93,17.02,16.8,16.81,12.6662,683200,0,0
2020-02-05,17,17.26,16.86,17.21,12.9676,593200,0,0
2020-02-06,17.33,17.34,17,17.03,12.832,491200,0,0
2020-02-07,16.93,16.94,16.76,16.78,12.6436,496800,0,0
2020-02-10,16.75,16.84,16.68,16.82,12.6738,406300,0,0
2020-02-11,16.89,17.01,16.83,16.86,12.7039,545600,0,0
2020-02-12,17.02,17.02,16.81,16.92,12.7491,569800,0,0
2020-02-13,16.8,16.94,16.68,16.93,12.7566,980700,0,0
2020-02-14,16.92,16.96,16.74,16.82,12.6738,526600,0,0
2020-02-18,16.74,16.81,16.55,16.61,12.5155,549300,0,0
2020-02-19,16.63,16.71,16.56,16.57,12.4854,665600,0,0
2020-02-20,16.57,16.77,16.53,16.71,12.5909,551800,0,0
2020-02-21,16.66,16.67,16.46,16.52,12.4477,639900,0,0
2020-02-24,16.13,16.29,15.93,15.98,12.0408,754500,0,0
2020-02-25,15.97,16.04,15.44,15.5,11.6791,1204300,0,0
2020-02-26,15.61,15.83,15.42,15.49,11.6716,1096500,0,0
2020-02-27,15.2,15.73,15.07,15.07,11.3551,1452900,0,0
2020-02-28,14.69,14.94,14.21,14.45,10.888,2460400,0,0
2020-03-02,14.5,15.25,14.34,15.25,11.4908,1404200,0,0
2020-03-03,15.15,15.41,14.67,14.87,11.2044,2204100,0,0
2020-03-04,15,15.31,14.76,15.21,11.4606,1683700,0,0
2020-03-05,14.75,14.93,14.6,14.88,11.212,1834800,0,0
2020-03-06,14.29,14.62,14.08,14.48,10.9106,2308400,0,0
2020-03-09,13.4,13.95,12.51,12.53,9.44127,1940100,0,0
2020-03-10,13.01,13.24,12.15,12.9,9.72006,2198700,0,0
2020-03-11,12.43,12.64,11.99,12.13,9.13988,2149100,0,0
2020-03-12,11.25,12.48,10.91,11.56,8.71038,1676300,0,0
2020-03-13,12.31,12.96,11.92,12.94,9.7502,2337400,0,0
2020-03-16,11.37,11.87,10.76,11.78,8.87615,1631200,0,0
2020-03-17,11.95,13.76,11.9,13.72,10.3379,2718800,0,0
2020-03-18,12.95,13.5,12.33,13,9.79541,2904200,0,0
2020-03-19,12.8,13.38,12.27,13.06,9.84063,1954600,0,0
2020-03-20,13.03,13.26,11.55,11.78,8.87615,2918800,0,0
2020-03-23,11.83,12,10.07,10.46,7.88154,1265700,0,0
2020-03-24,11.04,11.34,10.46,11.34,8.54462,1082900,0,0
2020-03-25,11.43,11.73,10.57,10.7,8.06238,2019400,0,0
2020-03-26,10.77,11.88,10.57,11.78,8.87615,1619200,0,0
2020-03-27,11.27,11.72,11.11,11.31,8.52201,1301200,0,0
2020-03-30,11.38,11.66,11.1,11.59,8.73299,1307200,0,0
2020-03-31,11.32,11.6,11.14,11.49,8.75585,1393000,0.13,0
2020-04-01,10.99,11.12,10.43,10.89,8.29863,1191900,0,0
2020-04-02,10.76,11.2,10.53,10.75,8.19194,1290100,0,0
2020-04-03,10.6,10.91,9.83,10,7.62041,1110500,0,0
2020-04-06,10.58,10.91,10.45,10.83,8.2529,1147000,0,0
2020-04-07,11.23,11.63,10.81,10.91,8.31386,1433700,0,0
2020-04-08,11.27,11.59,10.79,11.42,8.70251,894500,0,0
2020-04-09,11.79,12.5,11.69,12.44,9.47979,953300,0,0
2020-04-13,12.41,12.48,11.34,11.39,8.67965,935300,0,0
2020-04-14,11.65,11.76,10.98,11.27,8.5882,942000,0,0
2020-04-15,10.94,11.18,10.45,10.53,8.02429,1040800,0,0
2020-04-16,10.52,10.63,9.92,10.2,7.77282,1093900,0,0
2020-04-17,10.63,11.03,10.6,10.93,8.32911,1134300,0,0
2020-04-20,10.59,11.11,10.53,10.71,8.16145,1052300,0,0
2020-04-21,10.36,10.61,10.22,10.49,7.99381,777500,0,0
2020-04-22,10.6,10.79,10.1,10.17,7.74996,874500,0,0
2020-04-23,10.18,10.58,10.14,10.33,7.87188,1140300,0,0
2020-04-24,10.33,10.57,10.17,10.47,7.97857,1152600,0,0
2020-04-27,10.67,11.35,10.65,11.23,8.55772,1068700,0,0
2020-04-28,11.55,11.93,11.36,11.77,8.96922,1449100,0,0
2020-04-29,12.22,12.74,11.97,12.37,9.42645,1398800,0,0
2020-04-30,11.96,11.97,11.53,11.69,8.90826,965500,0,0
2020-05-01,11.42,11.44,10.93,11.18,8.51962,1371200,0,0
2020-05-04,10.96,11,10.59,10.81,8.23766,1186200,0,0
2020-05-05,11.01,11.12,10.55,10.57,8.05477,944400,0,0
2020-05-06,10.6,10.68,10.16,10.2,7.77282,930000,0,0
2020-05-07,10.3,10.6,10.21,10.26,7.81854,739900,0,0
2020-05-08,10.51,10.99,10.34,10.96,8.35197,1045900,0,0
2020-05-11,10.77,10.77,10.21,10.7,8.15384,1901200,0,0
2020-05-12,10.71,10.75,10.01,10.03,7.64327,1294700,0,0
2020-05-13,9.89,10.01,9.08,9.36,7.1327,1722700,0,0
2020-05-14,9.12,10.01,8.91,9.77,7.44514,1974800,0,0
2020-05-15,9.64,9.71,9.45,9.65,7.3537,4084800,0,0
2020-05-18,10.16,10.67,10.12,10.62,8.09288,1888900,0,0
2020-05-19,10.51,10.57,10.04,10.04,7.65089,1141900,0,0
2020-05-20,10.26,10.82,10.21,10.69,8.14622,1257400,0,0
2020-05-21,10.63,10.79,10.49,10.58,8.06239,1085000,0,0
2020-05-22,10.6,10.73,10.38,10.55,8.03953,970100,0,0
2020-05-26,11.07,11.46,11.05,11.32,8.6263,1142700,0,0
2020-05-27,11.81,12.1,11.47,12.01,9.15211,1074100,0,0
2020-05-28,12.18,12.22,11.45,11.55,8.80157,925000,0,0
2020-05-29,11.31,11.43,11.09,11.21,8.54248,1331400,0,0
2020-06-01,11.2,11.32,10.86,10.91,8.31386,1711800,0,0
2020-06-02,11.1,11.3,10.68,10.82,8.24528,1271800,0,0
2020-06-03,11.16,11.66,11.08,11.42,8.70251,1803100,0,0
2020-06-04,11.38,11.76,11.17,11.65,8.87778,1540200,0,0
2020-06-05,12.2,12.94,12.16,12.56,9.57123,2013500,0,0
2020-06-08,12.67,12.97,12.43,12.49,9.51789,1478700,0,0
2020-06-09,12.09,12.5,11.82,12.27,9.35024,1513500,0,0
2020-06-10,12.14,12.14,11.37,11.38,8.67203,1171000,0,0
2020-06-11,10.76,10.83,10.23,10.24,7.8033,1379800,0,0
2020-06-12,10.75,10.76,10.14,10.52,8.01667,1078200,0,0
2020-06-15,10.02,10.79,9.94,10.65,8.11574,1345100,0,0
2020-06-16,11.18,11.29,10.77,11.12,8.4739,1169500,0,0
2020-06-17,11.2,11.2,10.67,10.72,8.16908,1115000,0,0
2020-06-18,10.55,11.05,10.54,10.84,8.26053,1009100,0,0
2020-06-19,11.02,11.02,10.43,10.72,8.16908,2350900,0,0
2020-06-22,10.54,10.81,10.43,10.67,8.13098,756800,0,0
2020-06-23,10.91,11.02,10.4,10.43,7.94809,928300,0,0
2020-06-24,10.29,10.29,9.85,9.96,7.58993,1185600,0,0
2020-06-25,9.89,10.52,9.86,10.52,8.01667,1252700,0,0
2020-06-26,10.25,10.34,9.77,9.82,7.48324,1706000,0,0
2020-06-29,10.02,10.56,9.96,10.44,7.95571,1476600,0,0
2020-06-30,10.24,10.58,10.24,10.53,8.12547,1127300,0.13,0
2020-07-01,10.53,10.53,9.98,9.99,7.70878,1561400,0,0
2020-07-02,10.3,10.48,9.93,9.99,7.70878,1287700,0,0
2020-07-06,10.32,10.5,9.95,10.09,7.78594,962800,0,0
2020-07-07,9.93,9.99,9.67,9.73,7.50815,1163200,0,0
2020-07-08,9.68,9.93,9.56,9.71,7.49272,1292100,0,0
2020-07-09,9.58,9.68,9.04,9.1,7.02201,1660400,0,0
2020-07-10,9.12,9.81,9.11,9.75,7.52358,1798300,0,0
2020-07-13,9.9,10.11,9.6,9.89,7.63161,1638100,0,0
2020-07-14,9.84,9.99,9.58,9.71,7.49272,978700,0,0
2020-07-15,10.11,10.35,9.99,10.26,7.91713,1363900,0,0
2020-07-16,10.13,10.46,10.03,10.25,7.90941,752200,0,0
2020-07-17,10.19,10.3,9.96,10,7.7165,856500,0,0
2020-07-20,9.93,9.99,9.71,9.74,7.51587,782000,0,0
2020-07-21,9.88,10.28,9.87,10.22,7.88626,1651800,0,0
2020-07-22,10.29,10.44,9.66,10.1,7.79366,1777000,0,0
2020-07-23,9.96,10.32,9.96,10.28,7.93256,994900,0,0
2020-07-24,10.31,10.46,10.12,10.14,7.82453,925500,0,0
2020-07-27,10.01,10.08,9.57,9.65,7.44642,1425500,0,0
2020-07-28,9.61,9.92,9.61,9.75,7.52358,1610900,0,0
2020-07-29,9.73,9.96,9.57,9.96,7.68563,914800,0,0
2020-07-30,9.68,9.83,9.5,9.81,7.56988,797800,0,0
2020-07-31,9.75,9.77,9.5,9.7,7.485,872700,0,0
2020-08-03,9.78,9.78,9.55,9.66,7.45413,859800,0,0
2020-08-04,9.6,9.64,9.46,9.6,7.40784,867600,0,0
2020-08-05,9.68,9.91,9.62,9.87,7.61618,864400,0,0
2020-08-06,9.81,9.89,9.7,9.79,7.55445,658100,0,0
2020-08-07,9.74,10.25,9.57,10.25,7.90941,799100,0,0
2020-08-10,10.32,10.67,10.25,10.4,8.02515,918200,0,0
2020-08-11,10.64,10.88,10.5,10.56,8.14862,899600,0,0
2020-08-12,10.83,10.83,10.27,10.44,8.05602,667400,0,0
2020-08-13,10.32,10.43,10.09,10.23,7.89398,614300,0,0
2020-08-14,10.12,10.52,10.08,10.43,8.04831,605100,0,0
2020-08-17,10.34,10.39,10.15,10.2,7.87082,656400,0,0
2020-08-18,10.22,10.22,9.85,9.86,7.60846,743900,0,0
2020-08-19,9.93,10.12,9.84,10.01,7.72421,757700,0,0
2020-08-20,9.8,9.87,9.69,9.72,7.50043,699500,0,0
2020-08-21,9.71,9.79,9.55,9.63,7.43098,702000,0,0
2020-08-24,9.75,10.15,9.59,10.14,7.82453,846600,0,0
2020-08-25,10.25,10.4,10.05,10.15,7.83224,786800,0,0
2020-08-26,10.15,10.18,9.77,9.78,7.54673,746700,0,0
2020-08-27,9.77,10.11,9.77,10.01,7.72421,659900,0,0
2020-08-28,10.11,10.11,9.85,9.97,7.69334,543100,0,0
2020-08-31,9.9,10.12,9.77,9.78,7.54673,1056700,0,0
2020-09-01,9.69,10.01,9.62,9.84,7.59303,954400,0,0
2020-09-02,9.79,9.96,9.76,9.88,7.6239,647500,0,0
2020-09-03,9.96,10.35,9.96,10.11,7.80138,1303900,0,0
2020-09-04,10.34,10.52,10.18,10.34,7.97886,997100,0,0
2020-09-08,10.23,10.26,9.71,9.82,7.5776,1336400,0,0
2020-09-09,9.87,9.9,9.66,9.69,7.47728,983600,0,0
2020-09-10,9.78,9.8,9.49,9.52,7.34611,1336000,0,0
2020-09-11,9.54,9.64,9.36,9.47,7.30752,978100,0,0
2020-09-14,9.5,9.8,9.44,9.65,7.44642,886400,0,0
2020-09-15,9.74,9.76,9.5,9.56,7.37697,951200,0,0
2020-09-16,9.56,9.88,9.48,9.75,7.52358,1190600,0,0
2020-09-17,9.55,9.84,9.55,9.78,7.54673,899400,0,0
2020-09-18,9.87,9.88,9.65,9.76,7.5313,3122200,0,0
2020-09-21,9.55,9.68,9.14,9.21,7.10689,1729000,0,0
2020-09-22,9.25,9.47,9.09,9.14,7.05288,1075600,0,0
2020-09-23,9.21,9.39,9.01,9.01,6.95256,1420900,0,0
2020-09-24,9.06,9.3,8.89,9.05,6.98343,1029900,0,0
2020-09-25,9,9.19,8.94,9.15,7.0606,851100,0,0
2020-09-28,9.29,9.6,9.21,9.46,7.29981,1260600,0,0
2020-09-29,9.43,9.43,9.1,9.23,7.12233,1017800,0,0
2020-09-30,9.28,9.48,9.21,9.33,7.19949,1438500,0,0
2020-10-01,9.4,9.43,9.15,9.3,7.27775,994900,0.13,0
2020-10-02,9.16,9.72,9.16,9.69,7.58294,1194800,0,0
2020-10-05,9.74,10.07,9.74,10.03,7.84901,1348900,0,0
2020-10-06,10.16,10.45,9.99,10.03,7.84901,996900,0,0
2020-10-07,10.16,10.38,10.15,10.26,8.029,901200,0,0
2020-10-08,10.39,10.54,10.27,10.5,8.21681,762400,0,0
2020-10-09,10.53,10.55,10.28,10.37,8.11508,756800,0,0
2020-10-12,10.32,10.59,10.29,10.56,8.26376,610000,0,0
2020-10-13,10.55,10.61,10.13,10.19,7.97422,864100,0,0
2020-10-14,10.23,10.3,9.96,9.98,7.80988,665600,0,0
2020-10-15,10.03,10.29,9.91,10.27,8.03682,748800,0,0
2020-10-16,10.19,10.35,10.06,10.3,8.0603,690000,0,0
2020-10-19,10.33,10.41,10.14,10.14,7.93509,743100,0,0
2020-10-20,10.27,10.45,10.22,10.28,8.04465,1198900,0,0
2020-10-21,10.49,11.09,10.49,11,8.60809,1442100,0,0
2020-10-22,11.09,11.45,10.94,11.32,8.8585,1524800,0,0
2020-10-23,11.44,11.56,11.08,11.23,8.78807,1259000,0,0
2020-10-26,11.08,11.11,10.89,11.1,8.68634,1009000,0,0
2020-10-27,11.04,11.1,10.68,10.68,8.35767,936200,0,0
2020-10-28,10.47,10.78,10.27,10.49,8.20898,1250000,0,0
2020-10-29,10.46,10.87,10.3,10.81,8.4594,1298800,0,0
2020-10-30,10.77,11.06,10.73,10.99,8.60026,1101700,0,0
2020-11-02,11.17,11.24,10.9,11.19,8.75677,796000,0,0
2020-11-03,11.45,11.56,11.33,11.46,8.96806,900500,0,0
2020-11-04,11.15,11.16,10.38,10.41,8.14638,1128500,0,0
2020-11-05,10.41,10.97,10.41,10.92,8.54548,966300,0,0
2020-11-06,11,11.06,10.66,10.7,8.37332,709000,0,0
2020-11-09,11.65,12.97,11.5,12.71,9.94625,1726300,0,0
2020-11-10,12.87,13.03,12.57,12.87,10.0715,1162200,0,0
2020-11-11,12.91,12.91,12.32,12.51,9.78974,753600,0,0
2020-11-12,12.24,12.38,12.05,12.3,9.62541,675500,0,0
2020-11-13,12.45,12.71,12.33,12.59,9.85235,615000,0,0
2020-11-16,13.01,13.21,12.83,13.17,10.3062,934100,0,0
2020-11-17,12.85,13.14,12.73,13.12,10.2671,707600,0,0
2020-11-18,13.24,13.3,12.85,12.86,10.0636,746400,0,0
2020-11-19,12.79,12.84,12.55,12.74,9.96973,631900,0,0
2020-11-20,12.54,12.76,12.43,12.55,9.82104,889500,0,0
2020-11-23,12.76,12.87,12.66,12.74,9.96973,912500,0,0
2020-11-24,12.95,13.5,12.95,13.43,10.5097,1123500,0,0
2020-11-25,13.25,13.28,12.97,13.12,10.2671,729100,0,0
2020-11-27,13.08,13.11,12.71,12.98,10.1575,392400,0,0
2020-11-30,12.86,12.93,12.29,12.32,9.64105,1059200,0,0
2020-12-01,12.62,12.78,12.46,12.54,9.81322,912700,0,0
2020-12-02,12.54,12.84,12.46,12.78,10.001,758000,0,0
2020-12-03,12.78,12.87,12.6,12.71,9.94625,538600,0,0
2020-12-04,12.9,13.14,12.82,13.12,10.2995,735900,0.04,0
2020-12-07,12.95,13.2,12.83,13.1,10.2838,780600,0,0
2020-12-08,12.99,13.36,12.9,13.33,10.4644,883100,0,0
2020-12-09,13.52,13.67,13.39,13.45,10.5586,746600,0,0
2020-12-10,13.25,13.53,13.2,13.48,10.5821,509900,0,0
2020-12-11,13.2,13.41,13.18,13.2,10.3623,521200,0,0
2020-12-14,13.47,13.48,13.09,13.09,10.276,941600,0,0
2020-12-15,13.28,13.43,13.05,13.38,10.5036,1098100,0,0
2020-12-16,13.47,13.47,13.14,13.14,10.3152,965800,0,0
2020-12-17,13.14,13.16,12.78,12.97,10.1818,1114400,0,0
2020-12-18,13.02,13.11,12.74,12.8,10.0483,2428000,0,0
2020-12-21,12.8,12.88,12.5,12.75,10.0091,1312900,0,0
2020-12-22,12.75,12.81,12.38,12.38,9.7186,1048200,0,0
2020-12-23,12.54,12.91,12.4,12.89,10.119,862500,0,0
2020-12-24,12.88,12.91,12.61,12.79,10.0405,366200,0,0
2020-12-28,12.86,13.03,12.73,12.89,10.119,736300,0,0
2020-12-29,12.86,12.86,12.49,12.56,9.8599,815300,0,0
2020-12-30,12.48,12.7,12.48,12.56,9.96302,522600,0.13,0
2020-12-31,12.62,12.77,12.47,12.72,10.0899,994200,0,0
2021-01-04,12.72,12.88,12.41,12.69,10.0661,974400,0,0
2021-01-05,12.7,12.9,12.62,12.74,10.1058,1111100,0,0
2021-01-06,13.12,14.07,13.09,13.84,10.9784,1922800,0,0
2021-01-07,14.34,14.34,13.9,14.09,11.1767,1274300,0,0
2021-01-08,14.07,14.1,13.55,13.82,10.9625,1094600,0,0
2021-01-11,13.65,14.08,13.61,14.07,11.1608,684200,0,0
2021-01-12,14.25,14.46,14.07,14.33,11.367,1000400,0,0
2021-01-13,14.23,14.55,14.1,14.5,11.5019,1865000,0,0
2021-01-14,14.58,14.89,14.54,14.73,11.6843,1204700,0,0
2021-01-15,14.58,14.7,14.36,14.52,11.5178,1089700,0,0
2021-01-19,14.55,14.85,14.34,14.8,11.7399,1398100,0,0
2021-01-20,14.45,14.67,13.75,14.61,11.5892,1423100,0,0
2021-01-21,14.62,14.62,14.21,14.26,11.3115,1015400,0,0
2021-01-22,14.12,14.82,14.12,14.8,11.7399,1140600,0,0
2021-01-25,14.61,14.65,14.22,14.61,11.5892,808700,0,0
2021-01-26,14.75,14.75,14.2,14.23,11.2877,683300,0,0
2021-01-27,13.92,14.17,13.64,13.66,10.8356,1044900,0,0
2021-01-28,13.88,13.94,13.56,13.58,10.7721,1028200,0,0
2021-01-29,13.61,13.67,13.33,13.4,10.6293,1607400,0,0
2021-02-01,13.46,13.71,13.25,13.64,10.8197,780500,0,0
2021-02-02,13.84,13.93,13.56,13.84,10.9784,516700,0,0
2021-02-03,13.79,13.89,13.6,13.88,11.0101,524600,0,0
2021-02-04,13.9,14.34,13.89,14.34,11.375,742400,0,0
2021-02-05,14.46,14.46,14.16,14.27,11.3195,487000,0,0
2021-02-08,14.31,14.65,14.26,14.65,11.6209,538200,0,0
2021-02-09,14.67,15.04,14.54,15.04,11.9302,859300,0,0
2021-02-10,15.27,15.44,15.02,15.13,12.0016,1081700,0,0
2021-02-11,15.09,15.22,14.67,14.9,11.8192,756200,0,0
2021-02-12,14.86,14.96,14.64,14.79,11.7319,706900,0,0
2021-02-16,14.86,15.13,14.81,15.12,11.9937,831200,0,0
2021-02-17,15.08,15.27,14.97,15.11,11.9858,641200,0,0
2021-02-18,14.97,15.13,14.86,14.88,11.8033,660000,0,0
2021-02-19,14.95,15.19,14.92,15.19,12.0492,556200,0,0
2021-02-22,15.17,15.73,15.08,15.64,12.4062,700400,0,0
2021-02-23,15.73,16.03,15.65,15.98,12.6759,1091500,0,0
2021-02-24,16.12,16.38,16.04,16.28,12.9139,895600,0,0
2021-02-25,16.42,16.43,15.78,15.83,12.5569,838700,0,0
2021-02-26,15.71,15.85,15.34,15.45,12.2555,1025800,0,0
2021-03-01,15.87,16.1,15.65,16.01,12.6997,879300,0,0
2021-03-02,15.28,16.1,15.28,15.97,12.6679,698500,0,0
2021-03-03,16.13,16.85,16.05,16.37,12.9852,901000,0,0
2021-03-04,16.39,16.85,16.13,16.31,12.9376,1112400,0,0
2021-03-05,16.51,17.07,16.47,17,13.485,1399700,0,0
2021-03-08,17.17,17.48,16.99,17.35,13.7626,1224600,0,0
2021-03-09,17.14,17.19,16.56,16.91,13.4136,977500,0,0
2021-03-10,16.99,17.46,16.84,17.45,13.8419,1219500,0,0
2021-03-11,17.18,17.51,17.08,17.4,13.8023,892200,0,0
2021-03-12,17.62,17.95,17.49,17.93,14.2227,1175700,0,0
2021-03-15,18,18,17.37,17.54,13.9133,794200,0,0
2021-03-16,17.41,17.42,17.03,17.35,13.7626,655800,0,0
2021-03-17,17.62,17.73,17.43,17.57,13.9371,731000,0,0
2021-03-18,17.9,18.41,17.55,17.63,13.9847,1113200,0,0
2021-03-19,17.48,17.88,17.16,17.7,14.0402,3121700,0,0
2021-03-22,17.48,17.65,16.9,17.07,13.5405,703300,0,0
2021-03-23,16.85,16.98,16.38,16.47,13.0646,983000,0,0
2021-03-24,16.72,17.27,16.62,16.63,13.1915,847600,0,0
2021-03-25,16.62,17.26,16.41,17.16,13.6119,858100,0,0
2021-03-26,17.5,17.61,17.13,17.58,13.9451,702800,0,0
2021-03-29,17.36,17.49,16.94,17.09,13.5564,943100,0,0
2021-03-30,17.15,17.54,17.15,17.41,13.8102,1022500,0,0
2021-03-31,17.13,17.3,16.95,17.03,13.6183,1090600,0.14,0
2021-04-01,17,17.15,16.82,17.13,13.6983,721500,0,0
2021-04-05,17.28,17.45,16.98,17.13,13.6983,644700,0,0
2021-04-06,17.13,17.29,16.91,17.08,13.6583,709500,0,0
2021-04-07,16.87,17.12,16.75,17.03,13.6183,832700,0,0
2021-04-08,16.86,17.05,16.66,17.04,13.6263,719900,0,0
2021-04-09,17.15,17.3,17.05,17.24,13.7862,759000,0,0
2021-04-12,17.41,17.44,17.24,17.4,13.9142,747300,0,0
2021-04-13,17.33,17.34,16.83,16.87,13.4903,681700,0,0
2021-04-14,16.85,17.36,16.83,17.24,13.7862,584800,0,0
2021-04-15,17.33,17.33,16.81,17.09,13.6663,775800,0,0
2021-04-16,17.36,17.44,17.1,17.22,13.7702,749200,0,0
2021-04-19,17.39,17.39,16.99,17.14,13.7063,1162500,0,0
2021-04-20,16.99,17.07,16.51,16.52,13.2105,1382500,0,0
2021-04-21,16.75,17.04,16.52,16.97,13.5703,1058100,0,0
2021-04-22,16.9,17,16.7,16.73,13.3784,834200,0,0
2021-04-23,16.67,17.46,16.64,17.33,13.8582,1165100,0,0
2021-04-26,17.47,17.7,17.22,17.25,13.7942,677500,0,0
2021-04-27,17.25,17.5,17.17,17.36,13.8822,555600,0,0
2021-04-28,17.33,17.49,17.19,17.23,13.7782,894100,0,0
2021-04-29,17.4,17.63,17.29,17.34,13.8662,785700,0,0
2021-04-30,17.21,17.43,16.96,17.05,13.6343,1144100,0,0
2021-05-03,17.27,17.35,16.98,17.22,13.7702,1108600,0,0
2021-05-04,17.23,17.48,16.99,17.46,13.9621,823200,0,0
2021-05-05,17.46,17.46,17.12,17.28,13.8182,786000,0,0
2021-05-06,17.28,17.58,17.13,17.58,14.0581,644100,0,0
2021-05-07,17.32,17.61,17.16,17.58,14.0581,637900,0,0
2021-05-10,17.67,18.34,17.47,17.47,13.9701,953200,0,0
2021-05-11,17.31,17.67,17.25,17.35,13.8742,790200,0,0
2021-05-12,17.59,17.65,16.93,16.98,13.5783,748100,0,0
2021-05-13,16.97,17.68,16.88,17.6,14.0741,931900,0,0
2021-05-14,17.79,17.81,17.55,17.77,14.21,706700,0,0
2021-05-17,17.74,17.84,17.53,17.79,14.226,559300,0,0
2021-05-18,17.69,17.82,17.47,17.48,13.9781,685000,0,0
2021-05-19,17.4,17.4,16.98,17.35,13.8742,682000,0,0
2021-05-20,17.29,17.36,17.02,17.28,13.8182,508700,0,0
2021-05-21,17.42,17.58,17.32,17.5,13.9941,551900,0,0
2021-05-24,17.55,17.55,17.21,17.31,13.8422,572300,0,0
2021-05-25,17.3,17.5,16.74,16.78,13.4184,894200,0,0
2021-05-26,16.78,17.07,16.77,17.05,13.6343,570300,0,0
2021-05-27,17.24,17.37,17.07,17.23,13.7782,798500,0,0
2021-05-28,17.26,17.35,17,17.33,13.8582,630100,0,0
2021-06-01,17.39,17.52,17.29,17.39,13.9062,620000,0,0
2021-06-02,17.5,17.62,17.15,17.26,13.8022,777600,0,0
2021-06-03,17.25,17.49,17.22,17.4,13.9142,579500,0,0
2021-06-04,17.33,17.42,17.18,17.31,13.8422,396700,0,0
2021-06-07,17.39,17.46,17.21,17.34,13.8662,519200,0,0
2021-06-08,17.2,17.43,17.08,17.36,13.8822,787100,0,0
2021-06-09,17.24,17.27,17.12,17.13,13.6983,638800,0,0
2021-06-10,17.29,17.37,16.84,16.85,13.4743,641000,0,0
2021-06-11,16.96,17.09,16.84,16.91,13.5223,475600,0,0
2021-06-14,16.96,17.09,16.48,16.62,13.2904,662100,0,0
2021-06-15,16.73,17.09,16.63,16.96,13.5623,810300,0,0
2021-06-16,16.94,17.17,16.67,17.08,13.6583,968800,0,0
2021-06-17,17.14,17.14,16.14,16.19,12.9466,981900,0,0
2021-06-18,15.81,16.04,15.46,15.47,12.3708,2288300,0,0
2021-06-21,15.67,16.23,15.66,16.13,12.8986,1150000,0,0
2021-06-22,16.15,16.2,15.89,16.09,12.8666,920300,0,0
2021-06-23,16.2,16.37,16.14,16.22,12.9706,733300,0,0
2021-06-24,16.31,16.43,16.14,16.39,13.1065,936700,0,0
2021-06-25,16.47,16.7,16.34,16.4,13.1145,2983800,0,0
2021-06-28,16.28,16.41,15.99,16.02,12.8106,909600,0,0
2021-06-29,16.12,16.31,15.81,15.85,12.6747,840600,0,0
2021-06-30,15.63,15.84,15.63,15.78,12.7312,859700,0.14,0
2021-07-01,15.92,16.07,15.84,15.89,12.8199,877700,0,0
2021-07-02,15.86,15.9,15.64,15.68,12.6505,528500,0,0
2021-07-06,15.68,15.68,15.17,15.33,12.3681,825400,0,0
2021-07-07,15.24,15.56,15.2,15.37,12.4004,1247000,0,0
2021-07-08,15.05,15.26,14.86,15.09,12.1745,1105400,0,0
2021-07-09,15.39,15.79,15.36,15.76,12.715,1099800,0,0
2021-07-12,15.52,15.81,15.38,15.8,12.7473,956200,0,0
2021-07-13,15.72,15.75,15.44,15.49,12.4972,648000,0,0
2021-07-14,15.82,15.82,15.53,15.74,12.6989,1196300,0,0
2021-07-15,15.61,16.02,15.57,15.93,12.8522,1127200,0,0
2021-07-16,16.01,16.04,15.43,15.47,12.4811,989500,0,0
2021-07-19,15.08,15.23,14.75,14.87,11.997,1279600,0,0
2021-07-20,14.93,15.64,14.88,15.32,12.36,1724200,0,0
2021-07-21,15.49,15.76,15.4,15.42,12.4407,1049100,0,0
2021-07-22,15.42,15.43,14.97,15.02,12.118,824700,0,0
2021-07-23,15.67,15.67,14.99,15.17,12.239,705800,0,0
2021-07-26,15.18,15.47,15.18,15.38,12.4084,840300,0,0
2021-07-27,15.2,15.47,15.12,15.31,12.352,680800,0,0
2021-07-28,15.39,15.59,15.11,15.47,12.4811,728800,0,0
2021-07-29,15.61,15.65,15.41,15.53,12.5295,550800,0,0
2021-07-30,15.48,15.68,15.27,15.32,12.36,1200900,0,0
2021-08-02,15.44,15.75,15.25,15.26,12.3116,1018800,0,0
2021-08-03,15.39,15.5,15.12,15.44,12.4569,1275100,0,0
2021-08-04,15.23,15.43,15.12,15.24,12.2955,916000,0,0
2021-08-05,15.38,15.53,15.29,15.47,12.4811,578400,0,0
2021-08-06,15.64,16.1,15.64,15.99,12.9006,698100,0,0
2021-08-09,15.85,16.01,15.73,15.76,12.715,764200,0,0
2021-08-10,15.74,15.96,15.69,15.95,12.8683,567200,0,0
2021-08-11,15.94,16.18,15.74,16.17,13.0458,871200,0,0
2021-08-12,16.27,16.27,16.02,16.14,13.0216,722600,0,0
2021-08-13,16.18,16.18,15.93,15.97,12.8844,533300,0,0
2021-08-16,15.86,16.02,15.74,15.92,12.8441,520400,0,0
2021-08-17,15.79,15.94,15.59,15.77,12.7231,579600,0,0
2021-08-18,15.72,15.88,15.58,15.6,12.5859,791200,0,0
2021-08-19,15.44,15.6,15.31,15.47,12.4811,610700,0,0
2021-08-20,15.42,15.74,15.34,15.74,12.6989,618600,0,0
2021-08-23,15.83,15.87,15.73,15.78,12.7312,432000,0,0
2021-08-24,15.78,15.88,15.72,15.82,12.7634,498300,0,0
2021-08-25,15.9,16.18,15.82,15.97,12.8844,596800,0,0
2021-08-26,15.98,16.03,15.7,15.71,12.6747,552200,0,0
2021-08-27,15.79,16.17,15.75,16.17,13.0458,725800,0,0
2021-08-30,16.13,16.16,15.74,15.78,12.7312,603200,0,0
2021-08-31,15.81,15.95,15.71,15.85,12.7876,845800,0,0
2021-09-01,15.91,15.91,15.6,15.7,12.6666,605400,0,0
2021-09-02,15.69,15.82,15.63,15.73,12.6908,825600,0,0
2021-09-03,15.75,15.83,15.66,15.67,12.6424,760600,0,0
2021-09-07,15.72,15.88,15.52,15.55,12.5456,1115600,0,0
2021-09-08,15.47,15.6,15.38,15.43,12.4488,979800,0,0
2021-09-09,15.4,15.63,15.37,15.38,12.4084,1179100,0,0
2021-09-10,15.46,15.52,15.15,15.18,12.2471,931200,0,0
2021-09-13,15.27,15.43,15.2,15.38,12.4084,960100,0,0
2021-09-14,15.43,15.44,14.98,15.03,12.1261,938900,0,0
2021-09-15,15.01,15.23,14.98,15.16,12.2309,862300,0,0
2021-09-16,15.23,15.36,14.85,14.93,12.0454,1004600,0,0
2021-09-17,15.02,15.1,14.68,14.78,11.9244,3914900,0,0
2021-09-20,14.46,14.6,14.16,14.41,11.6259,2065300,0,0
2021-09-21,14.53,14.59,14.26,14.38,11.6017,1046700,0,0
2021-09-22,14.54,14.65,14.44,14.55,11.7388,1545000,0,0
2021-09-23,14.69,15.01,14.65,14.83,11.9647,1188000,0,0
2021-09-24,14.83,15.13,14.82,15.02,12.118,1056700,0,0
2021-09-27,15.17,15.79,15.17,15.62,12.6021,1068100,0,0
2021-09-28,15.69,15.83,15.51,15.56,12.5537,836400,0,0
2021-09-29,15.56,15.73,15.46,15.66,12.6343,701700,0,0
2021-09-30,15.59,15.61,15.28,15.28,12.439,988800,0.14,0
2021-10-01,15.33,15.76,15.28,15.55,12.6588,959200,0,0
2021-10-04,15.59,15.89,15.57,15.82,12.8786,1630400,0,0
2021-10-05,15.9,16.07,15.76,15.92,12.96,843500,0,0
2021-10-06,15.77,16.05,15.63,16.04,13.0577,1250500,0,0
2021-10-07,16.2,16.3,16.08,16.2,13.1879,905700,0,0
2021-10-08,16.17,16.38,16.08,16.32,13.2856,469700,0,0
2021-10-11,16.4,16.49,16.04,16.04,13.0577,497500,0,0
2021-10-12,15.98,16.23,15.85,16.18,13.1716,1122600,0,0
2021-10-13,16.13,16.19,15.82,16.07,13.0821,613100,0,0
2021-10-14,16.24,16.24,16.06,16.24,13.2205,619900,0,0
2021-10-15,16.45,16.47,16.05,16.07,13.0821,1018500,0,0
2021-10-18,16.01,16.22,16,16.04,13.0577,722300,0,0
2021-10-19,16.08,16.12,15.88,16,13.0251,1167900,0,0
2021-10-20,15.88,17.09,15.83,17.07,13.8962,1618400,0,0
2021-10-21,17.09,17.12,16.54,16.68,13.5787,1255400,0,0
2021-10-22,16.74,16.86,16.65,16.82,13.6926,744800,0,0
2021-10-25,16.89,16.95,16.76,16.81,13.6845,836400,0,0
2021-10-26,16.78,16.78,16.52,16.54,13.4647,655900,0,0
2021-10-27,16.41,16.5,15.96,15.97,13.0007,933200,0,0
2021-10-28,16.05,16.33,16.05,16.27,13.2449,719600,0,0
2021-10-29,16.24,16.32,16.01,16.1,13.1065,865100,0,0
2021-11-01,16.57,16.67,16.19,16.66,13.5624,648300,0,0
2021-11-02,16.62,16.65,16.42,16.45,13.3914,604100,0,0
2021-11-03,16.36,17,16.36,16.89,13.7496,662700,0,0
2021-11-04,16.87,16.92,16.35,16.51,13.4403,716900,0,0
2021-11-05,16.75,16.94,16.72,16.88,13.7415,712700,0,0
2021-11-08,16.9,17.04,16.83,16.94,13.7903,604400,0,0
2021-11-09,16.81,16.94,16.72,16.87,13.7333,459700,0,0
2021-11-10,16.91,17.04,16.87,16.94,13.7903,566700,0,0
2021-11-11,16.96,17.03,16.83,16.98,13.8229,475300,0,0
2021-11-12,16.98,17,16.77,16.84,13.7089,500200,0,0
2021-11-15,16.92,16.95,16.76,16.87,13.7333,625300,0,0
2021-11-16,16.86,16.89,16.7,16.8,13.6763,544700,0,0
2021-11-17,16.79,16.83,16.44,16.61,13.5217,545800,0,0
2021-11-18,16.58,16.76,16.56,16.73,13.6194,697300,0,0
2021-11-19,16.5,16.66,16.24,16.65,13.5542,886400,0,0
2021-11-22,16.84,17.39,16.82,17.03,13.8636,1207900,0,0
2021-11-23,17.21,17.31,17.1,17.23,14.0264,671900,0,0
2021-11-24,17.29,17.31,17.01,17.11,13.9287,756100,0,0
2021-11-26,16.53,16.69,16.02,16.2,13.1879,1068000,0,0
2021-11-29,16.44,16.48,16.13,16.21,13.1961,943500,0,0
2021-11-30,15.96,16,15.7,15.79,12.9179,1358400,0.08,0
2021-12-01,16.17,16.34,15.65,15.66,12.8115,1010200,0,0
2021-12-02,15.82,16.35,15.76,16.28,13.3188,1068100,0,0
2021-12-03,16.26,16.37,15.96,16.06,13.1388,859200,0,0
2021-12-06,16.36,16.67,16.34,16.49,13.4906,1080900,0,0
2021-12-07,16.59,16.65,16.2,16.33,13.3597,927500,0,0
2021-12-08,16.35,16.43,16.15,16.23,13.2779,646800,0,0
2021-12-09,16.12,16.24,16.01,16.1,13.1715,480100,0,0
2021-12-10,16.2,16.35,16.05,16.35,13.376,933900,0,0
2021-12-13,16.26,16.31,16.01,16.07,13.147,1293100,0,0
2021-12-14,16.13,16.64,16.13,16.32,13.3515,1128500,0,0
2021-12-15,16.4,16.54,16.25,16.35,13.376,1185500,0,0
2021-12-16,16.52,16.75,16.36,16.4,13.4169,920800,0,0
2021-12-17,16.4,16.43,15.99,16.06,13.1388,4112500,0,0
2021-12-20,15.84,16.15,15.65,16.12,13.1879,1661200,0,0
2021-12-21,16.22,16.51,16.22,16.48,13.4824,891600,0,0
2021-12-22,16.39,16.73,16.37,16.71,13.6706,954300,0,0
2021-12-23,16.83,17.06,16.77,16.94,13.8587,670200,0,0
2021-12-27,16.93,17.14,16.79,17.13,14.0142,551100,0,0
2021-12-28,17.07,17.36,16.99,17.23,14.096,712600,0,0
2021-12-29,17.18,17.36,17.05,17.3,14.1532,649900,0,0
2021-12-30,17.15,17.33,16.97,16.98,14.0048,610000,0.14,0
2021-12-31,16.97,17.09,16.92,17,14.0213,491900,0,0
2022-01-03,17.18,17.48,17.06,17.23,14.211,859500,0,0
2022-01-04,17.42,17.74,17.26,17.53,14.4584,957300,0,0
2022-01-05,17.64,17.79,17.56,17.61,14.5244,886500,0,0
2022-01-06,17.84,18.29,17.74,18.24,15.044,1213600,0,0
2022-01-07,18.24,18.35,18.06,18.28,15.077,792400,0,0
2022-01-10,18.38,18.49,18.19,18.36,15.143,962500,0,0
2022-01-11,18.45,18.45,18.06,18.29,15.0852,702100,0,0
2022-01-12,18.27,18.4,18.08,18.27,15.0687,789200,0,0
2022-01-13,18.34,18.72,18.17,18.52,15.2749,1258400,0,0
2022-01-14,18.35,18.92,18.16,18.88,15.5719,1226600,0,0
2022-01-18,18.94,19.17,18.8,18.8,15.5059,1761800,0,0
2022-01-19,18.64,18.75,17.96,18.48,15.2419,1296700,0,0
2022-01-20,18.59,18.8,18,18.02,14.8625,1402200,0,0
2022-01-21,17.93,18.2,17.8,17.82,14.6976,1432500,0,0
2022-01-24,17.59,18.19,17.59,18.15,14.9698,1258800,0,0
2022-01-25,18,18.39,17.66,18.21,15.0193,1078300,0,0
2022-01-26,18.29,18.52,17.88,18.17,14.9863,1150400,0,0
2022-01-27,18.3,18.5,17.75,17.84,14.7141,872300,0,0
2022-01-28,17.84,18.27,17.55,18,14.8461,1189900,0,0
2022-01-31,17.82,18.01,17.54,17.95,14.8048,1521800,0,0
2022-02-01,17.89,18.24,17.79,18.19,15.0028,922000,0,0
2022-02-02,18.11,18.25,17.98,18.14,14.9615,808000,0,0
2022-02-03,18.19,18.38,17.94,18.06,14.8955,869000,0,0
2022-02-04,18.14,18.33,17.95,18.23,15.0357,815000,0,0
2022-02-07,18.23,18.41,18.09,18.31,15.1017,716600,0,0
2022-02-08,18.5,18.79,18.47,18.75,15.4646,905200,0,0
2022-02-09,18.77,18.87,18.35,18.4,15.176,820300,0,0
2022-02-10,18.46,18.65,18.22,18.36,15.143,1012400,0,0
2022-02-11,18.24,18.64,18.18,18.35,15.1347,1002400,0,0
2022-02-14,18.47,18.58,18.1,18.27,15.0687,1095100,0,0
2022-02-15,18.43,18.63,18.31,18.57,15.3162,847000,0,0
2022-02-16,18.44,18.68,18.3,18.57,15.3162,886300,0,0
2022-02-17,18.43,18.57,18.11,18.12,14.945,739700,0,0
2022-02-18,18.07,18.41,18,18.33,15.1182,723800,0,0
2022-02-22,18.31,18.43,18.15,18.27,15.0687,984000,0,0
2022-02-23,18.41,18.47,17.81,17.9,14.7636,970600,0,0
2022-02-24,17.36,17.53,16.95,17.46,14.4007,1359900,0,0
2022-02-25,17.62,18.23,17.62,18.19,15.0028,1097300,0,0
2022-02-28,17.83,18.05,17.76,18.02,14.8625,1168200,0,0
2022-03-01,17.85,17.9,17.14,17.39,14.3429,1487100,0,0
2022-03-02,17.4,17.93,17.31,17.82,14.6976,2975300,0,0
2022-03-03,17.92,17.95,17.58,17.74,14.6316,1578200,0,0
2022-03-04,17.5,17.58,17.08,17.44,14.3842,1412800,0,0
2022-03-07,17.28,17.48,16.72,16.76,13.8233,1413400,0,0
2022-03-08,16.95,17.12,16.61,16.73,13.7986,1975500,0,0
2022-03-09,17.17,17.32,17.02,17.19,14.178,1327600,0,0
2022-03-10,16.99,17.33,16.97,17.28,14.2522,1063400,0,0
2022-03-11,17.35,17.73,17.31,17.55,14.4749,1427200,0,0
2022-03-14,17.9,17.96,17.55,17.65,14.5574,1132000,0,0
2022-03-15,17.81,17.89,17.35,17.56,14.4831,1089000,0,0
2022-03-16,17.7,17.86,17.45,17.8,14.6811,1531700,0,0
2022-03-17,17.58,17.7,17.35,17.56,14.4831,894400,0,0
2022-03-18,17.51,17.57,17.01,17.3,14.2687,2208000,0,0
2022-03-21,17.63,17.73,17.36,17.57,14.4914,1334300,0,0
2022-03-22,17.73,17.86,17.55,17.58,14.4996,1500700,0,0
2022-03-23,17.46,17.48,16.95,16.96,13.9883,1021900,0,0
2022-03-24,17.02,17.16,16.9,17.13,14.1285,832200,0,0
2022-03-25,17.15,17.57,17.15,17.55,14.4749,1200100,0,0
2022-03-28,17.56,17.56,17.2,17.35,14.3099,1003800,0,0
2022-03-29,17.51,17.69,17.37,17.59,14.5079,964200,0,0
2022-03-30,17.6,17.63,16.92,17.03,14.046,1274800,0,0
2022-03-31,16.84,17.09,16.61,16.62,13.8297,1146000,0.15,0
2022-04-01,16.84,16.88,16.51,16.66,13.8629,1352900,0,0
2022-04-04,16.62,16.73,16.25,16.45,13.6882,1346800,0,0
2022-04-05,16.38,16.58,16.26,16.3,13.5634,1134400,0,0
2022-04-06,16.3,16.49,16.2,16.22,13.4968,987600,0,0
2022-04-07,16.23,16.38,15.89,16.02,13.3304,1254200,0,0
2022-04-08,16.06,16.22,15.95,16.01,13.3221,828300,0,0
2022-04-11,16.02,16.36,16.02,16.05,13.3554,1134000,0,0
2022-04-12,16.04,16.18,15.7,15.82,13.164,992100,0,0
2022-04-13,15.74,16.04,15.59,16.02,13.3304,805900,0,0
2022-04-14,16.05,16.11,15.79,15.85,13.1889,883100,0,0
2022-04-18,15.91,16.05,15.8,15.99,13.3054,804500,0,0
2022-04-19,16.07,16.62,16.07,16.52,13.7465,2144300,0,0
2022-04-20,16.7,16.9,16.37,16.4,13.6466,1412500,0,0
2022-04-21,16.75,17.1,16.65,16.76,13.9462,2005300,0,0
2022-04-22,16.68,16.73,16.24,16.27,13.5384,1219800,0,0
2022-04-25,16.18,16.23,15.73,16.11,13.4053,1451300,0,0
2022-04-26,15.9,16.01,15.56,15.64,13.0142,1318600,0,0
2022-04-27,15.63,15.8,15.44,15.65,13.0225,1165000,0,0
2022-04-28,15.71,15.84,15.49,15.74,13.0974,918000,0,0
2022-04-29,15.69,15.73,15.12,15.17,12.6231,999900,0,0
2022-05-02,15.26,15.44,15.02,15.34,12.7646,1341300,0,0
2022-05-03,15.38,15.58,15.28,15.48,12.8811,869900,0,0
2022-05-04,15.49,15.96,15.43,15.9,13.2305,945600,0,0
2022-05-05,15.73,15.73,15.38,15.6,12.9809,905000,0,0
2022-05-06,15.53,15.58,15.21,15.4,12.8145,1226200,0,0
2022-05-09,15.26,15.62,15.21,15.51,12.906,1186700,0,0
2022-05-10,15.51,15.68,15.08,15.35,12.7729,1163200,0,0
2022-05-11,15.36,15.53,15.09,15.11,12.5732,1152700,0,0
2022-05-12,15.09,15.18,14.82,15.18,12.6314,1173000,0,0
2022-05-13,15.24,15.31,14.97,15.09,12.5565,1073200,0,0
2022-05-16,15.07,15.19,14.85,14.96,12.4484,1044900,0,0
2022-05-17,15.2,15.48,15.14,15.46,12.8644,1122400,0,0
2022-05-18,15.29,15.41,15.08,15.21,12.6564,1156000,0,0
2022-05-19,15.03,15.2,14.97,15,12.4816,1086000,0,0
2022-05-20,15.09,15.26,14.88,15.13,12.5898,1169000,0,0
2022-05-23,15.43,15.62,15.31,15.41,12.8228,1065600,0,0
2022-05-24,15.42,15.5,15.14,15.45,12.8561,1297300,0,0
2022-05-25,15.48,15.73,15.36,15.56,12.9476,1027000,0,0
2022-05-26,15.61,15.81,15.61,15.71,13.0724,847600,0,0
2022-05-27,15.71,15.85,15.69,15.83,13.1723,630300,0,0
2022-05-31,15.73,15.95,15.58,15.85,13.1889,1148900,0,0
2022-06-01,15.87,15.87,15.47,15.68,13.0475,763800,0,0
2022-06-02,15.67,15.91,15.55,15.91,13.2389,836400,0,0
2022-06-03,15.89,15.91,15.63,15.67,13.0392,953800,0,0
2022-06-06,15.8,15.9,15.74,15.83,13.1723,1317400,0,0
2022-06-07,15.71,16.07,15.66,16.04,13.347,2063500,0,0
2022-06-08,15.93,15.93,15.38,15.46,12.8644,1308900,0,0
2022-06-09,15.43,15.49,15.06,15.07,12.5399,1394400,0,0
2022-06-10,14.8,14.95,14.58,14.67,12.2071,1412000,0,0
2022-06-13,14.44,14.69,14.36,14.43,12.0073,1597100,0,0
2022-06-14,14.51,14.7,14.31,14.45,12.024,1152600,0,0
2022-06-15,14.61,14.83,14.37,14.56,12.1155,1820700,0,0
2022-06-16,14.41,14.48,14.12,14.21,11.8243,1738900,0,0
2022-06-17,14.43,14.57,14.27,14.37,11.9574,2246600,0,0
2022-06-21,14.6,14.67,14.41,14.55,12.1072,1068700,0,0
2022-06-22,14.4,14.68,14.37,14.61,12.1571,908400,0,0
2022-06-23,14.54,14.57,14.17,14.36,11.9491,1162600,0,0
2022-06-24,14.43,14.84,14.42,14.8,12.3152,1727700,0,0
2022-06-27,14.94,14.94,14.75,14.84,12.3485,688000,0,0
2022-06-28,14.93,15.04,14.66,14.67,12.2071,749400,0,0
2022-06-29,14.73,14.9,14.6,14.74,12.2653,1217100,0,0
2022-06-30,14.31,14.66,14.3,14.45,12.1476,2616400,0.15,0
2022-07-01,14.42,14.7,14.22,14.59,12.2653,2001200,0,0
2022-07-05,14.29,14.54,14.09,14.47,12.1644,1224600,0,0
2022-07-06,14.36,14.62,14.34,14.52,12.2065,1180400,0,0
2022-07-07,14.67,14.79,14.61,14.64,12.3073,1053000,0,0
2022-07-08,14.7,14.73,14.49,14.6,12.2737,634900,0,0
2022-07-11,14.44,14.55,14.34,14.39,12.0972,1107600,0,0
2022-07-12,14.34,14.67,14.28,14.49,12.1812,1393100,0,0
2022-07-13,14.39,14.43,14.04,14.12,11.8702,1005600,0,0
2022-07-14,13.87,13.93,13.72,13.89,11.6768,909700,0,0
2022-07-15,14.2,14.5,14.01,14.41,12.114,1399500,0,0
2022-07-18,14.52,14.71,14.4,14.48,12.1728,1011100,0,0
2022-07-19,14.71,15.01,14.45,14.91,12.5343,962000,0,0
2022-07-20,15.11,15.94,14.94,15.88,13.3498,2212900,0,0
2022-07-21,15.73,16,15.63,15.95,13.4086,1658300,0,0
2022-07-22,15.89,16.02,15.69,15.86,13.3329,1014200,0,0
2022-07-25,15.99,16.23,15.89,16.21,13.6272,1417200,0,0
2022-07-26,16.05,16.36,16,16.26,13.6692,1130600,0,0
2022-07-27,16.24,16.51,16.18,16.4,13.7869,1128600,0,0
2022-07-28,16.34,16.48,16.21,16.47,13.8457,1164700,0,0
2022-07-29,16.44,16.71,16.36,16.69,14.0307,1148900,0,0
2022-08-01,16.58,16.8,16.52,16.67,14.0139,861300,0,0
2022-08-02,16.62,16.62,16.21,16.25,13.6608,1012300,0,0
2022-08-03,16.3,16.47,16.16,16.41,13.7953,719300,0,0
2022-08-04,16.34,16.49,16.16,16.35,13.7449,1168700,0,0
2022-08-05,16.35,16.67,16.31,16.55,13.913,927200,0,0
2022-08-08,16.63,16.7,16.5,16.54,13.9046,764800,0,0
2022-08-09,16.58,16.66,16.45,16.62,13.9718,787800,0,0
2022-08-10,16.8,16.99,16.75,16.94,14.2409,847200,0,0
2022-08-11,17,17.09,16.93,17.04,14.3249,818900,0,0
2022-08-12,17.05,17.28,17,17.27,14.5183,940400,0,0
2022-08-15,17.15,17.42,17.09,17.42,14.6444,849300,0,0
2022-08-16,17.36,17.66,17.36,17.61,14.8041,923800,0,0
2022-08-17,17.47,17.6,17.39,17.56,14.7621,727400,0,0
2022-08-18,17.58,17.67,17.5,17.66,14.8461,650500,0,0
2022-08-19,17.53,17.56,17.28,17.39,14.6192,1820900,0,0
2022-08-22,17.17,17.19,16.9,17.06,14.3417,791500,0,0
2022-08-23,17.07,17.13,16.86,16.88,14.1904,599000,0,0
2022-08-24,16.81,16.85,16.68,16.75,14.0811,509900,0,0
2022-08-25,16.76,17.01,16.75,16.97,14.2661,716000,0,0
2022-08-26,16.55,17.16,16.55,16.63,13.9803,578600,0,0
2022-08-29,16.57,16.58,16.39,16.48,13.8542,565700,0,0
2022-08-30,16.5,16.54,16.27,16.4,13.7869,713800,0,0
2022-08-31,16.44,16.44,16.22,16.23,13.644,756800,0,0
2022-09-01,16.19,16.26,16.08,16.22,13.6356,668000,0,0
2022-09-02,16.38,16.48,16.01,16.11,13.5431,700700,0,0
2022-09-06,16.17,16.22,15.7,15.82,13.2993,687800,0,0
2022-09-07,15.76,16.08,15.74,16.06,13.5011,586700,0,0
2022-09-08,15.92,16.26,15.86,16.24,13.6524,597700,0,0
2022-09-09,16.33,16.48,16.31,16.38,13.7701,559600,0,0
2022-09-12,16.36,16.59,16.35,16.51,13.8794,833500,0,0
2022-09-13,16.25,16.33,15.91,15.97,13.4254,904400,0,0
2022-09-14,15.99,16.1,15.83,16.03,13.4759,851900,0,0
2022-09-15,16,16.51,15.98,16.33,13.7281,1115700,0,0
2022-09-16,16.29,16.43,16.04,16.4,13.7869,2891800,0,0
2022-09-19,16.21,16.83,16.21,16.74,14.0727,921800,0,0
2022-09-20,16.64,16.86,16.59,16.78,14.1064,900200,0,0
2022-09-21,16.82,17,16.57,16.59,13.9466,914000,0,0
2022-09-22,16.63,16.66,16.3,16.37,13.7617,747700,0,0
2022-09-23,16.21,16.23,15.95,16.18,13.602,826000,0,0
2022-09-26,16.05,16.29,16.05,16.12,13.5515,1092600,0,0
2022-09-27,16.16,16.3,15.8,15.96,13.417,948700,0,0
2022-09-28,15.96,16.32,15.86,16.18,13.602,870200,0,0
2022-09-29,15.99,16.04,15.76,15.86,13.3329,953900,0,0
2022-09-30,15.84,16.1,15.76,15.8,13.4093,1043400,0.15,0
2022-10-03,15.96,16.3,15.78,16.24,13.7828,1271800,0,0
2022-10-04,16.37,16.76,16.37,16.71,14.1816,1165700,0,0
2022-10-05,16.54,16.63,16.38,16.6,14.0883,888900,0,0
2022-10-06,16.5,16.64,16.45,16.61,14.0968,699700,0,0
2022-10-07,16.6,16.66,16.25,16.32,13.8506,877600,0,0
2022-10-10,16.41,16.62,16.35,16.44,13.9525,723400,0,0
2022-10-11,16.36,16.59,16.27,16.43,13.944,904200,0,0
2022-10-12,16.42,16.76,16.23,16.59,14.0798,963800,0,0
2022-10-13,16.48,17.46,16.34,17.45,14.8097,1640300,0,0
2022-10-14,17.45,17.61,17.2,17.21,14.606,1408500,0,0
2022-10-17,17.56,17.73,17.32,17.55,14.8945,1283900,0,0
2022-10-18,17.65,17.85,17.51,17.63,14.9624,1328400,0,0
2022-10-19,16.61,17.72,16.59,17.35,14.7248,1786600,0,0
2022-10-20,17.49,17.49,16.53,16.68,14.1562,1135100,0,0
2022-10-21,16.77,17.29,16.67,17.24,14.6314,1217400,0,0
2022-10-24,17.3,17.6,17.27,17.48,14.8351,993100,0,0
2022-10-25,17.4,17.8,17.31,17.7,15.0218,811000,0,0
2022-10-26,17.83,18,17.68,17.73,15.0473,1101000,0,0
2022-10-27,17.88,18.08,17.77,17.83,15.1322,793500,0,0
2022-10-28,17.98,18.2,17.82,18.18,15.4292,752600,0,0
2022-10-31,18.1,18.27,18.06,18.23,15.4716,1175900,0,0
2022-11-01,18.26,18.41,18.18,18.25,15.4886,833700,0,0
2022-11-02,18.14,18.46,17.87,17.88,15.1746,1098300,0,0
2022-11-03,17.8,17.93,17.52,17.88,15.1746,595600,0,0
2022-11-04,18.05,18.34,17.96,18.34,15.565,832500,0,0
2022-11-07,18.35,18.47,18.17,18.35,15.5735,618900,0,0
2022-11-08,18.48,18.55,18.2,18.31,15.5395,583400,0,0
2022-11-09,18.24,18.36,18.14,18.19,15.4377,554100,0,0
2022-11-10,18.48,18.89,18.39,18.79,15.9469,1294000,0,0
2022-11-11,18.85,18.91,18.54,18.59,15.7772,837100,0,0
2022-11-14,18.52,18.72,18.43,18.46,15.6668,644100,0,0
2022-11-15,18.62,18.78,18.39,18.54,15.7347,1047000,0,0
2022-11-16,18.48,18.57,18.15,18.17,15.4207,745600,0,0
2022-11-17,18.04,18.08,17.82,17.96,15.2425,872700,0,0
2022-11-18,18.25,18.25,17.99,18.14,15.3953,924700,0,0
2022-11-21,18.16,18.33,18.1,18.28,15.5141,711600,0,0
2022-11-22,18.4,18.58,18.31,18.56,15.7517,699800,0,0
2022-11-23,18.56,18.59,18.43,18.45,15.6584,474500,0,0
2022-11-25,18.53,18.75,18.47,18.73,15.896,383100,0,0
2022-11-28,18.62,18.67,18.24,18.33,15.5565,703100,0,0
2022-11-29,18.34,18.54,18.28,18.45,15.6584,789600,0,0
2022-11-30,18.34,18.6,18.02,18.59,15.8286,1107700,0.06,0
2022-12-01,18.72,18.78,18.45,18.52,15.769,639000,0,0
2022-12-02,18.38,18.61,18.35,18.6,15.8372,571000,0,0
2022-12-05,18.48,18.48,17.36,17.45,14.858,1094600,0,0
2022-12-06,17.45,17.56,17.14,17.33,14.7558,889300,0,0
2022-12-07,17.3,17.52,17.14,17.34,14.7643,616100,0,0
2022-12-08,17.4,17.45,17.23,17.35,14.7728,685400,0,0
2022-12-09,17.27,17.38,17.18,17.2,14.6451,699900,0,0
2022-12-12,17.24,17.26,17.04,17.21,14.6536,950200,0,0
2022-12-13,17.68,17.68,16.75,16.87,14.3641,1462200,0,0
2022-12-14,16.87,16.9,16.47,16.51,14.0576,923400,0,0
2022-12-15,16.46,16.46,16.17,16.22,13.8107,1050600,0,0
2022-12-16,16.05,16.28,15.93,16.25,13.8362,3799300,0,0
2022-12-19,16.28,16.47,16.16,16.32,13.8958,742600,0,0
2022-12-20,16.41,16.58,16.32,16.46,14.015,845100,0,0
2022-12-21,17.03,17.31,16.93,17.21,14.6536,1534400,0,0
2022-12-22,17.18,17.18,16.78,17.07,14.5344,814900,0,0
2022-12-23,17.09,17.16,16.95,17.07,14.5344,490600,0,0
2022-12-27,17.16,17.17,17.03,17.08,14.5429,503900,0,0
2022-12-28,17.14,17.14,16.81,16.81,14.313,565500,0,0
2022-12-29,16.84,17.1,16.76,17.07,14.5344,741500,0,0
2022-12-30,16.83,16.91,16.76,16.83,14.4571,615400,0.15,0
2023-01-03,16.87,17.04,16.7,16.86,14.4829,710400,0,0
2023-01-04,17,17.06,16.59,16.66,14.3111,880200,0,0
2023-01-05,16.54,16.7,16.41,16.64,14.2939,716000,0,0
2023-01-06,16.77,17.14,16.75,17.11,14.6976,540400,0,0
2023-01-09,17.13,17.22,16.73,16.79,14.4228,563800,0,0
2023-01-10,16.83,16.91,16.65,16.86,14.4829,670400,0,0
2023-01-11,16.86,16.92,16.75,16.76,14.397,907400,0,0
2023-01-12,16.81,17.04,16.78,16.85,14.4743,881700,0,0
2023-01-13,16.76,16.87,16.44,16.84,14.4657,974300,0,0
2023-01-17,16.74,16.82,16.48,16.6,14.2595,1060400,0,0
2023-01-18,16.12,16.17,15.03,15.24,13.0913,2996700,0,0
2023-01-19,15.18,15.83,15.1,15.43,13.2545,2617400,0,0
2023-01-20,15.66,15.71,15.44,15.64,13.4349,1141400,0,0
2023-01-23,15.64,16.06,15.63,15.96,13.7098,1454100,0,0
2023-01-24,15.9,16.09,15.85,16.05,13.7871,1323300,0,0
2023-01-25,16.01,16.1,15.85,16.08,13.8129,1406800,0,0
2023-01-26,16.2,16.28,16.04,16.17,13.8902,761900,0,0
2023-01-27,16.17,16.34,16.12,16.18,13.8988,628300,0,0
2023-01-30,16.16,16.31,16.08,16.13,13.8558,655300,0,0
2023-01-31,16.2,16.73,16.19,16.73,14.3712,1230800,0,0
2023-02-01,16.56,17.08,16.53,16.91,14.5258,1233400,0,0
2023-02-02,16.91,17.26,16.84,17.25,14.8179,1064800,0,0
2023-02-03,17.17,17.39,17.07,17.28,14.8437,917900,0,0
2023-02-06,17.27,17.36,17.16,17.26,14.8265,564500,0,0
2023-02-07,17.16,17.39,17.07,17.29,14.8523,844600,0,0
2023-02-08,17.21,17.31,17.06,17.25,14.8179,645800,0,0
2023-02-09,17.33,17.4,17,17.03,14.6289,521200,0,0
2023-02-10,17.12,17.33,17.09,17.31,14.8694,627300,0,0
2023-02-13,17.24,17.44,17.21,17.42,14.9639,479500,0,0
2023-02-14,17.44,17.5,17.21,17.32,14.878,568000,0,0
2023-02-15,17.15,17.5,17.14,17.47,15.0069,486500,0,0
2023-02-16,17.42,17.42,17.2,17.2,14.775,768900,0,0
2023-02-17,17.31,17.43,17.24,17.37,14.921,770100,0,0
2023-02-21,17.28,17.36,17.15,17.22,14.7921,1032700,0,0
2023-02-22,17.17,17.33,17.12,17.16,14.7406,1012400,0,0
2023-02-23,17.17,17.32,17.07,17.17,14.7492,879200,0,0
2023-02-24,17.05,17.24,16.98,17.23,14.8007,925000,0,0
2023-02-27,17.33,17.44,17.21,17.3,14.8609,664000,0,0
2023-02-28,17.3,17.4,17.2,17.2,14.775,714900,0,0
2023-03-01,17.15,17.35,17.07,17.31,14.8694,824500,0,0
2023-03-02,17.2,17.2,16.78,16.95,14.5602,709000,0,0
2023-03-03,17.01,17.1,16.82,17.07,14.6633,555600,0,0
2023-03-06,17.04,17.16,16.91,16.98,14.586,838900,0,0
2023-03-07,16.9,16.9,16.31,16.35,14.0448,1091600,0,0
2023-03-08,16.39,16.51,16.28,16.35,14.0448,1024200,0,0
2023-03-09,16.2,16.2,15.53,15.54,13.349,1171400,0,0
2023-03-10,15.13,15.84,14.91,15.44,13.2631,2300000,0,0
2023-03-13,14.43,15.67,13.95,14.93,12.825,3236200,0,0
2023-03-14,15.98,16.2,14.87,15.06,12.9367,2052500,0,0
2023-03-15,14.37,15.05,14.32,14.84,12.7477,1934500,0,0
2023-03-16,14.59,15.68,14.44,15.33,13.1686,1639000,0,0
2023-03-17,14.84,15.08,14.25,14.4,12.3697,3272500,0,0
2023-03-20,15.24,15.24,14.44,14.5,12.4556,1967900,0,0
2023-03-21,15.11,15.21,14.97,15.1,12.971,1189800,0,0
2023-03-22,15.1,15.11,14.29,14.31,12.2924,1473000,0,0
2023-03-23,14.44,14.62,13.59,13.7,11.7684,2182600,0,0
2023-03-24,13.5,14.18,13.4,14.17,12.1722,2617500,0,0
2023-03-27,14.59,14.63,13.98,14.05,12.0691,1556800,0,0
2023-03-28,13.96,14.13,13.76,13.89,11.9316,1118500,0,0
2023-03-29,14.12,14.15,13.76,13.97,12.0004,1401500,0,0
2023-03-30,14.14,14.14,13.77,13.84,11.8887,1048000,0,0
2023-03-31,13.8,13.88,13.68,13.82,12.0016,1137800,0.15,0
2023-04-03,13.89,13.95,13.59,13.67,11.8713,675400,0,0
2023-04-04,13.75,13.76,13.24,13.37,11.6108,1097600,0,0
2023-04-05,13.17,13.47,13.16,13.43,11.6629,1017000,0,0
2023-04-06,13.4,13.56,13.38,13.49,11.715,691300,0,0
2023-04-10,13.4,13.72,13.36,13.56,11.7758,1028400,0,0
2023-04-11,13.57,13.63,13.48,13.52,11.741,699400,0,0
2023-04-12,13.61,13.74,13.31,13.41,11.6455,892700,0,0
2023-04-13,13.41,13.61,13.27,13.56,11.7758,1021800,0,0
2023-04-14,13.84,13.95,13.12,13.23,11.4892,1326800,0,0
2023-04-17,13.18,13.45,13.09,13.42,11.6542,1568400,0,0
2023-04-18,13.49,13.49,13.02,13.11,11.385,1607100,0,0
2023-04-19,12.65,12.97,12.29,12.76,11.081,2824100,0,0
2023-04-20,12.6,12.7,12.43,12.61,10.9508,2226200,0,0
2023-04-21,12.57,12.67,12.29,12.49,10.8466,1757700,0,0
2023-04-24,12.47,12.67,12.23,12.29,10.6729,1310600,0,0
2023-04-25,12.11,12.17,11.75,11.78,10.23,1550500,0,0
2023-04-26,11.78,11.96,11.71,11.87,10.3082,1180400,0,0
2023-04-27,11.92,11.98,11.78,11.9,10.3342,1122300,0,0
2023-04-28,11.86,12.1,11.85,11.93,10.3603,1165700,0,0
2023-05-01,11.93,12.01,11.75,11.79,10.2387,942300,0,0
2023-05-02,11.76,11.89,11.02,11.07,9.61342,1636900,0,0
2023-05-03,11.1,11.38,10.76,10.88,9.44842,1849900,0,0
2023-05-04,10.55,10.65,10.01,10.16,8.82315,3074600,0,0
2023-05-05,10.55,10.69,10.28,10.47,9.09237,1966600,0,0
2023-05-08,10.66,10.8,10.2,10.22,8.87526,1113500,0,0
2023-05-09,10.16,10.21,9.91,10.04,8.71895,999500,0,0
2023-05-10,10.22,10.24,9.78,9.88,8.58,1206100,0,0
2023-05-11,9.74,9.81,9.64,9.65,8.38026,1146100,0,0
2023-05-12,9.74,9.91,9.69,9.89,8.58868,1456000,0,0
2023-05-15,10,10.8,9.94,10.78,9.36158,2127200,0,0
2023-05-16,10.99,10.99,10.63,10.65,9.24868,1516300,0,0
2023-05-17,10.87,11.55,10.87,11.5,9.98684,1703500,0,0
2023-05-18,11.48,11.54,11.33,11.49,9.97815,1213000,0,0
2023-05-19,11.64,11.65,11.1,11.21,9.735,1443900,0,0
2023-05-22,11.27,11.46,11.07,11.38,9.88263,988500,0,0
2023-05-23,11.38,11.82,11.34,11.55,10.0303,1630500,0,0
2023-05-24,11.45,11.58,11.32,11.46,9.9521,1353400,0,0
2023-05-25,11.33,11.4,11.12,11.35,9.85658,1087800,0,0
2023-05-26,11.36,11.47,11.16,11.45,9.94342,835000,0,0
2023-05-30,11.45,11.5,11.2,11.39,9.89132,949700,0,0
2023-05-31,11.34,11.39,10.99,11.16,9.69158,1186100,0,0
2023-06-01,11.25,11.69,11.14,11.58,10.0563,1238400,0,0
2023-06-02,11.79,12.28,11.68,12.22,10.6121,1258800,0,0
2023-06-05,12.22,12.28,11.85,12.11,10.5166,1590700,0,0
2023-06-06,12.09,12.88,12.04,12.68,11.0116,1503900,0,0
2023-06-07,12.87,13.38,12.75,13.22,11.4805,1637100,0,0
2023-06-08,13.15,13.16,12.72,12.88,11.1853,1606500,0,0
2023-06-09,12.88,13,12.83,12.96,11.2547,1451900,0,0
2023-06-12,12.92,13.34,12.88,12.99,11.2808,2048400,0,0
2023-06-13,13.01,13.42,12.92,13.07,11.3503,1633000,0,0
2023-06-14,13.09,13.3,12.67,12.82,11.1332,1754000,0,0
2023-06-15,12.7,13.16,12.7,13.1,11.3763,1585400,0,0
2023-06-16,13.1,13.18,12.7,12.87,11.1766,33876700,0,0
2023-06-20,12.85,12.85,12.55,12.61,10.9508,1979000,0,0
2023-06-21,12.72,12.72,12.41,12.61,10.9508,1543100,0,0
2023-06-22,12.52,12.55,12.09,12.3,10.6816,1659500,0,0
2023-06-23,12.13,12.28,11.94,12,10.421,1842900,0,0
2023-06-26,12.06,12.25,12.01,12.03,10.4471,986900,0,0
2023-06-27,12.04,12.36,11.93,12.21,10.6034,777300,0,0
2023-06-28,12.16,12.19,12.02,12.15,10.5513,786500,0,0
2023-06-29,12.31,12.52,12.28,12.35,10.725,925800,0,0
2023-06-30,12.25,12.28,11.91,11.92,10.4874,995000,0.16,0
2023-07-03,11.96,12.2,11.92,12.11,10.6546,366300,0,0
2023-07-05,11.98,12.12,11.8,11.94,10.505,1129500,0,0
2023-07-06,11.79,11.88,11.47,11.67,10.2675,1011900,0,0
2023-07-07,11.69,12.04,11.69,11.94,10.505,797800,0,0
2023-07-10,11.88,12.22,11.88,12.03,10.5842,814900,0,0
2023-07-11,12.07,12.2,11.93,12.15,10.6898,818900,0,0
2023-07-12,12.36,12.54,12.24,12.33,10.8482,5749500,0,0
2023-07-13,12.41,12.67,12.37,12.55,11.0417,1220900,0,0
2023-07-14,12.61,12.64,12.14,12.29,10.813,1090800,0,0
2023-07-17,12.26,12.54,12.23,12.43,10.9362,1010900,0,0
2023-07-18,12.43,12.94,12.43,12.9,11.3497,1187900,0,0
2023-07-19,13.29,13.54,12.93,13.51,11.8864,1993600,0,0
2023-07-20,13.45,13.66,13.34,13.52,11.8952,2290500,0,0
2023-07-21,13.63,13.65,13.31,13.4,11.7896,1607000,0,0
2023-07-24,13.35,13.81,13.35,13.79,12.1327,1530700,0,0
2023-07-25,13.78,14.01,13.64,13.66,12.0183,1572800,0,0
2023-07-26,13.83,14.42,13.81,14.31,12.5902,1711500,0,0
2023-07-27,14.39,14.49,14.08,14.16,12.4582,1761000,0,0
2023-07-28,14.24,14.4,14.15,14.23,12.5198,1237200,0,0
2023-07-31,14.21,14.33,14.17,14.3,12.5814,1204900,0,0
2023-08-01,14.29,14.29,13.98,14.24,12.5286,1098700,0,0
2023-08-02,14.02,14.37,14.02,14.34,12.6166,1234000,0,0
2023-08-03,14.32,14.73,14.16,14.69,12.9245,1069700,0,0
2023-08-04,14.65,14.8,14.48,14.51,12.7662,985800,0,0
2023-08-07,14.52,14.67,14.46,14.63,12.8718,649300,0,0
2023-08-08,14.17,14.34,13.83,14.31,12.5902,960000,0,0
2023-08-09,14.18,14.25,14,14.07,12.3791,646000,0,0
2023-08-10,14.13,14.23,13.87,14,12.3175,765100,0,0
2023-08-11,13.93,14.05,13.89,13.98,12.2999,602500,0,0
2023-08-14,13.92,13.93,13.64,13.74,12.0887,691000,0,0
2023-08-15,13.51,13.57,13.28,13.3,11.7016,888200,0,0
2023-08-16,13.25,13.39,13.09,13.13,11.552,654900,0,0
2023-08-17,13.2,13.3,13.14,13.26,11.6664,741700,0,0
2023-08-18,13.14,13.29,13.09,13.17,11.5872,821400,0,0
2023-08-21,13.2,13.28,12.98,13.08,11.508,696800,0,0
2023-08-22,13.05,13.25,12.71,12.73,11.2001,920600,0,0
2023-08-23,12.72,12.97,12.62,12.88,11.3321,665100,0,0
2023-08-24,12.81,13.12,12.81,13.04,11.4728,915400,0,0
2023-08-25,13.1,13.19,12.73,12.95,11.3937,711000,0,0
2023-08-28,13.03,13.23,13,13.19,11.6048,602200,0,0
2023-08-29,13.22,13.5,13.08,13.48,11.86,1027600,0,0
2023-08-30,13.48,13.51,13.27,13.28,11.684,684800,0,0
2023-08-31,13.29,13.38,13.25,13.33,11.728,769200,0,0
2023-09-01,13.38,13.79,13.38,13.72,12.0711,749000,0,0
2023-09-05,13.59,13.61,13.24,13.27,11.6752,1091500,0,0
2023-09-06,13.3,13.38,12.96,13.03,11.464,800400,0,0
2023-09-07,12.99,13.07,12.79,12.91,11.3585,999200,0,0
2023-09-08,12.91,13.02,12.73,12.93,11.3761,752500,0,0
2023-09-11,12.95,13.08,12.68,12.69,11.1649,932400,0,0
2023-09-12,12.71,12.99,12.64,12.96,11.4025,1033400,0,0
2023-09-13,13.02,13.07,12.61,12.92,11.3673,1399600,0,0
2023-09-14,13.07,13.21,13.01,13.19,11.6048,1253700,0,0
2023-09-15,13.12,13.23,12.87,13.03,11.464,4375200,0,0
2023-09-18,13.08,13.16,12.64,12.64,11.1209,1397300,0,0
2023-09-19,12.67,12.8,12.46,12.62,11.1033,988600,0,0
2023-09-20,12.72,12.93,12.45,12.45,10.9538,775200,0,0
2023-09-21,12.37,12.51,12.16,12.18,10.7162,1586100,0,0
2023-09-22,12.15,12.26,12.06,12.16,10.6986,848700,0,0
2023-09-25,12.15,12.33,12.1,12.3,10.8218,1029100,0,0
2023-09-26,12.14,12.41,12.08,12.09,10.637,1081100,0,0
2023-09-27,12.2,12.31,11.98,12.08,10.6282,1169800,0,0
2023-09-28,12.11,12.39,12.11,12.13,10.6722,1989700,0,0
2023-09-29,12.08,12.26,12.02,12.11,10.797,1309600,0.16,0
2023-10-02,12.11,12.11,11.81,11.88,10.592,1009700,0,0
2023-10-03,11.77,11.82,11.63,11.71,10.4404,1107000,0,0
2023-10-04,11.73,12.03,11.64,12.01,10.7079,1085300,0,0
2023-10-05,11.95,12.35,11.95,12.29,10.9575,1211900,0,0
2023-10-06,12.13,12.45,12.07,12.29,10.9575,967600,0,0
2023-10-09,12.22,12.4,12.15,12.29,10.9575,697200,0,0
2023-10-10,12.32,12.54,12.29,12.39,11.0467,1364500,0,0
2023-10-11,12.42,12.61,12.3,12.41,11.0645,731400,0,0
2023-10-12,12.38,12.43,12.18,12.38,11.0378,1275500,0,0
2023-10-13,12.52,12.58,12.02,12.08,10.7703,1071100,0,0
2023-10-16,12.22,12.4,12.2,12.35,11.011,1587800,0,0
2023-10-17,12.27,12.73,12.26,12.59,11.225,1860000,0,0
2023-10-18,12.55,13.18,12.18,12.39,11.0467,2146700,0,0
2023-10-19,12.4,12.83,12.32,12.38,11.0378,1555500,0,0
2023-10-20,12.38,12.38,12,12.07,10.7614,2235100,0,0
2023-10-23,12.07,12.59,12.07,12.28,10.9486,1520800,0,0
2023-10-24,12.37,12.37,12.08,12.23,10.904,1539600,0,0
2023-10-25,12.2,12.41,12,12.35,11.011,1533300,0,0
2023-10-26,12.36,12.76,12.35,12.67,11.2963,1141100,0,0
2023-10-27,12.67,12.67,12.24,12.43,11.0823,1002500,0,0
2023-10-30,12.57,12.8,12.52,12.77,11.3855,1263200,0,0
2023-10-31,12.77,12.99,12.75,12.99,11.5816,1016700,0,0
2023-11-01,12.92,13.2,12.87,13.09,11.6708,1215600,0,0
2023-11-02,13.22,13.67,13.22,13.66,12.179,1325700,0,0
2023-11-03,14,14.3,13.96,14.15,12.6159,1258900,0,0
2023-11-06,14.15,14.19,13.82,13.87,12.3662,1225100,0,0
2023-11-07,13.76,13.86,13.64,13.75,12.2592,890800,0,0
2023-11-08,13.8,13.8,13.52,13.56,12.0898,807200,0,0
2023-11-09,13.57,13.61,13.21,13.31,11.8669,768500,0,0
2023-11-10,13.36,13.53,13.19,13.43,11.9739,802300,0,0
2023-11-13,13.33,13.56,13.27,13.49,12.0274,978900,0,0
2023-11-14,14.01,14.45,13.93,14.23,12.6872,1355700,0,0
2023-11-15,14.19,14.46,14.15,14.33,12.7763,828500,0,0
2023-11-16,14.32,14.36,14.02,14.13,12.598,1207900,0,0
2023-11-17,14.27,14.46,14.23,14.27,12.7228,952100,0,0
2023-11-20,14.26,14.32,14.13,14.3,12.7496,835200,0,0
2023-11-21,14.22,14.32,13.99,14.04,12.5178,822300,0,0
2023-11-22,14.14,14.22,13.98,14.08,12.5534,570700,0,0
2023-11-24,14.06,14.18,14,14.13,12.598,481000,0,0
2023-11-27,14.05,14.14,13.98,14.1,12.5713,1100600,0,0
2023-11-28,14.03,14.03,13.84,14.02,12.4999,739200,0,0
2023-11-29,14.11,14.42,14.11,14.23,12.6872,797000,0,0
2023-11-30,14.27,14.38,14.13,14.23,12.6872,740100,0,0
2023-12-01,14.13,14.97,14.08,14.93,13.3113,1303400,0,0
2023-12-04,14.79,15.15,14.78,15.09,13.4539,1042900,0,0
2023-12-05,15.02,15.07,14.84,14.93,13.3113,636900,0,0
2023-12-06,15.02,15.37,14.92,14.95,13.3291,985100,0,0
2023-12-07,14.98,15.31,14.77,15.31,13.6501,812300,0,0
2023-12-08,15.32,15.6,15.26,15.43,13.7571,1708200,0,0
2023-12-11,15.39,15.51,15.3,15.5,13.8195,950200,0,0
2023-12-12,15.47,15.61,15.35,15.46,13.7838,922100,0,0
2023-12-13,15.47,16.32,15.41,16.31,14.5417,1292800,0,0
2023-12-14,16.62,16.97,16.22,16.38,14.6041,3084400,0,0
2023-12-15,16.42,16.47,16.17,16.38,14.6041,4338200,0,0
2023-12-18,16.49,16.67,16.29,16.36,14.5862,1125400,0,0
2023-12-19,16.4,16.62,16.3,16.5,14.7111,1650200,0,0
2023-12-20,16.97,17.06,16.43,16.43,14.6487,2209600,0,0
2023-12-21,16.6,16.65,16.28,16.55,14.7556,2155800,0,0
2023-12-22,16.67,16.83,16.54,16.65,14.8448,891200,0,0
2023-12-26,16.78,17,16.61,16.97,15.1301,840600,0,0
2023-12-27,16.99,17.03,16.84,16.95,15.1123,924500,0,0
2023-12-28,16.86,16.95,16.84,16.93,15.0944,827000,0,0
2023-12-29,16.68,16.75,16.46,16.46,14.8243,812000,0.17,0
2024-01-02,16.28,16.7,16.25,16.52,14.8783,845200,0,0
2024-01-03,16.44,16.44,15.92,15.93,14.3469,1281200,0,0
2024-01-04,15.98,16.19,15.78,15.93,14.3469,960300,0,0
2024-01-05,15.86,16.13,15.84,15.96,14.3739,810300,0,0
2024-01-08,15.96,16.19,15.87,16.19,14.5811,900700,0,0
2024-01-09,15.98,16.27,15.94,16.19,14.5811,2141400,0,0
2024-01-10,16.2,16.29,16.02,16.2,14.5901,925100,0,0
2024-01-11,16.07,16.1,15.77,16.04,14.446,1679600,0,0
2024-01-12,16.18,16.26,15.66,15.87,14.2929,964700,0,0
2024-01-16,15.63,15.8,15.57,15.59,14.0407,1365200,0,0
2024-01-17,15.16,15.79,14.87,15.45,13.9146,1836900,0,0
2024-01-18,15.61,15.67,15.38,15.61,14.0587,1377200,0,0
2024-01-19,15.69,16.1,15.51,16.1,14.5,1209700,0,0
2024-01-22,16.19,16.55,16.19,16.54,14.8963,996300,0,0
2024-01-23,16.65,16.65,16.23,16.3,14.6802,938900,0,0
2024-01-24,16.44,16.56,16.16,16.24,14.6261,978000,0,0
2024-01-25,16.45,16.46,15.99,16.22,14.6081,1005900,0,0
2024-01-26,16.34,16.41,16.15,16.35,14.7252,666800,0,0
2024-01-29,16.36,16.47,16.25,16.46,14.8243,602300,0,0
2024-01-30,16.4,16.48,16.29,16.3,14.6802,504800,0,0
2024-01-31,15.89,16.33,15.57,15.59,14.0407,2443000,0,0
2024-02-01,15.7,15.92,14.95,15.49,13.9507,1571600,0,0
2024-02-02,15.17,15.67,15.1,15.45,13.9146,1515200,0,0
2024-02-05,15.25,15.46,15.07,15.31,13.7885,1248200,0,0
2024-02-06,15.32,15.48,15.1,15.22,13.7075,1365400,0,0
2024-02-07,15.23,15.33,14.89,15.22,13.7075,1049700,0,0
2024-02-08,15.11,15.34,15.11,15.32,13.7975,760100,0,0
2024-02-09,15.33,15.53,15.13,15.52,13.9777,967500,0,0
2024-02-12,15.24,15.75,15.11,15.47,13.9326,1820600,0,0
2024-02-13,15,15.1,14.54,14.8,13.3292,1673000,0,0
2024-02-14,14.99,15.22,14.9,15.21,13.6985,1113300,0,0
2024-02-15,15.32,16.05,15.32,15.96,14.3739,1330700,0,0
2024-02-16,15.76,15.85,15.58,15.7,14.1398,940700,0,0
2024-02-20,15.53,15.77,15.48,15.54,13.9957,749800,0,0
2024-02-21,15.48,15.54,15.25,15.31,13.7885,1330800,0,0
2024-02-22,15.23,15.31,15.04,15.13,13.6264,1100100,0,0
2024-02-23,15.11,15.25,14.97,15.07,13.5724,823200,0,0
2024-02-26,15,15.2,14.92,14.98,13.4913,702600,0,0
2024-02-27,15.07,15.18,15.04,15.16,13.6534,688300,0,0
2024-02-28,15.02,15.2,15,15,13.5093,772300,0,0
2024-02-29,15.15,15.43,15.15,15.4,13.8696,1018700,0,0
2024-03-01,15.23,15.32,15,15.31,13.7885,843300,0,0
2024-03-04,15.47,16.13,15.47,15.6,14.0497,2458200,0,0
2024-03-05,15.51,16.19,15.51,16.15,14.5451,1388300,0,0
2024-03-06,15.45,15.95,15.12,15.77,14.2028,2543700,0,0
2024-03-07,15.94,16.02,15.57,15.61,14.0587,906500,0,0
2024-03-08,15.86,15.89,15.51,15.58,14.0317,763300,0,0
2024-03-11,15.58,15.68,15.5,15.55,14.0047,879200,0,0
2024-03-12,15.53,15.54,15.23,15.26,13.7435,932900,0,0
2024-03-13,15.25,15.39,15.14,15.23,13.7165,1087900,0,0
2024-03-14,15.17,15.23,14.73,14.8,13.3292,926400,0,0
2024-03-15,14.74,15.05,14.74,14.92,13.4373,2158400,0,0
2024-03-18,14.92,14.99,14.73,14.81,13.3382,906900,0,0
2024-03-19,14.82,15.12,14.78,15.02,13.5274,774000,0,0
2024-03-20,14.94,15.69,14.9,15.55,14.0047,1017000,0,0
2024-03-21,15.6,15.81,15.6,15.65,14.0948,817700,0,0
2024-03-22,15.68,15.75,15.29,15.35,13.8246,462900,0,0
2024-03-25,15.31,15.52,15.31,15.35,13.8246,530500,0,0
2024-03-26,15.41,15.48,15.25,15.28,13.7615,724700,0,0
2024-03-27,15.39,15.92,15.38,15.92,14.3379,763100,0,0
2024-03-28,15.72,15.95,15.66,15.89,14.4654,1436400,0.17,0
2024-04-01,15.94,16,15.53,15.66,14.256,761500,0,0
2024-04-02,15.48,15.51,15.22,15.33,13.9556,874800,0,0
2024-04-03,15.21,15.39,15.17,15.27,13.901,841900,0,0
2024-04-04,15.45,15.62,15.33,15.33,13.9556,1017900,0,0
2024-04-05,15.26,15.4,15.23,15.32,13.9465,463300,0,0
2024-04-08,15.32,15.59,15.28,15.48,14.0921,543100,0,0
2024-04-09,15.49,15.75,15.44,15.73,14.3197,1024200,0,0
2024-04-10,15.38,15.49,14.8,15.03,13.6825,1508100,0,0
2024-04-11,15.19,15.19,14.84,14.93,13.5914,774400,0,0
2024-04-12,14.77,14.89,14.69,14.82,13.4913,860100,0,0
2024-04-15,14.86,15.1,14.61,14.8,13.4731,1072100,0,0
2024-04-16,14.61,14.71,14.43,14.45,13.1545,1407900,0,0
2024-04-17,14.38,14.9,13.87,14.49,13.1909,1544400,0,0
2024-04-18,14.53,14.75,14.35,14.43,13.1363,1401200,0,0
2024-04-19,14.35,14.99,14.35,14.99,13.6461,1545900,0,0
2024-04-22,15,15.28,14.89,15.21,13.8463,1163500,0,0
2024-04-23,15.23,15.49,15.19,15.34,13.9647,1167700,0,0
2024-04-24,15.18,15.57,15.1,15.52,14.1285,841800,0,0
2024-04-25,15.35,15.58,15.15,15.56,14.165,1095200,0,0
2024-04-26,15.48,16,15.48,15.62,14.2196,2668500,0,0
2024-04-29,16.85,17.34,16.69,16.8,15.2938,11176900,0,0
2024-04-30,16.89,17.15,16.53,16.55,15.0662,7758000,0,0
2024-05-01,16.51,17.2,16.51,16.9,15.3848,2455000,0,0
2024-05-02,16.94,17.07,16.72,16.97,15.4485,2862300,0,0
2024-05-03,17.25,17.31,16.95,17.03,15.5032,1753200,0,0
2024-05-06,17.08,17.14,16.84,16.99,15.4667,2603600,0,0
2024-05-07,17.09,17.23,16.96,17.06,15.5305,1952000,0,0
2024-05-08,16.9,17.36,16.85,17.32,15.7672,3221600,0,0
2024-05-09,17.34,17.52,17.25,17.51,15.9401,1344100,0,0
2024-05-10,17.47,17.68,17.38,17.47,15.9037,1696800,0,0
2024-05-13,17.59,17.61,17.34,17.34,15.7854,1223500,0,0
2024-05-14,17.54,17.6,17.37,17.44,15.8764,1060800,0,0
2024-05-15,17.6,17.64,17.16,17.46,15.8946,1218800,0,0
2024-05-16,17.43,17.6,17.36,17.47,15.9037,1203400,0,0
2024-05-17,17.52,17.54,17.25,17.36,15.8036,1529000,0,0
2024-05-20,17.28,17.32,16.93,16.93,15.4121,1872800,0,0
2024-05-21,16.96,17.22,16.95,17.14,15.6033,1080400,0,0
2024-05-22,17.11,17.17,17,17.01,15.485,1445200,0,0
2024-05-23,17.05,17.05,16.51,16.65,15.1572,843800,0,0
2024-05-24,16.76,16.77,16.51,16.76,15.2574,1078700,0,0
2024-05-28,16.88,16.88,16.52,16.59,15.1026,1403600,0,0
2024-05-29,16.31,16.43,16.2,16.39,14.9205,1194500,0,0
2024-05-30,16.56,16.74,16.42,16.64,15.1481,955600,0,0
2024-05-31,16.71,16.85,16.62,16.84,15.3302,1186800,0,0
2024-06-03,16.93,16.96,16.33,16.4,14.9296,1003900,0,0
2024-06-04,16.21,16.45,16.17,16.3,14.8386,2952300,0,0
2024-06-05,16.46,16.51,16.26,16.4,14.9296,1116800,0,0
2024-06-06,16.34,16.49,16.25,16.45,14.9752,1271300,0,0
2024-06-07,16.3,16.44,16.2,16.43,14.957,1152200,0,0
2024-06-10,16.26,16.26,16.01,16.06,14.6201,1320700,0,0
2024-06-11,15.92,16.04,15.86,15.86,14.4381,964200,0,0
2024-06-12,16.23,16.5,16.12,16.28,14.8204,1115100,0,0
2024-06-13,16.26,16.26,15.92,16.01,14.5746,631600,0,0
2024-06-14,15.8,15.95,15.74,15.85,14.429,571000,0,0
2024-06-17,15.84,16.13,15.76,16.13,14.6839,800900,0,0
2024-06-18,16.08,16.29,16.05,16.23,14.7749,780200,0,0
2024-06-20,16.12,16.3,16.09,16.23,14.7749,767900,0,0
2024-06-21,16.23,16.27,16.07,16.26,14.8022,3312100,0,0
2024-06-24,16.26,16.77,16.26,16.55,15.0662,1427700,0,0
2024-06-25,16.49,16.55,16.25,16.25,14.7931,2440100,0,0
2024-06-26,16.11,16.48,16.04,16.47,14.9934,1744700,0,0
2024-06-27,16.46,16.71,16.36,16.67,15.1754,1841600,0,0
2024-06-28,16.86,17.19,16.81,16.98,15.4576,4777800,0,0
2024-07-01,16.74,16.94,16.68,16.77,15.4209,1367800,0.17,0
2024-07-02,16.77,16.84,16.64,16.79,15.4393,1199600,0,0
2024-07-03,16.84,16.84,16.39,16.4,15.0806,751100,0,0
2024-07-05,16.42,16.42,16.26,16.35,15.0347,1040800,0,0
2024-07-08,16.46,16.51,16.33,16.36,15.0438,1089500,0,0
2024-07-09,16.35,16.7,16.3,16.69,15.3473,925400,0,0
2024-07-10,16.7,17,16.63,17,15.6324,1082600,0,0
2024-07-11,17.25,17.58,16.77,17.44,16.037,2950000,0,0
2024-07-12,17.58,17.65,17.34,17.41,16.0094,2372000,0,0
2024-07-15,17.76,18.21,17.68,17.91,16.4692,1868000,0,0
2024-07-16,18.1,18.92,18.03,18.81,17.2967,2456900,0,0
2024-07-17,18.76,19.74,18.7,19.65,18.0692,6122700,0,0
2024-07-18,19.45,20.01,19,19.23,17.683,4721500,0,0
2024-07-19,19.22,19.64,19.15,19.55,17.9772,2364200,0,0
2024-07-22,19.48,19.92,19.27,19.9,18.2991,1973400,0,0
2024-07-23,19.7,20.33,19.64,20.14,18.5197,1801700,0,0
2024-07-24,20.03,20.29,19.78,19.78,18.1887,2782200,0,0
2024-07-25,19.82,20.18,19.64,19.76,18.1703,2674900,0,0
2024-07-26,19.87,20.16,19.8,20.08,18.4646,1308100,0,0
2024-07-29,20.13,20.18,19.62,19.67,18.0876,998100,0,0
2024-07-30,19.69,19.91,19.57,19.71,18.1243,1759600,0,0
2024-07-31,19.74,19.83,19.34,19.37,17.8117,1890600,0,0
2024-08-01,19.36,19.49,18.41,18.57,17.0761,1673700,0,0
2024-08-02,17.9,18.12,17.61,17.86,16.4232,1586600,0,0
2024-08-05,17.05,17.37,16.63,17.08,15.7059,1583000,0,0
2024-08-06,17.05,17.35,16.85,17.06,15.6875,1588300,0,0
2024-08-07,17.43,17.43,16.88,16.96,15.5956,1046300,0,0
2024-08-08,17.13,17.46,17.06,17.42,16.0186,1392000,0,0
2024-08-09,17.44,17.56,17.16,17.27,15.8806,620900,0,0
2024-08-12,17.47,17.63,17.24,17.27,15.8806,1013600,0,0
2024-08-13,17.45,17.49,17.16,17.45,16.0462,726300,0,0
2024-08-14,17.51,17.54,17.23,17.35,15.9542,859600,0,0
2024-08-15,17.7,17.98,17.66,17.73,16.3036,1010000,0,0
2024-08-16,17.66,18.2,17.65,18.11,16.6531,1063900,0,0
2024-08-19,18.24,18.45,18.16,18.42,16.9381,1016800,0,0
2024-08-20,18.4,18.44,17.97,17.98,16.5335,819500,0,0
2024-08-21,18.15,18.15,17.88,18.12,16.6623,718300,0,0
2024-08-22,18.11,18.27,18.07,18.16,16.699,675900,0,0
2024-08-23,18.35,19.41,18.26,19.28,17.7289,1547400,0,0
2024-08-26,19.46,19.56,19.29,19.32,17.7657,1238100,0,0
2024-08-27,19.18,19.29,18.92,18.98,17.4531,762100,0,0
2024-08-28,18.89,19.36,18.59,19.15,17.6094,1332600,0,0
2024-08-29,19.33,19.39,19.05,19.19,17.6462,1019300,0,0
2024-08-30,19.23,19.43,19.05,19.35,17.7933,789300,0,0
2024-09-03,19.08,19.34,19.04,19.21,17.6646,969400,0,0
2024-09-04,19.14,19.33,18.62,18.73,17.2232,1331000,0,0
2024-09-05,18.94,18.94,18.38,18.41,16.9289,946100,0,0
2024-09-06,18.52,18.56,17.91,17.96,16.5151,901800,0,0
2024-09-09,17.91,18.01,17.65,17.73,16.3036,1343100,0,0
2024-09-10,17.73,17.81,17.33,17.67,16.2485,1217000,0,0
2024-09-11,17.45,17.49,16.99,17.32,15.9266,1513900,0,0
2024-09-12,17.44,17.51,17.11,17.4,16.0002,1426600,0,0
2024-09-13,17.62,17.85,17.48,17.83,16.3956,1513200,0,0
2024-09-16,17.89,18.36,17.67,18.26,16.791,1163500,0,0
2024-09-17,18.48,18.77,18.29,18.4,16.9197,911900,0,0
2024-09-18,18.5,19.02,18.19,18.46,16.9749,1260600,0,0
2024-09-19,18.85,19.01,18.48,19,17.4715,1573800,0,0
2024-09-20,18.95,18.95,18.48,18.49,17.0025,3560100,0,0
2024-09-23,18.52,18.65,18.29,18.4,16.9197,1200500,0,0
2024-09-24,18.36,18.46,18.01,18.03,16.5795,1199000,0,0
2024-09-25,18.02,18.35,17.79,17.82,16.3864,1094900,0,0
2024-09-26,18.01,18.11,17.86,17.94,16.4967,1154500,0,0
2024-09-27,18.13,18.41,17.86,17.93,16.4875,1046000,0,0
2024-09-30,17.91,18.3,17.82,18.13,16.6715,1793700,0,0
2024-10-01,17.82,17.95,17.25,17.34,16.0959,1411800,0.17,0
2024-10-02,17.27,17.48,16.97,16.97,15.7525,1530400,0,0
2024-10-03,16.82,17.24,16.82,17.19,15.9567,1678500,0,0
2024-10-04,17.52,17.66,17.29,17.35,16.1052,953900,0,0
2024-10-07,17.22,17.36,17.19,17.28,16.0402,1321700,0,0
2024-10-08,17.37,17.38,17.16,17.17,15.9381,1262300,0,0
2024-10-09,17.12,17.6,17.07,17.44,16.1888,1841100,0,0
2024-10-10,17.23,17.55,17.15,17.47,16.2166,1532600,0,0
2024-10-11,17.64,18.06,17.61,17.95,16.6622,2505400,0,0
2024-10-14,17.93,18.25,17.76,18.13,16.8293,1181800,0,0
2024-10-15,18.16,18.82,18.09,18.26,16.9499,2498900,0,0
2024-10-16,18.23,18.97,17.78,18.66,17.3212,3141800,0,0
2024-10-17,18.59,18.74,18.28,18.43,17.1077,2244300,0,0
2024-10-18,18.47,18.54,18.04,18.08,16.7828,1583800,0,0
2024-10-21,18.07,18.14,17.52,17.54,16.2816,1683600,0,0
2024-10-22,17.53,17.69,17.45,17.61,16.3466,948100,0,0
2024-10-23,17.49,17.69,17.44,17.65,16.3837,1202200,0,0
2024-10-24,17.75,17.81,17.41,17.76,16.4858,813100,0,0
2024-10-25,17.85,17.93,17.38,17.49,16.2352,1344200,0,0
2024-10-28,17.71,18.26,17.6,18.17,16.8664,1536300,0,0
2024-10-29,18.07,18.15,17.93,17.97,16.6807,1215800,0,0
2024-10-30,17.95,18.65,17.91,18.39,17.0706,2060600,0,0
2024-10-31,18.36,18.45,18.1,18.11,16.8107,1244500,0,0
2024-11-01,18.22,18.31,18.01,18.06,16.7643,893600,0,0
2024-11-04,17.95,18.02,17.56,17.93,16.6436,1037000,0,0
2024-11-05,17.96,18.41,17.93,18.38,17.0613,1091300,0,0
2024-11-06,19.97,21.47,19.94,21.37,19.8368,3885300,0,0
2024-11-07,21.1,21.21,20.18,20.34,18.8807,2769200,0,0
2024-11-08,20.36,20.79,20.14,20.65,19.1685,1976800,0,0
2024-11-11,21.25,21.65,20.93,21.28,19.7533,1615300,0,0
2024-11-12,21.05,21.52,20.98,21.14,19.6233,1781900,0,0
2024-11-13,21.42,21.62,21.06,21.12,19.6047,2202000,0,0
2024-11-14,21.28,21.36,20.88,20.98,19.4748,952400,0,0
2024-11-15,21.07,21.28,20.82,21.15,19.6326,1264200,0,0
2024-11-18,21.14,21.35,21.04,21.05,19.5398,1780600,0,0
2024-11-19,20.63,20.95,20.63,20.71,19.2242,769500,0,0
2024-11-20,20.63,20.86,20.41,20.84,19.3448,868100,0,0
2024-11-21,20.93,21.5,20.9,21.24,19.7161,1322100,0,0
2024-11-22,21.34,21.72,21.3,21.61,20.0596,1317400,0,0
2024-11-25,21.84,22.49,21.25,21.99,20.4123,1525700,0,0
2024-11-26,21.84,22.01,21.67,21.69,20.1338,770300,0,0
2024-11-27,21.85,22,21.65,21.66,20.106,718100,0,0
2024-11-29,21.85,21.85,21.39,21.58,20.0317,431200,0,0
2024-12-02,21.62,21.71,21.3,21.47,19.9296,1052000,0,0
2024-12-03,21.53,21.64,21.05,21.08,19.5676,1028500,0,0
2024-12-04,21.06,21.4,20.97,21.3,19.7718,833300,0,0
2024-12-05,21.36,21.55,21.13,21.16,19.6419,575000,0,0
2024-12-06,21.34,21.34,20.96,21.24,19.7161,583700,0,0
2024-12-09,21.4,21.4,20.94,20.98,19.4748,661300,0,0
2024-12-10,21.05,21.29,20.74,20.9,19.4005,724400,0,0
2024-12-11,21.09,21.39,20.96,21.15,19.6326,904200,0,0
2024-12-12,21.16,21.24,20.96,21.01,19.5026,944700,0,0
2024-12-13,20.98,21.13,20.71,20.94,19.4377,953600,0,0
2024-12-16,20.99,21.14,20.79,21.12,19.6047,866800,0,0
2024-12-17,21,21.15,20.5,20.5,19.0292,956300,0,0
2024-12-18,21.35,21.35,19.56,19.67,18.2588,3016800,0,0
2024-12-19,20.07,20.4,19.36,19.4,18.0081,1300600,0,0
2024-12-20,19.27,19.87,19.27,19.6,18.1938,4384300,0,0
2024-12-23,19.53,19.68,19.42,19.51,18.1102,1397700,0,0
2024-12-24,19.48,19.86,19.39,19.86,18.4351,603500,0,0
2024-12-26,19.67,19.98,19.5,19.96,18.528,957200,0,0
2024-12-27,19.81,19.99,19.47,19.65,18.2402,628000,0,0
2024-12-30,19.6,19.61,19.34,19.46,18.0638,880100,0,0
2024-12-31,19.39,19.55,19.22,19.28,18.0638,641100,0.18,0
2025-01-02,19.45,19.54,19.06,19.09,17.8858,1153900,0,0
2025-01-03,19.16,19.48,18.8,19.45,18.2231,1009600,0,0
2025-01-06,19.48,19.95,19.38,19.41,18.1856,1025400,0,0
2025-01-07,19.47,19.59,19.06,19.28,18.0638,1911200,0,0
2025-01-08,19.13,19.47,18.98,19.34,18.12,1499500,0,0
2025-01-10,18.91,19.11,18.76,19.06,17.8577,2636700,0,0
2025-01-13,18.92,19.54,18.83,19.51,18.2793,2850300,0,0
2025-01-14,19.76,20.2,19.62,20.18,18.9071,1234100,0,0
2025-01-15,20.82,21.12,19.71,20.76,19.4505,1878800,0,0
2025-01-16,20.58,20.68,20.29,20.49,19.1975,1594700,0,0
2025-01-17,20.69,20.88,20.41,20.86,19.5442,1901900,0,0
2025-01-21,20.98,21.35,20.91,21.11,19.7784,1840800,0,0
2025-01-22,21.4,21.4,20.24,20.63,19.3287,2631700,0,0
2025-01-23,20.72,20.91,20.47,20.58,19.2818,1899200,0,0
2025-01-24,20.48,20.78,20.36,20.56,19.2631,1381000,0,0
2025-01-27,20.82,20.91,20.45,20.58,19.2818,1588200,0,0
2025-01-28,20.49,20.71,20.29,20.44,19.1507,1015500,0,0
2025-01-29,20.33,20.74,20.29,20.48,19.1881,1047200,0,0
2025-01-30,20.73,20.92,20.11,20.35,19.0663,1414000,0,0
2025-01-31,20.3,20.48,20.1,20.34,19.057,1318800,0,0
2025-02-03,19.61,20.04,19.45,19.75,18.5042,1260000,0,0
2025-02-04,19.74,20.45,19.64,20.31,19.0289,1233200,0,0
2025-02-05,20.49,20.6,20.27,20.59,19.2912,703200,0,0
2025-02-06,20.74,21.04,20.32,20.95,19.6285,719500,0,0
2025-02-07,20.91,21.09,20.44,20.67,19.3662,1057900,0,0
2025-02-10,20.69,20.78,20.33,20.36,19.0757,739300,0,0
2025-02-11,20.28,20.97,20.26,20.88,19.5629,760600,0,0
2025-02-12,20.58,20.66,20.37,20.39,19.1038,1109600,0,0
2025-02-13,20.49,20.65,20.34,20.64,19.338,1002400,0,0
2025-02-14,20.74,20.94,20.49,20.54,19.2444,602000,0,0
2025-02-18,20.49,20.93,20.44,20.79,19.4786,891100,0,0
2025-02-19,20.6,20.81,20.5,20.69,19.3849,765900,0,0
2025-02-20,20.59,20.67,19.93,20.13,18.8602,891000,0,0
2025-02-21,20.37,20.37,19.61,19.68,18.4386,966300,0,0
2025-02-24,19.84,19.9,19.33,19.35,18.1294,888400,0,0
2025-02-25,19.52,19.86,19.39,19.57,18.3355,1653600,0,0
2025-02-26,19.56,19.69,19.42,19.67,18.4292,1061000,0,0
2025-02-27,19.67,19.86,19.47,19.53,18.2981,742500,0,0
2025-02-28,19.68,19.85,19.6,19.82,18.5698,1061100,0,0
2025-03-03,19.87,20.17,19.5,19.66,18.4199,920500,0,0
2025-03-04,19.48,19.48,18.67,18.92,17.7265,1266900,0,0
2025-03-05,19.02,19.8,18.57,18.82,17.6328,1058200,0,0
2025-03-06,18.65,18.67,18.33,18.46,17.2956,1139700,0,0
2025-03-07,18.39,18.57,18.16,18.4,17.2393,1345000,0,0
2025-03-10,18.07,18.18,17.33,17.45,16.3493,1559200,0,0
2025-03-11,17.57,17.77,17.14,17.24,16.1525,1615800,0,0
2025-03-12,17.5,17.84,17.23,17.65,16.5367,1423900,0,0
2025-03-13,17.69,17.9,17.47,17.5,16.3961,937600,0,0
2025-03-14,17.72,18.05,17.67,18.03,16.8927,808900,0,0
2025-03-17,18.1,18.39,18.1,18.21,17.0613,1208300,0,0
2025-03-18,18.08,18.3,18,18.26,17.1082,1162100,0,0
2025-03-19,18.25,18.59,18.18,18.29,17.1363,1064200,0,0
2025-03-20,18.22,18.53,18.14,18.16,17.0145,822900,0,0
2025-03-21,18.13,18.26,17.87,18.02,16.8833,5411100,0,0
2025-03-24,18.27,18.49,18.2,18.4,17.2393,1006500,0,0
2025-03-25,18.49,18.51,18.29,18.3,17.1457,1176400,0,0
2025-03-26,18.32,18.64,18.23,18.38,17.2206,1088500,0,0
2025-03-27,18.35,18.44,18.1,18.26,17.1082,840000,0,0
2025-03-28,18.18,18.3,17.81,17.97,16.8365,957900,0,0
2025-03-31,17.8,18.16,17.7,18.09,16.9489,1238600,0,0
2025-04-01,17.81,17.93,17.55,17.81,16.8543,1124000,0.18,0
2025-04-02,17.5,17.96,17.5,17.94,16.9773,1607300,0,0
2025-04-03,17.17,17.31,16.23,16.24,15.3685,2391000,0,0
2025-04-04,15.43,15.88,14.65,15.13,14.3181,3523900,0,0
2025-04-07,14.57,16.03,14.33,15.25,14.4316,2749700,0,0
2025-04-08,15.68,16.16,14.9,15.22,14.4033,1598500,0,0
2025-04-09,14.94,16.68,14.7,16.27,15.3969,2712100,0,0
2025-04-10,15.98,16.05,14.78,15.23,14.4127,1812600,0,0
2025-04-11,15.02,15.33,14.74,15.19,14.3749,1533100,0,0
2025-04-14,15.44,15.78,15.1,15.67,14.8291,2321400,0,0
2025-04-15,15.65,16.45,15.65,16.03,15.1698,3625000,0,0
2025-04-16,16.02,16.55,15.54,15.97,15.113,3341600,0,0
2025-04-17,15.86,16.15,15.7,15.88,15.0278,2878800,0,0
2025-04-21,15.69,15.86,15.52,15.74,14.8953,1933400,0,0
2025-04-22,15.92,16.29,15.82,16.21,15.3401,1611000,0,0
2025-04-23,16.46,16.98,16.27,16.44,15.5578,1424000,0,0
2025-04-24,16.32,16.68,16.26,16.6,15.7092,1181500,0,0
2025-04-25,16.5,16.7,16.44,16.69,15.7944,1131400,0,0
2025-04-28,16.68,16.86,16.55,16.85,15.9458,995700,0,0
2025-04-29,16.83,16.94,16.5,16.93,16.0215,1431700,0,0
2025-04-30,16.67,16.81,16.31,16.68,15.7849,1259900,0,0
2025-05-01,16.71,17.06,16.52,16.91,16.0026,1142900,0,0
2025-05-02,17.13,17.43,17,17.36,16.4284,959500,0,0
2025-05-05,17.11,17.5,17.03,17.29,16.3622,1151100,0,0
2025-05-06,17.08,17.26,16.98,17.08,16.1634,734500,0,0
2025-05-07,17.28,17.33,17.04,17.12,16.2013,800600,0,0
2025-05-08,17.3,17.64,17.26,17.51,16.5704,640100,0,0
2025-05-09,17.51,17.59,17.34,17.44,16.5041,697900,0,0
2025-05-12,18.2,18.53,18.06,18.21,17.2328,1290400,0,0
2025-05-13,18.24,18.45,18.19,18.4,17.4126,897700,0,0
2025-05-14,18.32,18.41,18.18,18.19,17.2139,1008300,0,0
2025-05-15,18.21,18.32,18.05,18.3,17.318,782500,0,0
2025-05-16,18.21,18.27,18.1,18.2,17.2233,944500,0,0
2025-05-19,17.99,18.07,17.77,18,17.0341,1093500,0,0
2025-05-20,18,18.09,17.89,17.91,16.9489,766900,0,0
2025-05-21,17.67,17.76,17.25,17.27,16.3432,791200,0,0
2025-05-22,17.12,17.4,17.12,17.27,16.3432,866600,0,0
2025-05-23,17.06,17.24,16.88,17.16,16.2391,769400,0,0
2025-05-27,17.36,17.56,17.14,17.54,16.5988,865400,0,0
2025-05-28,17.5,17.58,17.22,17.23,16.3054,612500,0,0
2025-05-29,17.29,17.39,17.15,17.39,16.4568,609000,0,0
2025-05-30,17.32,17.36,17.16,17.25,16.3243,808500,0,0
2025-06-02,17.24,17.24,16.86,17.07,16.154,718300,0,0
2025-06-03,17.05,17.43,17,17.39,16.4568,770900,0,0
2025-06-04,17.36,17.44,17.08,17.1,16.1824,651500,0,0
2025-06-05,17.08,17.12,16.91,17.01,16.0972,716800,0,0
2025-06-06,17.19,17.45,17.11,17.44,16.5041,877100,0,0
2025-06-09,17.51,17.82,17.44,17.6,16.6555,1123100,0,0
2025-06-10,17.66,17.96,17.56,17.85,16.8921,753400,0,0
2025-06-11,17.88,17.97,17.5,17.57,16.6271,1002300,0,0
2025-06-12,17.44,17.53,17.26,17.49,16.5514,759600,0,0
2025-06-13,17.39,17.4,17.07,17.16,16.2391,1324200,0,0
2025-06-16,17.35,17.48,17.14,17.18,16.2581,1296400,0,0
2025-06-17,17.04,17.27,16.9,16.93,16.0215,1693800,0,0
2025-06-18,16.94,17.26,16.85,17.1,16.1824,1328800,0,0
2025-06-20,17.25,17.3,17.04,17.13,16.2108,3401500,0,0
2025-06-23,17.07,17.66,17,17.66,16.7123,1570600,0,0
2025-06-24,17.81,18.07,17.06,17.88,16.9205,1188800,0,0
2025-06-25,17.88,17.88,17.67,17.79,16.8353,1102700,0,0
2025-06-26,17.82,18.35,17.82,18.3,17.318,1094900,0,0
2025-06-27,18.34,18.45,18.06,18.09,17.1192,2059500,0,0
2025-06-30,18.27,18.3,18.04,18.04,17.0719,1925600,0,0
2025-07-01,17.74,18.69,17.74,18.52,17.7028,1456800,0.18,0
2025-07-02,18.61,18.92,18.47,18.88,18.0469,1965500,0,0
2025-07-03,18.97,19.22,18.87,19.1,18.2572,826100,0,0
2025-07-07,18.91,19.22,18.79,18.94,18.1043,1327800,0,0
2025-07-08,18.96,19.32,18.9,19.17,18.3241,1183200,0,0
2025-07-09,19.28,19.37,19.19,19.35,18.4962,1340300,0,0
2025-07-10,19.24,19.57,19.2,19.41,18.5535,1451700,0,0
2025-07-11,19.22,19.35,19.05,19.11,18.2668,1638400,0,0
2025-07-14,19.04,19.59,19.04,19.57,18.7065,2132000,0,0
2025-07-15,19.74,19.74,18.93,19.02,18.1807,4868100,0,0
2025-07-16,18.61,19.04,18.35,19,18.1616,4031000,0,0
2025-07-17,19.01,19.75,18.88,19.74,18.869,2994400,0,0
2025-07-18,19.96,19.99,19.48,19.62,18.7543,3550200,0,0
2025-07-21,19.69,19.86,19.4,19.4,18.544,1582100,0,0
2025-07-22,19.45,19.61,19.33,19.37,18.5153,1723000,0,0
2025-07-23,19.52,19.52,19.09,19.26,18.4101,1562200,0,0
2025-07-24,19.16,19.23,18.69,18.71,17.8844,1487200,0,0
2025-07-25,18.66,18.72,18.36,18.6,17.7793,1395100,0,0
2025-07-28,18.6,18.72,18.55,18.62,17.7984,1142200,0,0
2025-07-29,18.75,18.76,18.37,18.43,17.6168,835900,0,0
2025-07-30,18.49,18.59,18.05,18.14,17.3396,1123300,0,0
2025-07-31,18.01,18.1,17.86,17.95,17.1579,1518400,0,0
2025-08-01,17.67,17.77,17.27,17.62,16.8425,2415600,0,0
2025-08-04,17.6,18.02,17.43,17.76,16.9763,2760100,0,0
2025-08-05,17.82,17.9,17.35,17.72,16.9381,2139400,0,0
2025-08-06,17.79,17.85,17.57,17.57,16.7947,1407800,0,0
2025-08-07,17.8,17.88,17.49,17.62,16.8425,1586000,0,0
2025-08-08,17.8,17.85,17.62,17.79,17.005,903200,0,0
2025-08-11,17.83,17.89,17.68,17.82,17.0337,1542100,0,0
2025-08-12,17.97,18.51,17.92,18.48,17.6646,1584600,0,0
2025-08-13,18.61,18.74,18.47,18.72,17.894,1779400,0,0
2025-08-14,18.46,18.81,18.43,18.78,17.9513,1118900,0,0
2025-08-15,18.85,18.85,18.44,18.51,17.6932,3164400,0,0
2025-08-18,18.46,18.59,18.38,18.58,17.7602,918700,0,0
2025-08-19,18.54,18.79,18.52,18.61,17.7888,1269900,0,0
2025-08-20,18.63,18.73,18.48,18.6,17.7793,819800,0,0
2025-08-21,18.47,18.59,18.43,18.49,17.6741,1060700,0,0
2025-08-22,18.6,19.7,18.55,19.64,18.7734,1843500,0,0
2025-08-25,19.58,19.69,19.26,19.63,18.7638,1437900,0,0
2025-08-26,19.54,19.9,19.54,19.76,18.8881,1545600,0,0
2025-08-27,19.72,19.99,19.66,19.86,18.9837,1392600,0,0
2025-08-28,19.91,19.91,19.6,19.67,18.8021,1202000,0,0
2025-08-29,19.66,19.83,19.61,19.66,18.7925,1170200,0,0
2025-09-02,19.41,19.53,19.25,19.44,18.5822,941900,0,0
2025-09-03,19.35,19.66,19.27,19.45,18.5918,1034000,0,0
2025-09-04,19.59,19.72,19.35,19.72,18.8498,951700,0,0
2025-09-05,19.78,19.93,19.27,19.38,18.5249,1156300,0,0
2025-09-08,19.39,19.51,19.11,19.43,18.5726,1457100,0,0
2025-09-09,19.43,19.56,19.19,19.24,18.391,1005300,0,0
2025-09-10,19.26,19.44,19.14,19.27,18.4197,1356500,0,0
2025-09-11,19.23,19.42,19.18,19.35,18.4962,1417300,0,0
2025-09-12,19.32,19.52,19.14,19.42,18.5631,1151400,0,0
2025-09-15,19.45,19.51,19.04,19.07,18.2285,1051500,0,0
2025-09-16,19.11,19.11,18.66,18.81,17.98,1536300,0,0
2025-09-17,18.87,19.4,18.81,19.06,18.219,2097700,0,0
2025-09-18,19.19,19.52,19.02,19.47,18.6109,1403500,0,0
2025-09-19,19.45,19.45,19.11,19.38,18.5249,4244800,0,0
2025-09-22,19.22,19.39,18.94,19.12,18.2763,1125700,0,0
2025-09-23,19.18,19.48,18.89,18.91,18.0756,1657800,0,0
2025-09-24,18.99,19.09,18.72,18.75,17.9227,1273000,0,0
2025-09-25,18.71,18.82,18.58,18.8,17.9704,1335300,0,0
2025-09-26,18.87,19.01,18.75,18.89,18.0565,835900,0,0
2025-09-29,18.93,18.93,18.61,18.73,17.9035,1122300,0,0
2025-09-30,18.67,18.85,18.36,18.63,17.8079,1001500,0,0
2025-10-01,18.31,18.44,18.14,18.23,17.5956,1196000,0.18,0
2025-10-02,18.23,18.33,18.02,18.23,17.5956,1046200,0,0
2025-10-03,18.23,18.59,18.23,18.35,17.7114,1271800,0,0
2025-10-06,18.49,18.81,18.31,18.69,18.0396,1559400,0,0
2025-10-07,18.98,18.98,18.48,18.51,17.8659,1556000,0,0
2025-10-08,18.58,18.69,18.33,18.51,17.8659,1484500,0,0
2025-10-09,18.52,18.52,18.16,18.33,17.6921,1123200,0,0
2025-10-10,18.46,18.53,17.27,17.31,16.7076,2385100,0,0
2025-10-13,17.57,17.68,17.36,17.66,17.0454,1409200,0,0
2025-10-14,17.55,18.41,17.55,18.23,17.5956,1743400,0,0
2025-10-15,18.33,18.49,17.67,17.72,17.1033,1667900,0,0
2025-10-16,17.63,17.76,16.6,16.79,16.2057,2540900,0,0
2025-10-17,17.01,17.12,16.86,17.09,16.4953,2779900,0,0
2025-10-20,17.23,17.7,17.14,17.65,17.0358,1861300,0,0
2025-10-21,17.58,18,17.54,17.88,17.2578,3356300,0,0
2025-10-22,17.7,17.98,17.45,17.63,17.0165,3682300,0,0
2025-10-23,17.63,17.88,17.47,17.68,17.0647,2061900,0,0
2025-10-24,17.86,18.22,17.82,18.02,17.3929,1856100,0,0
2025-10-27,18.09,18.18,17.91,17.96,17.335,1103300,0,0
2025-10-28,17.9,18.03,17.73,17.97,17.3446,1115200,0,0
2025-10-29,17.94,18.05,17.38,17.51,16.9007,1474700,0,0
2025-10-30,17.46,17.82,17.46,17.49,16.8814,1417000,0,0
2025-10-31,17.39,17.48,17.22,17.37,16.7655,1998100,0,0
2025-11-03,17.37,17.54,17.08,17.54,16.9296,1353100,0,0
2025-11-04,17.46,17.48,17.24,17.33,16.7269,1646200,0,0
2025-11-05,17.45,17.76,17.26,17.61,16.9972,1223500,0,0
2025-11-06,17.54,17.71,17.27,17.37,16.7655,1439600,0,0
2025-11-07,17.36,17.64,17.19,17.63,17.0165,1274100,0,0
2025-11-10,17.68,17.8,17.48,17.69,17.0744,955000,0,0
2025-11-11,17.76,17.93,17.6,17.81,17.1902,783400,0,0
2025-11-12,17.84,18.08,17.73,17.76,17.142,1606900,0,0
2025-11-13,17.66,17.87,17.53,17.65,17.0358,1082800,0,0
2025-11-14,17.54,17.82,17.39,17.78,17.1613,1125000,0,0
2025-11-17,17.78,17.78,17.01,17.03,16.4374,1152600,0,0
2025-11-18,17,17.37,16.91,17.25,16.6497,1025400,0,0
2025-11-19,17.25,17.44,17.18,17.4,16.7945,1350400,0,0
2025-11-20,17.57,17.75,17.22,17.27,16.669,1278200,0,0
2025-11-21,17.32,18.18,17.32,17.96,17.335,1656500,0,0
2025-11-24,17.36,17.86,17.05,17.75,17.1323,3348400,0,0
2025-11-25,17.93,18.51,17.85,18.29,17.6535,2195600,0,0
2025-11-26,18.34,18.43,18.23,18.25,17.6149,2213000,0,0
2025-11-28,18.3,18.35,18.1,18.15,17.5184,734100,0,0
2025-12-01,18.05,18.48,18.05,18.39,17.75,1750400,0,0
2025-12-02,18.47,18.51,18.21,18.3,17.6632,1719400,0,0
2025-12-03,18.28,18.79,18.27,18.75,18.0975,1974400,0,0
2025-12-04,18.75,19.05,18.68,18.96,18.3002,1454700,0,0
2025-12-05,18.94,19.09,18.86,19,18.3388,1258900,0,0
2025-12-08,19.08,19.42,19,19.13,18.4643,2060500,0,0
2025-12-09,19.12,19.34,18.93,18.96,18.3002,1222400,0,0
2025-12-10,18.99,19.99,18.99,19.85,19.1592,2010700,0,0
2025-12-11,19.8,20.15,19.8,19.96,19.2654,1661500,0,0
2025-12-12,20.07,20.09,19.74,19.88,19.1882,1370300,0,0
2025-12-15,20.09,20.15,19.8,19.91,19.2171,1450300,0,0
2025-12-16,19.89,20.01,19.76,19.91,19.2171,1901100,0,0
2025-12-17,20.19,20.77,20.06,20.37,19.6611,4555900,0,0
2025-12-18,20.5,20.64,20.36,20.43,19.719,2144700,0,0
2025-12-19,20.31,20.49,20.09,20.19,19.4874,5532200,0,0
2025-12-22,20.19,20.43,20.11,20.23,19.526,1213900,0,0
2025-12-23,20.21,20.28,20.04,20.14,19.4391,1270500,0,0
2025-12-24,20.15,20.23,20.06,20.19,19.4874,1360900,0,0
2025-12-26,20.14,20.23,19.91,20.07,19.3716,1045100,0,0
2025-12-29,20.09,20.13,19.8,19.82,19.1303,870000,0,0
2025-12-30,19.78,19.84,19.64,19.7,19.0144,1167300,0,0
2025-12-31,19.57,19.59,19.31,19.33,18.839,1495000,0.19,0
2026-01-02,19.33,19.61,19.09,19.47,18.9755,1441900,0,0
2026-01-05,19.45,20.05,19.45,19.89,19.3848,1455700,0,0
2026-01-06,19.81,20.08,19.69,19.98,19.4725,1615000,0,0
2026-01-07,19.94,19.99,19.53,19.59,19.0924,1367200,0,0
2026-01-08,19.48,20.12,19.48,19.89,19.3848,1799900,0,0
2026-01-09,19.84,20.08,19.62,19.8,19.2971,1990600,0,0
2026-01-12,19.55,19.7,19.46,19.54,19.0437,1198300,0,0
2026-01-13,19.64,19.67,19.21,19.32,18.8293,1654600,0,0
2026-01-14,19.36,19.72,19.2,19.64,19.1411,1581800,0,0
2026-01-15,19.6,20.2,19.56,20.17,19.6577,1614700,0,0
2026-01-16,20.06,20.21,19.92,20,19.492,2977600,0,0
2026-01-20,19.59,19.99,19.56,19.67,19.1704,1611900,0,0
2026-01-21,19.84,20.61,19.71,20.51,19.989,3283500,0,0
2026-01-22,20.55,21.24,20.21,21.04,20.5056,3813000,0,0
2026-01-23,20.97,21.1,20.06,20.19,19.6772,2122200,0,0
2026-01-26,20.25,20.69,20.2,20.43,19.9111,1710100,0,0
2026-01-27,20.42,20.59,20.27,20.38,19.8623,1492200,0,0
2026-01-28,20.37,20.56,20.15,20.2,19.6869,1831000,0,0
2026-01-29,20.34,20.66,20.24,20.64,20.1157,1713600,0,0
2026-01-30,20.53,20.76,20.31,20.65,20.1255,1718900,0,0
2026-02-02,20.62,21.29,20.58,21.03,20.4958,2225300,0,0
2026-02-03,21.03,21.61,20.96,21.59,21.0416,2428800,0,0
2026-02-04,21.65,22.31,21.65,22.06,21.4997,2553300,0,0
2026-02-05,21.98,22.31,21.82,22.27,21.7043,2913600,0,0
2026-02-06,22.4,22.82,22.31,22.75,22.1722,1990700,0,0
2026-02-09,22.67,22.9,22.6,22.72,22.1429,1685200,0,0
2026-02-10,22.7,22.87,22.26,22.58,22.0065,1638600,0,0
2026-02-11,22.68,22.99,22.11,22.18,21.6166,1334100,0,0
2026-02-12,22.33,22.54,21.54,21.92,21.3632,2263400,0,0
2026-02-13,21.94,22.16,21.62,22.03,21.4704,1723500,0,0
2026-02-17,22.05,22.4,21.87,22.12,21.5582,1277700,0,0
2026-02-18,22.14,22.53,21.89,22,21.4412,1464900,0,0
2026-02-19,21.86,22.11,21.72,22,21.4412,1615800,0,0
2026-02-20,22.01,22.48,21.78,22.39,21.8213,1816400,0,0
2026-02-23,22.32,22.45,21.03,21.26,20.72,2427000,0,0
2026-02-24,21.27,21.32,20.98,21.17,20.6323,1459900,0,0
2026-02-25,21.21,21.43,21.09,21.23,20.6908,1432300,0,0
2026-02-26,21.33,21.69,21.15,21.64,21.0903,1742600,0,0
2026-02-27,21.07,21.17,20.22,20.45,19.9306,2926700,0,0
2026-03-02,20.12,21.04,19.93,20.89,20.3594,1548400,0,0
2026-03-03,20.25,20.94,20.21,20.74,20.2132,2076500,0,0
2026-03-04,20.81,21.17,20.69,21.1,20.5641,2205200,0,0
2026-03-05,20.9,21.06,20.37,20.68,20.1547,2362400,0,0
2026-03-06,20.04,20.22,19.68,20.2,19.6869,2233200,0,0
2026-03-09,19.85,20.16,19.2,19.97,19.4628,2765400,0,0
2026-03-10,19.97,20.53,19.74,20.01,19.5017,2302600,0,0
2026-03-11,19.95,20.1,19.65,19.94,19.4335,1554400,0,0
2026-03-12,19.46,19.88,19.41,19.72,19.2191,1866600,0,0
2026-03-13,19.9,20.02,19.48,19.65,19.1509,2519000,0,0
2026-03-16,19.83,19.98,19.59,19.59,19.0924,1950200,0,0
2026-03-17,19.89,20,19.42,19.6,19.1022,2229600,0,0
2026-03-18,19.56,19.64,19.15,19.22,18.7318,2242100,0,0
2026-03-19,19.13,19.65,18.99,19.45,18.956,1956700,0,0
2026-03-20,19.46,19.62,19.3,19.62,19.1217,4248200,0,0
2026-03-23,20.05,20.37,19.85,19.86,19.3556,2499300,0,0
2026-03-24,19.73,20.25,19.43,20.01,19.5017,1966300,0,0
2026-03-25,20.16,20.3,19.89,20.1,19.5895,1506800,0,0
2026-03-26,19.99,20.19,19.96,20.16,19.6479,1618600,0,0
2026-03-27,20.03,20.18,19.6,19.68,19.1801,1889800,0,0
2026-03-30,19.84,19.95,19.65,19.66,19.1606,1828300,0,0
2026-03-31,19.85,20.43,19.82,20.34,19.8234,6252300,0,0
2026-04-01,20.13,20.7,20.13,20.58,20.2464,2531400,0.19,0
2026-04-02,20.22,20.58,20.05,20.53,20.1972,1610800,0,0
2026-04-06,20.45,20.79,20.39,20.77,20.4333,2133500,0,0
2026-04-07,20.64,20.88,20.58,20.8,20.4628,1942300,0,0
2026-04-08,21.04,21.68,21.04,21.33,20.9842,1852000,0,0
2026-04-09,21.17,21.92,21.16,21.82,21.4663,1673600,0,0
2026-04-10,21.76,21.79,21.44,21.54,21.1908,2739500,0,0
2026-04-13,21.41,21.69,21.3,21.62,21.2695,1903500,0,0
2026-04-14,21.55,21.82,21.37,21.72,21.3679,1513500,0,0
2026-04-15,21.69,21.84,21.47,21.74,21.3876,1695600,0,0
2026-04-16,21.66,21.83,21.4,21.44,21.0925,1611500,0,0
2026-04-17,21.7,22.38,21.69,21.99,21.6335,2256400,0,0
2026-04-20,21.92,22.33,21.58,22.12,21.7614,1756500,0,0
2026-04-21,22.12,22.27,21.78,21.86,21.5056,1942200,0,0
2026-04-22,21.94,22.22,21.78,21.84,21.486,2358200,0,0
2026-04-23,22.3,22.49,21.58,22.08,21.7221,2842400,0,0
2026-04-24,22.08,22.08,21.24,21.43,21.0826,2061800,0,0
2026-04-27,21.65,21.98,21.57,21.92,21.5647,2091300,0,0
2026-04-28,22.1,22.17,21.69,21.73,21.3777,2739800,0,0
2026-04-29,21.66,21.77,21.28,21.39,21.0433,1555000,0,0
2026-04-30,21.33,21.74,21.18,21.59,21.24,1813100,0,0
2026-05-01,21.67,21.85,21.4,21.62,21.2695,1563900,0,0
2026-05-04,21.4,21.67,21.08,21.2,20.8563,2021800,0,0
2026-05-05,21.21,21.71,21.15,21.58,21.2302,1597100,0,0
2026-05-06,21.81,22.03,21.69,21.79,21.4368,1608200,0,0
2026-05-07,21.82,21.95,21.43,21.45,21.1023,1377700,0,0
2026-05-08,21.54,21.56,21.39,21.5,21.1515,1348500,0,0
2026-05-11,21.53,21.58,20.92,21.1,20.758,1896100,0,0
2026-05-12,21.15,21.22,20.65,21.13,20.7875,1748900,0,0
2026-05-13,21.07,21.1,20.64,20.67,20.3349,1485300,0,0
2026-05-14,20.94,21.23,20.9,21.01,20.6694,1695500,0,0
2026-05-15,20.94,21,20.5,20.65,20.3153,1455200,0,0
2026-05-18,20.72,21.08,20.65,20.94,20.6006,1256100,0,0
2026-05-19,20.92,20.92,20.64,20.85,20.512,1440600,0,0
2026-05-20,20.95,21.53,20.83,21.41,21.0629,1986600,0,0
2026-05-21,21.3,21.48,21.15,21.4,21.0531,1253000,0,0
2026-05-22,21.49,21.58,21.29,21.44,21.0925,1032900,0,0
2026-05-26,21.55,21.79,21.49,21.77,21.4171,1428000,0,0
2026-05-27,21.77,21.84,21.55,21.6,21.2499,1306000,0,0
2026-05-28,21.51,21.6,21.26,21.57,21.2203,1066600,0,0
2026-05-29,21.52,21.77,21.45,21.69,21.3384,1594600,0,0
2026-06-01,21.48,21.54,21.19,21.33,20.9842,1704900,0,0
2026-06-02,21.28,21.76,21,21.69,21.3384,1713200,0,0
2026-06-03,21.56,21.59,21.15,21.24,20.8957,1839000,0,0
2026-06-04,21.6,21.97,21.14,21.92,21.5647,1617200,0,0
2026-06-05,21.95,22.21,21.88,21.95,21.5942,1411200,0,0
2026-06-08,22,22.24,21.99,22.05,21.6926,1396600,0,0
2026-06-09,22.22,22.83,22.18,22.5,22.1353,1768500,0,0
2026-06-10,22.56,22.93,22.48,22.72,22.3517,2793700,0,0
2026-06-11,22.83,23.11,22.56,23,22.6272,2445600,0,0
2026-06-12,23.15,23.48,21.81,23.36,22.9813,2312200,0,0
2026-06-15,23.4,23.66,22.83,22.9,22.5288,2781400,0,0
2026-06-16,23.09,23.27,22.92,23.1,22.7255,2050200,0,0
2026-06-17,23.02,23.27,22.46,22.69,22.3222,2704400,0,0
2026-06-18,22.9,23.11,22.73,22.9,22.5288,4134000,0,0
2026-06-22,22.86,23.22,22.83,23.05,22.6764,1404200,0,0
2026-06-23,23.07,23.67,22.98,23.66,23.2765,2512800,0,0
2026-06-24,23.61,23.96,23.54,23.87,23.4831,2604200,0,0
2026-06-25,23.93,24.37,23.76,24.28,23.8864,1496700,0,0
2026-06-26,24.33,24.44,24.14,24.21,23.8175,4725900,0,0
2026-06-29,23.92,24.2,23.89,24.15,23.7585,2392700,0,0
2026-06-30,24.11,24.29,23.96,24.19,23.7979,1705100,0,0
2026-07-01,24.05,24.55,23.92,24.46,24.254,2142400,0.19,0
2026-07-02,24.61,24.71,23.96,24.11,23.9069,1701400,0,0
2026-07-06,24,24.36,23.8,24.33,24.1251,1768200,0,0
2026-07-07,24.31,24.44,24.09,24.23,24.0259,2172900,0,0
2026-07-08,24.09,24.15,23.51,23.65,23.4508,2820200,0,0
2026-07-09,23.85,24.31,23.84,24.12,23.9169,1900600,0,0
2026-07-10,24.15,24.35,24.07,24.18,23.9764,1538300,0,0
2026-07-13,24.11,24.25,23.99,24.17,23.9664,1486900,0,0
2026-07-14,24.26,24.38,24.05,24.21,24.0061,1572900,0,0
2026-07-15,24.21,24.65,24.14,24.42,24.2143,1824600,0,0
2026-07-16,24.48,25.23,24.3,25.19,24.9779,2041400,0,0
2026-07-17,25.01,25.21,24.59,24.79,24.5812,3562300,0,0
2026-07-20,24.82,24.9,24.48,24.54,24.3333,1547600,0,0
2026-07-21,24.52,24.71,24.29,24.62,24.4127,1518500,0,0
2026-07-22,24.61,24.61,24.31,24.44,24.2342,1480200,0,0
2026-07-23,24.86,24.86,23.75,24.26,24.0557,2389800,0,0
2026-07-24,24.33,24.71,24.15,24.57,24.3631,2009800,0,0
2026-07-27,24.74,24.91,24.38,24.4,24.1945,1717200,0,0
2026-07-28,24.54,24.77,24.44,24.68,24.4721,1394000,0,0
2026-07-29,24.46,24.66,24.31,24.46,24.254,2286600,0,0
2026-07-30,24.63,24.76,24.33,24.34,24.135,2054800,0,0
2026-07-31,24.39,24.54,24.14,24.33,24.1251,1780800,0,0
2026-08-03,24.44,24.76,24.33,24.63,24.4226,2051800,0,0
2026-08-04,24.73,25.06,24.54,24.88,24.6705,1761300,0,0
2026-08-05,24.98,25.03,24.71,24.72,24.5118,1862400,0,0
2026-08-06,24.92,24.94,24.37,24.4,24.1945,1581500,0,0
2026-08-07,24.32,24.38,24.16,24.24,24.0359,1685200,0,0
2026-08-10,24.1,24.33,23.91,24.01,23.8078,1366400,0,0
2026-08-11,24.01,24.27,24.01,24.27,24.0656,1306400,0,0
2026-08-12,24.34,24.48,24.23,24.4,24.1945,1419600,0,0
2026-08-13,24.45,24.68,24.45,24.52,24.3135,1132800,0,0
2026-08-14,24.5,24.75,24.45,24.64,24.4325,1092100,0,0
2026-08-17,24.61,24.78,23.89,24.47,24.2639,1519500,0,0
2026-08-18,24.5,24.58,24.2,24.3,24.0953,1338000,0,0
2026-08-19,24.31,24.36,23.59,23.65,23.4508,1849900,0,0
2026-08-20,23.65,23.77,23.49,23.62,23.4211,1205500,0,0
2026-08-21,23.78,23.89,23.45,23.64,23.4409,1313900,0,0
2026-08-24,23.64,23.9,23.55,23.59,23.3913,1589100,0,0
2026-08-25,23.65,23.7,23.49,23.66,23.4607,1695600,0,0
2026-08-26,23.79,23.85,23.57,23.8,23.5996,1448700,0,0
2026-08-27,23.66,23.79,23.41,23.75,23.55,1402300,0,0
2026-08-28,23.81,23.9,23.65,23.68,23.4806,1148800,0,0
2026-08-31,23.68,23.68,23.41,23.46,23.2624,1343600,0,0
2026-09-01,23.41,23.58,23.15,23.21,23.0145,1225400,0,0
2026-09-02,23.37,23.9,23.33,23.69,23.4905,1332700,0,0
2026-09-03,23.8,24.05,23.68,23.87,23.669,1206800,0,0
2026-09-04,23.87,24.15,23.85,24.1,23.897,1009400,0,0
2026-09-08,23.97,23.98,23.61,23.62,23.4211,1429600,0,0
2026-09-09,23.52,23.65,23.32,23.41,23.2128,1236500,0,0
2026-09-10,23.39,23.6,23.14,23.6,23.4012,1057100,0,0
2026-09-11,23.82,23.84,23.38,23.6,23.4012,1505000,0,0
2026-09-14,23.59,23.9,23.49,23.75,23.55,1679400,0,0
2026-09-15,23.74,24,23.69,23.75,23.55,1284100,0,0
2026-09-16,23.69,23.8,23,23.46,23.2624,2400600,0,0
2026-09-17,23.65,23.71,23.33,23.39,23.193,1414200,0,0
2026-09-18,23.27,23.43,23.11,23.4,23.2029,5013600,0,0
2026-09-21,23.42,23.6,23.27,23.28,23.0839,1406500,0,0
2026-09-22,23.4,23.5,23.02,23.02,22.8261,1898200,0,0
2026-09-23,22.97,23.09,22.73,22.75,22.5584,1620100,0,0
2026-09-24,22.87,23.12,22.68,23.05,22.8559,1285700,0,0
2026-09-25,23.21,23.38,23.1,23.23,23.0344,2161800,0,0
2026-09-28,23.17,23.2,22.91,22.97,22.7765,1805400,0,0
2026-09-29,22.97,23.1,22.56,22.65,22.4592,1871200,0,0
2026-09-30,22.7,22.86,22.48,22.56,22.37,1944000,0,0
2026-10-01,22.29,22.62,21.89,22.59,22.59,2058200,0.19,0
2026-10-02,22.82,23,22.62,22.81,22.81,1889900,0,0
2026-10-05,22.82,22.86,22.51,22.69,22.69,1529800,0,0
2026-10-06,22.7,22.84,22.37,22.4,22.4,1953600,0,0
