date,open,high,low,close,adj_close,volume,dividend,split
1998-10-07,6.125,6.25,6.125,6.21875,6.16102,39200,0,0
1998-10-08,6.15625,6.15625,5.96875,6,5.9443,19400,0,0
1998-10-09,5.96875,5.96875,5.25,5.5625,5.51086,88800,0,0
1998-10-12,5.625,5.75,5.625,5.625,5.57278,8800,0,0
1998-10-13,5.6875,5.6875,5.40625,5.40625,5.35606,18600,0,0
1998-10-14,5.34375,5.5,5.25,5.5,5.44894,18200,0,0
1998-10-15,5.5,6.125,5.5,6.125,6.06814,38800,0,0
1998-10-16,6.1875,6.5,5.96875,5.96875,5.91334,41800,0,0
1998-10-19,6.03125,6.21875,6.03125,6.0625,6.00622,10600,0,0
1998-10-20,6.1875,6.6875,6.1875,6.65625,6.59446,23200,0,0
1998-10-21,6.71875,6.8125,6.625,6.6875,6.62542,11800,0,0
1998-10-22,6.59375,6.625,6.46875,6.625,6.5635,20800,0,0
1998-10-23,6.625,6.6875,6.59375,6.65625,6.59446,21600,0,0
1998-10-26,6.625,6.625,6.59375,6.625,6.5635,26600,0,0
1998-10-27,6.625,6.75,6.625,6.625,6.5635,23800,0,0
1998-10-28,6.65625,6.9375,6.65625,6.875,6.81118,23200,0,0
1998-10-29,6.8125,6.84375,6.75,6.75,6.68734,6000,0,0
1998-10-30,6.78125,6.875,6.78125,6.84375,6.78022,11000,0,0
1998-11-02,6.90625,7.6875,6.90625,7.5,7.43037,44800,0,0
1998-11-03,7.5625,7.5625,7.4375,7.4375,7.36845,10600,0,0
1998-11-04,7.5,7.8125,7.5,7.6875,7.61613,18200,0,0
1998-11-05,7.71875,7.71875,7.59375,7.625,7.55421,23400,0,0
1998-11-06,7.5625,7.5625,7.4375,7.4375,7.36845,17800,0,0
1998-11-09,7.40625,7.40625,7.15625,7.15625,7.08981,15600,0,0
1998-11-10,7.09375,7.09375,6.9375,6.96875,6.90406,7000,0,0
1998-11-11,7,7.125,7,7.09375,7.0279,13600,0,0
1998-11-12,7.0625,7.21875,7.03125,7.03125,6.96598,9400,0,0
1998-11-13,7.0625,7.0625,7.03125,7.03125,6.96598,2200,0,0
1998-11-16,7.0625,7.25,7.03125,7.1875,7.12078,13800,0,0
1998-11-17,7.1875,7.21875,7.1875,7.21875,7.15174,4000,0,0
1998-11-18,7.1875,7.1875,7.15625,7.15625,7.08981,2200,0,0
1998-11-19,7.15625,7.21875,7.15625,7.21875,7.15174,1600,0,0
1998-11-20,7.28125,7.78125,7.28125,7.75,7.67805,34600,0,0
1998-11-23,7.8125,8.53125,7.8125,8.53125,8.45205,48400,0,0
1998-11-24,8.59375,9.4375,8.59375,8.71875,8.63781,104600,0,0
1998-11-25,8.8125,8.875,8.5,8.625,8.54493,20600,0,0
1998-11-27,8.5625,8.65625,8.5,8.65625,8.57589,5600,0,0
1998-11-30,8.75,8.9375,8.6875,8.6875,8.60685,25600,0,0
1998-12-01,8.625,8.8125,8.375,8.8125,8.73069,27200,0,0
1998-12-02,8.9375,9.21875,8.4375,8.75,8.66877,47400,0,0
1998-12-03,9,9.09375,8.6875,8.6875,8.60685,63800,0,0
1998-12-04,8.8125,8.8125,8.6875,8.78125,8.69973,10800,0,0
1998-12-07,8.78125,8.78125,8.71875,8.78125,8.69973,2600,0,0
1998-12-08,8.78125,8.8125,8.75,8.75,8.66877,101000,0,0
1998-12-09,8.75,8.875,8.75,8.8125,8.73069,8000,0,0
1998-12-10,8.78125,8.78125,8.75,8.75,8.66877,6000,0,0
1998-12-11,8.625,8.78125,8.625,8.78125,8.69973,13400,0,0
1998-12-14,8.78125,8.78125,8.75,8.75,8.66877,3000,0,0
1998-12-15,8.78125,8.8125,8.78125,8.78125,8.69973,1000,0,0
1998-12-16,8.875,9.1875,8.84375,9.0625,8.97837,29800,0,0
1998-12-17,9,9.0625,9,9.0625,8.97837,7200,0,0
1998-12-18,9.46875,9.46875,9.0625,9.09375,9.00933,29000,0,0
1998-12-21,9.09375,9.15625,9,9,8.91645,17200,0,0
1998-12-22,8.9375,8.96875,8.9375,8.96875,8.88549,1200,0,0
1998-12-23,8.875,9.125,8.875,9.125,9.04029,4800,0,0
1998-12-24,9.125,9.125,9.125,9.125,9.04029,0,0,0
1998-12-28,9.0625,9.0625,9.0625,9.0625,8.97837,200,0,0
1998-12-29,9.0625,9.1875,9.0625,9.1875,9.10221,2800,0,0
1998-12-30,9.1875,9.6875,9.1875,9.5625,9.47373,17600,0,0
1998-12-31,9.625,9.96875,9.625,9.90625,9.81428,16800,0,0
1999-01-04,10,10.1875,9.75,10.0312,9.93812,34800,0,0
1999-01-05,10.0625,10.625,10.0625,10.625,10.5264,28000,0,0
1999-01-06,10.8125,11.375,10.75,10.75,10.6502,48000,0,0
1999-01-07,10.6875,10.9062,10.6875,10.875,10.774,11600,0,0
1999-01-08,11,11.125,10.75,10.875,10.774,22600,0,0
1999-01-11,11,11.0625,10.4688,10.5,10.4025,30200,0,0
1999-01-12,10.5625,10.5625,9.96875,10.0625,9.96909,22200,0,0
1999-01-13,9.9375,10.375,9.4375,10.1875,10.0929,31800,0,0
1999-01-14,10.1875,10.4375,10.125,10.25,10.1548,23000,0,0
1999-01-15,10.375,10.9375,10.375,10.8125,10.7121,26800,0,0
1999-01-19,11,11.8125,11,11.6875,11.579,73400,0,0
1999-01-20,11.9375,12.5,11.9375,12.4375,12.322,56800,0,0
1999-01-21,12.5,12.6875,12.25,12.3125,12.1982,14000,0,0
1999-01-22,12.1875,12.1875,11.6875,11.9688,11.8576,54200,0,0
1999-01-25,12.0938,12.5625,11.875,12.4375,12.322,35000,0,0
1999-01-26,12.5,12.9375,12.5,12.625,12.5078,49000,0,0
1999-01-27,12.75,12.7812,12,12,11.8886,58400,0,0
1999-01-28,12,12.5,12,12.25,12.1363,42000,0,0
1999-01-29,12.25,12.25,11.8125,11.8125,11.7028,38000,0,0
1999-02-01,11.875,11.875,11.0625,11.125,11.0217,20600,0,0
1999-02-02,11.25,11.25,10.625,10.875,10.774,33200,0,0
1999-02-03,10.8125,11.7812,10.625,11.7812,11.6719,44600,0,0
1999-02-04,11.9062,12.3125,11.875,12.0625,11.9505,30600,0,0
1999-02-05,12.1875,12.3125,11.6562,11.75,11.6409,22800,0,0
1999-02-08,11.875,11.875,11.0625,11.3125,11.2075,28800,0,0
1999-02-09,11.375,11.375,10.7812,10.9375,10.836,30600,0,0
1999-02-10,10.9375,11.2812,10.9375,11.25,11.1456,30600,0,0
1999-02-11,11.375,11.9688,11.375,11.6562,11.548,25600,0,0
1999-02-12,11.6875,11.875,11.6562,11.7188,11.61,8600,0,0
1999-02-16,11.7188,11.7188,11.5625,11.5938,11.4861,6600,0,0
1999-02-17,11.7188,11.7188,11.2812,11.3125,11.2075,11800,0,0
1999-02-18,11.3438,11.625,11.3438,11.625,11.5171,6400,0,0
1999-02-19,11.75,11.75,11.4375,11.4375,11.3313,21600,0,0
1999-02-22,11.5,11.5,10.9062,11,10.8979,46600,0,0
1999-02-23,11,11.0625,10.9375,11,10.8979,4600,0,0
1999-02-24,11.125,11.3125,11.0938,11.2188,11.1146,25800,0,0
1999-02-25,11.1875,11.1875,10.75,10.875,10.774,38400,0,0
1999-02-26,10.8438,10.9062,10.8438,10.875,10.774,2800,0,0
1999-03-01,11,11.1562,10.8125,10.9062,10.805,7000,0,0
1999-03-02,10.9375,11.125,10.9375,10.9688,10.8669,10000,0,0
1999-03-03,10.9375,10.9375,10.6562,10.6875,10.5883,7800,0,0
1999-03-04,10.6875,10.7812,10.6875,10.6875,10.5883,16800,0,0
1999-03-05,10.75,11.0625,10.75,10.9688,10.8669,12600,0,0
1999-03-08,11.0938,11.4375,11.0938,11.3125,11.2075,15000,0,0
1999-03-09,11.1875,11.5938,11.1875,11.5,11.3932,7800,0,0
1999-03-10,11.625,11.625,11.375,11.375,11.2694,5600,0,0
1999-03-11,11.5938,11.625,11.4062,11.4062,11.3004,27600,0,0
1999-03-12,11.2812,11.3125,11.125,11.1875,11.0836,5600,0,0
1999-03-15,11.0625,11.2188,11.0625,11.1875,11.0836,8000,0,0
1999-03-16,11.25,11.25,11.0312,11.125,11.0217,2000,0,0
1999-03-17,11.2188,11.4062,11.2188,11.25,11.1456,7200,0,0
1999-03-18,11.3125,11.4375,11.3125,11.3125,11.2075,7200,0,0
1999-03-19,11.375,11.4375,11.1562,11.3125,11.2075,13800,0,0
1999-03-22,11.1875,11.2812,11.1875,11.2812,11.1765,7000,0,0
1999-03-23,11.1562,11.1562,10.6875,10.6875,10.5883,10600,0,0
1999-03-24,10.625,10.8438,10.5625,10.7188,10.6192,3200,0,0
1999-03-25,10.8438,11.3125,10.8438,11.1562,11.0527,15000,0,0
1999-03-26,11.2188,11.3125,11,11.0625,10.9598,13800,0,0
1999-03-29,11.125,11.2812,11.0625,11.25,11.1456,12600,0,0
1999-03-30,11.25,11.2812,11.125,11.125,11.0217,7600,0,0
1999-03-31,11.125,11.125,10.9062,10.9062,10.805,6200,0,0
1999-04-01,10.8438,10.9375,10.8438,10.9375,10.836,4000,0,0
1999-04-05,10.9062,10.9375,10.625,10.6875,10.5883,11000,0,0
1999-04-06,10.5625,10.6875,10.25,10.25,10.1548,26600,0,0
1999-04-07,10.4062,10.4062,10.2812,10.3125,10.2168,8600,0,0
1999-04-08,10.4375,10.4375,9.75,10.2812,10.1858,42800,0,0
1999-04-09,10.4062,10.9688,10.4062,10.8438,10.7431,47400,0,0
1999-04-12,10.9375,11,10.9375,11,10.8979,27400,0,0
1999-04-13,11,11.4688,11,11.4062,11.3004,20200,0,0
1999-04-14,11.5,11.5312,11.3125,11.3438,11.2384,25000,0,0
1999-04-15,11.2812,11.2812,10.7812,10.8125,10.7121,11200,0,0
1999-04-16,10.875,10.9375,10.875,10.875,10.774,3800,0,0
1999-04-19,10.9375,11.0625,10.3125,10.375,10.2787,13000,0,0
1999-04-20,10.25,10.3125,10.1562,10.2812,10.1858,8800,0,0
1999-04-21,10.5,10.5625,10.375,10.4062,10.3096,9200,0,0
1999-04-22,10.3438,10.5,10.25,10.4688,10.3716,8600,0,0
1999-04-23,10.4062,10.4062,10.4062,10.4062,10.3096,400,0,0
1999-04-26,10.375,10.625,10.3125,10.625,10.5264,7000,0,0
1999-04-27,10.5,11.2812,10.5,11.25,11.1456,46200,0,0
1999-04-28,11.5,11.5,10.6875,10.75,10.6502,32600,0,0
1999-04-29,10.875,11.6875,10.8438,11.5312,11.4242,28400,0,0
1999-04-30,11.4688,12.2188,11.4375,12.1562,12.0434,19400,0,0
1999-05-03,12.1875,12.25,11.6875,11.6875,11.579,27400,0,0
1999-05-04,11.5625,11.5938,11.4375,11.5312,11.4242,1600,0,0
1999-05-05,11.4688,11.4688,11.0625,11.125,11.0217,24200,0,0
1999-05-06,11,11.2812,11,11,10.8979,10600,0,0
1999-05-07,11.0312,11.125,11.0312,11.125,11.0217,4600,0,0
1999-05-10,11.125,11.5,11,11.5,11.3932,13200,0,0
1999-05-11,11.5625,11.75,11.5,11.5,11.3932,9000,0,0
1999-05-12,11.5,11.5,11.4062,11.5,11.3932,12000,0,0
1999-05-13,11.5,11.5,11.4688,11.5,11.3932,31200,0,0
1999-05-14,11.375,11.5,11.0625,11.0625,10.9598,37400,0,0
1999-05-17,11,11,10.8438,11,10.8979,13400,0,0
1999-05-18,11.0312,11.25,10.8438,10.9375,10.836,19000,0,0
1999-05-19,10.9062,11.3438,10.75,11.3125,11.2075,9800,0,0
1999-05-20,11.4375,11.5625,11.4062,11.4062,11.3004,13200,0,0
1999-05-21,11.375,11.375,11.125,11.125,11.0217,5400,0,0
1999-05-24,11.0625,11.0625,11,11,10.8979,2000,0,0
1999-05-25,10.875,10.9062,10.8438,10.8438,10.7431,6800,0,0
1999-05-26,10.75,10.75,10.6562,10.6562,10.5573,6400,0,0
1999-05-27,10.7812,10.7812,10.5312,10.6562,10.5573,7400,0,0
1999-05-28,10.6562,11,10.6562,11,10.8979,10400,0,0
1999-06-01,10.9375,11.125,10.9062,11.0312,10.9288,17800,0,0
1999-06-02,10.9688,10.9688,10.875,10.9375,10.836,12800,0,0
1999-06-03,11,11.2188,10.9062,11.2188,11.1146,95400,0,0
1999-06-04,11.3438,11.3438,11.2188,11.25,11.1456,10800,0,0
1999-06-07,11.25,11.3125,11.125,11.2812,11.1765,15000,0,0
1999-06-08,11.375,11.375,11.3125,11.3125,11.2075,5400,0,0
1999-06-09,11.25,11.5625,11.25,11.5,11.3932,35000,0,0
1999-06-10,11.4375,11.5,11.375,11.4062,11.3004,4800,0,0
1999-06-11,11.4062,11.5625,11.4062,11.5,11.3932,2800,0,0
1999-06-14,11.5312,11.6562,11.5,11.5625,11.4552,17000,0,0
1999-06-15,11.4375,11.4375,11.125,11.1875,11.0836,7200,0,0
1999-06-16,11.2188,11.3125,11.125,11.2188,11.1146,4200,0,0
1999-06-17,11.1875,11.1875,10.875,11.0625,10.9598,17400,0,0
1999-06-18,11,11.0625,10.9375,10.9375,10.836,5400,0,0
1999-06-21,10.8438,10.9062,10.75,10.8125,10.7121,2400,0,0
1999-06-22,10.6875,10.7812,10.625,10.7188,10.6192,18000,0,0
1999-06-23,10.6562,10.7188,10.5625,10.5938,10.4954,13600,0,0
1999-06-24,10.7188,10.75,10.625,10.6875,10.5883,17200,0,0
1999-06-25,10.6562,10.8125,10.375,10.75,10.6502,25400,0,0
1999-06-28,10.8438,11,10.8125,10.9375,10.836,7800,0,0
1999-06-29,10.875,10.875,10.5,10.625,10.5264,9200,0,0
1999-06-30,10.5,10.5,10.1875,10.5,10.4025,12000,0,0
1999-07-01,10.4375,10.9375,10.3125,10.9375,10.836,8400,0,0
1999-07-02,10.875,10.9062,10.6562,10.6562,10.5573,16800,0,0
1999-07-06,10.7188,10.9062,10.7188,10.9062,10.805,6800,0,0
1999-07-07,10.8438,11,10.7188,10.9062,10.805,4800,0,0
1999-07-08,10.7812,10.8125,10.5625,10.5625,10.4644,32200,0,0
1999-07-09,10.5,10.7188,10.375,10.5312,10.4335,40000,0,0
1999-07-12,10.5,10.5,10.125,10.3125,10.2168,9800,0,0
1999-07-13,10.1875,10.2812,10.0625,10.1875,10.0929,8400,0,0
1999-07-14,10.0938,10.2812,10.0938,10.2812,10.1858,10000,0,0
1999-07-15,10.3125,10.3438,10.2188,10.2812,10.1858,12000,0,0
1999-07-16,10.4062,10.5938,10.3125,10.375,10.2787,14800,0,0
1999-07-19,10.3438,10.3438,10.2188,10.2188,10.1239,5400,0,0
1999-07-20,10.125,10.125,10.0625,10.0625,9.96909,8800,0,0
1999-07-21,10,10,9.90625,9.9375,9.84525,37000,0,0
1999-07-22,9.8125,9.8125,9.6875,9.8125,9.72141,8400,0,0
1999-07-23,9.75,9.84375,9.5625,9.84375,9.75237,11200,0,0
1999-07-26,9.78125,9.78125,9.5625,9.6875,9.59757,7000,0,0
1999-07-27,9.75,9.875,9.65625,9.6875,9.59757,6600,0,0
1999-07-28,9.75,9.875,9.75,9.875,9.78332,11400,0,0
1999-07-29,9.8125,9.8125,9.5,9.59375,9.50469,17000,0,0
1999-07-30,9.5,9.5,9.1875,9.25,9.16413,7200,0,0
1999-08-02,9.125,9.125,9,9,8.91645,12200,0,0
1999-08-03,8.9375,9,8.5625,8.5625,8.48301,11800,0,0
1999-08-04,8.5,8.5,8.5,8.5,8.42109,14600,0,0
1999-08-05,8.5625,9.1875,8.5625,9.15625,9.07125,28600,0,0
1999-08-06,9.09375,9.09375,8.84375,8.875,8.79261,12200,0,0
1999-08-09,8.9375,9.25,8.9375,9.03125,8.94741,25400,0,0
1999-08-10,9.0625,9.0625,8.6875,8.6875,8.60685,13600,0,0
1999-08-11,8.625,9,8.5625,8.9375,8.85453,15400,0,0
1999-08-12,8.9375,9.125,8.9375,9,8.91645,17400,0,0
1999-08-13,9,9.125,9,9.0625,8.97837,15200,0,0
1999-08-16,9.03125,9.09375,9,9,8.91645,10800,0,0
1999-08-17,9.0625,9.1875,9.0625,9.0625,8.97837,4000,0,0
1999-08-18,9.0625,9.5625,9.0625,9.5625,9.47373,16000,0,0
1999-08-19,9.5625,9.90625,9.34375,9.90625,9.81428,27800,0,0
1999-08-20,9.96875,9.96875,9.71875,9.71875,9.62853,19400,0,0
1999-08-23,9.96875,9.96875,9.78125,9.78125,9.69045,18400,0,0
1999-08-24,9.78125,9.78125,9.625,9.6875,9.59757,4600,0,0
1999-08-25,9.625,9.625,9.5,9.5625,9.47373,2600,0,0
1999-08-26,9.5,9.5,9.4375,9.4375,9.34989,22000,0,0
1999-08-27,9.40625,9.53125,9.28125,9.4375,9.34989,10000,0,0
1999-08-30,9.40625,9.4375,9.28125,9.28125,9.19509,4400,0,0
1999-08-31,9.28125,9.34375,9.28125,9.34375,9.25701,3600,0,0
1999-09-01,9.28125,9.28125,9.09375,9.125,9.04029,7200,0,0
1999-09-02,9.09375,9.09375,9,9,8.91645,14200,0,0
1999-09-03,9.03125,9.125,8.9375,8.9375,8.85453,14200,0,0
1999-09-07,9,9,8.625,8.625,8.54493,8000,0,0
1999-09-08,8.5625,8.6875,8.5625,8.65625,8.57589,15600,0,0
1999-09-09,8.6875,8.875,8.6875,8.875,8.79261,22200,0,0
1999-09-10,9,9.875,9,9.46875,9.38085,68400,0,0
1999-09-13,9.6875,9.9375,9.6875,9.84375,9.75237,46000,0,0
1999-09-14,9.875,9.875,9.53125,9.53125,9.44277,6800,0,0
1999-09-15,9.46875,9.5,9.40625,9.5,9.41181,16000,0,0
1999-09-16,9.53125,9.875,9.53125,9.875,9.78332,13600,0,0
1999-09-17,9.9375,9.96875,9.875,9.875,9.78332,17600,0,0
1999-09-20,9.8125,9.8125,9.5,9.75,9.65949,22200,0,0
1999-09-21,9.6875,9.75,9.5625,9.5625,9.47373,24400,0,0
1999-09-22,9.625,9.84375,9.625,9.75,9.65949,14000,0,0
1999-09-23,9.6875,9.71875,9.65625,9.6875,9.59757,6400,0,0
1999-09-24,9.625,9.625,9.40625,9.4375,9.34989,9200,0,0
1999-09-27,9.46875,9.5,9.4375,9.4375,9.34989,4000,0,0
1999-09-28,9.4375,9.5,9.4375,9.5,9.41181,8600,0,0
1999-09-29,9.5625,9.625,9.5625,9.625,9.53565,5800,0,0
1999-09-30,9.5,9.8125,9.5,9.8125,9.72141,25400,0,0
1999-10-01,9.875,10.0938,9.875,10.0938,10,15800,0,0
1999-10-04,10.2188,10.2188,10,10,9.90717,11200,0,0
1999-10-05,10,10,9.8125,9.8125,9.72141,20400,0,0
1999-10-06,9.75,10.125,9.75,10,9.90717,10600,0,0
1999-10-07,10.0312,10.0938,10,10,9.90717,13600,0,0
1999-10-08,10.0625,10.5,10.0625,10.4062,10.3096,26000,0,0
1999-10-11,10.4375,10.625,10.4375,10.5938,10.4954,3600,0,0
1999-10-12,10.5312,10.875,10.5312,10.875,10.774,29600,0,0
1999-10-13,10.7812,10.8438,10.7188,10.7812,10.6812,13200,0,0
1999-10-14,10.6875,11,10.6875,10.8438,10.7431,21400,0,0
1999-10-15,10.7812,10.7812,10.2812,10.5312,10.4335,23000,0,0
1999-10-18,10.5,10.5,10,10.1562,10.062,11800,0,0
1999-10-19,10.1875,10.6562,10.1875,10.6562,10.5573,22200,0,0
1999-10-20,10.6562,10.7812,10.6562,10.7812,10.6812,2200,0,0
1999-10-21,10.9062,11.1562,10.6562,11.1562,11.0527,31800,0,0
1999-10-22,11.2812,11.5625,11.2812,11.5625,11.4552,32000,0,0
1999-10-25,11.5938,11.8438,11.5938,11.8438,11.7338,13400,0,0
1999-10-26,11.9688,12.1562,11.5625,12.0312,11.9196,68200,0,0
1999-10-27,12.1562,12.1562,10.9375,11,10.8979,43000,0,0
1999-10-28,11.125,11.3125,10.7812,10.7812,10.6812,36000,0,0
1999-10-29,10.8438,11.25,10.8438,11.1875,11.0836,25200,0,0
1999-11-01,11.2188,11.4375,11.2188,11.375,11.2694,7600,0,0
1999-11-02,11.4688,11.4688,11.25,11.25,11.1456,3000,0,0
1999-11-03,11.1875,11.1875,10.8438,11.0938,10.9908,18600,0,0
1999-11-04,11.125,11.3125,10.5,10.9375,10.836,60600,0,0
1999-11-05,11,11.1875,11,11,10.8979,10200,0,0
1999-11-08,11.125,11.1875,10.9062,10.9062,10.805,34800,0,0
1999-11-09,10.875,10.9375,10.8438,10.8438,10.7431,15000,0,0
1999-11-10,10.9062,11.75,10.9062,11.75,11.6409,28400,0,0
1999-11-11,11.8125,11.8125,11.5625,11.75,11.6409,24800,0,0
1999-11-12,11.8125,11.8438,11.25,11.3125,11.2075,24600,0,0
1999-11-15,11.3438,11.375,11.3438,11.375,11.2694,1200,0,0
1999-11-16,11.3125,11.6562,11.1875,11.6562,11.548,16200,0,0
1999-11-17,11.6562,12.125,11.6562,12.125,12.0124,21000,0,0
1999-11-18,12.2188,13.1562,12.2188,13.1562,13.0341,102800,0,0
1999-11-19,13.25,13.375,12.8125,13.0938,12.9722,70800,0,0
1999-11-22,13.2188,13.3125,12.9062,13.2188,13.096,23400,0,0
1999-11-23,13.2188,13.2188,12.9375,13.0625,12.9412,28000,0,0
1999-11-24,13,13.3438,12.9375,13.0625,12.9412,24800,0,0
1999-11-26,13,13.0938,13,13,12.8793,5400,0,0
1999-11-29,13.1875,13.25,13.1875,13.1875,13.0651,10600,0,0
1999-11-30,13.1562,13.1562,12.6562,12.9375,12.8174,59200,0,0
1999-12-01,13,13.2188,12.875,13.2188,13.096,34000,0,0
1999-12-02,13.2188,15,13.2188,14.7188,14.5821,65400,0,0
1999-12-03,14.8125,15.9688,14.7812,14.7812,14.644,75400,0,0
1999-12-06,14.8438,14.8438,13.9375,14.2812,14.1487,36400,0,0
1999-12-07,14.3125,15.0312,14.3125,14.875,14.7369,28800,0,0
1999-12-08,14.9062,15.5625,14.875,15.2188,15.0775,47200,0,0
1999-12-09,15.2188,15.2812,14.75,15.1875,15.0465,31600,0,0
1999-12-10,15.1562,16,15,15.9688,15.8205,27400,0,0
1999-12-13,16.0938,16.25,15.6875,15.9375,15.7895,46600,0,0
1999-12-14,15.9062,15.9062,15.5312,15.5312,15.3871,29400,0,0
1999-12-15,15.4375,15.4375,14.6562,15.375,15.2323,39600,0,0
1999-12-16,15.3125,15.5312,14.9688,15.0625,14.9227,15400,0,0
1999-12-17,15.125,15.125,14.8438,14.9062,14.7679,7600,0,0
1999-12-20,14.9062,15.0938,14.9062,15,14.8607,20600,0,0
1999-12-21,15.1875,16.5625,15.1875,16.375,16.223,177800,0,0
1999-12-22,16.75,18.3125,16.75,18.3125,18.1425,132000,0,0
1999-12-23,19.25,20.25,19.25,19.8125,19.6286,233600,0,0
1999-12-27,20.5,24.3125,20.5,23.75,23.5295,314800,0,0
1999-12-28,24.6875,27.2812,24.5,24.5,24.2726,598200,0,0
1999-12-29,24.5312,24.5312,21.75,22,21.7958,294200,0,0
1999-12-30,22,22.0312,20.7812,20.9062,20.7122,190800,0,0
1999-12-31,20.9688,21.4688,19.875,21.4062,21.2075,103000,0,0
2000-01-03,22.3438,23.75,22.0312,22.875,22.6626,287400,0,0
2000-01-04,22.5938,22.625,19,20.2188,20.031,324600,0,0
2000-01-05,20.0938,22.375,19.875,22,21.7958,192200,0,0
2000-01-06,21.875,21.875,20.1875,20.5938,20.4026,86600,0,0
2000-01-07,20.4375,21.5,19,21.5,21.3004,273200,0,0
2000-01-10,22,23.3438,21.875,22.9062,22.6936,98800,0,0
2000-01-11,23.125,23.125,20.4375,21.125,20.9289,94400,0,0
2000-01-12,21.25,21.6875,20.6562,20.6562,20.4645,53600,0,0
2000-01-13,20.7812,21.5,20.7812,21.5,21.3004,56000,0,0
2000-01-14,21.75,21.9375,21,21.2188,21.0218,97200,0,0
2000-01-18,20.9375,21.1875,19.25,19.4375,19.2571,108800,0,2
2000-01-19,19.5625,20.1875,17.5,17.625,17.4614,160800,0,0
2000-01-20,17.6875,18.3125,17.4375,17.5,17.3375,114300,0,0
2000-01-21,17.5625,18.25,16.375,17.25,17.0899,80200,0,0
2000-01-24,17.5,18.5625,17.375,18,17.8329,138500,0,0
2000-01-25,18.375,18.375,15.5,16.625,16.4707,90000,0,0
2000-01-26,16.625,16.75,14.8125,15.875,15.7276,168200,0,0
2000-01-27,16.75,18.5,16.5625,17.375,17.2137,136700,0,0
2000-01-28,17.8125,18.5,17.3125,17.5,17.3375,115800,0,0
2000-01-31,17.5,17.9375,16.625,17.5625,17.3995,122900,0,0
2000-02-01,17.5625,17.875,17.5,17.75,17.5852,119300,0,0
2000-02-02,17.6875,18.625,17.5,18.5,18.3283,55100,0,0
2000-02-03,19,21,19,20,19.8143,92000,0,0
2000-02-04,20.4375,20.75,19.875,19.875,19.6905,52100,0,0
2000-02-07,19.9375,20.1875,17.5,18.25,18.0806,64900,0,0
2000-02-08,18.5,19.25,18,19.0625,18.8855,70200,0,0
2000-02-09,19.25,19.875,18.9375,19.125,18.9475,41500,0,0
2000-02-10,19,19.25,17.6875,18.125,17.9567,33500,0,0
2000-02-11,18,18.9375,18,18.375,18.2044,25100,0,0
2000-02-14,18.3125,18.3125,17.25,17.6875,17.5233,86400,0,0
2000-02-15,17.4375,18.4375,17.1875,18.125,17.9567,26800,0,0
2000-02-16,18.3125,18.3125,17.5,17.6875,17.5233,36700,0,0
2000-02-17,17.875,18.4375,17.75,17.75,17.5852,60600,0,0
2000-02-18,17.75,17.9375,17.375,17.5,17.3375,21800,0,0
2000-02-22,16.9375,16.9375,16,16.5,16.3468,29000,0,0
2000-02-23,16.5,16.9375,16.375,16.6875,16.5326,20000,0,0
2000-02-24,16.5625,17.125,16.5625,17.125,16.966,28600,0,0
2000-02-25,17.25,17.5,17.0625,17.5,17.3375,14600,0,0
2000-02-28,17.375,17.625,16.9375,17.25,17.0899,26500,0,0
2000-02-29,17.3125,17.5,17.125,17.375,17.2137,21800,0,0
2000-03-01,17.375,17.375,17,17,16.8422,25800,0,0
2000-03-02,17,17.1875,16.8125,16.9375,16.7803,13700,0,0
2000-03-03,16.9375,17.1875,16.5625,16.6875,16.5326,36500,0,0
2000-03-06,16.5625,16.5625,15.5,15.9375,15.7895,50400,0,0
2000-03-07,15.625,15.625,14.125,14.4375,14.3035,69900,0,0
2000-03-08,14.1875,14.1875,12.5,13.4375,13.3128,96200,0,0
2000-03-09,13.5625,16,13.5625,15.75,15.6038,145700,0,0
2000-03-10,16.375,16.375,15.3125,15.375,15.2323,62400,0,0
2000-03-13,15,16.125,14.5625,16,15.8515,30700,0,0
2000-03-14,15.875,16.5,15.8125,16.375,16.223,40200,0,0
2000-03-15,16.125,16.5,14.9375,15.4375,15.2942,36400,0,0
2000-03-16,15.25,16.1875,15.25,15.875,15.7276,23000,0,0
2000-03-17,15.625,16.125,15.625,16,15.8515,34300,0,0
2000-03-20,16,16.8125,15.9375,16.75,16.5945,66300,0,0
2000-03-21,16.8125,17.25,16.4375,16.75,16.5945,41300,0,0
2000-03-22,17,17.3125,17,17.25,17.0899,25900,0,0
2000-03-23,17.25,17.75,17.25,17.5,17.3375,21900,0,0
2000-03-24,17.6875,17.8125,17.1875,17.25,17.0899,57200,0,0
2000-03-27,17.25,17.375,16.6875,16.9375,16.7803,17700,0,0
2000-03-28,17.25,17.25,14.1875,14.625,14.4892,70300,0,0
2000-03-29,14.625,15.125,13.5,13.875,13.7462,72200,0,0
2000-03-30,13.9375,13.9375,12.8125,13,12.8793,60600,0,0
2000-03-31,13.4375,14.8125,13.3125,14,13.87,62800,0,0
2000-04-03,14.1875,14.3125,13.375,13.375,13.2508,26400,0,0
2000-04-04,13.5,13.5,11.5625,12.4375,12.322,79000,0,0
2000-04-05,12.375,12.875,12.25,12.6875,12.5697,19100,0,0
2000-04-06,12.625,13.3125,12.625,13,12.8793,22500,0,0
2000-04-07,13.0625,13.0625,12.75,12.875,12.7555,24200,0,0
2000-04-10,13,13.1875,12.8125,12.8125,12.6936,13800,0,0
2000-04-11,13.5,13.5,11.9375,12,11.8886,76600,0,0
2000-04-12,12,12,11.25,11.6875,11.579,27400,0,0
2000-04-13,11.8125,11.8125,11.25,11.25,11.1456,14800,0,0
2000-04-14,10.875,11,10.25,10.8125,10.7121,62200,0,0
2000-04-17,10.375,10.875,10.25,10.75,10.6502,62700,0,0
2000-04-18,11,11.5,11,11.375,11.2694,12000,0,0
2000-04-19,11.75,11.75,10.8125,10.8125,10.7121,22200,0,0
2000-04-20,10.9375,10.9375,10.75,10.75,10.6502,5300,0,0
2000-04-24,10.5,10.6875,10.5,10.5625,10.4644,21200,0,0
2000-04-25,10.75,10.9375,10.5,10.8125,10.7121,17900,0,0
2000-04-26,10.5,10.5,9.8125,9.9375,9.84525,26000,0,0
2000-04-27,9.5625,9.5625,8.3125,9.5625,9.47373,148900,0,0
2000-04-28,9.4375,9.6875,8.9375,9.0625,8.97837,67000,0,0
2000-05-01,9.0625,9.5625,9.0625,9.4375,9.34989,22700,0,0
2000-05-02,9.5,9.5,9.25,9.4375,9.34989,16300,0,0
2000-05-03,9.375,9.625,9.375,9.5,9.41181,46200,0,0
2000-05-04,9.5,10,9.5,10,9.90717,25400,0,0
2000-05-05,9.9375,10,9.875,10,9.90717,5700,0,0
2000-05-08,9.75,9.875,9.5,9.625,9.53565,19300,0,0
2000-05-09,9.625,9.625,9.3125,9.375,9.28797,6200,0,0
2000-05-10,9,9.0625,8.5,8.875,8.79261,70800,0,0
2000-05-11,9.125,9.875,9,9.625,9.53565,16100,0,0
2000-05-12,9.625,10.25,9.625,10.25,10.1548,27300,0,0
2000-05-15,10.25,10.875,10.25,10.6875,10.5883,20700,0,0
2000-05-16,10.8125,11.0625,10.5,10.75,10.6502,25100,0,0
2000-05-17,10.875,10.875,10.125,10.875,10.774,21200,0,0
2000-05-18,10.8125,10.9375,10.5625,10.9375,10.836,15200,0,0
2000-05-19,10.875,11,10.75,10.875,10.774,14900,0,0
2000-05-22,10.8125,10.8125,10.25,10.3125,10.2168,7900,0,0
2000-05-23,10.375,10.625,10.25,10.25,10.1548,16600,0,0
2000-05-24,10.125,10.125,9.3125,9.4375,9.34989,21200,0,0
2000-05-25,9.5625,9.625,9.4375,9.5625,9.47373,5700,0,0
2000-05-26,9.5625,9.5625,8.875,9.375,9.28797,16100,0,0
2000-05-30,9.75,10.625,9.75,10.625,10.5264,35900,0,0
2000-05-31,10.5,11.8125,10.5,11.8125,11.7028,34600,0,0
2000-06-01,11.875,12.125,11.25,11.3125,11.2075,11800,0,0
2000-06-02,11.4375,11.4375,11.125,11.125,11.0217,7700,0,0
2000-06-05,11.0625,11.5625,10.875,11.5625,11.4552,32800,0,0
2000-06-06,11.5625,11.5625,11.1875,11.3125,11.2075,6200,0,0
2000-06-07,11.375,11.75,11.375,11.5,11.3932,4200,0,0
2000-06-08,11.375,11.8125,11.375,11.6875,11.579,9500,0,0
2000-06-09,11.75,12,11.625,11.75,11.6409,15300,0,0
2000-06-12,11.8125,11.8125,11.5625,11.75,11.6409,11500,0,0
2000-06-13,11.6875,11.75,11.5,11.5,11.3932,7300,0,0
2000-06-14,11.4375,11.5625,11,11.3125,11.2075,26500,0,0
2000-06-15,11.1875,11.3125,11.1875,11.25,11.1456,800,0,0
2000-06-16,11.25,11.25,10.875,10.875,10.774,4200,0,0
2000-06-19,10.75,10.9375,10.625,10.875,10.774,19900,0,0
2000-06-20,10.875,11.0625,10.6875,10.8125,10.7121,20800,0,0
2000-06-21,10.875,10.875,10.5625,10.5625,10.4644,900,0,0
2000-06-22,10.5,10.5,9.9375,10.25,10.1548,8000,0,0
2000-06-23,7.5,7.75,7.1875,7.5,7.43037,169000,0,0
2000-06-26,7.5,7.5,6.625,6.6875,6.62542,99300,0,0
2000-06-27,7.0625,7.1875,6.5,6.625,6.5635,94900,0,0
2000-06-28,6.75,7.1875,6.625,7.1875,7.12078,72100,0,0
2000-06-29,7.3125,7.8125,7.125,7.6875,7.61613,20500,0,0
2000-06-30,7.6875,8.125,7.6875,8.125,8.04957,23900,0,0
2000-07-03,8.125,8.375,8,8.125,8.04957,7000,0,0
2000-07-05,8,8,7.1875,7.3125,7.24461,19400,0,0
2000-07-06,7.3125,7.3125,7,7,6.93501,6000,0,0
2000-07-07,7,7.125,6.8125,7.125,7.05886,40700,0,0
2000-07-10,7.1875,7.25,7,7,6.93501,9200,0,0
2000-07-11,7,7,6.75,6.875,6.81118,42900,0,0
2000-07-12,6.75,7,6.75,6.9375,6.8731,36200,0,0
2000-07-13,6.875,6.9375,6.75,6.75,6.68734,11700,0,0
2000-07-14,6.75,6.75,6.5625,6.6875,6.62542,11100,0,0
2000-07-17,6.6875,6.75,6.625,6.625,6.5635,8100,0,0
2000-07-18,6.6875,6.6875,6.5625,6.5625,6.50158,5600,0,0
2000-07-19,6.625,6.6875,6.5,6.5625,6.50158,5600,0,0
2000-07-20,6.5625,6.5625,6.375,6.4375,6.37774,8400,0,0
2000-07-21,6.5,6.5,6.125,6.1875,6.13006,16800,0,0
2000-07-24,6.25,6.5,6.125,6.5,6.43966,44600,0,0
2000-07-25,6.75,6.75,6.6875,6.75,6.68734,13800,0,0
2000-07-26,6.9375,7.3125,6.625,7,6.93501,30200,0,0
2000-07-27,6.8125,7.625,6.75,7.0625,6.99694,26900,0,0
2000-07-28,7.25,7.25,6.6875,6.875,6.81118,9100,0,0
2000-07-31,6.8125,6.9375,6.625,6.8125,6.74926,31400,0,0
2000-08-01,6.6875,6.8125,6.5625,6.5625,6.50158,5100,0,0
2000-08-02,6.625,6.625,6.1875,6.5,6.43966,4400,0,0
2000-08-03,6.3125,6.3125,6,6.125,6.06814,12000,0,0
2000-08-04,6.1875,6.25,6,6.25,6.19198,19300,0,0
2000-08-07,6.5,6.875,6.5,6.6875,6.62542,7900,0,0
2000-08-08,6.4375,6.4375,6.125,6.125,6.06814,33200,0,0
2000-08-09,6.1875,6.1875,6,6,5.9443,10700,0,0
2000-08-10,6,6.0625,6,6.0625,6.00622,3800,0,0
2000-08-11,6.3125,6.3125,6.0625,6.125,6.06814,8000,0,0
2000-08-14,6.25,6.3125,5.9375,6.1875,6.13006,22600,0,0
2000-08-15,6.0625,6.1875,6,6,5.9443,10000,0,0
2000-08-16,5.9375,6.125,5.9375,6.125,6.06814,5400,0,0
2000-08-17,6,6.125,6,6.125,6.06814,3100,0,0
2000-08-18,6.0625,6.1875,6,6,5.9443,15700,0,0
2000-08-21,6.25,7.125,6.25,6.75,6.68734,49900,0,0
2000-08-22,6.875,7.6875,6.875,7.5625,7.49229,72600,0,0
2000-08-23,7.6875,8.1875,7.5625,8.125,8.04957,80100,0,0
2000-08-24,8.1875,8.875,8.1875,8.875,8.79261,73700,0,0
2000-08-25,9,9.375,9,9.3125,9.22605,41700,0,0
2000-08-28,9.4375,9.4375,8.375,9,8.91645,63700,0,0
2000-08-29,8.9375,8.9375,8.3125,8.6875,8.60685,17100,0,0
2000-08-30,8.8125,8.8125,8.25,8.375,8.29725,30400,0,0
2000-08-31,8.25,8.3125,7.875,8.25,8.17341,44800,0,0
2000-09-01,8.375,8.75,8.375,8.5,8.42109,10400,0,0
2000-09-05,8.5,8.75,8.5,8.6875,8.60685,27000,0,0
2000-09-06,8.75,8.8125,8.3125,8.3125,8.23533,17400,0,0
2000-09-07,8.4375,8.4375,8.3125,8.3125,8.23533,3400,0,0
2000-09-08,8.25,8.25,7.8125,7.875,7.80189,18100,0,0
2000-09-11,8,8,7.75,8,7.92573,6600,0,0
2000-09-12,7.875,7.9375,7.375,7.4375,7.36845,26300,0,0
2000-09-13,7.3125,7.4375,7,7.375,7.30654,9400,0,0
2000-09-14,7.4375,7.9375,7.4375,7.875,7.80189,18700,0,0
2000-09-15,8,8.125,7.875,8.0625,7.98765,31100,0,0
2000-09-18,8.1875,8.1875,7.875,7.875,7.80189,6100,0,0
2000-09-19,7.9375,7.9375,7.625,7.875,7.80189,1600,0,0
2000-09-20,7.8125,7.8125,7.625,7.625,7.55421,4600,0,0
2000-09-21,7.625,7.625,7.375,7.4375,7.36845,1300,0,0
2000-09-22,7.375,7.5625,7.1875,7.5625,7.49229,3300,0,0
2000-09-25,7.4375,7.8125,7.4375,7.75,7.67805,8600,0,0
2000-09-26,7.8125,7.8125,7.4375,7.4375,7.36845,5900,0,0
2000-09-27,7.5625,7.625,7.375,7.375,7.30654,7600,0,0
2000-09-28,7.625,7.625,7.375,7.4375,7.36845,5800,0,0
2000-09-29,7.375,7.8125,7.375,7.6875,7.61613,8000,0,0
2000-10-02,7.75,8,7.6875,7.6875,7.61613,21100,0,0
2000-10-03,7.75,8,7.75,7.8125,7.73997,7300,0,0
2000-10-04,7.8125,7.875,7.5,7.6875,7.61613,18300,0,0
2000-10-05,7.6875,7.6875,7.3125,7.375,7.30654,5800,0,0
2000-10-06,7.4375,7.4375,7.0625,7.3125,7.24461,15300,0,0
2000-10-09,7.6875,7.75,7,7.0625,6.99694,33200,0,0
2000-10-10,7.375,7.8125,7.375,7.5625,7.49229,26100,0,0
2000-10-11,7.5,7.5,7.0625,7.25,7.18269,3500,0,0
2000-10-12,7.3125,7.3125,7.0625,7.0625,6.99694,7700,0,0
2000-10-13,6.75,7.25,6.75,7.125,7.05886,52500,0,0
2000-10-16,7.125,7.125,6.6875,6.8125,6.74926,29000,0,0
2000-10-17,6.75,6.75,6.375,6.375,6.31582,22300,0,0
2000-10-18,6.3125,6.5,6.25,6.5,6.43966,9400,0,0
2000-10-19,6.625,6.75,6.5625,6.75,6.68734,10800,0,0
2000-10-20,6.625,6.8125,6.5625,6.625,6.5635,9100,0,0
2000-10-23,6.6875,6.6875,6.4375,6.5625,6.50158,4000,0,0
2000-10-24,6.6875,7.1875,6.625,7.1875,7.12078,33700,0,0
2000-10-25,7.3125,7.5,6.375,6.6875,6.62542,17900,0,0
2000-10-26,6.5625,6.5625,6,6.0625,6.00622,6400,0,0
2000-10-27,6,6.0625,5.9375,6.0625,6.00622,28400,0,0
2000-10-30,6,6,5.625,5.75,5.69662,39800,0,0
2000-10-31,5.8125,6.1875,5.8125,5.9375,5.88238,7600,0,0
2000-11-01,5.75,5.875,5.75,5.8125,5.75854,1700,0,0
2000-11-02,5.875,5.875,5.6875,5.6875,5.6347,4500,0,0
2000-11-03,5.625,5.875,5.625,5.75,5.69662,6600,0,0
2000-11-06,5.875,5.875,5.625,5.625,5.57278,1800,0,0
2000-11-07,5.5625,5.875,5.5625,5.6875,5.6347,6200,0,0
2000-11-08,5.875,5.875,5.625,5.625,5.57278,14500,0,0
2000-11-09,5.75,5.75,5.4375,5.4375,5.38702,4600,0,0
2000-11-10,5.3125,5.3125,4.75,5.0625,5.0155,47400,0,0
2000-11-13,5.0625,5.125,4.8125,4.8125,4.76782,3400,0,0
2000-11-14,5.25,5.25,4.875,5.1875,5.13934,21900,0,0
2000-11-15,5.25,5.25,4.875,4.9375,4.89166,18500,0,0
2000-11-16,5,5,4.5625,4.75,4.7059,14200,0,0
2000-11-17,4.625,4.625,4.375,4.4375,4.3963,21300,0,0
2000-11-20,4.375,4.5625,4.1875,4.25,4.21055,24600,0,0
2000-11-21,4.0625,4.3125,3.9375,3.9375,3.90095,41900,0,0
2000-11-22,4,4,3.75,3.875,3.83903,48200,0,0
2000-11-24,4.1875,4.625,4.1875,4.625,4.58206,5200,0,0
2000-11-27,5.25,5.4375,4.5625,4.5625,4.52015,36500,0,0
2000-11-28,4.625,4.75,4.5,4.625,4.58206,21800,0,0
2000-11-29,4.5625,4.8125,4.5625,4.75,4.7059,10200,0,0
2000-11-30,4.6875,4.875,4.5,4.625,4.58206,25200,0,0
2000-12-01,4.5625,4.5625,4.0625,4.125,4.08671,18700,0,0
2000-12-04,4.1875,4.25,4.1875,4.1875,4.14863,9400,0,0
2000-12-05,4.125,4.1875,4.0625,4.0625,4.02479,12200,0,0
2000-12-06,4.0625,4.0625,3.875,4,3.96287,40300,0,0
2000-12-07,3.9375,4.25,3.9375,4.1875,4.14863,18100,0,0
2000-12-08,4.1875,4.3125,4,4.125,4.08671,38700,0,0
2000-12-11,4,4.375,4,4.125,4.08671,19000,0,0
2000-12-12,4,4.3125,4,4.25,4.21055,10900,0,0
2000-12-13,4.375,4.375,4.125,4.125,4.08671,30400,0,0
2000-12-14,4.0625,4.125,4,4.125,4.08671,34200,0,0
2000-12-15,4.0625,4.25,4,4.25,4.21055,37000,0,0
2000-12-18,4.1875,4.1875,3.9375,3.9375,3.90095,22500,0,0
2000-12-19,3.9375,4,3.875,3.9375,3.90095,28400,0,0
2000-12-20,3.875,3.9375,3.5625,3.625,3.59135,39500,0,0
2000-12-21,3.5,3.875,3.5,3.875,3.83903,35100,0,0
2000-12-22,3.8125,4,3.625,3.8125,3.77711,21400,0,0
2000-12-26,3.6875,3.6875,3.4375,3.5,3.46751,23200,0,0
2000-12-27,3.625,4,3.625,3.75,3.71519,85300,0,0
2000-12-28,3.875,4.25,3.875,4.125,4.08671,17900,0,0
2000-12-29,4.125,4.3125,4.0625,4.0625,4.02479,45500,0,0
2001-01-02,4.1875,4.1875,4,4.125,4.08671,7500,0,0
2001-01-03,4.25,4.25,4,4.0625,4.02479,6600,0,0
2001-01-04,4.0625,4.0625,3.9375,4.0625,4.02479,4900,0,0
2001-01-05,4.1875,4.1875,3.9375,4.0625,4.02479,14600,0,0
2001-01-08,4.125,4.625,4.125,4.5625,4.52015,29500,0,0
2001-01-09,4.5625,5.1875,4.5625,5.1875,5.13934,52200,0,0
2001-01-10,5.1875,5.1875,4.8125,4.9375,4.89166,6100,0,0
2001-01-11,5,5.625,4.9375,5.5,5.44894,11100,0,0
2001-01-12,5.625,5.625,5.25,5.375,5.3251,12500,0,0
2001-01-16,5.5625,6.0625,5.5,5.75,5.69662,18700,0,0
2001-01-17,5.875,6.25,5.875,6.0625,6.00622,8200,0,0
2001-01-18,6.1875,6.5625,6.1875,6.3125,6.2539,20200,0,0
2001-01-19,6.4375,6.5625,6.3125,6.4375,6.37774,31400,0,0
2001-01-22,6.5,6.5,5.875,6,5.9443,21000,0,0
2001-01-23,6.0625,6.125,5.4375,5.6875,5.6347,19300,0,0
2001-01-24,5.75,6,5.75,5.875,5.82046,8500,0,0
2001-01-25,5.6875,5.8125,5.6875,5.8125,5.75854,2200,0,0
2001-01-26,5.875,6.0625,5.8125,5.9375,5.88238,8200,0,0
2001-01-29,5.94,5.94,5.83,5.86,5.8056,3000,0,0
2001-01-30,5.87,5.99,5.71,5.86,5.8056,13900,0,0
2001-01-31,6,6,5.9,5.9,5.84523,6100,0,0
2001-02-01,6,6.48,6,6.46,6.40003,16000,0,0
2001-02-02,6.48,6.56,6.26,6.4,6.34059,24000,0,0
2001-02-05,6.37,6.37,6,6,5.9443,9300,0,0
2001-02-06,6.01,6.05,5.99,5.99,5.93439,2100,0,0
2001-02-07,6.05,6.18,6.01,6.11,6.05328,62700,0,0
2001-02-08,6.1,6.38,5.94,6.09,6.03346,11300,0,0
2001-02-09,6.12,6.15,5.94,5.94,5.88486,5700,0,0
2001-02-12,5.95,6,5.9,5.93,5.87495,2700,0,0
2001-02-13,5.95,6.11,5.95,6.09,6.03346,47600,0,0
2001-02-14,6.08,6.08,5.66,5.67,5.61736,12600,0,0
2001-02-15,5.69,5.9,5.69,5.8,5.74616,5900,0,0
2001-02-16,5.64,5.64,5.33,5.33,5.28052,15500,0,0
2001-02-20,5.37,5.94,5.37,5.6,5.54801,31700,0,0
2001-02-21,5.54,5.71,4.35,4.35,4.30962,358800,0,0
2001-02-22,4.4,4.4,3.7,3.96,3.92324,401400,0,0
2001-02-23,3.96,4.24,3.96,4.2,4.16101,303700,0,0
2001-02-26,4.25,4.56,4.2,4.25,4.21055,82200,0,0
2001-02-27,4.25,4.28,4.17,4.19,4.1511,23400,0,0
2001-02-28,4.25,4.25,4.16,4.19,4.1511,181000,0,0
2001-03-01,4.25,4.25,4,4.03,3.99259,101100,0,0
2001-03-02,4.05,4.06,3.98,4.06,4.02231,282900,0,0
2001-03-05,4.08,4.14,4.06,4.08,4.04212,44100,0,0
2001-03-06,4.12,4.14,4.05,4.05,4.0124,26800,0,0
2001-03-07,4.04,4.07,3.98,4,3.96287,83700,0,0
2001-03-08,4,4,3.91,3.94,3.90342,24300,0,0
2001-03-09,4,4,3.9,3.95,3.91333,8900,0,0
2001-03-12,3.95,3.96,3.85,3.9,3.8638,22800,0,0
2001-03-13,3.85,4.04,3.85,4,3.96287,187200,0,0
2001-03-14,3.9,3.94,3.87,3.93,3.89352,11700,0,0
2001-03-15,4,4,3.81,3.9,3.8638,31400,0,0
2001-03-16,3.94,3.94,3.86,3.91,3.8737,56400,0,0
2001-03-19,3.95,3.95,3.87,3.89,3.85389,13900,0,0
2001-03-20,3.9,3.93,3.9,3.91,3.8737,19100,0,0
2001-03-21,3.91,3.91,3.7,3.7,3.66565,41000,0,0
2001-03-22,3.65,3.65,3.37,3.52,3.48732,65200,0,0
2001-03-23,3.6,3.64,3.55,3.62,3.58639,47900,0,0
2001-03-26,3.85,3.85,3.71,3.78,3.74491,88100,0,0
2001-03-27,3.8,3.8,3.76,3.79,3.75482,86200,0,0
2001-03-28,3.8,3.8,3.6,3.6,3.56658,3500,0,0
2001-03-29,3.6,3.67,3.53,3.55,3.51704,21300,0,0
2001-03-30,3.63,3.75,3.62,3.75,3.71519,45800,0,0
2001-04-02,3.8,3.8,3.65,3.65,3.61612,15600,0,0
2001-04-03,3.65,3.65,3.4,3.4,3.36844,18400,0,0
2001-04-04,3.35,3.4,3.22,3.24,3.20992,51800,0,0
2001-04-05,3.31,3.68,3.31,3.65,3.61612,30600,0,0
2001-04-06,3.65,3.7,3.64,3.7,3.66565,57200,0,0
2001-04-09,3.75,3.8,3.69,3.75,3.71519,27500,0,0
2001-04-10,3.79,4.06,3.79,4.03,3.99259,50900,0,0
2001-04-11,4.25,4.39,4.13,4.13,4.09166,56500,0,0
2001-04-12,4.1,4.1,3.9,3.98,3.94305,30200,0,0
2001-04-16,4,4,3.78,3.8,3.76472,60800,0,0
2001-04-17,3.81,3.93,3.8,3.93,3.89352,21400,0,0
2001-04-18,4,4.2,4,4.19,4.1511,63700,0,0
2001-04-19,4.19,4.64,4.19,4.61,4.5672,122800,0,0
2001-04-20,4.65,5.03,4.64,5.02,4.9734,144300,0,0
2001-04-23,5,5,4.55,4.56,4.51767,10400,0,0
2001-04-24,4.63,4.97,4.56,4.66,4.61674,63400,0,0
2001-04-25,4.67,4.72,4.59,4.62,4.57711,20900,0,0
2001-04-26,4.7,4.97,4.7,4.95,4.90405,36400,0,0
2001-04-27,5.04,5.38,5.04,5.27,5.22108,75700,0,0
2001-04-30,5.32,5.69,5.32,5.59,5.5381,57800,0,0
2001-05-01,5.59,5.59,5.49,5.57,5.51829,39700,0,0
2001-05-02,5.65,6.23,5.65,6.16,6.10281,118600,0,0
2001-05-03,6.01,6.01,5.74,5.89,5.83532,78500,0,0
2001-05-04,5.78,5.89,5.7,5.79,5.73625,60700,0,0
2001-05-07,5.82,5.85,5.75,5.83,5.77588,33400,0,0
2001-05-08,5.9,6.17,5.9,6.13,6.07309,61200,0,0
2001-05-09,6.19,6.21,6.07,6.16,6.10281,185000,0,0
2001-05-10,6.2,6.22,6.16,6.17,6.11272,28900,0,0
2001-05-11,6.1,6.3,6.1,6.27,6.21179,76100,0,0
2001-05-14,6.27,6.27,6.05,6.05,5.99383,31500,0,0
2001-05-15,6,6,5.5,5.64,5.58764,72700,0,0
2001-05-16,5.67,5.67,5.56,5.58,5.5282,212300,0,0
2001-05-17,6.68,6.68,5.51,5.62,5.56783,43700,0,0
2001-05-18,5.61,5.61,5.42,5.42,5.36968,133300,0,0
2001-05-21,5.5,5.7,5.49,5.69,5.63718,24900,0,0
2001-05-22,5.63,5.7,5.52,5.67,5.61736,43900,0,0
2001-05-23,5.69,5.82,5.68,5.76,5.70653,53600,0,0
2001-05-24,5.79,5.79,5.35,5.72,5.6669,84100,0,0
2001-05-25,5.73,5.77,5.59,5.61,5.55792,16900,0,0
2001-05-29,5.7,5.75,5.65,5.75,5.69662,42500,0,0
2001-05-30,5.75,5.75,5.38,5.38,5.33005,16000,0,0
2001-05-31,5.31,5.4,5.25,5.25,5.20126,41900,0,0
2001-06-01,5.26,5.69,5.26,5.65,5.59755,60400,0,0
2001-06-04,5.7,6.07,5.7,5.97,5.91458,74100,0,0
2001-06-05,6,6.14,5.87,5.93,5.87495,142000,0,0
2001-06-06,5.89,5.91,5.78,5.86,5.8056,18000,0,0
2001-06-07,5.85,5.89,5.79,5.82,5.76597,21300,0,0
2001-06-08,5.83,5.86,5.75,5.75,5.69662,83900,0,0
2001-06-11,5.8,5.88,5.67,5.79,5.73625,42900,0,0
2001-06-12,5.7,5.8,5.7,5.8,5.74616,123200,0,0
2001-06-13,5.92,5.92,5.76,5.78,5.72634,9700,0,0
2001-06-14,5.79,5.79,5.71,5.72,5.6669,6300,0,0
2001-06-15,5.91,5.91,5.53,5.68,5.62727,31900,0,0
2001-06-18,5.6,5.69,5.54,5.55,5.49848,16400,0,0
2001-06-19,5.5,5.6,5.5,5.57,5.51829,25500,0,0
2001-06-20,5.52,5.67,5.52,5.65,5.59755,146400,0,0
2001-06-21,5.7,5.75,5.63,5.73,5.67681,10200,0,0
2001-06-22,5.69,5.74,5.63,5.7,5.64708,207000,0,0
2001-06-25,5.7,5.94,5.66,5.75,5.69662,430700,0,0
2001-06-26,5.7,5.74,5.63,5.71,5.65699,84600,0,0
2001-06-27,5.71,5.76,5.71,5.74,5.68671,119900,0,0
2001-06-28,5.76,5.76,5.68,5.73,5.67681,82400,0,0
2001-06-29,5.71,5.84,5.67,5.73,5.67681,81200,0,0
2001-07-02,5.88,6.11,5.7,5.7,5.64708,154200,0,0
2001-07-03,5.77,5.77,5.69,5.72,5.6669,11100,0,0
2001-07-05,5.66,5.85,5.66,5.74,5.68671,35100,0,0
2001-07-06,5.74,5.79,5.64,5.76,5.70653,61100,0,0
2001-07-09,5.72,5.94,5.72,5.85,5.79569,404400,0,0
2001-07-10,5.85,5.9,5.83,5.87,5.81551,199000,0,0
2001-07-11,5.85,5.86,5.82,5.83,5.77588,27500,0,0
2001-07-12,5.83,5.85,5.77,5.8,5.74616,27300,0,0
2001-07-13,5.81,5.81,5.74,5.79,5.73625,7100,0,0
2001-07-16,5.79,5.89,5.79,5.86,5.8056,51100,0,0
2001-07-17,5.88,5.88,5.81,5.85,5.79569,18400,0,0
2001-07-18,5.85,5.87,5.73,5.73,5.67681,23900,0,0
2001-07-19,5.77,5.79,5.73,5.74,5.68671,7200,0,0
2001-07-20,5.79,5.82,5.71,5.82,5.76597,44800,0,0
2001-07-23,5.85,5.85,5.66,5.66,5.60746,24800,0,0
2001-07-24,5.66,5.75,5.55,5.7,5.64708,38800,0,0
2001-07-25,5.72,5.72,5.66,5.67,5.61736,6900,0,0
2001-07-26,5.67,5.73,5.63,5.64,5.58764,110600,0,0
2001-07-27,5.71,5.71,5.6,5.64,5.58764,133200,0,0
2001-07-30,5.67,5.85,5.55,5.55,5.49848,191500,0,0
2001-07-31,5.55,5.8,5.55,5.7,5.64708,663300,0,0
2001-08-01,5.7,6.1,5.7,6.05,5.99383,885200,0,0
2001-08-02,6.2,6.33,5.85,5.87,5.81551,272900,0,0
2001-08-03,5.8,5.92,5.75,5.82,5.76597,975600,0,0
2001-08-06,5.75,5.85,5.64,5.66,5.60746,142700,0,0
2001-08-07,5.85,5.91,5.74,5.89,5.83532,198200,0,0
2001-08-08,5.94,6.1,5.73,5.76,5.70653,91700,0,0
2001-08-09,5.75,5.8,5.61,5.7,5.64708,212300,0,0
2001-08-10,5.69,5.69,5.5,5.55,5.49848,23500,0,0
2001-08-13,5.54,5.54,5.48,5.52,5.46875,200900,0,0
2001-08-14,5.57,5.62,5.4,5.48,5.42913,54800,0,0
2001-08-15,5.49,5.49,5.37,5.4,5.34987,34300,0,0
2001-08-16,5.35,5.4,5.21,5.27,5.22108,92800,0,0
2001-08-17,5.25,5.25,5.18,5.24,5.19135,40800,0,0
2001-08-20,5.2,5.35,5.15,5.29,5.24089,127000,0,0
2001-08-21,5.29,5.31,5.2,5.28,5.23098,50000,0,0
2001-08-22,5.31,5.39,5.26,5.37,5.32015,99100,0,0
2001-08-23,5.39,5.42,5.3,5.38,5.33005,35500,0,0
2001-08-24,5.3,5.59,5.3,5.55,5.49848,63000,0,0
2001-08-27,5.59,5.59,5.35,5.39,5.33996,27700,0,0
2001-08-28,5.34,5.45,5.3,5.45,5.3994,415400,0,0
2001-08-29,5.5,5.53,5.43,5.47,5.41922,62600,0,0
2001-08-30,5.49,5.49,5.4,5.44,5.3895,8100,0,0
2001-08-31,5.39,5.49,5.39,5.48,5.42913,38300,0,0
2001-09-04,5.45,5.68,5.45,5.53,5.47866,124000,0,0
2001-09-05,5.39,5.7,5.39,5.7,5.64708,66400,0,0
2001-09-06,5.7,5.73,5.63,5.7,5.64708,248400,0,0
2001-09-07,5.67,5.69,5.5,5.55,5.49848,31700,0,0
2001-09-10,5.5,5.54,5.4,5.54,5.48857,45900,0,0
2001-09-17,5.25,5.65,5.15,5.64,5.58764,167000,0,0
2001-09-18,5.64,5.64,5.5,5.53,5.47866,16800,0,0
2001-09-19,5.5,5.59,5.2,5.5,5.44894,82700,0,0
2001-09-20,5.45,5.5,5.15,5.38,5.33005,80600,0,0
2001-09-21,4.98,5.32,4.98,5.3,5.2508,140800,0,0
2001-09-24,5.15,5.44,5.15,5.43,5.37959,109200,0,0
2001-09-25,5.43,5.5,5.4,5.4,5.34987,51700,0,0
2001-09-26,5.41,5.41,5.3,5.32,5.27061,91700,0,0
2001-09-27,5.3,5.49,5.3,5.49,5.43903,184500,0,0
2001-09-28,5.5,5.82,5.47,5.81,5.75606,85500,0,0
2001-10-01,5.77,6.06,5.53,6.03,5.97402,139600,0,0
2001-10-02,6,6.06,5.72,5.86,5.8056,39500,0,0
2001-10-03,5.81,5.98,5.76,5.85,5.79569,50700,0,0
2001-10-04,5.88,6.11,5.86,6.11,6.05328,58000,0,0
2001-10-05,6.1,6.11,5.91,6.09,6.03346,42000,0,0
2001-10-08,6.11,6.17,6.07,6.11,6.05328,26100,0,0
2001-10-09,6.06,6.17,5.92,5.98,5.92448,50100,0,0
2001-10-10,6.19,6.38,6,6.35,6.29105,248900,0,0
2001-10-11,6.4,6.46,6.12,6.12,6.06318,72900,0,0
2001-10-12,6.06,6.09,5.92,5.98,5.92448,91200,0,0
2001-10-15,5.92,6.1,5.92,6.06,6.00374,316600,0,0
2001-10-16,6.15,6.36,6.05,6.35,6.29105,60200,0,0
2001-10-17,6.4,6.7,6.4,6.56,6.4991,542700,0,0
2001-10-18,6.55,6.6,6.29,6.41,6.35049,57900,0,0
2001-10-19,6.41,6.43,6.17,6.41,6.35049,27300,0,0
2001-10-22,6.41,6.41,6.31,6.32,6.26133,552800,0,0
2001-10-23,6.3,6.41,6.28,6.38,6.32077,134600,0,0
2001-10-24,6.3,6.34,6.2,6.28,6.2217,50200,0,0
2001-10-25,6.25,6.3,6.23,6.29,6.23161,50900,0,0
2001-10-26,6.2,6.36,6.2,6.36,6.30096,33800,0,0
2001-10-29,6.35,6.47,6.27,6.44,6.38021,64000,0,0
2001-10-30,6.39,6.39,6.26,6.33,6.27123,28100,0,0
2001-10-31,6.25,6.6,6.25,6.39,6.33068,66900,0,0
2001-11-01,6.44,6.65,6.44,6.61,6.54864,70600,0,0
2001-11-02,6.6,6.65,6.43,6.44,6.38021,33700,0,0
2001-11-05,6.39,6.46,6.33,6.44,6.38021,24800,0,0
2001-11-06,6.49,6.69,6.4,6.67,6.60808,169900,0,0
2001-11-07,6.7,6.98,6.68,6.9,6.83594,165900,0,0
2001-11-08,6.9,6.96,6.8,6.83,6.76659,102100,0,0
2001-11-09,6.83,7,6.81,6.95,6.88548,170400,0,0
2001-11-12,7,7.24,6.8,7.2,7.13316,231900,0,0
2001-11-13,7.26,7.38,6.8,6.95,6.88548,184700,0,0
2001-11-14,6.99,7,6.75,6.77,6.70715,54500,0,0
2001-11-15,6.79,7.25,6.77,7.22,7.15297,143200,0,0
2001-11-16,7.25,7.25,7.11,7.25,7.18269,210000,0,0
2001-11-19,7.28,7.33,6.94,7.07,7.00437,96900,0,0
2001-11-20,7.02,7.02,6.85,6.91,6.84585,97600,0,0
2001-11-21,6.87,6.91,6.61,6.9,6.83594,89200,0,0
2001-11-23,6.98,7.03,6.96,6.98,6.9152,42900,0,0
2001-11-26,7,7.24,6.98,7.2,7.13316,175200,0,0
2001-11-27,7.2,7.25,7,7.02,6.95483,60400,0,0
2001-11-28,7,7.24,6.95,7.05,6.98455,103400,0,0
2001-11-29,7.1,7.25,7.06,7.19,7.12325,134600,0,0
2001-11-30,7.19,7.49,7.16,7.46,7.39075,217900,0,0
2001-12-03,7.45,7.56,7.35,7.35,7.28177,343900,0,0
2001-12-04,7.25,7.25,7.15,7.23,7.16288,82400,0,0
2001-12-05,7.28,7.5,7.28,7.39,7.32139,110200,0,0
2001-12-06,7.44,7.48,7.21,7.4,7.3313,76500,0,0
2001-12-07,7.36,7.36,7.26,7.27,7.20251,71700,0,0
2001-12-10,7.29,7.29,7.11,7.14,7.07372,42600,0,0
2001-12-11,7.14,7.15,6.86,6.93,6.86566,96000,0,0
2001-12-12,6.93,7.08,6.65,7,6.93501,72700,0,0
2001-12-13,7.05,7.05,6.86,6.93,6.86566,52100,0,0
2001-12-14,7.1,7.11,6.93,7.11,7.04399,26400,0,0
2001-12-17,6.95,7.1,6.92,6.96,6.89539,71800,0,0
2001-12-18,6.86,6.91,6.65,6.82,6.75669,30600,0,0
2001-12-19,6.73,6.9,6.61,6.69,6.62789,133200,0,0
2001-12-20,6.6,6.89,6.6,6.85,6.78641,102600,0,0
2001-12-21,6.8,7,6.8,6.94,6.87557,124700,0,0
2001-12-24,6.94,7,6.81,6.96,6.89539,27800,0,0
2001-12-26,6.92,6.93,6.58,6.63,6.56845,26200,0,0
2001-12-27,6.7,7.35,6.65,7.1,7.03409,204200,0,0
2001-12-28,7.18,7.44,7.18,7.41,7.34121,87100,0,0
2001-12-31,7.43,7.61,7.4,7.55,7.47991,113200,0,0
2002-01-02,7.6,7.6,7.3,7.43,7.36102,55700,0,0
2002-01-03,7.45,7.51,7.39,7.48,7.41056,49700,0,0
2002-01-04,7.53,7.66,7.42,7.65,7.57898,123500,0,0
2002-01-07,7.9,8.12,7.7,7.85,7.77712,195300,0,0
2002-01-08,7.93,7.93,7.66,7.8,7.72759,40500,0,0
2002-01-09,7.78,7.87,7.64,7.65,7.57898,172700,0,0
2002-01-10,7.7,7.72,7.42,7.5,7.43037,43100,0,0
2002-01-11,7.45,7.56,7.25,7.55,7.47991,65400,0,0
2002-01-14,7.45,7.47,7.22,7.25,7.18269,53800,0,0
2002-01-15,7.13,7.5,7.13,7.26,7.1926,92900,0,0
2002-01-16,7.25,7.3,7.12,7.2,7.13316,237500,0,0
2002-01-17,7.19,7.28,7.07,7.1,7.03409,80900,0,0
2002-01-18,7.2,7.57,7.2,7.44,7.37093,92400,0,0
2002-01-22,7.44,7.46,7.16,7.21,7.14307,94200,0,0
2002-01-23,7.21,7.21,7.02,7.1,7.03409,71500,0,0
2002-01-24,7.1,7.2,7.01,7.12,7.0539,90600,0,0
2002-01-25,7.12,7.14,6.82,6.96,6.89539,111800,0,0
2002-01-28,6.9,7,6.84,6.96,6.89539,39700,0,0
2002-01-29,7,7.05,6.86,6.94,6.87557,42700,0,0
2002-01-30,6.9,6.98,6.74,6.78,6.71706,64300,0,0
2002-01-31,6.84,6.84,6.55,6.56,6.4991,58400,0,0
2002-02-01,6.51,6.77,6.35,6.73,6.66752,81400,0,0
2002-02-04,6.7,6.7,6.35,6.41,6.35049,70200,0,0
2002-02-05,6.38,6.5,6.36,6.43,6.37031,46300,0,0
2002-02-06,6.49,6.52,6.29,6.3,6.24151,60600,0,0
2002-02-07,6.22,6.35,6.09,6.32,6.26133,128900,0,0
2002-02-08,6.26,6.52,6.26,6.5,6.43966,56900,0,0
2002-02-11,6.41,6.7,6.41,6.65,6.58826,37800,0,0
2002-02-12,6.66,6.83,6.66,6.73,6.66752,34300,0,0
2002-02-13,6.73,6.83,6.67,6.76,6.69724,25700,0,0
2002-02-14,6.73,6.79,6.4,6.51,6.44956,44200,0,0
2002-02-15,6.53,6.66,6.53,6.59,6.52882,29000,0,0
2002-02-19,6.59,6.65,6.44,6.65,6.58826,58700,0,0
2002-02-20,6.6,6.6,6.35,6.46,6.40003,21600,0,0
2002-02-21,6.45,6.57,6.44,6.45,6.39012,38200,0,0
2002-02-22,6.45,6.45,6.4,6.4,6.34059,9400,0,0
2002-02-25,6.4,6.5,6.4,6.5,6.43966,40500,0,0
2002-02-26,6.5,6.72,6.5,6.5,6.43966,83000,0,0
2002-02-27,6.6,6.62,6.41,6.41,6.35049,28400,0,0
2002-02-28,6.46,6.7,6.46,6.65,6.58826,97700,0,0
2002-03-01,6.72,6.9,6.64,6.74,6.67743,60600,0,0
2002-03-04,6.66,6.7,6.61,6.63,6.56845,32700,0,0
2002-03-05,6.7,6.7,6.54,6.57,6.50901,33800,0,0
2002-03-06,6.55,6.61,6.55,6.58,6.51891,69400,0,0
2002-03-07,6.6,6.89,6.6,6.87,6.80622,91600,0,0
2002-03-08,6.9,7.24,6.9,7.13,7.06381,158400,0,0
2002-03-11,7.05,7.3,6.98,7.24,7.17279,51400,0,0
2002-03-12,6.75,7.1,6.75,7.01,6.94492,79400,0,0
2002-03-13,7,7.19,6.92,6.94,6.87557,36600,0,0
2002-03-14,7.01,7.01,6.83,6.86,6.79632,13000,0,0
2002-03-15,6.81,6.9,6.7,6.86,6.79632,126200,0,0
2002-03-18,6.88,6.96,6.85,6.95,6.88548,112400,0,0
2002-03-19,6.96,7.07,6.96,7,6.93501,52200,0,0
2002-03-20,7.05,7.05,6.95,6.96,6.89539,20900,0,0
2002-03-21,6.86,7.02,6.86,6.96,6.89539,22900,0,0
2002-03-22,6.92,6.97,6.92,6.96,6.89539,19700,0,0
2002-03-25,6.9,6.93,6.6,6.6,6.53873,32200,0,0
2002-03-26,6.58,6.58,6.41,6.45,6.39012,50400,0,0
2002-03-27,6.44,6.52,6.32,6.35,6.29105,37000,0,0
2002-03-28,6.3,6.3,5.9,6.1,6.04337,109800,0,0
2002-04-01,6.04,6.19,5.82,5.82,5.76597,84100,0,0
2002-04-02,5.82,5.82,5.65,5.7,5.64708,65000,0,0
2002-04-03,5.71,6.09,5.71,6.09,6.03346,81200,0,0
2002-04-04,6.1,6.12,5.94,6.01,5.95421,33900,0,0
2002-04-05,6.02,6.04,5.53,5.65,5.59755,63800,0,0
2002-04-08,5.59,5.65,5.04,5.34,5.29043,105600,0,0
2002-04-09,5.44,5.61,5.14,5.2,5.15173,117900,0,0
2002-04-10,5.2,5.2,4.9,4.96,4.91395,940200,0,0
2002-04-11,4.9,5.1,4.75,4.88,4.8347,102700,0,0
2002-04-12,4.95,4.98,4.7,4.9,4.85451,39900,0,0
2002-04-15,4.82,5.19,4.82,5.18,5.13191,38000,0,0
2002-04-16,5.25,5.38,5.15,5.23,5.18145,52500,0,0
2002-04-17,5.24,5.55,5.22,5.55,5.49848,82400,0,0
2002-04-18,5.55,5.6,5.27,5.4,5.34987,54400,0,0
2002-04-19,5.36,5.42,5.19,5.25,5.20126,135300,0,0
2002-04-22,5.32,5.4,5.17,5.2,5.15173,17100,0,0
2002-04-23,5.41,5.43,5.16,5.37,5.32015,50700,0,0
2002-04-24,5.85,5.88,5.64,5.67,5.61736,65700,0,0
2002-04-25,5.79,5.79,5.21,5.28,5.23098,108000,0,0
2002-04-26,5.35,5.35,5.07,5.17,5.122,27200,0,0
2002-04-29,5.22,5.22,5.05,5.15,5.10219,29500,0,0
2002-04-30,5.11,5.34,5.11,5.23,5.18145,60100,0,0
2002-05-01,5.36,5.43,5.3,5.36,5.31024,18500,0,0
2002-05-02,5.32,5.49,5.29,5.4,5.34987,60100,0,0
2002-05-03,5.35,5.35,5.21,5.25,5.20126,42000,0,0
2002-05-06,5.21,5.29,5.13,5.13,5.08238,8400,0,0
2002-05-07,5.15,5.25,5.05,5.13,5.08238,20000,0,0
2002-05-08,5.13,5.34,5.13,5.29,5.24089,24000,0,0
2002-05-09,5.35,5.39,5.17,5.19,5.14182,10300,0,0
2002-05-10,5.29,5.31,5.14,5.14,5.09228,7900,0,0
2002-05-13,5.1,5.17,5.05,5.11,5.06256,29100,0,0
2002-05-14,5.1,5.24,5.08,5.12,5.07247,35400,0,0
2002-05-15,5.16,5.65,5.12,5.64,5.58764,98800,0,0
2002-05-16,5.7,5.7,5.51,5.51,5.45885,22600,0,0
2002-05-17,5.59,5.65,5.55,5.63,5.57773,15900,0,0
2002-05-20,5.63,5.63,5.1,5.23,5.18145,20700,0,0
2002-05-21,5.4,5.7,5.4,5.65,5.59755,60900,0,0
2002-05-22,5.6,5.79,5.6,5.76,5.70653,123300,0,0
2002-05-23,5.75,5.75,5.57,5.58,5.5282,21600,0,0
2002-05-24,5.5,5.76,5.5,5.67,5.61736,53600,0,0
2002-05-28,5.71,5.71,5.43,5.45,5.3994,5000,0,0
2002-05-29,5.4,5.48,5.4,5.41,5.35978,20100,0,0
2002-05-30,5.41,5.5,5.4,5.5,5.44894,30500,0,0
2002-05-31,5.5,5.62,5.38,5.38,5.33005,23500,0,0
2002-06-03,5.38,5.44,5.25,5.36,5.31024,28300,0,0
2002-06-04,5.33,5.49,5.27,5.44,5.3895,13200,0,0
2002-06-05,5.37,5.51,5.37,5.42,5.36968,28100,0,0
2002-06-06,5.44,5.53,5.44,5.46,5.40931,106300,0,0
2002-06-07,5.44,5.6,5.3,5.43,5.37959,53300,0,0
2002-06-10,5.36,5.64,5.36,5.48,5.42913,61700,0,0
2002-06-11,5.45,5.52,5.34,5.44,5.3895,48400,0,0
2002-06-12,5.42,5.46,5.37,5.39,5.33996,23200,0,0
2002-06-13,5.36,5.4,5.21,5.23,5.18145,21100,0,0
2002-06-14,5.16,5.19,5.11,5.15,5.10219,14500,0,0
2002-06-17,5.11,5.27,5.11,5.21,5.16163,11300,0,0
2002-06-18,5.16,5.25,4.95,4.95,4.90405,28400,0,0
2002-06-19,4.8,4.94,4.75,4.81,4.76535,35600,0,0
2002-06-20,4.8,4.91,4.75,4.8,4.75544,10800,0,0
2002-06-21,4.85,4.85,4.41,4.47,4.4285,82300,0,0
2002-06-24,4.28,4.41,4.28,4.34,4.29971,104200,0,0
2002-06-25,4.35,4.66,4.32,4.66,4.61674,56100,0,0
2002-06-26,4.6,4.6,4.44,4.56,4.51767,19300,0,0
2002-06-27,4.65,4.85,4.5,4.73,4.68609,57800,0,0
2002-06-28,4.7,4.76,4.5,4.56,4.51767,41500,0,0
2002-07-01,4.54,4.59,4.3,4.41,4.36906,11900,0,0
2002-07-02,4.41,4.49,4.25,4.49,4.44832,45600,0,0
2002-07-03,4.45,5.22,4.45,5,4.95358,81000,0,0
2002-07-05,4.91,4.92,4.69,4.74,4.696,12300,0,0
2002-07-08,4.74,4.84,4.66,4.79,4.74553,42200,0,0
2002-07-09,4.76,4.76,4.57,4.63,4.58702,50900,0,0
2002-07-10,4.58,4.69,4.5,4.5,4.45822,6000,0,0
2002-07-11,4.41,4.57,4.41,4.57,4.52757,25200,0,0
2002-07-12,4.5,4.74,4.43,4.48,4.43841,22300,0,0
2002-07-15,4.45,4.5,4.31,4.41,4.36906,20500,0,0
2002-07-16,4.43,4.7,4.43,4.63,4.58702,11700,0,0
2002-07-17,4.53,4.74,4.53,4.56,4.51767,26900,0,0
2002-07-18,4.51,4.51,4.38,4.42,4.37897,12600,0,0
2002-07-19,4.38,4.4,4.15,4.3,4.26008,47900,0,0
2002-07-22,4.2,4.37,4.1,4.25,4.21055,44500,0,0
2002-07-23,4.15,4.3,4.13,4.13,4.09166,17300,0,0
2002-07-24,3.85,3.98,3.74,3.84,3.80435,45600,0,0
2002-07-25,3.81,3.85,3.6,3.6,3.56658,82500,0,0
2002-07-26,3.55,3.56,3.3,3.48,3.44769,18100,0,0
2002-07-29,3.58,3.99,3.58,3.99,3.95296,25700,0,0
2002-07-30,3.99,4.1,3.91,4,3.96287,77200,0,0
2002-07-31,4.01,4.01,3.88,3.88,3.84398,18100,0,0
2002-08-01,3.82,3.9,3.8,3.9,3.8638,2900,0,0
2002-08-02,4,4,3.65,3.7,3.66565,6200,0,0
2002-08-05,3.66,3.7,3.65,3.65,3.61612,9800,0,0
2002-08-06,3.7,3.79,3.68,3.76,3.72509,62400,0,0
2002-08-07,3.79,3.88,3.67,3.67,3.63593,32800,0,0
2002-08-08,3.66,3.74,3.55,3.74,3.70528,22200,0,0
2002-08-09,3.72,3.84,3.72,3.84,3.80435,4100,0,0
2002-08-12,3.85,3.88,3.7,3.87,3.83407,18200,0,0
2002-08-13,3.85,3.91,3.7,3.7,3.66565,15900,0,0
2002-08-14,3.8,3.81,3.67,3.7,3.66565,19300,0,0
2002-08-15,3.65,3.75,3.65,3.73,3.69537,17800,0,0
2002-08-16,3.75,4,3.75,4,3.96287,34300,0,0
2002-08-19,4.02,4.15,3.99,4,3.96287,24800,0,0
2002-08-20,3.99,4.15,3.99,4.13,4.09166,12000,0,0
2002-08-21,4.15,4.32,4.14,4.24,4.20064,8900,0,0
2002-08-22,4.32,4.47,4.31,4.41,4.36906,30200,0,0
2002-08-23,4.48,4.49,4.42,4.42,4.37897,4500,0,0
2002-08-26,4.48,4.6,4.44,4.45,4.40869,8700,0,0
2002-08-27,4.43,4.43,4.2,4.26,4.22045,12700,0,0
2002-08-28,4.2,4.2,4.1,4.11,4.07184,2200,0,0
2002-08-29,4.05,4.12,3.98,4.01,3.97277,4700,0,0
2002-08-30,4.03,4.35,3.92,4.01,3.97277,34300,0,0
2002-09-03,4,4.29,4,4.28,4.24027,25900,0,0
2002-09-04,4.2,4.27,4,4.03,3.99259,62200,0,0
2002-09-05,3.95,4.01,3.9,3.9,3.8638,35800,0,0
2002-09-06,3.9,3.99,3.9,3.92,3.88361,21400,0,0
2002-09-09,3.86,3.95,3.86,3.9,3.8638,23500,0,0
2002-09-10,3.85,3.93,3.85,3.89,3.85389,1600,0,0
2002-09-11,3.99,4.15,3.79,3.79,3.75482,13200,0,0
2002-09-12,3.75,3.75,3.61,3.61,3.57649,7700,0,0
2002-09-13,3.65,3.67,3.64,3.64,3.60621,12700,0,0
2002-09-16,3.75,3.75,3.62,3.71,3.67556,23200,0,0
2002-09-17,3.69,3.78,3.66,3.67,3.63593,15100,0,0
2002-09-18,3.66,3.66,3.5,3.58,3.54677,28500,0,0
2002-09-19,3.52,3.52,3.2,3.33,3.29909,52700,0,0
2002-09-20,3.35,3.53,3.32,3.43,3.39816,67200,0,0
2002-09-23,3.3,3.47,3.23,3.27,3.23964,9400,0,0
2002-09-24,3.27,3.35,3.26,3.31,3.27927,52500,0,0
2002-09-25,3.34,3.73,3.34,3.72,3.68547,55300,0,0
2002-09-26,3.75,4.2,3.75,4.02,3.98268,61700,0,0
2002-09-27,4.02,4.07,3.9,3.98,3.94305,20000,0,0
2002-09-30,3.98,3.98,3.62,3.85,3.81426,71000,0,0
2002-10-01,3.85,3.9,3.72,3.89,3.85389,15500,0,0
2002-10-02,3.92,4.05,3.85,3.91,3.8737,16500,0,0
2002-10-03,3.93,4,3.85,3.91,3.8737,8900,0,0
2002-10-04,3.91,3.91,3.59,3.66,3.62602,76800,0,0
2002-10-07,3.66,3.66,3.45,3.45,3.41797,15200,0,0
2002-10-08,3.45,3.59,3.45,3.47,3.43779,42000,0,0
2002-10-09,3.4,4.03,3.4,3.79,3.75482,35900,0,0
2002-10-10,3.71,3.92,3.71,3.84,3.80435,24100,0,0
2002-10-11,3.78,3.9,3.78,3.8,3.76472,30700,0,0
2002-10-14,3.77,3.87,3.77,3.86,3.82417,7900,0,0
2002-10-15,3.9,4.01,3.88,3.9,3.8638,35300,0,0
2002-10-16,3.85,4.01,3.75,4,3.96287,13700,0,0
2002-10-17,4.05,4.33,4.05,4.22,4.18082,76900,0,0
2002-10-18,4.24,4.28,4.21,4.25,4.21055,52100,0,0
2002-10-21,4.23,4.33,4.1,4.2,4.16101,47000,0,0
2002-10-22,4.28,4.37,4.21,4.35,4.30962,44300,0,0
2002-10-23,4.36,4.7,4.29,4.61,4.5672,88100,0,0
2002-10-24,4.7,4.73,4.63,4.65,4.60683,59300,0,0
2002-10-25,4.64,4.64,4.51,4.54,4.49785,50400,0,0
2002-10-28,4.62,4.64,4.52,4.55,4.50776,24800,0,0
2002-10-29,4.5,4.5,4.4,4.4,4.35915,16100,0,0
2002-10-30,4.4,4.4,4.3,4.31,4.26999,19300,0,0
2002-10-31,4.33,4.5,4.33,4.47,4.4285,33300,0,0
2002-11-01,4.45,4.57,4.39,4.53,4.48795,36500,0,0
2002-11-04,4.53,4.65,4.49,4.52,4.47804,34400,0,0
2002-11-05,4.57,4.57,4.29,4.35,4.30962,16300,0,0
2002-11-06,4.42,4.52,4.42,4.51,4.46813,26800,0,0
2002-11-07,4.45,4.52,4.41,4.5,4.45822,19900,0,0
2002-11-08,4.53,4.6,4.46,4.5,4.45822,28600,0,0
2002-11-11,4.51,4.55,4.4,4.41,4.36906,16500,0,0
2002-11-12,4.44,4.45,4.39,4.39,4.34924,16300,0,0
2002-11-13,4.43,4.44,4.31,4.36,4.31952,16200,0,0
2002-11-14,4.44,4.46,4.36,4.41,4.36906,27300,0,0
2002-11-15,4.4,4.41,4.36,4.36,4.31952,11800,0,0
2002-11-18,4.44,4.44,4.34,4.38,4.33934,17900,0,0
2002-11-19,4.38,4.43,4.37,4.38,4.33934,23800,0,0
2002-11-20,4.39,4.42,4.38,4.4,4.35915,18300,0,0
2002-11-21,4.42,4.7,4.4,4.55,4.50776,72000,0,0
2002-11-22,4.45,4.78,4.45,4.55,4.50776,129300,0,0
2002-11-25,4.55,4.78,4.5,4.7,4.65637,82600,0,0
2002-11-26,4.75,4.87,4.63,4.83,4.78516,51100,0,0
2002-11-27,4.93,4.93,4.83,4.87,4.82479,28300,0,0
2002-11-29,5,5.12,5,5.05,5.00312,95400,0,0
2002-12-02,5.15,5.27,5.05,5.15,5.10219,46500,0,0
2002-12-03,5.15,5.15,5,5.06,5.01303,24600,0,0
2002-12-04,4.95,4.99,4.88,4.97,4.92386,10900,0,0
2002-12-05,5.03,5.03,4.78,4.82,4.77525,9700,0,0
2002-12-06,4.75,4.75,3.9,4.17,4.13129,124800,0,0
2002-12-09,4.2,4.42,4.2,4.32,4.2799,38000,0,0
2002-12-10,4.35,4.6,4.35,4.6,4.5573,39700,0,0
2002-12-11,4.62,4.86,4.6,4.86,4.81488,96100,0,0
2002-12-12,4.92,5.05,4.92,5.05,5.00312,31600,0,0
2002-12-13,5,5.01,4.81,4.87,4.82479,48500,0,0
2002-12-16,4.85,4.85,4.56,4.56,4.51767,18600,0,0
2002-12-17,4.56,4.63,4.53,4.6,4.5573,39600,0,0
2002-12-18,4.68,4.68,4.54,4.54,4.49785,30600,0,0
2002-12-19,4.52,4.54,4.49,4.5,4.45822,12700,0,0
2002-12-20,4.5,4.5,4.42,4.49,4.44832,30000,0,0
2002-12-23,4.43,4.43,4.22,4.4,4.35915,40100,0,0
2002-12-24,4.38,4.44,4.34,4.42,4.37897,18800,0,0
2002-12-26,4.37,4.45,4.18,4.22,4.18082,15800,0,0
2002-12-27,4.3,4.45,4.3,4.34,4.29971,51000,0,0
2002-12-30,4.32,4.39,4.24,4.29,4.25017,29800,0,0
2002-12-31,4.35,4.37,4.23,4.37,4.32943,22800,0,0
2003-01-02,4.35,4.35,4.2,4.34,4.29971,47400,0,0
2003-01-03,4.35,4.45,4.35,4.41,4.36906,30600,0,0
2003-01-06,4.44,4.54,4.44,4.54,4.49785,225900,0,0
2003-01-07,4.64,4.64,4.37,4.37,4.32943,330500,0,0
2003-01-08,4.36,4.42,4.28,4.41,4.36906,31500,0,0
2003-01-09,4.41,4.55,4.41,4.54,4.49785,410700,0,0
2003-01-10,4.53,4.61,4.53,4.58,4.53748,356800,0,0
2003-01-13,4.68,4.72,4.53,4.55,4.50776,15200,0,0
2003-01-14,4.55,4.63,4.55,4.61,4.5672,38300,0,0
2003-01-15,4.63,4.8,4.6,4.78,4.73563,37400,0,0
2003-01-16,4.84,4.92,4.75,4.79,4.74553,31200,0,0
2003-01-17,4.79,4.8,4.59,4.66,4.61674,30900,0,0
2003-01-21,4.66,4.8,4.66,4.7,4.65637,85700,0,0
2003-01-22,4.68,4.68,4.55,4.55,4.50776,363100,0,0
2003-01-23,4.63,4.79,4.62,4.69,4.64646,46900,0,0
2003-01-24,4.65,4.83,4.65,4.75,4.7059,367300,0,0
2003-01-27,4.7,4.73,4.66,4.66,4.61674,16600,0,0
2003-01-28,4.78,4.88,4.7,4.74,4.696,84800,0,0
2003-01-29,4.72,4.72,4.64,4.64,4.59692,31500,0,0
2003-01-30,4.6,4.66,4.56,4.58,4.53748,8900,0,0
2003-01-31,4.58,4.85,4.58,4.85,4.80498,46500,0,0
2003-02-03,4.95,4.95,4.7,4.78,4.73563,34500,0,0
2003-02-04,4.75,4.81,4.65,4.8,4.75544,54000,0,0
2003-02-05,4.8,4.88,4.78,4.82,4.77525,19300,0,0
2003-02-06,4.9,4.9,4.8,4.83,4.78516,12400,0,0
2003-02-07,4.84,4.9,4.81,4.81,4.76535,22800,0,0
2003-02-10,4.8,4.86,4.76,4.76,4.71581,30600,0,0
2003-02-11,4.76,4.76,4.63,4.66,4.61674,17900,0,0
2003-02-12,4.6,4.65,4.54,4.55,4.50776,42100,0,0
2003-02-13,4.55,4.62,4.55,4.62,4.57711,12300,0,0
2003-02-14,4.6,4.7,4.59,4.61,4.5672,26200,0,0
2003-02-18,4.63,4.7,4.61,4.61,4.5672,33300,0,0
2003-02-19,4.61,4.65,4.61,4.65,4.60683,35300,0,0
2003-02-20,4.63,4.65,4.62,4.63,4.58702,41200,0,0
2003-02-21,4.61,4.65,4.61,4.63,4.58702,33300,0,0
2003-02-24,4.61,4.61,4.55,4.57,4.52757,12000,0,0
2003-02-25,4.52,4.55,4.44,4.5,4.45822,26000,0,0
2003-02-26,4.47,4.57,4.47,4.5,4.45822,19200,0,0
2003-02-27,4.53,4.62,4.53,4.62,4.57711,13900,0,0
2003-02-28,4.57,4.7,4.57,4.69,4.64646,36600,0,0
2003-03-03,4.66,4.73,4.63,4.64,4.59692,197100,0,0
2003-03-04,4.59,4.72,4.59,4.7,4.65637,16500,0,0
2003-03-05,4.7,4.7,4.59,4.7,4.65637,29300,0,0
2003-03-06,4.66,4.68,4.63,4.65,4.60683,25600,0,0
2003-03-07,4.63,4.63,4.52,4.57,4.52757,11200,0,0
2003-03-10,4.52,4.58,4.49,4.57,4.52757,12800,0,0
2003-03-11,4.57,4.58,4.48,4.5,4.45822,12500,0,0
2003-03-12,4.49,4.49,4.39,4.45,4.40869,11500,0,0
2003-03-13,4.49,4.53,4.44,4.47,4.4285,23300,0,0
2003-03-14,4.46,4.59,4.45,4.57,4.52757,20200,0,0
2003-03-17,4.55,4.73,4.55,4.69,4.64646,95000,0,0
2003-03-18,4.71,4.79,4.69,4.71,4.66628,249500,0,0
2003-03-19,4.68,4.74,4.67,4.73,4.68609,162600,0,0
2003-03-20,4.73,4.73,4.68,4.71,4.66628,184100,0,0
2003-03-21,4.68,4.75,4.64,4.65,4.60683,102500,0,0
2003-03-24,4.61,4.62,4.46,4.46,4.4186,24800,0,0
2003-03-25,4.47,4.53,4.47,4.53,4.48795,23500,0,0
2003-03-26,4.53,4.57,4.53,4.55,4.50776,8500,0,0
2003-03-27,4.56,4.65,4.55,4.63,4.58702,13300,0,0
2003-03-28,4.61,4.63,4.51,4.62,4.57711,17800,0,0
2003-03-31,4.57,4.71,4.57,4.7,4.65637,19900,0,0
2003-04-01,4.7,4.72,4.59,4.65,4.60683,53300,0,0
2003-04-02,4.65,4.77,4.65,4.75,4.7059,259100,0,0
2003-04-03,4.79,4.79,4.71,4.72,4.67618,31800,0,0
2003-04-04,4.72,4.75,4.72,4.74,4.696,14800,0,0
2003-04-07,4.75,4.75,4.58,4.62,4.57711,8900,0,0
2003-04-08,4.62,4.71,4.62,4.69,4.64646,14000,0,0
2003-04-09,4.7,4.77,4.66,4.69,4.64646,18500,0,0
2003-04-10,4.49,4.71,4.49,4.68,4.63655,32100,0,0
2003-04-11,4.69,4.79,4.69,4.72,4.67618,5700,0,0
2003-04-14,4.74,4.75,4.7,4.71,4.66628,5400,0,0
2003-04-15,4.65,4.75,4.6,4.6,4.5573,28800,0,0
2003-04-16,4.6,4.72,4.6,4.62,4.57711,7800,0,0
2003-04-17,4.55,4.68,4.5,4.62,4.57711,18400,0,0
2003-04-21,4.58,4.61,4.5,4.52,4.47804,5600,0,0
2003-04-22,4.52,4.52,4.45,4.49,4.44832,77900,0,0
2003-04-23,4.49,4.56,4.49,4.55,4.50776,44300,0,0
2003-04-24,4.55,4.69,4.55,4.64,4.59692,20200,0,0
2003-04-25,4.64,4.64,4.5,4.58,4.53748,22500,0,0
2003-04-28,4.6,4.67,4.6,4.66,4.61674,35200,0,0
2003-04-29,4.7,4.89,4.7,4.85,4.80498,36400,0,0
2003-04-30,4.9,5.04,4.82,4.86,4.81488,75400,0,0
2003-05-01,4.86,4.95,4.84,4.95,4.90405,22100,0,0
2003-05-02,4.94,4.99,4.9,4.98,4.93377,430300,0,0
2003-05-05,4.99,5,4.89,4.89,4.8446,45200,0,0
2003-05-06,4.94,5.14,4.94,5.04,4.99321,505800,0,0
2003-05-07,4.97,5.05,4.97,4.99,4.94367,212300,0,0
2003-05-08,5,5.14,5,5.02,4.9734,68000,0,0
2003-05-09,5.08,5.15,5.05,5.1,5.05265,31400,0,0
2003-05-12,5.06,5.23,5.06,5.2,5.15173,30200,0,0
2003-05-13,5.16,5.18,5.07,5.08,5.03284,35600,0,0
2003-05-14,5.1,5.25,5.1,5.25,5.20126,16200,0,0
2003-05-15,5.2,5.3,5.2,5.22,5.17154,12500,0,0
2003-05-16,5.22,5.27,5.2,5.25,5.20126,38600,0,0
2003-05-19,5.15,5.15,4.92,4.99,4.94367,12300,0,0
2003-05-20,5.05,5.2,5.05,5.15,5.10219,48600,0,0
2003-05-21,5.2,5.2,5.13,5.17,5.122,6000,0,0
2003-05-22,5.12,5.13,4.95,4.97,4.92386,27300,0,0
2003-05-23,5.03,5.03,4.95,5,4.95358,7800,0,0
2003-05-27,5.03,5.18,5.03,5.14,5.09228,27100,0,0
2003-05-28,5.13,5.23,5.12,5.2,5.15173,35200,0,0
2003-05-29,5.1,5.39,5.1,5.33,5.28052,49300,0,0
2003-05-30,5.4,5.68,5.15,5.61,5.55792,57400,0,0
2003-06-02,5.53,6.08,5.53,5.98,5.92448,147200,0,0
2003-06-03,5.98,5.98,5.71,5.84,5.78578,80500,0,0
2003-06-04,5.85,6.36,5.82,6.22,6.16226,229200,0,0
2003-06-05,6.32,6.32,6,6.25,6.19198,88000,0,0
2003-06-06,6.27,6.31,6.02,6.02,5.96411,30400,0,0
2003-06-09,6.02,6.02,5.8,5.9,5.84523,55200,0,0
2003-06-10,5.9,5.99,5.88,5.98,5.92448,20000,0,0
2003-06-11,5.91,6.15,5.91,6.12,6.06318,24800,0,0
2003-06-12,6.17,6.25,6.02,6.1,6.04337,229900,0,0
2003-06-13,6.1,6.13,6.01,6.05,5.99383,26200,0,0
2003-06-16,6,6.22,6,6.1,6.04337,290900,0,0
2003-06-17,6.1,6.13,6.04,6.1,6.04337,17700,0,0
2003-06-18,6.15,6.19,6.09,6.09,6.03346,255700,0,0
2003-06-19,6.12,6.15,6.01,6.15,6.09291,45100,0,0
2003-06-20,6.15,6.15,5.91,5.92,5.86504,38300,0,0
2003-06-23,5.88,5.88,5.77,5.8,5.74616,32600,0,0
2003-06-24,5.85,5.85,5.75,5.82,5.76597,21300,0,0
2003-06-25,5.85,5.86,5.69,5.72,5.6669,46500,0,0
2003-06-26,5.65,5.9,5.65,5.85,5.79569,43700,0,0
2003-06-27,5.91,6.08,5.76,6,5.9443,37900,0,0
2003-06-30,5.95,6.1,5.95,6.02,5.96411,20200,0,0
2003-07-01,5.97,5.97,5.9,5.94,5.88486,4200,0,0
2003-07-02,5.95,6.08,5.95,6.04,5.98393,17800,0,0
2003-07-03,6.02,6.02,5.95,6,5.9443,2200,0,0
2003-07-07,6.05,6.1,6.01,6.03,5.97402,23100,0,0
2003-07-08,6.02,6.18,6.02,6.15,6.09291,323200,0,0
2003-07-09,6.15,6.26,6.1,6.18,6.12263,43200,0,0
2003-07-10,6.15,6.15,6.02,6.05,5.99383,40500,0,0
2003-07-11,6.02,6.03,5.87,5.89,5.83532,18700,0,0
2003-07-14,5.99,6.1,5.99,6.06,6.00374,44800,0,0
2003-07-15,6.09,6.09,5.81,5.81,5.75606,42300,0,0
2003-07-16,5.85,5.88,5.8,5.85,5.79569,15800,0,0
2003-07-17,5.84,5.84,5.63,5.72,5.6669,61400,0,0
2003-07-18,5.66,5.66,5.55,5.56,5.50838,29300,0,0
2003-07-21,5.61,5.62,5.51,5.58,5.5282,24500,0,0
2003-07-22,5.59,5.65,5.51,5.52,5.46875,20000,0,0
2003-07-23,5.54,5.84,5.54,5.75,5.69662,27900,0,0
2003-07-24,5.78,6,5.77,5.84,5.78578,39800,0,0
2003-07-25,5.85,5.94,5.85,5.9,5.84523,15400,0,0
2003-07-28,5.91,5.93,5.83,5.84,5.78578,14900,0,0
2003-07-29,5.94,5.94,5.65,5.69,5.63718,24700,0,0
2003-07-30,5.6,5.71,5.54,5.57,5.51829,40800,0,0
2003-07-31,5.56,5.57,5.27,5.46,5.40931,30700,0,0
2003-08-01,5.48,5.65,5.4,5.57,5.51829,19000,0,0
2003-08-04,5.47,5.56,5.45,5.55,5.49848,14900,0,0
2003-08-05,5.5,5.7,5.45,5.61,5.55792,31300,0,0
2003-08-06,5.25,5.6,5.25,5.6,5.54801,214200,0,0
2003-08-07,5.61,5.66,5.59,5.6,5.54801,11600,0,0
2003-08-08,5.54,5.54,5.39,5.45,5.3994,19200,0,0
2003-08-11,5.5,5.56,5.45,5.47,5.41922,11200,0,0
2003-08-12,5.5,5.5,5.41,5.43,5.37959,15800,0,0
2003-08-13,5.42,5.65,5.42,5.58,5.5282,15800,0,0
2003-08-14,5.58,5.58,5.44,5.48,5.42913,6200,0,0
2003-08-15,5.5,5.51,5.46,5.51,5.45885,4600,0,0
2003-08-18,5.52,5.52,5.43,5.47,5.41922,12300,0,0
2003-08-19,5.43,5.56,5.43,5.53,5.47866,14300,0,0
2003-08-20,5.43,5.52,5.43,5.51,5.45885,13000,0,0
2003-08-21,5.45,5.45,5.33,5.35,5.30033,29200,0,0
2003-08-22,5.4,5.41,5.24,5.24,5.19135,27300,0,0
2003-08-25,5.24,5.31,5.17,5.17,5.122,14900,0,0
2003-08-26,5.17,5.35,5.17,5.35,5.30033,26800,0,0
2003-08-27,5.35,5.37,5.25,5.25,5.20126,41000,0,0
2003-08-28,5.15,5.42,5.15,5.42,5.36968,35400,0,0
2003-08-29,5.44,5.55,5.4,5.53,5.47866,34100,0,0
2003-09-02,5.63,5.63,5.45,5.51,5.45885,33500,0,0
2003-09-03,5.49,5.72,5.48,5.72,5.6669,24200,0,0
2003-09-04,5.75,5.85,5.72,5.79,5.73625,31200,0,0
2003-09-05,5.75,5.78,5.73,5.77,5.71643,12400,0,0
2003-09-08,5.75,5.78,5.65,5.7,5.64708,23400,0,0
2003-09-09,5.76,5.86,5.75,5.83,5.77588,29500,0,0
2003-09-10,5.75,5.82,5.66,5.69,5.63718,25600,0,0
2003-09-11,5.7,5.76,5.66,5.75,5.69662,38500,0,0
2003-09-12,5.75,5.81,5.68,5.72,5.6669,7700,0,0
2003-09-15,5.62,5.75,5.62,5.72,5.6669,22800,0,0
2003-09-16,5.72,5.78,5.68,5.77,5.71643,23900,0,0
2003-09-17,5.77,5.81,5.71,5.79,5.73625,69100,0,0
2003-09-18,5.69,5.88,5.69,5.84,5.78578,45600,0,0
2003-09-19,5.84,5.95,5.83,5.85,5.79569,35900,0,0
2003-09-22,5.9,5.9,5.76,5.8,5.74616,17000,0,0
2003-09-23,5.77,5.88,5.75,5.8,5.74616,22400,0,0
2003-09-24,5.79,5.81,5.76,5.77,5.71643,11600,0,0
2003-09-25,5.79,5.9,5.79,5.86,5.8056,35700,0,0
2003-09-26,5.87,5.89,5.75,5.84,5.78578,32500,0,0
2003-09-29,5.84,5.9,5.83,5.83,5.77588,40800,0,0
2003-09-30,5.73,5.86,5.73,5.77,5.71643,13800,0,0
2003-10-01,5.7,5.84,5.7,5.81,5.75606,16500,0,0
2003-10-02,5.81,5.87,5.79,5.87,5.81551,10500,0,0
2003-10-03,5.85,5.89,5.85,5.86,5.8056,18300,0,0
2003-10-06,5.86,5.88,5.81,5.85,5.79569,18000,0,0
2003-10-07,5.85,5.89,5.81,5.87,5.81551,15400,0,0
2003-10-08,5.65,5.89,5.65,5.86,5.8056,31500,0,0
2003-10-09,5.87,5.88,5.83,5.86,5.8056,16000,0,0
2003-10-10,5.87,5.95,5.87,5.94,5.88486,27200,0,0
2003-10-13,6,6.09,5.88,6,5.9443,18100,0,0
2003-10-14,5.95,6,5.9,5.96,5.90467,42300,0,0
2003-10-15,6,6,5.88,5.92,5.86504,16500,0,0
2003-10-16,5.87,5.97,5.87,5.88,5.82541,48200,0,0
2003-10-17,5.88,5.89,5.84,5.88,5.82541,11700,0,0
2003-10-20,5.87,5.87,5.77,5.79,5.73625,24000,0,0
2003-10-21,5.82,5.87,5.79,5.84,5.78578,10900,0,0
2003-10-22,5.85,5.86,5.7,5.77,5.71643,19100,0,0
2003-10-23,5.76,5.95,5.75,5.84,5.78578,25100,0,0
2003-10-24,5.85,5.85,5.66,5.72,5.6669,12000,0,0
2003-10-27,5.73,5.83,5.68,5.76,5.70653,17700,0,0
2003-10-28,5.82,5.86,5.55,5.56,5.50838,47700,0,0
2003-10-29,5.62,5.7,5.58,5.64,5.58764,18200,0,0
2003-10-30,5.65,5.77,5.62,5.63,5.57773,1523700,0,0
2003-10-31,5.61,5.72,5.6,5.65,5.59755,48700,0,0
2003-11-03,5.66,5.71,5.57,5.57,5.51829,31900,0,0
2003-11-04,5.58,5.61,5.51,5.55,5.49848,20100,0,0
2003-11-05,5.6,5.63,5.47,5.55,5.49848,14900,0,0
2003-11-06,5.55,5.55,5.42,5.52,5.46875,15000,0,0
2003-11-07,5.57,5.59,5.49,5.53,5.47866,9900,0,0
2003-11-10,5.6,5.64,5.55,5.61,5.55792,19700,0,0
2003-11-11,5.82,6.15,5.65,5.65,5.59755,141200,0,0
2003-11-12,5.7,5.83,5.7,5.74,5.68671,484300,0,0
2003-11-13,5.8,5.8,5.68,5.7,5.64708,93300,0,0
2003-11-14,5.65,5.78,5.65,5.67,5.61736,85800,0,0
2003-11-17,5.71,5.71,5.4,5.43,5.37959,28500,0,0
2003-11-18,5.4,5.7,5.4,5.59,5.5381,34600,0,0
2003-11-19,5.6,5.7,5.6,5.65,5.59755,687600,0,0
2003-11-20,5.7,5.79,5.65,5.66,5.60746,546600,0,0
2003-11-21,5.63,5.76,5.63,5.68,5.62727,63000,0,0
2003-11-24,5.72,5.81,5.65,5.75,5.69662,364400,0,0
2003-11-25,5.75,5.83,5.68,5.7,5.64708,33800,0,0
2003-11-26,5.73,5.74,5.63,5.73,5.67681,26400,0,0
2003-11-28,5.67,5.79,5.67,5.77,5.71643,4400,0,0
2003-12-01,5.87,5.87,5.71,5.73,5.67681,23000,0,0
2003-12-02,5.77,5.82,5.72,5.76,5.70653,26200,0,0
2003-12-03,5.73,5.87,5.72,5.81,5.75606,42000,0,0
2003-12-04,5.77,5.98,5.77,5.92,5.86504,35000,0,0
2003-12-05,5.98,5.99,5.82,5.85,5.79569,29600,0,0
2003-12-08,5.95,5.95,5.84,5.89,5.83532,32800,0,0
2003-12-09,5.85,5.9,5.77,5.83,5.77588,20500,0,0
2003-12-10,5.79,5.92,5.79,5.92,5.86504,76400,0,0
2003-12-11,5.87,5.93,5.8,5.93,5.87495,14700,0,0
2003-12-12,5.93,5.97,5.83,5.84,5.78578,23500,0,0
2003-12-15,5.85,5.91,5.81,5.83,5.77588,28400,0,0
2003-12-16,5.8,5.82,5.63,5.63,5.57773,16800,0,0
2003-12-17,5.6,5.78,5.6,5.7,5.64708,28400,0,0
2003-12-18,5.7,5.83,5.7,5.81,5.75606,14500,0,0
2003-12-19,5.75,5.9,5.75,5.83,5.77588,49000,0,0
2003-12-22,5.77,5.95,5.77,5.94,5.88486,18000,0,0
2003-12-23,5.84,5.98,5.84,5.95,5.89476,47100,0,0
2003-12-24,5.88,6.02,5.88,6.01,5.95421,46700,0,0
2003-12-26,6,6,5.89,5.92,5.86504,5600,0,0
2003-12-29,5.89,6.07,5.89,6.03,5.97402,36000,0,0
2003-12-30,6.02,6.22,6.02,6.19,6.13253,76300,0,0
2003-12-31,6.23,6.28,6.22,6.25,6.19198,55400,0,0
2004-01-02,6.2,6.3,6.2,6.21,6.15235,24900,0,0
2004-01-05,6.17,6.35,6.17,6.33,6.27123,74700,0,0
2004-01-06,6.25,6.4,6.23,6.37,6.31086,77900,0,0
2004-01-07,6.35,6.39,6.29,6.32,6.26133,42700,0,0
2004-01-08,6.38,6.39,6.25,6.39,6.33068,49800,0,0
2004-01-09,6.4,6.43,6.3,6.32,6.26133,44700,0,0
2004-01-12,6.3,6.32,6.06,6.25,6.19198,72400,0,0
2004-01-13,6.22,6.3,6.22,6.3,6.24151,41700,0,0
2004-01-14,6.25,6.34,6.23,6.3,6.24151,27100,0,0
2004-01-15,6.3,6.42,6.26,6.41,6.35049,38700,0,0
2004-01-16,6.38,6.54,6.38,6.53,6.46938,247600,0,0
2004-01-20,6.74,6.98,6.74,6.98,6.9152,846700,0,0
2004-01-21,6.98,6.99,6.87,6.91,6.84585,129400,0,0
2004-01-22,6.6,6.84,6.6,6.78,6.71706,41700,0,0
2004-01-23,6.75,6.81,6.63,6.81,6.74678,121000,0,0
2004-01-26,6.81,6.81,6.72,6.79,6.72696,103600,0,0
2004-01-27,6.8,6.95,6.73,6.86,6.79632,78800,0,0
2004-01-28,6.86,6.95,6.77,6.77,6.70715,43400,0,0
2004-01-29,6.65,6.8,6.6,6.71,6.64771,92000,0,0
2004-01-30,6.75,6.83,6.7,6.83,6.76659,45300,0,0
2004-02-02,6.82,6.84,6.76,6.77,6.70715,34400,0,0
2004-02-03,6.85,6.95,6.61,6.7,6.6378,159400,0,0
2004-02-04,6.75,6.79,6.66,6.67,6.60808,25800,0,0
2004-02-05,6.63,6.66,6.47,6.49,6.42975,21600,0,0
2004-02-06,6.55,6.67,6.52,6.6,6.53873,32700,0,0
2004-02-09,6.68,6.68,6.35,6.5,6.43966,63200,0,0
2004-02-10,6.52,6.63,6.46,6.63,6.56845,24000,0,0
2004-02-11,6.6,6.75,6.53,6.75,6.68734,44000,0,0
2004-02-12,6.71,6.83,6.71,6.73,6.66752,42300,0,0
2004-02-13,6.71,6.79,6.65,6.66,6.59817,24300,0,0
2004-02-17,6.78,6.82,6.72,6.76,6.69724,20500,0,0
2004-02-18,6.77,6.77,6.66,6.72,6.65761,26400,0,0
2004-02-19,6.55,6.71,6.55,6.67,6.60808,36000,0,0
2004-02-20,6.61,6.61,6.51,6.52,6.45947,19700,0,0
2004-02-23,6.58,6.59,6.48,6.5,6.43966,44000,0,0
2004-02-24,6.54,6.54,6.43,6.53,6.46938,26300,0,0
2004-02-25,6.45,6.55,6.45,6.49,6.42975,49300,0,0
2004-02-26,6.43,6.59,6.43,6.49,6.42975,23900,0,0
2004-02-27,6.54,6.54,6.44,6.49,6.42975,27700,0,0
2004-03-01,6.55,6.55,6.44,6.53,6.46938,25600,0,0
2004-03-02,6.47,6.49,6.4,6.44,6.38021,10200,0,0
2004-03-03,6.38,6.43,6.32,6.42,6.3604,10600,0,0
2004-03-04,6.41,6.49,6.38,6.44,6.38021,29700,0,0
2004-03-05,6.41,6.52,6.41,6.45,6.39012,38900,0,0
2004-03-08,6.45,6.52,6.42,6.47,6.40994,41500,0,0
2004-03-09,6.4,6.45,6.25,6.26,6.20189,24000,0,0
2004-03-10,6.25,6.4,6.25,6.3,6.24151,42400,0,0
2004-03-11,6.27,6.49,6.16,6.28,6.2217,49500,0,0
2004-03-12,6.3,6.45,6.25,6.35,6.29105,49600,0,0
2004-03-15,6.45,6.45,6.2,6.22,6.16226,65300,0,0
2004-03-16,6.3,6.44,6.23,6.32,6.26133,51500,0,0
2004-03-17,6.3,6.4,6.28,6.36,6.30096,43200,0,0
2004-03-18,6.41,6.41,6.27,6.37,6.31086,17800,0,0
2004-03-19,6.3,6.41,6.22,6.3,6.24151,36800,0,0
2004-03-22,6.31,6.31,6.2,6.22,6.16226,19900,0,0
2004-03-23,6.3,6.39,6.2,6.35,6.29105,30000,0,0
2004-03-24,6.28,6.31,6.23,6.23,6.17216,5400,0,0
2004-03-25,6.3,6.38,6.3,6.38,6.32077,17200,0,0
2004-03-26,6.37,6.5,6.37,6.45,6.39012,18200,0,0
2004-03-29,6.45,6.62,6.45,6.54,6.47929,44800,0,0
2004-03-30,6.56,6.6,6.55,6.59,6.52882,37700,0,0
2004-03-31,6.57,6.58,6.47,6.53,6.46938,22000,0,0
2004-04-01,6.53,6.61,6.47,6.6,6.53873,94400,0,0
2004-04-02,6.7,6.72,6.58,6.72,6.65761,18700,0,0
2004-04-05,6.62,6.82,6.62,6.82,6.75669,43300,0,0
2004-04-06,6.83,6.89,6.8,6.86,6.79632,27600,0,0
2004-04-07,6.78,6.83,6.65,6.78,6.71706,21400,0,0
2004-04-08,6.7,6.7,6.46,6.54,6.47929,32500,0,0
2004-04-12,6.55,6.61,6.5,6.54,6.47929,18300,0,0
2004-04-13,6.47,6.6,6.47,6.53,6.46938,20700,0,0
2004-04-14,6.48,6.52,6.39,6.41,6.35049,17100,0,0
2004-04-15,6.43,6.48,6.39,6.4,6.34059,62700,0,0
2004-04-16,6.43,6.5,6.27,6.3,6.24151,19500,0,0
2004-04-19,6.3,6.3,6.16,6.24,6.18207,16800,0,0
2004-04-20,6.23,6.32,6.17,6.17,6.11272,35600,0,0
2004-04-21,6.17,6.3,6.15,6.3,6.24151,52700,0,0
2004-04-22,6.29,6.29,6.15,6.22,6.16226,19200,0,0
2004-04-23,6.2,6.2,6.15,6.15,6.09291,33000,0,0
2004-04-26,6.15,6.24,6.15,6.21,6.15235,37500,0,0
2004-04-27,6.18,6.25,6.1,6.1,6.04337,28000,0,0
2004-04-28,6.05,6.05,5.75,5.87,5.81551,39500,0,0
2004-04-29,5.89,5.89,5.68,5.8,5.74616,50900,0,0
2004-04-30,5.75,5.87,5.65,5.76,5.70653,47900,0,0
2004-05-03,5.7,5.82,5.7,5.81,5.75606,23200,0,0
2004-05-04,5.88,5.94,5.85,5.88,5.82541,18600,0,0
2004-05-05,5.95,5.97,5.85,5.96,5.90467,20600,0,0
2004-05-06,5.98,6.1,5.92,6.08,6.02356,29100,0,0
2004-05-07,6.11,6.11,5.97,6.01,5.95421,31900,0,0
2004-05-10,5.97,5.97,5.87,5.88,5.82541,22800,0,0
2004-05-11,5.88,5.9,5.73,5.83,5.77588,18500,0,0
2004-05-12,5.8,5.87,5.8,5.83,5.77588,14000,0,0
2004-05-13,5.85,5.85,5.75,5.77,5.71643,11200,0,0
2004-05-14,5.75,5.8,5.73,5.79,5.73625,16900,0,0
2004-05-17,5.75,5.78,5.68,5.71,5.65699,18000,0,0
2004-05-18,5.73,5.84,5.73,5.75,5.69662,21900,0,0
2004-05-19,5.8,6,5.8,5.95,5.89476,69000,0,0
2004-05-20,6,6.14,5.88,5.97,5.91458,100100,0,0
2004-05-21,5.96,6.04,5.96,6.03,5.97402,17800,0,0
2004-05-24,5.99,5.99,5.85,5.93,5.87495,4700,0,0
2004-05-25,5.99,6.05,5.96,5.97,5.91458,11700,0,0
2004-05-26,6,6,5.89,6,5.9443,21200,0,0
2004-05-27,6,6.09,5.99,6.06,6.00374,56600,0,0
2004-05-28,6.07,6.07,5.93,5.97,5.91458,30400,0,0
2004-06-01,5.99,6.1,5.99,6.09,6.03346,173800,0,0
2004-06-02,6.09,6.16,6.07,6.13,6.07309,193300,0,0
2004-06-03,6.1,6.15,5.98,5.98,5.92448,31800,0,0
2004-06-04,6.03,6.2,6.03,6.19,6.13253,21200,0,0
2004-06-07,6.2,6.28,6.17,6.28,6.2217,16200,0,0
2004-06-08,6.28,6.29,6.2,6.24,6.18207,20600,0,0
2004-06-09,6.22,6.27,6.18,6.2,6.14244,21100,0,0
2004-06-10,6.24,6.35,6.24,6.34,6.28114,17400,0,0
2004-06-14,6.26,6.32,6.13,6.15,6.09291,135900,0,0
2004-06-15,6.16,6.35,6.16,6.29,6.23161,29900,0,0
2004-06-16,6.28,6.28,6.17,6.2,6.14244,35200,0,0
2004-06-17,6.15,6.28,6.15,6.28,6.2217,56600,0,0
2004-06-18,6.34,6.42,6.31,6.41,6.35049,30500,0,0
2004-06-21,6.4,6.42,6.31,6.31,6.25142,22900,0,0
2004-06-22,6.3,6.36,6.26,6.29,6.23161,42000,0,0
2004-06-23,6.3,6.46,6.22,6.39,6.33068,85500,0,0
2004-06-24,6.49,6.69,6.49,6.6,6.53873,78200,0,0
2004-06-25,6.63,6.66,6.55,6.58,6.51891,25200,0,0
2004-06-28,6.65,6.68,6.53,6.61,6.54864,25200,0,0
2004-06-29,6.62,6.73,6.62,6.73,6.66752,30500,0,0
2004-06-30,6.73,6.77,6.7,6.77,6.70715,58600,0,0
2004-07-01,6.77,6.79,6.57,6.57,6.50901,54100,0,0
2004-07-02,6.65,6.79,6.65,6.79,6.72696,220600,0,0
2004-07-06,6.7,6.72,6.59,6.61,6.54864,20700,0,0
2004-07-07,6.62,6.7,6.59,6.6,6.53873,91500,0,0
2004-07-08,6.62,6.71,6.61,6.7,6.6378,39000,0,0
2004-07-09,6.62,6.74,6.62,6.68,6.61799,14900,0,0
2004-07-12,6.63,6.65,6.53,6.6,6.53873,33400,0,0
2004-07-13,6.53,6.73,6.53,6.7,6.6378,32400,0,0
2004-07-14,6.65,6.7,6.55,6.59,6.52882,17100,0,0
2004-07-15,6.56,6.61,6.52,6.58,6.51891,17600,0,0
2004-07-16,6.65,6.65,6.58,6.63,6.56845,17800,0,0
2004-07-19,6.65,6.66,6.57,6.66,6.59817,15000,0,0
2004-07-20,6.6,6.65,6.54,6.64,6.57836,26400,0,0
2004-07-21,6.61,6.8,6.55,6.75,6.68734,72200,0,0
2004-07-22,6.74,6.79,6.68,6.79,6.72696,27400,0,0
2004-07-23,6.75,6.8,6.74,6.79,6.72696,19300,0,0
2004-07-26,6.7,6.77,6.55,6.62,6.55854,26800,0,0
2004-07-27,6.57,6.64,6.52,6.63,6.56845,26300,0,0
2004-07-28,6.6,6.69,6.59,6.64,6.57836,16900,0,0
2004-07-29,6.68,6.68,6.5,6.61,6.54864,37400,0,0
2004-07-30,6.6,6.63,6.55,6.6,6.53873,31000,0,0
2004-08-02,6.58,6.84,6.57,6.75,6.68734,40600,0,0
2004-08-03,6.66,6.66,6.51,6.62,6.55854,17000,0,0
2004-08-04,6.61,6.65,6.56,6.59,6.52882,15500,0,0
2004-08-05,6.6,6.62,6.5,6.51,6.44956,38000,0,0
2004-08-06,6.52,6.53,6.3,6.41,6.35049,38300,0,0
2004-08-09,6.39,6.58,6.35,6.54,6.47929,13700,0,0
2004-08-10,6.54,6.65,6.54,6.65,6.58826,9400,0,0
2004-08-11,6.57,6.57,6.33,6.42,6.3604,70300,0,0
2004-08-12,6.41,6.42,6.29,6.3,6.24151,12900,0,0
2004-08-13,6.4,6.4,6.32,6.33,6.27123,26900,0,0
2004-08-16,6.34,6.49,6.34,6.49,6.42975,14500,0,0
2004-08-17,6.43,6.45,6.37,6.43,6.37031,12000,0,0
2004-08-18,6.4,6.5,6.38,6.45,6.39012,14100,0,0
2004-08-19,6.45,6.5,6.43,6.45,6.39012,11500,0,0
2004-08-20,6.45,6.49,6.4,6.48,6.41984,11800,0,0
2004-08-23,6.41,6.45,6.37,6.37,6.31086,11800,0,0
2004-08-24,6.3,6.41,6.3,6.35,6.29105,9000,0,0
2004-08-25,6.4,6.46,6.34,6.43,6.37031,15800,0,0
2004-08-26,6.37,6.4,6.34,6.35,6.29105,8000,0,0
2004-08-27,6.35,6.44,6.35,6.39,6.33068,7400,0,0
2004-08-30,6.32,6.38,6.28,6.38,6.32077,6500,0,0
2004-08-31,6.38,6.43,6.36,6.41,6.35049,6500,0,0
2004-09-01,6.35,6.46,6.35,6.46,6.40003,5700,0,0
2004-09-02,6.49,6.51,6.46,6.49,6.42975,74600,0,0
2004-09-03,6.48,6.57,6.46,6.54,6.47929,18200,0,0
2004-09-07,6.5,6.67,6.5,6.67,6.60808,37400,0,0
2004-09-08,6.65,6.65,6.58,6.6,6.53873,9200,0,0
2004-09-09,6.59,6.7,6.59,6.67,6.60808,22700,0,0
2004-09-10,6.69,6.73,6.69,6.72,6.65761,20100,0,0
2004-09-13,6.69,6.69,6.55,6.57,6.50901,9900,0,0
2004-09-14,6.56,6.7,6.56,6.64,6.57836,39400,0,0
2004-09-15,6.57,6.6,6.45,6.46,6.40003,25200,0,0
2004-09-16,6.49,6.52,6.38,6.48,6.41984,18900,0,0
2004-09-17,6.45,6.45,6.27,6.38,6.32077,7800,0,0
2004-09-20,6.37,6.38,6.25,6.25,6.19198,10400,0,0
2004-09-21,6.3,6.32,6.23,6.32,6.26133,14700,0,0
2004-09-22,6.33,6.53,6.33,6.46,6.40003,13700,0,0
2004-09-23,6.48,6.49,6.45,6.49,6.42975,4400,0,0
2004-09-24,6.47,6.52,6.4,6.48,6.41984,29500,0,0
2004-09-27,6.49,6.5,6.46,6.46,6.40003,12900,0,0
2004-09-28,6.45,6.53,6.45,6.49,6.42975,32200,0,0
2004-09-29,6.45,6.55,6.45,6.55,6.48919,23500,0,0
2004-09-30,6.56,6.8,6.56,6.72,6.65761,31300,0,0
2004-10-01,6.67,6.76,6.62,6.64,6.57836,32600,0,0
2004-10-04,6.64,6.73,6.64,6.65,6.58826,10900,0,0
2004-10-05,6.62,6.78,6.62,6.74,6.67743,15500,0,0
2004-10-06,6.72,6.74,6.71,6.74,6.67743,1900,0,0
2004-10-07,6.71,6.71,6.6,6.6,6.53873,7800,0,0
2004-10-08,6.68,6.71,6.66,6.67,6.60808,9900,0,0
2004-10-11,6.63,6.75,6.61,6.66,6.59817,3800,0,0
2004-10-12,6.6,6.7,6.55,6.55,6.48919,10100,0,0
2004-10-13,6.49,6.55,6.3,6.48,6.41984,39000,0,0
2004-10-14,6.46,6.46,6.39,6.42,6.3604,5700,0,0
2004-10-15,6.42,6.43,6.36,6.38,6.32077,5100,0,0
2004-10-18,6.36,6.36,6.17,6.18,6.12263,13000,0,0
2004-10-19,6.2,6.23,6.06,6.11,6.05328,37600,0,0
2004-10-20,6.12,6.25,6.12,6.24,6.18207,14000,0,0
2004-10-21,6.15,6.16,6.04,6.07,6.01365,13600,0,0
2004-10-22,6.08,6.33,6.08,6.24,6.18207,34900,0,0
2004-10-25,6.22,6.27,6.18,6.25,6.19198,35800,0,0
2004-10-26,6.25,6.38,6.25,6.3,6.24151,38400,0,0
2004-10-27,6.32,6.47,6.28,6.44,6.38021,30700,0,0
2004-10-28,6.47,6.51,6.41,6.49,6.42975,13300,0,0
2004-10-29,6.5,6.54,6.39,6.53,6.46938,35400,0,0
2004-11-01,6.45,6.53,6.45,6.53,6.46938,13100,0,0
2004-11-02,6.56,6.65,6.47,6.64,6.57836,48100,0,0
2004-11-03,6.71,6.79,6.6,6.62,6.55854,25600,0,0
2004-11-04,6.69,6.72,6.52,6.54,6.47929,56900,0,0
2004-11-05,6.53,6.69,6.53,6.63,6.56845,38400,0,0
2004-11-08,6.65,6.73,6.61,6.63,6.56845,16900,0,0
2004-11-09,6.6,6.84,6.6,6.84,6.7765,30200,0,0
2004-11-10,6.84,6.87,6.64,6.69,6.62789,29100,0,0
2004-11-11,6.68,6.73,6.6,6.66,6.59817,5800,0,0
2004-11-12,6.69,6.72,6.63,6.67,6.60808,12400,0,0
2004-11-15,6.7,6.7,6.56,6.56,6.4991,15000,0,0
2004-11-16,6.56,6.66,6.5,6.66,6.59817,13700,0,0
2004-11-17,6.65,6.69,6.5,6.55,6.48919,26800,0,0
2004-11-18,6.51,6.51,6.26,6.27,6.21179,33700,0,0
2004-11-19,6.27,6.65,6.27,6.65,6.58826,22800,0,0
2004-11-22,6.68,6.75,6.57,6.74,6.67743,21800,0,0
2004-11-23,6.74,6.79,6.66,6.75,6.68734,22700,0,0
2004-11-24,6.77,6.8,6.66,6.7,6.6378,30100,0,0
2004-11-26,6.74,6.74,6.63,6.64,6.57836,6500,0,0
2004-11-29,6.63,6.67,6.51,6.55,6.48919,24200,0,0
2004-11-30,6.55,6.65,6.55,6.63,6.56845,19300,0,0
2004-12-01,6.7,6.7,6.48,6.51,6.44956,20100,0,0
2004-12-02,6.53,6.59,6.43,6.45,6.39012,30900,0,0
2004-12-03,6.48,6.52,6.43,6.52,6.45947,12200,0,0
2004-12-06,6.51,6.57,6.36,6.46,6.40003,22800,0,0
2004-12-07,6.4,6.43,6.37,6.41,6.35049,11500,0,0
2004-12-08,6.35,6.46,6.3,6.46,6.40003,20800,0,0
2004-12-09,6.4,6.58,6.34,6.57,6.50901,24300,0,0
2004-12-10,6.54,6.59,6.52,6.53,6.46938,39300,0,0
2004-12-13,6.51,6.59,6.45,6.59,6.52882,21800,0,0
2004-12-14,6.5,6.59,6.5,6.59,6.52882,21000,0,0
2004-12-15,6.54,6.67,6.51,6.54,6.47929,21000,0,0
2004-12-16,6.44,6.49,6.34,6.4,6.34059,17700,0,0
2004-12-17,6.35,6.45,6.29,6.31,6.25142,12100,0,0
2004-12-20,6.25,6.34,6.25,6.32,6.26133,17700,0,0
2004-12-21,6.31,6.34,6.28,6.32,6.26133,17800,0,0
2004-12-22,6.3,6.35,6.22,6.22,6.16226,38200,0,0
2004-12-23,6.23,6.4,6.23,6.36,6.30096,26700,0,0
2004-12-27,6.45,6.46,6.4,6.44,6.38021,9900,0,0
2004-12-28,6.45,6.51,6.45,6.5,6.43966,10700,0,0
2004-12-29,6.5,6.58,6.44,6.55,6.48919,48000,0,0
2004-12-30,6.45,6.62,6.45,6.56,6.4991,18200,0,0
2004-12-31,6.52,6.68,6.52,6.68,6.61799,67700,0,0
2005-01-03,6.53,6.53,6.5,6.52,6.45947,7500,0,0
2005-01-04,6.51,6.55,6.39,6.42,6.3604,17500,0,0
2005-01-05,6.41,6.41,6.27,6.29,6.23161,18600,0,0
2005-01-06,6.3,6.34,6.12,6.18,6.12263,19400,0,0
2005-01-07,6.19,6.25,6.14,6.16,6.10281,19300,0,0
2005-01-10,6.18,6.27,6.16,6.22,6.16226,18400,0,0
2005-01-11,6.12,6.25,6.1,6.19,6.13253,12300,0,0
2005-01-12,6.2,6.41,6.2,6.35,6.29105,14000,0,0
2005-01-13,6.37,6.37,6.2,6.21,6.15235,24900,0,0
2005-01-14,6.16,6.24,6.01,6.21,6.15235,30600,0,0
2005-01-18,6.15,6.47,6.15,6.47,6.40994,36800,0,0
2005-01-19,6.42,6.42,6.28,6.29,6.23161,22100,0,0
2005-01-20,6.19,6.27,6.19,6.27,6.21179,15400,0,0
2005-01-21,6.24,6.35,6.24,6.35,6.29105,24300,0,0
2005-01-24,6.32,6.32,6.23,6.26,6.20189,5500,0,0
2005-01-25,6.24,6.27,6.2,6.27,6.21179,20800,0,0
2005-01-26,6.17,6.32,6.13,6.3,6.24151,18700,0,0
2005-01-27,6.2,6.25,6.2,6.22,6.16226,64700,0,0
2005-01-28,6.21,6.31,6.2,6.3,6.24151,54500,0,0
2005-01-31,6.3,6.49,6.24,6.47,6.40994,55500,0,0
2005-02-01,6.5,6.55,6.39,6.43,6.37031,111200,0,0
2005-02-02,6.4,6.47,6.37,6.37,6.31086,85000,0,0
2005-02-03,6.4,6.4,6.28,6.3,6.24151,32500,0,0
2005-02-04,6.23,6.29,6.18,6.26,6.20189,24900,0,0
2005-02-07,6.2,6.3,6.2,6.21,6.15235,24300,0,0
2005-02-08,6.19,6.26,6.15,6.18,6.12263,27700,0,0
2005-02-09,6.14,6.2,6.14,6.14,6.083,22300,0,0
2005-02-10,6.1,6.21,6.09,6.09,6.03346,23400,0,0
2005-02-11,6.07,6.25,6.07,6.25,6.19198,30800,0,0
2005-02-14,6.25,6.28,6.23,6.28,6.2217,20700,0,0
2005-02-15,6.28,6.29,6.23,6.28,6.2217,38100,0,0
2005-02-16,6.25,6.38,6.24,6.37,6.31086,49300,0,0
2005-02-17,6.4,6.68,6.38,6.66,6.59817,74700,0,0
2005-02-18,6.56,6.86,6.56,6.63,6.56845,46200,0,0
2005-02-22,6.65,6.79,6.59,6.6,6.53873,111400,0,0
2005-02-23,6.6,6.63,6.54,6.62,6.55854,13000,0,0
2005-02-24,6.6,6.65,6.5,6.5,6.43966,45300,0,0
2005-02-25,6.45,6.54,6.41,6.46,6.40003,58300,0,0
2005-02-28,6.5,6.54,6.45,6.45,6.39012,30900,0,0
2005-03-01,6.47,6.5,6.38,6.5,6.43966,128500,0,0
2005-03-02,6.46,6.53,6.45,6.49,6.42975,56000,0,0
2005-03-03,6.55,6.65,6.5,6.57,6.50901,52700,0,0
2005-03-04,6.5,6.68,6.5,6.6,6.53873,41200,0,0
2005-03-07,6.58,6.58,6.48,6.54,6.47929,18700,0,0
2005-03-08,6.55,6.65,6.55,6.63,6.56845,24400,0,0
2005-03-09,6.6,6.67,6.59,6.62,6.55854,27400,0,0
2005-03-10,6.62,6.65,6.56,6.57,6.50901,22800,0,0
2005-03-11,6.51,6.57,6.43,6.47,6.40994,33200,0,0
2005-03-14,6.55,6.55,6.39,6.41,6.35049,76000,0,0
2005-03-15,6.45,6.45,6.35,6.36,6.30096,28100,0,0
2005-03-16,6.35,6.44,6.35,6.41,6.35049,25200,0,0
2005-03-17,6.4,6.57,6.4,6.48,6.41984,67000,0,0
2005-03-18,6.45,6.52,6.45,6.45,6.39012,11100,0,0
2005-03-21,6.45,6.54,6.43,6.52,6.45947,28300,0,0
2005-03-22,6.55,6.57,6.48,6.5,6.43966,26400,0,0
2005-03-23,6.45,6.47,6.41,6.41,6.35049,18600,0,0
2005-03-24,6.41,6.44,6.36,6.38,6.32077,22900,0,0
2005-03-28,6.35,6.4,6.29,6.35,6.29105,29100,0,0
2005-03-29,6.35,6.43,6.35,6.41,6.35049,28900,0,0
2005-03-30,6.35,6.4,6.35,6.4,6.34059,24600,0,0
2005-03-31,6.4,6.4,6.26,6.31,6.25142,90900,0,0
2005-04-01,6.31,6.41,6.3,6.39,6.33068,35800,0,0
2005-04-04,6.35,6.39,6.25,6.29,6.23161,26700,0,0
2005-04-05,6.33,6.34,6.23,6.31,6.25142,17000,0,0
2005-04-06,6.35,6.4,6.24,6.33,6.27123,18600,0,0
2005-04-07,6.23,6.31,6.23,6.31,6.25142,73300,0,0
2005-04-08,6.26,6.34,6.21,6.27,6.21179,43800,0,0
2005-04-11,6.25,6.25,6.18,6.25,6.19198,29400,0,0
2005-04-12,6.23,6.23,6.08,6.14,6.083,13800,0,0
2005-04-13,6.12,6.12,5.97,5.99,5.93439,27000,0,0
2005-04-14,5.95,6,5.88,5.91,5.85513,33100,0,0
2005-04-15,5.89,5.89,5.34,5.64,5.58764,83700,0,0
2005-04-18,5.63,5.79,5.63,5.68,5.62727,22000,0,0
2005-04-19,5.6,5.9,5.6,5.87,5.81551,26100,0,0
2005-04-20,5.91,5.93,5.77,5.8,5.74616,84100,0,0
2005-04-21,5.88,5.88,5.7,5.78,5.72634,27600,0,0
2005-04-22,5.79,5.83,5.7,5.71,5.65699,24500,0,0
2005-04-25,5.68,5.78,5.68,5.73,5.67681,21300,0,0
2005-04-26,5.7,5.88,5.7,5.79,5.73625,36900,0,0
2005-04-27,5.7,5.77,5.6,5.65,5.59755,40000,0,0
2005-04-28,5.65,5.65,5.51,5.56,5.50838,56300,0,0
2005-04-29,5.6,5.65,5.42,5.63,5.57773,73800,0,0
2005-05-02,5.63,5.78,5.55,5.7,5.64708,59500,0,0
2005-05-03,5.5,5.69,5.49,5.56,5.50838,113900,0,0
2005-05-04,5.61,5.65,5.55,5.56,5.50838,10400,0,0
2005-05-05,5.52,5.69,5.5,5.66,5.60746,60500,0,0
2005-05-06,5.7,5.7,5.59,5.59,5.5381,15700,0,0
2005-05-09,5.56,5.63,5.56,5.61,5.55792,14200,0,0
2005-05-10,5.6,5.66,5.52,5.62,5.56783,36800,0,0
2005-05-11,5.54,5.59,5.54,5.55,5.49848,26200,0,0
2005-05-12,5.57,5.57,5.48,5.48,5.42913,9200,0,0
2005-05-13,5.42,5.48,5.36,5.45,5.3994,42300,0,0
2005-05-16,5.46,5.48,5.43,5.44,5.3895,35000,0,0
2005-05-17,5.41,5.51,5.41,5.49,5.43903,12100,0,0
2005-05-18,5.45,5.72,5.45,5.62,5.56783,25300,0,0
2005-05-19,5.6,5.61,5.5,5.6,5.54801,14000,0,0
2005-05-20,5.56,5.6,5.55,5.58,5.5282,38700,0,0
2005-05-23,5.64,5.65,5.52,5.55,5.49848,11500,0,0
2005-05-24,5.56,5.61,5.48,5.52,5.46875,31300,0,0
2005-05-25,5.52,5.59,5.49,5.55,5.49848,30900,0,0
2005-05-26,5.47,5.55,5.47,5.54,5.48857,101500,0,0
2005-05-27,5.52,5.63,5.52,5.59,5.5381,13500,0,0
2005-05-31,5.65,5.8,5.65,5.72,5.6669,109200,0,0
2005-06-01,5.62,6.01,5.62,6,5.9443,69400,0,0
2005-06-02,6,6.16,5.96,5.99,5.93439,56000,0,0
2005-06-03,5.96,6.04,5.96,6.01,5.95421,53800,0,0
2005-06-06,6.01,6.1,6.01,6.01,5.95421,20500,0,0
2005-06-07,6,6.02,5.89,5.91,5.85513,29500,0,0
2005-06-08,5.9,5.92,5.77,5.79,5.73625,31700,0,0
2005-06-09,5.75,5.84,5.71,5.8,5.74616,17500,0,0
2005-06-10,5.82,5.87,5.74,5.84,5.78578,28100,0,0
2005-06-13,5.75,5.96,5.75,5.9,5.84523,17700,0,0
2005-06-14,5.96,5.96,5.75,5.75,5.69662,33700,0,0
2005-06-15,5.8,5.89,5.79,5.86,5.8056,27200,0,0
2005-06-16,5.9,5.91,5.77,5.85,5.79569,28000,0,0
2005-06-17,5.82,6.02,5.82,6.01,5.95421,31000,0,0
2005-06-20,5.94,6.08,5.91,5.92,5.86504,62500,0,0
2005-06-21,5.82,6.01,5.82,5.97,5.91458,28400,0,0
2005-06-22,5.93,6.08,5.9,6.08,6.02356,30300,0,0
2005-06-23,6.08,6.08,6,6.02,5.96411,27000,0,0
2005-06-24,5.97,6.02,5.97,6,5.9443,14000,0,0
2005-06-27,5.99,6.09,5.99,6.04,5.98393,24400,0,0
2005-06-28,6.01,6.05,6,6,5.9443,50100,0,0
2005-06-29,5.81,6.08,5.81,6.02,5.96411,22100,0,0
2005-06-30,6.03,6.12,6.02,6.03,5.97402,18000,0,0
2005-07-01,6.03,6.03,5.91,5.97,5.91458,4100,0,0
2005-07-05,6.01,6.01,5.89,5.89,5.83532,22000,0,0
2005-07-06,5.91,6.02,5.91,6,5.9443,73400,0,0
2005-07-07,6,6.03,5.96,6,5.9443,36100,0,0
2005-07-08,6,6.05,6,6.02,5.96411,23400,0,0
2005-07-11,6.01,6.05,6,6.04,5.98393,66800,0,0
2005-07-12,6.04,6.25,6.04,6.25,6.19198,17500,0,0
2005-07-13,6.15,6.28,6.15,6.27,6.21179,29500,0,0
2005-07-14,6.3,6.4,6.28,6.33,6.27123,28600,0,0
2005-07-15,6.27,6.32,6.12,6.16,6.10281,13800,0,0
2005-07-18,6.1,6.2,6.09,6.1,6.04337,25200,0,0
2005-07-19,6.07,6.13,6.07,6.13,6.07309,19500,0,0
2005-07-20,6.13,6.15,6.04,6.06,6.00374,16700,0,0
2005-07-21,6.01,6.13,6.01,6.07,6.01365,27400,0,0
2005-07-22,6.12,6.12,5.97,5.98,5.92448,33200,0,0
2005-07-25,5.93,6.01,5.89,5.91,5.85513,14000,0,0
2005-07-26,5.9,5.92,5.85,5.86,5.8056,28700,0,0
2005-07-27,5.85,6.15,5.83,6.13,6.07309,42200,0,0
2005-07-28,6.15,6.15,6.03,6.04,5.98393,22000,0,0
2005-07-29,6.03,6.05,5.89,6.02,5.96411,25800,0,0
2005-08-01,5.92,6.03,5.92,6.01,5.95421,7300,0,0
2005-08-02,6.01,6.14,6.01,6.05,5.99383,23000,0,0
2005-08-03,6.05,6.13,6.02,6.13,6.07309,25600,0,0
2005-08-04,6.2,6.24,6.1,6.14,6.083,57300,0,0
2005-08-05,6.12,6.18,6,6.16,6.10281,17900,0,0
2005-08-08,6.2,6.21,6.05,6.11,6.05328,32200,0,0
2005-08-09,6.15,6.21,6.1,6.19,6.13253,40000,0,0
2005-08-10,6.19,6.28,6.19,6.23,6.17216,36300,0,0
2005-08-11,6.22,6.34,6.22,6.32,6.26133,69200,0,0
2005-08-12,6.25,6.51,6.25,6.47,6.40994,70900,0,0
2005-08-15,6.47,6.47,6.36,6.39,6.33068,34100,0,0
2005-08-16,6.34,6.6,6.34,6.52,6.45947,45700,0,0
2005-08-17,6.56,6.57,6.39,6.39,6.33068,119200,0,0
2005-08-18,6.4,6.4,6.26,6.37,6.31086,11600,0,0
2005-08-19,6.37,6.45,6.37,6.43,6.37031,47700,0,0
2005-08-22,6.53,6.56,6.47,6.54,6.47929,25900,0,0
2005-08-23,6.53,6.6,6.53,6.6,6.53873,27500,0,0
2005-08-24,6.67,6.7,6.6,6.7,6.6378,57700,0,0
2005-08-25,6.68,6.76,6.67,6.73,6.66752,68900,0,0
2005-08-26,6.75,6.83,6.7,6.79,6.72696,49900,0,0
2005-08-29,6.65,6.84,6.65,6.75,6.68734,71600,0,0
2005-08-30,6.72,7,6.68,6.98,6.9152,92600,0,0
2005-08-31,6.97,7.2,6.97,7.1,7.03409,177500,0,0
2005-09-01,7.13,7.13,7.03,7.06,6.99446,95400,0,0
2005-09-02,7,7.03,6.9,6.95,6.88548,80400,0,0
2005-09-06,7,7.17,7,7.12,7.0539,62800,0,0
2005-09-07,7.1,7.24,7.1,7.2,7.13316,47500,0,0
2005-09-08,7.22,7.38,7.22,7.33,7.26195,58200,0,0
2005-09-09,7.31,7.46,7.31,7.4,7.3313,64200,0,0
2005-09-12,7.37,7.41,7.02,7.03,6.96474,61000,0,0
2005-09-13,7,7.18,6.97,7.15,7.08362,32000,0,0
2005-09-14,7.19,7.24,7.19,7.22,7.15297,16000,0,0
2005-09-15,7.28,7.28,7.21,7.24,7.17279,51800,0,0
2005-09-16,7.22,7.3,7.22,7.26,7.1926,16500,0,0
2005-09-19,7.27,7.35,7.25,7.31,7.24214,68200,0,0
2005-09-20,7.24,7.24,6.7,7.03,6.96474,83900,0,0
2005-09-21,6.88,7.06,6.88,7.02,6.95483,51400,0,0
2005-09-22,7.08,7.08,6.88,6.99,6.92511,34900,0,0
2005-09-23,6.92,7.11,6.89,7.08,7.01427,16300,0,0
2005-09-26,7.01,7.08,6.87,6.98,6.9152,28000,0,0
2005-09-27,6.99,7.13,6.95,7.11,7.04399,18200,0,0
2005-09-28,7.13,7.35,7.1,7.34,7.27186,47900,0,0
2005-09-29,7.25,7.33,6.95,6.99,6.92511,49300,0,0
2005-09-30,6.99,7.35,6.99,7.34,7.27186,61900,0,0
2005-10-03,7.3,7.35,7.09,7.31,7.24214,70700,0,0
2005-10-04,7.34,7.5,7.34,7.5,7.43037,60800,0,0
2005-10-05,7.5,7.54,7.34,7.42,7.35112,73100,0,0
2005-10-06,7.32,7.4,7.02,7.08,7.01427,41600,0,0
2005-10-07,7,7.21,6.99,7.15,7.08362,48900,0,0
2005-10-10,7.01,7.24,7.01,7.1,7.03409,22400,0,0
2005-10-11,7,7.32,7,7.12,7.0539,43300,0,0
2005-10-12,7.08,7.26,7.08,7.13,7.06381,28300,0,0
2005-10-13,7.03,7.15,7,7.02,6.95483,41200,0,0
2005-10-14,7.13,7.13,6.99,7.05,6.98455,51200,0,0
2005-10-17,7.12,7.32,7.07,7.26,7.1926,34100,0,0
2005-10-18,7.25,7.32,7.05,7.13,7.06381,37600,0,0
2005-10-19,7.1,7.14,7.01,7.11,7.04399,55900,0,0
2005-10-20,7.1,7.37,7.1,7.26,7.1926,59700,0,0
2005-10-21,7.25,7.25,7.06,7.07,7.00437,22200,0,0
2005-10-24,7,7.21,7,7.12,7.0539,23800,0,0
2005-10-25,7.08,7.17,7.05,7.06,6.99446,32600,0,0
2005-10-26,7.12,7.29,7.12,7.29,7.22232,36100,0,0
2005-10-27,7.19,7.25,7.07,7.08,7.01427,28300,0,0
2005-10-28,7.08,7.27,7.05,7.15,7.08362,24200,0,0
2005-10-31,7.18,7.27,7.15,7.19,7.12325,12900,0,0
2005-11-01,7.18,7.37,7.17,7.29,7.22232,35200,0,0
2005-11-02,7.19,7.32,7.11,7.19,7.12325,40300,0,0
2005-11-03,7.26,7.26,7.17,7.19,7.12325,14400,0,0
2005-11-04,7.23,7.33,7.19,7.2,7.13316,11300,0,0
2005-11-07,7.18,7.32,7.18,7.32,7.25204,23200,0,0
2005-11-08,7.12,7.27,7.12,7.2,7.13316,24700,0,0
2005-11-09,7.19,7.32,7.19,7.28,7.21242,39900,0,0
2005-11-10,7.27,7.27,7.07,7.14,7.07372,27000,0,0
2005-11-11,7.05,7.12,7.03,7.11,7.04399,17000,0,0
2005-11-14,7.15,7.21,7.08,7.17,7.10344,18400,0,0
2005-11-15,7.2,7.2,7.14,7.14,7.07372,19700,0,0
2005-11-16,7.15,7.2,7.1,7.18,7.11334,15900,0,0
2005-11-17,7.1,7.24,7.1,7.24,7.17279,9300,0,0
2005-11-18,7.19,7.3,7.16,7.3,7.23223,20300,0,0
2005-11-21,7.3,7.36,7.28,7.31,7.24214,20600,0,0
2005-11-22,7.28,7.36,7.2,7.33,7.26195,31300,0,0
2005-11-23,7.34,7.35,7.25,7.28,7.21242,23900,0,0
2005-11-25,7.35,7.44,7.35,7.4,7.3313,18600,0,0
2005-11-28,7.39,7.39,7.22,7.34,7.27186,26500,0,0
2005-11-29,7.3,7.4,7.3,7.32,7.25204,23400,0,0
2005-11-30,7.37,7.42,7.26,7.26,7.1926,49400,0,0
2005-12-01,7.26,7.32,7.19,7.3,7.23223,32000,0,0
2005-12-02,7.29,7.42,7.25,7.29,7.22232,41800,0,0
2005-12-05,7.2,7.37,7.2,7.26,7.1926,52000,0,0
2005-12-06,7.24,7.45,7.23,7.44,7.37093,32100,0,0
2005-12-07,7.39,7.53,7.33,7.49,7.42047,17000,0,0
2005-12-08,7.47,7.53,7.38,7.46,7.39075,27100,0,0
2005-12-09,7.36,7.53,7.36,7.48,7.41056,20500,0,0
2005-12-12,7.5,7.55,7.45,7.45,7.38084,26200,0,0
2005-12-13,7.45,7.57,7.45,7.51,7.44028,95000,0,0
2005-12-14,7.48,7.54,7.41,7.46,7.39075,75200,0,0
2005-12-15,7.38,7.5,7.38,7.45,7.38084,69700,0,0
2005-12-16,7.55,7.96,7.47,7.62,7.54926,325600,0,0
2005-12-19,7.66,7.66,7.25,7.27,7.20251,191700,0,0
2005-12-20,7.3,7.3,7.1,7.19,7.12325,94300,0,0
2005-12-21,7.17,7.39,7.17,7.37,7.30158,88900,0,0
2005-12-22,7.29,7.44,7.29,7.39,7.32139,1479100,0,0
2005-12-23,7.35,7.61,7.33,7.55,7.47991,320300,0,0
2005-12-27,7.65,7.75,7.59,7.63,7.55917,769900,0,0
2005-12-28,7.63,8.04,7.63,7.99,7.91582,1368500,0,0
2005-12-29,7.97,8,7.76,7.89,7.81675,110500,0,0
2005-12-30,7.82,8.07,7.82,8.06,7.98518,91600,0,0
2006-01-03,8.15,8.41,8.09,8.18,8.10406,372200,0,0
2006-01-04,8.21,8.21,7.93,8.09,8.0149,179200,0,0
2006-01-05,8.06,8.06,7.92,8.02,7.94555,109800,0,0
2006-01-06,8.04,8.31,7.84,8.26,8.18332,86900,0,0
2006-01-09,8.23,8.5,8.18,8.48,8.40128,181500,0,0
2006-01-10,8.39,8.53,8.16,8.44,8.36165,129500,0,0
2006-01-11,8.44,8.53,8.44,8.47,8.39137,70700,0,0
2006-01-12,8.45,8.45,8.08,8.08,8.00499,125400,0,0
2006-01-13,8.09,8.21,8.05,8.05,7.97527,150200,0,0
2006-01-17,8.14,8.14,7.99,8.07,7.99508,128500,0,0
2006-01-18,7.98,8,7.92,7.95,7.8762,43100,0,0
2006-01-19,7.96,8.08,7.95,8.07,7.99508,43900,0,0
2006-01-20,8.1,8.14,8.07,8.14,8.06443,63100,0,0
2006-01-23,8.14,8.25,7.99,8.13,8.05453,67400,0,0
2006-01-24,8.13,8.13,7.9,8.05,7.97527,96900,0,0
2006-01-25,8.01,8.04,7.87,7.93,7.85638,143600,0,0
2006-01-26,7.91,7.91,7.74,7.75,7.67805,84900,0,0
2006-01-27,7.68,7.95,7.68,7.9,7.82666,67100,0,0
2006-01-30,7.91,8.02,7.77,7.97,7.89601,120000,0,0
2006-01-31,8.07,8.09,7.77,7.77,7.69787,129200,0,0
2006-02-01,7.8,7.96,7.76,7.91,7.83657,161600,0,0
2006-02-02,7.85,8.2,7.84,8.11,8.03471,169300,0,0
2006-02-03,8.11,8.28,8,8.18,8.10406,445500,0,0
2006-02-06,8.08,8.19,8.03,8.18,8.10406,387600,0,0
2006-02-07,8.16,8.21,7.95,8.14,8.06443,125900,0,0
2006-02-08,8.13,8.2,8.09,8.12,8.04462,58600,0,0
2006-02-09,8.11,8.22,8.08,8.21,8.13378,140300,0,0
2006-02-10,8.18,8.19,8.04,8.12,8.04462,351700,0,0
2006-02-13,8.12,8.12,7.93,8.02,7.94555,130200,0,0
2006-02-14,8.02,8.03,7.9,7.93,7.85638,56300,0,0
2006-02-15,7.95,7.98,7.8,7.8,7.72759,149300,0,0
2006-02-16,7.8,7.81,7.6,7.79,7.71768,265000,0,0
2006-02-17,7.85,7.85,7.69,7.75,7.67805,65500,0,0
2006-02-21,7.7,7.7,7.48,7.49,7.42047,106200,0,0
2006-02-22,7.52,7.64,7.51,7.64,7.56907,61400,0,0
2006-02-23,7.63,7.63,7.54,7.54,7.47,28800,0,0
2006-02-24,7.56,7.61,7.49,7.61,7.53935,90800,0,0
2006-02-27,7.59,7.66,7.51,7.56,7.48982,55500,0,0
2006-02-28,7.66,7.66,7.29,7.51,7.44028,122100,0,0
2006-03-01,7.47,7.61,7.47,7.56,7.48982,72100,0,0
2006-03-02,7.53,7.9,7.53,7.8,7.72759,101600,0,0
2006-03-03,7.76,7.79,7.6,7.7,7.62852,39900,0,0
2006-03-06,7.67,7.76,7.65,7.67,7.59879,52500,0,0
2006-03-07,7.7,7.78,7.6,7.6,7.52944,77200,0,0
2006-03-08,7.58,7.63,7.39,7.51,7.44028,43300,0,0
2006-03-09,7.46,7.51,7.23,7.24,7.17279,102500,0,0
2006-03-10,7.23,7.29,7.02,7.06,6.99446,107000,0,0
2006-03-13,7.03,7.19,7.03,7.18,7.11334,54500,0,0
2006-03-14,7.14,7.43,7.12,7.28,7.21242,120600,0,0
2006-03-15,7.21,7.35,7.19,7.28,7.21242,86300,0,0
2006-03-16,7.33,7.43,7.33,7.35,7.28177,26200,0,0
2006-03-17,7.39,7.42,7.28,7.39,7.32139,46900,0,0
2006-03-20,7.4,7.42,7.32,7.32,7.25204,35600,0,0
2006-03-21,7.29,7.29,7.17,7.23,7.16288,50000,0,0
2006-03-22,7.28,7.28,7.1,7.18,7.11334,42100,0,0
2006-03-23,7.23,7.29,7.16,7.22,7.15297,39300,0,0
2006-03-24,7.2,7.27,7.18,7.23,7.16288,101200,0,0
2006-03-27,7.2,7.25,7.14,7.25,7.18269,39600,0,0
2006-03-28,7.23,7.27,7.19,7.21,7.14307,58400,0,0
2006-03-29,6.7,6.89,6.4,6.75,6.68734,212700,0,0
2006-03-30,6.65,6.9,6.65,6.84,6.7765,72400,0,0
2006-03-31,6.77,6.82,6.6,6.63,6.56845,90000,0,0
2006-04-03,6.58,6.87,6.58,6.78,6.71706,57500,0,0
2006-04-04,6.84,7.21,6.84,7.19,7.12325,115900,0,0
2006-04-05,7.18,7.24,7.12,7.21,7.14307,81800,0,0
2006-04-06,7.21,7.35,7.2,7.3,7.23223,90300,0,0
2006-04-07,7.35,7.37,7.21,7.23,7.16288,69100,0,0
2006-04-10,7.36,7.36,7.2,7.25,7.18269,163300,0,0
2006-04-11,7.29,7.32,7.2,7.24,7.17279,81600,0,0
2006-04-12,7.18,7.24,7.11,7.14,7.07372,27500,0,0
2006-04-13,7.1,7.2,7.08,7.11,7.04399,27600,0,0
2006-04-17,7.15,7.22,7.11,7.19,7.12325,104600,0,0
2006-04-18,7.15,7.48,7.15,7.36,7.29167,143100,0,0
2006-04-19,7.42,7.46,7.25,7.27,7.20251,106800,0,0
2006-04-20,7.21,7.39,7.21,7.31,7.24214,79300,0,0
2006-04-21,7.31,7.35,7.2,7.23,7.16288,83300,0,0
2006-04-24,7.2,7.25,7.14,7.16,7.09353,91600,0,0
2006-04-25,7.19,7.23,7.11,7.22,7.15297,62400,0,0
2006-04-26,7,7.07,6.9,7.02,6.95483,102800,0,0
2006-04-27,7,7.35,7,7.27,7.20251,128600,0,0
2006-04-28,7.18,7.22,7.13,7.21,7.14307,62800,0,0
2006-05-01,7.2,7.26,7.13,7.16,7.09353,32000,0,0
2006-05-02,7.13,7.34,7.13,7.26,7.1926,88000,0,0
2006-05-03,7.2,7.3,7.2,7.22,7.15297,36000,0,0
2006-05-04,7.21,7.28,7.21,7.26,7.1926,31700,0,0
2006-05-05,7.24,7.28,7.13,7.15,7.08362,56400,0,0
2006-05-08,7.15,7.42,7.15,7.38,7.31149,80200,0,0
2006-05-09,7.45,7.5,7.28,7.3,7.23223,130000,0,0
2006-05-10,7.19,7.32,7.11,7.22,7.15297,87100,0,0
2006-05-11,7.26,7.31,7.2,7.21,7.14307,94100,0,0
2006-05-12,7.13,7.17,6.94,6.98,6.9152,87700,0,0
2006-05-15,6.95,7.18,6.95,7.08,7.01427,41200,0,0
2006-05-16,7.09,7.16,7.02,7.13,7.06381,51900,0,0
2006-05-17,7.1,7.19,6.89,6.91,6.84585,67000,0,0
2006-05-18,6.87,6.98,6.69,6.72,6.65761,22100,0,0
2006-05-19,6.68,6.82,6.5,6.75,6.68734,40500,0,0
2006-05-22,6.7,6.75,6.46,6.49,6.42975,29100,0,0
2006-05-23,6.59,6.76,6.59,6.63,6.56845,35700,0,0
2006-05-24,6.6,6.68,6.57,6.6,6.53873,75300,0,0
2006-05-25,6.61,6.77,6.61,6.74,6.67743,40200,0,0
2006-05-26,6.79,6.89,6.72,6.85,6.78641,149700,0,0
2006-05-30,6.81,7.01,6.74,6.81,6.74678,52900,0,0
2006-05-31,6.85,6.89,6.56,6.67,6.60808,73500,0,0
2006-06-01,6.6,6.7,6.57,6.58,6.51891,48200,0,0
2006-06-02,6.6,6.64,6.43,6.53,6.46938,113200,0,0
2006-06-05,6.51,6.55,6.39,6.41,6.35049,74800,0,0
2006-06-06,6.45,6.56,6.28,6.51,6.44956,73000,0,0
2006-06-07,6.45,6.47,6.39,6.45,6.39012,23700,0,0
2006-06-08,6.3,6.37,6.03,6.31,6.25142,61500,0,0
2006-06-09,6.28,6.42,6.28,6.38,6.32077,33100,0,0
2006-06-12,6.33,6.42,6.33,6.38,6.32077,29100,0,0
2006-06-13,6.36,6.42,6.25,6.32,6.26133,78300,0,0
2006-06-14,6.25,6.25,6.13,6.23,6.17216,35400,0,0
2006-06-15,6.23,6.44,6.23,6.33,6.27123,45500,0,0
2006-06-16,6.3,6.3,6.18,6.28,6.2217,26000,0,0
2006-06-19,6.26,6.27,6.07,6.24,6.18207,44300,0,0
2006-06-20,6.3,6.3,6.13,6.17,6.11272,47100,0,0
2006-06-21,6.17,6.21,6.06,6.16,6.10281,75300,0,0
2006-06-22,6.1,6.35,6.09,6.3,6.24151,44100,0,0
2006-06-23,6.31,6.43,6.26,6.33,6.27123,33200,0,0
2006-06-26,6.33,6.44,6.33,6.43,6.37031,38000,0,0
2006-06-27,6.49,6.51,6.11,6.24,6.18207,48500,0,0
2006-06-28,6.23,6.24,6.13,6.18,6.12263,31100,0,0
2006-06-29,6.2,6.42,6.18,6.36,6.30096,71600,0,0
2006-06-30,6.3,6.33,6.18,6.18,6.12263,40700,0,0
2006-07-03,6.25,6.35,6.15,6.32,6.26133,6300,0,0
2006-07-05,6.25,6.32,6.15,6.28,6.2217,47300,0,0
2006-07-06,6.29,6.46,6.29,6.38,6.32077,77300,0,0
2006-07-07,6.34,6.42,6.17,6.26,6.20189,59000,0,0
2006-07-10,6.22,6.35,6.22,6.29,6.23161,26000,0,0
2006-07-11,6.28,6.31,6.16,6.25,6.19198,74600,0,0
2006-07-12,6.29,6.29,6.15,6.23,6.17216,25900,0,0
2006-07-13,6.26,6.31,6,6.05,5.99383,53600,0,0
2006-07-14,6.02,6.16,6.02,6.09,6.03346,57000,0,0
2006-07-17,6.07,6.15,6.06,6.1,6.04337,84000,0,0
2006-07-18,6.01,6.15,6.01,6.05,5.99383,63600,0,0
2006-07-19,6.06,6.15,6.06,6.1,6.04337,51000,0,0
2006-07-20,6.11,6.15,6,6,5.9443,41600,0,0
2006-07-21,6,6.01,5.72,5.8,5.74616,82900,0,0
2006-07-24,5.81,5.97,5.7,5.89,5.83532,36900,0,0
2006-07-25,5.85,5.96,5.85,5.92,5.86504,26900,0,0
2006-07-26,5.9,6.25,5.9,6.17,6.11272,43300,0,0
2006-07-27,6.18,6.19,5.92,5.93,5.87495,39800,0,0
2006-07-28,5.95,6.02,5.94,5.94,5.88486,36700,0,0
2006-07-31,5.99,5.99,5.81,5.85,5.79569,43900,0,0
2006-08-01,5.82,5.89,5.76,5.85,5.79569,85800,0,0
2006-08-02,5.88,6.04,5.88,5.97,5.91458,43600,0,0
2006-08-03,5.99,6.12,5.97,6.07,6.01365,64000,0,0
2006-08-04,6.1,6.26,6.1,6.22,6.16226,46500,0,0
2006-08-07,6.42,6.42,6.19,6.34,6.28114,44700,0,0
2006-08-08,6.3,6.39,6.23,6.27,6.21179,30300,0,0
2006-08-09,6.33,6.35,6.15,6.3,6.24151,68700,0,0
2006-08-10,6.29,6.38,6.26,6.35,6.29105,83600,0,0
2006-08-11,6.29,6.39,6.29,6.34,6.28114,49000,0,0
2006-08-14,6.3,6.39,6.3,6.31,6.25142,51800,0,0
2006-08-15,6.31,6.41,6.31,6.37,6.31086,88300,0,0
2006-08-16,6.34,6.49,6.31,6.44,6.38021,67700,0,0
2006-08-17,6.36,6.49,6.36,6.49,6.42975,72100,0,0
2006-08-18,6.47,6.5,6.37,6.4,6.34059,44200,0,0
2006-08-21,6.46,6.51,6.39,6.43,6.37031,28500,0,0
2006-08-22,6.41,6.47,6.38,6.45,6.39012,21400,0,0
2006-08-23,6.4,6.6,6.4,6.44,6.38021,77300,0,0
2006-08-24,6.49,6.5,6.45,6.48,6.41984,28600,0,0
2006-08-25,6.45,6.5,6.41,6.41,6.35049,23500,0,0
2006-08-28,6.4,6.48,6.36,6.46,6.40003,24400,0,0
2006-08-29,6.44,6.45,6.29,6.3,6.24151,48200,0,0
2006-08-30,6.32,6.34,6.28,6.32,6.26133,27300,0,0
2006-08-31,6.27,6.33,6.27,6.31,6.25142,20000,0,0
2006-09-01,6.33,6.35,6.28,6.3,6.24151,26600,0,0
2006-09-05,6.29,6.35,6.27,6.31,6.25142,35700,0,0
2006-09-06,6.26,6.35,6.26,6.29,6.23161,70900,0,0
2006-09-07,6.25,6.5,6.24,6.34,6.28114,114100,0,0
2006-09-08,6.3,6.46,6.28,6.38,6.32077,106900,0,0
2006-09-11,6.35,6.39,6.28,6.31,6.25142,68900,0,0
2006-09-12,6.23,6.38,6.23,6.29,6.23161,115800,0,0
2006-09-13,6.3,6.36,6.28,6.33,6.27123,131500,0,0
2006-09-14,6.28,6.42,6.28,6.37,6.31086,71100,0,0
2006-09-15,6.31,6.41,6.25,6.28,6.2217,64300,0,0
2006-09-18,6.32,6.42,6.3,6.37,6.31086,41300,0,0
2006-09-19,6.33,6.39,6.31,6.36,6.30096,54100,0,0
2006-09-20,6.33,6.34,6.24,6.26,6.20189,51200,0,0
2006-09-21,6.28,6.36,6.25,6.28,6.2217,32000,0,0
2006-09-22,6.29,6.32,6.25,6.3,6.24151,40000,0,0
2006-09-25,6.3,6.36,6.27,6.32,6.26133,89700,0,0
2006-09-26,6.34,6.37,6.31,6.35,6.29105,65000,0,0
2006-09-27,6.26,6.68,6.26,6.54,6.47929,98900,0,0
2006-09-28,6.55,6.68,6.54,6.66,6.59817,84100,0,0
2006-09-29,6.73,6.73,6.51,6.55,6.48919,74200,0,0
2006-10-02,6.65,6.65,6.5,6.56,6.4991,84100,0,0
2006-10-03,6.54,6.59,6.4,6.47,6.40994,77200,0,0
2006-10-04,6.39,6.49,6.39,6.49,6.42975,26600,0,0
2006-10-05,6.5,6.6,6.46,6.56,6.4991,46400,0,0
2006-10-06,6.52,6.61,6.52,6.54,6.47929,29700,0,0
2006-10-09,6.67,6.7,6.59,6.7,6.6378,22300,0,0
2006-10-10,6.65,6.65,6.46,6.58,6.51891,56900,0,0
2006-10-11,6.59,6.84,6.59,6.83,6.76659,78000,0,0
2006-10-12,6.77,6.93,6.77,6.86,6.79632,72400,0,0
2006-10-13,6.85,6.94,6.74,6.89,6.82604,61600,0,0
2006-10-16,6.97,6.97,6.87,6.88,6.81613,38600,0,0
2006-10-17,6.82,6.87,6.62,6.63,6.56845,69100,0,0
2006-10-18,6.61,6.85,6.61,6.79,6.72696,90400,0,0
2006-10-19,6.79,7.08,6.79,6.99,6.92511,89400,0,0
2006-10-20,7.04,7.07,6.93,7.01,6.94492,61900,0,0
2006-10-23,7,7.13,6.97,7.06,6.99446,73100,0,0
2006-10-24,7.07,7.1,6.97,7.09,7.02418,75600,0,0
2006-10-25,7.06,7.08,6.98,7.06,6.99446,34300,0,0
2006-10-26,7.05,7.13,7,7.03,6.96474,33400,0,0
2006-10-27,7.08,7.1,6.93,7.06,6.99446,54400,0,0
2006-10-30,7.03,7.04,6.87,6.95,6.88548,39500,0,0
2006-10-31,6.96,6.99,6.81,6.82,6.75669,86000,0,0
2006-11-01,6.73,6.76,6.17,6.63,6.56845,169900,0,0
2006-11-02,6.54,6.79,6.54,6.77,6.70715,55100,0,0
2006-11-03,6.79,6.95,6.75,6.87,6.80622,44700,0,0
2006-11-06,6.84,6.95,6.84,6.9,6.83594,59500,0,0
2006-11-07,6.93,6.95,6.87,6.91,6.84585,67200,0,0
2006-11-08,6.9,6.9,6.65,6.69,6.62789,58500,0,0
2006-11-09,6.66,6.84,6.51,6.8,6.73687,43400,0,0
2006-11-10,6.76,6.79,6.57,6.73,6.66752,54700,0,0
2006-11-13,6.8,6.8,6.72,6.75,6.68734,40500,0,0
2006-11-14,6.5,6.7,6.39,6.49,6.42975,136700,0,0
2006-11-15,6.3,6.63,6.3,6.56,6.4991,96200,0,0
2006-11-16,6.55,6.69,6.55,6.61,6.54864,49700,0,0
2006-11-17,6.55,6.82,6.55,6.76,6.69724,56400,0,0
2006-11-20,6.76,6.82,6.68,6.77,6.70715,37100,0,0
2006-11-21,6.73,6.83,6.7,6.79,6.72696,66800,0,0
2006-11-22,6.79,6.83,6.75,6.78,6.71706,26500,0,0
2006-11-24,6.78,6.84,6.77,6.78,6.71706,12400,0,0
2006-11-27,6.75,6.85,6.69,6.85,6.78641,28000,0,0
2006-11-28,6.82,6.9,6.82,6.87,6.80622,22400,0,0
2006-11-29,6.87,6.9,6.84,6.88,6.81613,56700,0,0
2006-11-30,6.84,6.92,6.8,6.86,6.79632,76500,0,0
2006-12-01,6.84,6.9,6.7,6.85,6.78641,156100,0,0
2006-12-04,6.85,6.95,6.8,6.93,6.86566,99700,0,0
2006-12-05,6.92,7.05,6.9,7.03,6.96474,128800,0,0
2006-12-06,7.01,7.07,6.96,6.98,6.9152,93600,0,0
2006-12-07,6.97,7.07,6.96,7.05,6.98455,51300,0,0
2006-12-08,7.05,7.24,7.05,7.24,7.17279,159700,0,0
2006-12-11,7.08,7.31,7.08,7.24,7.17279,58500,0,0
2006-12-12,7.14,7.23,6.99,7.04,6.97464,48600,0,0
2006-12-13,6.97,7.09,6.9,6.92,6.85576,114000,0,0
2006-12-14,6.85,7.07,6.85,6.96,6.89539,55000,0,0
2006-12-15,6.93,6.96,6.85,6.87,6.80622,37600,0,0
2006-12-18,6.85,6.94,6.82,6.87,6.80622,64700,0,0
2006-12-19,6.9,6.92,6.7,6.86,6.79632,48200,0,0
2006-12-20,6.96,6.98,6.9,6.93,6.86566,23800,0,0
2006-12-21,6.94,6.95,6.82,6.93,6.86566,40000,0,0
2006-12-22,6.95,6.97,6.88,6.91,6.84585,21300,0,0
2006-12-26,6.86,6.87,6.68,6.78,6.71706,32100,0,0
2006-12-27,6.82,6.93,6.82,6.89,6.82604,16900,0,0
2006-12-28,6.9,6.97,6.88,6.89,6.82604,69500,0,0
2006-12-29,6.94,6.98,6.85,6.96,6.89539,159700,0,0
2007-01-03,7,7,6.7,6.73,6.66752,83900,0,0
2007-01-04,6.79,6.8,6.61,6.78,6.71706,82900,0,0
2007-01-05,6.7,6.81,6.66,6.71,6.64771,67500,0,0
2007-01-08,6.74,6.78,6.64,6.76,6.69724,35200,0,0
2007-01-09,6.69,6.81,6.69,6.79,6.72696,66600,0,0
2007-01-10,6.88,6.88,6.77,6.85,6.78641,82000,0,0
2007-01-11,6.8,6.86,6.79,6.79,6.72696,69000,0,0
2007-01-12,6.75,6.87,6.75,6.83,6.76659,73100,0,0
2007-01-16,6.82,6.94,6.82,6.91,6.84585,87300,0,0
2007-01-17,6.91,7.18,6.9,7.04,6.97464,97100,0,0
2007-01-18,7.06,7.08,6.96,7.04,6.97464,79000,0,0
2007-01-19,7.05,7.06,6.95,7.01,6.94492,30300,0,0
2007-01-22,7.02,7.13,6.94,7.1,7.03409,56800,0,0
2007-01-23,7.09,7.15,7.09,7.14,7.07372,36600,0,0
2007-01-24,7.14,7.26,7.11,7.15,7.08362,85800,0,0
2007-01-25,7.2,7.42,7.1,7.19,7.12325,97900,0,0
2007-01-26,7.18,7.23,7.13,7.21,7.14307,56300,0,0
2007-01-29,7.11,7.19,6.93,7.04,6.97464,93400,0,0
2007-01-30,7.1,7.59,7.1,7.59,7.51954,319500,0,0
2007-01-31,7.6,7.86,7.54,7.8,7.72759,432300,0,0
2007-02-01,7.73,8.08,7.73,8.01,7.93564,180100,0,0
2007-02-02,7.89,8.09,7.89,7.93,7.85638,122400,0,0
2007-02-05,7.87,8.1,7.87,8.03,7.95545,127400,0,0
2007-02-06,8.07,8.07,7.96,7.99,7.91582,144000,0,0
2007-02-07,7.92,8.03,7.92,8.03,7.95545,52200,0,0
2007-02-08,8,8,7.93,8,7.92573,103800,0,0
2007-02-09,8,8.04,7.86,7.95,7.8762,171200,0,0
2007-02-12,7.9,8.04,7.9,8.02,7.94555,257400,0,0
2007-02-13,7.98,8.17,7.98,8.14,8.06443,102200,0,0
2007-02-14,8.15,8.25,8.12,8.2,8.12387,90800,0,0
2007-02-15,8.25,8.45,8.22,8.37,8.2923,361400,0,0
2007-02-16,8.3,8.47,8.3,8.44,8.36165,106600,0,0
2007-02-20,8.29,8.49,8.27,8.44,8.36165,206900,0,0
2007-02-21,8.48,8.63,8.47,8.63,8.54988,260300,0,0
2007-02-22,8.61,8.73,8.58,8.68,8.59942,170900,0,0
2007-02-23,8.62,8.68,8.47,8.56,8.48053,214800,0,0
2007-02-26,8.6,8.67,8.5,8.59,8.51026,129400,0,0
2007-02-27,8.59,8.62,8.38,8.41,8.33193,165000,0,0
2007-02-28,8.42,8.5,8.28,8.46,8.38146,214800,0,0
2007-03-01,8.4,8.46,8.2,8.27,8.19323,272200,0,0
2007-03-02,8.16,8.3,8.15,8.23,8.1536,101100,0,0
2007-03-05,8.2,8.4,8.14,8.4,8.32202,106300,0,0
2007-03-06,8.46,8.59,8.45,8.46,8.38146,115600,0,0
2007-03-07,8.45,8.5,8.45,8.47,8.39137,58000,0,0
2007-03-08,8.44,8.48,8.4,8.42,8.34183,85200,0,0
2007-03-09,8.36,8.54,8.35,8.48,8.40128,82700,0,0
2007-03-12,8.52,8.54,8.39,8.53,8.45081,105200,0,0
2007-03-13,8.5,8.55,8.37,8.42,8.34183,122200,0,0
2007-03-14,8.42,8.42,8.21,8.35,8.27248,155000,0,0
2007-03-15,8.33,8.42,8.27,8.38,8.30221,64800,0,0
2007-03-16,8.4,8.42,8.29,8.29,8.21304,49700,0,0
2007-03-19,8.3,8.43,8.3,8.36,8.28239,75600,0,0
2007-03-20,8.4,8.59,8.4,8.57,8.49044,393800,0,0
2007-03-21,8.7,8.96,8.63,8.83,8.74803,228100,0,0
2007-03-22,8.82,8.84,8.6,8.65,8.5697,112200,0,0
2007-03-23,8.64,8.73,8.62,8.62,8.53998,207400,0,0
2007-03-26,8.56,8.72,8.56,8.62,8.53998,71600,0,0
2007-03-27,8.65,8.73,8.58,8.71,8.62914,179200,0,0
2007-03-28,8.7,8.75,8.61,8.63,8.54988,98800,0,0
2007-03-29,8.6,8.69,8.6,8.65,8.5697,49600,0,0
2007-03-30,8.68,8.72,8.61,8.66,8.57961,41400,0,0
2007-04-02,8.63,8.85,8.62,8.78,8.69849,116100,0,0
2007-04-03,8.78,8.97,8.77,8.94,8.85701,144900,0,0
2007-04-04,8.9,8.98,8.87,8.98,8.89663,87900,0,0
2007-04-05,8.98,9.02,8.93,8.99,8.90654,91200,0,0
2007-04-09,8.9,9.1,8.86,9.04,8.95608,112300,0,0
2007-04-10,9.07,9.07,8.93,8.93,8.8471,91600,0,0
2007-04-11,9.03,9.07,8.9,9.07,8.9858,73200,0,0
2007-04-12,9,9.17,9,9.17,9.08487,74900,0,0
2007-04-13,9.07,9.18,9.05,9.06,8.97589,77100,0,0
2007-04-16,9.1,9.29,9.1,9.29,9.20376,83300,0,0
2007-04-17,9.2,9.27,9.12,9.17,9.08487,87400,0,0
2007-04-18,9.16,9.31,9.12,9.25,9.16413,60900,0,0
2007-04-19,9.14,9.28,9.14,9.25,9.16413,64600,0,0
2007-04-20,9.25,9.3,9.19,9.27,9.18394,50000,0,0
2007-04-23,9.18,9.32,9.18,9.23,9.14431,111600,0,0
2007-04-24,9.25,9.27,9.17,9.24,9.15422,93800,0,0
2007-04-25,9.25,9.49,9.22,9.46,9.37218,125900,0,0
2007-04-26,9.43,9.48,9.31,9.31,9.22357,75300,0,0
2007-04-27,9.33,9.38,9.27,9.29,9.20376,36900,0,0
2007-04-30,9.25,9.35,8.9,8.99,8.90654,124500,0,0
2007-05-01,8.99,9.13,8.97,9.07,8.9858,75900,0,0
2007-05-02,9.53,10.35,9.51,9.91,9.818,568800,0,0
2007-05-03,9.95,10.03,9.87,9.91,9.818,168200,0,0
2007-05-04,9.85,9.97,9.76,9.88,9.78828,198100,0,0
2007-05-07,9.83,9.97,9.83,9.88,9.78828,78500,0,0
2007-05-08,9.87,9.93,9.68,9.89,9.79819,64200,0,0
2007-05-09,9.82,9.93,9.82,9.86,9.76846,70900,0,0
2007-05-10,9.86,9.93,9.8,9.84,9.74865,60400,0,0
2007-05-11,9.8,9.88,9.78,9.85,9.75856,44300,0,0
2007-05-14,9.85,10.04,9.85,10.01,9.91707,89800,0,0
2007-05-15,10.03,10.11,9.98,10.02,9.92698,73600,0,0
2007-05-16,10,10.03,9.94,9.98,9.88735,96600,0,0
2007-05-17,9.96,10.03,9.94,10.02,9.92698,74600,0,0
2007-05-18,10.07,10.12,10.05,10.11,10.0161,264600,0,0
2007-05-21,10.07,10.39,10.07,10.25,10.1548,112300,0,0
2007-05-22,10.21,10.5,10.12,10.41,10.3134,310600,0,0
2007-05-23,10.44,10.55,10.36,10.45,10.353,173300,0,0
2007-05-24,10.44,10.46,10.09,10.13,10.036,163300,0,0
2007-05-25,10.15,10.21,10.1,10.18,10.0855,66000,0,0
2007-05-29,10.24,10.41,10.24,10.36,10.2638,123700,0,0
2007-05-30,10.3,10.62,10.28,10.62,10.5214,120500,0,0
2007-05-31,10.62,10.83,10.62,10.81,10.7096,78400,0,0
2007-06-01,10.87,10.95,10.83,10.89,10.7889,103200,0,0
2007-06-04,10.78,11,10.66,10.99,10.888,130600,0,0
2007-06-05,10.95,10.95,10.74,10.78,10.6799,224900,0,0
2007-06-06,10.84,10.9,10.77,10.85,10.7493,73100,0,0
2007-06-07,10.8,10.86,10.58,10.66,10.561,126800,0,0
2007-06-08,10.74,10.93,10.74,10.87,10.7691,162100,0,0
2007-06-11,10.88,10.94,10.72,10.86,10.7592,164100,0,0
2007-06-12,10.82,10.88,10.74,10.75,10.6502,223800,0,0
2007-06-13,10.69,10.79,10.68,10.79,10.6898,86900,0,0
2007-06-14,10.75,10.79,10.71,10.75,10.6502,70900,0,0
2007-06-15,10.8,10.82,10.73,10.75,10.6502,266800,0,0
2007-06-18,10.79,10.82,10.64,10.79,10.6898,178700,0,0
2007-06-19,10.73,10.95,10.73,10.89,10.7889,186400,0,0
2007-06-20,10.86,10.93,10.73,10.75,10.6502,107100,0,0
2007-06-21,10.68,10.77,10.66,10.76,10.6601,110700,0,0
2007-06-22,10.76,10.94,10.76,10.81,10.7096,69900,0,0
2007-06-25,10.9,11.06,10.74,10.81,10.7096,363100,0,0
2007-06-26,10.97,11.17,10.95,11.03,10.9276,170300,0,0
2007-06-27,11.08,11.19,10.96,11.18,11.0762,150800,0,0
2007-06-28,11.24,11.4,11.19,11.24,11.1357,171100,0,0
2007-06-29,11.25,11.4,11.22,11.22,11.1158,390700,0,0
2007-07-02,11.37,11.55,11.3,11.54,11.4329,140100,0,0
2007-07-03,11.54,11.56,11.33,11.37,11.2644,71000,0,0
2007-07-05,11.35,11.4,11.2,11.27,11.1654,125800,0,0
2007-07-06,11.36,11.36,11.15,11.2,11.096,133300,0,0
2007-07-09,11.13,11.26,11.13,11.14,11.0366,238200,0,0
2007-07-10,11.1,11.19,11.05,11.14,11.0366,156600,0,0
2007-07-11,11.1,11.14,11.05,11.12,11.0168,185400,0,0
2007-07-12,11.11,11.2,11.11,11.18,11.0762,110700,0,0
2007-07-13,11.19,11.23,11.06,11.2,11.096,101100,0,0
2007-07-16,11.23,11.55,11.22,11.42,11.314,193400,0,0
2007-07-17,11.37,11.48,11.15,11.28,11.1753,200200,0,0
2007-07-18,11.23,11.42,11.16,11.39,11.2843,227200,0,0
2007-07-19,11.4,11.41,11.25,11.33,11.2248,119100,0,0
2007-07-20,11.15,11.4,11.15,11.39,11.2843,96300,0,0
2007-07-23,11.39,11.42,11.21,11.23,11.1257,164900,0,0
2007-07-24,11.32,11.36,10.82,10.97,10.8682,264200,0,0
2007-07-25,10.95,11.13,10.7,10.92,10.8186,269900,0,0
2007-07-26,10.86,10.9,10.68,10.82,10.7196,320400,0,0
2007-07-27,10.78,10.93,10.6,10.67,10.5709,172900,0,0
2007-07-30,10.62,10.8,10.55,10.75,10.6502,192900,0,0
2007-07-31,10.85,10.9,10.19,10.33,10.2341,551700,0,0
2007-08-01,10.53,10.66,9.78,10.09,9.99633,571000,0,0
2007-08-02,10.33,10.95,10.31,10.86,10.7592,251100,0,0
2007-08-03,10.97,10.97,10.43,10.55,10.4521,219500,0,0
2007-08-06,10.55,10.69,10.17,10.41,10.3134,179100,0,0
2007-08-07,10.82,10.83,10.4,10.49,10.3926,306100,0,0
2007-08-08,10.63,10.65,9.88,10.03,9.93689,685300,0,0
2007-08-09,9.7,9.84,9.06,9.23,9.14431,1659000,0,0
2007-08-10,9.3,10.13,8.73,10,9.90717,546600,0,0
2007-08-13,10.09,10.59,10.06,10.11,10.0161,211700,0,0
2007-08-14,10.15,10.23,9.79,9.92,9.82791,124200,0,0
2007-08-15,9.84,10.03,9.56,9.73,9.63967,202100,0,0
2007-08-16,9.8,9.8,9.22,9.45,9.36227,342900,0,0
2007-08-17,10.22,10.27,9.82,10.03,9.93689,431300,0,0
2007-08-20,10.1,10.17,9.85,10.14,10.0459,170100,0,0
2007-08-21,10.02,10.04,9.9,9.94,9.84772,210500,0,0
2007-08-22,10.05,10.27,10.03,10.17,10.0756,200200,0,0
2007-08-23,10.2,10.35,10.14,10.23,10.135,172000,0,0
2007-08-24,10.2,10.45,10.2,10.42,10.3233,229400,0,0
2007-08-27,10.4,10.5,10.26,10.38,10.2836,134800,0,0
2007-08-28,10.22,10.52,10.2,10.33,10.2341,385900,0,0
2007-08-29,10.5,10.65,10.44,10.61,10.5115,248300,0,0
2007-08-30,10.53,10.66,10.48,10.48,10.3827,136400,0,0
2007-08-31,10.6,11.08,10.59,11.03,10.9276,195100,0,0
2007-09-04,11.15,11.39,10.92,11.09,10.987,277600,0,0
2007-09-05,10.87,11.15,10.81,10.91,10.8087,252400,0,0
2007-09-06,10.9,11.02,10.43,10.58,10.4818,448300,0,0
2007-09-07,10.65,10.83,10.62,10.73,10.6304,302600,0,0
2007-09-10,10.64,11,10.64,10.89,10.7889,349100,0,0
2007-09-11,10.89,11,10.86,10.95,10.8483,336200,0,0
2007-09-12,10.98,11.12,10.89,11.07,10.9672,200300,0,0
2007-09-13,11,11.12,10.91,11,10.8979,143900,0,0
2007-09-14,11.05,11.1,10.95,11.02,10.9177,185200,0,0
2007-09-17,11.02,11.02,10.73,10.86,10.7592,179400,0,0
2007-09-18,10.99,11.01,10.77,10.94,10.8384,390200,0,0
2007-09-19,10.95,11.25,10.94,11.19,11.0861,275300,0,0
2007-09-20,11.29,11.49,11.22,11.34,11.2347,303700,0,0
2007-09-21,11.43,11.43,10.96,11.06,10.9573,215700,0,0
2007-09-24,11.16,11.37,11.08,11.14,11.0366,154600,0,0
2007-09-25,11.01,11.31,10.76,11.17,11.0663,240500,0,0
2007-09-26,11.15,11.25,11.12,11.23,11.1257,174300,0,0
2007-09-27,11.27,11.73,11.22,11.71,11.6013,214600,0,0
2007-09-28,11.7,11.71,11.28,11.4,11.2942,159600,0,0
2007-10-01,11.33,11.46,10.9,11.05,10.9474,316500,0,0
2007-10-02,10.94,11.05,10.71,10.78,10.6799,316500,0,0
2007-10-03,10.8,11.1,10.8,10.95,10.8483,361800,0,0
2007-10-04,10.95,11.14,10.9,10.92,10.8186,279100,0,0
2007-10-05,11.03,11.25,11.03,11.13,11.0267,374500,0,0
2007-10-08,11.05,11.17,10.8,10.86,10.7592,118500,0,0
2007-10-09,10.89,11.02,10.78,10.97,10.8682,280600,0,0
2007-10-10,11.04,11.05,10.74,10.79,10.6898,203000,0,0
2007-10-11,10.79,10.87,10.58,10.69,10.5908,279800,0,0
2007-10-12,10.64,10.79,10.44,10.76,10.6601,253200,0,0
2007-10-15,10.71,10.8,10.46,10.51,10.4124,234400,0,0
2007-10-16,10.47,10.53,10.36,10.5,10.4025,158800,0,0
2007-10-17,10.67,10.89,10.56,10.89,10.7889,251000,0,0
2007-10-18,10.84,11.02,10.76,10.96,10.8583,256400,0,0
2007-10-19,11,11.35,11,11.14,11.0366,251300,0,0
2007-10-22,10.85,10.99,10.29,10.96,10.8583,321400,0,0
2007-10-23,11.17,11.18,10.97,11.04,10.9375,151900,0,0
2007-10-24,11,11.04,10.85,11,10.8979,100100,0,0
2007-10-25,11.14,11.14,10.89,11.05,10.9474,173400,0,0
2007-10-26,10.97,11.11,10.94,11.09,10.987,186600,0,0
2007-10-29,11.14,11.35,11.05,11.23,11.1257,180300,0,0
2007-10-30,11.08,11.15,11.05,11.1,10.997,56200,0,0
2007-10-31,11.2,11.39,11.05,11.36,11.2545,132600,0,0
2007-11-01,11.15,11.15,11.01,11.01,10.9078,108700,0,0
2007-11-02,11.14,11.24,11.02,11.11,11.0069,158300,0,0
2007-11-05,10.62,11.14,10.62,11.01,10.9078,228900,0,0
2007-11-06,11.12,11.2,10.5,10.79,10.6898,226600,0,0
2007-11-07,10.71,10.92,10.05,10.26,10.1648,309900,0,0
2007-11-08,10.29,10.38,9.56,9.77,9.6793,465400,0,0
2007-11-09,9.97,10.33,9.82,9.82,9.72884,333600,0,0
2007-11-12,9.93,10.04,9.69,9.86,9.76846,260600,0,0
2007-11-13,9.85,10.34,9.84,10.27,10.1747,203100,0,0
2007-11-14,10.42,11.45,10.42,10.82,10.7196,436800,0,0
2007-11-15,10.67,10.94,10.54,10.88,10.779,190100,0,0
2007-11-16,11,11.03,10.85,10.93,10.8285,512800,0,0
2007-11-19,11.03,11.1,10.82,10.87,10.7691,371400,0,0
2007-11-20,10.81,10.91,10.75,10.88,10.779,296400,0,0
2007-11-21,10.74,11.01,10.66,10.93,10.8285,185800,0,0
2007-11-23,10.92,11.05,10.88,10.94,10.8384,198300,0,0
2007-11-26,10.88,10.99,10.63,10.72,10.6205,161500,0,0
2007-11-27,10.83,11.11,10.75,11.1,10.997,274400,0,0
2007-11-28,11.1,11.5,11.1,11.44,11.3338,339500,0,0
2007-11-29,11.3,11.42,11.18,11.34,11.2347,102600,0,0
2007-11-30,11.31,11.58,11.23,11.38,11.2744,210100,0,0
2007-12-03,11.2,11.26,11.06,11.19,11.0861,198200,0,0
2007-12-04,11.01,11.04,10.87,10.93,10.8285,138200,0,0
2007-12-05,11,11.51,11,11.38,11.2744,225500,0,0
2007-12-06,11.49,11.65,11.4,11.55,11.4428,234700,0,0
2007-12-07,11.65,11.86,11.62,11.76,11.6508,229300,0,0
2007-12-10,11.91,11.91,11.37,11.58,11.4725,157000,0,0
2007-12-11,11.65,11.78,11.47,11.47,11.3635,161900,0,0
2007-12-12,11.34,11.7,11.34,11.56,11.4527,92000,0,0
2007-12-13,11.5,11.5,11.14,11.25,11.1456,124200,0,0
2007-12-14,11.24,11.48,11.24,11.39,11.2843,90900,0,0
2007-12-17,11.44,11.65,11.44,11.58,11.4725,203500,0,0
2007-12-18,11.75,11.75,11.3,11.33,11.2248,126200,0,0
2007-12-19,11.3,11.56,11.27,11.46,11.3536,109500,0,0
2007-12-20,11.5,11.53,11.27,11.35,11.2446,211200,0,0
2007-12-21,11.27,11.97,11.27,11.68,11.5716,228800,0,0
2007-12-24,11.54,11.58,11.25,11.31,11.205,127400,0,0
2007-12-26,11.31,11.67,11.21,11.67,11.5617,80800,0,0
2007-12-27,11.56,11.83,11.51,11.67,11.5617,118600,0,0
2007-12-28,11.59,11.7,11.55,11.66,11.5518,141700,0,0
2007-12-31,11.78,11.78,11.42,11.64,11.5319,168400,0,0
2008-01-02,11.68,11.68,11.05,11.06,10.9573,192800,0,0
2008-01-03,11.08,11.19,10.79,11.19,11.0861,166400,0,0
2008-01-04,11.11,11.12,10.96,11.02,10.9177,180400,0,0
2008-01-07,11,11.08,10.65,10.69,10.5908,213300,0,0
2008-01-08,10.69,10.94,10.55,10.55,10.4521,156000,0,0
2008-01-09,10.59,11.02,10.56,10.82,10.7196,200000,0,0
2008-01-10,10.76,10.8,10.5,10.65,10.5511,191000,0,0
2008-01-11,10.42,10.42,10.29,10.31,10.2143,155500,0,0
2008-01-14,10.25,10.43,10.06,10.17,10.0756,232700,0,0
2008-01-15,9.98,10.33,9.98,10.23,10.135,228300,0,0
2008-01-16,10.09,10.19,9.75,10,9.90717,252800,0,0
2008-01-17,9.94,9.99,9.42,9.5,9.41181,183500,0,0
2008-01-18,9.45,9.73,9.29,9.41,9.32264,153700,0,0
2008-01-22,9.01,9.45,9.01,9.37,9.28301,247300,0,0
2008-01-23,9.34,9.82,9.32,9.8,9.70902,155200,0,0
2008-01-24,10.01,10.36,9.82,9.86,9.76846,290500,0,0
2008-01-25,10.07,10.07,9.6,9.61,9.52078,132400,0,0
2008-01-28,9.56,9.73,9.38,9.65,9.56041,256200,0,0
2008-01-29,9.96,10.09,9.64,9.74,9.64958,246100,0,0
2008-01-30,9.77,10.29,9.76,10.02,9.92698,565400,0,0
2008-01-31,9.91,10.14,9.8,10.1,10.0062,121400,0,0
2008-02-01,10.08,10.57,10.06,10.49,10.3926,235400,0,0
2008-02-04,10.34,10.67,10.18,10.37,10.2737,215900,0,0
2008-02-05,10.08,10.64,9.97,10.19,10.0954,515100,0,0
2008-02-06,10.23,10.29,10.08,10.23,10.135,145700,0,0
2008-02-07,10.02,10.5,9.99,10.4,10.3035,242500,0,0
2008-02-08,10.49,10.65,10.17,10.27,10.1747,157300,0,0
2008-02-11,10.18,10.39,10.07,10.34,10.244,129100,0,0
2008-02-12,10.3,10.87,10.3,10.69,10.5908,158700,0,0
2008-02-13,10.74,11.09,10.74,11.07,10.9672,232400,0,0
2008-02-14,11,11.06,10.78,10.82,10.7196,210100,0,0
2008-02-15,10.82,10.94,10.79,10.85,10.7493,92400,0,0
2008-02-19,10.84,10.84,10.48,10.55,10.4521,198400,0,0
2008-02-20,10.46,10.71,10.41,10.57,10.4719,209100,0,0
2008-02-21,10.53,10.93,10.53,10.88,10.779,131700,0,0
2008-02-22,10.81,10.84,10.72,10.84,10.7394,101500,0,0
2008-02-25,10.89,10.98,10.77,10.96,10.8583,79600,0,0
2008-02-26,10.95,11.19,10.95,11.08,10.9771,130800,0,0
2008-02-27,11.01,11.19,10.99,11.08,10.9771,129100,0,0
2008-02-28,11.14,11.28,11.1,11.21,11.1059,125000,0,0
2008-02-29,11.15,11.21,10.97,11.08,10.9771,137800,0,0
2008-03-03,10.99,11.1,10.93,10.98,10.8781,156800,0,0
2008-03-04,10.98,10.98,10.73,10.82,10.7196,105600,0,0
2008-03-05,10.99,11.11,10.89,11.02,10.9177,148100,0,0
2008-03-06,11.07,11.1,10.98,10.99,10.888,104800,0,0
2008-03-07,11.03,11.03,10.68,10.7,10.6007,115500,0,0
2008-03-10,10.81,10.86,10.66,10.72,10.6205,147600,0,0
2008-03-11,10.85,10.85,10.58,10.67,10.5709,160600,0,0
2008-03-12,10.73,10.86,10.66,10.75,10.6502,122200,0,0
2008-03-13,10.66,10.89,10.38,10.87,10.7691,186800,0,0
2008-03-14,10.72,10.81,10.59,10.73,10.6304,156300,0,0
2008-03-17,10.36,10.53,10.3,10.35,10.2539,127200,0,0
2008-03-18,10.38,10.77,10.38,10.73,10.6304,214700,0,0
2008-03-19,10.7,10.72,10.14,10.17,10.0756,249900,0,0
2008-03-20,10.06,10.16,9.91,10.12,10.0261,254600,0,0
2008-03-24,10.1,10.54,10.08,10.52,10.4223,228900,0,0
2008-03-25,10.47,10.79,10.47,10.78,10.6799,191100,0,0
2008-03-26,10.79,10.79,10.52,10.59,10.4917,173200,0,0
2008-03-27,10.62,10.74,10.41,10.7,10.6007,202300,0,0
2008-03-28,10.8,10.83,10.55,10.6,10.5016,53300,0,0
2008-03-31,10.6,10.62,10.18,10.6,10.5016,119100,0,0
2008-04-01,10.56,11.19,10.51,10.95,10.8483,271300,0,0
2008-04-02,11.12,11.36,11.03,11.16,11.0564,213000,0,0
2008-04-03,11.23,11.33,11.2,11.32,11.2149,114900,0,0
2008-04-04,11.21,11.33,11.16,11.29,11.1852,121700,0,0
2008-04-07,11.35,11.35,11.18,11.21,11.1059,73600,0,0
2008-04-08,11.14,11.22,11.03,11.19,11.0861,103900,0,0
2008-04-09,11.15,11.48,11.06,11.4,11.2942,143500,0,0
2008-04-10,11.5,11.5,11.17,11.46,11.3536,144600,0,0
2008-04-11,11.35,11.41,11.11,11.24,11.1357,98800,0,0
2008-04-14,11.33,11.33,11.12,11.15,11.0465,65000,0,0
2008-04-15,11.2,11.32,11.12,11.15,11.0465,57600,0,0
2008-04-16,11.37,11.59,11.32,11.5,11.3932,107700,0,0
2008-04-17,11.49,11.68,11.45,11.65,11.5418,79300,0,0
2008-04-18,11.72,11.93,11.7,11.92,11.8093,158300,0,0
2008-04-21,11.89,11.96,11.71,11.89,11.7796,91900,0,0
2008-04-22,11.89,11.89,11.64,11.64,11.5319,108400,0,0
2008-04-23,11.46,11.57,11.34,11.44,11.3338,178500,0,0
2008-04-24,11.55,11.62,11.3,11.37,11.2644,158900,0,0
2008-04-25,11.43,11.6,11.38,11.53,11.423,105100,0,0
2008-04-28,11.45,11.66,11.38,11.44,11.3338,157500,0,0
2008-04-29,11.6,11.66,11.24,11.5,11.3932,219000,0,0
2008-04-30,11.39,11.82,11.39,11.55,11.4428,178700,0,0
2008-05-01,11.56,11.74,11.41,11.48,11.3734,168300,0,0
2008-05-02,11.43,11.55,11.25,11.52,11.4131,112300,0,0
2008-05-05,11.45,11.62,11.39,11.43,11.3239,150800,0,0
2008-05-06,11.44,11.56,11.4,11.56,11.4527,99500,0,0
2008-05-07,11.26,11.31,10.94,10.99,10.888,221400,0,0
2008-05-08,10.84,11.07,10.66,10.81,10.7096,300500,0,0
2008-05-09,10.77,10.93,10.76,10.85,10.7493,93600,0,0
2008-05-12,10.85,11.06,10.78,11.06,10.9573,137600,0,0
2008-05-13,11,11.03,10.91,10.97,10.8682,92200,0,0
2008-05-14,10.99,11.25,10.99,11.18,11.0762,88600,0,0
2008-05-15,11.13,11.19,11.05,11.08,10.9771,69400,0,0
2008-05-16,11.11,11.16,10.96,11.02,10.9177,85300,0,0
2008-05-19,11,11.09,10.87,10.93,10.8285,40600,0,0
2008-05-20,10.99,11.08,10.56,10.68,10.5809,233000,0,0
2008-05-21,10.74,10.85,10.29,10.36,10.2638,196100,0,0
2008-05-22,10.44,10.72,10.35,10.55,10.4521,189200,0,0
2008-05-23,10.69,10.8,10.62,10.71,10.6106,90100,0,0
2008-05-27,10.77,10.77,10.53,10.61,10.5115,75900,0,0
2008-05-28,10.55,10.76,10.43,10.73,10.6304,193100,0,0
2008-05-29,10.69,11.07,10.69,10.96,10.8583,105100,0,0
2008-05-30,11,11,10.75,10.86,10.7592,130400,0,0
2008-06-02,10.65,10.65,10.34,10.38,10.2836,219300,0,0
2008-06-03,10.45,10.76,10.44,10.59,10.4917,180200,0,0
2008-06-04,10.5,10.62,10.38,10.57,10.4719,195700,0,0
2008-06-05,10.53,10.93,10.5,10.9,10.7988,162900,0,0
2008-06-06,10.73,10.74,10.58,10.63,10.5313,92100,0,0
2008-06-09,10.57,10.66,10.31,10.48,10.3827,117900,0,0
2008-06-10,10.41,10.64,10.34,10.63,10.5313,106800,0,0
2008-06-11,10.59,10.66,10.48,10.51,10.4124,99200,0,0
2008-06-12,10.47,10.63,10.47,10.58,10.4818,133800,0,0
2008-06-13,10.58,10.75,10.54,10.6,10.5016,206500,0,0
2008-06-16,10.47,10.9,10.47,10.85,10.7493,148800,0,0
2008-06-17,10.93,10.93,10.48,10.6,10.5016,168200,0,0
2008-06-18,10.58,10.58,10.34,10.41,10.3134,135500,0,0
2008-06-19,10.49,10.61,10.37,10.41,10.3134,144000,0,0
2008-06-20,10.4,10.4,10.05,10.1,10.0062,138800,0,0
2008-06-23,10.15,10.26,10.08,10.19,10.0954,83300,0,0
2008-06-24,10.2,10.23,10.08,10.1,10.0062,96400,0,0
2008-06-25,10.13,10.26,9.99,10.02,9.92698,153900,0,0
2008-06-26,9.98,10.18,9.75,10.06,9.96661,137500,0,0
2008-06-27,10.04,10.04,9.58,9.65,9.56041,213600,0,0
2008-06-30,9.77,10.1,9.77,9.97,9.87744,189100,0,0
2008-07-01,10,10.08,9.89,10,9.90717,63600,0,0
2008-07-02,10.06,10.13,9.92,9.97,9.87744,189900,0,0
2008-07-03,10.12,10.12,9.77,9.78,9.68921,94700,0,0
2008-07-07,9.92,9.95,9.42,9.77,9.6793,249800,0,0
2008-07-08,9.98,10.33,9.97,10.14,10.0459,178700,0,0
2008-07-09,10.19,10.31,10.1,10.1,10.0062,93700,0,0
2008-07-10,10.15,10.18,9.79,9.89,9.79819,85900,0,0
2008-07-11,9.79,9.89,9.68,9.75,9.65949,113500,0,0
2008-07-14,9.74,9.74,9.48,9.57,9.48116,104900,0,0
2008-07-15,9.43,9.57,8.94,9.03,8.94617,335700,0,0
2008-07-16,9.08,10.09,9.08,10.05,9.9567,394000,0,0
2008-07-17,10.04,10.24,9.93,9.97,9.87744,204700,0,0
2008-07-18,10,10.23,10,10.15,10.0558,207400,0,0
2008-07-21,10.27,10.36,10.01,10.03,9.93689,146300,0,0
2008-07-22,9.95,10.11,9.86,10.01,9.91707,135100,0,0
2008-07-23,10.03,10.53,10.03,10.4,10.3035,180600,0,0
2008-07-24,10.4,10.55,10.29,10.32,10.2242,181300,0,0
2008-07-25,10.3,10.49,10.23,10.33,10.2341,194200,0,0
2008-07-28,10.2,10.42,10.07,10.22,10.1251,147900,0,0
2008-07-29,10.37,10.83,10.12,10.83,10.7295,154700,0,0
2008-07-30,10.78,10.94,10.52,10.94,10.8384,232900,0,0
2008-07-31,10.95,11.11,10.69,10.7,10.6007,170500,0,0
2008-08-01,10.82,10.82,10.39,10.59,10.4917,147400,0,0
2008-08-04,10.59,10.84,10.59,10.6,10.5016,79400,0,0
2008-08-05,10.5,10.73,10.28,10.67,10.5709,263200,0,0
2008-08-06,10.7,10.7,10.59,10.67,10.5709,90500,0,0
2008-08-07,10.68,10.72,10.53,10.67,10.5709,151300,0,0
2008-08-08,10.58,10.84,10.57,10.78,10.6799,145100,0,0
2008-08-11,10.73,10.76,10.53,10.66,10.561,113400,0,0
2008-08-12,10.65,10.74,10.58,10.71,10.6106,99500,0,0
2008-08-13,10.68,10.97,10.63,10.94,10.8384,158300,0,0
2008-08-14,10.95,10.99,10.68,10.78,10.6799,87300,0,0
2008-08-15,10.82,10.89,10.77,10.87,10.7691,65700,0,0
2008-08-18,10.82,10.82,10.47,10.52,10.4223,86400,0,0
2008-08-19,10.49,10.57,10.33,10.54,10.4422,79500,0,0
2008-08-20,10.68,10.79,10.43,10.55,10.4521,100400,0,0
2008-08-21,10.53,10.71,10.45,10.64,10.5412,109300,0,0
2008-08-22,10.49,10.68,10.43,10.63,10.5313,61600,0,0
2008-08-25,10.56,10.58,10.4,10.41,10.3134,50500,0,0
2008-08-26,10.49,10.58,10.2,10.32,10.2242,79800,0,0
2008-08-27,10.3,10.7,10.27,10.55,10.4521,99600,0,0
2008-08-28,10.6,11.02,10.6,10.81,10.7096,126000,0,0
2008-08-29,10.76,10.82,10.46,10.7,10.6007,192800,0,0
2008-09-02,10.56,10.56,10.02,10.14,10.0459,206500,0,0
2008-09-03,10.16,10.45,10.08,10.35,10.2539,155900,0,0
2008-09-04,10.19,10.42,10.06,10.08,9.98642,88900,0,0
2008-09-05,10.08,10.36,10.06,10.19,10.0954,132400,0,0
2008-09-08,10.35,10.43,10.06,10.12,10.0261,119300,0,0
2008-09-09,10.07,10.34,9.87,9.92,9.82791,130100,0,0
2008-09-10,9.28,10.25,9.26,10.16,10.0657,149700,0,0
2008-09-11,10.12,10.19,10.02,10.17,10.0756,104500,0,0
2008-09-12,10.25,10.28,10.02,10.09,9.99633,133300,0,0
2008-09-15,9.83,9.94,9.41,9.49,9.4019,119800,0,0
2008-09-16,9.28,9.65,9.26,9.62,9.53069,134500,0,0
2008-09-17,9.59,9.88,9.43,9.47,9.38209,428300,0,0
2008-09-18,9.52,9.59,9.23,9.51,9.42172,223100,0,0
2008-09-19,9.9,9.95,9.44,9.61,9.52078,252500,0,0
2008-09-22,9.76,9.76,9.47,9.51,9.42172,129000,0,0
2008-09-23,9.44,9.74,9.34,9.49,9.4019,124600,0,0
2008-09-24,9.67,9.9,9.51,9.84,9.74865,179500,0,0
2008-09-25,9.81,10.16,9.81,9.99,9.89726,168600,0,0
2008-09-26,9.79,9.81,9.48,9.51,9.42172,105800,0,0
2008-09-29,9.6,9.6,8.83,8.9,8.81738,165000,0,0
2008-09-30,8.79,9.12,8.63,8.84,8.75793,293000,0,0
2008-10-01,8.8,9.17,8.69,8.94,8.85701,231100,0,0
2008-10-02,8.77,8.77,8.52,8.63,8.54988,149600,0,0
2008-10-03,8.61,9.21,8.59,8.9,8.81738,266900,0,0
2008-10-06,8.46,9.03,8.16,8.93,8.8471,403600,0,0
2008-10-07,8.86,9.04,8.28,8.35,8.27248,250900,0,0
2008-10-08,8.28,8.7,8.22,8.22,8.14369,264200,0,0
2008-10-09,8.3,8.58,7.87,7.96,7.8861,228200,0,0
2008-10-10,7.42,7.92,7.09,7.6,7.52944,395500,0,0
2008-10-13,7.65,8.18,7.65,8.14,8.06443,88100,0,0
2008-10-14,8.3,8.38,8.12,8.15,8.07434,246600,0,0
2008-10-15,8.12,8.31,7.62,7.71,7.63842,265600,0,0
2008-10-16,7.7,7.99,7.41,7.85,7.77712,232100,0,0
2008-10-17,7.75,7.96,7.7,7.82,7.7474,193500,0,0
2008-10-20,8,8,7.66,7.8,7.72759,170100,0,0
2008-10-21,7.58,7.71,7.37,7.41,7.34121,170700,0,0
2008-10-22,7.15,7.51,7.14,7.38,7.31149,181500,0,0
2008-10-23,7.34,7.39,6.89,7.15,7.08362,185100,0,0
2008-10-24,6.91,7.28,6.77,7.01,6.94492,169400,0,0
2008-10-27,6.89,7,6.68,6.7,6.6378,206600,0,0
2008-10-28,6.63,7.23,6.63,7.19,7.12325,140900,0,0
2008-10-29,7.22,7.35,6.98,7.23,7.16288,109200,0,0
2008-10-30,7.43,7.46,7.22,7.43,7.36102,80300,0,0
2008-10-31,7.38,8.13,7.34,8,7.92573,192800,0,0
2008-11-03,8.01,8.38,7.88,8.31,8.23286,196100,0,0
2008-11-04,8.45,8.93,8.42,8.65,8.5697,200800,0,0
2008-11-05,8.51,8.64,8.04,8.04,7.96536,132700,0,0
2008-11-06,8.08,8.25,7.85,7.85,7.77712,584100,0,0
2008-11-07,8.06,8.55,7.94,8,7.92573,416100,0,0
2008-11-10,8.24,8.35,7.69,7.95,7.8762,148600,0,0
2008-11-11,7.86,8,7.44,7.49,7.42047,122500,0,0
2008-11-12,7.35,7.4,7.08,7.18,7.11334,183900,0,0
2008-11-13,7.12,7.9,6.99,7.84,7.76722,216300,0,0
2008-11-14,7.85,7.85,7.18,7.32,7.25204,199400,0,0
2008-11-17,7.31,7.48,7.19,7.26,7.1926,148000,0,0
2008-11-18,7.3,7.57,7.17,7.29,7.22232,125700,0,0
2008-11-19,7.14,7.59,7.14,7.32,7.25204,231800,0,0
2008-11-20,7.18,7.42,6.88,6.88,6.81613,208800,0,0
2008-11-21,7.18,7.21,6.81,7.17,7.10344,449900,0,0
2008-11-24,7.3,7.8,7.3,7.6,7.52944,188900,0,0
2008-11-25,7.59,7.64,7.2,7.33,7.26195,233200,0,0
2008-11-26,7.33,7.41,7.26,7.37,7.30158,211000,0,0
2008-11-28,7.31,7.47,7.28,7.47,7.40065,82900,0,0
2008-12-01,7.54,7.72,7.27,7.28,7.21242,148400,0,0
2008-12-02,7.27,7.29,7.02,7.15,7.08362,126100,0,0
2008-12-03,7.06,7.24,6.74,7.04,6.97464,559200,0,0
2008-12-04,7.04,7.24,6.71,6.83,6.76659,146100,0,0
2008-12-05,6.66,7.56,6.65,7.54,7.47,254300,0,0
2008-12-08,7.53,7.84,7.5,7.5,7.43037,579500,0,0
2008-12-09,7.27,7.75,7.22,7.56,7.48982,218200,0,0
2008-12-10,7.6,7.68,7.23,7.46,7.39075,86100,0,0
2008-12-11,7.6,7.66,7.19,7.24,7.17279,93700,0,0
2008-12-12,7.2,7.28,6.94,7.11,7.04399,131200,0,0
2008-12-15,7.26,7.38,7.12,7.32,7.25204,83400,0,0
2008-12-16,7.17,7.59,7.04,7.5,7.43037,150600,0,0
2008-12-17,7.36,7.6,7.29,7.5,7.43037,174900,0,0
2008-12-18,7.49,7.72,7.42,7.53,7.46009,150500,0,0
2008-12-19,7.52,7.66,7.35,7.57,7.49972,154100,0,0
2008-12-22,7.54,7.7,7.09,7.18,7.11334,157300,0,0
2008-12-23,7.39,7.44,7.21,7.35,7.28177,84500,0,0
2008-12-24,7.25,7.43,7.25,7.4,7.3313,43100,0,0
2008-12-26,7.35,7.36,6.99,7.23,7.16288,45700,0,0
2008-12-29,7.42,7.67,7.37,7.67,7.59879,146300,0,0
2008-12-30,7.77,7.77,7.46,7.63,7.55917,91000,0,0
2008-12-31,7.7,7.95,7.63,7.8,7.72759,119200,0,0
2009-01-02,7.8,8.07,7.69,7.94,7.86629,97300,0,0
2009-01-05,8.05,8.38,7.94,8.26,8.18332,144500,0,0
2009-01-06,8.45,8.6,8.38,8.49,8.41118,225400,0,0
2009-01-07,8.47,8.47,8.12,8.17,8.09416,80300,0,0
2009-01-08,8.04,8.18,7.92,7.96,7.8861,136900,0,0
2009-01-09,7.99,8.22,7.94,8.07,7.99508,153300,0,0
2009-01-12,8.08,8.12,7.91,7.98,7.90592,153600,0,0
2009-01-13,7.78,7.99,7.77,7.91,7.83657,131100,0,0
2009-01-14,7.66,7.93,7.66,7.79,7.71768,145000,0,0
2009-01-15,7.76,7.82,7.58,7.67,7.59879,126700,0,0
2009-01-16,7.8,7.82,7.61,7.69,7.61861,87900,0,0
2009-01-20,7.64,7.69,7.08,7.08,7.01427,235600,0,0
2009-01-21,7.21,7.54,7.16,7.48,7.41056,285600,0,0
2009-01-22,7.36,7.52,7.34,7.47,7.40065,181500,0,0
2009-01-23,7.42,7.67,7.42,7.49,7.42047,471100,0,0
2009-01-26,7.5,7.96,7.5,7.78,7.70777,257000,0,0
2009-01-27,8,8.37,8,8.17,8.09416,683400,0,0
2009-01-28,8.48,8.51,8.04,8.11,8.03471,408600,0,0
2009-01-29,8.11,8.47,8.01,8.19,8.11397,400600,0,0
2009-01-30,8.24,8.35,8,8.06,7.98518,443500,0,0
2009-02-02,7.98,8.2,7.9,8.02,7.94555,281100,0,0
2009-02-03,8.06,8.11,7.95,7.99,7.91582,238500,0,0
2009-02-04,8,8.13,7.86,7.86,7.78703,315000,0,0
2009-02-05,7.93,8.28,7.9,8.13,8.05453,559300,0,0
2009-02-06,8.05,8.45,8,8.39,8.31211,353900,0,0
2009-02-09,8.46,8.46,8.23,8.31,8.23286,283400,0,0
2009-02-10,8.28,8.31,8.03,8.1,8.0248,254100,0,0
2009-02-11,8.06,8.17,7.94,8.05,7.97527,264900,0,0
2009-02-12,7.76,8.07,7.76,7.99,7.91582,247500,0,0
2009-02-13,8.04,8.09,7.84,7.93,7.85638,292400,0,0
2009-02-17,7.76,7.85,7.63,7.66,7.58889,261400,0,0
2009-02-18,7.6,7.82,7.6,7.8,7.72759,148800,0,0
2009-02-19,7.9,7.97,7.54,7.66,7.58889,192300,0,0
2009-02-20,7.53,7.63,7.3,7.35,7.28177,494900,0,0
2009-02-23,7.44,7.54,7.21,7.25,7.18269,170100,0,0
2009-02-24,7.25,7.4,7.21,7.3,7.23223,172400,0,0
2009-02-25,7.2,7.6,7.05,7.43,7.36102,307000,0,0
2009-02-26,7.56,7.73,7.42,7.55,7.47991,215600,0,0
2009-02-27,7.38,7.69,7.18,7.25,7.18269,405100,0,0
2009-03-02,7.07,7.37,7.07,7.19,7.12325,239000,0,0
2009-03-03,7.21,7.36,7.09,7.12,7.0539,168400,0,0
2009-03-04,7.15,7.34,7.15,7.26,7.1926,256000,0,0
2009-03-05,7.19,7.28,7.03,7.07,7.00437,156500,0,0
2009-03-06,7.14,7.25,6.93,7.05,6.98455,260100,0,0
2009-03-09,6.9,6.95,6.65,6.8,6.73687,265400,0,0
2009-03-10,6.9,7.22,6.9,7.02,6.95483,244100,0,0
2009-03-11,7.06,7.23,7.02,7.16,7.09353,149200,0,0
2009-03-12,7.17,7.32,7.1,7.27,7.20251,166500,0,0
2009-03-13,7.3,7.32,7.13,7.24,7.17279,155900,0,0
2009-03-16,7.2,7.25,7.04,7.15,7.08362,182000,0,0
2009-03-17,7.19,7.32,7.13,7.32,7.25204,119900,0,0
2009-03-18,7.36,7.79,7.36,7.76,7.68796,260700,0,0
2009-03-19,7.76,8,7.73,7.78,7.70777,181600,0,0
2009-03-20,7.73,7.78,7.39,7.4,7.3313,183700,0,0
2009-03-23,7.56,7.92,7.55,7.89,7.81675,140600,0,0
2009-03-24,7.75,7.96,7.72,7.82,7.7474,208100,0,0
2009-03-25,7.91,8.21,7.9,8.21,8.13378,278200,0,0
2009-03-26,8.29,8.69,8.22,8.49,8.41118,596300,0,0
2009-03-27,8.36,8.36,7.95,7.97,7.89601,311300,0,0
2009-03-30,7.83,7.84,7.71,7.76,7.68796,199000,0,0
2009-03-31,7.9,8.14,7.87,8,7.92573,170300,0,0
2009-04-01,7.98,8.24,7.96,8.2,8.12387,214100,0,0
2009-04-02,8.27,8.51,8.27,8.32,8.24276,185600,0,0
2009-04-03,8.37,8.52,8.33,8.49,8.41118,261800,0,0
2009-04-06,8.49,8.52,8.31,8.51,8.431,205200,0,0
2009-04-07,8.41,8.42,8.06,8.11,8.03471,275200,0,0
2009-04-08,8.18,8.36,8.18,8.35,8.27248,246800,0,0
2009-04-09,8.47,8.51,8.38,8.49,8.41118,257400,0,0
2009-04-13,8.38,8.49,8.24,8.33,8.25267,260000,0,0
2009-04-14,8.39,8.51,8.34,8.43,8.35174,273400,0,0
2009-04-15,8.41,8.47,8.29,8.45,8.37155,176300,0,0
2009-04-16,8.57,8.64,8.38,8.6,8.52016,332000,0,0
2009-04-17,8.57,8.76,8.57,8.71,8.62914,184800,0,0
2009-04-20,8.68,8.68,8.43,8.43,8.35174,168400,0,0
2009-04-21,8.45,8.69,8.34,8.67,8.58951,220500,0,0
2009-04-22,8.59,9.05,8.54,8.92,8.83719,348800,0,0
2009-04-23,9.02,9.02,8.77,8.88,8.79756,179000,0,0
2009-04-24,9,9.04,8.84,8.9,8.81738,129900,0,0
2009-04-27,8.86,9.07,8.84,8.89,8.80747,301100,0,0
2009-04-28,8.8,8.95,8.75,8.88,8.79756,110700,0,0
2009-04-29,8.9,9.03,8.83,8.93,8.8471,321000,0,0
2009-04-30,9,9.03,8.87,8.89,8.80747,136800,0,0
2009-05-01,8.95,9.11,8.86,9.05,8.96598,242100,0,0
2009-05-04,9.17,9.39,9.01,9.36,9.27311,188600,0,0
2009-05-05,9.42,9.44,9.26,9.41,9.32264,261500,0,0
2009-05-06,9.52,9.56,9.03,9.06,8.97589,310300,0,0
2009-05-07,9.11,9.15,8.49,8.77,8.68858,284500,0,0
2009-05-08,8.87,9.06,8.85,9.03,8.94617,202000,0,0
2009-05-11,8.99,8.99,8.75,8.76,8.67868,147300,0,0
2009-05-12,8.87,8.91,8.64,8.76,8.67868,161400,0,0
2009-05-13,8.71,8.76,8.47,8.56,8.48053,190300,0,0
2009-05-14,8.49,8.79,8.49,8.75,8.66877,98400,0,0
2009-05-15,8.8,8.84,8.7,8.74,8.65886,124100,0,0
2009-05-18,8.86,8.98,8.75,8.96,8.87682,69400,0,0
2009-05-19,8.97,9,8.89,8.92,8.83719,355300,0,0
2009-05-20,9,9.06,8.96,8.99,8.90654,229500,0,0
2009-05-21,8.86,8.98,8.84,8.94,8.85701,126100,0,0
2009-05-22,8.93,9.06,8.92,9.01,8.92636,107300,0,0
2009-05-26,8.89,9.25,8.89,9.24,9.15422,304000,0,0
2009-05-27,9.21,9.3,9.11,9.11,9.02543,86600,0,0
2009-05-28,9.15,9.25,9.13,9.18,9.09478,112000,0,0
2009-05-29,9.2,9.34,9.2,9.33,9.24338,145100,0,0
2009-06-01,9.39,9.49,9.37,9.38,9.29292,236700,0,0
2009-06-02,9.34,9.5,9.34,9.45,9.36227,105300,0,0
2009-06-03,9.34,9.34,9.13,9.15,9.06506,124000,0,0
2009-06-04,9.26,9.31,9.16,9.29,9.20376,82000,0,0
2009-06-05,9.3,9.3,9.11,9.15,9.06506,123800,0,0
2009-06-08,9.2,9.2,9.04,9.16,9.07497,75200,0,0
2009-06-09,9.27,9.27,9.18,9.23,9.14431,92100,0,0
2009-06-10,9.23,9.25,9.13,9.19,9.10468,84300,0,0
2009-06-11,9.24,9.43,9.23,9.32,9.23348,93000,0,0
2009-06-12,9.32,9.52,9.16,9.37,9.28301,195700,0,0
2009-06-15,9.19,9.42,9.03,9.19,9.10468,193200,0,0
2009-06-16,9.33,9.44,9.16,9.2,9.11459,172400,0,0
2009-06-17,9.19,9.23,9.01,9.17,9.08487,146400,0,0
2009-06-18,9.2,9.43,9.2,9.39,9.30283,159400,0,0
2009-06-19,9.4,9.42,9.09,9.25,9.16413,194600,0,0
2009-06-22,9.13,9.13,8.8,8.82,8.73812,116000,0,0
2009-06-23,8.81,8.94,8.78,8.9,8.81738,105300,0,0
2009-06-24,8.87,9.03,8.84,8.93,8.8471,91600,0,0
2009-06-25,8.85,8.87,8.74,8.83,8.74803,122000,0,0
2009-06-26,8.81,8.98,8.81,8.9,8.81738,116300,0,0
2009-06-29,8.94,8.94,8.75,8.85,8.76784,163100,0,0
2009-06-30,8.85,8.9,8.73,8.87,8.78766,127900,0,0
2009-07-01,8.93,9.03,8.8,8.96,8.87682,65900,0,0
2009-07-02,8.88,8.94,8.82,8.83,8.74803,77300,0,0
2009-07-06,8.83,8.97,8.72,8.9,8.81738,99100,0,0
2009-07-07,8.82,8.89,8.69,8.74,8.65886,73800,0,0
2009-07-08,8.73,8.76,8.31,8.44,8.36165,172700,0,0
2009-07-09,8.53,8.53,8.35,8.41,8.33193,51600,0,0
2009-07-10,8.32,8.57,8.32,8.56,8.48053,96900,0,0
2009-07-13,8.55,8.61,8.25,8.58,8.50035,93400,0,0
2009-07-14,8.66,8.79,8.64,8.73,8.64896,95200,0,0
2009-07-15,8.75,8.89,8.75,8.86,8.77775,87500,0,0
2009-07-16,8.86,8.96,8.83,8.86,8.77775,294400,0,0
2009-07-17,8.79,8.95,8.79,8.91,8.82728,71600,0,0
2009-07-20,8.93,9.14,8.93,9.14,9.05515,95000,0,0
2009-07-21,9.09,9.19,8.96,9,8.91645,89700,0,0
2009-07-22,8.95,9.16,8.95,9.09,9.00561,58400,0,0
2009-07-23,9.11,9.26,9.08,9.21,9.1245,91400,0,0
2009-07-24,9.2,9.54,9.12,9.5,9.41181,223400,0,0
2009-07-27,9.53,9.53,9.41,9.47,9.38209,89500,0,0
2009-07-28,9.4,9.49,9.36,9.4,9.31273,78900,0,0
2009-07-29,9.4,9.77,9.34,9.74,9.64958,198600,0,0
2009-07-30,9.74,9.9,9.66,9.83,9.73874,199100,0,0
2009-07-31,9.78,10.32,9.78,10.19,10.0954,184500,0,0
2009-08-03,10.35,10.56,10.22,10.4,10.3035,121900,0,0
2009-08-04,10.44,10.51,10.15,10.24,10.1449,213100,0,0
2009-08-05,10.24,10.28,10.02,10.09,9.99633,105400,0,0
2009-08-06,10.07,10.22,9.97,10.01,9.91707,104300,0,0
2009-08-07,10.01,10.34,10.01,10.31,10.2143,83200,0,0
2009-08-10,10.3,10.31,10.09,10.21,10.1152,99600,0,0
2009-08-11,10.05,10.11,9.91,10,9.90717,74800,0,0
2009-08-12,10.03,10.22,10.01,10.15,10.0558,80300,0,0
2009-08-13,10.17,10.25,10.14,10.21,10.1152,79100,0,0
2009-08-14,10.2,10.24,10.03,10.07,9.97652,49100,0,0
2009-08-17,9.95,10,9.83,9.91,9.818,81300,0,0
2009-08-18,9.97,10.12,9.93,10.11,10.0161,69300,0,0
2009-08-19,10.03,10.2,9.94,10.15,10.0558,106900,0,0
2009-08-20,10.14,10.18,10.09,10.15,10.0558,89700,0,0
2009-08-21,10.15,10.29,10.15,10.24,10.1449,149600,0,0
2009-08-24,10.27,10.35,10.24,10.3,10.2044,96300,0,0
2009-08-25,10.38,10.38,10.24,10.33,10.2341,130600,0,0
2009-08-26,10.33,10.34,10.09,10.21,10.1152,129900,0,0
2009-08-27,10.47,10.57,10.28,10.57,10.4719,256300,0,0
2009-08-28,10.59,10.6,10.29,10.36,10.2638,100000,0,0
2009-08-31,10.25,10.46,10.18,10.33,10.2341,306900,0,0
2009-09-01,10.35,10.4,10.24,10.31,10.2143,177700,0,0
2009-09-02,10.23,10.3,10.19,10.19,10.0954,96600,0,0
2009-09-03,10.29,10.29,10.17,10.27,10.1747,108100,0,0
2009-09-04,10.26,10.58,10.26,10.5,10.4025,133400,0,0
2009-09-08,10.52,10.74,10.52,10.66,10.561,197400,0,0
2009-09-09,10.66,10.67,10.54,10.56,10.462,126000,0,0
2009-09-10,10.56,10.6,10.48,10.55,10.4521,82800,0,0
2009-09-11,10.56,10.6,10.5,10.57,10.4719,98300,0,0
2009-09-14,10.56,10.56,10.43,10.53,10.4322,54100,0,0
2009-09-15,10.56,10.98,10.49,10.97,10.8682,164800,0,0
2009-09-16,11.03,11.05,10.93,11.01,10.9078,109100,0,0
2009-09-17,10.99,11.13,10.9,11.1,10.997,130200,0,0
2009-09-18,11.12,11.22,10.93,11.18,11.0762,126100,0,0
2009-09-21,11.01,11.42,11,11.41,11.3041,188300,0,0
2009-09-22,11.5,11.55,11.4,11.48,11.3734,206200,0,0
2009-09-23,11.48,12.41,11.47,12.15,12.0372,331800,0,0
2009-09-24,12.66,12.66,11.34,11.57,11.4626,369400,0,0
2009-09-25,11.47,11.89,11.35,11.68,11.5716,191500,0,0
2009-09-28,11.7,12.14,11.7,11.75,11.6409,299400,0,0
2009-09-29,11.72,11.94,11.66,11.9,11.7895,178400,0,0
2009-09-30,11.98,12.02,11.66,11.69,11.5815,209100,0,0
2009-10-01,11.66,11.67,11.33,11.36,11.2545,160000,0,0
2009-10-02,11.12,11.81,11.11,11.79,11.6805,285100,0,0
2009-10-05,11.78,12.24,11.77,12.1,11.9877,312500,0,0
2009-10-06,12.22,12.45,12.17,12.3,12.1858,231600,0,0
2009-10-07,12.27,12.71,12.24,12.63,12.5128,272100,0,0
2009-10-08,12.63,13.21,12.63,12.95,12.8298,345400,0,0
2009-10-09,12.95,13.07,12.9,12.98,12.8595,180800,0,0
2009-10-12,13.19,13.3,12.88,12.99,12.8694,65400,0,0
2009-10-13,12.99,13.1,12.79,12.82,12.701,157000,0,0
2009-10-14,13,13.47,12.86,13.46,13.335,220100,0,0
2009-10-15,13.42,13.42,13.1,13.14,13.018,166500,0,0
2009-10-16,13.06,13.23,12.88,13.14,13.018,168600,0,0
2009-10-19,13.23,13.35,12.98,12.99,12.8694,211000,0,0
2009-10-20,13.01,13.01,12.58,12.75,12.6316,233100,0,0
2009-10-21,12.79,12.89,12.56,12.6,12.483,260900,0,0
2009-10-22,12.61,12.76,12.54,12.63,12.5128,248600,0,0
2009-10-23,12.67,12.69,12.5,12.67,12.5524,112200,0,0
2009-10-26,12.6,12.87,12.45,12.49,12.374,168600,0,0
2009-10-27,12.46,12.62,12.41,12.44,12.3245,104800,0,0
2009-10-28,12.39,12.39,12.01,12.06,11.948,133300,0,0
2009-10-29,12.22,12.36,12.02,12.25,12.1363,118300,0,0
2009-10-30,12.07,12.47,12.05,12.21,12.0966,232900,0,0
2009-11-02,12.2,12.28,12.04,12.05,11.9381,230000,0,0
2009-11-03,12.04,12.27,12,12.19,12.0768,141400,0,0
2009-11-04,12.31,12.35,11.99,12.01,11.8985,216800,0,0
2009-11-05,11.98,12,11.52,11.99,11.8787,294700,0,0
2009-11-06,11.93,12.27,11.84,12.22,12.1066,215500,0,0
2009-11-09,12.51,12.57,12.16,12.24,12.1264,202800,0,0
2009-11-10,12.21,12.62,12.2,12.46,12.3443,198800,0,0
2009-11-11,12.51,12.59,12.26,12.3,12.1858,151700,0,0
2009-11-12,12.21,12.49,12.16,12.44,12.3245,134200,0,0
2009-11-13,12.43,12.59,12.4,12.59,12.4731,300200,0,0
2009-11-16,12.59,12.67,12.52,12.58,12.4632,177500,0,0
2009-11-17,12.34,12.5,12.33,12.44,12.3245,311600,0,0
2009-11-18,12.45,12.46,12.11,12.15,12.0372,273000,0,0
2009-11-19,12.07,12.19,11.97,12.14,12.0273,111400,0,0
2009-11-20,12.11,12.11,11.91,12.01,11.8985,161600,0,0
2009-11-23,12.15,12.46,12.15,12.4,12.2849,119400,0,0
2009-11-24,12.42,12.75,12.32,12.67,12.5524,190900,0,0
2009-11-25,12.81,12.86,12.67,12.84,12.7208,145300,0,0
2009-11-27,12.26,12.42,12.13,12.4,12.2849,123800,0,0
2009-11-30,12.46,12.63,12.35,12.43,12.3146,142700,0,0
2009-12-01,12.57,12.61,12.47,12.48,12.3641,106100,0,0
2009-12-02,12.4,12.58,12.4,12.53,12.4137,134900,0,0
2009-12-03,12.58,12.58,12.36,12.39,12.275,189400,0,0
2009-12-04,12.4,12.66,12.4,12.59,12.4731,165800,0,0
2009-12-07,12.63,12.83,12.61,12.62,12.5028,66900,0,0
2009-12-08,12.62,12.67,12.49,12.54,12.4236,107900,0,0
2009-12-09,12.61,12.74,12.49,12.69,12.5722,89900,0,0
2009-12-10,12.79,12.86,12.74,12.82,12.701,70100,0,0
2009-12-11,12.8,12.81,12.44,12.49,12.374,181400,0,0
2009-12-14,12.63,12.64,12.42,12.64,12.5227,165800,0,0
2009-12-15,12.68,13.39,12.53,13.16,13.0378,268900,0,0
2009-12-16,13.2,13.91,13.04,13.83,13.7016,289600,0,0
2009-12-17,13.6,13.68,13.2,13.28,13.1567,223300,0,0
2009-12-18,13.41,13.48,13.16,13.32,13.1963,127200,0,0
2009-12-21,13.26,13.53,13.23,13.41,13.2855,96300,0,0
2009-12-22,13.4,13.45,13.25,13.3,13.1765,84100,0,0
2009-12-23,13.34,13.5,13.29,13.45,13.3251,84500,0,0
2009-12-24,13.54,13.54,13.42,13.53,13.4044,49800,0,0
2009-12-28,13.52,13.66,13.43,13.54,13.4143,52400,0,0
2009-12-29,13.7,13.7,13.48,13.63,13.5035,75500,0,0
2009-12-30,13.61,13.61,13.31,13.45,13.3251,112000,0,0
2009-12-31,13.47,13.56,13.37,13.56,13.4341,109700,0,0
2010-01-04,13.57,13.78,13.5,13.51,13.3846,140100,0,0
2010-01-05,13.5,13.63,13.41,13.51,13.3846,145000,0,0
2010-01-06,13.51,14.2,13.51,14.16,14.0285,213700,0,0
2010-01-07,14.2,14.2,13.93,14.1,13.9691,125200,0,0
2010-01-08,14.11,14.11,13.94,13.95,13.8205,163700,0,0
2010-01-11,14.12,14.31,13.86,14.26,14.1276,273900,0,0
2010-01-12,14.11,14.17,13.9,14.06,13.9295,193300,0,0
2010-01-13,14.03,14.17,14.01,14.14,14.0087,63000,0,0
2010-01-14,14.17,14.31,14.13,14.26,14.1276,64200,0,0
2010-01-15,14.2,14.29,14.07,14.09,13.9592,68500,0,0
2010-01-19,14.06,14.14,14,14.11,13.979,93500,0,0
2010-01-20,13.92,14.06,13.8,13.84,13.7115,129100,0,0
2010-01-21,13.77,13.91,13.7,13.76,13.6323,122000,0,0
2010-01-22,13.72,14.28,13.72,13.95,13.8205,206900,0,0
2010-01-25,13.95,14.38,13.9,14.08,13.9493,170000,0,0
2010-01-26,13.96,14,13.73,13.88,13.7511,240600,0,0
2010-01-27,13.85,14.03,13.78,13.89,13.7611,103100,0,0
2010-01-28,13.97,14.01,13.6,13.62,13.4936,135300,0,0
2010-01-29,13.72,13.72,13.1,13.14,13.018,196300,0,0
2010-02-01,13.18,13.45,12.98,13.41,13.2855,167800,0,0
2010-02-02,13.52,13.94,13.49,13.87,13.7412,218500,0,0
2010-02-03,13.89,13.91,13.76,13.82,13.6917,104500,0,0
2010-02-04,13.75,13.8,13.52,13.53,13.4044,126600,0,0
2010-02-05,13.6,13.63,13.36,13.54,13.4143,142800,0,0
2010-02-08,13.59,13.75,13.32,13.34,13.2162,178900,0,0
2010-02-09,13.51,13.64,13.46,13.59,13.4638,155900,0,0
2010-02-10,13.5,13.7,13.5,13.67,13.5431,115200,0,0
2010-02-11,13.65,13.93,13.57,13.93,13.8007,80500,0,0
2010-02-12,13.72,13.9,13.59,13.88,13.7511,122100,0,0
2010-02-16,13.9,13.95,13.8,13.89,13.7611,87700,0,0
2010-02-17,13.9,13.91,13.65,13.73,13.6025,247300,0,0
2010-02-18,13.61,14.15,13.61,14.12,13.9889,362900,0,0
2010-02-19,14.1,14.59,13.95,14.52,14.3852,407600,0,0
2010-02-22,14.52,14.63,14.15,14.51,14.3753,218300,0,0
2010-02-23,14.43,14.51,14.09,14.12,13.9889,141700,0,0
2010-02-24,14.17,14.17,14.01,14.15,14.0186,125200,0,0
2010-02-25,13.92,14.39,13.91,14.32,14.1871,196900,0,0
2010-02-26,14.31,14.37,13.99,14.02,13.8898,192100,0,0
2010-03-01,13.98,14.55,13.98,14.55,14.4149,234700,0,0
2010-03-02,14.52,15.04,14.52,15,14.8607,252100,0,0
2010-03-03,14.92,15.13,14.71,14.8,14.6626,181300,0,0
2010-03-04,14.9,14.97,14.67,14.96,14.8211,124500,0,0
2010-03-05,15.02,15.05,14.73,14.76,14.623,171000,0,0
2010-03-08,14.83,14.85,14.58,14.64,14.5041,111500,0,0
2010-03-09,14.5,14.96,14.5,14.88,14.7419,183000,0,0
2010-03-10,14.81,14.89,14.62,14.72,14.5833,174100,0,0
2010-03-11,14.6,14.71,14.52,14.64,14.5041,106000,0,0
2010-03-12,14.6,14.83,14.6,14.83,14.6923,158300,0,0
2010-03-15,14.85,14.85,14.65,14.7,14.5635,124800,0,0
2010-03-16,14.75,14.86,14.74,14.83,14.6923,273000,0,0
2010-03-17,14.9,15.04,14.85,14.89,14.7518,132000,0,0
2010-03-18,14.84,15.13,14.84,15.1,14.9598,119600,0,0
2010-03-19,14.73,15.24,14.67,14.73,14.5933,246300,0,0
2010-03-22,14.59,14.91,14.5,14.9,14.7617,90100,0,0
2010-03-23,14.94,15,14.86,14.94,14.8013,118200,0,0
2010-03-24,14.88,15.12,14.84,15.02,14.8806,116700,0,0
2010-03-25,15.11,15.36,15.11,15.29,15.1481,171200,0,0
2010-03-26,15.24,15.27,14.8,14.89,14.7518,127600,0,0
2010-03-29,14.89,15.01,14.81,14.88,14.7419,100200,0,0
2010-03-30,14.84,15.04,14.84,14.91,14.7716,86800,0,0
2010-03-31,14.89,15.03,14.89,14.91,14.7716,89700,0,0
2010-04-01,15.01,15.51,15.01,15.39,15.2471,185800,0,0
2010-04-05,15.45,15.49,15.38,15.48,15.3363,134300,0,0
2010-04-06,15.5,15.52,15.42,15.5,15.3561,81100,0,0
2010-04-07,15.4,15.5,15.33,15.36,15.2174,86300,0,0
2010-04-08,15.15,15.15,14.74,14.88,14.7419,318800,0,0
2010-04-09,14.82,15.08,14.76,14.95,14.8112,165000,0,0
2010-04-12,15.04,15.04,14.82,14.99,14.8508,102100,0,0
2010-04-13,15,15,14.85,14.86,14.722,79800,0,0
2010-04-14,14.93,15.04,14.88,14.91,14.7716,110200,0,0
2010-04-15,14.86,15.01,14.82,14.9,14.7617,96200,0,0
2010-04-16,14.84,15.05,14.82,14.91,14.7716,138400,0,0
2010-04-19,14.77,15.01,14.75,14.98,14.8409,124700,0,0
2010-04-20,15.14,15.37,15.08,15.3,15.158,154200,0,0
2010-04-21,15.35,15.48,15.32,15.37,15.2273,138500,0,0
2010-04-22,15.43,15.6,15.32,15.52,15.3759,219500,0,0
2010-04-23,15.39,15.39,15.16,15.24,15.0985,196300,0,0
2010-04-26,15.25,15.29,15.16,15.2,15.0589,99400,0,0
2010-04-27,15.18,15.18,14.69,14.7,14.5635,242100,0,0
2010-04-28,14.61,14.77,14.41,14.71,14.5734,241600,0,0
2010-04-29,14.74,15.13,14.69,14.99,14.8508,114400,0,0
2010-04-30,15,15,14.62,14.77,14.6329,180300,0,0
2010-05-03,14.77,14.88,14.61,14.76,14.623,197200,0,0
2010-05-04,14.61,14.89,14.54,14.69,14.5536,194300,0,0
2010-05-05,14.51,14.79,14.33,14.73,14.5933,205300,0,0
2010-05-06,14.61,14.93,13.5,14.44,14.3059,233900,0,0
2010-05-07,14.44,14.46,14.03,14.3,14.1672,384600,0,0
2010-05-10,14.64,15.41,14.64,15.38,15.2372,220500,0,0
2010-05-11,15.27,15.54,15.2,15.4,15.257,166000,0,0
2010-05-12,15.51,16.38,15.45,16.1,15.9505,406900,0,0
2010-05-13,16.13,16.23,16,16.16,16.01,213800,0,0
2010-05-14,16.07,16.1,15.72,15.92,15.7722,258300,0,0
2010-05-17,15.93,16.09,15.33,15.62,15.475,234300,0,0
2010-05-18,15.76,15.98,15.48,15.63,15.4849,119100,0,0
2010-05-19,15.47,15.6,15.13,15.48,15.3363,222900,0,0
2010-05-20,14.74,15.21,14.74,15.06,14.9202,238700,0,0
2010-05-21,14.82,15.57,14.79,15.37,15.2273,285200,0,0
2010-05-24,15.33,15.48,15.3,15.36,15.2174,85200,0,0
2010-05-25,14.79,15.23,14.71,15.13,14.9895,276600,0,0
2010-05-26,15.42,15.66,14.98,15.02,14.8806,304200,0,0
2010-05-27,15.16,15.73,15.15,15.73,15.584,250500,0,0
2010-05-28,15.65,15.89,15.63,15.64,15.4948,221800,0,0
2010-06-01,15.47,16,15.31,15.64,15.4948,272600,0,0
2010-06-02,15.63,15.71,15.36,15.48,15.3363,262900,0,0
2010-06-03,15.63,15.84,15.54,15.73,15.584,374800,0,0
2010-06-04,15.42,15.42,15.14,15.18,15.0391,477700,0,0
2010-06-07,15.14,15.49,15.14,15.28,15.1381,298700,0,0
2010-06-08,15.23,15.64,15.23,15.6,15.4552,453200,0,0
2010-06-09,15.62,15.8,15.43,15.51,15.366,329600,0,0
2010-06-10,15.65,16,15.64,15.91,15.7623,251800,0,0
2010-06-11,15.72,15.91,15.62,15.85,15.7029,252500,0,0
2010-06-14,16,16.04,15.81,15.86,15.7128,269300,0,0
2010-06-15,15.87,16.28,15.85,16.23,16.0793,232900,0,0
2010-06-16,16.05,16.4,16.04,16.25,16.0991,241900,0,0
2010-06-17,16.08,16.25,15.94,16.04,15.8911,206500,0,0
2010-06-18,15.95,16.14,15.88,15.99,15.8416,214800,0,0
2010-06-21,16.03,16.4,15.89,15.91,15.7623,341100,0,0
2010-06-22,15.96,16,15.52,15.58,15.4354,181900,0,0
2010-06-23,15.46,15.51,15.21,15.46,15.3165,301200,0,0
2010-06-24,15.4,15.54,15.13,15.18,15.0391,232000,0,0
2010-06-25,15.18,15.9,15.15,15.56,15.4155,292000,0,0
2010-06-28,15.53,15.71,15.49,15.6,15.4552,112800,0,0
2010-06-29,15.35,15.35,14.95,14.98,14.8409,250900,0,0
2010-06-30,15,15.29,14.88,14.93,14.7914,200200,0,0
2010-07-01,14.98,15.04,14.55,14.63,14.4942,200600,0,0
2010-07-02,14.84,15.18,14.81,14.88,14.7419,229000,0,0
2010-07-06,14.93,15.13,14.87,14.96,14.8211,276400,0,0
2010-07-07,14.95,15.2,14.88,15.16,15.0193,116900,0,0
2010-07-08,15.39,15.49,15.23,15.35,15.2075,125100,0,0
2010-07-09,15.45,15.52,15.34,15.46,15.3165,78600,0,0
2010-07-12,15.38,15.53,15.31,15.52,15.3759,120100,0,0
2010-07-13,15.67,15.82,15.62,15.75,15.6038,190600,0,0
2010-07-14,15.74,15.99,15.68,15.85,15.7029,216200,0,0
2010-07-15,15.85,15.85,15.51,15.73,15.584,201100,0,0
2010-07-16,15.59,15.72,15.34,15.39,15.2471,185300,0,0
2010-07-19,15.39,15.64,15.35,15.49,15.3462,127500,0,0
2010-07-20,15.29,15.52,15.29,15.48,15.3363,235300,0,0
2010-07-21,15.48,15.66,15.15,15.25,15.1084,245200,0,0
2010-07-22,15.41,16.15,15.33,16.01,15.8614,376000,0,0
2010-07-23,15.94,16.1,15.85,16.07,15.9208,190500,0,0
2010-07-26,15.88,15.94,15.63,15.75,15.6038,246300,0,0
2010-07-27,15.86,15.86,14.5,14.91,14.7716,877500,0,0
2010-07-28,14.73,15.03,14.09,14.29,14.1573,615700,0,0
2010-07-29,14.45,14.45,13.83,14.24,14.1078,607600,0,0
2010-07-30,14.18,14.31,14.11,14.27,14.1375,238300,0,0
2010-08-02,14.47,14.59,14.39,14.54,14.405,173600,0,0
2010-08-03,14.57,14.98,14.42,14.69,14.5536,383800,0,0
2010-08-04,14.77,14.78,14.24,14.4,14.2663,383900,0,0
2010-08-05,14.4,14.69,14.4,14.49,14.3555,240700,0,0
2010-08-06,14.41,14.57,14.02,14.25,14.1177,211000,0,0
2010-08-09,14.34,14.51,14.22,14.41,14.2762,222800,0,0
2010-08-10,14.24,14.36,14.14,14.27,14.1375,140500,0,0
2010-08-11,14,14.06,13.9,14.01,13.8799,219100,0,0
2010-08-12,13.93,14.32,13.79,14.11,13.979,275500,0,0
2010-08-13,14.11,14.29,14.07,14.09,13.9592,183600,0,0
2010-08-16,14.05,14.23,13.93,14.14,14.0087,120300,0,0
2010-08-17,14.42,14.47,14.11,14.13,13.9988,135200,0,0
2010-08-18,14.12,14.34,14.08,14.26,14.1276,193300,0,0
2010-08-19,14.25,14.39,14.08,14.09,13.9592,130600,0,0
2010-08-20,13.98,14.1,13.95,14.05,13.9196,99300,0,0
2010-08-23,14.05,14.27,14.02,14.08,13.9493,132300,0,0
2010-08-24,13.87,13.91,13.7,13.71,13.5827,200400,0,0
2010-08-25,13.64,13.77,13.51,13.74,13.6124,236600,0,0
2010-08-26,13.78,13.88,13.71,13.82,13.6917,116100,0,0
2010-08-27,13.77,14.23,13.77,14.23,14.0979,172800,0,0
2010-08-30,14.14,14.38,14,14.02,13.8898,129500,0,0
2010-08-31,13.92,14.08,13.8,13.84,13.7115,328400,0,0
2010-09-01,14.11,14.19,13.79,13.88,13.7511,286700,0,0
2010-09-02,13.88,14.31,13.88,14.27,14.1375,417200,0,0
2010-09-03,14.35,14.7,14.35,14.51,14.3753,250000,0,0
2010-09-07,14.39,14.46,14.12,14.15,14.0186,169600,0,0
2010-09-08,14.14,14.3,14.07,14.15,14.0186,125600,0,0
2010-09-09,14.35,14.37,14.15,14.24,14.1078,135700,0,0
2010-09-10,14.3,14.38,14.1,14.29,14.1573,197500,0,0
2010-09-13,14.37,14.4,14.24,14.28,14.1474,106600,0,0
2010-09-14,14.24,14.36,14.1,14.13,13.9988,142400,0,0
2010-09-15,14.12,14.29,13.97,14.08,13.9493,148100,0,0
2010-09-16,14.02,14.36,13.96,14.26,14.1276,168200,0,0
2010-09-17,14.3,14.34,14.06,14.2,14.0682,142400,0,0
2010-09-20,14.15,14.49,14.1,14.42,14.2861,196000,0,0
2010-09-21,14.41,14.52,14.32,14.42,14.2861,124500,0,0
2010-09-22,14.36,14.54,14.2,14.26,14.1276,91000,0,0
2010-09-23,14.55,14.55,14.05,14.09,13.9592,166100,0,0
2010-09-24,14.34,14.34,14.14,14.17,14.0385,93000,0,0
2010-09-27,14.16,14.56,14.16,14.5,14.3654,196800,0,0
2010-09-28,14.48,14.82,14.39,14.8,14.6626,271300,0,0
2010-09-29,14.9,15.22,14.82,15.08,14.94,424700,0,0
2010-09-30,15.13,15.4,14.99,15.03,14.8905,193200,0,0
2010-10-01,15.03,15.36,15.03,15.21,15.0688,190500,0,0
2010-10-04,15.14,15.72,15.14,15.66,15.5146,402500,0,0
2010-10-05,15.7,16.22,15.65,15.96,15.8118,369200,0,0
2010-10-06,15.89,15.94,15.62,15.73,15.584,179700,0,0
2010-10-07,15.63,15.69,15.51,15.59,15.4453,199800,0,0
2010-10-08,15.57,15.91,15.53,15.84,15.693,228200,0,0
2010-10-11,15.82,15.93,15.71,15.86,15.7128,78200,0,0
2010-10-12,15.76,15.87,15.64,15.85,15.7029,150500,0,0
2010-10-13,15.85,16.21,15.84,16.21,16.0595,152700,0,0
2010-10-14,16.11,16.24,15.87,15.93,15.7821,151500,0,0
2010-10-15,15.93,16,15.81,15.89,15.7425,195700,0,0
2010-10-18,15.8,15.86,15.71,15.8,15.6533,123800,0,0
2010-10-19,15.5,15.55,15.28,15.37,15.2273,211500,0,0
2010-10-20,15.47,15.67,15.35,15.65,15.5047,186500,0,0
2010-10-21,15.78,15.78,15.51,15.59,15.4453,148200,0,0
2010-10-22,15.69,15.69,15.46,15.57,15.4255,84500,0,0
2010-10-25,15.65,15.73,15.52,15.6,15.4552,113700,0,0
2010-10-26,15.48,15.55,15.17,15.25,15.1084,225900,0,0
2010-10-27,15.11,15.21,14.88,15.05,14.9103,177100,0,0
2010-10-28,15.03,15.29,14.96,15.19,15.049,192800,0,0
2010-10-29,15.26,15.56,15.24,15.41,15.2669,132100,0,0
2010-11-01,15.85,15.85,15.5,15.62,15.475,350900,0,0
2010-11-02,15.73,15.83,15.52,15.61,15.4651,194800,0,0
2010-11-03,15.63,15.72,15.14,15.36,15.2174,280400,0,0
2010-11-04,15.5,15.63,15.33,15.46,15.3165,231700,0,0
2010-11-05,15.56,15.63,15.4,15.41,15.2669,155300,0,0
2010-11-08,15.3,15.61,15.25,15.42,15.2768,151800,0,0
2010-11-09,15.58,17.16,15.58,16.93,16.7728,564100,0,0
2010-11-10,17,17.12,16.68,16.93,16.7728,251100,0,0
2010-11-11,16.79,16.88,16.59,16.86,16.7035,200600,0,0
2010-11-12,16.75,16.8,16.42,16.52,16.3666,364000,0,0
2010-11-15,16.55,16.83,16.5,16.73,16.5747,254400,0,0
2010-11-16,16.44,16.56,16.06,16.25,16.0991,523100,0,0
2010-11-17,16.12,16.26,15.97,16.09,15.9406,329700,0,0
2010-11-18,16.14,16.35,16.02,16.05,15.901,234700,0,0
2010-11-19,16.05,16.21,15.98,16.11,15.9604,209100,0,0
2010-11-22,16.09,16.26,15.96,16.08,15.9307,225000,0,0
2010-11-23,16.01,16.03,15.75,15.93,15.7821,229100,0,0
2010-11-24,16.1,16.26,15.98,16.01,15.8614,298500,0,0
2010-11-26,15.96,16.04,15.86,15.89,15.7425,68000,0,0
2010-11-29,15.81,15.9,15.72,15.85,15.7029,174700,0,0
2010-11-30,15.7,15.81,15.65,15.68,15.5344,183700,0,0
2010-12-01,15.92,16.04,15.9,15.98,15.8316,123900,0,0
2010-12-02,16.1,16.28,16.06,16.23,16.0793,242000,0,0
2010-12-03,16.12,16.17,15.93,16.12,15.9704,212800,0,0
2010-12-06,16.04,16.57,16.04,16.52,16.3666,300300,0,0
2010-12-07,16.65,16.84,16.41,16.48,16.327,220500,0,0
2010-12-08,16.46,16.54,16.23,16.39,16.2378,154700,0,0
2010-12-09,16.39,16.49,16.12,16.16,16.01,143200,0,0
2010-12-10,16.13,16.28,16.1,16.26,16.1091,247600,0,0
2010-12-13,16.3,16.55,16.3,16.5,16.3468,327700,0,0
2010-12-14,16.46,16.56,16.37,16.49,16.3369,320700,0,0
2010-12-15,16.52,16.62,16.42,16.56,16.4063,263500,0,0
2010-12-16,16.54,16.64,16.48,16.61,16.4558,231700,0,0
2010-12-17,16.59,16.61,16.32,16.38,16.2279,324000,0,0
2010-12-20,16.37,16.51,16.26,16.3,16.1487,215800,0,0
2010-12-21,16.3,16.51,16.22,16.48,16.327,174000,0,0
2010-12-22,16.45,16.63,16.41,16.61,16.4558,74300,0,0
2010-12-23,16.54,16.93,16.54,16.84,16.6837,231800,0,0
2010-12-27,16.86,16.86,16.56,16.7,16.545,63100,0,0
2010-12-28,16.81,16.85,16.61,16.71,16.5549,64300,0,0
2010-12-29,16.75,16.94,16.75,16.88,16.7233,75200,0,0
2010-12-30,16.92,17.02,16.81,16.98,16.8224,216100,0,0
2010-12-31,16.99,17.59,16.93,17.26,17.0998,364900,0,0
2011-01-03,17.3,17.59,17.3,17.54,17.3772,145600,0,0
2011-01-04,17.44,17.82,16.87,17.07,16.9115,561400,0,0
2011-01-05,17,17.22,16.81,17.14,16.9809,251600,0,0
2011-01-06,17.14,17.32,17.07,17.22,17.0601,327800,0,0
2011-01-07,17.31,17.38,17.16,17.35,17.1889,237700,0,0
2011-01-10,17.2,17.27,17,17.2,17.0403,206000,0,0
2011-01-11,17.21,17.81,17.21,17.73,17.5654,342600,0,0
2011-01-12,17.77,18.28,17.75,18.25,18.0806,361300,0,0
2011-01-13,18.18,18.18,17.97,18.06,17.8923,235800,0,0
2011-01-14,17.99,18.31,17.9,18.22,18.0509,209100,0,0
2011-01-18,18.3,18.68,18.25,18.53,18.358,222700,0,0
2011-01-19,18.54,18.8,18.53,18.63,18.457,209900,0,0
2011-01-20,18.47,18.62,18.01,18.41,18.2391,293000,0,0
2011-01-21,18.59,18.74,18.4,18.42,18.249,415400,0,0
2011-01-24,18.43,18.98,18.4,18.74,18.566,287300,0,0
2011-01-25,18.56,18.87,18.51,18.8,18.6255,269000,0,0
2011-01-26,19.24,20,19.24,19.74,19.5567,529800,0,0
2011-01-27,19.51,19.65,19.25,19.43,19.2496,461700,0,0
2011-01-28,19.34,19.61,19.15,19.17,18.992,304700,0,0
2011-01-31,19.29,19.39,19.19,19.26,19.0812,211600,0,0
2011-02-01,19.42,19.79,19.29,19.69,19.5072,216700,0,0
2011-02-02,19.65,20,19.59,19.95,19.7648,235100,0,0
2011-02-03,19.95,20.41,19.95,20.25,20.062,270000,0,0
2011-02-04,20.3,20.43,20.1,20.24,20.0521,204500,0,0
2011-02-07,20.23,20.62,20.18,20.33,20.1413,195200,0,0
2011-02-08,20.21,20.39,19.9,20.34,20.1512,196000,0,0
2011-02-09,20.25,20.36,20,20.15,19.9629,201900,0,0
2011-02-10,20.02,20.26,19.82,20.09,19.9035,327000,0,0
2011-02-11,20.09,20.28,19.96,20.25,20.062,182700,0,0
2011-02-14,20.21,20.28,19.85,19.86,19.6756,173600,0,0
2011-02-15,19.88,20.02,19.59,19.71,19.527,281400,0,0
2011-02-16,19.82,20.27,19.77,20.07,19.8837,204600,0,0
2011-02-17,20.01,20.12,19.76,19.96,19.7747,229700,0,0
2011-02-18,19.96,20.06,19.82,19.91,19.7252,217900,0,0
2011-02-22,19.71,19.97,19.57,19.66,19.4775,175200,0,0
2011-02-23,19.63,19.76,19.25,19.64,19.4577,303000,0,0
2011-02-24,19.54,20.25,19.54,19.76,19.5766,270500,0,0
2011-02-25,19.89,20.14,19.65,19.84,19.6558,202100,0,0
2011-02-28,19.95,20.27,19.93,19.95,19.7648,146600,0,0
2011-03-01,19.99,20.04,19.66,19.76,19.5766,206400,0,0
2011-03-02,19.85,20.15,19.85,19.95,19.7648,150700,0,0
2011-03-03,19.96,20.11,19.78,19.84,19.6558,206700,0,0
2011-03-04,19.82,19.97,19.68,19.88,19.6954,271100,0,0
2011-03-07,19.97,19.97,19.27,19.48,19.2992,167300,0,0
2011-03-08,19.31,19.77,19.23,19.56,19.3784,184400,0,0
2011-03-09,19.55,19.73,19.39,19.59,19.4081,144900,0,0
2011-03-10,19.43,19.47,19.02,19.31,19.1307,193400,0,0
2011-03-11,19.16,19.66,19.16,19.63,19.4478,155200,0,0
2011-03-14,19.49,19.65,19.34,19.63,19.4478,165600,0,0
2011-03-15,19.05,19.33,18.88,19.26,19.0812,220300,0,0
2011-03-16,19.17,19.76,19.1,19.37,19.1902,355300,0,0
2011-03-17,19.57,19.57,19.19,19.29,19.1109,177400,0,0
2011-03-18,19.52,20.1,19.52,19.78,19.5964,486000,0,0
2011-03-21,19.88,20.26,19.85,20.23,20.0422,322500,0,0
2011-03-22,20.04,20.41,20.03,20.19,20.0026,201100,0,0
2011-03-23,20.16,20.36,19.95,20.34,20.1512,170300,0,0
2011-03-24,20.46,20.61,20.35,20.5,20.3097,176500,0,0
2011-03-25,20.6,21.03,20.41,20.41,20.2205,378400,0,0
2011-03-28,20.58,20.63,20.24,20.53,20.3394,224700,0,0
2011-03-29,20.51,20.62,20.4,20.59,20.3989,110200,0,0
2011-03-30,20.6,21.06,20.6,20.95,20.7555,161800,0,0
2011-03-31,20.85,21.07,20.79,20.93,20.7357,148700,0,0
2011-04-01,21.13,22.02,21.13,21.68,21.4787,321400,0,0
2011-04-04,21.77,21.89,21.55,21.7,21.4986,291900,0,0
2011-04-05,21.65,21.79,21.46,21.51,21.3103,171200,0,0
2011-04-06,21.58,21.7,21.37,21.48,21.2806,162400,0,0
2011-04-07,21.42,21.43,20.97,21.09,20.8942,270000,0,0
2011-04-08,21.16,21.25,21.02,21.07,20.8744,106000,0,0
2011-04-11,21.09,21.24,20.84,20.97,20.7753,139900,0,0
2011-04-12,20.85,21.11,20.73,20.96,20.7654,205400,0,0
2011-04-13,21.02,21.23,20.76,21.06,20.8645,137100,0,0
2011-04-14,21,21.73,21,21.68,21.4787,206400,0,0
2011-04-15,21.64,21.91,21.55,21.6,21.3995,233900,0,0
2011-04-18,21.44,21.48,20.91,21.4,21.2013,182100,0,0
2011-04-19,21.43,21.94,21.39,21.8,21.5976,151100,0,0
2011-04-20,21.79,21.92,21.1,21.32,21.1221,288700,0,0
2011-04-21,21.49,21.54,21.27,21.32,21.1221,226300,0,0
2011-04-25,21.24,21.93,21.24,21.68,21.4787,169800,0,0
2011-04-26,21.74,21.87,21.31,21.48,21.2806,183900,0,0
2011-04-27,21.39,21.52,20.99,21.09,20.8942,285500,0,0
2011-04-28,21,21.83,20.94,21.75,21.5481,285900,0,0
2011-04-29,21.69,22.18,21.69,21.9,21.6967,228000,0,0
2011-05-02,21.86,22,21.6,21.77,21.5679,295000,0,0
2011-05-03,21.69,21.86,21.22,21.39,21.1914,282000,0,0
2011-05-04,21.4,21.44,20.94,21.06,20.8645,172000,0,0
2011-05-05,20.81,20.86,20.42,20.57,20.379,352600,0,0
2011-05-06,20.76,21,20.61,20.75,20.5574,246400,0,0
2011-05-09,20.75,21.3,20.7,21.27,21.0725,220000,0,0
2011-05-10,21.32,21.73,21.31,21.7,21.4986,258700,0,0
2011-05-11,21.63,21.91,21.45,21.65,21.449,265200,0,0
2011-05-12,21.54,21.7,21.2,21.63,21.4292,274000,0,0
2011-05-13,21.65,21.65,21.31,21.39,21.1914,241500,0,0
2011-05-16,21.17,21.43,21.02,21.08,20.8843,147100,0,0
2011-05-17,21,21.34,20.82,21.25,21.0527,171600,0,0
2011-05-18,21.3,21.37,21.16,21.24,21.0428,108400,0,0
2011-05-19,21.31,21.52,21.19,21.5,21.3004,138400,0,0
2011-05-20,21.37,21.53,21.22,21.39,21.1914,135600,0,0
2011-05-23,21.15,21.2,20.72,20.92,20.7258,137900,0,0
2011-05-24,20.99,21.3,20.99,21.25,21.0527,232500,0,0
2011-05-25,21.17,21.61,21.16,21.59,21.3896,275200,0,0
2011-05-26,21.58,21.86,21.53,21.83,21.6273,227200,0,0
2011-05-27,21.86,22.46,21.77,22.28,22.0732,284400,0,0
2011-05-31,22.61,23.04,22.35,22.99,22.7766,285000,0,0
2011-06-01,23.09,23.59,23.01,23.05,22.836,466800,0,0
2011-06-02,23.1,23.3,22.8,23.15,22.9351,357900,0,0
2011-06-03,22.88,23.23,22.68,23.1,22.8856,348200,0,0
2011-06-06,23.05,23.19,22.77,22.92,22.7072,338100,0,0
2011-06-07,22.89,23.2,22.84,22.92,22.7072,291000,0,0
2011-06-08,22.77,22.98,22.75,22.83,22.6181,230200,0,0
2011-06-09,22.82,22.89,22.5,22.77,22.5586,371000,0,0
2011-06-10,22.67,22.84,22.49,22.64,22.4298,236700,0,0
2011-06-13,22.55,22.73,22.37,22.46,22.2515,197800,0,0
2011-06-14,22.59,22.72,22.49,22.55,22.3407,246400,0,0
2011-06-15,22.34,22.57,22.09,22.26,22.0533,216400,0,0
2011-06-16,22.1,22.11,21.91,22.04,21.8354,175400,0,0
2011-06-17,22.15,22.27,21.88,21.91,21.7066,279600,0,0
2011-06-20,21.78,22.18,21.75,22.18,21.9741,138000,0,0
2011-06-21,22.29,22.51,22.24,22.45,22.2416,197800,0,0
2011-06-22,22.38,22.79,22.26,22.68,22.4694,211600,0,0
2011-06-23,22.45,22.61,22.35,22.57,22.3605,264600,0,0
2011-06-24,22.56,22.67,22.27,22.33,22.1227,169900,0,0
2011-06-27,22.33,22.6,22.32,22.51,22.301,137900,0,0
2011-06-28,22.57,22.86,22.44,22.86,22.6478,350400,0,0
2011-06-29,23.23,23.93,23.06,23.71,23.4899,529600,0,0
2011-06-30,23.94,24.74,23.69,24.65,24.4212,406400,0,0
2011-07-01,24.63,25.63,24.4,25.57,25.3326,370000,0,0
2011-07-05,24.45,24.61,23.82,23.86,23.6385,529100,0,0
2011-07-06,23.85,24.12,23.71,24.09,23.8664,297600,0,0
2011-07-07,24.28,24.59,24.17,24.2,23.9753,219500,0,0
2011-07-08,23.97,23.98,23.41,23.9,23.6781,269400,0,0
2011-07-11,23.71,23.76,23.04,23.17,22.9549,304200,0,0
2011-07-12,23.14,23.98,23.11,23.87,23.6484,362400,0,0
2011-07-13,23.95,24.13,23.52,23.57,23.3512,210700,0,0
2011-07-14,23.76,23.84,23.25,23.35,23.1332,272600,0,0
2011-07-15,23.29,23.39,23.02,23.17,22.9549,322700,0,0
2011-07-18,23.03,23.22,22.87,23.22,23.0044,417200,0,0
2011-07-19,23.45,23.98,23.43,23.56,23.3413,301200,0,0
2011-07-20,23.62,24,23.39,23.45,23.2323,277400,0,0
2011-07-21,23.63,23.67,23.35,23.41,23.1927,276200,0,0
2011-07-22,23.24,23.26,22.12,22.62,22.41,644200,0,0
2011-07-25,22.68,22.78,22.27,22.62,22.41,330000,0,0
2011-07-26,22.89,23,22.59,22.78,22.5685,361000,0,0
2011-07-27,22.55,22.66,21.73,21.78,21.5778,443900,0,0
2011-07-28,21.75,21.86,21.49,21.54,21.34,397600,0,0
2011-07-29,21.41,21.7,21.17,21.48,21.2806,314100,0,0
2011-08-01,21.92,21.95,20.92,21.16,20.9636,276900,0,0
2011-08-02,21.09,21.34,20.56,20.63,20.4385,393500,0,0
2011-08-03,20.75,21.41,20.71,21.25,21.0527,640700,0,0
2011-08-04,21,21,20.19,20.2,20.0125,441900,0,0
2011-08-05,20.31,20.48,19.53,20.18,19.9927,529100,0,0
2011-08-08,19.34,19.55,18.78,18.81,18.6354,647500,0,0
2011-08-09,19.06,20.15,18.99,20.12,19.9332,734400,0,0
2011-08-10,19.79,19.93,19.28,19.44,19.2595,489300,0,0
2011-08-11,19.52,19.82,19.25,19.67,19.4874,430100,0,0
2011-08-12,19.78,19.97,19.66,19.91,19.7252,350700,0,0
2011-08-15,19.83,20.49,19.83,20.16,19.9728,265200,0,0
2011-08-16,19.9,20.08,19.73,19.9,19.7153,186100,0,0
2011-08-17,19.95,20.23,19.69,19.77,19.5865,236900,0,0
2011-08-18,19.2,19.29,18.66,18.86,18.6849,354800,0,0
2011-08-19,18.56,19.32,18.56,18.89,18.7146,858300,0,0
2011-08-22,19.17,19.32,18.76,18.9,18.7245,349300,0,0
2011-08-23,19.01,19.75,18.9,19.73,19.5468,210000,0,0
2011-08-24,19.6,19.76,19.14,19.34,19.1605,221800,0,0
2011-08-25,19.38,19.47,18.68,18.8,18.6255,169000,0,0
2011-08-26,18.73,19.47,18.72,19.47,19.2892,230500,0,0
2011-08-29,19.62,20.07,19.62,19.97,19.7846,189400,0,0
2011-08-30,19.9,20.08,19.74,19.95,19.7648,226000,0,0
2011-08-31,20.1,20.53,20.1,20.3,20.1115,192000,0,0
2011-09-01,20.31,20.31,19.49,19.51,19.3289,273500,0,0
2011-09-02,19.12,19.32,19.01,19.07,18.893,187400,0,0
2011-09-06,18.58,18.68,18.28,18.4,18.2292,348700,0,0
2011-09-07,18.63,18.78,18.58,18.78,18.6057,272800,0,0
2011-09-08,18.7,18.75,18.34,18.38,18.2094,168600,0,0
2011-09-09,18.25,18.25,17.63,17.87,17.7041,233600,0,0
2011-09-12,17.56,18.08,17.56,18.01,17.8428,245100,0,0
2011-09-13,18.05,18.25,18.02,18.13,17.9617,164300,0,0
2011-09-14,18.23,18.48,17.92,18.24,18.0707,291600,0,0
2011-09-15,18.42,18.82,18.42,18.69,18.5165,188900,0,0
2011-09-16,18.62,18.91,18.57,18.58,18.4075,279200,0,0
2011-09-19,18.09,18.54,18.09,18.47,18.2985,147000,0,0
2011-09-20,18.53,18.96,18.39,18.4,18.2292,157900,0,0
2011-09-21,18.29,18.54,17.71,17.74,17.5753,179200,0,0
2011-09-22,17.11,17.47,16.51,17.37,17.2087,454900,0,0
2011-09-23,17.2,17.61,17.19,17.6,17.4366,284200,0,0
2011-09-26,17.69,18.01,17.51,17.98,17.8131,188800,0,0
2011-09-27,18.44,19.34,18.42,19.1,18.9227,347300,0,0
2011-09-28,19.04,19.28,18.81,18.85,18.675,372800,0,0
2011-09-29,19.17,19.55,19.11,19.46,19.2793,377200,0,0
2011-09-30,19.09,19.27,18.81,18.81,18.6354,345900,0,0
2011-10-03,18.56,18.57,17.64,17.91,17.7437,409500,0,0
2011-10-04,17.58,18.15,17.22,17.62,17.4564,581700,0,0
2011-10-05,17.54,17.92,17.01,17.82,17.6546,267900,0,0
2011-10-06,17.73,18.26,17.44,18.16,17.9914,374100,0,0
2011-10-07,18.17,18.45,17.97,18.15,17.9815,357300,0,0
2011-10-10,18.53,18.87,18.44,18.83,18.6552,71200,0,0
2011-10-11,18.82,18.84,18.34,18.4,18.2292,182400,0,0
2011-10-12,18.78,19.34,18.62,19.07,18.893,800300,0,0
2011-10-13,19.04,19.45,19.04,19.42,19.2397,310700,0,0
2011-10-14,19.61,19.98,19.48,19.73,19.5468,191900,0,0
2011-10-17,19.61,19.65,19.1,19.2,19.0218,211900,0,0
2011-10-18,19.22,19.66,19.13,19.48,19.2992,247900,0,0
2011-10-19,19.52,19.58,19.04,19.06,18.8831,179500,0,0
2011-10-20,19.01,19.19,18.64,18.94,18.7642,224800,0,0
2011-10-21,19.1,19.46,19.1,19.26,19.0812,117200,0,0
2011-10-24,19.27,20.37,19.27,20.31,20.1215,334600,0,0
2011-10-25,20.06,20.27,19.81,19.83,19.6459,402900,0,0
2011-10-26,20.04,20.27,19.7,19.83,19.6459,234400,0,0
2011-10-27,20.69,20.89,20.21,20.46,20.2701,356400,0,0
2011-10-28,20.32,20.96,20.32,20.92,20.7258,282900,0,0
2011-10-31,20.59,20.82,20.42,20.53,20.3394,196000,0,0
2011-11-01,19.5,19.84,19.3,19.67,19.4874,356600,0,0
2011-11-02,19.89,20.32,19.89,20.11,19.9233,230500,0,0
2011-11-03,20.3,20.63,19.95,20.54,20.3493,216300,0,0
2011-11-04,20.24,20.58,20.24,20.3,20.1115,134000,0,0
2011-11-07,20.21,20.68,20.17,20.42,20.2304,174600,0,0
2011-11-08,20.37,20.49,20.05,20.35,20.1611,311700,0,0
2011-11-09,19.71,20.22,19.63,19.67,19.4874,219800,0,0
2011-11-10,19.56,20.11,19.56,19.76,19.5766,514500,0,0
2011-11-11,19.87,19.95,19.63,19.74,19.5567,347100,0,0
2011-11-14,19.54,19.58,19.22,19.28,19.101,267400,0,0
2011-11-15,19.22,19.5,19.17,19.23,19.0515,281400,0,0
2011-11-16,19.16,19.34,19.06,19.14,18.9623,176400,0,0
2011-11-17,19.16,19.2,18.51,18.64,18.467,226600,0,0
2011-11-18,18.74,18.74,18.48,18.49,18.3183,151500,0,0
2011-11-21,18.19,18.36,18.14,18.3,18.1301,211900,0,0
2011-11-22,18.31,18.39,18.01,18.05,17.8824,133400,0,0
2011-11-23,17.87,17.96,17.68,17.8,17.6348,171600,0,0
2011-11-25,17.68,17.96,17.46,17.53,17.3673,147400,0,0
2011-11-28,18.06,18.22,17.95,17.99,17.823,174800,0,0
2011-11-29,18.04,18.39,18.02,18.23,18.0608,174300,0,0
2011-11-30,18.79,18.79,18.27,18.43,18.2589,296400,0,0
2011-12-01,18.35,19.09,18.31,19.03,18.8533,236900,0,0
2011-12-02,19.11,19.21,18.7,18.81,18.6354,168900,0,0
2011-12-05,19,19.24,18.74,18.85,18.675,200700,0,0
2011-12-06,19.02,19.28,18.88,18.96,18.784,179600,0,0
2011-12-07,19.02,19.06,18.47,18.78,18.6057,136200,0,0
2011-12-08,18.58,18.76,18.21,18.23,18.0608,139900,0,0
2011-12-09,18.15,18.47,18.1,18.37,18.1995,159300,0,0
2011-12-12,17.94,18.31,17.82,18.27,18.1004,171400,0,0
2011-12-13,18.37,18.7,18.09,18.26,18.0905,174900,0,0
2011-12-14,18.12,18.13,17.62,17.69,17.5258,142300,0,0
2011-12-15,17.84,17.97,17.73,17.81,17.6447,108100,0,0
2011-12-16,17.82,18.32,17.82,18.28,18.1103,343300,0,0
2011-12-19,18.3,18.65,18.3,18.44,18.2688,199600,0,0
2011-12-20,18.76,18.94,18.72,18.81,18.6354,169500,0,0
2011-12-21,18.81,18.81,18.37,18.54,18.3679,124700,0,0
2011-12-22,18.55,18.84,18.55,18.6,18.4273,98900,0,0
2011-12-23,18.69,19.24,18.57,18.64,18.467,152600,0,0
2011-12-27,18.59,18.82,18.55,18.75,18.5759,53100,0,0
2011-12-28,18.72,18.77,18.51,18.55,18.3778,114500,0,0
2011-12-29,18.57,18.91,18.52,18.73,18.5561,99100,0,0
2011-12-30,18.68,18.95,18.68,18.85,18.675,92100,0,0
2012-01-03,19.14,19.33,19.06,19.16,18.9821,124600,0,0
2012-01-04,19.1,19.31,18.9,19.16,18.9821,122700,0,0
2012-01-05,19.1,19.19,18.46,18.53,18.358,282000,0,0
2012-01-06,18.55,18.68,18.26,18.36,18.1896,132600,0,0
2012-01-09,18.38,18.51,18.14,18.17,18.0013,112900,0,0
2012-01-10,18.37,18.61,18.11,18.12,17.9518,513600,0,0
2012-01-11,18.12,18.44,18.09,18.36,18.1896,185100,0,0
2012-01-12,18.41,18.41,17.97,18.05,17.8824,283000,0,0
2012-01-13,17.93,17.93,17.4,17.85,17.6843,295100,0,0
2012-01-17,18.62,18.69,18.25,18.49,18.3183,258000,0,0
2012-01-18,18.56,19.16,18.56,19.03,18.8533,296600,0,0
2012-01-19,19.09,19.46,19.09,19.41,19.2298,206600,0,0
2012-01-20,19.32,19.44,19.05,19.15,18.9722,147700,0,0
2012-01-23,19.12,19.23,18.89,18.92,18.7444,163700,0,0
2012-01-24,18.9,19.33,18.9,19.24,19.0614,284500,0,0
2012-01-25,19.19,19.3,19.01,19.21,19.0317,146100,0,0
2012-01-26,19.21,19.4,19.17,19.33,19.1506,82800,0,0
2012-01-27,19.3,19.44,19.19,19.22,19.0416,107200,0,0
2012-01-30,19.09,19.61,19.03,19.58,19.3982,174400,0,0
2012-01-31,19.58,20.39,19.58,20.18,19.9927,321700,0,0
2012-02-01,20.29,21.08,20.29,20.89,20.6961,376100,0,0
2012-02-02,20.77,20.93,20.64,20.67,20.4781,290400,0,0
2012-02-03,20.82,20.83,20.64,20.72,20.5276,135600,0,0
2012-02-06,20.57,20.58,20.39,20.52,20.3295,143000,0,0
2012-02-07,20.43,20.62,20.37,20.56,20.3691,187500,0,0
2012-02-08,20.55,20.55,20.25,20.34,20.1512,143700,0,0
2012-02-09,20.19,20.55,20.13,20.48,20.2899,121300,0,0
2012-02-10,20.36,20.43,20.19,20.39,20.2007,110100,0,0
2012-02-13,20.52,20.87,20.52,20.81,20.6168,127800,0,0
2012-02-14,20.88,20.92,20.53,20.67,20.4781,122300,0,0
2012-02-15,20.68,20.81,20.55,20.64,20.4484,150900,0,0
2012-02-16,20.75,21.11,20.62,20.95,20.7555,274800,0,0
2012-02-17,20.95,21.12,20.77,20.91,20.7159,191200,0,0
2012-02-21,20.83,21.14,20.83,21,20.805,117300,0,0
2012-02-22,21.01,21.41,20.73,21.04,20.8447,188200,0,0
2012-02-23,21.04,21.11,20.96,21.06,20.8645,140200,0,0
2012-02-24,21.01,21.14,20.92,20.98,20.7852,78900,0,0
2012-02-27,20.84,21.09,20.84,21.01,20.815,79400,0,0
2012-02-28,21,21.21,20.94,21.09,20.8942,123000,0,0
2012-02-29,21.16,21.63,21.16,21.44,21.241,189200,0,0
2012-03-01,21.44,21.48,21.14,21.17,20.9735,106000,0,0
2012-03-02,21.09,21.12,20.64,20.74,20.5475,140400,0,0
2012-03-05,20.56,20.63,20.44,20.46,20.2701,308300,0,0
2012-03-06,20.3,20.41,20.1,20.17,19.9828,114100,0,0
2012-03-07,20.15,20.46,19.96,20.38,20.1908,85300,0,0
2012-03-08,20.56,21.21,20.51,21.09,20.8942,155000,0,0
2012-03-09,21.09,21.3,20.86,21.22,21.023,111000,0,0
2012-03-12,21.22,21.79,21.1,21.6,21.3995,222500,0,0
2012-03-13,21.6,22.08,21.6,21.97,21.766,190600,0,0
2012-03-14,21.95,22.01,21.81,21.97,21.766,129800,0,0
2012-03-15,21.85,22.1,21.74,21.75,21.5481,161100,0,0
2012-03-16,21.79,21.81,21.47,21.62,21.4193,116800,0,0
2012-03-19,21.69,22.18,21.65,21.97,21.766,132200,0,0
2012-03-20,21.81,22.08,21.39,21.58,21.3797,180200,0,0
2012-03-21,21.58,21.99,21.54,21.95,21.7462,124500,0,0
2012-03-22,21.62,21.79,21.5,21.65,21.449,80600,0,0
2012-03-23,21.65,21.79,21.55,21.79,21.5877,49900,0,0
2012-03-26,21.96,22.31,21.85,22.17,21.9642,391300,0,0
2012-03-27,22.19,22.19,21.92,22.06,21.8552,118800,0,0
2012-03-28,22.03,22.3,21.83,22.01,21.8057,121400,0,0
2012-03-29,21.89,22.04,21.63,21.88,21.6769,149000,0,0
2012-03-30,21.92,22.43,21.8,22.29,22.0831,191400,0,0
2012-04-02,22.24,22.48,22.15,22.3,22.093,160900,0,0
2012-04-03,22.29,22.37,21.88,21.95,21.7462,236100,0,0
2012-04-04,21.69,21.71,21.51,21.65,21.449,182000,0,0
2012-04-05,21.57,21.85,21.5,21.85,21.6472,146900,0,0
2012-04-09,21.85,21.86,21.38,21.66,21.4589,143300,0,0
2012-04-10,21.58,21.75,21.15,21.22,21.023,201300,0,0
2012-04-11,21.46,21.78,21.31,21.48,21.2806,149400,0,0
2012-04-12,21.48,22,21.45,21.79,21.5877,193700,0,0
2012-04-13,21.71,21.78,21.13,21.16,20.9636,267100,0,0
2012-04-16,21.07,21.46,21.07,21.4,21.2013,196000,0,0
2012-04-17,21.57,21.97,21.51,21.89,21.6868,130200,0,0
2012-04-18,21.82,21.95,21.67,21.8,21.5976,110500,0,0
2012-04-19,21.7,21.84,21.3,21.41,21.2112,157100,0,0
2012-04-20,21.48,21.57,21.26,21.34,21.1419,170700,0,0
2012-04-23,21.02,21.09,20.77,20.9,20.706,200000,0,0
2012-04-24,20.9,21.08,20.55,20.79,20.597,332900,0,0
2012-04-25,20.9,21.99,20.89,21.97,21.766,302000,0,0
2012-04-26,21.91,22.58,21.75,22.32,22.1128,259900,0,0
2012-04-27,22.4,22.67,22.14,22.55,22.3407,145000,0,0
2012-04-30,22.33,22.49,22.24,22.44,22.2317,149000,0,0
2012-05-01,22.48,22.7,22.37,22.54,22.3308,146500,0,0
2012-05-02,22.34,22.63,22.15,22.17,21.9642,178000,0,0
2012-05-03,22.17,22.33,21.94,22.27,22.0633,196500,0,0
2012-05-04,22.07,22.3,21.9,21.96,21.7561,144300,0,0
2012-05-07,21.83,21.93,21.64,21.85,21.6472,196000,0,0
2012-05-08,21.73,21.81,21.21,21.6,21.3995,220000,0,0
2012-05-09,21.33,21.4,21.07,21.28,21.0824,314300,0,0
2012-05-10,21.37,21.68,21.25,21.35,21.1518,172600,0,0
2012-05-11,21.25,21.55,21.19,21.21,21.0131,97000,0,0
2012-05-14,20.97,21.07,20.84,20.88,20.6862,140500,0,0
2012-05-15,20.88,20.93,20.56,20.7,20.5078,270000,0,0
2012-05-16,20.69,20.7,20.16,20.21,20.0224,268400,0,0
2012-05-17,20.11,20.66,20.05,20.55,20.3592,247800,0,0
2012-05-18,20.58,20.58,20.26,20.27,20.0818,133000,0,0
2012-05-21,20.33,20.4,19.95,20.34,20.1512,140100,0,0
2012-05-22,20.43,20.5,20.18,20.31,20.1215,101000,0,0
2012-05-23,20.13,20.24,19.89,20.23,20.0422,161000,0,0
2012-05-24,20.27,20.5,20.16,20.23,20.0422,137600,0,0
2012-05-25,20.13,20.48,20.04,20.18,19.9927,118400,0,0
2012-05-29,20.21,20.53,20.16,20.53,20.3394,105000,0,0
2012-05-30,20.14,20.95,20.07,20.42,20.2304,215100,0,0
2012-05-31,23.27,24.45,22.57,23.21,22.9945,1445500,0,0
2012-06-01,22.2,22.84,22.16,22.42,22.2119,499500,0,0
2012-06-04,22.56,22.58,21.99,22.28,22.0732,241300,0,0
2012-06-05,22.2,22.38,21.98,22.12,21.9147,190600,0,0
2012-06-06,22.22,23,22.22,22.88,22.6676,163800,0,0
2012-06-07,23.14,23.35,22.81,22.81,22.5982,252300,0,0
2012-06-08,22.49,22.72,22.44,22.71,22.4992,119300,0,0
2012-06-11,22.77,23.07,22.57,22.58,22.3704,156300,0,0
2012-06-12,22.74,22.82,22.55,22.59,22.3803,123100,0,0
2012-06-13,22.51,22.84,22.5,22.74,22.5289,199500,0,0
2012-06-14,22.74,22.84,22.25,22.57,22.3605,155400,0,0
2012-06-15,22.56,22.75,22.42,22.54,22.3308,195900,0,0
2012-06-18,22.42,22.7,22.16,22.56,22.3506,192700,0,0
2012-06-19,22.78,23.29,22.62,23.21,22.9945,164700,0,0
2012-06-20,23.24,23.35,22.5,22.98,22.7667,180500,0,0
2012-06-21,22.9,23.03,22.04,22.06,21.8552,162700,0,0
2012-06-22,22.17,22.58,22.1,22.55,22.3407,113800,0,0
2012-06-25,22.25,22.42,22,22.07,21.8651,92900,0,0
2012-06-26,22.08,22.59,22.08,22.56,22.3506,95400,0,0
2012-06-27,22.56,22.65,22.38,22.52,22.3109,115800,0,0
2012-06-28,22.28,23.13,22.23,23.1,22.8856,247500,0,0
2012-06-29,23.67,24,23.41,23.99,23.7673,265000,0,0
2012-07-02,23.98,24,23.78,23.99,23.7673,52100,0,0
2012-07-03,24.03,24.6,23.98,24.54,24.3122,136700,0,0
2012-07-05,24.04,24.26,23.72,23.73,23.5097,166200,0,0
2012-07-06,23.59,23.63,23.19,23.44,23.2224,89700,0,0
2012-07-09,23.29,23.66,23.27,23.43,23.2125,80300,0,0
2012-07-10,23.41,23.49,22.7,22.84,22.628,106500,0,0
2012-07-11,22.85,23.36,22.74,23.04,22.8261,161700,0,0
2012-07-12,22.8,22.8,22.25,22.53,22.3208,186000,0,0
2012-07-13,22.53,22.71,22.53,22.61,22.4001,107800,0,0
2012-07-16,22.55,22.87,22.43,22.83,22.6181,164200,0,0
2012-07-17,22.87,23.81,22.87,23.36,23.1431,213800,0,0
2012-07-18,23.32,23.77,23.32,23.74,23.5196,209900,0,0
2012-07-19,23.74,24.32,23.72,24.11,23.8862,172100,0,0
2012-07-20,23.75,23.84,23.36,23.51,23.2917,171400,0,0
2012-07-23,22.92,23.66,22.89,23.56,23.3413,118500,0,0
2012-07-24,23.52,23.62,23.14,23.36,23.1431,116400,0,0
2012-07-25,23.06,23.16,22.74,23.08,22.8657,127700,0,0
2012-07-26,23.41,23.83,23.38,23.73,23.5097,186200,0,0
2012-07-27,23.92,24.2,23.81,23.89,23.6682,142300,0,0
2012-07-30,23.84,24.16,23.82,23.89,23.6682,82700,0,0
2012-07-31,23.91,24.29,23.55,23.57,23.3512,105600,0,0
2012-08-01,23.69,23.88,23.49,23.57,23.3512,115000,0,0
2012-08-02,23.42,23.57,23.18,23.31,23.0936,91100,0,0
2012-08-03,23.68,24.01,23.56,23.74,23.5196,99300,0,0
2012-08-06,23.75,23.95,23.72,23.76,23.5394,28200,0,0
2012-08-07,23.99,24.12,23.77,23.93,23.7078,90500,0,0
2012-08-08,23.87,24.18,23.35,24.14,23.9159,140200,0,0
2012-08-09,24.05,24.22,23.95,24.09,23.8664,80500,0,0
2012-08-10,23.97,24.17,23.95,24.14,23.9159,67500,0,0
2012-08-13,24.03,24.29,23.96,24.1,23.8763,77500,0,0
2012-08-14,24.16,24.36,24.14,24.27,24.0447,52400,0,0
2012-08-15,24.23,24.31,24.03,24.21,23.9852,66100,0,0
2012-08-16,24.21,24.5,24.1,24.38,24.1537,79900,0,0
2012-08-17,24.81,24.86,24.57,24.66,24.4311,77600,0,0
2012-08-20,24.68,24.85,24.34,24.46,24.2329,116900,0,0
2012-08-21,24.57,25.53,24.57,25.34,25.1048,166200,0,0
2012-08-22,25.22,26.17,25.21,26.05,25.8082,254700,0,0
2012-08-23,26.08,26.08,25.58,25.96,25.719,134000,0,0
2012-08-24,25.88,26.03,25.62,25.83,25.5902,282800,0,0
2012-08-27,25.93,25.94,25.66,25.81,25.5704,234200,0,0
2012-08-28,25.84,26.02,25.66,25.69,25.4515,110200,0,0
2012-08-29,25.69,26.09,25.69,25.99,25.7487,88500,0,0
2012-08-30,25.88,26.04,25.74,25.79,25.5506,80900,0,0
2012-08-31,25.97,26.13,25.86,26.11,25.8676,127200,0,0
2012-09-04,26.19,26.8,26.15,26.42,26.1747,184600,0,0
2012-09-05,26.24,26.52,25.92,26.48,26.2342,94700,0,0
2012-09-06,26.8,27.37,26.75,26.86,26.6106,195500,0,0
2012-09-07,27,27.06,26.61,26.84,26.5908,225400,0,0
2012-09-10,26.8,27.37,26.69,27.13,26.8781,144100,0,0
2012-09-11,27.18,27.26,27.09,27.23,26.9772,101700,0,0
2012-09-12,27.32,27.69,27.17,27.34,27.0862,108200,0,0
2012-09-13,27.34,27.59,27.13,27.36,27.106,109100,0,0
2012-09-14,27.37,27.42,26.52,26.77,26.5215,243600,0,0
2012-09-17,26.57,27.05,26.37,26.82,26.571,197200,0,0
2012-09-18,26.66,27.69,26.65,27.34,27.0862,181600,0,0
2012-09-19,27.38,27.71,27.36,27.47,27.215,78800,0,0
2012-09-20,27.2,27.55,27.07,27.47,27.215,116700,0,0
2012-09-21,27.58,27.6,27.15,27.21,26.9574,198100,0,0
2012-09-24,27.13,27.44,26.99,27.42,27.1654,100000,0,0
2012-09-25,27.42,27.59,27.07,27.32,27.0664,125400,0,0
2012-09-26,27.36,27.4,26.63,26.76,26.5116,127100,0,0
2012-09-27,26.95,27.29,26.66,26.99,26.7394,114800,0,0
2012-09-28,26.87,27.17,26.75,26.86,26.6106,109300,0,0
2012-10-01,26.92,26.97,26.52,26.76,26.5116,100600,0,0
2012-10-02,26.82,26.99,26.57,26.99,26.7394,81700,0,0
2012-10-03,26.93,27.19,26.82,26.9,26.6503,52300,0,0
2012-10-04,26.98,27.22,26.69,27.08,26.8286,83400,0,0
2012-10-05,27.24,27.46,26.77,26.89,26.6404,72800,0,0
2012-10-08,26.72,26.83,26.63,26.7,26.4521,33800,0,0
2012-10-09,26.87,27.35,26.49,26.56,26.3134,122800,0,0
2012-10-10,26.43,26.71,26.39,26.61,26.363,93400,0,0
2012-10-11,26.72,27.13,26.51,26.62,26.3729,85700,0,0
2012-10-12,26.61,26.94,26.47,26.58,26.3332,62400,0,0
2012-10-15,26.63,26.8,26.49,26.8,26.5512,72100,0,0
2012-10-16,26.7,27.01,26.62,26.76,26.5116,100900,0,0
2012-10-17,26.72,26.9,26.52,26.8,26.5512,56400,0,0
2012-10-18,26.69,26.91,26.47,26.59,26.3432,50500,0,0
2012-10-19,26.31,26.36,25.66,25.77,25.5308,113800,0,0
2012-10-22,25.74,26,25.42,25.69,25.4515,105100,0,0
2012-10-23,25.6,25.75,25.04,25.63,25.3921,114500,0,0
2012-10-24,25.63,25.91,25.35,25.5,25.2633,90100,0,0
2012-10-25,25.72,26.29,25.72,26.15,25.9072,103200,0,0
2012-10-26,26.1,26.28,25.18,25.26,25.0255,236100,0,0
2012-10-31,25.52,26.11,25.47,26.1,25.8577,154100,0,0
2012-11-01,26,26.33,25.56,26.33,26.0856,145400,0,0
2012-11-02,26.35,26.39,26.07,26.14,25.8973,78100,0,0
2012-11-05,26.1,26.39,26.07,26.08,25.8379,66100,0,0
2012-11-06,26.12,26.12,24.64,24.85,24.6193,310900,0,0
2012-11-07,24.74,25.01,24.66,24.68,24.4509,219500,0,0
2012-11-08,24.68,24.76,24.37,24.47,24.2428,80900,0,0
2012-11-09,24.39,24.74,24.22,24.33,24.1041,99700,0,0
2012-11-12,24.34,24.34,23.92,24.07,23.8465,121000,0,0
2012-11-13,23.87,23.94,23.41,23.57,23.3512,183600,0,0
2012-11-14,23.63,23.67,23.19,23.53,23.3116,167200,0,0
2012-11-15,23.44,23.55,23.11,23.54,23.3215,124000,0,0
2012-11-16,23.51,23.79,23.44,23.77,23.5493,106700,0,0
2012-11-19,24.01,24.32,24,24.2,23.9753,111900,0,0
2012-11-20,24.31,24.31,23.85,24.07,23.8465,123800,0,0
2012-11-21,24.07,24.15,23.88,24.08,23.8565,56100,0,0
2012-11-23,23.92,24.2,23.84,24.2,23.9753,55500,0,0
2012-11-26,23.93,23.94,23.66,23.82,23.5989,115500,0,0
2012-11-27,23.84,24.33,23.69,24.22,23.9952,156500,0,0
2012-11-28,23.76,24.32,22.9,23.29,23.0738,287200,0,0
2012-11-29,23.28,23.32,22.51,23.11,22.8955,299500,0,0
2012-11-30,23,23.09,22.58,22.99,22.7766,662000,0,0
2012-12-03,23.14,23.68,22.9,23.46,23.2422,190100,0,0
2012-12-04,23.4,23.65,23.04,23.12,22.9054,97000,0,0
2012-12-05,23.2,23.27,22.93,23.07,22.8558,152900,0,0
2012-12-06,23.07,23.24,22.77,23.03,22.8162,144900,0,0
2012-12-07,23.12,23.25,22.74,22.83,22.6181,128700,0,0
2012-12-10,23.05,23.29,22.91,22.99,22.7766,165200,0,0
2012-12-11,23.01,23.3,22.64,23.21,22.9945,135900,0,0
2012-12-12,23.28,23.54,23.28,23.35,23.1332,94400,0,0
2012-12-13,23.32,23.57,23.23,23.31,23.0936,98700,0,0
2012-12-14,23.26,23.67,23.26,23.52,23.3017,196400,0,0
2012-12-17,23.52,23.75,23.33,23.64,23.4205,235600,0,0
2012-12-18,23.67,24.4,23.57,24.38,24.1537,298600,0,0
2012-12-19,24.38,25.03,24.37,24.54,24.3122,195000,0,0
2012-12-20,24.54,24.54,23.88,23.96,23.7376,130700,0,0
2012-12-21,23.73,24.08,23.34,23.98,23.7574,241300,0,0
2012-12-24,23.9,24.24,23.9,24,23.7772,74700,0,0
2012-12-26,24,24,23.65,23.8,23.5791,96700,0,0
2012-12-27,23.84,23.87,23.18,23.34,23.1233,143800,0,0
2012-12-28,23.32,23.32,22.93,23.03,22.8162,139500,0,0
2012-12-31,22.95,23.24,22.85,23.13,22.9153,141800,0,0
2013-01-02,23.58,23.71,23.23,23.36,23.1431,156700,0,0
2013-01-03,23.36,23.4,23.09,23.2,22.9846,85900,0,0
2013-01-04,23.24,23.4,23.07,23.34,23.1233,83400,0,0
2013-01-07,23.23,23.3,22.97,23.07,22.8558,155700,0,0
2013-01-08,23.18,24.13,23.18,24.11,23.8862,278300,0,0
2013-01-09,24.16,24.2,23.64,23.84,23.6187,177800,0,0
2013-01-10,23.92,24.23,23.81,24.08,23.8565,129000,0,0
2013-01-11,24.09,24.71,24.07,24.64,24.4113,207900,0,0
2013-01-14,24.54,25,24.46,24.97,24.7382,171400,0,0
2013-01-15,24.97,25.17,24.6,24.65,24.4212,125800,0,0
2013-01-16,24.6,24.66,24.35,24.48,24.2527,70500,0,0
2013-01-17,24.61,25.32,24.49,25.18,24.9462,206400,0,0
2013-01-18,24.99,25.01,24.52,24.63,24.4014,149100,0,0
2013-01-22,24.14,24.33,24.03,24.14,23.9159,122800,0,0
2013-01-23,24.06,24.38,23.72,24.29,24.0645,144100,0,0
2013-01-24,24.07,24.57,24.07,24.35,24.1239,89500,0,0
2013-01-25,24.3,24.76,24.16,24.76,24.5301,112200,0,0
2013-01-28,24.71,25.09,24.28,24.31,24.0843,152200,0,0
2013-01-29,24.27,24.57,23.82,24.26,24.0348,155000,0,0
2013-01-30,24.31,26.51,24.25,26.27,26.0261,350800,0,0
2013-01-31,26.35,27.06,26.29,26.83,26.5809,387600,0,0
2013-02-01,26.72,26.95,26.36,26.68,26.4323,205000,0,0
2013-02-04,26.44,26.73,26.36,26.58,26.3332,200600,0,0
2013-02-05,26.75,27.07,26.66,26.94,26.6899,205200,0,0
2013-02-06,26.87,27.05,26.77,27.01,26.7593,128000,0,0
2013-02-07,26.95,27.16,26.8,27.16,26.9079,144800,0,0
2013-02-08,27.11,27.55,27.04,27.46,27.2051,128800,0,0
2013-02-11,27.39,27.78,27.32,27.7,27.4429,169600,0,0
2013-02-12,27.71,28.35,27.7,28.26,27.9977,237800,0,0
2013-02-13,27.43,27.6,26.86,27.06,26.8088,383600,0,0
2013-02-14,27.06,27.34,26.97,27.08,26.8286,147700,0,0
2013-02-15,26.94,27.36,26.82,27.32,27.0664,135400,0,0
2013-02-19,27.04,27.59,26.89,27.51,27.2546,163300,0,0
2013-02-20,27.38,27.42,27.23,27.42,27.1654,182700,0,0
2013-02-21,27.3,27.35,26.21,26.52,26.2738,231800,0,0
2013-02-22,26.42,27.09,26.29,26.55,26.3035,136100,0,0
2013-02-25,26.62,26.84,26.24,26.26,26.0162,110200,0,0
2013-02-26,26.2,26.2,25.6,25.75,25.511,240900,0,0
2013-02-27,25.7,26.54,25.62,26.28,26.036,141000,0,0
2013-02-28,26.18,26.43,26.1,26.35,26.1054,150600,0,0
2013-03-01,26.26,26.47,26,26.37,26.1252,110900,0,0
2013-03-04,26.28,26.52,25.99,26.25,26.0063,91200,0,0
2013-03-05,26.17,26.19,25.85,25.92,25.6794,160800,0,0
2013-03-06,25.93,26.05,25.61,25.96,25.719,147700,0,0
2013-03-07,26.03,26.64,26.03,26.5,26.254,247000,0,0
2013-03-08,26.76,26.8,25.84,25.85,25.61,127300,0,0
2013-03-11,25.83,26.36,25.83,26.29,26.0459,81400,0,0
2013-03-12,26.31,26.53,25.98,26.04,25.7983,184300,0,0
2013-03-13,26.02,26.16,25.73,25.81,25.5704,210200,0,0
2013-03-14,25.81,26.24,25.81,26.03,25.7884,129000,0,0
2013-03-15,26.07,26.12,25.96,26.02,25.7784,186600,0,0
2013-03-18,25.8,26.04,25.33,25.66,25.4218,346400,0,0
2013-03-19,25.59,25.83,25.5,25.71,25.4713,183500,0,0
2013-03-20,25.79,26.09,25.74,26,25.7586,189500,0,0
2013-03-21,25.86,26.05,25.75,26.03,25.7884,359900,0,0
2013-03-22,26.02,26.25,25.88,25.99,25.7487,158600,0,0
2013-03-25,26.02,26.32,25.97,26.08,25.8379,169400,0,0
2013-03-26,26.21,26.35,26.12,26.27,26.0261,288500,0,0
2013-03-27,26.26,26.79,26.21,26.71,26.462,151100,0,0
2013-03-28,26.76,27.24,26.63,27.16,26.9079,200000,0,0
2013-04-01,27.16,27.16,26.28,26.4,26.1549,155700,0,0
2013-04-02,26.4,26.51,26.21,26.26,26.0162,160400,0,0
2013-04-03,26.27,26.5,25.82,25.91,25.6695,145200,0,0
2013-04-04,25.97,26.24,25.83,26.01,25.7685,188300,0,0
2013-04-05,25.69,26.44,25.56,26.38,26.1351,276000,0,0
2013-04-08,26.37,26.4,25.99,26.11,25.8676,88000,0,0
2013-04-09,26.09,26.4,25.97,26.08,25.8379,200000,0,0
2013-04-10,26.19,26.86,26.15,26.8,26.5512,173700,0,0
2013-04-11,26.96,27.07,26.68,26.85,26.6007,169500,0,0
2013-04-12,26.64,26.64,25.73,25.84,25.6001,142100,0,0
2013-04-15,25.76,26.2,25.72,25.83,25.5902,264200,0,0
2013-04-16,25.87,26.13,25.81,26.1,25.8577,118100,0,0
2013-04-17,25.83,25.97,25.63,25.88,25.6397,92900,0,0
2013-04-18,25.88,25.98,25.54,25.73,25.4911,65700,0,0
2013-04-19,25.75,25.91,25.4,25.77,25.5308,110200,0,0
2013-04-22,25.75,25.89,25.48,25.78,25.5407,97600,0,0
2013-04-23,25.79,25.95,25.64,25.85,25.61,173500,0,0
2013-04-24,25.86,26.62,25.86,26.45,26.2045,128300,0,0
2013-04-25,26.44,27.13,26.44,27.09,26.8385,115500,0,0
2013-04-26,27.1,27.25,26.75,26.83,26.5809,103700,0,0
2013-04-29,26.89,26.99,26.7,26.73,26.4819,161800,0,0
2013-04-30,28.64,31.97,28.31,31.66,31.3661,1136000,0,0
2013-05-01,30.99,31.77,30.81,31.58,31.2868,438600,0,0
2013-05-02,31.44,31.63,31.14,31.32,31.0292,246200,0,0
2013-05-03,31.38,31.55,30.54,31.08,30.7915,515400,0,0
2013-05-06,31.31,31.56,30.91,31.12,30.8311,285700,0,0
2013-05-07,31.09,31.57,30.8,31.16,30.8707,333400,0,0
2013-05-08,31.06,31.49,30.98,31.1,30.8113,145300,0,0
2013-05-09,31.04,31.55,30.92,31.54,31.2472,142800,0,0
2013-05-10,31.42,31.9,31.22,31.89,31.5939,143300,0,0
2013-05-13,31.92,32.59,31.88,32.19,31.8912,154600,0,0
2013-05-14,32.03,32.05,31.41,31.86,31.5642,138500,0,0
2013-05-15,31.71,32.34,31.71,32.01,31.7128,122000,0,0
2013-05-16,31.91,32.54,31.23,31.23,30.9401,163400,0,0
2013-05-17,30.89,31.95,30.83,31.88,31.584,140400,0,0
2013-05-20,31.93,32.13,31.66,31.97,31.6732,48600,0,0
2013-05-21,31.66,32.13,31.09,31.67,31.376,195600,0,0
2013-05-22,31.52,31.91,31.01,31.02,30.732,227900,0,0
2013-05-23,30.81,31.35,30.66,30.83,30.5438,168700,0,0
2013-05-24,30.61,31.25,30.48,30.76,30.4744,130000,0,0
2013-05-28,31.16,31.16,30.57,30.69,30.4051,158800,0,0
2013-05-29,30.66,30.86,30.43,30.67,30.3853,110000,0,0
2013-05-30,30.71,31.09,30.63,30.68,30.3952,131100,0,0
2013-05-31,30.63,30.81,30.36,30.56,30.2763,122000,0,0
2013-06-03,30.72,31.44,30.72,30.93,30.6429,117200,0,0
2013-06-04,30.81,31.36,30.4,30.61,30.3258,130700,0,0
2013-06-05,30.54,30.62,29.69,30.01,29.7314,212900,0,0
2013-06-06,30.08,30.56,29.97,30.15,29.8701,123700,0,0
2013-06-07,30.34,31.22,30.25,30.85,30.5636,123800,0,0
2013-06-10,30.78,30.8,29.87,30.26,29.9791,125300,0,0
2013-06-11,30.06,30.23,29.5,29.55,29.2757,254600,0,0
2013-06-12,29.83,29.92,29.12,29.29,29.0181,235300,0,0
2013-06-13,29.23,30.35,29.12,30.23,29.9494,181400,0,0
2013-06-14,30.1,30.37,29.47,29.55,29.2757,178000,0,0
2013-06-17,29.91,30.41,29.33,30.29,30.0088,166700,0,0
2013-06-18,30.18,30.86,30.18,30.61,30.3258,127500,0,0
2013-06-19,30.83,31.04,30.47,30.53,30.2466,168800,0,0
2013-06-20,30.13,30.47,29.59,29.67,29.3946,181500,0,0
2013-06-21,29.47,30,29.15,29.31,29.0379,122300,0,0
2013-06-24,28.98,29.1,28.35,28.88,28.6119,248000,0,0
2013-06-25,28.96,29.86,28.9,29.52,29.246,191600,0,0
2013-06-26,29.62,30.28,29.61,30.17,29.8899,145600,0,0
2013-06-27,30.17,30.59,30.14,30.53,30.2466,108800,0,0
2013-06-28,30.28,30.37,29.23,29.29,29.0181,194300,0,0
2013-07-01,29.35,29.84,29.35,29.52,29.246,47300,0,0
2013-07-02,29.51,29.84,28.95,29.46,29.1865,297500,0,0
2013-07-03,29.45,29.58,29.06,29.17,28.8992,86000,0,0
2013-07-05,29.21,29.53,28.94,29.33,29.0577,127000,0,0
2013-07-08,29.3,29.47,29.15,29.25,28.9785,102400,0,0
2013-07-09,29.27,29.27,28.71,28.9,28.6317,137100,0,0
2013-07-10,28.84,29.33,28.66,29.29,29.0181,112700,0,0
2013-07-11,29.58,29.89,29.3,29.89,29.6125,78000,0,0
2013-07-12,29.9,30.03,29.56,29.66,29.3847,110400,0,0
2013-07-15,29.69,29.85,29.55,29.75,29.4738,102800,0,0
2013-07-16,29.75,29.77,29.42,29.46,29.1865,83200,0,0
2013-07-17,29.46,29.72,29.32,29.43,29.1568,57900,0,0
2013-07-18,29.49,29.87,29.4,29.87,29.5927,120400,0,0
2013-07-19,29.73,29.92,29.64,29.66,29.3847,72600,0,0
2013-07-22,29.4,29.49,28.44,29.11,28.8398,189200,0,0
2013-07-23,29.14,29.49,28.91,28.97,28.7011,109200,0,0
2013-07-24,28.97,30.52,28.97,30.19,29.9097,206000,0,0
2013-07-25,30.21,30.38,29.79,30.18,29.8998,141900,0,0
2013-07-26,30.04,30.36,30.03,30.25,29.9692,101900,0,0
2013-07-29,30.32,31.23,30.2,31.22,30.9302,244600,0,0
2013-07-30,31.19,32.17,31.09,31.38,31.0887,304700,0,0
2013-07-31,32.91,35.25,31.38,34.61,34.2887,589500,0,0
2013-08-01,34.45,34.72,34.29,34.3,33.9816,291200,0,0
2013-08-02,34.15,34.15,33.59,33.88,33.5655,164000,0,0
2013-08-05,33.9,34.55,33.9,34.45,34.1302,113200,0,0
2013-08-06,33.9,33.94,32.9,33.74,33.4268,205800,0,0
2013-08-07,33.57,33.78,33.46,33.65,33.3376,142300,0,0
2013-08-08,33.71,33.84,33.4,33.82,33.506,101100,0,0
2013-08-09,33.81,34.15,33.77,34.06,33.7438,90600,0,0
2013-08-12,33.97,34.54,33.78,34.44,34.1203,76700,0,0
2013-08-13,34.37,35.05,34.29,34.99,34.6652,133900,0,0
2013-08-14,34.99,35.54,34.76,34.88,34.5562,111400,0,0
2013-08-15,34.83,35.06,34.56,35.04,34.7147,152600,0,0
2013-08-16,34.88,35.17,34.77,34.98,34.6553,76800,0,0
2013-08-19,34.79,34.79,34.41,34.51,34.1896,80100,0,0
2013-08-20,34.38,34.48,34.05,34.21,33.8924,104300,0,0
2013-08-21,33.98,34.02,33.66,33.74,33.4268,66500,0,0
2013-08-22,33.62,34.27,33.6,33.95,33.6348,63700,0,0
2013-08-23,34.05,34.49,33.91,33.96,33.6447,64100,0,0
2013-08-26,33.92,34.13,33.75,33.89,33.5754,81200,0,0
2013-08-27,33.55,33.56,32.44,32.89,32.5847,185000,0,0
2013-08-28,32.86,33.2,32.65,32.89,32.5847,111600,0,0
2013-08-29,32.85,33.37,32.85,33,32.6936,67200,0,0
2013-08-30,33,33.41,32.82,33.26,32.9512,104700,0,0
2013-09-03,32.45,33.49,31.76,31.79,31.4949,536600,0,0
2013-09-04,31.75,32.03,31.07,31.41,31.1184,311900,0,0
2013-09-05,31.56,32.34,31.45,32.15,31.8515,276300,0,0
2013-09-06,32.41,32.41,31.79,32.18,31.8813,164000,0,0
2013-09-09,32.19,32.54,32.13,32.3,32.0001,132900,0,0
2013-09-10,32.41,32.83,32.39,32.71,32.4063,101200,0,0
2013-09-11,32.61,33.19,32.61,33.18,32.872,84500,0,0
2013-09-12,33.06,33.26,32.62,32.65,32.3469,90100,0,0
2013-09-13,32.63,32.95,32.39,32.42,32.119,63100,0,0
2013-09-16,34.33,34.56,33.87,34.21,33.8924,381900,0,0
2013-09-17,34.16,35.65,34.03,35.37,35.0416,574300,0,0
2013-09-18,35.24,35.43,34.6,35.35,35.0218,405000,0,0
2013-09-19,35.31,35.45,35.03,35.38,35.0516,185700,0,0
2013-09-20,35.26,35.68,34.89,35.13,34.8039,530200,0,0
2013-09-23,35.15,35.67,34.88,35.29,34.9624,220100,0,0
2013-09-24,35.3,36.15,35.29,35.67,35.3389,259300,0,0
2013-09-25,35.75,36.72,35.57,35.77,35.4379,265800,0,0
2013-09-26,35.87,35.92,35.04,35.19,34.8633,149200,0,0
2013-09-27,34.91,35.51,34.83,35.01,34.685,130600,0,0
2013-09-30,34.76,35.25,34.54,35.1,34.7742,149800,0,0
2013-10-01,34.83,35.54,34.58,35.4,35.0714,168000,0,0
2013-10-02,35.32,36.06,35.09,35.92,35.5865,145200,0,0
2013-10-03,35.9,36.02,35.55,35.8,35.4677,126500,0,0
2013-10-04,35.66,35.71,35.38,35.66,35.3289,115700,0,0
2013-10-07,35.26,36,35.22,35.79,35.4577,204500,0,0
2013-10-08,35.78,35.96,35.35,35.66,35.3289,279200,0,0
2013-10-09,35.47,35.83,34.91,35.01,34.685,382600,0,0
2013-10-10,35.01,35.76,34.81,35.46,35.1308,189500,0,0
2013-10-11,35.49,36.32,35.48,36.26,35.9234,125800,0,0
2013-10-14,36.19,36.69,35.93,36.55,36.2107,59200,0,0
2013-10-15,36.5,37.14,36.41,36.94,36.5971,218800,0,0
2013-10-16,37.08,37.41,36.76,37.16,36.815,104100,0,0
2013-10-17,37.11,37.25,35.71,36.18,35.8441,271100,0,0
2013-10-18,36.11,36.61,35.89,36.02,35.6856,193100,0,0
2013-10-21,36.01,36.03,34.86,35.03,34.7048,475500,0,0
2013-10-22,34.59,35.16,34.16,35.06,34.7345,370500,0,0
2013-10-23,34.75,34.75,33.47,33.64,33.3277,295900,0,0
2013-10-24,33.51,34.49,33.38,34.4,34.0806,313000,0,0
2013-10-25,34.26,34.36,33.64,34.01,33.6943,239800,0,0
2013-10-28,34.09,34.09,33.38,33.51,33.1989,199100,0,0
2013-10-29,33.45,33.6,33.19,33.6,33.2881,236500,0,0
2013-10-30,33.6,33.87,33.42,33.87,33.5556,83100,0,0
2013-10-31,33.66,33.93,33.34,33.56,33.2485,139900,0,0
2013-11-01,33.64,33.78,32.91,33.24,32.9314,164500,0,0
2013-11-04,33.19,33.3,32.99,33.26,32.9512,121700,0,0
2013-11-05,33.25,33.9,33.2,33.77,33.4565,276900,0,0
2013-11-06,33.85,34.39,33.66,33.98,33.6645,153000,0,0
2013-11-07,34,34.32,33.62,33.74,33.4268,202500,0,0
2013-11-08,33.74,34.2,33.64,34.04,33.724,130800,0,0
2013-11-11,34.34,34.7,34.13,34.51,34.1896,135000,0,0
2013-11-12,34.58,35.56,34.33,35.39,35.0615,293600,0,0
2013-11-13,35.35,36.3,35.09,35.97,35.6361,393200,0,0
2013-11-14,37.29,39.47,37.15,37.51,37.1618,696400,0,0
2013-11-15,38.02,38.16,37.63,37.92,37.568,285600,0,0
2013-11-18,38.16,38.48,38,38.17,37.8156,187700,0,0
2013-11-19,38.13,38.22,37.63,37.65,37.3005,229400,0,0
2013-11-20,38.02,38.3,37.65,38.08,37.7265,224500,0,0
2013-11-21,38.08,38.9,37.91,38.47,38.1129,207600,0,0
2013-11-22,38.56,38.87,38.44,38.57,38.2119,110200,0,0
2013-11-25,38.45,38.87,38.29,38.59,38.2317,149200,0,0
2013-11-26,37.77,37.96,37.25,37.72,37.3698,785000,0,0
2013-11-27,37.69,37.81,37.37,37.59,37.241,125800,0,0
2013-11-29,37.68,37.8,36.73,36.89,36.5475,165700,0,0
2013-12-02,36.89,36.95,36.2,36.51,36.1711,349100,0,0
2013-12-03,36.33,36.58,36,36.17,35.8342,178900,0,0
2013-12-04,35.22,35.81,34.02,34.66,34.3382,1081700,0,0
2013-12-05,33.98,34.78,33.45,34.54,34.2193,485200,0,0
2013-12-06,34.57,34.8,33.84,33.94,33.6249,362800,0,0
2013-12-09,33.96,34.22,33.68,33.75,33.4367,300600,0,0
2013-12-10,33.94,35.11,33.86,34.98,34.6553,456300,0,0
2013-12-11,35.08,35.47,34.12,34.2,33.8825,333000,0,0
2013-12-12,34.17,34.17,33.59,33.72,33.407,238600,0,0
2013-12-13,33.75,33.97,33.31,33.75,33.4367,228200,0,0
2013-12-16,33.85,34.06,33.44,33.72,33.407,213500,0,0
2013-12-17,33.71,35.33,33.71,34.72,34.3977,358600,0,0
2013-12-18,34.75,35.1,34.53,34.69,34.368,243700,0,0
2013-12-19,35.18,36,35.18,35.61,35.2794,295000,0,0
2013-12-20,35.46,36.1,35.25,35.31,34.9822,282200,0,0
2013-12-23,35.69,35.93,35.49,35.62,35.2893,167500,0,0
2013-12-24,35.59,35.59,35.21,35.28,34.9525,93000,0,0
2013-12-26,35.43,35.73,35.1,35.63,35.2992,91600,0,0
2013-12-27,35.43,35.46,33.68,34.24,33.9221,356400,0,0
2013-12-30,34.04,34.47,33.9,33.99,33.6745,280000,0,0
2013-12-31,33.93,34.11,33.32,33.46,33.1494,252300,0,0
2014-01-02,33.5,33.51,32.44,32.72,32.4162,409400,0,0
2014-01-03,32.92,33.39,32.86,32.88,32.5748,273200,0,0
2014-01-06,32.77,32.95,32.37,32.66,32.3568,309600,0,0
2014-01-07,32.65,32.7,31.75,32.09,31.7921,300500,0,0
2014-01-08,32.12,32.23,31.86,31.89,31.5939,262600,0,0
2014-01-09,31.81,32.94,31.7,32.51,32.2082,413600,0,0
2014-01-10,32.33,32.7,31.18,31.58,31.2868,2241600,0,0
2014-01-13,31.6,32.5,31.6,31.67,31.376,583000,0,0
2014-01-14,31.65,31.77,31.36,31.37,31.0788,260400,0,0
2014-01-15,31.47,32.07,31.45,31.86,31.5642,490500,0,0
2014-01-16,32.06,32.79,32.04,32.59,32.2875,717700,0,0
2014-01-17,32.59,32.73,32.13,32.26,31.9605,223800,0,0
2014-01-21,32.25,32.47,31.54,31.58,31.2868,345900,0,0
2014-01-22,31.64,31.71,31.18,31.27,30.9797,407200,0,0
2014-01-23,31.85,31.85,30.77,31.22,30.9302,352100,0,0
2014-01-24,31.2,31.53,30.92,31.43,31.1382,446500,0,0
2014-01-27,31.57,31.72,30.47,30.67,30.3853,562100,0,0
2014-01-28,30.6,31.6,30.45,31.54,31.2472,668200,0,0
2014-01-29,30.17,30.58,29.4,29.95,29.672,1844400,0,0
2014-01-30,31.1,31.27,30.2,30.32,30.0385,659400,0,0
2014-01-31,30.04,30.67,29.69,30.64,30.3556,657900,0,0
2014-02-03,30.82,30.93,29.81,30.05,29.771,987300,0,0
2014-02-04,30.09,30.31,29.95,30.04,29.7611,386500,0,0
2014-02-05,29.96,29.96,29.62,29.67,29.3946,430900,0,0
2014-02-06,29.69,30.2,29.63,30.07,29.7908,591500,0,0
2014-02-07,30.4,30.45,30.05,30.15,29.8701,228100,0,0
2014-02-10,30.11,30.47,29.75,29.76,29.4837,211600,0,0
2014-02-11,29.93,31.53,29.93,31.17,30.8806,430000,0,0
2014-02-12,31.33,31.75,30.97,31.07,30.7816,148300,0,0
2014-02-13,31.02,31.72,30.95,31.35,31.059,226700,0,0
2014-02-14,31.36,32.28,31.09,32.27,31.9704,297900,0,0
2014-02-18,32.86,32.95,32.17,32.27,31.9704,470100,0,0
2014-02-19,32.4,32.77,32.03,32.24,31.9407,248100,0,0
2014-02-20,32.24,33.69,32.24,33.53,33.2187,784400,0,0
2014-02-21,33.45,33.45,32.79,32.79,32.4856,276600,0,0
2014-02-24,32.95,33.22,32.56,32.69,32.3865,287400,0,0
2014-02-25,32.59,32.97,32.24,32.28,31.9803,200600,0,0
2014-02-26,32.3,33.21,32.3,32.76,32.4559,199800,0,0
2014-02-27,32.77,33.04,32.32,32.86,32.555,183400,0,0
2014-02-28,32.85,33.14,32.58,32.7,32.3964,192300,0,0
2014-03-03,32.32,32.4,31.46,31.63,31.3364,387300,0,0
2014-03-04,31.97,32.39,31.67,32.13,31.8317,245800,0,0
2014-03-05,32.17,32.79,31.69,32.78,32.4757,233500,0,0
2014-03-06,32.97,33.25,32.89,33.1,32.7927,247100,0,0
2014-03-07,33,33,32.32,32.44,32.1388,236400,0,0
2014-03-10,32.44,33.11,32.44,32.89,32.5847,196000,0,0
2014-03-11,32.81,32.81,31.42,31.55,31.2571,364400,0,0
2014-03-12,31.33,32.09,31,32.06,31.7624,371400,0,0
2014-03-13,32.13,32.23,31.52,31.55,31.2571,206700,0,0
2014-03-14,31.45,31.45,30.72,30.84,30.5537,219700,0,0
2014-03-17,30.92,31.45,30.9,31.4,31.1085,307600,0,0
2014-03-18,31.4,31.68,30.94,31.16,30.8707,384200,0,0
2014-03-19,31.16,31.69,30.9,31.27,30.9797,168900,0,0
2014-03-20,31.22,31.62,30.73,31.46,31.1679,192900,0,0
2014-03-21,31.5,31.72,30.6,30.65,30.3655,223800,0,0
2014-03-24,30.69,31.26,30.43,30.73,30.4447,161000,0,0
2014-03-25,30.83,31.58,30.81,31.21,30.9203,211800,0,0
2014-03-26,31.22,31.59,30.81,30.88,30.5933,266400,0,0
2014-03-27,30.94,31.07,30.77,30.79,30.5042,165200,0,0
2014-03-28,30.91,31.34,30.5,30.75,30.4645,165000,0,0
2014-03-31,31,31.29,30.79,30.92,30.633,208600,0,0
2014-04-01,31,31.28,30.85,30.99,30.7023,507600,0,0
2014-04-02,31.07,31.6,30.96,31.51,31.2175,410500,0,0
2014-04-03,31.55,32.08,31.45,31.96,31.6633,190800,0,0
2014-04-04,32.14,32.45,31.54,31.64,31.3463,212900,0,0
2014-04-07,31.6,31.83,30.98,31.06,30.7717,225300,0,0
2014-04-08,31.19,31.82,31.14,31.74,31.4453,263200,0,0
2014-04-09,31.87,33.15,31.81,33.05,32.7432,522600,0,0
2014-04-10,33,33,31.68,31.98,31.6831,247300,0,0
2014-04-11,31.95,32.33,31.75,32.07,31.7723,186400,0,0
2014-04-14,32.32,32.57,31.98,32.19,31.8912,125100,0,0
2014-04-15,32.13,33.07,31.98,32.78,32.4757,224400,0,0
2014-04-16,32.94,33.11,32.45,32.86,32.555,125400,0,0
2014-04-17,32.83,33.25,32.68,32.98,32.6738,111800,0,0
2014-04-21,32.93,33.18,32.71,33.09,32.7828,199700,0,0
2014-04-22,33.26,33.39,33.04,33.17,32.8621,264600,0,0
2014-04-23,33.21,33.68,33.1,33.5,33.189,182400,0,0
2014-04-24,33.72,34.22,33.35,34.15,33.833,258200,0,0
2014-04-25,34.14,34.81,33.93,34.58,34.259,568900,0,0
2014-04-28,34.6,34.69,33.98,34.37,34.0509,385400,0,0
2014-04-29,34.5,35.35,34.16,34.83,34.5067,473900,0,0
2014-04-30,37.25,37.29,35.47,36.07,35.7351,937000,0,0
2014-05-01,35.91,36.65,35.52,35.66,35.3289,529700,0,0
2014-05-02,35.86,35.86,35.01,35.57,35.2398,325300,0,0
2014-05-05,35.52,35.7,34.54,34.74,34.4175,354100,0,0
2014-05-06,34.75,34.77,34.17,34.41,34.0906,382200,0,0
2014-05-07,34.48,34.86,34.11,34.52,34.1995,210300,0,0
2014-05-08,34.59,34.76,34.03,34.3,33.9816,209700,0,0
2014-05-09,34.19,34.53,33.87,34.33,34.0113,158300,0,0
2014-05-12,34.42,34.79,34.28,34.69,34.368,127000,0,0
2014-05-13,34.78,35.17,34.45,34.78,34.4571,233000,0,0
2014-05-14,34.94,34.99,33.73,33.84,33.5258,195900,0,0
2014-05-15,33.75,33.91,32.59,33.8,33.4862,257800,0,0
2014-05-16,33.87,34.06,33.45,33.53,33.2187,203300,0,0
2014-05-19,33.61,33.96,33.49,33.8,33.4862,95400,0,0
2014-05-20,33.61,33.78,33.38,33.51,33.1989,319600,0,0
2014-05-21,33.55,34.2,33.55,34.19,33.8726,178100,0,0
2014-05-22,34.27,34.27,33.72,33.75,33.4367,206300,0,0
2014-05-23,33.9,34.34,33.81,34.23,33.9122,89600,0,0
2014-05-27,34.4,34.51,34.23,34.29,33.9717,174800,0,0
2014-05-28,34.41,34.46,33.7,34.03,33.7141,143400,0,0
2014-05-29,34.09,34.2,33.61,33.96,33.6447,164400,0,0
2014-05-30,34.02,34.05,33.51,33.94,33.6249,253300,0,0
2014-06-02,33.97,34.11,33.43,33.5,33.189,180600,0,0
2014-06-03,33.39,33.66,33.2,33.43,33.1197,141900,0,0
2014-06-04,33.43,33.52,33.06,33.31,33.0008,327600,0,0
2014-06-05,33.21,33.61,33.09,33.54,33.2286,158100,0,0
2014-06-06,33.51,34.04,33.45,33.91,33.5952,164400,0,0
2014-06-09,33.91,34.01,33.68,33.82,33.506,133000,0,0
2014-06-10,33.98,34.05,33.59,33.81,33.4961,185500,0,0
2014-06-11,33.88,34.17,33.73,34.01,33.6943,142200,0,0
2014-06-12,33.91,34,33.56,33.63,33.3178,103100,0,0
2014-06-13,33.72,34.49,33.68,34.38,34.0608,240500,0,0
2014-06-16,34.45,34.49,34,34.37,34.0509,96300,0,0
2014-06-17,34.2,34.61,34.18,34.34,34.0212,107000,0,0
2014-06-18,34.46,34.69,34.44,34.65,34.3283,151400,0,0
2014-06-19,34.71,34.71,33.79,33.9,33.5853,335300,0,0
2014-06-20,33.95,34.18,33.77,34.07,33.7537,309600,0,0
2014-06-23,34.25,34.25,33.91,34.03,33.7141,122900,0,0
2014-06-24,34.3,34.41,33.79,33.86,33.5457,107300,0,0
2014-06-25,33.81,33.98,33.65,33.82,33.506,125100,0,0
2014-06-26,33.82,34.7,33.73,34.61,34.2887,165200,0,0
2014-06-27,34.53,35.49,34.44,35.48,35.1506,255100,0,0
2014-06-30,35.52,36.33,35.26,35.48,35.1506,339100,0,0
2014-07-01,35.6,36.27,35.41,36.03,35.6955,327900,0,0
2014-07-02,36.06,36.24,35.65,36,35.6658,190100,0,0
2014-07-03,36.01,36.01,35.7,35.93,35.5964,98400,0,0
2014-07-07,36,36,35.11,35.23,34.9029,213200,0,0
2014-07-08,35.36,35.49,34.49,34.92,34.5958,201600,0,0
2014-07-09,34.98,35.68,34.87,35.68,35.3488,142900,0,0
2014-07-10,35.32,35.64,35.09,35.43,35.1011,146800,0,0
2014-07-11,35.53,35.67,35.08,35.44,35.111,124600,0,0
2014-07-14,35.61,35.91,35.35,35.87,35.537,131200,0,0
2014-07-15,35.9,36.03,35.53,35.58,35.2497,92700,0,0
2014-07-16,35.69,36.03,35.55,35.67,35.3389,109600,0,0
2014-07-17,35.64,35.85,35.3,35.39,35.0615,89300,0,0
2014-07-18,35.43,35.84,35.1,35.7,35.3686,108700,0,0
2014-07-21,35.61,35.61,35.12,35.23,34.9029,187400,0,0
2014-07-22,35.4,35.62,35.34,35.38,35.0516,174500,0,0
2014-07-23,35.38,35.43,34.78,34.95,34.6255,163100,0,0
2014-07-24,35.01,35.46,34.93,35.43,35.1011,135200,0,0
2014-07-25,35.4,35.62,35.3,35.56,35.2299,89200,0,0
2014-07-28,35.52,35.74,35.42,35.6,35.2695,125900,0,0
2014-07-29,35.65,36,35.33,35.43,35.1011,245800,0,0
2014-07-30,35.55,36.61,35.44,35.63,35.2992,521100,0,0
2014-07-31,36.24,36.27,35.31,35.88,35.5469,242000,0,0
2014-08-01,35.75,35.77,35.17,35.38,35.0516,138300,0,0
2014-08-04,35.48,36.12,35.18,35.89,35.5568,116200,0,0
2014-08-05,35.68,35.69,35.01,35.19,34.8633,164100,0,0
2014-08-06,34.99,35.51,34.64,35.39,35.0615,187200,0,0
2014-08-07,35.38,35.38,34.19,34.28,33.9618,218400,0,0
2014-08-08,34.18,34.18,33.73,33.92,33.6051,258900,0,0
2014-08-11,33.92,34.82,33.92,34.35,34.0311,215300,0,0
2014-08-12,34.36,34.47,33.95,34.13,33.8132,172700,0,0
2014-08-13,34.23,34.5,34.1,34.18,33.8627,130900,0,0
2014-08-14,34.31,34.47,34.12,34.39,34.0707,75000,0,0
2014-08-15,34.45,34.57,33.46,33.76,33.4466,171700,0,0
2014-08-18,34.01,34.07,33.83,33.95,33.6348,130700,0,0
2014-08-19,34.04,34.06,33.61,33.73,33.4169,154100,0,0
2014-08-20,33.86,34.36,33.68,34.33,34.0113,157700,0,0
2014-08-21,34.28,34.99,34.28,34.69,34.368,200100,0,0
2014-08-22,34.78,34.86,34.46,34.56,34.2392,97300,0,0
2014-08-25,34.65,35.2,34.65,35.16,34.8336,139700,0,0
2014-08-26,35.44,35.94,35.32,35.8,35.4677,148600,0,0
2014-08-27,35.95,36.55,35.86,36.21,35.8738,191100,0,0
2014-08-28,35.95,36.17,35.66,35.77,35.4379,223300,0,0
2014-08-29,35.78,35.97,35.37,35.47,35.1407,255700,0,0
2014-09-02,35.48,36.01,35.1,35.87,35.537,589600,0,0
2014-09-03,36.14,36.87,36.11,36.61,36.2701,257400,0,0
2014-09-04,36.76,36.83,36.3,36.38,36.0423,270800,0,0
2014-09-05,36.35,36.58,36.31,36.45,36.1116,227300,0,0
2014-09-08,36.41,36.53,35.84,35.91,35.5766,286100,0,0
2014-09-09,35.75,35.83,35.26,35.66,35.3289,143000,0,0
2014-09-10,35.75,36.11,35.74,35.83,35.4974,128100,0,0
2014-09-11,35.75,35.75,35.3,35.51,35.1803,146800,0,0
2014-09-12,35.43,35.63,35.21,35.42,35.0912,136000,0,0
2014-09-15,35.26,35.34,34.86,35.27,34.9426,86000,0,0
2014-09-16,35.3,35.7,35.21,35.4,35.0714,86800,0,0
2014-09-17,35.43,35.57,35.2,35.35,35.0218,87100,0,0
2014-09-18,35.57,35.99,35.4,35.59,35.2596,102000,0,0
2014-09-19,35.74,35.75,34.4,34.85,34.5265,160900,0,0
2014-09-22,34.75,34.95,33.75,34.3,33.9816,163400,0,0
2014-09-23,34.2,34.68,34.18,34.34,34.0212,130600,0,0
2014-09-24,34.25,34.5,33.82,34.45,34.1302,130300,0,0
2014-09-25,34.23,34.29,33.53,33.65,33.3376,137700,0,0
2014-09-26,33.69,34.02,33.51,33.89,33.5754,82800,0,0
2014-09-29,33.81,33.97,33.66,33.71,33.3971,130600,0,0
2014-09-30,33.7,33.92,33.29,33.77,33.4565,147500,0,0
2014-10-01,33.74,34,33.6,33.78,33.4664,190900,0,0
2014-10-02,34,34.78,33.75,34.54,34.2193,177500,0,0
2014-10-03,34.42,34.77,33.84,33.97,33.6546,251200,0,0
2014-10-06,34.14,34.64,34.14,34.52,34.1995,122700,0,0
2014-10-07,34.3,34.79,33.98,34.04,33.724,173900,0,0
2014-10-08,33.96,34.29,33.78,34.29,33.9717,306700,0,0
2014-10-09,34.26,34.69,34.08,34.33,34.0113,185400,0,0
2014-10-10,34.19,34.45,33.66,33.9,33.5853,201300,0,0
2014-10-13,33.85,34.14,33.53,33.77,33.4565,108900,0,0
2014-10-14,33.94,34.23,33.67,33.87,33.5556,151600,0,0
2014-10-15,33.68,33.97,33.56,33.83,33.5159,133100,0,0
2014-10-16,33.45,33.85,33.3,33.67,33.3574,178600,0,0
2014-10-17,33.95,33.95,33.42,33.64,33.3277,102400,0,0
2014-10-20,33.6,33.72,32.24,32.79,32.4856,474400,0,0
2014-10-21,32.93,33.83,32.77,33.49,33.1791,211400,0,0
2014-10-22,33.32,33.36,32.55,32.71,32.4063,290700,0,0
2014-10-23,32.85,33.22,32.76,33.09,32.7828,138500,0,0
2014-10-24,33.2,33.65,33.04,33.36,33.0503,194600,0,0
2014-10-27,33.32,33.89,33.17,33.83,33.5159,190100,0,0
2014-10-28,33.98,34.66,33.84,34.55,34.2293,162600,0,0
2014-10-29,34.63,34.72,33.66,34.04,33.724,162200,0,0
2014-10-30,34.01,34.44,33.92,34.03,33.7141,89800,0,0
2014-10-31,34.12,34.75,34.03,34.35,34.0311,141700,0,0
2014-11-03,34.34,34.35,33.69,33.86,33.5457,198300,0,0
2014-11-04,33.65,34.49,33.65,34.35,34.0311,126800,0,0
2014-11-05,34.68,35.11,34.4,34.73,34.4076,137600,0,0
2014-11-06,34.6,35.18,34.47,34.95,34.6255,129600,0,0
2014-11-07,35.07,35.32,34.65,35.19,34.8633,132800,0,0
2014-11-10,35.17,35.79,35.16,35.51,35.1803,149100,0,0
2014-11-11,35.56,35.57,34.7,34.85,34.5265,205300,0,0
2014-11-12,34.88,35.02,34.41,34.86,34.5364,280700,0,0
2014-11-13,34.99,35.97,34.78,35.59,35.2596,269100,0,0
2014-11-14,35.76,36.47,35.72,36.21,35.8738,310200,0,0
2014-11-17,36.16,36.82,35.84,36.28,35.9432,388000,0,0
2014-11-18,36.61,37.05,36.37,36.74,36.3989,282500,0,0
2014-11-19,36.86,36.95,36.39,36.68,36.3395,189600,0,0
2014-11-20,36.64,36.65,36.01,36.19,35.854,383500,0,0
2014-11-21,36.49,36.75,36.28,36.54,36.2008,196800,0,0
2014-11-24,36.53,36.79,36.22,36.39,36.0522,205200,0,0
2014-11-25,36.52,36.7,35.98,36.53,36.1909,201700,0,0
2014-11-26,36.49,36.91,36.28,36.71,36.3692,119300,0,0
2014-11-28,36.59,37,36.58,36.65,36.3098,82600,0,0
2014-12-01,36.63,37.11,36.51,36.73,36.389,158100,0,0
2014-12-02,36.66,36.86,36.21,36.34,36.0026,145600,0,0
2014-12-03,36.24,36.96,36.05,36.87,36.5277,189800,0,0
2014-12-04,36.89,37.24,35.84,36.04,35.7054,187200,0,0
2014-12-05,36.06,36.77,36.06,36.71,36.3692,161700,0,0
2014-12-08,36.59,36.67,35.31,35.93,35.5964,158900,0,0
2014-12-09,35.67,36.13,35.28,35.83,35.4974,107700,0,0
2014-12-10,35.72,36.11,35.27,35.63,35.2992,225500,0,0
2014-12-11,35.65,36.2,35.35,35.8,35.4677,129400,0,0
2014-12-12,35.65,35.76,34.88,34.92,34.5958,123000,0,0
2014-12-15,34.98,35.44,34.32,34.84,34.5166,122300,0,0
2014-12-16,34.7,35.66,34.46,35.34,35.0119,182200,0,0
2014-12-17,35.5,36.62,35.44,36.34,36.0026,481100,0,0
2014-12-18,36.5,37.19,36.27,37.18,36.8348,373900,0,0
2014-12-19,37.28,38.2,37.14,38.09,37.7364,264000,0,0
2014-12-22,38.09,38.48,37.88,38.27,37.9147,206400,0,0
2014-12-23,38.29,38.71,37.72,38.55,38.1921,131700,0,0
2014-12-24,38.61,39.11,38.38,38.39,38.0336,105200,0,0
2014-12-26,38.41,38.89,38.41,38.71,38.3506,48700,0,0
2014-12-29,38.65,38.92,38.02,38.75,38.3903,193300,0,0
2014-12-30,38.71,39.1,38.31,38.42,38.0633,156200,0,0
2014-12-31,38.6,38.82,38.06,38.16,37.8057,127900,0,0
2015-01-02,38.08,38.82,37.62,37.9,37.5482,199400,0,0
2015-01-05,37.13,37.53,36.93,37.47,37.1221,231200,0,0
2015-01-06,37.39,37.64,36.34,36.9,36.5574,422900,0,0
2015-01-07,36.97,37.38,36.82,37.09,36.7457,209600,0,0
2015-01-08,37.35,38.03,37.35,37.89,37.5383,212900,0,0
2015-01-09,38.01,38.38,37.38,37.62,37.2708,169700,0,0
2015-01-12,37.64,37.95,36.58,36.81,36.4683,224400,0,0
2015-01-13,37,37.91,36.86,37.32,36.9735,187900,0,0
2015-01-14,37.29,37.38,36.32,36.99,36.6466,138100,0,0
2015-01-15,37.63,38.36,37.04,37.99,37.6373,362600,0,0
2015-01-16,37.89,39.1,37.63,38.94,38.5785,258400,0,0
2015-01-20,38.91,39.07,38.18,38.51,38.1525,205500,0,0
2015-01-21,38.86,39.01,37.94,38.39,38.0336,223100,0,0
2015-01-22,38.47,39.14,38.25,38.71,38.3506,180500,0,0
2015-01-23,38.72,39.14,38.59,38.9,38.5389,333100,0,0
2015-01-26,38.81,39.41,38.54,38.69,38.3308,207100,0,0
2015-01-27,38.35,38.35,37.4,37.83,37.4788,349600,0,0
2015-01-28,37.81,40.68,37.8,38.68,38.3209,563100,0,0
2015-01-29,38.46,39.9,38.43,39.54,39.1729,375200,0,0
2015-01-30,39.09,40.42,38.74,39.6,39.2324,390000,0,0
2015-02-02,39.82,40.65,39.56,39.81,39.4404,351600,0,0
2015-02-03,40.04,40.4,39.51,39.88,39.5098,247400,0,0
2015-02-04,39.66,40.4,39.44,40.19,39.8169,350800,0,0
2015-02-05,40.4,41.17,40.05,40.93,40.55,240800,0,0
2015-02-06,41.1,41.62,40.95,41.28,40.8968,459600,0,0
2015-02-09,41.3,41.53,40.79,41.38,40.9958,192300,0,0
2015-02-10,41.66,42.79,41.66,42.24,41.8479,295800,0,0
2015-02-11,42.19,43.27,41,41.48,41.0949,429500,0,0
2015-02-12,41.84,42.49,41.75,41.85,41.4615,207400,0,0
2015-02-13,42.05,42.42,41.83,41.9,41.511,252800,0,0
2015-02-17,41.6,42.24,41.35,41.93,41.5407,328700,0,0
2015-02-18,41.68,42.09,41.4,41.76,41.3723,219200,0,0
2015-02-19,41.32,41.75,41.28,41.42,41.0355,201600,0,0
2015-02-20,41.42,41.81,41.29,41.61,41.2237,132800,0,0
2015-02-23,41.69,44.57,41.69,44.09,43.6807,525800,0,0
2015-02-24,44.44,45.72,43.11,43.22,42.8188,876000,0,0
2015-02-25,43.75,44.34,43.1,43.1,42.6999,332100,0,0
2015-02-26,42.97,43.62,42.85,43.27,42.8683,180400,0,0
2015-02-27,43.32,43.43,41.79,41.81,41.4219,545400,0,0
2015-03-02,41.81,43.02,41.57,42.87,42.472,322500,0,0
2015-03-03,43.21,43.27,42.11,42.18,41.7884,187200,0,0
2015-03-04,42.02,42.6,41.35,42.59,42.1946,322600,0,0
2015-03-05,42.59,42.92,42.38,42.57,42.1748,267900,0,0
2015-03-06,42.34,42.84,41.74,41.96,41.5705,320300,0,0
2015-03-09,41.91,42.71,41.91,42.48,42.0856,238200,0,0
2015-03-10,42.23,42.67,41.86,41.86,41.4714,266800,0,0
2015-03-11,41.87,42.4,41.62,41.89,41.5011,176300,0,0
2015-03-12,42.38,42.97,42.35,42.62,42.2243,321500,0,0
2015-03-13,42.41,42.57,41.79,42.3,41.9073,232700,0,0
2015-03-16,42.35,43.46,42.23,43.24,42.8386,269600,0,0
2015-03-17,43.04,43.5,42.67,43.31,42.9079,172900,0,0
2015-03-18,43.31,44.33,43.09,44.01,43.6014,224100,0,0
2015-03-19,43.68,43.92,43.33,43.45,43.0466,595100,0,0
2015-03-20,44.04,44.05,43.43,43.49,43.0863,243200,0,0
2015-03-23,43.48,43.7,43.2,43.41,43.007,254000,0,0
2015-03-24,43.49,44,43.38,43.78,43.3736,194900,0,0
2015-03-25,43.77,43.79,42.35,42.67,42.2739,224400,0,0
2015-03-26,42.29,43.6,42.25,43.35,42.9476,275700,0,0
2015-03-27,43.21,43.47,42.85,43.11,42.7098,602000,0,0
2015-03-30,43.09,43.41,42.6,42.67,42.2739,582400,0,0
2015-03-31,42.18,42.63,41.77,42.45,42.0559,241600,0,0
2015-04-01,42.28,42.64,41.79,42.48,42.0856,473600,0,0
2015-04-02,42.2,43.09,42.16,43.01,42.6107,450500,0,0
2015-04-06,42.74,43.5,42.74,43.25,42.8485,164400,0,0
2015-04-07,43.06,44.33,43.06,43.97,43.5618,385000,0,0
2015-04-08,44.21,45.06,44.1,44.11,43.7005,610300,0,0
2015-04-09,44.01,44.78,43.87,44.13,43.7203,651900,0,0
2015-04-10,44.15,44.74,44.15,44.54,44.1265,320600,0,0
2015-04-13,44.27,45.51,44.27,45.48,45.0578,378700,0,0
2015-04-14,45.74,46,45.31,45.48,45.0578,555700,0,0
2015-04-15,45.38,46.1,45.17,46.03,45.6027,343200,0,0
2015-04-16,46.14,46.3,45.95,46.07,45.6423,458800,0,0
2015-04-17,45.85,45.92,44.89,45.13,44.711,318100,0,0
2015-04-20,45.21,45.74,44.81,45.08,44.6615,246100,0,0
2015-04-21,45.01,45.43,45.01,45.4,44.9785,151100,0,0
2015-04-22,45.49,45.85,45.21,45.72,45.2956,201800,0,0
2015-04-23,45.52,46.06,45.39,45.97,45.5432,238100,0,0
2015-04-24,45.98,46.19,45.28,45.67,45.246,226100,0,0
2015-04-27,45.87,45.87,44.49,44.8,44.3841,512100,0,0
2015-04-28,44.46,44.75,43.85,44.59,44.176,522300,0,0
2015-04-29,43.72,43.82,42.67,43,42.6008,733500,0,0
2015-04-30,42.48,42.56,41.61,42.07,41.6794,492800,0,0
2015-05-01,41.94,42.62,41.72,42.44,42.046,253100,0,0
2015-05-04,42.6,43.21,42.04,42.51,42.1154,254900,0,0
2015-05-05,42.67,42.76,42.28,42.49,42.0956,189700,0,0
2015-05-06,42.81,42.83,42.32,42.54,42.1451,154400,0,0
2015-05-07,42.36,42.95,42.15,42.79,42.3928,207200,0,0
2015-05-08,43.34,43.57,42.99,43.43,43.0268,246700,0,0
2015-05-11,43.36,43.72,43.06,43.15,42.7494,195500,0,0
2015-05-12,43.11,43.39,42.91,43.07,42.6702,187200,0,0
2015-05-13,43.14,43.49,42.76,42.86,42.4621,194100,0,0
2015-05-14,43.04,43.59,42.95,43.28,42.8782,212400,0,0
2015-05-15,43.19,44.29,43.03,44.27,43.859,221700,0,0
2015-05-18,44.07,44.26,43.77,44.18,43.7699,113100,0,0
2015-05-19,43.95,45.25,43.84,45.09,44.6714,398300,0,0
2015-05-20,44.94,45.02,43.36,43.4,42.9971,375200,0,0
2015-05-21,43.31,43.69,42.96,43.5,43.0962,260200,0,0
2015-05-22,43.45,43.55,43.19,43.33,42.9278,120000,0,0
2015-05-26,42.86,43.02,42.46,42.55,42.155,158300,0,0
2015-05-27,42.52,42.61,42.3,42.34,41.9469,156300,0,0
2015-05-28,42.14,42.51,42.02,42.32,41.9271,110100,0,0
2015-05-29,42.05,42.5,41.54,42.38,41.9866,209700,0,0
2015-06-01,42.33,42.35,41.64,42.17,41.7785,158600,0,0
2015-06-02,43.06,43.45,41.76,42.43,42.0361,181400,0,0
2015-06-03,42.27,43.08,41.94,42.99,42.5909,178400,0,0
2015-06-04,42.77,43.19,42.36,42.54,42.1451,191700,0,0
2015-06-05,42.31,42.44,41.76,42.39,41.9965,156900,0,0
2015-06-08,42.27,42.27,40.78,41.25,40.8671,236800,0,0
2015-06-09,41.21,41.97,41.01,41.87,41.4813,209200,0,0
2015-06-10,42.12,43.04,41.96,42.93,42.5315,187000,0,0
2015-06-11,42.93,42.96,42.15,42.68,42.2838,136000,0,0
2015-06-12,42.29,42.85,42.29,42.79,42.3928,123600,0,0
2015-06-15,42.39,42.52,41.89,42.24,41.8479,131300,0,0
2015-06-16,42.16,42.19,41.71,41.92,41.5308,142300,0,0
2015-06-17,41.89,42.04,41.37,41.99,41.6002,135600,0,0
2015-06-18,42.14,42.2,41.29,41.53,41.1445,226000,0,0
2015-06-19,41.17,41.46,40.48,40.51,40.1339,374100,0,0
2015-06-22,40.66,41.81,40.66,41.4,41.0157,140000,0,0
2015-06-23,41.53,41.65,40.87,40.98,40.5996,119900,0,0
2015-06-24,40.94,41.15,40.62,40.73,40.3519,81100,0,0
2015-06-25,40.93,41.56,40.93,41.41,41.0256,221800,0,0
2015-06-26,41.4,41.63,41.17,41.57,41.1841,212300,0,0
2015-06-29,41.03,41.09,39.72,39.79,39.4206,201200,0,0
2015-06-30,39.75,39.88,38.93,39.08,38.7172,263200,0,0
2015-07-01,39.34,39.67,38.99,39.29,38.9253,123200,0,0
2015-07-02,39.29,39.98,38.42,39.84,39.4701,261800,0,0
2015-07-06,39.04,39.96,39.04,39.54,39.1729,173500,0,0
2015-07-07,39.34,39.4,38.15,39.28,38.9153,194900,0,0
2015-07-08,38.97,39.19,37.89,38.2,37.8454,196200,0,0
2015-07-09,38.61,39.27,38.09,38.16,37.8057,160800,0,0
2015-07-10,38.74,39.03,38.58,38.93,38.5686,206500,0,0
2015-07-13,39.03,39.85,38.98,39.79,39.4206,182000,0,0
2015-07-14,39.82,40.51,39.61,40.4,40.0249,241800,0,0
2015-07-15,40.36,40.36,39.46,39.66,39.2918,210000,0,0
2015-07-16,39.91,40.44,39.88,40.29,39.916,132900,0,0
2015-07-17,40.33,40.33,40.04,40.25,39.8763,170100,0,0
2015-07-20,40.32,40.83,40.22,40.32,39.9457,247900,0,0
2015-07-21,40.22,40.34,39.75,39.92,39.5494,113400,0,0
2015-07-22,39.58,39.66,39.03,39.08,38.7172,278900,0,0
2015-07-23,39.19,39.46,38.8,39.03,38.6677,168100,0,0
2015-07-24,39.01,39.36,38.69,38.91,38.5488,171400,0,0
2015-07-27,38.55,38.85,38.33,38.49,38.1327,159300,0,0
2015-07-28,38.65,38.89,38.02,38.8,38.4398,164600,0,0
2015-07-29,37.81,37.92,36.58,37.28,36.9339,430600,0,0
2015-07-30,36.93,37.36,36.65,37.18,36.8348,348100,0,0
2015-07-31,37.37,37.61,37.09,37.34,36.9934,199300,0,0
2015-08-03,37.13,37.62,37.06,37.27,36.924,204000,0,0
2015-08-04,37.58,37.6,37.04,37.58,37.2311,525300,0,0
2015-08-05,37.8,38.61,37.74,38.11,37.7562,345700,0,0
2015-08-06,38.16,38.21,37.54,38.12,37.7661,347800,0,0
2015-08-07,37.97,38.08,37.27,38.03,37.6769,300800,0,0
2015-08-10,38.12,38.3,37.73,37.94,37.5878,328900,0,0
2015-08-11,37.6,37.69,36.4,37.43,37.0825,290000,0,0
2015-08-12,37.43,37.73,36.36,37.64,37.2906,202200,0,0
2015-08-13,37.56,37.85,37.25,37.64,37.2906,166100,0,0
2015-08-14,37.59,38.87,37.55,38.58,38.2218,239500,0,0
2015-08-17,38.39,38.49,37.66,38.4,38.0435,175000,0,0
2015-08-18,38.36,38.86,37.96,38.12,37.7661,240600,0,0
2015-08-19,38.03,38.16,37.14,37.52,37.1717,213600,0,0
2015-08-20,37.25,37.25,36.25,36.38,36.0423,228700,0,0
2015-08-21,35.85,36.97,35.5,35.59,35.2596,385500,0,0
2015-08-24,32.67,34.53,31.99,34.53,34.2094,471400,0,0
2015-08-25,35.63,35.66,34.59,34.68,34.3581,227600,0,0
2015-08-26,35.19,36.47,35.02,36.39,36.0522,277600,0,0
2015-08-27,36.81,37.58,36.25,37.56,37.2113,271100,0,0
2015-08-28,37.26,37.69,36.97,37.56,37.2113,222300,0,0
2015-08-31,37.4,37.66,36.67,36.94,36.5971,201500,0,0
2015-09-01,36.3,36.87,36.06,36.2,35.8639,191800,0,0
2015-09-02,36.61,37.2,36.19,36.65,36.3098,313900,0,0
2015-09-03,36.78,36.9,36.34,36.42,36.0819,451500,0,0
2015-09-04,35.89,36.46,35.78,35.89,35.5568,275800,0,0
2015-09-08,36.42,37.08,36.4,36.95,36.607,317300,0,0
2015-09-09,37.1,37.44,36.19,36.23,35.8937,245700,0,0
2015-09-10,36.11,36.69,36.11,36.28,35.9432,146900,0,0
2015-09-11,36,36.41,35.88,36.14,35.8045,228200,0,0
2015-09-14,36.14,36.2,35.61,36.06,35.7252,155300,0,0
2015-09-15,36.15,36.15,35.67,35.8,35.4677,219300,0,0
2015-09-16,35.87,36.2,35.86,36.01,35.6757,287500,0,0
2015-09-17,35.87,36.36,35.63,35.81,35.4776,299600,0,0
2015-09-18,35.53,36.43,35.53,36.19,35.854,285000,0,0
2015-09-21,36.31,37.26,36.27,36.9,36.5574,268600,0,0
2015-09-22,36.4,36.51,35.57,36.31,35.9729,174400,0,0
2015-09-23,36.24,36.44,35.66,35.75,35.4181,167700,0,0
2015-09-24,35.33,35.9,34.83,35.56,35.2299,185900,0,0
2015-09-25,35.95,36.48,35.5,35.89,35.5568,300000,0,0
2015-09-28,35.72,35.77,35.04,35.08,34.7543,141300,0,0
2015-09-29,35.05,35.54,34.84,35.22,34.893,244200,0,0
2015-09-30,35.64,36.27,35.54,36.21,35.8738,204400,0,0
2015-10-01,36.34,36.49,35.38,35.97,35.6361,288800,0,0
2015-10-02,35.66,36.89,35.58,36.76,36.4187,239500,0,0
2015-10-05,37.04,37.41,36.93,37.22,36.8745,151000,0,0
2015-10-06,37.07,37.13,36.33,36.63,36.2899,169000,0,0
2015-10-07,36.82,37.02,36.42,36.92,36.5773,183300,0,0
2015-10-08,36.79,37.22,36.43,36.96,36.6169,144300,0,0
2015-10-09,36.92,37.28,36.79,37.12,36.7754,115300,0,0
2015-10-12,37.03,37.34,36.79,37.17,36.8249,74300,0,0
2015-10-13,36.83,37.58,36.75,36.95,36.607,119500,0,0
2015-10-14,36.8,37.22,36.8,37,36.6565,173300,0,0
2015-10-15,37.1,37.4,37.02,37.23,36.8844,86500,0,0
2015-10-16,37.25,37.25,36.7,36.86,36.5178,173200,0,0
2015-10-19,36.52,36.8,36.48,36.61,36.2701,199300,0,0
2015-10-20,36.6,37.24,36.52,36.75,36.4088,189200,0,0
2015-10-21,36.81,37.23,36.79,36.86,36.5178,153100,0,0
2015-10-22,37.06,38.46,37.06,38.06,37.7067,236000,0,0
2015-10-23,38.23,38.56,37.3,37.47,37.1221,209600,0,0
2015-10-26,37.53,37.62,36.74,36.84,36.498,153800,0,0
2015-10-27,36.64,37.37,36.51,36.57,36.2305,138100,0,0
2015-10-28,36.57,37.4,36.57,36.9,36.5574,96400,0,0
2015-10-29,36.67,37.14,36.42,37.03,36.6862,122700,0,0
2015-10-30,37.03,37.4,36.74,37.14,36.7952,198500,0,0
2015-11-02,37,38.01,36.84,37.78,37.4293,250600,0,0
2015-11-03,37.57,39.06,37.36,38.93,38.5686,263500,0,0
2015-11-04,39.18,41.3,39.1,40.26,39.8862,543600,0,0
2015-11-05,40.23,41.02,40.15,40.44,40.0646,305500,0,0
2015-11-06,40.13,40.37,39.49,39.79,39.4206,208100,0,0
2015-11-09,39.58,40.14,39.46,39.63,39.2621,178800,0,0
2015-11-10,39.53,39.53,38.73,38.83,38.4695,290100,0,0
2015-11-11,41.25,41.3,40.24,40.61,40.233,676500,0,0
2015-11-12,40.94,40.94,40.03,40.55,40.1736,632600,0,0
2015-11-13,40.28,40.76,40.27,40.73,40.3519,431700,0,0
2015-11-16,39.98,42.45,39.98,42.38,41.9866,357700,0,0
2015-11-17,42.33,42.43,41.63,41.64,41.2534,255600,0,0
2015-11-18,41.5,41.95,41.05,41.84,41.4516,203400,0,0
2015-11-19,41.97,42.5,41.96,42.38,41.9866,133600,0,0
2015-11-20,42.41,42.7,42.28,42.61,42.2144,203000,0,0
2015-11-23,42.3,42.93,42.3,42.75,42.3531,161100,0,0
2015-11-24,42.58,43.05,42.46,42.94,42.5414,191100,0,0
2015-11-25,43.02,43.79,42.8,43.52,43.116,203900,0,0
2015-11-27,43.24,43.48,42.62,43.06,42.6603,176900,0,0
2015-11-30,42.86,43.72,42.86,43.5,43.0962,167000,0,0
2015-12-01,43.25,44.47,43.23,44.1,43.6906,287900,0,0
2015-12-02,43.94,44.16,43.18,43.22,42.8188,235200,0,0
2015-12-03,43.32,43.43,41.98,42.34,41.9469,286700,0,0
2015-12-04,42.14,43.02,42.14,42.88,42.4819,170800,0,0
2015-12-07,42.53,42.53,41.9,42.31,41.9172,157100,0,0
2015-12-08,41.71,42.23,41.12,42.17,41.7785,157900,0,0
2015-12-09,41.87,42.35,40.91,41.2,40.8175,201500,0,0
2015-12-10,41.23,42.5,41.02,42.25,41.8578,198200,0,0
2015-12-11,41.88,42.14,40.52,40.89,40.5104,236200,0,0
2015-12-14,40.86,41.24,40.71,41.08,40.6986,179300,0,0
2015-12-15,41.42,41.82,41.08,41.76,41.3723,191800,0,0
2015-12-16,41.76,41.76,40.71,41.3,40.9166,309900,0,0
2015-12-17,41.14,41.41,40.7,40.77,40.3915,139200,0,0
2015-12-18,40.55,40.86,39.6,39.7,39.3315,454500,0,0
2015-12-21,40,40.47,39.57,39.91,39.5395,281600,0,0
2015-12-22,40.03,40.15,39.53,39.79,39.4206,148000,0,0
2015-12-23,39.99,40.63,39.72,40.47,40.0943,148000,0,0
2015-12-24,40.52,40.8,40.44,40.5,40.124,34500,0,0
2015-12-28,40.26,40.37,40.07,40.37,39.9952,49300,0,0
2015-12-29,40.51,41.14,40.41,41.02,40.6392,261800,0,0
2015-12-30,40.91,41,40.55,40.61,40.233,250900,0,0
2015-12-31,40.4,40.53,39.91,40.03,39.6584,164500,0,0
2016-01-04,39.12,39.23,38.44,38.86,38.4992,222900,0,0
2016-01-05,38.97,39.29,38.78,39.07,38.7073,187500,0,0
2016-01-06,38.2,38.69,37.64,38.46,38.103,218400,0,0
2016-01-07,37.89,38.16,37.36,37.62,37.2708,158700,0,0
2016-01-08,37.77,38.47,37.6,37.67,37.3203,236500,0,0
2016-01-11,37.88,38.17,37.18,37.48,37.1321,136400,0,0
2016-01-12,37.79,38.58,37.79,38.52,38.1624,142100,0,0
2016-01-13,38.52,38.68,37.57,37.79,37.4392,221200,0,0
2016-01-14,37.96,38.18,37.44,38.06,37.7067,374100,0,0
2016-01-15,36.79,37.49,36.79,37.26,36.9141,255300,0,0
2016-01-19,37.04,37.73,36.76,37.27,36.924,307800,0,0
2016-01-20,36.69,37.62,36.04,37.31,36.9636,284800,0,0
2016-01-21,37.49,37.91,36.88,37.68,37.3302,285700,0,0
2016-01-22,38.52,38.83,38.38,38.75,38.3903,306500,0,0
2016-01-25,38.59,39.07,38.16,38.63,38.2714,293200,0,0
2016-01-26,38.83,39.82,38.66,39.45,39.0838,377300,0,0
2016-01-27,40,42.5,40,40.93,40.55,626000,0,0
2016-01-28,41.59,42.64,41.15,42.56,42.1649,430900,0,0
2016-01-29,42.66,42.98,42.14,42.9,42.5017,328100,0,0
2016-02-01,42.38,43.4,42.34,43.31,42.9079,281700,0,0
2016-02-02,42.44,43.41,42.34,43.33,42.9278,444400,0,0
2016-02-03,43.74,44.38,43,44.16,43.75,569300,0,0
2016-02-04,44.02,44.68,43.7,43.94,43.5321,301500,0,0
2016-02-05,43.52,43.78,41.51,41.54,41.1544,382400,0,0
2016-02-08,40.77,41.15,39.82,40.39,40.015,382100,0,0
2016-02-09,39.86,41.7,39.78,41.21,40.8274,494100,0,0
2016-02-10,41.36,41.95,40.81,40.91,40.5302,162600,0,0
2016-02-11,40.15,40.27,39.37,40.14,39.7674,432500,0,0
2016-02-12,40.42,40.56,39.9,40.01,39.6386,242100,0,0
2016-02-16,40.3,40.87,39.92,40.67,40.2924,320100,0,0
2016-02-17,41.17,41.96,41.13,41.64,41.2534,369600,0,0
2016-02-18,41.78,42.1,41.64,41.73,41.3426,343500,0,0
2016-02-19,41.46,41.84,40.88,41.72,41.3327,250900,0,0
2016-02-22,42.22,42.51,41.8,41.85,41.4615,276400,0,0
2016-02-23,41.54,42.12,41.54,41.88,41.4912,164700,0,0
2016-02-24,41.23,41.72,40.46,41.6,41.2138,177700,0,0
2016-02-25,41.72,41.84,41.09,41.71,41.3228,115200,0,0
2016-02-26,41.89,42.27,41.73,41.9,41.511,280300,0,0
2016-02-29,41.8,42.36,41.55,41.8,41.4119,187500,0,0
2016-03-01,42.11,42.95,42.05,42.9,42.5017,192800,0,0
2016-03-02,42.65,43.21,41.77,43.08,42.6801,301200,0,0
2016-03-03,42.97,43.5,42.89,43.27,42.8683,529600,0,0
2016-03-04,43.3,43.41,42.34,42.5,42.1055,241000,0,0
2016-03-07,42.2,43,42.2,42.46,42.0658,224500,0,0
2016-03-08,42.2,42.94,42.07,42.28,41.8875,171500,0,0
2016-03-09,42.42,43.96,42.35,43.78,43.3736,310000,0,0
2016-03-10,43.81,43.81,42.48,42.87,42.472,171500,0,0
2016-03-11,43.44,43.98,43.25,43.49,43.0863,178000,0,0
2016-03-14,43.17,43.43,42.93,43.24,42.8386,101000,0,0
2016-03-15,42.96,43.5,42.88,43.35,42.9476,223200,0,0
2016-03-16,43.22,44.62,43.22,44.41,43.9977,172000,0,0
2016-03-17,44.6,45.5,44.47,45.24,44.82,228600,0,0
2016-03-18,45.07,45.25,44.44,44.48,44.0671,201100,0,0
2016-03-21,44.36,45.89,44.36,45.76,45.3352,196100,0,0
2016-03-22,45.52,46.27,45.43,45.9,45.4739,316800,0,0
2016-03-23,45.99,46.29,45.5,46,45.573,186300,0,0
2016-03-24,45.52,46.19,45.21,46.05,45.6225,196600,0,0
2016-03-28,45.88,46.3,45.82,46.22,45.7909,173500,0,0
2016-03-29,46.09,47.37,46.02,47.05,46.6132,159900,0,0
2016-03-30,47.22,47.87,47.12,47.64,47.1977,276400,0,0
2016-03-31,47.86,48.33,47.73,47.78,47.3364,214400,0,0
2016-04-01,47.31,48.02,47.11,47.99,47.5445,212000,0,0
2016-04-04,47.9,48.28,47.44,48.12,47.6733,220600,0,0
2016-04-05,47.6,48.06,47.42,47.74,47.2968,162000,0,0
2016-04-06,47.64,48.44,47.64,48.29,47.8417,188100,0,0
2016-04-07,47.93,47.98,47.18,47.49,47.0491,130200,0,0
2016-04-08,48.03,48.22,47.63,47.75,47.3067,165800,0,0
2016-04-11,47.97,48.25,47.77,47.99,47.5445,138000,0,0
2016-04-12,47.98,48.95,47.9,48.91,48.4559,172500,0,0
2016-04-13,48.82,48.93,48.26,48.48,48.0299,211700,0,0
2016-04-14,48.36,49.4,48.36,49.11,48.6541,173100,0,0
2016-04-15,49.18,49.5,49.11,49.28,48.8225,197900,0,0
2016-04-18,48.79,49.27,48.64,49.1,48.6442,168000,0,0
2016-04-19,49.28,49.4,48.46,48.65,48.1984,161600,0,0
2016-04-20,48.58,49.21,48.58,49.06,48.6046,173900,0,0
2016-04-21,48.88,49.07,48.13,48.4,47.9507,160700,0,0
2016-04-22,48.34,48.75,47.43,47.77,47.3265,257400,0,0
2016-04-25,47.43,47.43,46.62,46.9,46.4646,325900,0,0
2016-04-26,47.07,48.2,47.07,47.63,47.1878,175800,0,0
2016-04-27,47.63,47.63,46.57,47,46.5637,308500,0,0
2016-04-28,46.95,47.11,46.4,46.8,46.3655,182300,0,0
2016-04-29,46.87,46.95,45.62,45.69,45.2658,230100,0,0
2016-05-02,45.88,46.19,45.48,45.73,45.3055,175300,0,0
2016-05-03,45.54,45.79,44.72,45.01,44.5921,226100,0,0
2016-05-04,44.86,45.39,44.44,44.61,44.1959,187300,0,0
2016-05-05,44.83,45.07,44.27,44.41,43.9977,108300,0,0
2016-05-06,44.2,44.48,43.9,44.38,43.968,163200,0,0
2016-05-09,44.13,44.4,43.62,43.82,43.4132,136200,0,0
2016-05-10,43.97,45.12,43.97,45.04,44.6219,156300,0,0
2016-05-11,44.95,45.77,44.9,45.4,44.9785,161700,0,0
2016-05-12,45.7,45.86,45.2,45.82,45.3946,228200,0,0
2016-05-13,45.75,45.75,44.75,44.95,44.5327,118000,0,0
2016-05-16,44.95,45.85,44.95,45.68,45.2559,126100,0,0
2016-05-17,45.59,45.61,45.15,45.33,44.9092,83400,0,0
2016-05-18,45.19,45.75,44.94,45.29,44.8696,71400,0,0
2016-05-19,45,45,44.08,44.55,44.1364,132700,0,0
2016-05-20,44.78,45.23,44.78,44.93,44.5129,148100,0,0
2016-05-23,44.72,45.13,44.63,44.76,44.3445,56400,0,0
2016-05-24,44.89,45.87,44.89,45.64,45.2163,208200,0,0
2016-05-25,45.64,45.97,45.59,45.76,45.3352,237900,0,0
2016-05-26,45.95,46.14,45.47,45.7,45.2757,186600,0,0
2016-05-27,46.1,46.6,45.57,46.33,45.8999,196800,0,0
2016-05-31,46.48,47.02,46.48,46.78,46.3457,181000,0,0
2016-06-01,46.71,47.08,45.99,46.68,46.2466,135000,0,0
2016-06-02,46.39,47.04,46.36,46.97,46.534,144800,0,0
2016-06-03,47.2,47.61,46.69,47.45,47.0095,154100,0,0
2016-06-06,47.34,47.8,47.22,47.61,47.168,98700,0,0
2016-06-07,47.67,47.67,47.08,47.53,47.0888,91500,0,0
2016-06-08,47.72,48,47.54,47.83,47.386,78900,0,0
2016-06-09,47.53,47.78,47.4,47.57,47.1284,105700,0,0
2016-06-10,47.3,47.4,46.55,46.75,46.316,128000,0,0
2016-06-13,46.14,46.77,46.12,46.26,45.8305,103000,0,0
2016-06-14,45.99,46.33,45.43,45.52,45.0974,128700,0,0
2016-06-15,45.51,45.87,45.33,45.4,44.9785,148400,0,0
2016-06-16,45.03,45.32,44.23,45.27,44.8497,157600,0,0
2016-06-17,45.17,45.47,44.86,45.31,44.8894,141900,0,0
2016-06-20,45.93,46.21,45.78,45.97,45.5432,156600,0,0
2016-06-21,46.06,46.17,45.55,45.8,45.3748,96400,0,0
2016-06-22,46.07,46.12,45.73,45.78,45.355,60800,0,0
2016-06-23,46.23,46.77,46.07,46.3,45.8702,123300,0,0
2016-06-24,44,45.03,43.21,43.32,42.9178,219400,0,0
2016-06-27,42.71,42.89,40.88,41.23,40.8472,284500,0,0
2016-06-28,41.57,42.04,41.43,41.71,41.3228,147000,0,0
2016-06-29,42.04,42.75,41.97,42.66,42.264,180000,0,0
2016-06-30,42.76,42.88,42.5,42.71,42.3135,200000,0,0
2016-07-01,42.6,43.48,42.6,43.32,42.9178,155400,0,0
2016-07-05,43.06,43.37,42.93,42.94,42.5414,173900,0,0
2016-07-06,42.8,42.8,42.09,42.67,42.2739,109600,0,0
2016-07-07,42.87,43.12,42.54,42.57,42.1748,100700,0,0
2016-07-08,42.49,43.01,42.49,42.86,42.4621,113500,0,0
2016-07-11,42.96,43.31,42.84,43,42.6008,101100,0,0
2016-07-12,43,43.96,43,43.9,43.4925,170400,0,0
2016-07-13,43.94,44.34,43.51,44.26,43.8491,137800,0,0
2016-07-14,44.56,44.98,44.56,44.68,44.2652,141700,0,0
2016-07-15,44.35,44.61,43.76,43.92,43.5123,147900,0,0
2016-07-18,43.82,44.2,43.64,44.09,43.6807,94400,0,0
2016-07-19,43.64,44.39,43.64,44.18,43.7699,155400,0,0
2016-07-20,44.09,44.97,44.09,44.9,44.4832,147000,0,0
2016-07-21,44.75,45.22,44.75,44.97,44.5525,137200,0,0
2016-07-22,45.01,45.02,44.19,44.62,44.2058,152100,0,0
2016-07-25,44.36,44.85,44.29,44.77,44.3544,92300,0,0
2016-07-26,44.6,44.99,44.42,44.63,44.2157,170000,0,0
2016-07-27,45.69,48,45.29,47.82,47.3761,371300,0,0
2016-07-28,47.55,48.99,47.43,48.9,48.446,227200,0,0
2016-07-29,48.68,49.03,48.25,48.54,48.0894,205000,0,0
2016-08-01,48.34,48.82,48.26,48.49,48.0398,121800,0,0
2016-08-02,48.4,49.25,48.4,48.67,48.2182,176500,0,0
2016-08-03,48.52,48.82,48.46,48.63,48.1785,144300,0,0
2016-08-04,48.45,49.09,48.44,48.92,48.4659,143000,0,0
2016-08-05,48.59,49.49,48.44,49.09,48.6343,313000,0,0
2016-08-08,49.01,49.17,48.55,48.67,48.2182,139500,0,0
2016-08-09,48.55,49.04,48.55,48.71,48.2578,105200,0,0
2016-08-10,48.76,49.39,48.76,49.12,48.664,88800,0,0
2016-08-11,49,49.58,49,49.11,48.6541,101800,0,0
2016-08-12,49.06,49.1,48.26,48.63,48.1785,230400,0,0
2016-08-15,48.59,49,48.52,48.78,48.3272,196600,0,0
2016-08-16,48.7,49.1,48.49,48.97,48.5154,82600,0,0
2016-08-17,48.75,48.88,48.5,48.72,48.2677,89800,0,0
2016-08-18,48.74,49.09,48.72,49.05,48.5946,89500,0,0
2016-08-19,48.88,49.07,48.53,48.94,48.4857,114400,0,0
2016-08-22,48.52,49.01,48.31,48.89,48.4361,87700,0,0
2016-08-23,49.05,49.79,49.04,49.44,48.981,109400,0,0
2016-08-24,49.2,49.49,48.69,48.84,48.3866,77800,0,0
2016-08-25,48.54,49.15,48.47,49.08,48.6244,66800,0,0
2016-08-26,48.99,50.03,48.65,49.04,48.5847,126600,0,0
2016-08-29,48.77,48.86,48.25,48.6,48.1488,153500,0,0
2016-08-30,48.28,48.7,48.16,48.34,47.8912,81200,0,0
2016-08-31,48.22,48.86,48.02,48.69,48.238,165900,0,0
2016-09-01,48.51,50,48.51,49.84,49.3773,216100,0,0
2016-09-02,49.73,50.58,49.63,50.02,49.5556,170600,0,0
2016-09-06,50.41,50.46,49.62,50.34,49.8727,138500,0,0
2016-09-07,50.07,50.4,49.76,49.94,49.4764,85900,0,0
2016-09-08,49.54,49.54,47.95,48,47.5544,268700,0,0
2016-09-09,47.6,47.64,46.81,47.17,46.7321,157500,0,0
2016-09-12,46.54,48.11,46.52,47.87,47.4256,145900,0,0
2016-09-13,47.37,47.37,46.02,46.11,45.6819,168400,0,0
2016-09-14,45.96,46.45,45.91,46.04,45.6126,117900,0,0
2016-09-15,46.19,47.11,46.13,46.83,46.3953,133000,0,0
2016-09-16,46.58,46.71,45.95,46.35,45.9197,127700,0,0
2016-09-19,46.42,47.19,46.38,46.91,46.4745,128500,0,0
2016-09-20,46.93,47.83,46.93,47.21,46.7717,160200,0,0
2016-09-21,47.3,47.91,47.08,47.83,47.386,100400,0,0
2016-09-22,48.14,48.72,48.14,48.55,48.0993,127300,0,0
2016-09-23,48.1,48.79,48,48.16,47.7129,133400,0,0
2016-09-26,47.74,48,47.43,47.81,47.3662,108400,0,0
2016-09-27,47.71,48.41,47.64,48.08,47.6337,145200,0,0
2016-09-28,47.92,48.45,47.84,48.31,47.8615,189200,0,0
2016-09-29,48.16,48.54,47.6,47.68,47.2374,199800,0,0
2016-09-30,47.9,48.25,47.2,47.63,47.1878,176200,0,0
2016-10-03,47.28,47.67,46.9,47.3,46.8609,161800,0,0
2016-10-04,47.05,47.93,47.05,47.79,47.3463,126900,0,0
2016-10-05,47.78,48.74,47.78,48.37,47.921,124900,0,0
2016-10-06,47.99,48.63,47.99,48.57,48.1191,93100,0,0
2016-10-07,48.26,48.45,47.44,48.02,47.5742,139400,0,0
2016-10-10,48.04,48.38,47.92,47.98,47.5346,66400,0,0
2016-10-11,47.67,48.12,46.87,47,46.5637,108100,0,0
2016-10-12,46.72,47,46.55,46.81,46.3754,119900,0,0
2016-10-13,46.33,46.97,45.73,46.62,46.1872,161500,0,0
2016-10-14,46.79,47.42,46.76,47.05,46.6132,128700,0,0
2016-10-17,46.91,47.11,46.56,46.63,46.1971,97800,0,0
2016-10-18,47.11,47.79,47.09,47.29,46.851,148500,0,0
2016-10-19,47.28,47.72,47.1,47.5,47.059,107000,0,0
2016-10-20,47.22,47.54,47,47.25,46.8114,87000,0,0
2016-10-21,46.95,46.95,46.54,46.81,46.3754,184100,0,0
2016-10-24,46.83,47.64,46.83,47.54,47.0987,103100,0,0
2016-10-25,47.56,47.87,47.33,47.5,47.059,129400,0,0
2016-10-26,47.33,47.9,46.99,47.18,46.742,117700,0,0
2016-10-27,47.33,47.33,46.44,46.57,46.1377,134200,0,0
2016-10-28,46.5,47.24,46.5,47.07,46.633,130400,0,0
2016-10-31,46.87,47.65,46.78,47.47,47.0293,145400,0,0
2016-11-01,47.54,47.99,47.21,47.55,47.1086,116800,0,0
2016-11-02,47.41,48.05,47.41,47.61,47.168,174200,0,0
2016-11-03,47.48,47.82,47.21,47.35,46.9104,176300,0,0
2016-11-04,47.18,47.5,46.97,47.12,46.6826,175800,0,0
2016-11-07,47.43,48.38,47.43,47.84,47.3959,197900,0,0
2016-11-08,47.68,48.35,47.6,47.95,47.5049,260600,0,0
2016-11-09,46.45,50.2,46.05,50.14,49.6745,357700,0,0
2016-11-10,48.83,49.28,48.15,48.62,48.1686,286000,0,0
2016-11-11,48.34,48.76,47.93,48.5,48.0498,171400,0,0
2016-11-14,48.5,48.58,47.36,47.76,47.3166,265800,0,0
2016-11-15,47.82,47.93,47.3,47.66,47.2175,517800,0,0
2016-11-16,47.63,48,46.98,47.33,46.8906,162700,0,0
2016-11-17,47.32,47.5,46.87,47.39,46.9501,141200,0,0
2016-11-18,47.34,47.36,46.63,47.04,46.6033,130100,0,0
2016-11-21,47.13,48.47,47.12,48.14,47.6931,184600,0,0
2016-11-22,48.14,48.5,47.5,48.2,47.7525,114000,0,0
2016-11-23,47.97,48.25,47.83,47.88,47.4355,95100,0,0
2016-11-25,47.95,48.12,47.74,47.87,47.4256,103100,0,0
2016-11-28,47.72,47.95,47.53,47.76,47.3166,151900,0,0
2016-11-29,47.53,48.77,47.53,48.71,48.2578,153800,0,0
2016-11-30,48.59,48.68,47.19,47.37,46.9302,171900,0,0
2016-12-01,47.61,47.61,46.75,46.95,46.5141,225000,0,0
2016-12-02,47.07,47.28,46.68,47.11,46.6727,165400,0,0
2016-12-05,47.42,47.44,46.92,46.97,46.534,168200,0,0
2016-12-06,46.9,47.2,45.88,46.5,46.0683,274700,0,0
2016-12-07,46.42,47.46,46.28,47.39,46.9501,159000,0,0
2016-12-08,47.28,47.64,47.14,47.36,46.9203,130000,0,0
2016-12-09,47.27,47.48,46.95,47.04,46.6033,155300,0,0
2016-12-12,46.99,48.78,46.7,48.35,47.9011,227200,0,0
2016-12-13,48.44,50.22,48.4,49.58,49.1197,239900,0,0
2016-12-14,49.6,49.71,48.36,48.45,48.0002,260600,0,0
2016-12-15,48.24,49.24,48.15,48.87,48.4163,202300,0,0
2016-12-16,48.19,48.2,46.37,47.2,46.7618,385200,0,0
2016-12-19,47.29,48.06,47.14,47.62,47.1779,174500,0,0
2016-12-20,47.77,48.54,47.68,48.08,47.6337,199300,0,0
2016-12-21,47.88,48.03,47.05,47.27,46.8312,125100,0,0
2016-12-22,47,47,46.44,46.79,46.3556,165000,0,0
2016-12-23,46.76,47.27,46.76,47.07,46.633,92800,0,0
2016-12-27,47.11,47.36,46.85,46.87,46.4349,44200,0,0
2016-12-28,46.84,47.7,46.82,47.4,46.96,147100,0,0
2016-12-29,47.39,47.94,47.33,47.72,47.277,125800,0,0
2016-12-30,47.94,48.18,47.73,48.03,47.5841,184300,0,0
2017-01-03,47.89,48.99,47.85,48.7,48.2479,272900,0,0
2017-01-04,49.06,49.68,48.77,49.59,49.1296,189400,0,0
2017-01-05,49.37,49.99,49.36,49.73,49.2683,167000,0,0
2017-01-06,49.69,49.99,49.4,49.66,49.199,130700,0,0
2017-01-09,49.2,49.5,48.87,49.13,48.6739,113800,0,0
2017-01-10,48.99,49.14,48.54,48.62,48.1686,117300,0,0
2017-01-11,48.56,49.74,48.56,49.5,49.0405,109500,0,0
2017-01-12,49.7,49.7,48.98,49.31,48.8522,90000,0,0
2017-01-13,49.11,49.58,49.08,49.36,48.9018,79200,0,0
2017-01-17,49.08,49.63,48.91,49.47,49.0107,182100,0,0
2017-01-18,49.52,49.55,48.06,48.19,47.7426,194600,0,0
2017-01-19,48.09,48.09,47.52,47.76,47.3166,192500,0,0
2017-01-20,47.85,48.33,47.77,48.1,47.6535,155700,0,0
2017-01-23,47.96,48.32,47.28,47.71,47.2671,154500,0,0
2017-01-24,47.76,48.13,47.62,47.8,47.3562,152300,0,0
2017-01-25,48.16,48.58,48.08,48.48,48.0299,158500,0,0
2017-01-26,48.4,49.03,48.33,48.86,48.4064,187900,0,0
2017-01-27,48.7,49.38,48.67,48.88,48.4262,148500,0,0
2017-01-30,48.56,48.59,47.85,48.12,47.6733,220600,0,0
2017-01-31,48.19,48.54,47.27,48.09,47.6436,207600,0,0
2017-02-01,48.36,49.12,48.14,48.95,48.4956,379000,0,0
2017-02-02,48.89,49.56,48.43,48.57,48.1191,184100,0,0
2017-02-03,48.77,49.21,48.33,48.81,48.3569,173700,0,0
2017-02-06,48.44,48.49,47.83,48.07,47.6237,221600,0,0
2017-02-07,47.95,48.39,47.9,48.05,47.6039,170800,0,0
2017-02-08,48,48.01,47.55,47.87,47.4256,269800,0,0
2017-02-09,48.08,48.56,48.07,48.29,47.8417,201300,0,0
2017-02-10,48.41,48.85,48.41,48.6,48.1488,149000,0,0
2017-02-13,48.47,49.03,48.47,48.98,48.5253,168100,0,0
2017-02-14,48.89,49.11,48.77,48.93,48.4758,194400,0,0
2017-02-15,48.86,49.36,48.72,49.1,48.6442,249500,0,0
2017-02-16,49.05,49.15,48.62,48.73,48.2776,241400,0,0
2017-02-17,48.5,48.88,48.5,48.68,48.2281,294800,0,0
2017-02-21,48.31,48.77,48.31,48.65,48.1984,154000,0,0
2017-02-22,48.32,48.67,48.22,48.52,48.0696,197000,0,0
2017-02-23,48.72,48.83,48.02,48.09,47.6436,318400,0,0
2017-02-24,47.99,48.02,46.89,47.08,46.6429,383900,0,0
2017-02-27,46.84,46.98,46.48,46.76,46.3259,290700,0,0
2017-02-28,46.67,46.96,45.98,45.98,45.5532,251700,0,0
2017-03-01,46.18,46.73,45.81,46.69,46.2565,275200,0,0
2017-03-02,46.48,46.87,46.37,46.38,45.9494,130500,0,0
2017-03-03,46.4,46.8,46.13,46.63,46.1971,203100,0,0
2017-03-06,46.28,46.47,45.9,46.41,45.9792,207200,0,0
2017-03-07,46.16,46.79,46.16,46.64,46.207,252100,0,0
2017-03-08,46.61,46.71,46.19,46.28,45.8504,136700,0,0
2017-03-09,46.2,46.79,46.2,46.59,46.1575,130000,0,0
2017-03-10,46.77,47.31,46.77,47.21,46.7717,150600,0,0
2017-03-13,47.11,47.5,47.07,47.25,46.8114,197800,0,0
2017-03-14,47.08,47.23,46.71,47.06,46.6231,199700,0,0
2017-03-15,47.25,48.05,47.12,47.88,47.4355,209100,0,0
2017-03-16,48.09,48.11,47.57,47.68,47.2374,141900,0,0
2017-03-17,47.77,47.89,47.41,47.45,47.0095,304300,0,0
2017-03-20,47.32,47.91,47.22,47.62,47.1779,320000,0,0
2017-03-21,47.82,48.24,46.95,46.96,46.524,182900,0,0
2017-03-22,46.74,46.81,46.36,46.8,46.3655,312700,0,0
2017-03-23,46.82,47.28,46.4,46.95,46.5141,234500,0,0
2017-03-24,47.02,47.18,46.5,46.8,46.3655,185800,0,0
2017-03-27,46.48,46.91,46.27,46.79,46.3556,110200,0,0
2017-03-28,46.7,47.44,46.7,47.35,46.9104,131600,0,0
2017-03-29,47.22,47.51,47.09,47.47,47.0293,111700,0,0
2017-03-30,47.39,48.69,47.39,48.42,47.9705,294200,0,0
2017-03-31,48.27,48.44,47.9,47.93,47.4851,288100,0,0
2017-04-03,47.71,47.95,46.82,47.4,46.96,166400,0,0
2017-04-04,47.12,47.53,46.95,47.43,46.9897,124800,0,0
2017-04-05,47.45,47.72,47.21,47.27,46.8312,136700,0,0
2017-04-06,47.28,47.41,47.09,47.12,46.6826,169600,0,0
2017-04-07,47.09,47.34,47.09,47.12,46.6826,178800,0,0
2017-04-10,46.98,47.37,46.95,47.24,46.8015,127500,0,0
2017-04-11,47.15,47.2,46.54,46.98,46.5439,145200,0,0
2017-04-12,46.96,47.23,46.87,46.99,46.5538,127600,0,0
2017-04-13,47,47.3,46.5,46.54,46.108,110000,0,0
2017-04-17,46.56,47.32,46.56,47.06,46.6231,231900,0,0
2017-04-18,46.92,47.07,46.58,46.91,46.4745,135700,0,0
2017-04-19,46.99,47.17,46.4,46.6,46.1674,150400,0,0
2017-04-20,46.77,47.35,46.73,47.31,46.8708,166200,0,0
2017-04-21,47.13,47.19,46.41,46.71,46.2764,250100,0,0
2017-04-24,46.98,47.34,46.85,47.1,46.6627,225500,0,0
2017-04-25,46.98,47.17,46.8,47.1,46.6627,184400,0,0
2017-04-26,47.01,47.8,46.98,47.74,47.2968,185100,0,0
2017-04-27,47.73,48.41,47.17,47.49,47.0491,164600,0,0
2017-04-28,47.49,48.35,47.26,48.27,47.8219,213800,0,0
2017-05-01,48.28,48.71,48.2,48.6,48.1488,178900,0,0
2017-05-02,48.61,48.89,48.36,48.8,48.347,242700,0,0
2017-05-03,47.67,49,47.59,47.78,47.3364,308100,0,0
2017-05-04,47.78,48.24,47.25,47.88,47.4355,258000,0,0
2017-05-05,47.96,48.33,47.56,48.25,47.8021,206300,0,0
2017-05-08,48.09,48.45,48.09,48.2,47.7525,187800,0,0
2017-05-09,48.09,48.23,47.42,47.79,47.3463,221200,0,0
2017-05-10,47.78,48.49,47.71,48.42,47.9705,182900,0,0
2017-05-11,48.19,48.74,48.09,48.56,48.1092,244400,0,0
2017-05-12,48.44,48.7,48.3,48.54,48.0894,216800,0,0
2017-05-15,48.58,49.17,48.58,48.97,48.5154,209100,0,0
2017-05-16,48.98,49.38,48.98,49.26,48.8027,201000,0,0
2017-05-17,48.71,48.95,47.97,48,47.5544,246300,0,0
2017-05-18,47.8,48.48,47.75,48.08,47.6337,182500,0,0
2017-05-19,48.22,48.88,48.16,48.7,48.2479,188400,0,0
2017-05-22,48.63,48.84,48.51,48.76,48.3073,55900,0,0
2017-05-23,48.82,49,48.5,48.68,48.2281,135500,0,0
2017-05-24,48.55,49.17,48.43,49.15,48.6937,103700,0,0
2017-05-25,49.11,49.48,48.88,49.26,48.8027,100100,0,0
2017-05-26,49.21,49.38,49.04,49.19,48.7333,95400,0,0
2017-05-30,48.75,49.66,48.74,49.59,49.1296,153400,0,0
2017-05-31,49.46,49.67,48.99,49.6,49.1395,155600,0,0
2017-06-01,49.54,50.6,49.54,50.57,50.1005,214200,0,0
2017-06-02,50.4,51.29,50.25,51.19,50.7148,308000,0,0
2017-06-05,50.74,50.95,50.31,50.45,49.9817,142800,0,0
2017-06-06,50.25,50.53,49.95,50.09,49.625,184800,0,0
2017-06-07,49.93,50.25,49.67,49.8,49.3377,223300,0,0
2017-06-08,49.81,50.25,49.71,50.24,49.7736,151500,0,0
2017-06-09,50.41,50.74,49.45,49.89,49.4268,181200,0,0
2017-06-12,49.39,49.92,48.94,49.62,49.1594,165200,0,0
2017-06-13,49.92,50.19,49.56,49.93,49.4665,123100,0,0
2017-06-14,50.02,50.33,49.44,49.64,49.1792,150700,0,0
2017-06-15,49.3,49.83,48.95,49.78,49.3179,180300,0,0
2017-06-16,49.77,50.06,49.38,49.99,49.5259,432300,0,0
2017-06-19,50.05,50.63,50.05,50.55,50.0807,131900,0,0
2017-06-20,50.35,50.45,50,50.18,49.7142,124300,0,0
2017-06-21,50.18,50.64,50.05,50.42,49.9519,111300,0,0
2017-06-22,50.46,51.23,50.35,51.08,50.6058,148900,0,0
2017-06-23,50.95,51.47,50.71,51.22,50.7445,143600,0,0
2017-06-26,51.26,51.8,51.19,51.31,50.8337,111300,0,0
2017-06-27,51.27,51.62,51.05,51.44,50.9625,193400,0,0
2017-06-28,51.58,51.88,51.36,51.66,51.1804,158900,0,0
2017-06-29,51.54,51.54,50.4,51,50.5265,197100,0,0
2017-06-30,51.06,51.34,50.63,51.07,50.5959,272800,0,0
2017-07-03,51.05,51.28,50.94,51.07,50.5959,44500,0,0
2017-07-05,50.66,50.72,49.97,50.6,50.1302,208900,0,0
2017-07-06,50.36,50.72,50.05,50.41,49.942,121200,0,0
2017-07-07,50.6,51.07,50.17,50.94,50.4671,117700,0,0
2017-07-10,50.72,51.43,50.72,51.19,50.7148,156800,0,0
2017-07-11,51.21,51.21,50.74,51.07,50.5959,98100,0,0
2017-07-12,51.14,52.53,51.14,52.31,51.8244,163600,0,0
2017-07-13,52.13,52.63,52.13,52.58,52.0919,153400,0,0
2017-07-14,52.54,53.08,52.46,52.96,52.4683,186400,0,0
2017-07-17,52.78,52.87,52.01,52.22,51.7352,152600,0,0
2017-07-18,52.25,52.8,52.12,52.66,52.1711,106200,0,0
2017-07-19,52.41,52.77,52.18,52.23,51.7451,187000,0,0
2017-07-20,52.25,52.62,52.04,52.4,51.9135,119100,0,0
2017-07-21,52.46,52.72,52.2,52.65,52.1612,112900,0,0
2017-07-24,52.57,53.06,52.55,53.02,52.5278,127200,0,0
2017-07-25,53,53.3,52.88,53.09,52.5971,103500,0,0
2017-07-26,53.05,53.62,52.86,53.53,53.0331,111300,0,0
2017-07-27,53.45,53.65,52.44,52.97,52.4783,207100,0,0
2017-07-28,52.95,53.23,52.72,52.94,52.4485,140700,0,0
2017-07-31,52.81,53,52.31,52.81,52.3197,156800,0,0
2017-08-01,52.86,53.62,52.22,52.94,52.4485,186800,0,0
2017-08-02,51.9,52,49.98,51.1,50.6256,345400,0,0
2017-08-03,51.15,52.2,51.15,51.47,50.9922,159700,0,0
2017-08-04,51.57,51.94,51.01,51.45,50.9724,138600,0,0
2017-08-07,51.31,51.48,51.04,51.18,50.7049,67000,0,0
2017-08-08,50.96,51.14,50.51,50.61,50.1402,216300,0,0
2017-08-09,50.35,50.4,49.88,50.11,49.6448,320700,0,0
2017-08-10,49.78,50.04,49.11,49.2,48.7433,191600,0,0
2017-08-11,49.04,49.71,49.02,49.55,49.09,138000,0,0
2017-08-14,49.74,50.3,49.4,49.72,49.2584,177500,0,0
2017-08-15,49.62,49.83,49.45,49.61,49.1494,139500,0,0
2017-08-16,49.67,50.51,49.67,50.23,49.7637,167500,0,0
2017-08-17,50.23,50.63,50.04,50.05,49.5854,154200,0,0
2017-08-18,50.22,50.24,49.35,49.82,49.3575,174700,0,0
2017-08-21,49.69,50.02,49.59,49.98,49.516,95600,0,0
2017-08-22,49.95,50.1,49.7,49.81,49.3476,95300,0,0
2017-08-23,49.7,50.33,49.55,49.87,49.407,94100,0,0
2017-08-24,49.94,50.19,49.85,49.89,49.4268,81600,0,0
2017-08-25,49.96,50.18,49.94,49.94,49.4764,120800,0,0
2017-08-28,49.98,50.24,49.65,49.74,49.2782,163100,0,0
2017-08-29,49.41,50.05,49.41,49.89,49.4268,110800,0,0
2017-08-30,49.8,50.33,49.62,49.98,49.516,196300,0,0
2017-08-31,50.22,50.94,50.03,50.85,50.3779,168200,0,0
2017-09-01,50.85,51.59,50.85,51.43,50.9526,188800,0,0
2017-09-05,50.91,51.35,50.88,51.18,50.7049,186900,0,0
2017-09-06,50.91,51.9,50.8,51.48,51.0021,134100,0,0
2017-09-07,51.65,52.45,51.62,52.12,51.6361,175700,0,0
2017-09-08,52.11,52.26,51.86,51.93,51.4479,119600,0,0
2017-09-11,51.95,52.34,51.87,52.22,51.7352,204900,0,0
2017-09-12,52.06,52.36,51.88,51.94,51.4578,160500,0,0
2017-09-13,51.89,52.02,51.71,51.84,51.3587,178300,0,0
2017-09-14,51.64,52.16,51.62,52.06,51.5767,151300,0,0
2017-09-15,52.14,52.14,51.29,51.48,51.0021,348900,0,0
2017-09-18,51.44,51.7,50.97,51.25,50.7742,235900,0,0
2017-09-19,51.02,52.04,50.87,51.96,51.4776,262000,0,0
2017-09-20,51.89,52.37,51.6,51.87,51.3885,129900,0,0
2017-09-21,51.66,51.8,51.39,51.47,50.9922,129800,0,0
2017-09-22,51.67,51.76,51.07,51.44,50.9625,190200,0,0
2017-09-25,51.25,51.34,50.94,51.08,50.6058,168700,0,0
2017-09-26,51.04,51.66,50.73,51.58,51.1012,281500,0,0
2017-09-27,51.66,51.83,51.26,51.4,50.9228,170900,0,0
2017-09-28,51.15,51.8,51.14,51.65,51.1705,215000,0,0
2017-09-29,51.63,52.07,51.53,51.87,51.3885,158400,0,0
2017-10-02,51.49,51.83,51.23,51.43,50.9526,118300,0,0
2017-10-03,51.36,51.59,51.03,51.12,50.6454,200700,0,0
2017-10-04,51.1,51.9,51.07,51.79,51.3092,141500,0,0
2017-10-05,51.78,52.34,51.7,52.12,51.6361,120600,0,0
2017-10-06,52.03,52.56,51.92,52.39,51.9036,152500,0,0
2017-10-09,52.16,52.63,52.07,52.48,51.9928,92100,0,0
2017-10-10,52.59,52.71,52.29,52.6,52.1117,136200,0,0
2017-10-11,52.61,52.91,52.53,52.82,52.3296,109400,0,0
2017-10-12,52.73,52.99,52.53,52.79,52.2999,105100,0,0
2017-10-13,52.87,53.39,52.78,53.3,52.8052,338200,0,0
2017-10-16,52.99,53.1,52.59,52.84,52.3495,139100,0,0
2017-10-17,52.65,53.4,52.65,53.37,52.8745,149700,0,0
2017-10-18,53.31,53.78,53.31,53.58,53.0826,150300,0,0
2017-10-19,53.47,53.75,53.31,53.6,53.1024,124400,0,0
2017-10-20,53.28,53.49,52.93,53,52.508,174600,0,0
2017-10-23,52.84,53.59,52.84,53.56,53.0628,118000,0,0
2017-10-24,53.71,53.71,53.14,53.26,52.7656,115300,0,0
2017-10-25,53.31,53.47,52.81,53.09,52.5971,89400,0,0
2017-10-26,53.12,53.45,53.07,53.28,52.7854,64000,0,0
2017-10-27,53.12,53.66,53.12,53.61,53.1123,114000,0,0
2017-10-30,53.34,53.85,53.31,53.78,53.2807,115300,0,0
2017-10-31,53.49,53.79,53.12,53.14,52.6467,161000,0,0
2017-11-01,53.17,53.37,52.51,52.6,52.1117,222300,0,0
2017-11-02,52.52,53.12,52.52,52.75,52.2603,165300,0,0
2017-11-03,52.82,53.31,52.67,53.25,52.7557,158700,0,0
2017-11-06,52.93,53.64,52.93,53.6,53.1024,158000,0,0
2017-11-07,53.39,53.62,52.72,53.31,52.8151,307300,0,0
2017-11-08,52.59,52.84,51.16,52.13,51.6461,312300,0,0
2017-11-09,51.85,52.82,51.78,52.79,52.2999,192900,0,0
2017-11-10,52.57,53.66,52.57,53.35,52.8547,176200,0,0
2017-11-13,52.58,53.55,52.57,52.97,52.4783,176300,0,0
2017-11-14,52.86,53.66,52.82,53.32,52.825,165500,0,0
2017-11-15,52.94,53.43,52.94,53.14,52.6467,119800,0,0
2017-11-16,53.04,54.07,53.04,53.44,52.9439,145500,0,0
2017-11-17,53.33,53.81,53.29,53.46,52.9637,164400,0,0
2017-11-20,53.23,53.33,52.91,53.11,52.617,187600,0,0
2017-11-21,53.08,53.97,53.08,53.86,53.36,114000,0,0
2017-11-22,53.75,54.13,53.73,53.88,53.3798,153000,0,0
2017-11-24,53.56,54.17,53.56,54.11,53.6077,59100,0,0
2017-11-27,53.93,54.42,53.88,53.98,53.4789,127000,0,0
2017-11-28,53.87,54.05,53.58,53.64,53.142,105800,0,0
2017-11-29,53.5,53.67,52.6,52.89,52.399,175600,0,0
2017-11-30,52.94,53.23,52.63,52.79,52.2999,190900,0,0
2017-12-01,53,53.39,52.67,53.07,52.5773,146800,0,0
2017-12-04,52.99,53.33,52.61,52.76,52.2702,168100,0,0
2017-12-05,52.86,53.31,52.71,52.8,52.3098,92700,0,0
2017-12-06,52.58,53.29,52.56,52.8,52.3098,133800,0,0
2017-12-07,52.54,53.36,52.54,53.08,52.5872,112800,0,0
2017-12-08,53.07,53.46,53.07,53.3,52.8052,158300,0,0
2017-12-11,53.13,53.4,52.82,52.9,52.4089,133800,0,0
2017-12-12,52.71,53.13,52.55,52.79,52.2999,224900,0,0
2017-12-13,53.03,53.49,52.81,53.21,52.716,194500,0,0
2017-12-14,53.09,53.83,53.09,53.47,52.9736,107700,0,0
2017-12-15,53.44,54.64,53.4,53.97,53.469,255600,0,0
2017-12-18,53.85,54.38,53.54,53.63,53.1321,240300,0,0
2017-12-19,53.46,53.78,53.23,53.37,52.8745,208800,0,0
2017-12-20,53.42,54.45,53.42,54.31,53.8058,220900,0,0
2017-12-21,54.49,54.99,54.37,54.65,54.1427,242700,0,0
2017-12-22,54.38,54.42,54.12,54.15,53.6473,138000,0,0
2017-12-26,54.04,54.33,54,54.1,53.5978,38500,0,0
2017-12-27,54.13,54.43,54,54.22,53.7167,119200,0,0
2017-12-28,54.16,54.74,54.13,54.49,53.9841,136300,0,0
2017-12-29,54.5,54.61,54.1,54.33,53.8256,134400,0,0
2018-01-02,54.03,54.61,53.69,54.57,54.0634,173300,0,0
2018-01-03,54.34,54.61,54.15,54.17,53.6671,154400,0,0
2018-01-04,54.14,54.21,53.6,54.02,53.5185,156300,0,0
2018-01-05,54.24,54.8,54.24,54.67,54.1625,150000,0,0
2018-01-08,54.3,54.5,54.05,54.18,53.677,188300,0,0
2018-01-09,54.18,54.19,53.66,53.75,53.251,150000,0,0
2018-01-10,53.53,53.6,52.89,53.03,52.5377,173500,0,0
2018-01-11,53.06,53.22,52.69,53.1,52.607,191000,0,0
2018-01-12,53.1,53.7,52.84,53.66,53.1618,145200,0,0
2018-01-16,54.05,54.7,53.79,54.37,53.8653,239800,0,0
2018-01-17,54.45,54.5,53.89,54.01,53.5086,263100,0,0
2018-01-18,53.92,54.25,53.7,54.13,53.6275,160500,0,0
2018-01-19,54.07,54.5,53.87,54.06,53.5581,212400,0,0
2018-01-22,53.94,54.11,53.47,54.07,53.568,166300,0,0
2018-01-23,53.92,55.3,53.84,55.19,54.6776,253500,0,0
2018-01-24,55.5,56.05,55.33,55.85,55.3315,194800,0,0
2018-01-25,55.99,56.19,54.88,55.04,54.529,153700,0,0
2018-01-26,55.31,56.59,55.23,56.37,55.8467,254300,0,0
2018-01-29,55.94,56.62,55.91,56.38,55.8566,188100,0,0
2018-01-30,56.19,56.43,55.94,56.07,55.5495,206000,0,0
2018-01-31,56.57,58.93,56.37,57.14,56.6095,430600,0,0
2018-02-01,57.63,58.64,57.04,58.27,57.7291,303000,0,0
2018-02-02,57.84,57.96,56.98,57.37,56.8374,303100,0,0
2018-02-05,56.66,57.12,55.95,56.27,55.7476,376700,0,0
2018-02-06,55.1,56.3,55.01,56.25,55.7278,369100,0,0
2018-02-07,55.97,56.23,55.57,55.65,55.1334,404100,0,0
2018-02-08,55.69,55.98,54.7,54.7,54.1922,334900,0,0
2018-02-09,54.92,55.27,53.76,55.09,54.5786,485800,0,0
2018-02-12,55.07,56.41,55.07,55.97,55.4504,335900,0,0
2018-02-13,55.77,57.84,55.77,57.76,57.2238,536400,0,0
2018-02-14,57.27,58.04,57.02,57.96,57.4219,239600,0,0
2018-02-15,58.05,59.02,57.92,59,58.4523,268200,0,0
2018-02-16,58.68,59.2,58.44,58.86,58.3136,242300,0,0
2018-02-20,58.34,59.19,58.34,58.65,58.1055,207300,0,0
2018-02-21,58.69,59.18,58.21,58.28,57.739,217400,0,0
2018-02-22,58.31,58.63,57.56,57.79,57.2535,246500,0,0
2018-02-23,58.01,58.63,57.99,58.32,57.7786,168200,0,0
2018-02-26,58.22,58.88,58.22,58.66,58.1154,209300,0,0
2018-02-27,58.45,59.2,58.45,58.61,58.0659,246000,0,0
2018-02-28,58.79,59.43,58.34,58.34,57.7984,733500,0,0
2018-03-01,58.22,58.36,56.92,57.39,56.8572,273800,0,0
2018-03-02,56.99,58.07,56.88,58.03,57.4913,178900,0,0
2018-03-05,57.43,58.48,57.43,58.39,57.8479,168200,0,0
2018-03-06,58.65,59.03,58.26,58.64,58.0956,213700,0,0
2018-03-07,58.22,59.02,58.22,58.93,58.3829,267600,0,0
2018-03-08,59.1,59.69,58.72,59.04,58.4919,165400,0,0
2018-03-09,59.13,59.67,58.95,59.63,59.0764,300200,0,0
2018-03-12,59.54,59.89,59.18,59.32,58.7693,229700,0,0
2018-03-13,59.5,59.51,58.51,58.67,58.1253,196500,0,0
2018-03-14,58.79,59.1,58.28,58.74,58.1947,145200,0,0
2018-03-15,58.64,59,58.45,58.75,58.2046,121500,0,0
2018-03-16,58.66,59.02,58.17,58.26,57.7191,269100,0,0
2018-03-19,58.05,58.26,57.6,58.15,57.6102,188100,0,0
2018-03-20,58.13,58.43,57.99,58.2,57.6597,280500,0,0
2018-03-21,58.48,58.82,58.07,58.34,57.7984,171900,0,0
2018-03-22,57.92,58.21,57.03,57.15,56.6195,284600,0,0
2018-03-23,57.15,57.61,56.98,56.98,56.451,292400,0,0
2018-03-26,57.02,57.91,56.81,57.84,57.3031,186400,0,0
2018-03-27,58.05,58.17,56.55,56.82,56.2925,209700,0,0
2018-03-28,56.84,56.98,56.26,56.7,56.1736,158200,0,0
2018-03-29,56.73,57.78,56.36,57.64,57.1049,263400,0,0
2018-04-02,57.31,57.67,56.71,57.1,56.5699,233400,0,0
2018-04-03,57.41,58.25,57.08,58.17,57.63,314700,0,0
2018-04-04,57.34,58.46,56.78,58.29,57.7489,271000,0,0
2018-04-05,58.28,58.6,57.44,57.9,57.3625,256600,0,0
2018-04-06,57.55,57.96,57.13,57.39,56.8572,272400,0,0
2018-04-09,57.41,58.56,57.41,57.97,57.4318,195100,0,0
2018-04-10,58.54,58.79,58.14,58.34,57.7984,140100,0,0
2018-04-11,58.22,58.52,58.1,58.12,57.5804,146100,0,0
2018-04-12,58.23,58.63,58.1,58.26,57.7191,110800,0,0
2018-04-13,58.36,58.38,57.54,57.7,57.1643,164100,0,0
2018-04-16,57.79,58.16,57.71,57.98,57.4417,142400,0,0
2018-04-17,58.17,58.95,58.17,58.64,58.0956,224200,0,0
2018-04-18,58.63,58.83,58.28,58.52,57.9767,122600,0,0
2018-04-19,58.44,58.61,57.85,57.92,57.3823,199200,0,0
2018-04-20,57.82,58.01,57.62,57.8,57.2634,133500,0,0
2018-04-23,57.61,58.07,57.4,57.57,57.0356,124100,0,0
2018-04-24,57.65,57.96,57.3,57.48,56.9464,139400,0,0
2018-04-25,57.45,57.71,57.16,57.54,57.0058,130300,0,0
2018-04-26,57.79,58.16,57.63,58.03,57.4913,117700,0,0
2018-04-27,58.07,58.24,57.94,58.06,57.521,93000,0,0
2018-04-30,57.84,58.39,57.84,57.9,57.3625,165100,0,0
2018-05-01,57.88,58.12,57.68,57.88,57.3427,220700,0,0
2018-05-02,58.04,60.54,58.04,59.16,58.6108,371000,0,0
2018-05-03,59.16,59.95,58.71,59.65,59.0962,333100,0,0
2018-05-04,59.48,60.01,59.3,59.87,59.3142,260800,0,0
2018-05-07,59.66,60.08,59.65,60.01,59.4529,129800,0,0
2018-05-08,59.89,60.52,59.82,60.21,59.651,252900,0,0
2018-05-09,60.3,60.49,59.93,60.43,59.869,240600,0,0
2018-05-10,60.6,60.9,60.44,60.82,60.2554,168600,0,0
2018-05-11,60.71,60.9,60.23,60.35,59.7897,265900,0,0
2018-05-14,60.23,60.73,60.07,60.15,59.5916,149600,0,0
2018-05-15,59.75,59.93,59.52,59.85,59.2944,181500,0,0
2018-05-16,59.89,60.29,59.85,60.16,59.6015,170600,0,0
2018-05-17,60.12,60.14,59.67,59.84,59.2845,232100,0,0
2018-05-18,59.47,60.09,59.47,59.98,59.4232,224600,0,0
2018-05-21,59.97,60.49,59.97,60.23,59.6709,65900,0,0
2018-05-22,60.3,60.96,60.21,60.27,59.7105,135600,0,0
2018-05-23,60,60.73,60,60.54,59.978,174800,0,0
2018-05-24,60.44,60.95,60.31,60.48,59.9185,221500,0,0
2018-05-25,60.28,61.5,60.16,60.7,60.1365,173200,0,0
2018-05-29,59.8,60.4,59.6,60.32,59.76,189600,0,0
2018-05-30,60.52,61.46,60.52,61.37,60.8003,173800,0,0
2018-05-31,61.26,61.78,60.88,61.4,60.83,246100,0,0
2018-06-01,61.45,61.99,61.45,61.76,61.1867,124800,0,0
2018-06-04,61.6,62.68,61.6,62.55,61.9693,132300,0,0
2018-06-05,62.52,62.78,62.2,62.51,61.9297,134000,0,0
2018-06-06,62.7,63.19,62.35,62.72,62.1377,160200,0,0
2018-06-07,62.76,62.96,61.75,62.07,61.4938,119700,0,0
2018-06-08,61.9,62.35,61.9,62.3,61.7216,77600,0,0
2018-06-11,62.06,62.58,61.98,62.08,61.5037,206600,0,0
2018-06-12,62,62.23,61.75,62.21,61.6325,176000,0,0
2018-06-13,62.27,62.7,61.73,62.04,61.4641,238500,0,0
2018-06-14,62.17,62.56,62.01,62.16,61.5829,162400,0,0
2018-06-15,62,62.7,61.82,62.56,61.9792,251900,0,0
2018-06-18,62.19,62.77,61.81,62.56,61.9792,192900,0,0
2018-06-19,61.96,62.8,61.71,62.46,61.8802,190800,0,0
2018-06-20,62.55,63.31,62.55,62.91,62.326,139600,0,0
2018-06-21,62.81,63.33,62.77,63.01,62.425,269100,0,0
2018-06-22,63.13,63.34,62.69,63,62.4151,167000,0,0
2018-06-25,62.55,62.8,61.57,61.69,61.1173,243500,0,0
2018-06-26,61.91,62.72,61.7,62.19,61.6127,145000,0,0
2018-06-27,62.35,62.5,61.73,61.73,61.1569,235700,0,0
2018-06-28,61.82,62.88,61.71,62.74,62.1576,200500,0,0
2018-06-29,62.83,63.51,62.75,63.32,62.7322,211000,0,0
2018-07-02,62.75,63.63,62.75,63.63,63.0393,74500,0,0
2018-07-03,63.63,63.95,63.24,63.58,62.9898,168200,0,0
2018-07-05,63.66,63.93,63.36,63.56,62.97,238600,0,0
2018-07-06,63.43,64.21,63.43,64.15,63.5545,175300,0,0
2018-07-09,64.16,64.86,64.15,64.73,64.1291,137000,0,0
2018-07-10,64.6,64.99,64.21,64.86,64.2579,124900,0,0
2018-07-11,64.51,64.94,64.36,64.47,63.8715,151600,0,0
2018-07-12,64.89,66.31,64.86,65.97,65.3576,163900,0,0
2018-07-13,65.85,66.21,65.69,65.94,65.3278,132700,0,0
2018-07-16,65.87,66.31,65.78,65.85,65.2387,95800,0,0
2018-07-17,64.88,65.62,64.19,65.58,64.9712,203200,0,0
2018-07-18,65.52,65.96,65.5,65.85,65.2387,99100,0,0
2018-07-19,65.52,65.79,65.13,65.29,64.6839,144300,0,0
2018-07-20,65.57,66.1,65.47,65.73,65.1198,141000,0,0
2018-07-23,65.6,65.71,64.89,65.11,64.5056,219700,0,0
2018-07-24,65.17,65.5,64.88,64.98,64.3768,129700,0,0
2018-07-25,64,64.89,63.01,64.46,63.8616,292600,0,0
2018-07-26,64.21,64.9,64.03,64.34,63.7427,141800,0,0
2018-07-27,64.56,64.87,63.6,63.86,63.2672,267900,0,0
2018-07-30,64.2,64.29,62.87,63.62,63.0294,239200,0,0
2018-07-31,64.07,64.54,63.6,64.35,63.7526,245700,0,0
2018-08-01,64.34,64.5,62.35,62.49,61.9099,400400,0,0
2018-08-02,62.42,64.28,62.24,63.69,63.0987,262600,0,0
2018-08-03,63.63,64.03,63.24,63.72,63.1285,129000,0,0
2018-08-06,63.41,63.98,63.22,63.82,63.2275,57200,0,0
2018-08-07,63.8,64.72,63.07,63.26,62.6727,192700,0,0
2018-08-08,63.14,64.87,63.14,64.59,63.9904,206100,0,0
2018-08-09,64.55,65.29,64.55,64.77,64.1687,156600,0,0
2018-08-10,64.22,65.04,63.99,64.51,63.9111,161200,0,0
2018-08-13,64.28,65.15,64.25,64.51,63.9111,106600,0,0
2018-08-14,64.61,65.25,64.61,65.07,64.4659,256400,0,0
2018-08-15,64.46,64.77,63.93,64.4,63.8021,187200,0,0
2018-08-16,64.65,65.03,64.65,64.84,64.2381,98200,0,0
2018-08-17,64.95,65.34,64.8,65.29,64.6839,159500,0,0
2018-08-20,65.09,65.39,64.53,65.01,64.4065,176300,0,0
2018-08-21,65.01,65.57,64.96,65.11,64.5056,87400,0,0
2018-08-22,65.11,65.46,65.08,65.33,64.7235,87200,0,0
2018-08-23,65.05,65.52,64.72,65.35,64.7433,109300,0,0
2018-08-24,65.61,65.61,65.04,65.23,64.6244,152000,0,0
2018-08-27,65.18,65.73,65.08,65.53,64.9217,67000,0,0
2018-08-28,65.72,65.94,65.34,65.51,64.9018,81400,0,0
2018-08-29,65.5,66.32,65.5,65.95,65.3378,138200,0,0
2018-08-30,65.76,66.21,65.5,65.79,65.1792,103400,0,0
2018-08-31,65.47,65.79,65.14,65.57,64.9613,223400,0,0
2018-09-04,64.84,64.91,63.37,64.7,64.0994,171500,0,0
2018-09-05,64.5,64.73,63.38,64.39,63.7922,147900,0,0
2018-09-06,64.19,64.93,64.08,64.76,64.1588,121900,0,0
2018-09-07,64.5,64.79,64.12,64.41,63.8121,173300,0,0
2018-09-10,64.25,64.94,64.25,64.78,64.1786,76200,0,0
2018-09-11,64.58,65.64,64.58,65.58,64.9712,159300,0,0
2018-09-12,65.35,66.02,64.99,65.28,64.674,161100,0,0
2018-09-13,65.46,65.58,65.13,65.35,64.7433,148100,0,0
2018-09-14,65.34,65.83,65.22,65.52,64.9118,138600,0,0
2018-09-17,65.29,66.16,65.16,65.22,64.6145,118400,0,0
2018-09-18,65.16,66.14,65.16,66.12,65.5062,114700,0,0
2018-09-19,65.96,66.19,65.33,66.06,65.4467,178000,0,0
2018-09-20,66.18,66.53,65.83,66.27,65.6548,132600,0,0
2018-09-21,66.43,66.44,65.88,66.2,65.5854,208300,0,0
2018-09-24,65.84,66.42,65.84,66.12,65.5062,116500,0,0
2018-09-25,66.34,66.43,65.94,66.04,65.4269,96100,0,0
2018-09-26,65.88,66.34,65.7,65.79,65.1792,135800,0,0
2018-09-27,65.61,66.32,65.04,65.12,64.5155,175900,0,0
2018-09-28,64.9,65.18,64.26,64.48,63.8814,184800,0,0
2018-10-01,64.68,65.52,64.68,65.38,64.773,181100,0,0
2018-10-02,65.15,65.15,63.63,63.96,63.3662,153200,0,0
2018-10-03,64.08,64.41,63.8,64.19,63.5941,150000,0,0
2018-10-04,64.01,64.01,62.96,63.41,62.8213,123300,0,0
2018-10-05,63.11,63.6,62.65,62.96,62.3755,139300,0,0
2018-10-08,62.6,62.63,61.99,62.35,61.7712,71300,0,0
2018-10-09,62.04,62.69,61.1,61.23,60.6616,208400,0,0
2018-10-10,60.63,60.7,59.16,59.27,58.7198,291300,0,0
2018-10-11,59.01,60.12,58.75,59.42,58.8684,200500,0,0
2018-10-12,59.96,60.84,59.6,60.28,59.7204,221100,0,0
2018-10-15,60.2,60.9,59.8,60.67,60.1068,171700,0,0
2018-10-16,61.04,62.43,61.03,62.3,61.7216,151000,0,0
2018-10-17,62.08,62.08,61.13,61.33,60.7606,128100,0,0
2018-10-18,61.17,61.32,59.92,60.22,59.6609,133800,0,0
2018-10-19,60.39,61.07,59.85,60.1,59.5421,200300,0,0
2018-10-22,60.15,61.94,60.11,61.65,61.0777,187000,0,0
2018-10-23,60.9,61.87,60.18,61.64,61.0678,189300,0,0
2018-10-24,61.52,62.22,59.79,59.86,59.3043,453400,0,0
2018-10-25,60.03,60.22,59.41,59.56,59.0071,298500,0,0
2018-10-26,58.61,59.15,58.09,58.58,58.0362,253200,0,0
2018-10-29,58.79,59.04,57.46,57.97,57.4318,323100,0,0
2018-10-30,57.96,59.8,57.7,59.7,59.1458,386100,0,0
2018-10-31,60.17,62.17,60.17,61.7,61.1272,487600,0,0
2018-11-01,61.38,62.85,61.1,62.65,62.0684,250200,0,0
2018-11-02,62.61,62.9,61.13,61.3,60.7309,280500,0,0
2018-11-05,60.96,61.4,60.57,60.85,60.2851,164700,0,0
2018-11-06,60.84,61.11,59.82,60.28,59.7204,247000,0,0
2018-11-07,62.86,63.61,62.14,62.16,61.5829,270100,0,0
2018-11-08,62.29,63.04,62,62.45,61.8703,235000,0,0
2018-11-09,61.81,62.3,61.54,61.91,61.3353,174300,0,0
2018-11-12,61.5,61.74,60.53,60.77,60.2058,176200,0,0
2018-11-13,60.87,61.8,60.84,61.59,61.0182,170800,0,0
2018-11-14,61.86,62.38,61.13,61.47,60.8993,148200,0,0
2018-11-15,61.25,62.06,61.1,61.9,61.3254,377800,0,0
2018-11-16,61.6,63.07,61.6,62.96,62.3755,247100,0,0
2018-11-19,62.58,62.81,61.01,61.24,60.6715,271300,0,0
2018-11-20,60.49,61.3,60.15,61.2,60.6319,208800,0,0
2018-11-21,61.69,62.71,61.26,62.18,61.6028,191200,0,0
2018-11-23,61.88,62.81,61.88,62.58,61.999,104600,0,0
2018-11-26,63,63.87,62.92,63.46,62.8709,165300,0,0
2018-11-27,62.98,63.62,62.69,63.16,62.5737,121700,0,0
2018-11-28,63.38,64.13,63.24,63.9,63.3068,180600,0,0
2018-11-29,63.66,64.21,63.45,63.47,62.8808,209800,0,0
2018-11-30,63.47,64.18,63.22,63.82,63.2275,255600,0,0
2018-12-03,64.54,64.74,63.76,64.29,63.6932,280000,0,0
2018-12-04,64.19,64.9,63.54,63.68,63.0888,217600,0,0
2018-12-06,62.57,63.65,61.99,63.59,62.9997,251900,0,0
2018-12-07,63.73,64.35,62.54,62.54,61.9594,301400,0,0
2018-12-10,62.48,63.03,61.79,62.78,62.1972,203900,0,0
2018-12-11,63.43,64,62.82,63,62.4151,138700,0,0
2018-12-12,63.52,64.83,63.52,64.15,63.5545,214600,0,0
2018-12-13,64.21,64.52,63.67,63.87,63.2771,174100,0,0
2018-12-14,63.34,63.59,62.81,63.02,62.435,126800,0,0
2018-12-17,62.5,62.97,61.67,61.84,61.2659,183700,0,0
2018-12-18,62.09,62.61,61.87,62.11,61.5334,133900,0,0
2018-12-19,62.2,62.25,60.87,61.15,60.5823,267800,0,0
2018-12-20,60.63,61.39,59.14,59.48,58.9278,249400,0,0
2018-12-21,59.39,59.53,57.62,57.78,57.2436,262100,0,0
2018-12-24,57.51,58.79,57.35,58.39,57.8479,135800,0,0
2018-12-26,58.5,60.18,57.97,60.16,59.6015,140200,0,0
2018-12-27,59.36,59.67,58.45,59.67,59.1161,273200,0,0
2018-12-28,59.99,60.67,59.66,60.06,59.5024,286800,0,0
2018-12-31,60.23,61.19,60.23,61.19,60.6219,309100,0,0
2019-01-02,60.41,61.5,60.27,61.19,60.6219,225800,0,0
2019-01-03,60.58,60.72,59.56,59.56,59.0071,209800,0,0
2019-01-04,60.23,60.95,59.93,60.69,60.1266,218000,0,0
2019-01-07,60.55,61.76,60.47,61.56,60.9885,213800,0,0
2019-01-08,61.75,63.04,61.75,62.88,62.2963,257700,0,0
2019-01-09,63.07,64.52,63.07,64.41,63.8121,231700,0,0
2019-01-10,63.77,65.41,63.68,65.21,64.6046,266100,0,0
2019-01-11,65.02,65.3,64.72,64.84,64.2381,236400,0,0
2019-01-14,64.11,64.32,63.43,64.01,63.4158,186100,0,0
2019-01-15,64.35,65.06,64.27,64.89,64.2876,203900,0,0
2019-01-16,64.96,65.39,64.88,65.27,64.6641,134400,0,0
2019-01-17,64.95,65.32,64.74,65.2,64.5947,227000,0,0
2019-01-18,65.23,65.9,65.23,65.46,64.8523,192600,0,0
2019-01-22,64.78,65.33,64.14,64.38,63.7823,169800,0,0
2019-01-23,64.8,65.1,64.11,64.62,64.0201,176400,0,0
2019-01-24,64.82,65.29,64.39,64.46,63.8616,170000,0,0
2019-01-25,65,65.48,64.68,65.44,64.8325,209200,0,0
2019-01-28,64.84,65.31,64.58,65.29,64.6839,151400,0,0
2019-01-29,65.38,65.38,64.62,64.88,64.2777,149600,0,0
2019-01-30,64.52,65.51,63.88,65.42,64.8127,250300,0,0
2019-01-31,65.06,65.76,64.89,65.73,65.1198,149400,0,0
2019-02-01,65.89,66.68,65.89,66.34,65.7241,185800,0,0
2019-02-04,66.46,67.44,66.24,67.44,66.8139,192800,0,0
2019-02-05,67.04,68.17,67.04,67.44,66.8139,202700,0,0
2019-02-06,67.21,67.43,66.54,66.86,66.2393,231000,0,0
2019-02-07,66.6,66.94,65.98,66.64,66.0214,210100,0,0
2019-02-08,66.44,67.27,66.39,67.26,66.6356,213900,0,0
2019-02-11,67.1,67.38,66.26,66.35,65.734,152800,0,0
2019-02-12,66.68,66.87,65.8,66.6,65.9817,232700,0,0
2019-02-13,66.67,66.76,65.76,65.77,65.1594,349400,0,0
2019-02-14,65.68,66.45,65.55,66.14,65.526,201000,0,0
2019-02-15,66.31,66.46,65.99,66.38,65.7638,154200,0,0
2019-02-19,65.98,66.94,65.8,66.6,65.9817,153600,0,0
2019-02-20,66.84,66.98,66.56,66.74,66.1204,103000,0,0
2019-02-21,66.66,67.17,66.4,66.6,65.9817,111500,0,0
2019-02-22,66.94,67.37,66.63,67.24,66.6158,124400,0,0
2019-02-25,67.18,67.75,67.16,67.32,66.695,96900,0,0
2019-02-26,67.32,67.47,67.1,67.22,66.596,123800,0,0
2019-02-27,67,67.69,66.59,67.48,66.8536,129700,0,0
2019-02-28,67.27,67.51,66.96,67.05,66.4275,189300,0,0
2019-03-01,67.25,67.41,66.99,67.13,66.5068,164600,0,0
2019-03-04,67.01,67.44,66.87,67.23,66.6059,138000,0,0
2019-03-05,67.24,67.41,66.4,66.44,65.8232,235900,0,0
2019-03-06,66.19,66.94,65.65,66.69,66.0709,252800,0,0
2019-03-07,66.5,66.58,65.52,65.9,65.2882,196500,0,0
2019-03-08,65.46,65.91,65.32,65.88,65.2684,135700,0,0
2019-03-11,65.72,66.87,65.72,66.81,66.1898,106400,0,0
2019-03-12,66.96,67.96,66.62,67.65,67.022,168100,0,0
2019-03-13,67.55,67.93,67.16,67.37,66.7446,125000,0,0
2019-03-14,67.2,67.64,67.12,67.29,66.6653,89900,0,0
2019-03-15,67.25,67.74,67.17,67.5,66.8734,138400,0,0
2019-03-18,67.34,67.81,67.05,67.78,67.1508,117200,0,0
2019-03-19,68.19,68.37,67.31,67.4,66.7743,192600,0,0
2019-03-20,67.31,67.78,66.9,67.35,66.7248,122500,0,0
2019-03-21,67.12,67.95,67.02,67.78,67.1508,126000,0,0
2019-03-22,67.53,67.68,67.07,67.45,66.8238,188500,0,0
2019-03-25,67.03,67.65,66.91,67.5,66.8734,104100,0,0
2019-03-26,67.77,68.25,67.31,67.52,66.8932,134600,0,0
2019-03-27,67.5,68.09,67.35,68.06,67.4282,200200,0,0
2019-03-28,68.1,68.7,67.83,68.47,67.8344,120000,0,0
2019-03-29,68.97,69.07,68.36,68.76,68.1217,218300,0,0
2019-04-01,69.26,69.57,68.51,69.32,68.6765,124400,0,0
2019-04-02,69.22,69.65,69.12,69.56,68.9142,143300,0,0
2019-04-03,69.55,70.56,69.42,70.1,69.4492,319300,0,0
2019-04-04,70,70.13,69.11,69.36,68.7161,165300,0,0
2019-04-05,69.4,69.49,68.6,69.08,68.4387,160700,0,0
2019-04-08,68.93,69.26,68.46,69.24,68.5972,108100,0,0
2019-04-09,68.63,69.34,68.63,69.23,68.5873,141500,0,0
2019-04-10,69.3,69.58,69.01,69.1,68.4585,125900,0,0
2019-04-11,69,69.74,69,69.18,68.5378,145200,0,0
2019-04-12,69.45,70.08,69.34,70.05,69.3997,191400,0,0
2019-04-15,69.9,70.87,69.9,70.68,70.0238,156400,0,0
2019-04-16,70.89,71.46,70.61,70.68,70.0238,206100,0,0
2019-04-17,70.87,71.25,70.26,70.55,69.8951,103600,0,0
2019-04-18,70.57,70.96,70.26,70.93,70.2715,133200,0,0
2019-04-22,70.49,71.25,70.38,71.01,70.3508,81600,0,0
2019-04-23,70.92,71.49,70.73,71.45,70.7867,131100,0,0
2019-04-24,71.34,71.6,70.78,70.78,70.1229,145600,0,0
2019-04-25,70.77,71.2,70.52,71.16,70.4994,87700,0,0
2019-04-26,70.56,71.4,70.55,71.1,70.44,135600,0,0
2019-04-29,70.96,71.6,70.96,71.22,70.5588,109000,0,0
2019-04-30,71.2,72.23,71.18,71.83,71.1632,171800,0,0
2019-05-01,72.67,73.56,71.51,71.55,70.8858,274700,0,0
2019-05-02,71.55,72.68,71.28,72.01,71.3415,200400,0,0
2019-05-03,71.82,72.45,71.8,72.13,71.4604,175500,0,0
2019-05-06,71.07,72.13,70.58,71.92,71.2523,186100,0,0
2019-05-07,71.45,72.24,71.26,71.74,71.074,197300,0,0
2019-05-08,71.48,71.82,71.27,71.38,70.7173,185000,0,0
2019-05-09,71,71.82,70.79,71.16,70.4994,280800,0,0
2019-05-10,71,71.88,70.52,71.82,71.1533,216000,0,0
2019-05-13,71.01,71.35,70.05,70.86,70.2022,198100,0,0
2019-05-14,70.95,71.59,70.85,71.24,70.5786,115900,0,0
2019-05-15,71,72.09,70.97,71.72,71.0542,94800,0,0
2019-05-16,71.72,72.66,71.69,72.37,71.6982,138100,0,0
2019-05-17,71.85,72.78,71.76,72.54,71.8666,165900,0,0
2019-05-20,72.1,73.06,72.1,72.75,72.0746,129900,0,0
2019-05-21,72.66,73.61,72.53,73.24,72.5601,199600,0,0
2019-05-22,73,73.55,73,73.25,72.57,90000,0,0
2019-05-23,73.05,73.29,72.51,73.17,72.4907,136100,0,0
2019-05-24,73.12,73.84,72.84,73.07,72.3917,116900,0,0
2019-05-28,73.17,74.19,73.13,73.63,72.9465,147700,0,0
2019-05-29,73.51,74.41,72.77,72.85,72.1737,201400,0,0
2019-05-30,72.91,73.3,72.85,73,72.3223,130400,0,0
2019-05-31,72.78,73.26,72.66,72.86,72.1836,153700,0,0
2019-06-03,72.54,72.96,71.46,71.94,71.2722,153500,0,0
2019-06-04,72.29,72.95,71.79,72.72,72.0449,135100,0,0
2019-06-05,72.89,74.12,72.89,73.69,73.0059,170200,0,0
2019-06-06,73.61,74.82,73.61,74.71,74.0164,211400,0,0
2019-06-07,74.76,75.78,74.76,75.43,74.7297,141800,0,0
2019-06-10,75.43,75.69,75.09,75.35,74.6505,136000,0,0
2019-06-11,75.57,75.85,74.49,75.22,74.5217,131800,0,0
2019-06-12,75.17,75.94,75,75.57,74.8684,142800,0,0
2019-06-13,75.7,76.49,75.67,76.26,75.552,130800,0,0
2019-06-14,75.75,76.37,75.73,76.23,75.5223,154600,0,0
2019-06-17,76.31,76.86,75.97,76.8,76.087,181500,0,0
2019-06-18,77.1,77.8,76.76,76.76,76.0474,224600,0,0
2019-06-19,76.78,77.21,76.23,77.17,76.4536,120800,0,0
2019-06-20,77.75,78.05,76.89,77.09,76.3743,146100,0,0
2019-06-21,77,77.06,76.33,76.62,75.9087,143000,0,0
2019-06-24,76.39,77.15,76.39,77.01,76.2951,127500,0,0
2019-06-25,77,77.14,75.8,75.8,75.0963,157800,0,0
2019-06-26,75.87,76.39,75.55,75.98,75.2746,142100,0,0
2019-06-27,75.95,76.95,75.7,76.7,75.988,120900,0,0
2019-06-28,76.84,76.97,76.25,76.77,76.0573,146000,0,0
2019-07-01,77,77.37,76.8,77.07,76.3545,56800,0,0
2019-07-02,77.3,78.18,77.1,78.15,77.4245,136600,0,0
2019-07-03,77.98,78.78,77.98,78.41,77.6821,108400,0,0
2019-07-05,77.53,77.76,76.66,77.59,76.8697,289300,0,0
2019-07-08,77.1,77.44,76.82,77.02,76.305,180500,0,0
2019-07-09,76.71,78.58,76.47,78.03,77.3056,183600,0,0
2019-07-10,78.38,79.04,77.87,78.12,77.3948,109200,0,0
2019-07-11,78.31,78.88,78.05,78.85,78.118,147900,0,0
2019-07-12,78.86,78.96,78.25,78.3,77.5731,147500,0,0
2019-07-15,78.06,78.98,78.06,78.7,77.9694,118100,0,0
2019-07-16,78.47,78.65,78.13,78.21,77.4839,114700,0,0
2019-07-17,78.42,79.45,78.36,78.92,78.1873,127100,0,0
2019-07-18,78.57,79.62,78.57,79.47,78.7322,103500,0,0
2019-07-19,79.48,79.69,78.75,78.75,78.0189,103900,0,0
2019-07-22,78.78,79.68,78.78,79.39,78.653,105500,0,0
2019-07-23,79.46,79.75,78.62,79.14,78.4053,110900,0,0
2019-07-24,79.14,79.48,78.65,79.41,78.6728,107900,0,0
2019-07-25,79.67,79.79,79.18,79.39,78.653,101900,0,0
2019-07-26,79.59,80.43,79.59,80.3,79.5545,122400,0,0
2019-07-29,80.21,80.5,79.72,79.79,79.0493,108800,0,0
2019-07-30,79.58,79.9,79.26,79.37,78.6332,183900,0,0
2019-07-31,78.64,79.01,76.14,76.93,76.2158,375200,0,0
2019-08-01,77.03,78.75,76.7,77.18,76.4635,250400,0,0
2019-08-02,76.78,76.78,75.04,76.13,75.4232,212700,0,0
2019-08-05,74.92,75.21,74.12,74.63,73.9372,161500,0,0
2019-08-06,74.73,75.91,74.43,75.21,74.5118,221400,0,0
2019-08-07,74.52,75.92,74.25,75.73,75.027,143900,0,0
2019-08-08,76.01,76.66,75.97,76.5,75.7898,84000,0,0
2019-08-09,76.51,76.92,76.12,76.53,75.8195,165900,0,0
2019-08-12,76,76.97,75.96,76.33,75.6214,125300,0,0
2019-08-13,75.59,77.43,75.59,77.06,76.3446,129900,0,0
2019-08-14,75.75,76.81,75.53,75.61,74.9081,228500,0,0
2019-08-15,75.58,76.91,75.46,76.59,75.879,162700,0,0
2019-08-16,77.2,77.94,76.88,77.86,77.1372,145500,0,0
2019-08-19,77.85,78.69,75.46,78.52,77.7911,148400,0,0
2019-08-20,78.31,78.5,77.53,77.53,76.8102,119800,0,0
2019-08-21,78.18,78.87,78,78.21,77.4839,79600,0,0
2019-08-22,78.15,78.27,77.49,78.09,77.3651,76700,0,0
2019-08-23,78.02,78.43,76.41,76.53,75.8195,152200,0,0
2019-08-26,76.64,77.46,76.58,77.33,76.6121,106600,0,0
2019-08-27,77.74,78.46,77.67,78.12,77.3948,163500,0,0
2019-08-28,77.76,78.2,77.36,77.53,76.8102,129800,0,0
2019-08-29,77.7,78.56,77.7,78.47,77.7415,135100,0,0
2019-08-30,78.51,78.86,78,78.48,77.7514,123400,0,0
2019-09-03,77.96,78.8,77.66,78.21,77.4839,159800,0,0
2019-09-04,78.5,79.32,78.5,79.02,78.2864,109500,0,0
2019-09-05,79.37,80.59,79.37,79.8,79.0592,136000,0,0
2019-09-06,79.88,80.54,79.88,80.09,79.3465,147700,0,0
2019-09-09,79.97,80.1,78.15,78.56,77.8307,120600,0,0
2019-09-10,78.38,78.38,76.59,77.79,77.0678,156000,0,0
2019-09-11,77.75,78.26,77.14,78.17,77.4443,172900,0,0
2019-09-12,78.29,78.78,78.05,78.23,77.5038,134700,0,0
2019-09-13,78.18,78.4,77.41,77.63,76.9093,122300,0,0
2019-09-16,77.15,77.56,76.94,77.36,76.6418,112100,0,0
2019-09-17,77.38,78.12,77.38,78.06,77.3353,106500,0,0
2019-09-18,78.11,78.11,77.12,77.83,77.1075,115900,0,0
2019-09-19,78.15,79.28,77.89,78.6,77.8703,91400,0,0
2019-09-20,78.73,79.32,77.64,77.77,77.048,170300,0,0
2019-09-23,77.53,77.93,77.27,77.56,76.84,121400,0,0
2019-09-24,77.82,78.7,77.55,77.94,77.2164,137800,0,0
2019-09-25,77.54,78.51,76.61,78.34,77.6127,167000,0,0
2019-09-26,78.34,79.18,78.19,78.65,77.9199,197000,0,0
2019-09-27,78.72,79.08,78.11,78.42,77.692,177800,0,0
2019-09-30,78.08,79.6,78.08,79.14,78.4053,161400,0,0
2019-10-01,79,79.55,77.87,77.91,77.1867,180900,0,0
2019-10-02,77.55,77.62,76.18,76.61,75.8988,176500,0,0
2019-10-03,76.48,76.91,75.8,76.25,75.5421,140600,0,0
2019-10-04,76.31,77.18,76.31,77.16,76.4437,126400,0,0
2019-10-07,76.68,77.14,76.47,76.56,75.8493,177200,0,0
2019-10-08,76.61,77.93,76.6,77.07,76.3545,207400,0,0
2019-10-09,77.4,78.13,77.23,77.81,77.0876,158100,0,0
2019-10-10,77.37,78.59,77.37,78.01,77.2858,132900,0,0
2019-10-11,78.65,79.24,78.2,78.2,77.474,132900,0,0
2019-10-14,78.02,78.54,77.85,78.03,77.3056,41700,0,0
2019-10-15,78.24,78.99,77.9,78.52,77.7911,220900,0,0
2019-10-16,78.42,78.42,77.55,77.76,77.0381,236300,0,0
2019-10-17,78.03,78.47,77.76,78.09,77.3651,143400,0,0
2019-10-18,78.46,78.46,77.47,77.65,76.9291,141000,0,0
2019-10-21,77.7,79.16,77.7,79.03,78.2963,181900,0,0
2019-10-22,79.1,79.39,77.59,77.64,76.9192,142500,0,0
2019-10-23,77.76,78.14,77.52,77.81,77.0876,146200,0,0
2019-10-24,78,78.73,77.93,78.13,77.4047,149400,0,0
2019-10-25,78.07,78.39,77.64,78.16,77.4344,136700,0,0
2019-10-28,78.4,78.43,77.91,78.29,77.5632,127900,0,0
2019-10-29,78.25,78.61,77.34,77.38,76.6616,177400,0,0
2019-10-30,77.6,78.15,77.3,78.11,77.3849,225100,0,0
2019-10-31,78,78.24,77.59,77.72,76.9985,177200,0,0
2019-11-01,78,78.51,77.77,78.31,77.583,141100,0,0
2019-11-04,78.25,78.8,77.91,77.95,77.2264,153700,0,0
2019-11-05,78.03,78.07,77.22,77.68,76.9589,125200,0,0
2019-11-06,77.23,80.57,77.23,79.44,78.7025,309200,0,0
2019-11-07,79.5,79.84,79.18,79.58,78.8412,157000,0,0
2019-11-08,79.18,80.55,79,80.26,79.5149,175200,0,0
2019-11-11,79.8,80.88,79.4,80.14,79.396,175500,0,0
2019-11-12,80.11,80.49,79.77,80.03,79.287,105800,0,0
2019-11-13,79.62,79.98,79.42,79.79,79.0493,244900,0,0
2019-11-14,79.55,80.89,79.53,80.84,80.0895,132700,0,0
2019-11-15,80.89,81.63,80.75,81.6,80.8425,178100,0,0
2019-11-18,81.15,82,81.15,81.75,80.9911,121800,0,0
2019-11-19,82,82.63,81.86,82.43,81.6648,124200,0,0
2019-11-20,82.23,82.65,81.35,81.74,80.9812,123900,0,0
2019-11-21,81.68,82.09,81.6,81.82,81.0604,130900,0,0
2019-11-22,81.73,81.82,81.07,81.45,80.6939,104200,0,0
2019-11-25,81.46,81.95,81.34,81.64,80.8821,144900,0,0
2019-11-26,81.48,83.16,81.4,82.86,82.0908,189800,0,0
2019-11-27,82.82,83.48,82.64,83.19,82.4177,123700,0,0
2019-11-29,82.69,83.52,82.69,83.14,82.3682,64700,0,0
2019-12-02,82.81,83.64,82.19,83.29,82.5168,181500,0,0
2019-12-03,82.25,83.13,82.09,82.57,81.8035,162100,0,0
2019-12-04,82.66,83.23,82.66,82.82,82.0511,150700,0,0
2019-12-05,82.82,83.11,82.38,82.56,81.7936,381700,0,0
2019-12-06,82.63,83.21,82.31,83,82.2295,295000,0,0
2019-12-09,83.09,83.34,82.34,82.37,81.6053,115400,0,0
2019-12-10,82.1,82.7,82.07,82.63,81.8629,150600,0,0
2019-12-11,82.5,82.97,82.22,82.69,81.9224,194900,0,0
2019-12-12,82.48,83.1,82,82.83,82.0611,124900,0,0
2019-12-13,82.66,83.4,82.61,83.02,82.2493,148700,0,0
2019-12-16,83.07,83.96,82.9,83.32,82.5465,112800,0,0
2019-12-17,83.25,83.5,82.85,83.09,82.3186,107500,0,0
2019-12-18,82.98,83.67,82.67,83.52,82.7446,181800,0,0
2019-12-19,83.31,84.23,83.05,84.02,83.24,140000,0,0
2019-12-20,83.78,85,83.58,84.51,83.7254,185800,0,0
2019-12-23,84.44,84.7,83.77,83.79,83.0121,102400,0,0
2019-12-24,83.63,83.76,83.19,83.56,82.7843,62200,0,0
2019-12-26,83.55,83.9,83.4,83.8,83.022,47700,0,0
2019-12-27,84.02,84.23,83.61,84.08,83.2995,127600,0,0
2019-12-30,84.04,84.05,82.91,83.49,82.7149,117800,0,0
2019-12-31,83.46,83.9,83.41,83.71,82.9329,134500,0,0
2020-01-02,83.59,84.3,83.58,84.23,83.4481,142400,0,0
2020-01-03,83.31,84.2,83.18,83.81,83.032,131600,0,0
2020-01-06,83.34,84.4,83.31,84.34,83.557,161700,0,0
2020-01-07,84.07,84.58,84.04,84.39,83.6066,110700,0,0
2020-01-08,84.4,85.54,84.4,85.15,84.3595,222700,0,0
2020-01-09,85.5,86.59,85.32,86.18,85.3799,198200,0,0
2020-01-10,86.52,86.52,85.4,85.63,84.835,158600,0,0
2020-01-13,85.41,86.38,85.41,86.32,85.5187,110300,0,0
2020-01-14,86.1,86.49,85.82,85.97,85.1719,131700,0,0
2020-01-15,86.18,86.78,86.08,86.17,85.37,131200,0,0
2020-01-16,86.33,86.83,86.08,86.55,85.7465,130000,0,0
2020-01-17,86.55,87.1,86.34,86.72,85.9149,132500,0,0
2020-01-21,86.34,87,86.02,86.04,85.2412,156800,0,0
2020-01-22,86.41,86.85,86.03,86.09,85.2908,141700,0,0
2020-01-23,85.92,86.86,85.89,86.48,85.6772,118200,0,0
2020-01-24,86.82,87.13,85.72,86.2,85.3998,155900,0,0
2020-01-27,85.03,86.02,84.86,85.23,84.4388,248600,0,0
2020-01-28,85.39,86.09,85.22,85.85,85.053,207900,0,0
2020-01-29,85.46,85.59,78.73,78.81,78.0784,771600,0,0
2020-01-30,78.2,79.33,77.35,77.92,77.1966,473200,0,0
2020-01-31,77.73,77.73,75.61,76.52,75.8096,571300,0,0
2020-02-03,76.9,77.22,76.2,76.74,76.0276,399800,0,0
2020-02-04,77.05,77.36,76.15,76.27,75.5619,428100,0,0
2020-02-05,76.73,76.73,75.34,75.91,75.2053,253800,0,0
2020-02-06,75.98,78.23,75.95,78.19,77.4641,255800,0,0
2020-02-07,77.98,77.98,76.76,77.14,76.4239,229200,0,0
2020-02-10,76.98,77.81,76.72,77.76,77.0381,143800,0,0
2020-02-11,77.92,77.99,76.9,76.95,76.2356,154100,0,0
2020-02-12,77.1,77.4,76.5,77.35,76.6319,159100,0,0
2020-02-13,76.95,77.53,76.58,76.98,76.2654,142600,0,0
2020-02-14,77.04,77.66,76.9,77.58,76.8598,151000,0,0
2020-02-18,77.46,77.46,76.54,77.08,76.3644,171800,0,0
2020-02-19,77.45,77.45,76.44,76.51,75.7997,254500,0,0
2020-02-20,76.27,76.3,74.66,75.53,74.8288,291300,0,0
2020-02-21,75.4,75.8,75,75.65,74.9477,184900,0,0
2020-02-24,73.64,74.98,72.44,74.09,73.4022,277800,0,0
2020-02-25,74.44,74.65,71.95,72.56,71.8864,346700,0,0
2020-02-26,72.44,73.36,72.24,72.54,71.8666,307200,0,0
2020-02-27,71.36,72.31,70.19,70.29,69.6375,291600,0,0
2020-02-28,67.75,70.46,67.09,70.41,69.7564,455400,0,0
2020-03-02,70.46,71.9,69.94,71.83,71.1632,293900,0,0
2020-03-03,71.83,72,69.91,70.19,69.5384,332000,0,0
2020-03-04,71.07,72.3,70.53,72.26,71.5892,227800,0,0
2020-03-05,71.05,71.84,70.97,71.22,70.5588,249700,0,0
2020-03-06,69.72,71.01,69.61,70.59,69.9347,396600,0,0
2020-03-09,66.73,69.07,65.33,66.46,65.843,375200,0,0
2020-03-10,67.7,68.93,66.58,68.84,68.2009,518500,0,0
2020-03-11,67.49,68.06,65.61,66.21,65.5953,427300,0,0
2020-03-12,60.82,61.71,58.06,58.29,57.7489,589600,0,0
2020-03-13,60.15,61.36,58.75,60.35,59.7897,578100,0,0
2020-03-16,54.22,57.21,52.28,54.65,54.1427,545600,0,0
2020-03-17,54.97,55.55,52.73,53.37,52.8745,540300,0,0
2020-03-18,50.7,52.5,46.43,48.65,48.1984,473300,0,0
2020-03-19,48.13,52.23,47.5,51,50.5265,559900,0,0
2020-03-20,52.08,52.97,47.92,48.19,47.7426,448200,0,0
2020-03-23,47.53,49.33,46.32,46.85,46.4151,785500,0,0
2020-03-24,48.71,49.61,47.89,49.34,48.882,641000,0,0
2020-03-25,49.56,52.49,48.54,49.32,48.8621,598800,0,0
2020-03-26,49.72,52.47,49.72,52.2,51.7154,678500,0,0
2020-03-27,50.96,51.07,49.05,50.21,49.7439,605200,0,0
2020-03-30,50.02,52.65,49.64,52.42,51.9334,447400,0,0
2020-03-31,52.02,54.82,51.85,54.41,53.9049,535500,0,0
2020-04-01,53.38,54.81,52.61,53.34,52.8448,539200,0,0
2020-04-02,53.17,54.81,53.17,54.19,53.6869,417800,0,0
2020-04-03,54.44,54.44,53.02,53.52,53.0231,404300,0,0
2020-04-06,54.68,55.88,53.67,55.71,55.1928,508500,0,0
2020-04-07,57.6,58.81,56.39,56.75,56.2232,504200,0,0
2020-04-08,57.5,58.32,56.1,58.06,57.521,415900,0,0
2020-04-09,59,60.78,58.5,60.13,59.5718,534700,0,0
2020-04-13,60.04,60.3,58.6,59.65,59.0962,429600,0,0
2020-04-14,60.12,60.62,59.2,60.1,59.5421,513400,0,0
2020-04-15,58.69,59.38,58.26,58.48,57.9371,559900,0,0
2020-04-16,58.32,59.04,58.16,58.44,57.8975,296800,0,0
2020-04-17,59.75,60.53,59.23,60.41,59.8492,387600,0,0
2020-04-20,60.29,60.95,59.27,59.56,59.0071,295700,0,0
2020-04-21,58.38,59.12,57.7,57.74,57.204,273700,0,0
2020-04-22,58.93,59.41,58.42,59.17,58.6207,236500,0,0
2020-04-23,59.5,60.27,59.29,60.1,59.5421,297800,0,0
2020-04-24,60.07,61.31,59.85,61.04,60.4733,291700,0,0
2020-04-27,61.46,62.61,61.18,62.38,61.8009,318100,0,0
2020-04-28,63.3,63.76,61.03,61.11,60.5427,340100,0,0
2020-04-29,62.48,63.76,62.04,63.44,62.8511,329900,0,0
2020-04-30,63,64.49,62.85,63.97,63.3761,574500,0,0
2020-05-01,62.72,62.99,61.83,62.73,62.1477,396400,0,0
2020-05-04,62.31,63.39,62.1,63.34,62.752,306500,0,0
2020-05-05,64.16,64.84,63.64,64.12,63.5247,391800,0,0
2020-05-06,64.51,65.07,63.95,64.01,63.4158,239200,0,0
2020-05-07,64.5,65.63,64.5,64.97,64.3669,295400,0,0
2020-05-08,65.68,65.68,64.88,65.11,64.5056,190900,0,0
2020-05-11,64.52,64.89,63.77,63.94,63.3464,264800,0,0
2020-05-12,64.02,64.2,62.23,62.29,61.7117,424100,0,0
2020-05-13,62.24,62.24,60.1,60.58,60.0176,290900,0,0
2020-05-14,60.07,60.32,58.6,60.3,59.7402,213200,0,0
2020-05-15,60,60.36,59.56,60.24,59.6808,222500,0,0
2020-05-18,61.1,62.4,61.1,61.84,61.2659,102500,0,0
2020-05-19,62.22,62.54,60.87,60.87,60.3049,221000,0,0
2020-05-20,61.83,62.18,61.49,61.64,61.0678,154100,0,0
2020-05-21,61.65,61.7,60.75,61.14,60.5724,105200,0,0
2020-05-22,60.95,62.41,60.45,62.25,61.6721,231700,0,0
2020-05-26,63.48,63.94,62.65,63.44,62.8511,203900,0,0
2020-05-27,63.99,64.08,61.6,62.73,62.1477,293900,0,0
2020-05-28,63.13,64.7,62.84,64.17,63.5743,243900,0,0
2020-05-29,64.09,64.47,62.97,63.76,63.1681,251100,0,0
2020-06-01,63.61,64.67,63.03,64.52,63.921,161200,0,0
2020-06-02,64.87,65.68,64.58,65.66,65.0504,227800,0,0
2020-06-03,65.66,67.1,65.66,67.04,66.4176,185900,0,0
2020-06-04,66.49,67.25,66.16,66.89,66.269,316800,0,0
2020-06-05,67.85,69.16,67.55,68.62,67.983,265200,0,0
2020-06-08,68.69,69.54,68.31,69.3,68.6567,224500,0,0
2020-06-09,68.19,68.58,67.54,68.16,67.5273,137500,0,0
2020-06-10,68.3,69.08,67.8,68.62,67.983,224800,0,0
2020-06-11,67.24,67.68,65.33,65.38,64.773,290800,0,0
2020-06-12,66.48,67.49,65.44,65.83,65.2189,227100,0,0
2020-06-15,64.87,65.96,63.81,65.63,65.0207,249400,0,0
2020-06-16,66.6,67.69,65.42,65.66,65.0504,246600,0,0
2020-06-17,65.72,65.81,64.05,64.27,63.6733,282300,0,0
2020-06-18,64.18,64.8,63.81,64.48,63.8814,157500,0,0
2020-06-19,65.02,65.6,63.62,63.72,63.1285,242200,0,0
2020-06-22,63.73,64.86,63.04,64.73,64.1291,181100,0,0
2020-06-23,65.26,65.26,63.39,63.4,62.8114,228400,0,0
2020-06-24,62.68,63,61.67,61.82,61.2461,310100,0,0
2020-06-25,61.82,63.44,61.24,63.41,62.8213,270400,0,0
2020-06-26,63.35,63.62,62.31,62.43,61.8504,199500,0,0
2020-06-29,62.46,63.7,62.13,63.13,62.5439,226000,0,0
2020-06-30,62.95,63.3,62.44,63,62.4151,163300,0,0
2020-07-01,63.16,63.62,62.71,63.29,62.7025,91900,0,0
2020-07-02,63.84,64.1,63.12,63.69,63.0987,209600,0,0
2020-07-06,64,64.43,63.51,64.03,63.4356,235700,0,0
2020-07-07,63.67,64.45,62.97,62.97,62.3854,221900,0,0
2020-07-08,63,63.9,63,63.86,63.2672,167400,0,0
2020-07-09,63.87,64.06,62.57,63.95,63.3563,183800,0,0
2020-07-10,63.96,64.15,63.62,63.76,63.1681,129900,0,0
2020-07-13,64.09,64.69,63.48,63.97,63.3761,238200,0,0
2020-07-14,63.8,64.92,63.74,64.52,63.921,215500,0,0
2020-07-15,64.93,66.61,64.72,66.45,65.8331,215400,0,0
2020-07-16,65.95,66.59,65.67,65.83,65.2189,134400,0,0
2020-07-17,65.82,66.2,65.59,65.7,65.0901,209100,0,0
2020-07-20,65.52,66.7,65.52,66.56,65.9421,153300,0,0
2020-07-21,66.93,66.95,65.16,65.26,64.6542,230200,0,0
2020-07-22,65,65.79,64.61,65.38,64.773,214000,0,0
2020-07-23,65.39,66.36,65.26,65.44,64.8325,196400,0,0
2020-07-24,65.22,65.22,64.2,64.63,64.03,249300,0,0
2020-07-27,64.5,66.05,64.5,65.94,65.3278,192300,0,0
2020-07-28,65.66,65.91,65.15,65.17,64.565,205700,0,0
2020-07-29,66.03,69.97,65.27,69.91,69.261,398100,0,0
2020-07-30,68.97,71.23,68.6,71.04,70.3805,270600,0,0
2020-07-31,71.06,71.43,69.77,71.39,70.7272,319200,0,0
2020-08-03,71.2,71.68,70.79,71,70.3409,89600,0,0
2020-08-04,71.18,71.72,70.18,70.66,70.004,264200,0,0
2020-08-05,71.12,71.68,70.59,71.34,70.6777,131500,0,0
2020-08-06,70.95,71.91,70.69,71.79,71.1235,280100,0,0
2020-08-07,71.27,71.72,70.66,71.55,70.8858,179000,0,0
2020-08-10,71.2,71.62,70.23,70.53,69.8752,221900,0,0
2020-08-11,70.73,70.81,70.19,70.27,69.6177,141300,0,0
2020-08-12,70.5,71.29,69.97,70.19,69.5384,180600,0,0
2020-08-13,69.97,70.32,69.53,69.89,69.2412,156600,0,0
2020-08-14,69.58,69.85,68.92,69.21,68.5675,195800,0,0
2020-08-17,69.13,69.97,68.81,69.03,68.3892,152900,0,0
2020-08-18,69.3,69.35,68.41,69.22,68.5774,163100,0,0
2020-08-19,69.08,69.5,68.77,68.81,68.1712,107500,0,0
2020-08-20,68.5,69.57,68.19,69.35,68.7062,117300,0,0
2020-08-21,69.17,69.9,68.57,69.72,69.0728,180700,0,0
2020-08-24,69.71,70.35,69.02,69.34,68.6963,101700,0,0
2020-08-25,69.18,69.62,68.61,68.74,68.1019,126700,0,0
2020-08-26,68.76,70.75,68.53,70.52,69.8653,151700,0,0
2020-08-27,70.33,71.54,70.25,70.76,70.1031,128700,0,0
2020-08-28,70.97,71.22,70.69,70.88,70.222,194800,0,0
2020-08-31,70.55,70.88,69.45,70.19,69.5384,206700,0,0
2020-09-01,70.37,71.6,69.78,71.54,70.8759,233700,0,0
2020-09-02,71.6,73.77,71.47,73.58,72.8969,281400,0,0
2020-09-03,72.92,73.1,70.35,70.81,70.1526,320700,0,0
2020-09-04,70.79,71.01,68.33,69.66,69.0133,272600,0,0
2020-09-08,67.97,68.64,67.51,67.95,67.3192,211100,0,0
2020-09-09,68.84,70.97,68.65,70.79,70.1328,158800,0,0
2020-09-10,71.16,71.16,68.55,68.61,67.9731,151100,0,0
2020-09-11,68.73,69.16,67.95,68.54,67.9037,164000,0,0
2020-09-14,68.75,69.17,68.61,68.84,68.2009,154800,0,0
2020-09-15,69.18,69.81,69.09,69.53,68.8845,207500,0,0
2020-09-16,69.79,69.93,68.11,68.13,67.4975,231400,0,0
2020-09-17,67.28,68.01,67.28,67.95,67.3192,145400,0,0
2020-09-18,67.84,68.62,67.72,67.79,67.1607,149700,0,0
2020-09-21,67,67.22,66,67.21,66.5861,168600,0,0
2020-09-22,67.48,68.41,66.91,68.28,67.6461,117500,0,0
2020-09-23,68.25,68.6,67.98,68.01,67.3786,155300,0,0
2020-09-24,67.51,68,66.48,67.08,66.4573,130700,0,0
2020-09-25,66.97,67.4,66.25,67.11,66.487,168300,0,0
2020-09-28,67.59,68.54,67.42,67.56,66.9328,134100,0,0
2020-09-29,67.34,68.16,66.97,67,66.378,174700,0,0
2020-09-30,66.9,68.16,66.9,67.77,67.1409,175400,0,0
2020-10-01,67.91,69.45,67.79,69.34,68.6963,188100,0,0
2020-10-02,68.41,69.24,68.4,68.78,68.1415,119500,0,0
2020-10-05,68.8,69.81,68.72,69.77,69.1223,93100,0,0
2020-10-06,69.7,69.91,67.54,67.57,66.9427,137200,0,0
2020-10-07,68.23,68.53,67.97,68.18,67.5471,137900,0,0
2020-10-08,68.62,69.22,68.36,69.18,68.5378,75500,0,0
2020-10-09,69.69,70.26,69.14,69.23,68.5873,151200,0,0
2020-10-12,69.24,69.89,69.24,69.5,68.8548,52200,0,0
2020-10-13,69.38,70.18,69.35,69.91,69.261,102500,0,0
2020-10-14,70.11,70.36,69.13,69.25,68.6071,104400,0,0
2020-10-15,68.04,69.38,68.04,69.27,68.6269,144400,0,0
2020-10-16,69.13,69.33,68.95,68.98,68.3396,100300,0,0
2020-10-19,68.75,69.47,68.23,68.46,67.8245,98900,0,0
2020-10-20,68.4,68.69,67.57,67.61,66.9823,89700,0,0
2020-10-21,67.59,67.71,66.41,66.6,65.9817,92200,0,0
2020-10-22,66.32,66.78,65.54,66.04,65.4269,82700,0,0
2020-10-23,66.14,66.52,65.75,66.49,65.8727,78500,0,0
2020-10-26,65.58,65.67,64.11,64.62,64.0201,97700,0,0
2020-10-27,64.65,65.15,63.78,64.02,63.4257,143200,0,0
2020-10-28,62.79,63.32,61.19,61.29,60.721,240900,0,0
2020-10-29,61.25,63.09,61.25,62.72,62.1377,157500,0,0
2020-10-30,62.48,62.61,61.1,62.17,61.5928,175000,0,0
2020-11-02,62.67,63.04,60.58,61.08,60.513,253300,0,0
2020-11-03,61.8,63.22,61.8,62.53,61.9495,126400,0,0
2020-11-04,63.08,64.92,63.03,64.4,63.8021,127500,0,0
2020-11-05,65.34,65.56,64.64,65.22,64.6145,114100,0,0
2020-11-06,65.16,65.81,64.73,65.6,64.991,146300,0,0
2020-11-09,68.1,69.94,67.06,69.61,68.9638,261600,0,0
2020-11-10,69.3,69.73,68.56,68.73,68.0919,257300,0,0
2020-11-11,68.71,71.94,68.71,71.09,70.43,234200,0,0
2020-11-12,70.34,71.22,67.53,67.63,67.0022,174500,0,0
2020-11-13,68.02,68.76,67.91,68.41,67.7749,216300,0,0
2020-11-16,68.99,70.53,68.51,70.5,69.8455,199000,0,0
2020-11-17,69.87,70.45,69.32,70.35,69.6969,223600,0,0
2020-11-18,69.96,70.57,69.33,70,69.3502,195400,0,0
2020-11-19,69.58,70.18,68.84,70.05,69.3997,155900,0,0
2020-11-20,70.04,71.37,70.04,71.19,70.5291,143100,0,0
2020-11-23,70.9,71.78,70.67,71.43,70.7669,128300,0,0
2020-11-24,71.88,73.13,71.46,72.6,71.926,126900,0,0
2020-11-25,72.69,73.92,72.69,73.21,72.5303,137800,0,0
2020-11-27,73.99,74.54,73.62,74.39,73.6994,114900,0,0
2020-11-30,74.12,74.72,73.58,73.8,73.1149,220800,0,0
2020-12-01,74.4,75.15,73.99,74,73.313,149400,0,0
2020-12-02,73.64,74.71,73.58,74.14,73.4517,175400,0,0
2020-12-03,73.99,75.88,73.99,75.47,74.7694,130400,0,0
2020-12-04,75.56,76.78,75.39,76.6,75.8889,125300,0,0
2020-12-07,76.09,76.94,76.05,76.41,75.7007,132400,0,0
2020-12-08,76.25,76.55,75.13,75.15,74.4524,132700,0,0
2020-12-09,75.15,75.38,73.18,73.66,72.9762,240100,0,0
2020-12-10,73.51,75.13,73.01,74.93,74.2344,221400,0,0
2020-12-11,74.83,75.83,74.32,75.59,74.8883,137500,0,0
2020-12-14,75.73,77,75.7,75.96,75.2548,154100,0,0
2020-12-15,76.29,78.7,76.29,78.38,77.6524,217700,0,0
2020-12-16,78.25,78.42,77.59,77.69,76.9688,152400,0,0
2020-12-17,78.2,80.2,77.99,79.8,79.0592,202300,0,0
2020-12-18,79.48,79.75,78.97,79.05,78.3161,276000,0,0
2020-12-21,77.52,78.62,76.63,78.59,77.8604,158500,0,0
2020-12-22,78.69,79,78.06,78.37,77.6425,92200,0,0
2020-12-23,78.33,78.73,78.1,78.38,77.6524,112900,0,0
2020-12-24,78.86,79.38,78.62,79.35,78.6134,58600,0,0
2020-12-28,79.47,79.67,79.07,79.36,78.6233,41000,0,0
2020-12-29,79.65,80.35,79.51,80.12,79.3762,137200,0,0
2020-12-30,80.3,80.79,79.2,79.23,78.4945,93900,0,0
2020-12-31,79.15,79.91,79.15,79.31,78.5737,120400,0,0
2021-01-04,79.2,79.74,77.84,78.03,77.3056,150200,0,0
2021-01-05,77.72,80,77.72,79.81,79.0691,141200,0,0
2021-01-06,79.47,79.91,78.55,78.7,77.9694,145800,0,0
2021-01-07,78.67,79.14,78.05,78.89,78.1576,142100,0,0
2021-01-08,79,80.9,78.91,80.26,79.5149,170000,0,0
2021-01-11,79.01,79.59,78.44,78.78,78.0486,105300,0,0
2021-01-12,78.66,78.93,77.93,78.85,78.118,96100,0,0
2021-01-13,79.04,79.56,78.44,79.31,78.5737,126500,0,0
2021-01-14,79.4,79.85,78.08,78.19,77.4641,129600,0,0
2021-01-15,77.76,78.52,77.19,78.01,77.2858,112600,0,0
2021-01-19,78.09,78.99,77.86,78.68,77.9496,89700,0,0
2021-01-20,79.14,79.61,78.78,79.58,78.8412,105500,0,0
2021-01-21,79.83,80.6,79.19,79.84,79.0988,113200,0,0
2021-01-22,79.4,79.56,78.46,78.97,78.2369,122400,0,0
2021-01-25,79,79.22,78.11,78.59,77.8604,90400,0,0
2021-01-26,78.57,78.66,77.51,77.62,76.8994,160800,0,0
2021-01-27,77.99,78.8,76.85,77.37,76.6517,202600,0,0
2021-01-28,77.5,80.95,77.5,80.66,79.9112,271800,0,0
2021-01-29,80.37,80.98,78.72,80.05,79.3069,401900,0,0
2021-02-01,80.56,80.56,78.83,79.81,79.0691,193900,0,0
2021-02-02,80.08,81.51,79.87,81.19,80.4363,183800,0,0
2021-02-03,80.98,81.51,80.56,80.6,79.8518,122700,0,0
2021-02-04,80.31,80.47,78.54,78.76,78.0288,209100,0,0
2021-02-05,78.74,80.16,78.61,80.13,79.3861,162100,0,0
2021-02-08,80.1,80.89,79.15,79.45,78.7124,98400,0,0
2021-02-09,79.5,79.7,78.89,79.34,78.6035,130100,0,0
2021-02-10,79.95,79.95,78.33,79.15,78.4152,136200,0,0
2021-02-11,79.13,79.56,78.83,79.01,78.2765,75400,0,0
2021-02-12,78.69,79.36,77.92,79.19,78.4548,125300,0,0
2021-02-16,79.12,79.34,77.91,78.35,77.6226,99300,0,0
2021-02-17,77.81,78.26,77.22,78.2,77.474,70800,0,0
2021-02-18,77.43,78.12,76.26,77.36,76.6418,100500,0,0
2021-02-19,78.17,78.17,76.32,76.41,75.7007,118600,0,0
2021-02-22,75.78,76.49,75.66,76.02,75.3143,98200,0,0
2021-02-23,75.75,75.94,74.89,75.57,74.8684,135300,0,0
2021-02-24,75.2,76.91,74.69,76.74,76.0276,128400,0,0
2021-02-25,76.52,77.1,75.42,75.73,75.027,159700,0,0
2021-02-26,75.84,76.18,74.58,74.63,73.9372,190400,0,0
2021-03-01,75.27,76.98,75.27,76.79,76.0771,229200,0,0
2021-03-02,76.81,78.6,76.47,78.14,77.4146,196200,0,0
2021-03-03,77.78,77.78,75.98,76.01,75.3044,147500,0,0
2021-03-04,76.56,77.05,74.99,75.69,74.9874,211800,0,0
2021-03-05,76.43,77.26,75.45,76.89,76.1762,197500,0,0
2021-03-08,76.51,78.51,76.45,76.93,76.2158,113600,0,0
2021-03-09,77.81,79.9,77.81,79.31,78.5737,161100,0,0
2021-03-10,79.33,79.93,78.43,78.47,77.7415,194100,0,0
2021-03-11,79.09,80.84,79.09,80.71,79.9607,139600,0,0
2021-03-12,79.6,80.67,79.45,80.5,79.7527,109000,0,0
2021-03-15,79.97,80.79,79.6,80.76,80.0103,107200,0,0
2021-03-16,80.56,81.54,80.56,81.27,80.5155,142400,0,0
2021-03-17,80.44,81.17,79.74,80.76,80.0103,116500,0,0
2021-03-18,80.09,81.15,79.94,80.47,79.723,128300,0,0
2021-03-19,80.76,82.23,80.3,81.64,80.8821,209100,0,0
2021-03-22,81.64,83.06,81.64,82.55,81.7837,111000,0,0
2021-03-23,82.45,83.54,82.32,82.51,81.744,127800,0,0
2021-03-24,82.34,82.34,81.18,81.43,80.674,118800,0,0
2021-03-25,81.01,82.08,80.62,81.6,80.8425,100000,0,0
2021-03-26,82,82.49,81.11,82.4,81.635,162200,0,0
2021-03-29,82,83.45,81.99,83.33,82.5564,147000,0,0
2021-03-30,82.92,82.92,81.74,82.4,81.635,123500,0,0
2021-03-31,82.35,83.98,82.35,83.22,82.4474,233000,0,0
2021-04-01,83.92,84.25,83.29,84.18,83.3985,157200,0,0
2021-04-05,84,84.74,83.94,84.56,83.775,135500,0,0
2021-04-06,84.03,85.13,83.85,84.72,83.9335,116800,0,0
2021-04-07,84.93,85.05,84.35,84.7,83.9137,117800,0,0
2021-04-08,85.03,85.39,84.58,84.78,83.9929,133700,0,0
2021-04-09,84.83,84.83,83.58,84.2,83.4183,201700,0,0
2021-04-12,83.72,86.37,83.64,86.14,85.3403,175900,0,0
2021-04-13,85.95,86.62,85.79,85.88,85.0827,108700,0,0
2021-04-14,85.63,86.33,85.63,85.63,84.835,116500,0,0
2021-04-15,86.08,87.08,85.93,86.89,86.0834,116400,0,0
2021-04-16,86.8,87.31,86.66,87.03,86.2221,110900,0,0
2021-04-19,86.59,87.27,86.1,86.16,85.3601,81400,0,0
2021-04-20,86.16,86.32,84.86,85.15,84.3595,104200,0,0
2021-04-21,84.8,85.68,84.8,85.59,84.7954,86900,0,0
2021-04-22,85.24,85.82,84.83,85.34,84.5478,102800,0,0
2021-04-23,85.56,85.97,85.17,85.24,84.4487,137300,0,0
2021-04-26,85.03,85.16,84.38,84.94,84.1515,109500,0,0
2021-04-27,84.98,85.4,84.54,84.99,84.201,131400,0,0
2021-04-28,85.14,86.96,84.67,86.82,86.014,233500,0,0
2021-04-29,87.24,89.61,87.18,88.86,88.0351,228800,0,0
2021-04-30,88.28,88.8,88,88.46,87.6388,294000,0,0
2021-05-03,88.97,89.95,88.63,88.88,88.0549,167600,0,0
2021-05-04,88.13,89.39,88.01,89.34,88.5106,190100,0,0
2021-05-05,89.5,89.99,89.35,89.7,88.8673,122100,0,0
2021-05-06,89.58,90.33,88.99,90.22,89.3824,115000,0,0
2021-05-07,90.02,91.24,89.77,91.05,90.2047,149200,0,0
2021-05-10,90.73,91.33,90,90.12,89.2834,96000,0,0
2021-05-11,88.87,89.62,88.35,89.25,88.4215,108900,0,0
2021-05-12,88.36,89.4,87.35,87.64,86.8264,135300,0,0
2021-05-13,87.68,88.54,87.39,88.31,87.4902,165500,0,0
2021-05-14,88.92,89.93,88.34,89.67,88.8375,122900,0,0
2021-05-17,88.97,90.07,88.92,89.5,88.6691,97900,0,0
2021-05-18,89.45,89.98,88.88,89.4,88.5701,95600,0,0
2021-05-19,88.02,88.96,87.87,88.19,87.3713,216900,0,0
2021-05-20,88.5,90.9,88.34,90.63,89.7886,168000,0,0
2021-05-21,90.72,90.76,90.12,90.21,89.3725,111000,0,0
2021-05-24,90.08,90.94,90,90.64,89.7986,40400,0,0
2021-05-25,90.5,91.39,90.44,90.97,90.1255,108900,0,0
2021-05-26,90.78,91.18,90.33,90.57,89.7292,86700,0,0
2021-05-27,90.38,91.19,89.34,89.46,88.6295,463300,0,0
2021-05-28,89.44,90.15,89.16,89.4,88.5701,201000,0,0
2021-06-01,89.34,91.62,89.26,89.69,88.8574,153600,0,0
2021-06-02,89.46,90.29,89.15,89.66,88.8276,166200,0,0
2021-06-03,89.01,89.45,88.09,89.09,88.2629,116000,0,0
2021-06-04,89.35,90.55,89.35,90.3,89.4617,90800,0,0
2021-06-07,89.8,90.35,89.32,90,89.1645,103900,0,0
2021-06-08,89.96,90.52,89.09,89.21,88.3818,90800,0,0
2021-06-09,89.42,89.98,88.89,89.73,88.897,64500,0,0
2021-06-10,89.85,90.96,89.64,90.66,89.8184,84900,0,0
2021-06-11,90.36,90.69,90.3,90.56,89.7193,111700,0,0
2021-06-14,90.32,90.99,90.32,90.97,90.1255,90800,0,0
2021-06-15,90.86,92.09,90.67,91.3,90.4524,150000,0,0
2021-06-16,91.3,91.6,90.26,90.33,89.4914,104600,0,0
2021-06-17,89.99,91.89,89.97,90.78,89.9372,153100,0,0
2021-06-18,90.09,90.14,88.28,89.57,88.7385,171300,0,0
2021-06-21,89.42,91.46,89.42,90.53,89.6896,130000,0,0
2021-06-22,90.37,91.32,90.17,91.03,90.1849,111100,0,0
2021-06-23,91,91.25,90.38,90.8,89.9571,82800,0,0
2021-06-24,90.94,91.69,90.69,90.85,90.0066,207300,0,0
2021-06-25,90.82,91.44,89.66,91.32,90.4722,181900,0,0
2021-06-28,90.82,91.65,90.73,91.49,90.6407,125200,0,0
2021-06-29,91.39,92.1,91.39,91.89,91.0369,93300,0,0
2021-06-30,91.46,91.92,90.21,90.6,89.7589,153500,0,0
2021-07-01,90.38,91.36,90.25,91.3,90.4524,60600,0,0
2021-07-02,91.6,92.06,91.17,91.46,90.6109,113900,0,0
2021-07-06,90.91,91.06,89.81,90.8,89.9571,180900,0,0
2021-07-07,91.14,91.8,90.83,91.66,90.8091,103400,0,0
2021-07-08,90.5,90.71,89.7,90.42,89.5806,122500,0,0
2021-07-09,90.32,92,90.32,91.94,91.0865,110400,0,0
2021-07-12,91.75,92.36,91.03,91.16,90.3137,102800,0,0
2021-07-13,90.9,91.88,89.52,91.27,90.4227,115900,0,0
2021-07-14,91.94,92.11,90.83,90.91,90.0661,104700,0,0
2021-07-15,90.92,92.59,90.92,91.86,91.0072,121400,0,0
2021-07-16,92.08,92.15,90.83,90.86,90.0165,95600,0,0
2021-07-19,89.72,89.96,88.15,88.6,87.7775,160900,0,0
2021-07-20,88.91,90.29,88.09,90.11,89.2735,191500,0,0
2021-07-21,90.1,90.63,89.3,90.12,89.2834,109900,0,0
2021-07-22,90.16,90.77,89.97,90.74,89.8976,98000,0,0
2021-07-23,90.84,92.18,90.84,92.12,91.2648,114800,0,0
2021-07-26,91.84,92.07,91.03,91.69,90.8388,84600,0,0
2021-07-27,91.31,92.17,91.14,92.09,91.2351,88900,0,0
2021-07-28,91.72,92.25,89.78,89.93,89.0951,221000,0,0
2021-07-29,90.25,90.78,89.42,90.16,89.323,74700,0,0
2021-07-30,90.03,91.02,89.72,90.93,90.0859,129700,0,0
2021-08-02,90.81,91.24,90.1,90.53,89.6896,43000,0,0
2021-08-03,90.54,91.37,90.49,90.95,90.1057,133400,0,0
2021-08-04,90.5,91.21,89.5,89.5,88.6691,82800,0,0
2021-08-05,89.68,90.83,89.68,90.13,89.2933,90200,0,0
2021-08-06,89.88,90.98,89.42,90.68,89.8382,130200,0,0
2021-08-09,90.21,90.56,89.5,89.72,88.8871,70600,0,0
2021-08-10,89.6,90.6,89.6,90.25,89.4122,105400,0,0
2021-08-11,90.2,90.32,88.74,89.23,88.4016,117900,0,0
2021-08-12,88.85,89.51,88.32,89.48,88.6493,78800,0,0
2021-08-13,89.22,89.88,89.11,89.83,88.9961,92500,0,0
2021-08-16,89.16,89.6,89.12,89.39,88.5602,145700,0,0
2021-08-17,88.98,89.14,88.27,88.8,87.9756,122000,0,0
2021-08-18,88.42,88.85,88.03,88.04,87.2227,154500,0,0
2021-08-19,87.7,88.28,87.12,87.68,86.866,195600,0,0
2021-08-20,87.39,88.38,86.99,88.37,87.5496,244800,0,0
2021-08-23,88.7,89,87.42,88.58,87.7577,124800,0,0
2021-08-24,88.79,88.99,88.34,88.67,87.8468,215300,0,0
2021-08-25,88.52,88.62,87.45,87.5,86.6877,112200,0,0
2021-08-26,87.7,87.7,86,86.45,85.6474,172700,0,0
2021-08-27,86.39,87.73,86.26,87.51,86.6976,148900,0,0
2021-08-30,87.46,89.5,87.46,89.49,88.6592,203800,0,0
2021-08-31,89.1,89.9,89.08,89.36,88.5304,139800,0,0
2021-09-01,89.49,91.42,89.48,91.32,90.4722,224300,0,0
2021-09-02,91.45,93.06,91.16,92.93,92.0673,192700,0,0
2021-09-03,92.4,92.97,91.6,92.02,91.1657,147700,0,0
2021-09-07,91.53,92.23,91.28,91.66,90.8091,152200,0,0
2021-09-08,91.62,92,90.92,91.3,90.4524,116800,0,0
2021-09-09,91.17,91.62,90.86,90.96,90.1156,134500,0,0
2021-09-10,91.54,91.88,90.82,90.97,90.1255,350700,0,0
2021-09-13,91.25,91.6,90.61,91.08,90.2345,104000,0,0
2021-09-14,90.44,90.44,88.53,89.53,88.6989,201200,0,0
2021-09-15,89.88,90.03,89.17,89.79,88.9564,99100,0,0
2021-09-16,89.62,89.74,88.55,88.82,87.9954,98400,0,0
2021-09-17,88.33,88.86,87.93,88.06,87.2425,258300,0,0
2021-09-20,86.73,88.24,86.29,88.21,87.3911,659800,0,0
2021-09-21,88.54,89.43,88.32,88.59,87.7676,129200,0,0
2021-09-22,88.75,90.32,88.74,89.65,88.8177,100100,0,0
2021-09-23,90.12,91.85,90.12,91.52,90.6704,364600,0,0
2021-09-24,91,92.01,90.53,91.94,91.0865,96100,0,0
2021-09-27,91.35,91.61,90.5,90.6,89.7589,96800,0,0
2021-09-28,89.73,89.73,86.23,86.61,85.806,242100,0,0
2021-09-29,86.88,87.4,85.74,85.79,84.9936,145800,0,0
2021-09-30,86.15,86.86,84.58,84.76,83.9731,157600,0,0
2021-10-01,85.14,85.76,84.11,85.46,84.6666,230300,0,0
2021-10-04,84.98,85.42,84.03,85.08,84.2902,136000,0,0
2021-10-05,85.51,85.59,83.89,85.15,84.3595,189400,0,0
2021-10-06,84.23,85.92,84.23,85.84,85.0431,162900,0,0
2021-10-07,86.43,87.74,86.38,87.34,86.5292,97400,0,0
2021-10-08,87.49,88.15,87.23,87.71,86.8957,147400,0,0
2021-10-11,87.22,87.99,87.22,87.29,86.4796,47000,0,0
2021-10-12,87.47,87.62,86.79,86.88,86.0735,85500,0,0
2021-10-13,87.29,88.98,87.13,88.9,88.0747,113800,0,0
2021-10-14,89.91,90.67,89.5,90.09,89.2536,81000,0,0
2021-10-15,90.19,90.68,90.09,90.52,89.6797,78200,0,0
2021-10-18,90,90.9,89.65,90.78,89.9372,82600,0,0
2021-10-19,91.01,92.03,91.01,91.95,91.0964,92900,0,0
2021-10-20,92.34,93.93,92.12,92.97,92.1069,144600,0,0
2021-10-21,92.45,92.98,92.43,92.77,91.9088,58900,0,0
2021-10-22,92.68,93.49,92.26,92.47,91.6116,97800,0,0
2021-10-25,92.4,93,91.71,92.28,91.4233,77600,0,0
2021-10-26,92.5,92.67,91.12,91.12,90.2741,76400,0,0
2021-10-27,91.12,91.17,89.14,89.17,88.3422,82900,0,0
2021-10-28,89.56,90.16,89.52,89.85,89.0159,93200,0,0
2021-10-29,89.18,89.67,88.9,89.39,88.5602,225900,0,0
2021-11-01,89.33,89.97,88.54,89.22,88.3917,102000,0,0
2021-11-02,89.27,90.75,88.76,90.14,89.3032,222700,0,0
2021-11-03,90.14,90.58,89.25,90.31,89.4716,49600,0,0
2021-11-04,90.46,90.78,89.69,90.11,89.2735,100300,0,0
2021-11-05,90.47,91.43,90.47,91.28,90.4326,167800,0,0
2021-11-08,91.2,92.2,90.79,91,90.1552,101200,0,0
2021-11-09,90.74,92.4,90.74,92.23,91.3738,128400,0,0
2021-11-10,92.66,92.75,87.64,87.89,87.0741,163500,0,0
2021-11-11,88.39,90.15,88.27,89.07,88.2431,119200,0,0
2021-11-12,89.25,89.87,88.62,89.05,88.2233,134900,0,0
2021-11-15,88.97,89.4,88.27,88.35,87.5298,240400,0,0
2021-11-16,88.04,88.58,86.72,86.8,85.9942,597700,0,0
2021-11-17,86.65,87,85.5,86.12,85.3205,389700,0,0
2021-11-18,86.31,86.7,85.5,86.24,85.4394,709700,0,0
2021-11-19,86.2,86.28,85.06,86.21,85.4097,421300,0,0
2021-11-22,86.06,86.7,85.11,85.12,84.3298,173800,0,0
2021-11-23,85.18,85.8,84.53,85.6,84.8053,151100,0,0
2021-11-24,85.04,85.49,84.54,85.39,84.5973,124600,0,0
2021-11-26,84.54,85.64,83.5,83.69,82.9131,146700,0,0
2021-11-29,84.15,84.69,83.39,84.22,83.4382,148400,0,0
2021-11-30,83.87,84.33,82.98,83.48,82.705,304900,0,0
2021-12-01,84.39,85.05,83.53,83.63,82.8536,295700,0,0
2021-12-02,83.61,86.03,83.61,85.93,85.1323,148600,0,0
2021-12-03,86.4,86.4,84.18,84.94,84.1515,159100,0,0
2021-12-06,84.88,86.57,84.88,86.29,85.4889,155000,0,0
2021-12-07,87.5,88.08,86.48,86.48,85.6772,487500,0,0
2021-12-08,86.53,86.74,85.93,86.28,85.479,223000,0,0
2021-12-09,85.67,86.4,84.36,84.37,83.5868,106100,0,0
2021-12-10,84.77,85.53,84.37,85.51,84.7162,150900,0,0
2021-12-13,85.17,86.57,85.11,86.26,85.4592,346500,0,0
2021-12-14,85.8,86.37,83.63,83.78,83.0022,264800,0,0
2021-12-15,83.67,85.39,83.32,85.33,84.5378,168200,0,0
2021-12-16,85.56,86.3,83.94,84.11,83.3292,387300,0,0
2021-12-17,83.85,85.89,83.59,84.86,84.0722,316100,0,0
2021-12-20,83.85,84.65,83.69,84.45,83.666,161100,0,0
2021-12-21,84.93,86.17,84.77,86.09,85.2908,149200,0,0
2021-12-22,85.77,87.11,85.77,87.02,86.2122,68400,0,0
2021-12-23,87.27,87.5,86.96,87.25,86.44,73800,0,0
2021-12-27,87.28,88.78,86.99,88.75,87.9261,92000,0,0
2021-12-28,88.71,88.97,88.23,88.64,87.8171,78600,0,0
2021-12-29,88.28,89.04,88.02,88.47,87.6487,135800,0,0
2021-12-30,88.81,88.81,88.23,88.32,87.5001,100600,0,0
2021-12-31,88.36,88.99,88.36,88.5,87.6784,102500,0,0
2022-01-03,88.11,88.77,87.56,88.7,87.8765,67800,0,0
2022-01-04,88.57,88.93,87.79,88.17,87.3515,146400,0,0
2022-01-05,87.48,88,85.66,85.71,84.9143,213600,0,0
2022-01-06,86,86.16,85.08,85.35,84.5577,175000,0,0
2022-01-07,85.03,85.35,84.01,84.09,83.3093,227600,0,0
2022-01-10,82.94,83.29,80.23,83.25,82.4772,260200,0,0
2022-01-11,83.1,83.6,81.69,83.02,82.2493,370400,0,0
2022-01-12,83.44,84.36,82.89,83.97,83.1905,260800,0,0
2022-01-13,84.39,85.78,84.39,84.98,84.1911,261000,0,0
2022-01-14,84.44,85.77,84.44,85.68,84.8846,297200,0,0
2022-01-18,85.49,86.98,85.34,86.64,85.8357,433800,0,0
2022-01-19,87.08,87.43,84.86,84.87,84.0821,307500,0,0
2022-01-20,85.47,86.18,84.44,84.47,83.6858,219500,0,0
2022-01-21,84.18,85.14,83.51,83.54,82.7645,208200,0,0
2022-01-24,82.17,83.46,80,83.39,82.6159,228100,0,0
2022-01-25,82.23,82.56,80.71,80.79,80.04,246100,0,0
2022-01-26,82.08,82.76,80.51,80.97,80.2183,185300,0,0
2022-01-27,81.44,81.94,80.47,80.59,79.8418,174100,0,0
2022-01-28,80.56,82.74,80.33,82.68,81.9124,184300,0,0
2022-01-31,82.42,85.5,82.33,85.37,84.5775,453700,0,0
2022-02-01,85.65,86.23,84.86,86.16,85.3601,417400,0,0
2022-02-02,82.5,89.05,82.5,88.59,87.7676,405600,0,0
2022-02-03,87.09,87.09,85.84,86.34,85.5385,216500,0,0
2022-02-04,85.79,87.6,85.21,87.44,86.6282,234100,0,0
2022-02-07,87.24,87.76,86.7,87.24,86.4301,159200,0,0
2022-02-08,86.69,87.1,85.59,85.65,84.8549,231200,0,0
2022-02-09,86.56,87.72,86.56,87.69,86.8759,124600,0,0
2022-02-10,85.98,87.5,85.94,86.13,85.3304,152200,0,0
2022-02-11,86.35,86.56,83.66,83.89,83.1112,160800,0,0
2022-02-14,83.38,84.71,83,84.05,83.2697,192200,0,0
2022-02-15,84.89,85.88,84.19,84.59,83.8047,196900,0,0
2022-02-16,84.09,85.35,83.25,85.09,84.3001,212200,0,0
2022-02-17,84.37,84.4,83.17,83.23,82.4573,142600,0,0
2022-02-18,83.25,83.99,82.5,82.77,82.0016,182300,0,0
2022-02-22,81.38,83.27,81.03,81.56,80.8028,178300,0,0
2022-02-23,82.23,82.23,80.04,80.1,79.3564,161100,0,0
2022-02-24,77.67,81.68,77.25,81.45,80.6939,229400,0,0
2022-02-25,81.66,82.56,80.46,82.46,81.6945,153700,0,0
2022-02-28,81.39,82.2,81.1,81.96,81.1991,117100,0,0
2022-03-01,82.15,82.31,80.79,81.02,80.2679,179600,0,0
2022-03-02,81.71,83.05,81.07,82.6,81.8332,163600,0,0
2022-03-03,83.11,83.33,82,82.6,81.8332,184200,0,0
2022-03-04,81.71,82,80.14,80.82,80.0697,165500,0,0
2022-03-07,80.48,81.16,79.56,79.66,78.9205,228200,0,0
2022-03-08,79.5,79.92,77.8,78.21,77.4839,621500,0,0
2022-03-09,79.31,81.35,79.31,80.9,80.149,194500,0,0
2022-03-10,79.69,81.5,79.4,81.3,80.5453,233200,0,0
2022-03-11,82,82.67,80.56,80.62,79.8716,194900,0,0
2022-03-14,80.55,81.08,79.66,80.01,79.2672,120200,0,0
2022-03-15,80.31,80.52,78.9,79.59,78.8511,176800,0,0
2022-03-16,80.18,81.88,79.9,81.53,80.7731,182300,0,0
2022-03-17,81.17,82.82,81.09,82.82,82.0511,125900,0,0
2022-03-18,82.36,83.39,81.82,82.63,81.8629,156800,0,0
2022-03-21,82.03,82.72,81.1,82.33,81.5657,221200,0,0
2022-03-22,82.32,82.85,81.49,81.57,80.8128,211200,0,0
2022-03-23,81.33,81.44,79.75,79.82,79.079,187300,0,0
2022-03-24,80.21,81.06,79.14,81.02,80.2679,277200,0,0
2022-03-25,81.22,81.42,79.96,80.44,79.6932,194300,0,0
2022-03-28,80.22,80.67,79.69,80.64,79.8914,128700,0,0
2022-03-29,81.46,82.17,80.92,81.03,80.2778,135500,0,0
2022-03-30,80.47,81.32,80.41,81.01,80.258,169800,0,0
2022-03-31,81,81.13,79.7,79.83,79.0889,151200,0,0
2022-04-01,79.94,79.94,78.92,79.31,78.5737,244700,0,0
2022-04-04,79.3,80.9,79.23,80.74,79.9905,145500,0,0
2022-04-05,80.65,82.9,80.65,82.82,82.0511,247500,0,0
2022-04-06,82.02,82.35,81.42,81.89,81.1298,186500,0,0
2022-04-07,81.92,82.4,80.85,81.57,80.8128,160800,0,0
2022-04-08,81.42,81.9,80.75,81.22,80.466,132900,0,0
2022-04-11,80.52,81.24,80.52,80.6,79.8518,139400,0,0
2022-04-12,81.06,81.32,80.47,80.58,79.8319,140300,0,0
2022-04-13,80.32,81.6,80.05,81.31,80.5552,231600,0,0
2022-04-14,81.42,81.42,80.3,80.38,79.6338,84000,0,0
2022-04-18,79.95,80.36,79.61,79.83,79.0889,220600,0,0
2022-04-19,79.54,81.3,79.54,81.24,80.4858,138100,0,0
2022-04-20,81.74,82.51,81.57,81.7,80.9415,105800,0,0
2022-04-21,82.37,83.46,82.24,82.57,81.8035,177200,0,0
2022-04-22,82.19,82.19,79.96,80.14,79.396,154100,0,0
2022-04-25,79.52,81.2,79.11,80.96,80.2084,205000,0,0
2022-04-26,80.34,80.61,79.14,79.48,78.7422,249100,0,0
2022-04-27,80,81.61,79.36,80.38,79.6338,253600,0,0
2022-04-28,81.13,81.76,79.89,81.26,80.5056,187700,0,0
2022-04-29,81.03,81.22,79.58,79.73,78.9898,222700,0,0
2022-05-02,79.46,79.91,78.93,79.81,79.0691,167900,0,0
2022-05-03,79.87,82.18,79.73,81.71,80.9515,203300,0,0
2022-05-04,81.6,82.54,80.27,82.38,81.6152,157000,0,0
2022-05-05,81.34,81.65,78.98,79.39,78.653,156000,0,0
2022-05-06,78.8,80.15,78.27,79.5,78.762,209800,0,0
2022-05-09,78.23,79.5,77.95,78.82,78.0883,206900,0,0
2022-05-10,79.75,79.91,77.62,78.34,77.6127,206800,0,0
2022-05-11,77.92,78.97,77.58,77.83,77.1075,245200,0,0
2022-05-12,77.09,78.57,76.98,77.81,77.0876,260800,0,0
2022-05-13,78.07,81,78.07,80.86,80.1093,196900,0,0
2022-05-16,79.74,81.92,79.74,81.61,80.8524,156800,0,0
2022-05-17,81.79,82.26,80.74,81.84,81.0802,152000,0,0
2022-05-18,80.9,81.98,80.41,80.72,79.9706,176400,0,0
2022-05-19,80.6,83.37,80.6,82.71,81.9422,185200,0,0
2022-05-20,83.08,83.8,82.43,83.44,82.6654,262100,0,0
2022-05-23,83.73,84.54,83.25,84.41,83.6264,108500,0,0
2022-05-24,84,84.07,82.4,83.11,82.3385,146800,0,0
2022-05-25,82.58,83.24,82.39,82.96,82.1898,111800,0,0
2022-05-26,82.83,83.41,82.42,82.92,82.1502,178600,0,0
2022-05-27,83.16,85.78,83.08,85.35,84.5577,209600,0,0
2022-05-31,84.4,86.22,84.03,85.43,84.6369,286800,0,0
2022-06-01,85.73,86.24,84.66,84.77,83.983,116400,0,0
2022-06-02,84.69,85.54,84.08,85.46,84.6666,125700,0,0
2022-06-03,84.8,85.04,84.07,84.35,83.5669,123100,0,0
2022-06-06,85.05,86.28,84.7,85.4,84.6072,105900,0,0
2022-06-07,84.92,85.37,84.23,84.78,83.9929,92200,0,0
2022-06-08,84.83,84.83,83.26,83.55,82.7744,81200,0,0
2022-06-09,83.32,83.5,81.74,81.82,81.0604,89900,0,0
2022-06-10,81.04,81.04,78.77,78.83,78.0982,188300,0,0
2022-06-13,77.36,77.47,75.89,76.16,75.453,147200,0,0
2022-06-14,76.33,76.33,74.62,75.05,74.3533,150400,0,0
2022-06-15,75.7,76.85,74.97,76.09,75.3836,134300,0,0
2022-06-16,74.92,75.05,73.76,74.15,73.4616,183000,0,0
2022-06-17,74.16,75.85,73.76,75.17,74.4722,243900,0,0
2022-06-21,75.36,76.75,75.36,76.28,75.5719,152700,0,0
2022-06-22,75.55,76.74,75.38,75.96,75.2548,122800,0,0
2022-06-23,76.13,78.06,76.13,77.89,77.1669,167900,0,0
2022-06-24,78.35,80.48,78.35,80.43,79.6833,218500,0,0
2022-06-27,80.45,80.58,79.35,80.31,79.5644,116900,0,0
2022-06-28,80.47,81.3,79.57,79.71,78.97,202600,0,0
2022-06-29,79.39,79.65,78.83,79.33,78.5935,101100,0,0
2022-06-30,78.37,79.71,78.2,79.66,78.9205,165000,0,0
2022-07-01,79.42,80.24,78.68,80.1,79.3564,53000,0,0
2022-07-05,78.21,79.36,77.39,79.05,78.3161,160900,0,0
2022-07-06,79.17,81.4,79.1,81.16,80.4066,153300,0,0
2022-07-07,81.09,81.76,80.34,81.68,80.9217,121600,0,0
2022-07-08,81.23,82.16,81.23,82.04,81.2784,101000,0,0
2022-07-11,81.27,81.39,80.13,80.23,79.4852,137800,0,0
2022-07-12,79.82,82.25,79.82,81.33,80.575,285400,0,0
2022-07-13,80.26,82.55,80.07,82.21,81.4468,187700,0,0
2022-07-14,81.23,82.29,80.29,82.03,81.2685,173500,0,0
2022-07-15,82.59,82.9,81.59,81.75,80.9911,141000,0,0
2022-07-18,81.87,83.28,81.79,82.9,82.1304,170800,0,0
2022-07-19,83.41,84.71,83.18,83.72,82.9428,154600,0,0
2022-07-20,83.15,84.83,83.15,84.62,83.8344,90500,0,0
2022-07-21,84.6,85.89,84.23,85.55,84.7558,92900,0,0
2022-07-22,85.21,86.27,84.16,84.31,83.5273,130000,0,0
2022-07-25,84.25,84.53,83.8,84.25,83.4679,325200,0,0
2022-07-26,83.56,83.77,81.65,83.04,82.2691,158700,0,0
2022-07-27,82.75,85.32,82.75,85.21,84.419,183100,0,0
2022-07-28,85.04,85.62,83.9,85.13,84.3397,162200,0,0
2022-07-29,85,85.99,84.28,85.72,84.9242,133100,0,0
2022-08-01,85.7,86.21,85.42,85.61,84.8152,95800,0,0
2022-08-02,84.73,86.7,84.7,85.47,84.6765,105700,0,0
2022-08-03,85.47,86.18,85.33,86.06,85.2611,84400,0,0
2022-08-04,86.24,87.21,85.88,87.09,86.2815,105800,0,0
2022-08-05,85.89,86.47,85.25,86.42,85.6177,82000,0,0
2022-08-08,86.34,87.21,85.96,86.29,85.4889,97200,0,0
2022-08-09,86.02,86.2,84.19,84.41,83.6264,104300,0,0
2022-08-10,85.77,86.27,85.33,86.27,85.4691,126800,0,0
2022-08-11,86.36,86.77,85.47,85.6,84.8053,71800,0,0
2022-08-12,85.26,86.42,85.26,86.37,85.5682,49100,0,0
2022-08-15,85.36,86.61,85.36,86.33,85.5286,64500,0,0
2022-08-16,85.92,87.35,85.6,87.29,86.4796,92800,0,0
2022-08-17,86.16,86.79,85.79,85.91,85.1125,76500,0,0
2022-08-18,85.59,85.79,85.01,85.52,84.7261,79300,0,0
2022-08-19,84.9,84.9,83.45,83.47,82.6951,111600,0,0
2022-08-22,83.42,83.92,82.73,82.79,82.0214,102700,0,0
2022-08-23,82.31,82.82,82.02,82.45,81.6846,63800,0,0
2022-08-24,82.38,82.86,81.66,81.93,81.1694,73300,0,0
2022-08-25,81.78,83.03,81.72,82.97,82.1998,91600,0,0
2022-08-26,83.4,83.47,80.14,80.28,79.5347,161600,0,0
2022-08-29,79.88,80.59,79.11,80.16,79.4158,114900,0,0
2022-08-30,80.33,80.75,79.14,79.19,78.4548,62400,0,0
2022-08-31,79.37,80.65,79.15,79.2,78.4648,114100,0,0
2022-09-01,78.51,78.96,77.02,77.9,77.1768,146200,0,0
2022-09-02,78.21,78.99,77.49,78.03,77.3056,117400,0,0
2022-09-06,77.71,78.37,76.96,77.37,76.6517,115200,0,0
2022-09-07,77.4,79.03,77.23,78.81,78.0784,101200,0,0
2022-09-08,78.04,79.01,77.71,78.73,77.9991,105600,0,0
2022-09-09,79.43,80.66,79.43,80.62,79.8716,116900,0,0
2022-09-12,80.75,81.99,80.75,81.82,81.0604,148500,0,0
2022-09-13,80.13,80.87,78.72,78.89,78.1576,73500,0,0
2022-09-14,78.76,79.09,78.22,78.59,77.8604,79900,0,0
2022-09-15,78.03,78.76,77.59,77.8,77.0778,88300,0,0
2022-09-16,76.92,78.55,76.87,78.26,77.5335,195200,0,0
2022-09-19,77.43,78.5,76.91,78.3,77.5731,104200,0,0
2022-09-20,77.81,77.81,76.58,77.17,76.4536,93000,0,0
2022-09-21,77.32,78.1,76.39,76.41,75.7007,86500,0,0
2022-09-22,76.27,76.51,75.53,75.69,74.9874,92900,0,0
2022-09-23,74.82,75.17,74.36,74.82,74.1254,121700,0,0
2022-09-26,74.37,75.53,74.32,74.86,74.165,201000,0,0
2022-09-27,75.29,75.66,73.89,74.01,73.3229,164500,0,0
2022-09-28,73.76,77.48,73.76,77.08,76.3644,184200,0,0
2022-09-29,76.01,76.11,74.91,75.32,74.6208,117400,0,0
2022-09-30,75.3,77.12,75.21,75.24,74.5415,269200,0,0
2022-10-03,75.77,78.55,75.55,78.05,77.3254,190300,0,0
2022-10-04,79.15,80.84,79.14,80.17,79.4257,259300,0,0
2022-10-05,79.19,79.55,78.67,79.07,78.336,220200,0,0
2022-10-06,78.61,78.61,76.09,76.27,75.5619,159900,0,0
2022-10-07,75.42,75.88,74.98,75.32,74.6208,126700,0,0
2022-10-10,75.5,75.5,74.36,74.96,74.2641,67800,0,0
2022-10-11,74.78,75.93,74.47,74.8,74.1056,176800,0,0
2022-10-12,74.68,75.22,74.35,74.5,73.8084,118600,0,0
2022-10-13,72.87,76.86,72.23,76.62,75.9087,142900,0,0
2022-10-14,76.57,77.27,74.78,74.83,74.1353,121700,0,0
2022-10-17,75.95,77.19,75.95,76.99,76.2753,127300,0,0
2022-10-18,77.92,78.31,76.37,77.26,76.5428,159300,0,0
2022-10-19,76.53,76.92,75.64,76.32,75.6115,77900,0,0
2022-10-20,75.78,77.37,75.69,76.02,75.3143,92500,0,0
2022-10-21,75.72,77.78,75.68,77.61,76.8895,77200,0,0
2022-10-24,77.55,79.23,76.82,79.01,78.2765,219500,0,0
2022-10-25,79.04,80.27,79.04,79.77,79.0294,170100,0,0
2022-10-26,79.56,81.67,79.06,81.15,80.3966,137700,0,0
2022-10-27,81.15,81.55,80.24,80.48,79.7329,112700,0,0
2022-10-28,80.27,82.32,79.95,82.24,81.4765,161500,0,0
2022-10-31,81.55,81.77,80.33,80.47,79.723,124300,0,0
2022-11-01,81.94,82.06,80.22,80.33,79.5843,147000,0,0
2022-11-02,80.07,80.98,78.52,78.53,77.801,143300,0,0
2022-11-03,77.69,78.33,77.16,77.91,77.1867,148700,0,0
2022-11-04,79.07,80.7,78.95,79.35,78.6134,175800,0,0
2022-11-07,79.02,80.3,79.02,80.22,79.4753,129500,0,0
2022-11-08,80.28,81.53,79.62,80.53,79.7824,109900,0,0
2022-11-09,79.93,81.76,78.68,80.35,79.6041,172100,0,0
2022-11-10,82.37,85.5,82.22,85.46,84.6666,192900,0,0
2022-11-11,85.33,85.74,84.8,85.51,84.7162,141100,0,0
2022-11-14,83.5,84.63,82.62,82.63,81.8629,169900,0,0
2022-11-15,83.38,85.52,83.38,84.58,83.7948,177600,0,0
2022-11-16,84.48,85.04,84.24,84.72,83.9335,148200,0,0
2022-11-17,83.46,85.37,83.46,84.76,83.9731,117800,0,0
2022-11-18,84.81,85.4,84.53,85.36,84.5676,75500,0,0
2022-11-21,84.64,84.97,84.05,84.5,83.7156,98100,0,0
2022-11-22,84.5,85.74,84.5,85.57,84.7756,114400,0,0
2022-11-23,85.15,85.67,84.54,85.26,84.4685,96900,0,0
2022-11-25,84.98,85.65,84.92,85.51,84.7162,28700,0,0
2022-11-28,84.98,85.58,84.58,84.75,83.9632,132100,0,0
2022-11-29,84.36,85.69,84.21,85.06,84.2703,122300,0,0
2022-11-30,85.4,87.42,85.4,87.31,86.4995,287600,0,0
2022-12-01,87.31,89.11,87.3,88.73,87.9063,102700,0,0
2022-12-02,87.78,88.89,87.69,88.12,87.3019,110800,0,0
2022-12-05,87.41,87.91,86.67,86.84,86.0338,140900,0,0
2022-12-06,86.56,86.56,84.93,85.07,84.2802,112000,0,0
2022-12-07,84.81,86.24,84.81,85.47,84.6765,88300,0,0
2022-12-08,85.56,86.04,85.33,86.03,85.2313,137600,0,0
2022-12-09,85.52,85.64,84.96,85.1,84.31,78000,0,0
2022-12-12,84.98,87.11,84.98,86.98,86.1725,144500,0,0
2022-12-13,88.77,89.11,87.74,87.87,87.0543,167700,0,0
2022-12-14,87.85,88.53,86.89,87.43,86.6183,108500,0,0
2022-12-15,86.17,86.51,85.29,85.68,84.8846,98000,0,0
2022-12-16,85,85.99,84.6,85.44,84.6468,126500,0,0
2022-12-19,85.02,85.35,84.34,85.08,84.2902,421000,0,0
2022-12-20,84.85,86.18,84.79,85.59,84.7954,192300,0,0
2022-12-21,86,86.92,85.62,86.69,85.8852,124500,0,0
2022-12-22,85.84,85.84,84.82,85.55,84.7558,164600,0,0
2022-12-23,85.35,86.47,84.98,85.93,85.1323,90100,0,0
2022-12-27,85.85,86.41,85.64,86.16,85.3601,38600,0,0
2022-12-28,86.16,86.69,84.89,84.89,84.1019,106200,0,0
2022-12-29,85.28,86.56,85.28,86.29,85.4889,54600,0,0
2022-12-30,85.66,86.52,85.56,86.13,85.3304,95800,0,0
2023-01-03,85.96,87.21,85.42,86.1,85.3007,118200,0,0
2023-01-04,86.98,87.65,86.12,86.48,85.6772,136100,0,0
2023-01-05,85.57,85.82,84.39,84.41,83.6264,89200,0,0
2023-01-06,84.97,84.98,83.35,84.7,83.9137,122700,0,0
2023-01-09,84.84,86.14,84.69,85.43,84.6369,109600,0,0
2023-01-10,85.04,85.8,84.32,85.3,84.5081,79500,0,0
2023-01-11,85.44,86.1,85.38,85.95,85.1521,47800,0,0
2023-01-12,86.28,87,85.73,86.97,86.1626,94000,0,0
2023-01-13,86.33,86.92,86.2,86.64,85.8357,65900,0,0
2023-01-17,86.31,87.74,86.31,86.95,86.1428,145200,0,0
2023-01-18,87.28,87.97,86.41,86.41,85.6078,183000,0,0
2023-01-19,86.3,87.19,86.2,86.34,85.5385,76500,0,0
2023-01-20,86.62,87.4,86.02,87.27,86.4598,58900,0,0
2023-01-23,86.95,87.78,86.95,87.55,86.7372,97100,0,0
2023-01-24,87.31,88.28,85,87.76,86.9453,78800,0,0
2023-01-25,86.69,86.94,85.01,85.41,84.6171,172800,0,0
2023-01-26,85.34,85.81,84.56,85.62,84.8251,121700,0,0
2023-01-27,85.25,85.76,84.87,84.94,84.1515,131400,0,0
2023-01-30,84.34,85.74,84.25,85.1,84.31,147000,0,0
2023-01-31,85.1,85.84,84.89,85.82,85.0233,193000,0,0
2023-02-01,87.3,91.5,86.38,89.33,88.5007,488900,0,0
2023-02-02,89.36,89.82,88.15,88.98,88.154,209400,0,0
2023-02-03,88.46,91.12,87.96,91.09,90.2444,209700,0,0
2023-02-06,89.78,91.29,89.78,90.87,90.0264,175800,0,0
2023-02-07,90.33,91.67,90.29,91.58,90.7298,175600,0,0
2023-02-08,91.07,92.08,90.62,91.81,90.9577,134900,0,0
2023-02-09,92.39,92.7,91.56,91.89,91.0369,107100,0,0
2023-02-10,92.02,93.22,91.49,92.74,91.8791,174000,0,0
2023-02-13,92.5,93.76,92.36,93.43,92.5627,129200,0,0
2023-02-14,93.27,93.55,92.31,92.79,91.9286,128500,0,0
2023-02-15,91.95,94,91.94,93.72,92.85,94800,0,0
2023-02-16,92.5,93.62,91.86,92.71,91.8493,162300,0,0
2023-02-17,92.29,93.4,91.4,93.33,92.4636,243300,0,0
2023-02-21,91.8,92.75,91.11,92.07,91.2153,167400,0,0
2023-02-22,92.13,92.57,91.58,91.65,90.7992,75600,0,0
2023-02-23,91.97,92.17,90.43,91.2,90.3533,132700,0,0
2023-02-24,90.12,90.69,89.87,90.52,89.6797,103900,0,0
2023-02-27,91.2,91.2,89.9,90.08,89.2437,102900,0,0
2023-02-28,89.73,90.09,89,89.62,88.788,228800,0,0
2023-03-01,89.64,90.5,89.59,90.15,89.3131,197100,0,0
2023-03-02,89.87,90.91,89.76,90.65,89.8084,104300,0,0
2023-03-03,90.8,91.79,90.6,91.77,90.918,250500,0,0
2023-03-06,91.77,92.07,90.81,90.96,90.1156,218000,0,0
2023-03-07,90.87,91.15,89.34,89.57,88.7385,132300,0,0
2023-03-08,89.79,90.67,89.75,90.13,89.2933,99100,0,0
2023-03-09,90.27,91.44,90.2,90.26,89.4221,138000,0,0
2023-03-10,90.31,91.02,89.62,89.77,88.9366,158800,0,0
2023-03-13,89.06,91.46,89.06,91.06,90.2146,231600,0,0
2023-03-14,91.37,92.66,91.37,92.56,91.7007,170200,0,0
2023-03-15,91.15,91.36,88.75,89.34,88.5106,178200,0,0
2023-03-16,88.95,92,88.74,91.96,91.1063,138500,0,0
2023-03-17,91.59,91.98,90.63,91,90.1552,114400,0,0
2023-03-20,91.1,92.3,90.85,92.2,91.3441,184400,0,0
2023-03-21,92.6,92.85,91.1,91.65,90.7992,105400,0,0
2023-03-22,91.55,92.82,91.48,91.48,90.6307,222100,0,0
2023-03-23,92.17,93.62,91.96,92.28,91.4233,203800,0,0
2023-03-24,91.82,92.85,91.26,92.79,91.9286,134900,0,0
2023-03-27,92.85,93.74,92.52,93.69,92.8202,268300,0,0
2023-03-28,93.66,95.63,93.23,93.73,92.8599,249100,0,0
2023-03-29,94.14,94.63,93.56,93.8,92.9292,147400,0,0
2023-03-30,94.1,95.03,93.82,95.02,94.1379,132600,0,0
2023-03-31,95.16,96.42,94.75,96.27,95.3763,130800,0,0
2023-04-03,96,97.86,95.83,97.78,96.8723,246400,0,0
2023-04-04,97.81,99.77,97.34,97.92,97.011,169400,0,0
2023-04-05,98.14,98.53,96.72,97.14,96.2382,137400,0,0
2023-04-06,96.71,96.71,95.86,96.41,95.515,238100,0,0
2023-04-10,95.72,97.37,95.11,97.21,96.3076,148000,0,0
2023-04-11,97.11,98.33,96.99,97.87,96.9614,182100,0,0
2023-04-12,98.2,99.34,97.97,98.56,97.645,162400,0,0
2023-04-13,98.79,100.57,98.79,100.44,99.5076,172300,0,0
2023-04-14,100,100.93,99.84,100.85,99.9138,150300,0,0
2023-04-17,100.49,100.68,99.22,99.63,98.7051,133500,0,0
2023-04-18,99.76,100.11,98.56,98.96,98.0413,146700,0,0
2023-04-19,98.32,99.17,98.15,98.36,97.4469,114400,0,0
2023-04-20,98.05,98.68,97.81,98.19,97.2785,89700,0,0
2023-04-21,98.22,99.25,98.1,99.18,98.2593,109000,0,0
2023-04-24,99.14,99.27,98.1,98.63,97.7144,144400,0,0
2023-04-25,98.35,98.82,97.33,97.41,96.5057,165400,0,0
2023-04-26,98.58,101.49,98.18,101.31,100.369,346800,0,0
2023-04-27,101.46,101.46,99.33,101.25,100.31,244000,0,0
2023-04-28,100.64,102.25,100.63,101.41,100.469,172700,0,0
2023-05-01,101.05,102.8,101.05,102.3,101.35,112100,0,0
2023-05-02,101.9,102.3,101.19,102.18,101.231,158700,0,0
2023-05-03,102.31,103.25,102,102.21,101.261,162900,0,0
2023-05-04,102.44,102.44,99.08,99.28,98.3583,251300,0,0
2023-05-05,99.15,100.84,99.15,100.44,99.5076,116800,0,0
2023-05-08,100.45,101.5,100.45,101.39,100.449,104600,0,0
2023-05-09,101.41,102.43,101.21,102.09,101.142,148200,0,0
2023-05-10,102.55,103,102.01,102.79,101.836,141500,0,0
2023-05-11,102.52,102.97,101.32,102.56,101.608,108300,0,0
2023-05-12,102.56,103.5,102.14,102.66,101.707,121800,0,0
2023-05-15,102.51,103.93,102.25,103.48,102.519,105400,0,0
2023-05-16,103.01,104.19,103.01,104,103.035,117400,0,0
2023-05-17,103.98,104.16,103.2,104.02,103.054,100800,0,0
2023-05-18,104.15,104.64,103.61,104.19,103.223,82100,0,0
2023-05-19,104.19,105.06,104.19,104.8,103.827,121000,0,0
2023-05-22,104.65,104.95,104.17,104.36,103.391,58900,0,0
2023-05-23,103.71,104.37,101.91,101.91,100.964,198100,0,0
2023-05-24,101.31,101.61,100.73,101.09,100.152,120700,0,0
2023-05-25,101.18,102.57,101,102.04,101.093,157500,0,0
2023-05-26,102.25,103.97,102.25,103.26,102.301,107300,0,0
2023-05-30,103.26,104.54,101.96,102.31,101.36,122800,0,0
2023-05-31,102.14,103.57,101.72,103.39,102.43,242200,0,0
2023-06-01,103.28,104.35,103.28,103.81,102.846,123500,0,0
2023-06-02,103.9,105.53,103.76,105.43,104.451,146100,0,0
2023-06-05,103.8,105.47,103.8,104.48,103.51,117800,0,0
2023-06-06,104.5,105.34,104.26,105.33,104.352,117500,0,0
2023-06-07,105.31,105.96,103.85,103.96,102.995,89000,0,0
2023-06-08,103.99,104.26,103.34,103.47,102.509,144300,0,0
2023-06-09,103.45,104.32,103.41,103.88,102.916,108400,0,0
2023-06-12,103.82,104.61,103.56,104.27,103.302,141200,0,0
2023-06-13,104.6,104.93,104.21,104.58,103.609,109600,0,0
2023-06-14,104.47,105.46,104.2,104.82,103.847,162100,0,0
2023-06-15,104.82,105.6,104.57,105.17,104.194,134600,0,0
2023-06-16,105.61,106.32,104.47,104.58,103.609,185600,0,0
2023-06-20,103.84,104.14,102.88,103.02,102.064,123100,0,0
2023-06-21,102.65,102.97,100.97,102.81,101.856,190000,0,0
2023-06-22,102.16,102.33,101.41,102.13,101.182,122700,0,0
2023-06-23,101.55,102.42,101.02,101.65,100.706,132200,0,0
2023-06-26,101.32,101.83,101.23,101.55,100.607,97900,0,0
2023-06-27,101.66,103.33,101.25,103.16,102.202,122700,0,0
2023-06-28,103.16,103.69,102.72,103.29,102.331,107800,0,0
2023-06-29,103.04,103.94,102.73,103.86,102.896,69900,0,0
2023-06-30,104.32,106.03,104.32,105.43,104.451,116400,0,0
2023-07-03,103.87,105,103.87,104.85,103.877,37100,0,0
2023-07-05,103.91,105.4,103.91,104.78,103.807,153700,0,0
2023-07-06,104.13,104.28,102.95,103.3,102.341,188800,0,0
2023-07-07,103.11,104.72,103.11,103.9,102.935,105500,0,0
2023-07-10,103.55,104.15,103.36,103.99,103.025,123900,0,0
2023-07-11,104.07,104.69,103.62,104.5,103.53,111800,0,0
2023-07-12,105,105.37,104.44,104.67,103.698,153300,0,0
2023-07-13,105.27,106.62,105.1,106.44,105.452,96300,0,0
2023-07-14,106.61,107.49,106.35,107.02,106.026,97500,0,0
2023-07-17,106.75,107.58,106.27,106.56,105.571,118700,0,0
2023-07-18,106.3,107.46,105.73,107.23,106.235,123200,0,0
2023-07-19,107.16,107.66,106.57,107.26,106.264,112600,0,0
2023-07-20,107.09,107.45,105.71,105.82,104.838,74800,0,0
2023-07-21,106.36,106.36,101.74,101.97,101.023,180600,0,0
2023-07-24,101.83,103.69,101.83,102.6,101.648,146400,0,0
2023-07-25,102.94,103.11,102.05,102.85,101.895,152400,0,0
2023-07-26,101.4,101.4,96.68,97.96,97.0506,407200,0,0
2023-07-27,97.66,99.77,97.61,98.46,97.5459,228500,0,0
2023-07-28,98.8,99.78,98.7,99.14,98.2197,168400,0,0
2023-07-31,99.27,101.81,98.92,101.59,100.647,206100,0,0
2023-08-01,100.61,101.24,99.51,101.09,100.152,240000,0,0
2023-08-02,100.35,100.47,98.87,99.45,98.5268,281600,0,0
2023-08-03,98.98,99.18,98,99,98.0809,153700,0,0
2023-08-04,99.18,100.52,99.01,99.5,98.5763,140100,0,0
2023-08-07,99.52,100.62,99.27,99.95,99.0221,64200,0,0
2023-08-08,99.24,100.84,98.79,100.62,99.6859,129500,0,0
2023-08-09,100.54,102.11,100.54,101.61,100.667,87600,0,0
2023-08-10,102.31,103.4,101.2,102.25,101.301,109700,0,0
2023-08-11,101.73,103.43,101.6,103.03,102.074,91500,0,0
2023-08-14,102.81,104.29,102.81,103,102.044,87200,0,0
2023-08-15,102.5,103.18,100.97,101.01,100.072,76900,0,0
2023-08-16,100.6,101.31,100.24,100.66,99.7255,85600,0,0
2023-08-17,101.02,101.02,99.46,99.51,98.5862,74600,0,0
2023-08-18,99.05,99.82,98.2,99.58,98.6555,109800,0,0
2023-08-21,99.46,100.93,99.46,100.65,99.7156,94100,0,0
2023-08-22,100.83,100.89,99.69,100.01,99.0816,89200,0,0
2023-08-23,100.13,101.95,100.1,101.58,100.637,87500,0,0
2023-08-24,101.49,101.53,100.41,100.54,99.6066,105900,0,0
2023-08-25,100.66,101.85,100.32,101.49,100.548,69000,0,0
2023-08-28,101.24,102.38,101.2,102.04,101.093,89900,0,0
2023-08-29,101.8,103.76,101.8,103.68,102.717,115300,0,0
2023-08-30,103.74,104.96,103.66,103.84,102.876,90700,0,0
2023-08-31,103.54,104.87,103.54,104.14,103.173,124000,0,0
2023-09-01,104.46,104.55,103.52,103.86,102.896,84400,0,0
2023-09-05,102.82,103.55,102.6,102.6,101.648,104400,0,0
2023-09-06,102.33,103.2,101.85,102.17,101.222,88600,0,0
2023-09-07,101.16,102.16,101.1,101.92,100.974,96000,0,0
2023-09-08,102,102.87,101.72,102.02,101.073,100700,0,0
2023-09-11,102.2,103.84,102.1,103.54,102.579,124300,0,0
2023-09-12,103.13,103.6,102.54,103.02,102.064,60100,0,0
2023-09-13,102.71,103.52,102.4,102.99,102.034,90400,0,0
2023-09-14,103.51,104.36,103.04,104.14,103.173,76400,0,0
2023-09-15,103.6,104.38,103.29,103.91,102.945,151800,0,0
2023-09-18,103.42,104.17,103.28,103.35,102.391,106700,0,0
2023-09-19,103.13,104.1,102.8,102.87,101.915,107800,0,0
2023-09-20,102.98,103.97,102.52,102.58,101.628,63500,0,0
2023-09-21,101.7,101.77,99.27,99.4,98.4772,176700,0,0
2023-09-22,99.69,100.99,99.69,100.31,99.3788,87300,0,0
2023-09-25,99.87,100.63,99.3,100.32,99.3887,109100,0,0
2023-09-26,99.48,99.63,97.67,99.4,98.4772,124400,0,0
2023-09-27,99.75,100.16,97.98,98.63,97.7144,124600,0,0
2023-09-28,98.17,99.51,97.67,98.78,97.863,336200,0,0
2023-09-29,99.8,99.93,98.48,98.49,97.5757,147800,0,0
2023-10-02,98.1,98.72,97.58,97.96,97.0506,141300,0,0
2023-10-03,97.21,97.65,96.41,96.67,95.7726,204300,0,0
2023-10-04,96.88,98.15,96.6,97.99,97.0803,95300,0,0
2023-10-05,98,99.03,98,98.32,97.4072,109900,0,0
2023-10-06,97.79,99.9,97.79,99.34,98.4178,74400,0,0
2023-10-09,98.52,99.77,98.52,99.67,98.7447,57100,0,0
2023-10-10,99.77,100.9,99.08,99.1,98.18,124400,0,0
2023-10-11,99.5,101.58,99.5,101.51,100.568,138100,0,0
2023-10-12,101.14,101.6,98.89,99.46,98.5367,89500,0,0
2023-10-13,99.49,100.29,97.93,98.06,97.1497,179500,0,0
2023-10-16,98.47,99.45,98.11,99.14,98.2197,123800,0,0
2023-10-17,98.4,99.31,98.32,98.97,98.0512,69700,0,0
2023-10-18,98.36,98.98,97.9,98.56,97.645,135600,0,0
2023-10-19,98.44,98.97,98.08,98.44,97.5261,121800,0,0
2023-10-20,98.31,99.01,97.49,97.52,96.6147,102100,0,0
2023-10-23,96.93,99.48,96.85,98.89,97.972,176700,0,0
2023-10-24,98.83,99.36,97.7,98.33,97.4172,135500,0,0
2023-10-25,97.91,98.19,95.65,95.72,94.8314,160700,0,0
2023-10-26,95.49,96.58,93.81,94.21,93.3354,268500,0,0
2023-10-27,94.71,94.91,93.07,93.51,92.6419,205900,0,0
2023-10-30,94.02,96,93.57,95.87,94.98,162500,0,0
2023-10-31,96.29,97.41,95.68,96.41,95.515,148600,0,0
2023-11-01,96.23,97.33,96.17,96.99,96.0896,146700,0,0
2023-11-02,98.5,99.85,97.67,99.71,98.7843,183000,0,0
2023-11-03,100,101.62,99.7,101.05,100.112,165100,0,0
2023-11-06,100.84,101.96,100.27,101.88,100.934,161300,0,0
2023-11-07,101.6,102.02,101.15,101.8,100.855,122600,0,0
2023-11-08,101.55,101.55,97.3,99.27,98.3484,239200,0,0
2023-11-09,99.51,100.86,98.72,99.47,98.5466,139600,0,0
2023-11-10,99.45,99.86,98.68,99.84,98.9131,154000,0,0
2023-11-13,99.14,101.04,98.47,100.31,99.3788,123700,0,0
2023-11-14,101.39,101.95,100.5,100.6,99.6661,219400,0,0
2023-11-15,100.66,102.2,100.66,101.68,100.736,138400,0,0
2023-11-16,101.37,102.92,101.08,102.37,101.42,86600,0,0
2023-11-17,102.33,102.99,100.95,101.17,100.231,123700,0,0
2023-11-20,100.9,102.27,100.61,101.76,100.815,124000,0,0
2023-11-21,101.59,102.24,101.11,101.26,100.32,88400,0,0
2023-11-22,101.6,102.18,101.32,101.42,100.478,51900,0,0
2023-11-24,101,101.56,100.61,101.24,100.3,33900,0,0
2023-11-27,100.88,101.72,100.67,101.27,100.33,152200,0,0
2023-11-28,101.17,101.76,100.5,100.86,99.9237,170100,0,0
2023-11-29,101.35,101.35,99.86,100.86,99.9237,108300,0,0
2023-11-30,101,102.04,99.97,101.63,100.687,205000,0,0
2023-12-01,101.35,103.15,101.31,102.96,102.004,127800,0,0
2023-12-04,102.05,103.48,102.05,103.36,102.4,138200,0,0
2023-12-05,103.24,104.2,103.06,103.17,102.212,152100,0,0
2023-12-06,103.45,104.37,102.89,103.65,102.688,175800,0,0
2023-12-07,103.9,104.27,103.24,104.02,103.054,97300,0,0
2023-12-08,103.84,104.5,103.61,104.13,103.163,99200,0,0
2023-12-11,103.72,104.81,103.7,104.23,103.262,143800,0,0
2023-12-12,104.32,105.66,104.09,105.52,104.54,131200,0,0
2023-12-13,105.46,106.24,104.65,106.1,105.115,138900,0,0
2023-12-14,106.22,106.62,104.38,106.23,105.244,224000,0,0
2023-12-15,105.59,107.24,105.59,106.83,105.838,246900,0,0
2023-12-18,106.49,108.96,106.49,108.28,107.275,230100,0,0
2023-12-19,107.77,109.16,107.77,108.45,107.443,205700,0,0
2023-12-20,108.4,108.62,106.3,106.39,105.402,117200,0,0
2023-12-21,107.07,107.25,106.12,106.8,105.809,90800,0,0
2023-12-22,106.9,107.3,106.47,106.94,105.947,191300,0,0
2023-12-26,107.09,107.96,106.51,107.81,106.809,49100,0,0
2023-12-27,107.5,108,107,107.39,106.393,88400,0,0
2023-12-28,107.55,107.77,106.83,107,106.007,156400,0,0
2023-12-29,107.01,107.48,106.69,107.21,106.215,53300,0,0
2024-01-02,105.16,105.37,103.06,103.91,102.945,181200,0,0
2024-01-03,103,103.35,102.18,102.64,101.687,116200,0,0
2024-01-04,102.4,103.1,102.2,102.46,101.509,125900,0,0
2024-01-05,102.64,103.2,101.67,101.84,100.895,71000,0,0
2024-01-08,101.78,104.5,101.61,104.39,103.421,122700,0,0
2024-01-09,103.84,104.76,103.51,104.51,103.54,100700,0,0
2024-01-10,104.64,106.09,104.64,105.94,104.957,104700,0,0
2024-01-11,106.51,107.23,105.46,106.74,105.749,108100,0,0
2024-01-12,107.14,107.88,106.55,106.84,105.848,90800,0,0
2024-01-16,105.31,106.06,104.45,106.03,105.046,159900,0,0
2024-01-17,105.07,105.7,104.46,105.44,104.461,96000,0,0
2024-01-18,105.93,107.25,105.93,107.09,106.096,71500,0,0
2024-01-19,107.17,108.64,107,108.48,107.473,96900,0,0
2024-01-22,108.77,109.12,108.18,108.46,107.453,106400,0,0
2024-01-23,108.63,109.28,108.15,108.65,107.641,86400,0,0
2024-01-24,109.32,109.74,108.04,108.09,107.087,133500,0,0
2024-01-25,108.81,109.47,108.44,109.19,108.176,138100,0,0
2024-01-26,109.36,110.03,109.09,109.11,108.097,111900,0,0
2024-01-29,109.07,110.6,109.07,110.5,109.474,188000,0,0
2024-01-30,111,111.42,110.33,111.21,110.178,173000,0,0
2024-01-31,110.58,115.67,109.52,111.82,110.782,290500,0,0
2024-02-01,112.25,115.28,112.25,115.1,114.031,269600,0,0
2024-02-02,114.55,116.03,113.79,115.92,114.844,167000,0,0
2024-02-05,115.21,115.57,111.15,111.8,110.762,227800,0,0
2024-02-06,112.22,112.42,110.42,111.51,110.475,146700,0,0
2024-02-07,111.57,112.91,111.22,111.75,110.713,73200,0,0
2024-02-08,112.06,114.6,112.06,114.45,113.387,96700,0,0
2024-02-09,114.72,115.12,113.94,114.37,113.308,67500,0,0
2024-02-12,114.11,114.32,112.94,113.4,112.347,175300,0,0
2024-02-13,111.03,112.59,110.23,111.49,110.455,99700,0,0
2024-02-14,112.34,113.73,112.05,113.52,112.466,95400,0,0
2024-02-15,114.03,115.95,114.01,115.67,114.596,89200,0,0
2024-02-16,115.4,116.08,114.56,114.84,113.774,114300,0,0
2024-02-20,114.24,114.79,112.79,113.05,112.001,147900,0,0
2024-02-21,113.06,113.06,110.97,111.41,110.376,169900,0,0
2024-02-22,112.84,114.43,112.77,114.12,113.061,144900,0,0
2024-02-23,115,116.5,115,116.2,115.121,120900,0,0
2024-02-26,115.96,116.73,115.14,115.46,114.388,134600,0,0
2024-02-27,116.06,116.06,114.42,115.79,114.715,113300,0,0
2024-02-28,115.32,115.32,114.13,114.8,113.734,93900,0,0
2024-02-29,114.96,115.45,114.72,114.85,113.784,169500,0,0
2024-03-01,115.15,117,114.8,115.96,114.883,180400,0,0
2024-03-04,115.78,117,115.78,116.05,114.973,125400,0,0
2024-03-05,115.91,116.1,114.6,114.73,113.665,111800,0,0
2024-03-06,115.61,116.33,114.88,115.23,114.16,121300,0,0
2024-03-07,116.08,118.64,115.52,118.25,117.152,139000,0,0
2024-03-08,118.19,118.54,116.31,116.98,115.894,83500,0,0
2024-03-11,116.45,117.53,115.54,117.13,116.043,124400,0,0
2024-03-12,117.4,118.23,117.03,117.93,116.835,94000,0,0
2024-03-13,117.93,118.89,117.65,118.45,117.35,127600,0,0
2024-03-14,118.37,118.45,116.74,117.4,116.31,99400,0,0
2024-03-15,116.5,117.44,115.82,116.65,115.567,80400,0,0
2024-03-18,117.08,117.08,115.35,115.81,114.735,103000,0,0
2024-03-19,115.8,117.8,114.95,117.23,116.142,143500,0,0
2024-03-20,117.62,118.5,116.82,118.2,117.103,113900,0,0
2024-03-21,118.5,118.51,114.19,114.24,113.179,217300,0,0
2024-03-22,113.9,113.9,110.65,111.33,110.296,218400,0,0
2024-03-25,111.31,111.31,109.12,109.58,108.563,222800,0,0
2024-03-26,110.35,110.35,107.23,109.4,108.384,166100,0,0
2024-03-27,110,110.06,109.13,109.94,108.919,195600,0,0
2024-03-28,110.26,110.96,109.76,110.49,109.464,205400,0,0
2024-04-01,110.19,110.51,109.12,109.92,108.9,119000,0,0
2024-04-02,109.07,109.4,108.13,109.18,108.166,161600,0,0
2024-04-03,108.99,109.73,108.24,108.31,107.305,105200,0,0
2024-04-04,109.33,109.63,106.73,106.78,105.789,145300,0,0
2024-04-05,106.48,107.29,105.5,106.59,105.6,114900,0,0
2024-04-08,106.31,107.09,106.31,106.81,105.818,135600,0,0
2024-04-09,107.15,107.16,105.92,107.15,106.155,115500,0,0
2024-04-10,105.37,105.86,104.71,104.98,104.005,189300,0,0
2024-04-11,105.19,105.71,104.24,105.54,104.56,143900,0,0
2024-04-12,104.79,105.01,103.61,104.41,103.441,178600,0,0
2024-04-15,104.87,105.06,100.85,102.93,101.974,152900,0,0
2024-04-16,102.71,104.02,102.11,103.66,102.698,145300,0,0
2024-04-17,104,105,103.43,104.5,103.53,267400,0,0
2024-04-18,104.56,105,103.4,103.9,102.935,136500,0,0
2024-04-19,103.64,104.2,103.5,104.01,103.044,132300,0,0
2024-04-22,104.55,106.16,104.41,105.89,104.907,200400,0,0
2024-04-23,106.24,106.28,105.08,105.29,104.313,326500,0,0
2024-04-24,105.05,105.96,104.6,104.9,103.926,193900,0,0
2024-04-25,103.9,103.96,102.26,103.14,102.183,180000,0,0
2024-04-26,103.84,103.84,102.85,103.14,102.183,266400,0,0
2024-04-29,103,103.43,101.77,102.14,101.192,164900,0,0
2024-04-30,101.47,102.3,101.1,101.22,100.28,255700,0,0
2024-05-01,100.5,100.91,98.06,99.36,98.4376,260900,0,0
2024-05-02,101.09,102.99,100.99,102.11,101.162,217000,0,0
2024-05-03,102.72,104.19,102.59,103.68,102.717,181300,0,0
2024-05-06,103.9,104.07,102.22,103.76,102.797,279500,0,0
2024-05-07,104,104.05,102.89,103.1,102.143,220300,0,0
2024-05-08,102.39,103.51,102.39,103.37,102.41,211300,0,0
2024-05-09,103,103.35,101.8,101.94,100.994,197800,0,0
2024-05-10,102.45,102.54,101.73,102.34,101.39,180900,0,0
2024-05-13,102.46,102.5,101.51,101.7,100.756,175800,0,0
2024-05-14,101.84,102.79,101.29,102.34,101.39,141300,0,0
2024-05-15,103.15,104.85,102.22,104.25,103.282,206100,0,0
2024-05-16,104.37,104.89,103.5,104.42,103.451,125900,0,0
2024-05-17,104.4,105.25,104,105.14,104.164,187000,0,0
2024-05-20,104.76,104.98,104.14,104.71,103.738,66900,0,0
2024-05-21,104.59,105.46,104.59,105.18,104.204,159100,0,0
2024-05-22,105.13,105.78,104.6,104.92,103.946,231400,0,0
2024-05-23,105.49,105.91,103.72,104.05,103.084,106700,0,0
2024-05-24,104.09,104.76,103.77,104.19,103.223,190400,0,0
2024-05-28,104.5,104.5,102.79,102.98,102.024,297300,0,0
2024-05-29,102.12,102.12,99.79,99.89,98.9627,229100,0,0
2024-05-30,99.4,100.2,97.74,98.05,97.1398,230900,0,0
2024-05-31,98.63,99.12,96.92,99,98.0809,343300,0,0
2024-06-03,99.24,99.46,98.36,98.68,97.7639,154300,0,0
2024-06-04,98.63,99.52,98.25,99.35,98.4277,143100,0,0
2024-06-05,100,101.12,99.74,100.82,99.884,143000,0,0
2024-06-06,100.88,102.01,100.47,101.66,100.716,143700,0,0
2024-06-07,101.38,102.02,100.89,101.32,100.379,139100,0,0
2024-06-10,100.68,101.81,100.41,101.6,100.657,129700,0,0
2024-06-11,101.25,101.25,100.1,100.77,99.8345,138400,0,0
2024-06-12,102,102.3,100.34,100.86,99.9237,103200,0,0
2024-06-13,100.89,100.89,99.66,99.87,98.9429,99000,0,0
2024-06-14,99.36,99.74,98.63,99.73,98.8042,138600,0,0
2024-06-17,99.1,100.34,98.89,100.08,99.1509,113300,0,0
2024-06-18,99.95,100.1,98.61,98.77,97.8531,110600,0,0
2024-06-20,98.54,100.27,98.3,99.83,98.9032,138200,0,0
2024-06-21,99.26,99.64,98.05,99.18,98.2593,134800,0,0
2024-06-24,99,100.2,98.63,99.55,98.6258,197600,0,0
2024-06-25,100,101.89,99.15,101.73,100.786,157500,0,0
2024-06-26,101.15,101.54,99.81,100.21,99.2797,167200,0,0
2024-06-27,100.76,100.95,99.29,100.36,99.4283,148200,0,0
2024-06-28,100.27,100.92,99.35,99.81,98.8834,286900,0,0
2024-07-01,99.53,100.52,99.02,99.02,98.1007,85700,0,0
2024-07-02,99.19,102.64,99.01,101.38,100.439,209100,0,0
2024-07-03,101.66,102.9,101.66,102.19,101.241,126600,0,0
2024-07-05,101.5,102.44,101.41,101.41,100.469,133800,0,0
2024-07-08,101.41,101.71,100.64,101.45,100.508,107800,0,0
2024-07-09,101.63,102.14,100.25,101.51,100.568,100500,0,0
2024-07-10,101.78,103,101.7,102.86,101.905,276200,0,0
2024-07-11,103,105,103,104.63,103.659,194000,0,0
2024-07-12,105.16,106.73,104.42,105.88,104.897,186500,0,0
2024-07-15,105.54,105.78,104.75,104.93,103.956,112100,0,0
2024-07-16,105.65,107.51,105.15,107.27,106.274,130600,0,0
2024-07-17,106.83,107.57,106.6,106.97,105.977,111100,0,0
2024-07-18,106.71,107.94,106.12,106.45,105.462,126600,0,0
2024-07-19,105.86,106.56,105.58,105.87,104.887,99000,0,0
2024-07-22,106.4,107.64,106.24,107.5,106.502,136700,0,0
2024-07-23,107.46,108.13,107.16,107.5,106.502,100600,0,0
2024-07-24,106.92,108.44,106.53,107.09,106.096,127600,0,0
2024-07-25,107.03,108.93,106.51,107.88,106.878,163200,0,0
2024-07-26,108.81,109.72,108.24,108.85,107.839,172900,0,0
2024-07-29,108.84,108.84,107.61,108.03,107.027,130200,0,0
2024-07-30,108.12,109.07,108.12,108.72,107.711,140500,0,0
2024-07-31,107.86,114.74,106.81,113.97,112.912,355900,0,0
2024-08-01,113.02,114.13,111.26,111.51,110.475,212600,0,0
2024-08-02,110,110.62,108.23,108.91,107.899,142100,0,0
2024-08-05,103,106.81,101.87,106.25,105.264,145800,0,0
2024-08-06,106.5,106.85,104.89,105.01,104.035,243600,0,0
2024-08-07,106.37,107.19,104.9,105.79,104.808,261700,0,0
2024-08-08,106.33,107,104.06,105.11,104.134,330600,0,0
2024-08-09,105.27,107,104.64,106.83,105.838,185000,0,0
2024-08-12,106.41,107.04,105.77,105.89,104.907,131800,0,0
2024-08-13,106.63,107.65,105.78,107.3,106.304,106400,0,0
2024-08-14,107.43,108.52,106.76,107.74,106.74,141600,0,0
2024-08-15,108.1,108.94,107.92,108.87,107.859,106600,0,0
2024-08-16,108.55,109.22,108.43,108.78,107.77,127700,0,0
2024-08-19,108.6,110.2,108.34,109.29,108.275,100900,0,0
2024-08-20,109.34,109.64,108.88,109.28,108.266,69300,0,0
2024-08-21,109.61,110.62,109.31,110.28,109.256,102600,0,0
2024-08-22,109.98,110.62,108.61,108.63,107.622,128800,0,0
2024-08-23,109.18,109.8,108.56,109.53,108.513,96500,0,0
2024-08-26,109.23,109.99,109.21,109.68,108.662,102900,0,0
2024-08-27,109.49,111.68,109.25,111.21,110.178,141100,0,0
2024-08-28,111.2,111.55,109.75,110.76,109.732,176800,0,0
2024-08-29,111.42,112.72,111.25,111.43,110.396,101400,0,0
2024-08-30,110.98,112.83,109.84,112.63,111.584,280900,0,0
2024-09-03,111.52,112.91,111.35,111.9,110.861,209400,0,0
2024-09-04,111.15,113.51,110.91,113.12,112.07,117400,0,0
2024-09-05,112.69,113.5,112.1,112.31,111.267,88100,0,0
2024-09-06,112.36,113.79,111.39,111.98,110.94,111700,0,0
2024-09-09,112.1,113.8,112.03,113.26,112.209,186100,0,0
2024-09-10,113.52,113.97,112.39,113.88,112.823,108400,0,0
2024-09-11,113.91,115.27,112.99,114.89,113.823,165800,0,0
2024-09-12,114.54,115.36,114.38,115.09,114.022,66400,0,0
2024-09-13,114.79,116.06,114.79,115.57,114.497,95100,0,0
2024-09-16,115.65,116.59,115.1,116,114.923,127900,0,0
2024-09-17,116.04,116.5,114.07,114.65,113.586,168400,0,0
2024-09-18,114.3,114.56,112.56,112.9,111.852,123300,0,0
2024-09-19,114.26,114.64,113.53,113.83,112.773,112900,0,0
2024-09-20,113.46,113.72,112.11,112.76,111.713,197000,0,0
2024-09-23,112.94,113.56,112.33,113.51,112.456,80000,0,0
2024-09-24,113.78,114.63,113.15,114.53,113.467,123800,0,0
2024-09-25,114.28,115.3,113.81,113.82,112.763,65100,0,0
2024-09-26,115.21,116.6,114.87,116.4,115.319,142900,0,0
2024-09-27,116.67,116.67,114.2,114.22,113.16,107000,0,0
2024-09-30,114.06,115.28,113.01,114.96,113.893,83900,0,0
2024-10-01,115,115.28,113.4,114.32,113.259,93400,0,0
2024-10-02,113.73,115.89,113.73,115.13,114.061,133000,0,0
2024-10-03,114.95,116.2,113.76,116.03,114.953,201700,0,0
2024-10-04,115.79,116.43,114.71,114.99,113.923,128800,0,0
2024-10-07,114.28,114.52,113.07,113.36,112.308,111600,0,0
2024-10-08,113.4,114.67,113.21,114.45,113.387,73200,0,0
2024-10-09,114.17,115.83,114.17,115.77,114.695,125800,0,0
2024-10-10,114.89,115.17,113.76,114.39,113.328,64000,0,0
2024-10-11,114.28,115.77,113.93,115.3,114.23,107900,0,0
2024-10-14,115.49,115.76,114.98,115.47,114.398,27800,0,0
2024-10-15,115.81,115.81,114.99,115.43,114.358,169500,0,0
2024-10-16,115.09,115.41,114.37,114.71,113.645,101100,0,0
2024-10-17,114.35,115.82,114.35,115.77,114.695,87100,0,0
2024-10-18,115.58,116.39,115.54,116.25,115.171,59700,0,0
2024-10-21,115.76,116.19,114.46,114.49,113.427,104300,0,0
2024-10-22,114.09,114.5,112.36,113.88,112.823,154100,0,0
2024-10-23,113.75,114.4,113.12,113.97,112.912,123000,0,0
2024-10-24,113.75,114.79,113.45,114.28,113.219,127500,0,0
2024-10-25,114.66,114.93,113.06,113.11,112.06,78900,0,0
2024-10-28,113.5,114.54,113.5,113.88,112.823,106900,0,0
2024-10-29,113.74,114.2,113.06,114.13,113.07,98300,0,0
2024-10-30,113.78,114.28,112.48,112.7,111.654,136400,0,0
2024-10-31,112,112.55,109.98,110.71,109.682,214300,0,0
2024-11-01,111.13,111.63,110.44,111.45,110.415,110400,0,0
2024-11-04,111.42,112.39,111.42,111.91,110.871,118400,0,0
2024-11-05,111.96,113.32,111.85,112.79,111.743,114600,0,0
2024-11-06,112.08,114.57,111.14,112.49,111.446,198400,0,0
2024-11-07,113.07,113.97,112.06,112.52,111.475,160700,0,0
2024-11-08,111.91,112.43,110.81,111.15,110.118,100000,0,0
2024-11-11,110.87,112.7,110.87,111.85,110.812,114200,0,0
2024-11-12,111.52,112.4,111.32,112.15,111.109,163800,0,0
2024-11-13,111.47,112.3,111.15,112.13,111.089,280900,0,0
2024-11-14,112.18,112.89,105.55,107.08,106.086,456800,0,0
2024-11-15,106.57,107.7,106.13,107.39,106.393,178400,0,0
2024-11-18,106.95,109.79,106.95,109.57,108.553,195200,0,0
2024-11-19,108.55,110.42,108.5,109.67,108.652,165400,0,0
2024-11-20,109.54,110,108.39,109.87,108.956,257900,0.107,0
2024-11-21,110.4,112,109.66,111.97,111.039,211300,0,0
2024-11-22,111.93,112.33,110.94,111.6,110.672,121300,0,0
2024-11-25,112,112.95,111.43,112.6,111.664,185800,0,0
2024-11-26,111.68,112.06,110.61,111.72,110.791,152000,0,0
2024-11-27,112.01,113.31,111.96,112.59,111.654,119300,0,0
2024-11-29,112.29,112.81,112.12,112.42,111.485,66000,0,0
2024-12-02,112,113.33,111.57,112.54,111.604,152000,0,0
2024-12-03,112.4,112.88,111.02,112.07,111.138,170100,0,0
2024-12-04,112,113.81,111.72,113.03,112.09,122000,0,0
2024-12-05,113.05,113.95,112.74,113.39,112.447,97500,0,0
2024-12-06,113.6,114.01,112.48,112.76,111.822,82600,0,0
2024-12-09,112.74,114.75,112.68,113.74,112.794,184200,0,0
2024-12-10,113.45,114.27,113.22,114.15,113.201,225700,0,0
2024-12-11,114.13,114.95,114.01,114.67,113.716,104700,0,0
2024-12-12,114.29,114.31,112.19,112.31,111.376,234400,0,0
2024-12-13,112.34,113.01,112.32,112.61,111.674,213400,0,0
2024-12-16,112.33,112.68,109.76,110.21,109.294,228900,0,0
2024-12-17,109.95,111.33,109.5,109.82,108.907,148200,0,0
2024-12-18,109.49,109.93,106.34,107,106.11,261900,0,0
2024-12-19,108,109.6,107.78,109.02,108.113,198500,0,0
2024-12-20,108.12,110.27,108.12,109.44,108.53,182600,0,0
2024-12-23,108.93,109.73,108.59,109.54,108.629,148500,0,0
2024-12-24,109.6,110.44,109.26,110.32,109.403,75700,0,0
2024-12-26,109.8,110.73,109.74,110.34,109.422,37300,0,0
2024-12-27,110.15,110.44,108.86,109.87,108.956,208200,0,0
2024-12-30,108.41,109.94,108,109.3,108.391,102900,0,0
2024-12-31,109.29,109.64,108.91,109.32,108.411,104000,0,0
2025-01-02,109.14,110.05,108.71,109.18,108.272,130400,0,0
2025-01-03,109.64,110.04,108.96,109.76,108.847,108000,0,0
2025-01-06,109.85,110.85,108.28,109.11,108.203,188400,0,0
2025-01-07,109.57,110.52,107.55,108.26,107.36,139900,0,0
2025-01-08,108.16,109.28,106.98,109.12,108.213,129200,0,0
2025-01-10,107.75,108.6,106.6,107.72,106.824,221900,0,0
2025-01-13,106.96,107.98,106.34,107.87,106.973,157600,0,0
2025-01-14,107.9,108.65,106.75,107.54,106.646,134600,0,0
2025-01-15,108.79,108.79,107.66,108.38,107.479,112700,0,0
2025-01-16,108.52,109.18,107.8,108.75,107.846,111900,0,0
2025-01-17,109.23,109.3,108.26,108.49,107.588,138800,0,0
2025-01-21,108.49,111,108.49,110.48,109.561,169500,0,0
2025-01-22,110.67,111.72,110.3,111.37,110.444,184800,0,0
2025-01-23,111.37,112.12,111.02,111.61,110.682,193400,0,0
2025-01-24,111.41,112.51,111.41,111.97,111.039,195800,0,0
2025-01-27,111.8,113.56,110.93,113.24,112.298,141400,0,0
2025-01-28,113,114.78,112.97,114.45,113.498,243900,0,0
2025-01-29,114.15,116.73,112.11,114.54,113.588,327300,0,0
2025-01-30,115.18,121.55,115.18,119.01,118.02,459000,0,0
2025-01-31,118.63,121.17,117.71,117.82,116.84,376100,0,0
2025-02-03,114.78,119.11,114.24,118.15,117.167,307500,0,0
2025-02-04,118.28,119.15,117.48,118.1,117.118,254000,0,0
2025-02-05,118.25,120.24,118.15,120.17,119.171,151400,0,0
2025-02-06,120,120.14,117.99,119.18,118.189,191600,0,0
2025-02-07,119.7,120,117.75,119.03,118.04,306000,0,0
2025-02-10,118.8,121.04,118.73,120.76,119.756,210600,0,0
2025-02-11,120.15,121.09,119.73,120.78,119.776,266900,0,0
2025-02-12,119.8,121.22,119.5,120.65,119.647,215200,0,0
2025-02-13,120.85,122.79,120.66,122.43,121.412,378000,0,0
2025-02-14,122.51,122.59,120.21,120.32,119.423,207300,0.106,0
2025-02-18,120,120.12,119.14,120.01,119.115,272300,0,0
2025-02-19,119.47,119.47,117.69,118.56,117.676,247700,0,0
2025-02-20,118.32,118.61,116.93,117.32,116.445,226800,0,0
2025-02-21,116.98,117.08,112.46,112.54,111.701,493200,0,0
2025-02-24,112.72,113.76,111.56,112.3,111.463,230700,0,0
2025-02-25,112.5,113.87,111.74,113.25,112.406,234800,0,0
2025-02-26,113.63,113.63,111.33,111.98,111.145,275900,0,0
2025-02-27,112.05,112.05,110.22,110.29,109.468,161100,0,0
2025-02-28,110.64,110.64,102.93,103.62,102.847,1077800,0,0
2025-03-03,104.18,105.26,102.27,103.24,102.47,429800,0,0
2025-03-04,102.38,103.94,100.71,102.69,101.924,500300,0,0
2025-03-05,103.08,104.11,102.65,103.75,102.976,373400,0,0
2025-03-06,103.12,105.04,102.86,103.52,102.748,330800,0,0
2025-03-07,103.13,105.23,102.63,104.78,103.999,339400,0,0
2025-03-10,103.95,104.92,103.66,104.39,103.612,338000,0,0
2025-03-11,104.1,104.49,102.64,103.82,103.046,290600,0,0
2025-03-12,104.19,105.04,102.99,103.8,103.026,317400,0,0
2025-03-13,103.1,103.67,100.43,100.52,99.7705,364000,0,0
2025-03-14,100.91,103.12,100.69,102.97,102.202,210400,0,0
2025-03-17,103,104.59,102.77,104.16,103.383,242700,0,0
2025-03-18,103.85,103.91,102.38,103.36,102.589,252900,0,0
2025-03-19,103.44,103.95,102.58,103.52,102.748,245200,0,0
2025-03-20,102.19,102.19,97.46,98.73,97.9938,597200,0,0
2025-03-21,98.18,99.03,97.62,98.74,98.0037,335100,0,0
2025-03-24,99.51,100.86,99,100.1,99.3536,343500,0,0
2025-03-25,100.46,101.67,100.24,101.11,100.356,241200,0,0
2025-03-26,101.29,101.58,99.91,100.18,99.433,208100,0,0
2025-03-27,99.7,99.83,98.56,99.26,98.5199,197100,0,0
2025-03-28,98.74,99.26,97.54,98.12,97.3884,164900,0,0
2025-03-31,97.02,100.09,96.75,99.83,99.0856,294800,0,0
2025-04-01,99.57,101.31,98.51,100.79,100.038,380200,0,0
2025-04-02,100.02,102.11,99.86,102.1,101.339,480300,0,0
2025-04-03,100.08,102.97,100.03,100.34,99.5918,367000,0,0
2025-04-04,98.4,100.17,95.75,96.47,95.7507,428300,0,0
2025-04-07,93.66,99.19,92.85,96.92,96.1973,799500,0,0
2025-04-08,99.82,99.87,95.54,96.5,95.7804,475000,0,0
2025-04-09,95.72,101.99,95.38,101.88,101.12,447500,0,0
2025-04-10,100.96,100.96,95.87,98.21,97.4777,452300,0,0
2025-04-11,98.42,102.11,98.18,101.83,101.071,410300,0,0
2025-04-14,102.96,103.88,102.05,103.06,102.292,258800,0,0
2025-04-15,103.11,104.28,102.37,103.16,102.391,202700,0,0
2025-04-16,103.32,104.6,102.63,104.16,103.383,366200,0,0
2025-04-17,104.03,106.04,104.03,105.23,104.445,309300,0,0
2025-04-21,105.08,105.08,103.63,104.23,103.453,196400,0,0
2025-04-22,105.2,106.38,104.55,105.76,104.971,202100,0,0
2025-04-23,107.17,108.02,104.25,104.51,103.731,323200,0,0
2025-04-24,104.98,106.3,103.64,105.56,104.773,285600,0,0
2025-04-25,105.56,106.65,105.29,105.47,104.684,279600,0,0
2025-04-28,105.56,107.56,105.53,105.91,105.12,235900,0,0
2025-04-29,105.73,107.6,105.32,107.05,106.252,556500,0,0
2025-04-30,104.17,108.02,104.17,106.06,105.269,501300,0,0
2025-05-01,106.28,106.84,104.25,104.37,103.592,364400,0,0
2025-05-02,105,105.52,103.87,104.92,104.138,302500,0,0
2025-05-05,104.7,105.76,104.51,105.11,104.326,150400,0,0
2025-05-06,104.87,105.45,104.41,104.85,104.068,174900,0,0
2025-05-07,105.15,106.54,104.85,106,105.21,165700,0,0
2025-05-08,106.03,107.1,105.54,106.23,105.438,225900,0,0
2025-05-09,107.08,107.08,105.81,105.95,105.16,168000,0,0
2025-05-12,107.52,108.25,106.86,107.89,107.086,229100,0,0
2025-05-13,107.83,109.01,107.56,107.56,106.758,248900,0,0
2025-05-14,107.25,107.25,106.09,106.83,106.033,189900,0,0
2025-05-15,107,108.17,107,107.91,107.105,158700,0,0
2025-05-16,106.79,108.46,106.79,108.26,107.559,212300,0.107,0
2025-05-19,107.9,108.49,107.64,108.08,107.381,88200,0,0
2025-05-20,108.25,109.29,107.86,108.25,107.549,177000,0,0
2025-05-21,108,108.84,107.51,107.59,106.894,205000,0,0
2025-05-22,107.27,107.53,106.61,106.71,106.019,177000,0,0
2025-05-23,106.25,107.03,105.7,106.36,105.672,257400,0,0
2025-05-27,107.21,108.55,107.21,108.27,107.569,250900,0,0
2025-05-28,107.89,108.44,106.89,107.1,106.407,191900,0,0
2025-05-29,107.35,108.03,107.06,107.64,106.943,183500,0,0
2025-05-30,107.13,107.68,106.55,107.56,106.864,212300,0,0
2025-06-02,106.9,107.87,106.55,107.57,106.874,313000,0,0
2025-06-03,107.22,107.93,105.45,105.86,105.175,350100,0,0
2025-06-04,106.46,108.34,106.04,107.77,107.073,250800,0,0
2025-06-05,108.31,108.45,107.28,107.65,106.953,200700,0,0
2025-06-06,108.11,108.38,107.27,107.84,107.142,137400,0,0
2025-06-09,107.9,108.42,106.96,107.95,107.251,222400,0,0
2025-06-10,108.25,109.33,107.81,108.72,108.016,245800,0,0
2025-06-11,108.94,109.56,108.44,108.74,108.036,203700,0,0
2025-06-12,109.18,110.07,108.63,109.59,108.881,321600,0,0
2025-06-13,109.18,110.01,108.14,108.19,107.49,218000,0,0
2025-06-16,108.69,110,108.6,109,108.295,182000,0,0
2025-06-17,108.43,109.06,107.64,107.85,107.152,146100,0,0
2025-06-18,108.17,108.28,107.3,107.3,106.606,182600,0,0
2025-06-20,107.13,108.09,105.12,105.34,104.658,363200,0,0
2025-06-23,105.05,106.32,104.67,106.07,105.384,236600,0,0
2025-06-24,106.62,106.62,105.48,105.53,104.847,257500,0,0
2025-06-25,105.77,105.99,103.24,103.5,102.83,290500,0,0
2025-06-26,104,104.37,103.61,104.08,103.406,289300,0,0
2025-06-27,104.1,104.1,102.35,103.33,102.661,360800,0,0
2025-06-30,104.1,105,103.83,104.83,104.152,237400,0,0
2025-07-01,104.38,106.68,104.38,105.86,105.175,165900,0,0
2025-07-02,105.28,105.56,103.97,105.26,104.579,168800,0,0
2025-07-03,105.1,106.45,105.1,106.19,105.503,96400,0,0
2025-07-07,105.79,106,104.13,104.25,103.575,290800,0,0
2025-07-08,104.44,104.7,103.21,103.45,102.781,293200,0,0
2025-07-09,103.55,103.92,102.56,102.79,102.125,305900,0,0
2025-07-10,102.49,102.97,101.36,102.37,101.708,248100,0,0
2025-07-11,101.86,102.12,100.57,100.57,99.9192,251900,0,0
2025-07-14,100.59,101.51,100.43,101.11,100.456,201000,0,0
2025-07-15,101.39,101.52,100.15,100.2,99.5516,242500,0,0
2025-07-16,100.25,101.16,100.25,101.02,100.366,186800,0,0
2025-07-17,100.84,101.17,100.01,100.42,99.7701,305600,0,0
2025-07-18,101.05,101.05,99.41,99.51,98.866,294500,0,0
2025-07-21,99.7,100.71,99.3,100.33,99.6807,336400,0,0
2025-07-22,100.18,101.37,100.18,101.29,100.635,198400,0,0
2025-07-23,101.74,102.45,101.29,102.3,101.638,224200,0,0
2025-07-24,101.8,102.45,101.3,101.51,100.853,375100,0,0
2025-07-25,100.72,101.21,100.5,101.11,100.456,204000,0,0
2025-07-28,101.13,101.2,99.67,99.85,99.2038,293100,0,0
2025-07-29,100.15,100.15,99.42,99.91,99.2635,427000,0,0
2025-07-30,100.55,103.04,96.57,97.07,96.4418,770000,0,0
2025-07-31,96.77,97.75,96.1,96.43,95.806,478400,0,0
2025-08-01,96.84,96.84,95.25,95.48,94.8621,324100,0,0
2025-08-04,95.84,96.97,95.35,96.97,96.3425,244500,0,0
2025-08-05,96.75,98.13,96.19,97.53,96.8988,483000,0,0
2025-08-06,98.19,98.19,96.49,96.58,95.955,282400,0,0
2025-08-07,97.22,97.33,94.48,95.15,94.5342,317500,0,0
2025-08-08,95.29,96.34,95.13,95.93,95.3092,274100,0,0
2025-08-11,95.59,96.34,94.85,95.14,94.5243,297400,0,0
2025-08-12,94.93,95.5,93.93,93.99,93.3818,449600,0,0
2025-08-13,94,95.98,93.2,95.66,95.041,656500,0,0
2025-08-14,95.17,95.34,93.59,93.84,93.2327,422900,0,0
2025-08-15,93.66,94.82,93.58,93.98,93.4804,336900,0.109,0
2025-08-18,93.96,94.5,93.85,94.09,93.5898,255900,0,0
2025-08-19,94.37,95.31,94.14,95.14,94.6342,330600,0,0
2025-08-20,95.5,95.71,94.4,94.78,94.2762,387200,0,0
2025-08-21,94.58,94.87,93.78,94.84,94.3358,271900,0,0
2025-08-22,95.29,97.55,94.82,96.96,96.4446,369600,0,0
2025-08-25,97.08,97.21,95.16,95.72,95.2112,324900,0,0
2025-08-26,95.58,96.2,95.1,95.16,94.6541,386100,0,0
2025-08-27,95.4,96.64,95.34,96.48,95.9671,226200,0,0
2025-08-28,96.5,96.88,96.2,96.42,95.9074,336300,0,0
2025-08-29,96.45,97.42,96.11,97.18,96.6634,241800,0,0
2025-09-02,96,96.8,95.5,96.67,96.1561,290100,0,0
2025-09-03,96.66,96.89,96.17,96.43,95.9174,347500,0,0
2025-09-04,96.43,96.99,95.28,95.29,94.7834,375200,0,0
2025-09-05,95.7,97.5,95.7,96.73,96.2158,183200,0,0
2025-09-08,96.92,97.11,96.02,96.54,96.0268,241500,0,0
2025-09-09,96.61,96.65,95.57,95.57,95.062,232300,0,0
2025-09-10,95.35,95.87,92.58,92.8,92.3067,291600,0,0
2025-09-11,93.08,94.26,92.21,94.26,93.7589,354300,0,0
2025-09-12,94.14,94.17,93.32,93.32,92.8239,199500,0,0
2025-09-15,93.92,93.92,92.58,93.08,92.5852,312700,0,0
2025-09-16,93.16,94,92.97,93.8,93.3014,203300,0,0
2025-09-17,93.99,94.69,92.38,92.44,91.9486,197300,0,0
2025-09-18,92.39,93.1,92.07,92.26,91.7695,292200,0,0
2025-09-19,93.97,93.97,92.25,92.61,92.1177,376300,0,0
2025-09-22,92.51,93.98,92.33,93.49,92.993,317800,0,0
2025-09-23,93.62,93.63,90.67,90.85,90.367,352800,0,0
2025-09-24,90.73,91.88,90.31,91.73,91.2424,250300,0,0
2025-09-25,91.49,91.49,88.23,88.38,87.9102,441800,0,0
2025-09-26,88.3,88.5,87.26,88.14,87.6715,675000,0,0
2025-09-29,88.68,89.29,88.27,88.93,88.4573,461500,0,0
2025-09-30,88.69,89.21,88.64,89.13,88.6562,482300,0,0
2025-10-01,89.08,90.67,89.08,89.98,89.5017,442300,0,0
2025-10-02,89.98,90.26,89.11,90.26,89.7802,274600,0,0
2025-10-03,90.39,91.86,90.39,91.65,91.1628,273100,0,0
2025-10-06,91.85,91.9,90.55,91.1,90.6157,342600,0,0
2025-10-07,91.34,91.34,90.44,90.56,90.0786,199000,0,0
2025-10-08,90.83,91.04,90.31,91.02,90.5361,287000,0,0
2025-10-09,91,91,89.55,90.58,90.0985,233500,0,0
2025-10-10,90.65,91,88.54,88.8,88.328,312600,0,0
2025-10-13,88.87,89.53,88.32,89.47,88.9944,134300,0,0
2025-10-14,88.68,90.19,88.36,90.15,89.6708,283500,0,0
2025-10-15,90.22,90.44,86.46,86.49,86.0302,398000,0,0
2025-10-16,86.6,87.68,85.9,87.08,86.6171,417600,0,0
2025-10-17,86.34,87.44,86.34,87.1,86.637,289200,0,0
2025-10-20,87.03,87.7,86.63,87.07,86.6071,248400,0,0
2025-10-21,87.01,87.43,86.58,87.27,86.8061,309400,0,0
2025-10-22,87.26,87.88,86.8,87.66,87.194,340600,0,0
2025-10-23,87.32,88.27,86.91,88.27,87.8008,287900,0,0
2025-10-24,88.41,88.41,87.17,87.32,86.8558,184200,0,0
2025-10-27,87.4,88.06,87.01,87.98,87.5123,488300,0,0
2025-10-28,87.71,88.45,87.47,88.17,87.7013,216200,0,0
2025-10-29,88.12,88.12,85.94,85.95,85.4931,504000,0,0
2025-10-30,85.69,87.4,85.36,87.1,86.637,495300,0,0
2025-10-31,86.7,87.47,86.54,87,86.5375,337600,0,0
2025-11-03,86.68,86.89,85.88,86.62,86.1595,360300,0,0
2025-11-04,86.56,86.87,85.16,85.37,84.9162,508200,0,0
2025-11-05,85.95,89.73,85.58,89.6,89.1237,580300,0,0
2025-11-06,89.5,89.5,84.42,84.81,84.3592,444100,0,0
2025-11-07,84.78,86.3,84.24,86.18,85.7219,530100,0,0
2025-11-10,85.72,86,84,85.71,85.2544,425500,0,0
2025-11-11,85.77,86.81,85.29,86.75,86.2888,224600,0,0
2025-11-12,86.68,88.04,86.39,87.44,86.9752,489800,0,0
2025-11-13,87.27,87.95,86.88,87.75,87.2835,265400,0,0
2025-11-14,87.41,87.69,86.14,86.85,86.3883,323700,0,0
2025-11-17,86.71,87.03,85.61,86.11,85.6522,325700,0,0
2025-11-18,85.81,86.16,85.3,86.07,85.6124,318100,0,0
2025-11-19,85.81,86.75,85.37,86.52,86.0601,307800,0,0
2025-11-20,86.9,87.5,85.7,86.03,85.5727,246200,0,0
2025-11-21,85.98,88.47,85.83,87.67,87.2039,325200,0,0
2025-11-24,87.42,88.76,87.3,87.9,87.4327,592700,0,0
2025-11-25,87.95,89.4,87.95,89.19,88.7159,297200,0,0
2025-11-26,89.5,89.5,88.35,88.39,87.9201,249700,0,0
2025-11-28,87.92,88.94,87.92,88.53,88.0594,181900,0,0
2025-12-01,88.59,89.26,88.26,88.27,87.8008,302000,0,0
2025-12-02,88.76,89.28,87.95,88.77,88.2981,214600,0,0
2025-12-03,88.66,89.75,88.23,89.51,89.0342,224800,0,0
2025-12-04,89.77,92.39,89.73,91.49,91.0036,470000,0,0
2025-12-05,91.47,92.97,91.43,92.26,91.7695,488300,0,0
2025-12-08,92,92.01,90.28,90.63,90.1482,372700,0,0
2025-12-09,90.64,91.84,90.19,90.2,89.7205,316200,0,0
2025-12-10,90.24,90.48,89.13,90.13,89.6509,345700,0,0
2025-12-11,90.33,92.32,90.06,90.26,89.7802,322200,0,0
2025-12-12,90.42,90.93,89.7,90.76,90.2775,290200,0,0
2025-12-15,90.01,91.16,88.1,90.98,90.4964,340600,0,0
2025-12-16,90.98,91.57,89.85,90.91,90.4267,360700,0,0
2025-12-17,90.67,92.83,90.67,92.29,91.7994,555400,0,0
2025-12-18,91.93,93.01,91.49,92.25,91.7596,347800,0,0
2025-12-19,92,92.97,91.95,92.64,92.1475,319700,0,0
2025-12-22,92.46,93.55,92.01,93.22,92.7244,320000,0,0
2025-12-23,93.22,93.7,92.62,93.42,92.9234,299500,0,0
2025-12-24,93.07,94.24,93.07,93.83,93.3312,136900,0,0
2025-12-26,94,94.28,93.1,93.84,93.3411,171400,0,0
2025-12-29,93.6,94.52,93.6,93.81,93.3113,258600,0,0
2025-12-30,93.2,93.94,92.84,92.98,92.4857,233300,0,0
2025-12-31,92.76,93.23,92.28,92.3,91.8093,407700,0,0
2026-01-02,92.15,92.39,90.63,91.14,90.6555,287000,0,0
2026-01-05,90.89,93.06,90.64,91.03,90.5461,295600,0,0
2026-01-06,90.83,93.05,90.81,92.82,92.3266,202400,0,0
2026-01-07,93,93.49,91.58,91.99,91.501,275200,0,0
2026-01-08,91.61,95.15,91.61,94.41,93.9081,323500,0,0
2026-01-09,94.78,95.2,93.44,93.82,93.3213,306800,0,0
2026-01-12,93.62,94.98,92.9,94.81,94.306,172300,0,0
2026-01-13,95,95,93.2,93.89,93.3909,245300,0,0
2026-01-14,93.9,94.87,93.78,94.68,94.1767,295100,0,0
2026-01-15,94.59,94.84,92.62,92.64,92.1475,217200,0,0
2026-01-16,92.37,92.63,90.95,91.8,91.312,296900,0,0
2026-01-20,91.41,91.46,87,87.32,86.8558,444900,0,0
2026-01-21,87.84,88.7,87.08,87.95,87.4825,418200,0,0
2026-01-22,88.24,89.13,88.04,88.33,87.8604,245200,0,0
2026-01-23,88.18,89.43,88.18,89.36,88.885,283200,0,0
2026-01-26,90,90,88.7,89.19,88.7159,313100,0,0
2026-01-27,88.93,89.55,88.22,88.23,87.761,445900,0,0
2026-01-28,91.57,93.66,83.75,86.35,85.891,923700,0,0
2026-01-29,87,87.57,84.9,85.7,85.2444,818800,0,0
2026-01-30,84.5,86.35,84.5,85.78,85.324,498400,0,0
2026-02-02,85.66,87.05,85.26,86.62,86.1595,554800,0,0
2026-02-03,85.15,85.17,77.86,79.65,79.2266,818600,0,0
2026-02-04,79.16,82.96,79.15,82.71,82.2703,681700,0,0
2026-02-05,82.67,83.55,81.82,82.66,82.2206,798100,0,0
2026-02-06,82.5,83.74,81.97,82.73,82.2902,403600,0,0
2026-02-09,82.05,82.55,80.93,81.06,80.6291,519800,0,0
2026-02-10,81.26,81.86,80.19,80.94,80.5097,792100,0,0
2026-02-11,81,81.08,75.37,75.4,74.9992,720400,0,0
2026-02-12,74.99,75.69,72.64,75.2,74.8002,825200,0,0
2026-02-13,75.34,76.45,73.85,74.53,74.1338,731200,0,0
2026-02-17,73.98,74.94,72.97,73.38,72.9899,772800,0,0
2026-02-18,73.41,74.35,72.33,73.88,73.6126,485000,0.125,0
2026-02-19,73.22,74.18,71.94,73.73,73.4632,474600,0,0
2026-02-20,73.9,74.95,73.32,74.32,74.0511,726300,0,0
2026-02-23,73.81,73.85,71.17,71.3,71.042,518000,0,0
2026-02-24,70.97,72.26,70.54,70.6,70.3445,502700,0,0
2026-02-25,70.57,71.29,69.96,70.93,70.6733,442100,0,0
2026-02-26,71.8,73.42,71.45,73.22,72.955,521300,0,0
2026-02-27,72.61,74.14,72.3,73.36,73.0945,434800,0,0
2026-03-02,71.58,72.84,71.41,72.38,72.1181,616000,0,0
2026-03-03,71.46,73.91,70.7,73.26,72.9949,648100,0,0
2026-03-04,72.89,73.75,72.67,73.01,72.7458,389600,0,0
2026-03-05,73.43,75.37,72.69,75.13,74.8581,431300,0,0
2026-03-06,75.07,76.17,73.82,76.05,75.7748,586600,0,0
2026-03-09,75.44,76.22,74.07,75.75,75.4759,480500,0,0
2026-03-10,75.67,75.67,73.03,74.13,73.8617,376200,0,0
2026-03-11,74.35,74.75,72.3,73.04,72.7757,439100,0,0
2026-03-12,73.89,74.25,72.03,72.07,71.8092,450400,0,0
2026-03-13,72.25,72.49,70.96,71.6,71.3409,269000,0,0
2026-03-16,71.66,72.7,71,72.17,71.9088,333000,0,0
2026-03-17,72.28,73.35,71.64,71.88,71.6199,338600,0,0
2026-03-18,71.41,72.5,71.3,71.51,71.2512,260700,0,0
2026-03-19,71.21,73.06,71.21,71.9,71.6398,402400,0,0
2026-03-20,71.62,73.08,70.91,72.8,72.5366,459100,0,0
2026-03-23,73.12,74.47,72.79,73.92,73.6525,652900,0,0
2026-03-24,73.25,73.33,71.68,71.89,71.6299,466500,0,0
2026-03-25,72.49,73.03,71.77,72.44,72.1779,397500,0,0
2026-03-26,72.13,73.95,72.13,72.78,72.5166,326700,0,0
2026-03-27,72.23,72.29,70.78,71.05,70.7929,335100,0,0
2026-03-30,71.56,72.68,70.96,72.58,72.3174,477600,0,0
2026-03-31,72.9,73.77,72.28,73.1,72.8355,458900,0,0
2026-04-01,73.32,73.32,71.08,72.27,72.0085,477700,0,0
2026-04-02,72.27,74.22,71.17,73.98,73.7123,413600,0,0
2026-04-06,73.75,74.44,73.42,73.56,73.2938,281000,0,0
2026-04-07,73.34,73.56,71.91,72.68,72.417,323000,0,0
2026-04-08,73.92,74.67,71.87,71.98,71.7195,474400,0,0
2026-04-09,71.45,71.81,69.65,70.3,70.0456,455000,0,0
2026-04-10,70.41,71.42,69.4,69.76,69.5076,486500,0,0
2026-04-13,70.05,73.44,69.51,73.41,73.1444,427200,0,0
2026-04-14,73.64,74.75,73.36,73.5,73.234,437800,0,0
2026-04-15,74.28,74.86,73.77,74.07,73.802,299700,0,0
2026-04-16,74.97,76.17,74.72,75.27,74.9976,412200,0,0
2026-04-17,75.91,77.81,75.91,76.23,75.9541,619500,0,0
2026-04-20,75.99,77.39,75.8,76.94,76.6616,456500,0,0
2026-04-21,77.5,78.6,76.71,76.8,76.5221,757000,0,0
2026-04-22,76.93,77.73,76.05,76.38,76.1036,406800,0,0
2026-04-23,74.61,75.07,71.96,73.01,72.7458,509400,0,0
2026-04-24,72.93,73.13,71.93,72.7,72.4369,418500,0,0
2026-04-27,72.33,73.85,72.33,73.47,73.2041,451000,0,0
2026-04-28,74.24,74.99,73.3,73.51,73.244,601700,0,0
2026-04-29,72.99,73.02,61.91,65.59,65.3526,1920500,0,0
2026-04-30,64.58,65.48,63.5,65.44,65.2032,747300,0,0
2026-05-01,66.19,67.34,66.12,66.58,66.3391,604400,0,0
2026-05-04,66.23,67.9,65.63,66.52,66.2793,520000,0,0
2026-05-05,66,67.04,65.58,66.96,66.7177,388300,0,0
2026-05-06,66.71,67.25,65.83,66.67,66.4287,330000,0,0
2026-05-07,67.06,69.57,66.76,68.09,67.8436,502400,0,0
2026-05-08,67.82,68.27,66.03,68.21,67.9632,326200,0,0
2026-05-11,67.52,68.25,65.02,65.46,65.2231,551100,0,0
2026-05-12,64.32,65.31,62.9,63.19,62.9613,662200,0,0
2026-05-13,62.5,63.24,60.8,62.02,61.7956,700500,0,0
2026-05-14,62.14,63.58,61.67,62.31,62.0845,670100,0,0
2026-05-15,62.81,63.66,62.25,63.11,63.007,451100,0.124,0
2026-05-18,62.72,65.25,62.19,65.08,64.9738,337300,0,0
2026-05-19,65.4,66.85,64.53,64.69,64.5844,543400,0,0
2026-05-20,63.95,65.62,62.74,65.4,65.2933,387800,0,0
2026-05-21,64.94,66.03,63.97,66.01,65.9023,496500,0,0
2026-05-22,66.25,67.56,66.25,66.97,66.8607,385600,0,0
2026-05-26,66.75,67.64,66.22,66.94,66.8308,405700,0,0
2026-05-27,66.6,68.29,66.6,67.04,66.9306,425400,0,0
2026-05-28,67.09,67.94,66.62,67.63,67.5196,382700,0,0
2026-05-29,68.1,70.43,67.57,69.78,69.6661,343200,0,0
2026-06-01,70.15,71.78,69.62,71.16,71.0439,529300,0,0
2026-06-02,69.89,69.96,68.59,69.34,69.2268,479600,0,0
2026-06-03,67.91,68.36,66.16,66.25,66.1419,433600,0,0
2026-06-04,68.07,68.47,66.48,67.43,67.32,469000,0,0
2026-06-05,68.08,68.83,66.67,67.28,67.1702,415100,0,0
2026-06-08,66.79,67.7,66.15,66.57,66.4614,429000,0,0
2026-06-09,65.92,67.86,65.9,67.15,67.0404,387400,0,0
2026-06-10,66.45,67.68,65.81,66.85,66.7409,355100,0,0
2026-06-11,66.19,67.31,65.71,66.92,66.8108,450800,0,0
2026-06-12,66.7,67.51,66.05,66.69,66.5812,265100,0,0
2026-06-15,66.58,67.5,65.51,65.78,65.6727,378600,0,0
2026-06-16,65.66,67.63,65.66,66.84,66.7309,461900,0,0
2026-06-17,66.18,67.3,65.65,66.07,65.9622,456200,0,0
2026-06-18,61.76,62.69,59.63,61.28,61.18,954200,0,0
2026-06-22,60.69,63.56,60.69,61.33,61.2299,843500,0,0
2026-06-23,62.8,63.08,62.3,62.3,62.1983,778700,0,0
2026-06-24,62.08,63.95,62.02,63.09,62.987,1066500,0,0
2026-06-25,62.53,63.38,60.95,62.24,62.1384,724600,0,0
2026-06-26,62.43,64.47,62.25,64.46,64.3548,483700,0,0
2026-06-29,64.59,65.5,62.96,63.73,63.626,557000,0,0
2026-06-30,63.21,64.7,62.86,64.57,64.4646,415300,0,0
2026-07-01,65,66.78,64.75,65.47,65.3632,274400,0,0
2026-07-02,65.79,67.25,65.26,66.48,66.3715,648400,0,0
2026-07-06,66.02,66.58,65.08,66.35,66.2417,394100,0,0
2026-07-07,67.65,68.7,67.33,67.48,67.3699,405000,0,0
2026-07-08,66.94,66.94,65.75,66.3,66.1918,541100,0,0
2026-07-09,64.99,66.98,64.69,66.89,66.7808,301200,0,0
2026-07-10,67.93,68.59,66.9,67.06,66.9506,497100,0,0
2026-07-13,67.28,68.6,67.28,67.75,67.6394,406900,0,0
2026-07-14,65,66.52,64.23,65.56,65.453,481000,0,0
2026-07-15,66.29,66.84,65.85,65.9,65.7925,264700,0,0
2026-07-16,66.5,68.19,66.04,68.14,68.0288,375600,0,0
2026-07-17,68.07,68.65,67.39,68.12,68.0088,761000,0,0
2026-07-20,67.54,68.79,67.03,68.25,68.1386,297500,0,0
2026-07-21,66.89,68.01,66.51,66.64,66.5312,387200,0,0
2026-07-22,67.52,67.55,65.58,65.67,65.5628,333400,0,0
2026-07-23,64.3,64.52,63.15,63.79,63.6859,464400,0,0
2026-07-24,64.77,66.89,64.31,66.43,66.3216,364600,0,0
2026-07-27,67.56,70.06,67.2,69.47,69.3566,497900,0,0
2026-07-28,70.65,72.79,70.12,71.4,71.2835,823700,0,0
2026-07-29,70.98,75.32,70.98,74.5,74.3784,1631400,0,0
2026-07-30,73.3,74.89,72.29,73.24,73.1205,712500,0,0
2026-07-31,71.87,73.61,71.79,73.15,73.0306,447900,0,0
2026-08-03,73.76,75.32,72.8,73.01,72.8909,420500,0,0
2026-08-04,72.16,74.57,71.29,74.41,74.2886,641600,0,0
2026-08-05,74.88,75.27,72.55,72.61,72.4915,506600,0,0
2026-08-06,71.73,74.27,71.67,74.17,74.049,400800,0,0
2026-08-07,74.27,74.95,73.58,74.74,74.618,475200,0,0
2026-08-10,73.97,75.4,73.97,75.25,75.1272,325200,0,0
2026-08-11,75,75.71,74.47,74.86,74.7378,396000,0,0
2026-08-12,73.51,74.72,73.05,73.96,73.8393,359000,0,0
2026-08-13,74.11,74.76,72.95,74.76,74.638,429900,0,0
2026-08-14,74.49,74.83,73.3,73.41,73.41,230600,0.122,0
2026-08-17,72.89,72.89,72.17,72.47,72.47,315200,0,0
2026-08-18,73.25,73.94,72.94,72.94,72.94,305000,0,0
2026-08-19,72.99,75.88,72.93,74.93,74.93,350900,0,0
2026-08-20,74.93,75.38,73.95,74.26,74.26,263800,0,0
2026-08-21,74.15,75.58,74.07,74.98,74.98,195600,0,0
2026-08-24,74.85,75.34,74.38,74.82,74.82,293700,0,0
2026-08-25,74.35,74.75,74.06,74.5,74.5,290100,0,0
2026-08-26,73.75,73.82,72.46,73.24,73.24,308900,0,0
2026-08-27,73.62,75.18,73.08,74.51,74.51,362200,0,0
2026-08-28,74.85,75.51,74.44,74.77,74.77,342100,0,0
2026-08-31,74.21,75.77,73.82,75.25,75.25,413600,0,0
2026-09-01,74.83,75.42,73.19,73.72,73.72,376700,0,0
2026-09-02,73.31,74.35,72.83,72.85,72.85,277400,0,0
2026-09-03,73.89,75.3,73.7,74.84,74.84,321100,0,0
2026-09-04,73.74,74.15,72.83,73.65,73.65,501600,0,0
2026-09-08,72.77,72.95,70.51,70.65,70.65,528700,0,0
2026-09-09,70.25,70.35,68.36,68.85,68.85,662400,0,0
2026-09-10,68.89,69.79,68.69,69.06,69.06,546200,0,0
2026-09-11,69.61,70.32,69.26,70.21,70.21,356100,0,0
2026-09-14,71.52,73.31,70.76,72.91,72.91,424500,0,0
2026-09-15,71.75,73.32,71.75,72.12,72.12,298800,0,0
2026-09-16,71.26,71.7,70.77,70.9,70.9,259400,0,0
2026-09-17,71.25,71.82,70.88,71.15,71.15,262400,0,0
2026-09-18,71.68,71.68,69.32,69.37,69.37,647300,0,0
2026-09-21,69.83,69.85,68.95,69.42,69.42,426100,0,0
2026-09-22,70.36,70.36,68.47,69.48,69.48,421300,0,0
2026-09-23,69.52,69.73,69.09,69.13,69.13,466800,0,0
2026-09-24,69.05,69.65,67.7,68.14,68.14,313900,0,0
2026-09-25,67.88,68.16,67.4,67.77,67.77,303000,0,0
2026-09-28,67.06,67.8,66.52,67.71,67.71,370300,0,0
2026-09-29,67.36,67.72,67.07,67.62,67.62,558000,0,0
