date,open,high,low,close,adj_close,volume,dividend,split
2008-03-17,50,52.65,49.24,49.39,20.9673,1988000,0,0
2008-03-18,49.85,52,47.75,49.6,21.0565,8067600,0,0
2008-03-19,49.6,51,46.9,50.1,21.2687,3007700,0,0
2008-03-20,50.2,50.2,48.87,49.15,20.8654,3007700,0,0
2008-03-24,49.81,51,49.81,51,21.6508,1437000,0,0
2008-03-25,51.4,51.75,50.6,51.75,21.9692,1100800,0,0
2008-03-26,51.7,52.47,50.3,50.3,21.3536,2023200,0,0
2008-03-27,50.95,52.03,50,50.68,21.5149,8653300,0,0
2008-03-28,50.95,52.5,50.56,51.06,21.6763,9961200,0,0
2008-03-31,52.4,54.7,50,50.58,21.4725,19408900,0,0
2008-04-01,51.1,52.19,49.01,50.58,21.4725,23322500,0,0
2008-04-02,51.16,52.07,50.15,51.21,21.7399,12944700,0,0
2008-04-03,51,51.5,50.4,51.05,21.672,12439100,0,0
2008-04-04,51.48,51.48,50.8,51.37,21.8079,6651000,0,0
2008-04-07,51.6,51.6,50.5,50.67,21.5107,7099300,0,0
2008-04-08,50.41,51.01,50.21,50.6,21.481,8283300,0,0
2008-04-09,50.5,50.59,49.15,49.38,20.9631,8916200,0,0
2008-04-10,49.49,49.91,48.5,48.66,20.6574,14321900,0,0
2008-04-11,48.49,48.89,48.08,48.33,20.5173,11400700,0,0
2008-04-14,48.3,48.35,47.43,48,20.3772,11532500,0,0
2008-04-15,47.78,48.35,47.78,48.2,20.4621,9603400,0,0
2008-04-16,48.41,49.61,48.35,49.46,20.997,14837600,0,0
2008-04-17,49.72,50,49.42,49.85,21.1626,6660700,0,0
2008-04-18,50.49,50.94,49.38,49.96,21.2093,9630700,0,0
2008-04-21,50.2,50.89,49.13,50.63,21.4937,6528300,0,0
2008-04-22,50.6,50.9,49.92,50.07,21.256,5504900,0,0
2008-04-23,51,52.34,50.9,52,22.0753,13532300,0,0
2008-04-24,52,52.43,51.5,52,22.0753,5847500,0,0
2008-04-25,52.14,52.18,50.75,51.3,21.7781,11399700,0,0
2008-04-28,50.94,51.3,50.75,51.07,21.6805,8382500,0,0
2008-04-29,51.44,52.2,50.26,52.01,22.0796,12325300,0,0
2008-04-30,51.7,52.01,50.91,51.03,21.6635,8733100,0,0
2008-05-01,50.83,51.17,50.62,50.75,21.5447,7120800,0,0
2008-05-02,50.9,51.1,50.4,51.02,21.6593,9291100,0,0
2008-05-05,50.87,51.63,50.63,50.81,21.5701,8398500,0,0
2008-05-06,50.9,51.95,50.85,51.88,22.0244,7588300,0,0
2008-05-07,51.97,52.2,51.31,51.69,21.9437,6391400,0,0
2008-05-08,51.65,52.21,51.5,52.2,22.1602,6669700,0,0
2008-05-09,51.9,52.46,51.53,51.83,22.0031,5491700,0,0
2008-05-12,51.98,52.54,51.3,52.47,22.2748,5851300,0,0
2008-05-13,52.42,52.84,52.04,52.46,22.2706,5986600,0,0
2008-05-14,52.51,52.85,52.4,52.67,22.3597,5381500,0,0
2008-05-15,52.51,53.31,52.1,53.25,22.606,8376500,0,0
2008-05-16,53.23,53.5,52.35,53.38,22.6612,7172600,0,0
2008-05-19,53.49,53.95,52.93,53.63,22.7673,6580200,0,0
2008-05-20,53.3,53.94,52.82,52.91,22.4616,6887400,0,0
2008-05-21,53.04,53.18,51.83,51.98,22.0668,6784200,0,0
2008-05-22,51.82,52.77,51.78,52.28,22.1942,5135200,0,0
2008-05-23,52.1,52.98,51.75,51.8,21.9904,5197400,0,0
2008-05-27,51.92,51.94,51.12,51.63,21.9182,6505400,0,0
2008-05-28,51.7,51.9,50.83,51.16,21.7187,13524100,0,0
2008-05-29,50.96,52.16,50.93,52.02,22.0838,7386900,0,0
2008-05-30,52.07,52.99,51.81,52.66,22.3555,7047800,0,0
2008-06-02,52.15,52.7,51.92,52.11,22.122,8668100,0,0
2008-06-03,52.1,52.62,51.67,51.67,21.9352,6552400,0,0
2008-06-04,51.69,52.27,51.5,51.95,22.0541,6407400,0,0
2008-06-05,52.03,52.24,51.54,51.81,21.9947,6407400,0,0
2008-06-06,51.5,51.51,50.4,50.5,21.4385,10198500,0,0
2008-06-09,50.8,50.95,49.18,49.49,21.0098,9937000,0,0
2008-06-10,49.01,49.65,48.53,49.49,21.0098,8847000,0,0
2008-06-11,49.49,50.6,49.12,49.86,21.1668,12367200,0,0
2008-06-12,49.87,51.38,49.87,51.29,21.7739,11782900,0,0
2008-06-13,51.28,51.88,50.7,51.61,21.9097,7365600,0,0
2008-06-16,51.17,51.17,50.24,50.73,21.5362,8251100,0,0
2008-06-17,50.55,50.97,50.12,50.63,21.4937,5633800,0,0
2008-06-18,50.22,50.56,49.82,49.9,21.1838,9967500,0,0
2008-06-19,49.8,50.58,49.7,50.4,21.3961,9591400,0,0
2008-06-20,50.07,50.59,49.77,50.22,21.3197,11448200,0,0
2008-06-23,50.33,50.7,49.9,50.64,21.498,6625800,0,0
2008-06-24,50.25,51.54,50.05,51.17,21.723,8976600,0,0
2008-06-25,51.45,52.75,51.25,51.77,21.9777,10334100,0,0
2008-06-26,51.1,51.54,50.15,50.15,21.4808,12055000,0.46,0
2008-06-27,50.11,50.25,49.22,49.83,21.3438,15397700,0,0
2008-06-30,49.8,50.17,48.84,49.39,21.1553,9972600,0,0
2008-07-01,49.03,50.59,48.73,50.39,21.5836,11092000,0,0
2008-07-02,50.47,51.07,49.87,50.6,21.6736,7956400,0,0
2008-07-03,50.57,51.51,50.29,51.47,22.0462,5151300,0,0
2008-07-07,51.47,52.33,51.1,51.85,22.209,8395000,0,0
2008-07-08,51.73,54,51.56,53.77,23.0314,13977700,0,0
2008-07-09,53.72,54.43,53.25,54,23.1299,10411300,0,0
2008-07-10,53.89,53.99,52.71,53.44,22.89,11581100,0,0
2008-07-11,52.93,53.84,52.25,53.37,22.86,6588500,0,0
2008-07-14,53.26,53.89,52.75,53.56,22.9414,8298900,0,0
2008-07-15,52.89,53.87,52.32,53.3,22.83,8306600,0,0
2008-07-16,52.77,53.37,51.73,52.92,22.6673,6910000,0,0
2008-07-17,53.2,53.2,50.9,50.96,21.8278,10317300,0,0
2008-07-18,51.1,51.47,50.12,50.72,21.725,9559600,0,0
2008-07-21,50.82,50.99,50.25,50.48,21.6222,4370800,0,0
2008-07-22,50.25,52.1,50.06,52.05,22.2946,8926900,0,0
2008-07-23,52.59,52.59,50.89,51.47,22.0462,7943800,0,0
2008-07-24,51.4,53.09,51.4,52.46,22.4702,8717600,0,0
2008-07-25,52.27,53.55,52.27,53.05,22.723,8066100,0,0
2008-07-28,52.78,53.25,52.34,52.62,22.5388,5131000,0,0
2008-07-29,52.74,53.41,52.63,53.34,22.8472,7257600,0,0
2008-07-30,53.56,54.02,52.67,53.37,22.86,7355800,0,0
2008-07-31,53.37,53.79,51.34,51.65,22.1233,10498800,0,0
2008-08-01,51.75,52.6,51.75,52.08,22.3075,6718500,0,0
2008-08-04,52.1,54.08,51.28,53.72,23.01,8962600,0,0
2008-08-05,53.7,55.54,53.6,55.2,23.6439,12884400,0,0
2008-08-06,54.86,56.15,54.71,55.53,23.7852,12660800,0,0
2008-08-07,55.13,55.31,54.3,54.64,23.404,9282200,0,0
2008-08-08,54.5,55.5,54.5,55.21,23.6482,9266200,0,0
2008-08-11,54.7,55.75,54.64,55.75,23.8795,9724400,0,0
2008-08-12,55.61,56.26,55.52,55.95,23.9651,6690400,0,0
2008-08-13,55.86,55.99,55.37,55.54,23.7895,7810200,0,0
2008-08-14,55.24,55.77,54.94,55.47,23.7595,5723200,0,0
2008-08-15,55.51,55.7,55.25,55.57,23.8024,6561300,0,0
2008-08-18,55.66,55.7,54.91,55.01,23.5625,5742800,0,0
2008-08-19,54.76,55.19,54.45,54.51,23.3483,5712500,0,0
2008-08-20,54.55,54.7,54.07,54.61,23.3912,4411500,0,0
2008-08-21,54.2,55.05,53.55,54.82,23.4811,4693100,0,0
2008-08-22,55,55.53,54.41,55.53,23.7852,4342600,0,0
2008-08-25,55.3,55.66,54.56,54.87,23.5025,4400200,0,0
2008-08-26,54.79,55.1,54.21,54.64,23.404,6995000,0,0
2008-08-27,54.75,54.89,53.71,54.1,23.1727,5459100,0,0
2008-08-28,54.01,54.26,53.55,53.92,23.0956,5426100,0,0
2008-08-29,53.76,54.46,53.66,53.7,23.0014,6060100,0,0
2008-09-02,53.75,55.32,53.7,54.81,23.4768,8835700,0,0
2008-09-03,54.75,55.48,54,54.07,23.1599,8236900,0,0
2008-09-04,54,54.2,53.21,53.37,22.86,7565900,0,0
2008-09-05,53.35,54.21,53.24,54,23.1299,7810500,0,0
2008-09-08,54,55.4,53.69,54.98,23.5496,16614500,0,0
2008-09-09,55.03,55.73,54.78,54.78,23.464,11236800,0,0
2008-09-10,54.9,55.18,54.32,54.62,23.3954,9203000,0,0
2008-09-11,54.28,54.81,53.75,54.81,23.7112,8566700,0.54,0
2008-09-12,54.39,54.65,53.25,53.68,23.2224,8564300,0,0
2008-09-15,53.14,54.12,52.82,52.82,22.8504,10481900,0,0
2008-09-16,51.97,54.25,49.46,53.77,23.2613,15648800,0,0
2008-09-17,53.49,53.49,48.06,48.98,21.1891,22145900,0,0
2008-09-18,49.72,52.75,49.72,50,21.6304,22618300,0,0
2008-09-19,52.17,52.44,50,51.42,22.2447,16822000,0,0
2008-09-22,50.81,51.98,49.59,50.03,21.6434,10379600,0,0
2008-09-23,49.89,50.8,49.25,49.25,21.306,8218900,0,0
2008-09-24,49.54,50.19,48.95,49.79,21.5396,9164800,0,0
2008-09-25,49.99,52,49.66,51.61,22.3269,12454800,0,0
2008-09-26,50.76,51.38,50.01,50.9,22.0198,9314100,0,0
2008-09-29,50.69,50.89,46.8,46.8,20.2461,14648300,0,0
2008-09-30,48.1,49.75,47.69,48.1,20.8084,14356400,0,0
2008-10-01,47.96,50.82,47.35,50.78,21.9678,11718100,0,0
2008-10-02,50.39,51.95,48.75,49.08,21.2324,11218400,0,0
2008-10-03,49.9,51.78,49.45,49.67,21.4876,12181100,0,0
2008-10-06,48.44,49.5,44,46.12,19.9519,25421600,0,0
2008-10-07,47.65,47.8,43.72,44.36,19.1905,14791700,0,0
2008-10-08,41.95,45.27,41.37,43.05,18.6238,18701800,0,0
2008-10-09,43.8,45,38.45,39,16.8717,17782900,0,0
2008-10-10,37.01,45,33.3,39.74,17.1919,29162700,0,0
2008-10-13,42,46,41.46,44.99,19.463,19808100,0,0
2008-10-14,46.87,46.96,42.19,44.04,19.0521,18448000,0,0
2008-10-15,43.87,44.5,39.7,40.82,17.6591,14561500,0,0
2008-10-16,41.15,43.88,39.4,43.01,18.6065,17459500,0,0
2008-10-17,42.79,45.48,42.41,43.3,18.7319,14269900,0,0
2008-10-20,43.77,45.09,43,43.39,18.7709,11162500,0,0
2008-10-21,43.09,43.89,41.67,42.16,18.2388,9769500,0,0
2008-10-22,42.5,43.37,40.3,40.83,17.6634,14755100,0,0
2008-10-23,41.17,43.72,40,42.96,18.5848,11903100,0,0
2008-10-24,39.88,41.5,39,40.5,17.5206,13534300,0,0
2008-10-27,40.02,40.25,38.87,39.06,16.8977,11106600,0,0
2008-10-28,40.26,42.98,38.27,42.58,18.4205,15876000,0,0
2008-10-29,42.46,43.83,38.21,41.55,17.9749,12468400,0,0
2008-10-30,42.78,43.43,40.75,42.8,18.5156,8336900,0,0
2008-10-31,42.44,44.32,41.87,43.47,18.8055,11919800,0,0
2008-11-03,43.23,43.35,42.46,42.61,18.4334,6143200,0,0
2008-11-04,43.75,44.94,43.4,44.75,19.3592,9852900,0,0
2008-11-05,43.93,46.47,43.51,44.02,19.0434,10004000,0,0
2008-11-06,43.51,44,40.36,40.88,17.685,11733200,0,0
2008-11-07,41.15,42.88,41.01,42.2,18.2561,6935200,0,0
2008-11-10,42.88,43.27,41.3,42.11,18.2171,6064100,0,0
2008-11-11,41.8,42.27,40.32,41.32,17.8754,6880000,0,0
2008-11-12,41,41,38.75,39.1,16.915,13244600,0,0
2008-11-13,38.58,39.89,37.01,39.84,17.2351,16381800,0,0
2008-11-14,39.4,39.66,38,38.41,16.6165,15140300,0,0
2008-11-17,37.17,39.98,37.16,38.35,16.5905,10496100,0,0
2008-11-18,38.33,39,36.59,38.55,16.677,16243100,0,0
2008-11-19,38.31,38.76,36.23,36.64,15.8508,13955700,0,0
2008-11-20,36.22,39.43,36.05,36.63,15.8464,19557600,0,0
2008-11-21,37.48,38.37,36,38.26,16.5516,19190300,0,0
2008-11-24,38.99,43.24,38.24,41.83,18.096,19287100,0,0
2008-11-25,42.28,43.31,40.42,41.2,17.8235,18246400,0,0
2008-11-26,40.43,42.56,39.82,42.5,18.3858,8658000,0,0
2008-11-28,42.33,42.95,41.65,42.16,18.2388,4651400,0,0
2008-12-01,40.91,41.64,39.38,39.68,17.1659,11708900,0,0
2008-12-02,40.35,40.59,39.1,40.03,17.3173,12697300,0,0
2008-12-03,39,41.95,39,41.61,18.0008,9148700,0,0
2008-12-04,41.2,41.95,40.41,40.86,17.6764,10659500,0,0
2008-12-05,40.28,42.4,39.97,42.36,18.3253,11548000,0,0
2008-12-08,43.25,43.5,41.75,42.66,18.4551,10048200,0,0
2008-12-09,41.8,42.4,41.78,41.97,18.1566,12248300,0,0
2008-12-10,41.95,42.69,41.42,42.3,18.2993,10514500,0,0
2008-12-11,41.91,42.74,41.51,41.95,18.1479,10582000,0,0
2008-12-12,40.75,41.71,40.2,41.36,17.8927,8789500,0,0
2008-12-15,41.05,41.9,40.12,41.54,17.9705,10763100,0,0
2008-12-16,41.14,41.6,40,41.02,17.7456,16539600,0,0
2008-12-17,40.5,42.81,40.5,42.03,18.1825,12391700,0,0
2008-12-18,42.23,42.98,41.59,41.96,18.1522,13240600,0,0
2008-12-19,42.42,42.99,41.73,41.85,18.1046,23861000,0,0
2008-12-22,41.91,42.28,41.44,42.17,18.2431,9734300,0,0
2008-12-23,41.36,42.81,41.35,41.73,18.2869,7614700,0.54,0
2008-12-24,41.98,42.58,41.4,42.42,18.5893,2736400,0,0
2008-12-26,42.58,42.93,42.25,42.46,18.6068,2911500,0,0
2008-12-29,42.5,43.17,42.02,43.16,18.9136,10159000,0,0
2008-12-30,43.39,44.15,43.01,43.91,19.2422,8737700,0,0
2008-12-31,43.93,44.5,43.31,43.51,19.0669,7886100,0,0
2009-01-02,43.47,45,43.28,44.12,19.3342,7250900,0,0
2009-01-05,43.79,44.73,43.51,44.47,19.4876,6636900,0,0
2009-01-06,44.47,45.02,42.93,43.24,18.9486,14051200,0,0
2009-01-07,43.07,43.65,42.37,42.7,18.712,9346100,0,0
2009-01-08,42.57,42.89,42,42.7,18.712,8728300,0,0
2009-01-09,42.86,43.33,42.11,42.32,18.5455,8594600,0,0
2009-01-12,42.31,43.03,41.65,41.83,18.3307,8829000,0,0
2009-01-13,41.89,42.8,41.63,42.19,18.4885,9938300,0,0
2009-01-14,41.44,41.74,40.66,41.56,18.2124,10078000,0,0
2009-01-15,41.33,41.94,40.7,41.48,18.1774,9398100,0,0
2009-01-16,41.93,42.45,40.94,42.12,18.4578,9670400,0,0
2009-01-20,41.98,42.86,41.33,41.48,18.1774,9878900,0,0
2009-01-21,42.03,42.03,40.4,41.41,18.1467,10609200,0,0
2009-01-22,41.1,41.22,40.4,40.96,17.9495,9756100,0,0
2009-01-23,40.53,41.44,39.75,41.22,18.0634,9972300,0,0
2009-01-26,41.32,42.38,40.88,41.13,18.024,9750300,0,0
2009-01-27,41.28,41.82,40.02,40.15,17.5945,11807500,0,0
2009-01-28,40.81,40.84,39.6,39.99,17.5244,9369300,0,0
2009-01-29,39.71,40.2,38.66,38.75,16.981,9528900,0,0
2009-01-30,38.97,39.01,36.99,37.15,16.2799,19184600,0,0
2009-02-02,36.68,37.73,36.65,37.41,16.3938,11974800,0,0
2009-02-03,37.98,38.65,37.47,38.32,16.7926,11844600,0,0
2009-02-04,38.51,38.71,35.15,36.78,16.1177,20294800,0,0
2009-02-05,36.11,37.3,35.82,37.26,16.3281,14638200,0,0
2009-02-06,37.21,37.46,36.52,36.83,16.1396,12779500,0,0
2009-02-09,36.75,37.03,36.53,36.72,16.0914,8706900,0,0
2009-02-10,36.65,36.9,35.9,36.04,15.7934,12692000,0,0
2009-02-11,36.31,36.56,35.95,36.37,15.938,10399900,0,0
2009-02-12,36.01,36.47,35.8,36.15,15.8416,11930000,0,0
2009-02-13,36.09,36.26,35.68,35.99,15.7715,11326400,0,0
2009-02-17,35.32,35.4,34.5,34.73,15.2194,12750800,0,0
2009-02-18,34.96,35.63,34.79,35.4,15.513,13314100,0,0
2009-02-19,35.82,36.04,35.41,35.91,15.7365,9859700,0,0
2009-02-20,35.29,35.92,35.25,35.63,15.6138,13236100,0,0
2009-02-23,36.07,36.07,35.03,35.11,15.3859,10778400,0,0
2009-02-24,35.34,35.34,34.6,34.9,15.2939,12551600,0,0
2009-02-25,34.78,35.2,34.51,34.8,15.25,26323300,0,0
2009-02-26,35.08,35.45,34.2,34.21,14.9915,10910900,0,0
2009-02-27,33.66,34.11,33.42,33.47,14.6672,13862200,0,0
2009-03-02,32.79,33.5,32.53,32.75,14.3517,16290300,0,0
2009-03-03,32.61,33.05,32.25,32.34,14.172,14967700,0,0
2009-03-04,32.86,33.72,32.6,33.49,14.676,14920300,0,0
2009-03-05,32.79,33.1,32.04,32.95,14.4393,16889400,0,0
2009-03-06,33.19,33.45,32.51,33.34,14.6102,15374600,0,0
2009-03-09,33,34.28,32.96,34.07,14.9301,12549200,0,0
2009-03-10,34.59,34.59,33.36,34.05,14.9214,11017200,0,0
2009-03-11,34.33,34.44,33.46,33.65,14.7461,9251500,0,0
2009-03-12,33.75,34.71,33.28,34.64,15.1799,7669500,0,0
2009-03-13,34.85,36.15,34.75,36.01,15.7803,11342200,0,0
2009-03-16,36.22,37.45,36.17,37.16,16.2842,9206700,0,0
2009-03-17,36.86,38.78,36.47,38.6,16.9153,13755200,0,0
2009-03-18,38.22,39.26,37.95,38.28,16.775,12208500,0,0
2009-03-19,38.26,38.4,37.15,37.21,16.3061,12822800,0,0
2009-03-20,37.4,38.69,37.4,38.36,16.8101,18304800,0,0
2009-03-23,38.65,38.65,37.57,38.12,16.9435,13056400,0.54,0
2009-03-24,37.72,39.09,37.72,38.8,17.2457,13010100,0,0
2009-03-25,39.1,39.28,38.19,38.58,17.1479,7969300,0,0
2009-03-26,38.81,38.84,37.97,38.3,17.0235,12736300,0,0
2009-03-27,38.36,38.39,37.27,37.58,16.7034,8728900,0,0
2009-03-30,37.49,37.88,36.45,36.73,16.3256,8717500,0,0
2009-03-31,36.6,36.94,35.49,35.58,15.8145,14856400,0,0
2009-04-01,35.22,36.37,35.15,36.22,16.0989,10944400,0,0
2009-04-02,36.44,36.63,35.69,36.09,16.0412,13244100,0,0
2009-04-03,36.04,36.39,35.8,36.2,16.0901,10122200,0,0
2009-04-06,36.29,37.45,35.97,37.33,16.5923,8652200,0,0
2009-04-07,36.85,37.5,36.6,36.98,16.4367,11754800,0,0
2009-04-08,37.18,38.35,36.65,38.25,17.0012,8867500,0,0
2009-04-09,38.96,38.96,37.44,37.71,16.7612,7901000,0,0
2009-04-13,37.51,37.82,36.97,37.08,16.4812,6492600,0,0
2009-04-14,36.74,36.8,35.91,36.44,16.1967,8350900,0,0
2009-04-15,36.22,37.87,36.22,37.8,16.8012,8083600,0,0
2009-04-16,38.08,38.08,37.02,38,16.8901,7073300,0,0
2009-04-17,38.09,38.17,37.18,37.32,16.5879,8923900,0,0
2009-04-20,36.88,37.63,36.69,36.91,16.4056,8869300,0,0
2009-04-21,36.81,37.14,36.46,36.89,16.3967,7414300,0,0
2009-04-22,36.66,37.22,36.25,36.25,16.1123,9480500,0,0
2009-04-23,36.42,37.35,36.03,37,16.4456,8630200,0,0
2009-04-24,37.26,37.96,37.05,37.43,16.6368,9252600,0,0
2009-04-27,36.97,37.65,36.97,37.19,16.5301,7162400,0,0
2009-04-28,36.8,37.37,36.65,36.83,16.3701,7996400,0,0
2009-04-29,36.85,37.63,36.58,36.84,16.3745,9783500,0,0
2009-04-30,37.06,37.34,36.19,36.2,16.0901,18185200,0,0
2009-05-01,36.28,37.2,36.18,37.18,16.5256,8875400,0,0
2009-05-04,37.28,38.2,37.2,38.13,16.9479,8676300,0,0
2009-05-05,37.94,38.28,37.18,37.29,16.5745,6827400,0,0
2009-05-06,37.7,39.6,37.25,39.29,17.4635,11361000,0,0
2009-05-07,39.48,40.91,39.02,40.87,18.1658,14231000,0,0
2009-05-08,41.18,41.66,40.51,41.1,18.268,8746800,0,0
2009-05-11,40.51,40.91,40.05,40.55,18.0235,7628300,0,0
2009-05-12,40.76,42.17,40.33,41.84,18.5969,10475100,0,0
2009-05-13,41.38,42.04,40.87,41.77,18.5658,8644100,0,0
2009-05-14,41.72,42.7,41.63,42.42,18.8547,9419200,0,0
2009-05-15,42.45,43.33,41.85,43.17,19.1881,11214600,0,0
2009-05-18,43.45,43.7,42.48,42.69,18.9747,9992400,0,0
2009-05-19,42.6,42.72,41.98,42.22,18.7658,9561600,0,0
2009-05-20,42.53,43.47,42.06,43.19,19.1969,7575100,0,0
2009-05-21,43.13,43.13,42.3,42.81,19.028,7137700,0,0
2009-05-22,42.14,43.18,42.14,42.71,18.9836,5314000,0,0
2009-05-26,42.46,42.57,41.85,42.13,18.7258,10845800,0,0
2009-05-27,42.05,42.1,41.32,41.65,18.5125,8896000,0,0
2009-05-28,41.45,42.88,41.45,42.54,18.908,7339600,0,0
2009-05-29,42.72,42.72,41.95,42.64,18.9525,8213000,0,0
2009-06-01,42.68,43.88,42.68,43.63,19.3925,9056300,0,0
2009-06-02,43.49,44.89,43.33,44.6,19.8237,7371900,0,0
2009-06-03,44.14,44.53,43.92,44.19,19.6414,10864300,0,0
2009-06-04,44.15,44.66,43.44,44.43,19.7481,7750800,0,0
2009-06-05,44.7,45.44,44.06,44.1,19.6014,8512800,0,0
2009-06-08,43.78,44.97,43.44,44.53,19.7925,6577900,0,0
2009-06-09,44.57,44.57,43.55,43.85,19.4903,11056800,0,0
2009-06-10,43.86,44.29,42.79,43.52,19.3436,8962500,0,0
2009-06-11,43.42,44.99,43.4,43.88,19.5036,10803200,0,0
2009-06-12,43.67,44.5,43.2,43.52,19.3436,7668100,0,0
2009-06-15,43.09,43.58,42.83,42.89,19.0636,10373700,0,0
2009-06-16,43.1,43.28,42.22,42.26,18.7836,9264500,0,0
2009-06-17,42.22,42.36,41.82,41.9,18.6236,8242700,0,0
2009-06-18,42.04,43.12,41.94,42.53,18.9036,10791600,0,0
2009-06-19,42.71,42.9,42,42.15,18.7347,17642100,0,0
2009-06-22,41.54,41.76,41.15,41.58,18.7212,14083200,0.54,0
2009-06-23,41.31,41.73,41.28,41.46,18.6672,10973300,0,0
2009-06-24,41.56,41.99,41.34,41.63,18.7437,9114600,0,0
2009-06-25,41.42,43.06,41.38,42.98,19.3515,8934400,0,0
2009-06-26,41.9,42.99,41.75,42.61,19.1849,8200400,0,0
2009-06-29,42.77,43.44,42.5,43.39,19.5361,7483800,0,0
2009-06-30,43.47,43.72,42.51,43.62,19.6397,14363200,0,0
2009-07-01,43.9,44.61,43.8,44.09,19.8513,9547600,0,0
2009-07-02,43.6,43.98,42.83,42.94,19.3335,8503900,0,0
2009-07-06,42.6,44.32,42.3,44.15,19.8783,7843300,0,0
2009-07-07,44.06,44.84,43.64,43.75,19.6982,9543000,0,0
2009-07-08,43.99,44.24,43.24,43.49,19.5811,8664800,0,0
2009-07-09,43.66,43.66,42.13,42.34,19.0634,7482700,0,0
2009-07-10,43.06,43.57,42.02,42.35,19.0679,6827000,0,0
2009-07-13,42.54,43.12,42.29,42.9,19.3155,6203100,0,0
2009-07-14,42.87,42.98,42.52,42.66,19.2075,6033000,0,0
2009-07-15,42.88,44.08,42.75,44.03,19.8243,6779000,0,0
2009-07-16,43.5,43.87,43.01,43.3,19.4956,7422300,0,0
2009-07-17,43.5,44.07,43.03,44,19.8108,6574300,0,0
2009-07-20,44.22,44.22,43.23,43.95,19.7883,9231100,0,0
2009-07-21,44.07,44.49,43.35,43.9,19.7658,5925600,0,0
2009-07-22,43.8,44.25,43.71,43.88,19.7567,5176300,0,0
2009-07-23,44.44,47,44.35,46.02,20.7203,11303200,0,0
2009-07-24,45.9,47.39,45.59,47.3,21.2966,9537600,0,0
2009-07-27,47.17,48.63,46.34,46.7,21.0264,8754300,0,0
2009-07-28,45.74,46.58,45.74,46.48,20.9274,7305300,0,0
2009-07-29,46.25,46.96,46.03,46.82,21.0805,5761000,0,0
2009-07-30,46.91,47.49,46.65,46.82,21.0805,6425200,0,0
2009-07-31,46.68,47.74,46.43,46.6,20.9814,6473700,0,0
2009-08-03,47.03,47.89,46.65,46.82,21.0805,9388900,0,0
2009-08-04,46.78,47.35,46.55,46.98,21.1525,5132200,0,0
2009-08-05,46.91,47.06,46.5,46.77,21.058,6272700,0,0
2009-08-06,46.84,47.02,46.34,46.99,21.157,4758300,0,0
2009-08-07,47.31,47.47,46.7,47.06,21.1885,5111600,0,0
2009-08-10,46.63,47.24,46.59,47.2,21.2516,5780900,0,0
2009-08-11,47.19,47.8,46.73,46.79,21.067,6113300,0,0
2009-08-12,46.6,47.15,46.48,46.54,20.9544,5808900,0,0
2009-08-13,46.54,46.78,46.05,46.43,20.9049,5642900,0,0
2009-08-14,46.31,46.95,46.03,46.62,20.9904,4689400,0,0
2009-08-17,46.08,46.74,45.39,45.46,20.4681,7421600,0,0
2009-08-18,45.45,46.7,45.03,46.32,20.8553,6601600,0,0
2009-08-19,46,46.1,45.4,45.79,20.6167,7579800,0,0
2009-08-20,45.78,46.64,45.62,46.48,20.9274,5494100,0,0
2009-08-21,46.7,47.18,46.39,46.87,21.103,7337000,0,0
2009-08-24,46.67,47.56,46.67,47.43,21.3551,6390600,0,0
2009-08-25,47.34,47.52,46.78,46.8,21.0715,9507000,0,0
2009-08-26,46.63,47.25,46.55,46.68,21.0174,7146900,0,0
2009-08-27,46.67,46.9,46,46.27,20.8328,6784100,0,0
2009-08-28,46.1,46.26,45.29,45.36,20.4231,7727300,0,0
2009-08-31,45.24,45.9,45.24,45.71,20.5807,8126700,0,0
2009-09-01,45.67,45.93,45.08,45.16,20.3331,7414300,0,0
2009-09-02,45.05,45.99,45,45.64,20.5492,6145200,0,0
2009-09-03,45.95,45.95,45.13,45.82,20.6302,7037900,0,0
2009-09-04,45.76,46.14,45.65,46.05,20.7338,4768900,0,0
2009-09-08,46.39,47.48,45.92,47.45,21.3641,10048800,0,0
2009-09-09,47.25,47.63,46.76,47.22,21.2606,6826100,0,0
2009-09-10,47.24,47.48,46.46,46.82,21.0805,6629700,0,0
2009-09-11,46.75,47.84,46.62,47.42,21.3506,7410600,0,0
2009-09-14,47.01,47.99,46.81,47.66,21.4587,7043700,0,0
2009-09-15,47.75,47.9,46.71,46.9,21.1165,7110100,0,0
2009-09-16,47.12,47.55,46.92,47.5,21.3866,7671100,0,0
2009-09-17,47.51,48.02,47.47,47.53,21.4001,7710400,0,0
2009-09-18,47.65,48.5,47.65,48.18,21.6928,17568500,0,0
2009-09-21,48.1,48.54,48,48.43,21.8054,5370500,0,0
2009-09-22,48.65,48.93,48.22,48.93,22.0305,7484100,0,0
2009-09-23,49.04,49.95,48.9,49.4,22.2421,8995600,0,0
2009-09-24,49.1,49.1,48.15,48.29,22.0006,10624100,0.58,0
2009-09-25,48.1,48.2,47.5,47.64,21.7045,6395200,0,0
2009-09-28,47.7,48.29,47.66,48.02,21.8776,4432700,0,0
2009-09-29,48.14,48.96,48.02,48.72,22.1965,5636300,0,0
2009-09-30,48.71,48.85,47.91,48.74,22.2057,8976900,0,0
2009-10-01,48.68,48.74,48.12,48.32,22.0143,7630200,0,0
2009-10-02,48.12,48.49,48,48.36,22.0325,6963100,0,0
2009-10-05,48.5,49.27,47.77,49.05,22.3469,9709500,0,0
2009-10-06,49.17,50.03,49.13,49.91,22.7387,8904300,0,0
2009-10-07,49.8,49.86,49.4,49.59,22.5929,9683800,0,0
2009-10-08,49.86,50.6,49.74,50.35,22.9392,7524100,0,0
2009-10-09,50.67,50.97,49.86,50.19,22.8663,5219400,0,0
2009-10-12,50.38,50.55,50.05,50.45,22.9847,3310400,0,0
2009-10-13,50.28,50.4,49.64,49.88,22.725,5416900,0,0
2009-10-14,50.12,50.58,49.51,50.33,22.93,5591900,0,0
2009-10-15,50.09,50.7,50.08,50.38,22.9528,7219200,0,0
2009-10-16,50.19,51.25,50.08,50.95,23.2125,8630700,0,0
2009-10-19,51.06,51.78,50.76,51.45,23.4403,6689900,0,0
2009-10-20,51.56,52.35,51.45,51.55,23.4859,8639700,0,0
2009-10-21,51.3,51.7,50.43,50.82,23.1533,7966000,0,0
2009-10-22,50.69,50.79,48.5,49.46,22.5337,13783700,0,0
2009-10-23,49.37,49.44,48.68,49.07,22.356,7676500,0,0
2009-10-26,49.26,49.52,48.6,48.75,22.2102,7051800,0,0
2009-10-27,48.78,49.25,48.39,48.91,22.2831,7695000,0,0
2009-10-28,48.65,49.47,48.58,48.96,22.3059,8683600,0,0
2009-10-29,48.99,49.33,48.45,49.01,22.3287,7444900,0,0
2009-10-30,49,49,47.07,47.36,21.5769,15503500,0,0
2009-11-02,47.38,48.71,47.08,48.57,22.1282,9781700,0,0
2009-11-03,48.26,48.38,47.65,47.85,21.8002,8170400,0,0
2009-11-04,48.03,48.22,47.29,47.38,21.586,8214700,0,0
2009-11-05,47.6,48.79,47.6,48.66,22.1692,8068900,0,0
2009-11-06,48.48,48.92,48.19,48.83,22.2466,6527600,0,0
2009-11-09,49.11,50,48.95,49.87,22.7205,6462200,0,0
2009-11-10,49.62,50.37,49.43,49.83,22.7022,5521100,0,0
2009-11-11,50.07,50.25,49.29,49.35,22.4836,4880900,0,0
2009-11-12,49.26,50.25,49.25,49.96,22.7615,6943900,0,0
2009-11-13,50.07,50.29,49.74,50.15,22.848,5836000,0,0
2009-11-16,50.1,50.85,50,50.64,23.0713,8650100,0,0
2009-11-17,50.51,50.98,50.41,50.61,23.0576,6530400,0,0
2009-11-18,50.49,50.61,50.2,50.52,23.0166,6059900,0,0
2009-11-19,50.21,50.38,49.91,50.14,22.8435,6392100,0,0
2009-11-20,50.01,50.28,49.63,49.73,22.6567,7772400,0,0
2009-11-23,49.88,50.38,49.67,50.07,22.8116,7239600,0,0
2009-11-24,50.09,50.72,50.05,50.32,22.9255,8046800,0,0
2009-11-25,50.35,50.57,50.15,50.31,22.9209,5797300,0,0
2009-11-27,49.49,50.25,49.12,49.99,22.7751,3605100,0,0
2009-11-30,49.96,49.99,48.01,48.09,21.9095,17340200,0,0
2009-12-01,48.53,49.47,48.5,49.17,22.4015,9529700,0,0
2009-12-02,49.17,49.83,49.06,49.17,22.4015,5426800,0,0
2009-12-03,49.2,49.83,49.13,49.48,22.5428,8830500,0,0
2009-12-04,49.78,50.5,49.42,49.82,22.6977,8208200,0,0
2009-12-07,49.61,50.15,49.54,49.84,22.7068,8917400,0,0
2009-12-08,49.6,49.91,48.45,49.04,22.3423,8198300,0,0
2009-12-09,49.49,49.67,48.66,49.06,22.3514,7889500,0,0
2009-12-10,49.27,49.59,48.7,48.87,22.2649,6891500,0,0
2009-12-11,48.87,49.32,48.4,48.48,22.0872,9229600,0,0
2009-12-14,49.56,50.44,49.33,50.26,22.8981,12467800,0,0
2009-12-15,49.81,50.39,49.75,50.07,22.8116,7803800,0,0
2009-12-16,50,50.54,49.93,50.08,22.8162,9946200,0,0
2009-12-17,49.96,49.98,49.21,49.29,22.4562,8658000,0,0
2009-12-18,49.77,49.77,48.32,48.66,22.1692,20178700,0,0
2009-12-21,49.15,49.46,48.99,49.25,22.438,9102000,0,0
2009-12-22,49.42,49.83,49.35,49.6,22.5975,7071100,0,0
2009-12-23,48.93,49.32,48.72,48.8,22.496,7117600,0.58,0
2009-12-24,48.76,49.08,48.76,48.9,22.5421,2514400,0,0
2009-12-28,48.9,49.08,48.73,48.85,22.5191,4449200,0,0
2009-12-29,48.78,48.99,48.6,48.85,22.5191,4916000,0,0
2009-12-30,48.59,48.95,48.46,48.66,22.4315,4561400,0,0
2009-12-31,48.59,48.88,48.12,48.19,22.2149,4383100,0,0
2010-01-04,48.33,49.59,48.25,49.35,22.7496,7844500,0,0
2010-01-05,49.37,49.57,48.76,48.92,22.5514,7168600,0,0
2010-01-06,48.66,49,48.29,48.92,22.5514,11777200,0,0
2010-01-07,48.77,49.6,48.56,49.53,22.8326,8905400,0,0
2010-01-08,49.32,49.52,48.78,49.26,22.7081,6580800,0,0
2010-01-11,49.78,49.8,49.25,49.44,22.7911,6090900,0,0
2010-01-12,49.37,49.37,48.85,49.17,22.6666,6752900,0,0
2010-01-13,49.17,49.89,49.17,49.67,22.8971,5926400,0,0
2010-01-14,49.48,49.98,49.48,49.6,22.8648,4602200,0,0
2010-01-15,49.66,49.97,49.46,49.62,22.874,8269200,0,0
2010-01-19,49.6,50.2,49.51,50.09,23.0907,8804100,0,0
2010-01-20,49.9,49.91,48.7,49.24,22.6989,6461400,0,0
2010-01-21,49.22,49.31,47.59,47.73,22.0028,10276000,0,0
2010-01-22,47.6,47.77,46.71,46.81,21.5787,8717000,0,0
2010-01-25,47.09,47.63,47.02,47.05,21.6893,5880900,0,0
2010-01-26,46.69,47.4,46.69,47,21.6663,5858200,0,0
2010-01-27,46.85,47.1,46.22,46.64,21.5003,5177700,0,0
2010-01-28,46.66,47.1,46.02,46.21,21.3021,5594200,0,0
2010-01-29,46.53,47.09,45.43,45.51,20.9794,7064100,0,0
2010-02-01,45.74,46.23,45.63,46.11,21.256,8066200,0,0
2010-02-02,46.21,47.72,46.07,47.6,21.9429,8715600,0,0
2010-02-03,47.33,47.44,46.81,46.97,21.6524,5001800,0,0
2010-02-04,46.6,46.81,45.9,45.94,21.1776,6728400,0,0
2010-02-05,46.22,46.22,45.01,45.66,21.0486,8451200,0,0
2010-02-08,45.31,46.28,45.31,45.53,20.9886,5242500,0,0
2010-02-09,45.93,47,45.7,46.85,21.5971,8742400,0,0
2010-02-10,46.81,47.09,46.39,46.81,21.5787,6480000,0,0
2010-02-11,46.65,48.93,46.05,48.67,22.4361,16677800,0,0
2010-02-12,48.35,49.93,48.2,49.29,22.7219,13040700,0,0
2010-02-16,49.6,49.92,49.06,49.42,22.7819,11304100,0,0
2010-02-17,49.51,49.89,49.35,49.83,22.9709,7402400,0,0
2010-02-18,49.59,50.35,49.59,50.28,23.1783,7533300,0,0
2010-02-19,50.2,50.41,49.8,49.98,23.04,8931900,0,0
2010-02-22,50,50.07,49.68,49.75,22.934,8233500,0,0
2010-02-23,49.75,50,49.18,49.3,22.7265,10514700,0,0
2010-02-24,49.32,49.97,48.97,49.83,22.9709,8305900,0,0
2010-02-25,49.43,49.88,49,49.61,22.8694,9596000,0,0
2010-02-26,49.62,49.63,48.95,48.98,22.579,8502800,0,0
2010-03-01,49.05,49.25,48.79,48.93,22.556,8198300,0,0
2010-03-02,49.39,50.09,49.11,49.81,22.9616,7126700,0,0
2010-03-03,49.82,50.17,49.72,49.98,23.04,7166800,0,0
2010-03-04,50.16,50.8,50.06,50.66,23.3535,7350200,0,0
2010-03-05,50.75,51.38,50.52,51.25,23.6255,7140400,0,0
2010-03-08,51.13,51.28,50.69,50.79,23.4134,6970700,0,0
2010-03-09,50.61,50.78,50.2,50.38,23.2244,6203800,0,0
2010-03-10,50.25,50.41,49.85,50.3,23.1875,5967300,0,0
2010-03-11,50.29,50.51,49.68,50.24,23.1599,8066600,0,0
2010-03-12,50.25,50.5,49.95,50.14,23.1138,6118200,0,0
2010-03-15,50.05,51.12,49.81,50.92,23.4733,9131000,0,0
2010-03-16,50.98,51.43,50.82,51.24,23.6209,5970200,0,0
2010-03-17,51.45,51.92,51.27,51.83,23.8928,6784300,0,0
2010-03-18,51.94,51.99,51.65,51.82,23.8882,6092500,0,0
2010-03-19,52.68,52.85,51.83,52.68,24.2847,15243800,0,0
2010-03-22,52.39,53.07,52.23,52.89,24.3815,6994400,0,0
2010-03-23,52.2,52.44,51.69,52.44,24.4421,7052200,0.58,0
2010-03-24,52.43,52.7,51.84,51.89,24.1857,8034100,0,0
2010-03-25,52.12,52.53,51.66,51.72,24.1065,6076200,0,0
2010-03-26,51.78,52.45,51.68,52.12,24.2929,5112400,0,0
2010-03-29,52.27,52.74,52.25,52.53,24.484,7271600,0,0
2010-03-30,52.62,52.92,52.16,52.49,24.4654,4820600,0,0
2010-03-31,52.5,52.5,51.95,52.16,24.3116,6486100,0,0
2010-04-01,52.24,52.68,52.16,52.47,24.456,5846800,0,0
2010-04-05,52.6,52.99,52.36,52.85,24.6332,4390900,0,0
2010-04-06,52.64,52.95,52.55,52.65,24.54,4451200,0,0
2010-04-07,52.57,52.8,52.29,52.52,24.4793,5572600,0,0
2010-04-08,52.29,52.72,52.21,52.37,24.4094,4755700,0,0
2010-04-09,52.76,52.81,52.03,52.75,24.5866,4844300,0,0
2010-04-12,52.86,53.2,52.74,52.95,24.6798,5055600,0,0
2010-04-13,52.78,52.82,52.08,52.46,24.4514,4531800,0,0
2010-04-14,52.09,52.09,50.8,51.3,23.9107,12739900,0,0
2010-04-15,50.65,51.62,50.65,51.59,24.0459,6596800,0,0
2010-04-16,51.45,51.68,50.56,50.74,23.6497,8822900,0,0
2010-04-19,50.55,51.44,50.55,51.35,23.934,5769800,0,0
2010-04-20,51.48,53.91,51.16,51.92,24.1997,6890900,0,0
2010-04-21,51.97,52.87,51.8,51.99,24.2323,6611300,0,0
2010-04-22,50.38,51.32,50.08,51.24,23.8828,10098900,0,0
2010-04-23,51.18,51.23,50.6,51.14,23.8361,6457700,0,0
2010-04-26,51.04,51.14,50.06,50.13,23.3654,7802200,0,0
2010-04-27,50.01,50.07,48.22,48.44,22.5777,12135800,0,0
2010-04-28,48.67,49.34,48.53,49.09,22.8806,9074100,0,0
2010-04-29,49.45,50.3,49.33,49.58,23.109,7819100,0,0
2010-04-30,49.47,49.81,49.02,49.08,22.876,6884400,0,0
2010-05-03,49.32,49.68,49.15,49.42,23.0345,6482700,0,0
2010-05-04,49.01,49.75,48.86,49,22.8387,9986300,0,0
2010-05-05,48.89,49.55,48.5,48.71,22.7035,7506100,0,0
2010-05-06,48.5,48.91,44,47,21.9065,16460800,0,0
2010-05-07,46.14,47,45.92,46.42,21.6362,14566200,0,0
2010-05-10,47.91,49.04,47.7,48.35,22.5357,9709700,0,0
2010-05-11,47.74,48.63,47.74,48.35,22.5357,8924200,0,0
2010-05-12,47.93,48.31,47.52,47.99,22.3679,8489700,0,0
2010-05-13,47.86,48.19,47.31,47.36,22.0743,6602600,0,0
2010-05-14,47.27,47.47,46.29,46.56,21.7014,10548700,0,0
2010-05-17,46.6,46.83,45.89,46.25,21.5569,9076800,0,0
2010-05-18,46.44,46.76,45.37,45.56,21.2353,10435700,0,0
2010-05-19,45.37,46.52,45.1,46.26,21.5616,11069300,0,0
2010-05-20,45.47,45.92,44.49,44.55,20.7646,13066700,0,0
2010-05-21,43.9,44.71,43.38,44.26,20.6294,16035700,0,0
2010-05-24,44.04,44.72,43.57,44.3,20.648,12667000,0,0
2010-05-25,43.6,43.92,42.97,43.72,20.3777,15891000,0,0
2010-05-26,43.85,44.56,43.55,43.7,20.3684,14571200,0,0
2010-05-27,44.23,44.8,44.09,44.7,20.8345,11520600,0,0
2010-05-28,44.76,44.8,44.02,44.12,20.5641,14109100,0,0
2010-06-01,43.77,44.59,43.51,43.97,20.4942,9173500,0,0
2010-06-02,44.04,45.06,44.04,45.05,20.9976,9575200,0,0
2010-06-03,45.06,45.36,44.69,45.02,20.9836,6411200,0,0
2010-06-04,44.57,44.75,43.51,43.74,20.387,11855100,0,0
2010-06-07,43.72,44.25,43.07,43.17,20.1214,10536000,0,0
2010-06-08,43.13,43.77,42.94,43.73,20.3824,11988100,0,0
2010-06-09,43.98,45.14,43.78,44.15,20.5781,11085700,0,0
2010-06-10,44.59,45.58,44.59,45.11,21.0256,9979300,0,0
2010-06-11,44.84,44.94,43.09,44.35,20.6713,15482400,0,0
2010-06-14,44.61,45.95,44.61,45.57,21.24,11379200,0,0
2010-06-15,46.22,46.22,45.47,45.56,21.2353,9119600,0,0
2010-06-16,45.39,45.78,45.13,45.55,21.2307,6227700,0,0
2010-06-17,45.78,45.96,45.34,45.6,21.254,7420800,0,0
2010-06-18,45.67,46.28,45.6,45.91,21.3985,13155400,0,0
2010-06-21,46.28,46.64,45.93,46.29,21.5756,10605200,0,0
2010-06-22,45.81,46.01,44.95,44.99,21.2357,8248600,0.58,0
2010-06-23,45.96,47.08,45.9,46.49,21.9437,15496300,0,0
2010-06-24,46.28,46.72,46.04,46.43,21.9154,13230100,0,0
2010-06-25,46.56,47,45.9,45.9,21.6653,17658200,0,0
2010-06-28,46,46.68,45.9,46.29,21.8493,9271200,0,0
2010-06-29,45.9,46.8,45.54,45.72,21.5803,11364000,0,0
2010-06-30,46.15,46.36,45.75,45.84,21.6369,10800400,0,0
2010-07-01,45.77,46.68,45.55,46.55,21.9721,12567400,0,0
2010-07-02,46.63,46.88,46.23,46.45,21.9249,6941700,0,0
2010-07-06,46.75,47.19,46.34,46.77,22.0759,9049400,0,0
2010-07-07,46.59,47.56,46.39,47.54,22.4394,11016500,0,0
2010-07-08,47.95,48.68,47.67,48.54,22.9114,8888200,0,0
2010-07-09,48.8,48.9,48.22,48.59,22.935,5783600,0,0
2010-07-12,48.57,48.99,48.26,48.84,23.053,5136000,0,0
2010-07-13,49.12,49.45,49,49.3,23.2701,5681200,0,0
2010-07-14,49.18,49.73,48.96,49.52,23.3739,5539000,0,0
2010-07-15,49.62,50.3,49.33,50.1,23.6477,8227500,0,0
2010-07-16,49.99,50.89,49.51,49.67,23.4447,8352500,0,0
2010-07-19,49.51,50.1,49.43,49.96,23.5816,5500900,0,0
2010-07-20,49.66,50.75,49.63,50.63,23.8979,6860200,0,0
2010-07-21,50.78,50.86,49.2,49.89,23.5486,8481500,0,0
2010-07-22,50.38,51.09,49.9,50.84,23.997,8090500,0,0
2010-07-23,50.82,50.97,50.27,50.66,23.912,7968500,0,0
2010-07-26,50.57,51.23,50.57,51.19,24.1622,5317700,0,0
2010-07-27,51.26,51.38,50.95,51.34,24.233,7215100,0,0
2010-07-28,51.36,51.45,50.9,51.04,24.0914,5187200,0,0
2010-07-29,51.16,51.55,50.78,51.18,24.1575,7213200,0,0
2010-07-30,50.8,51.3,50.6,51.04,24.0914,7115800,0,0
2010-08-02,51.47,52,51.25,51.96,24.5256,6944000,0,0
2010-08-03,51.81,52.5,51.81,52.15,24.6153,6826800,0,0
2010-08-04,52.13,52.5,51.96,52.24,24.6578,4903000,0,0
2010-08-05,52.08,52.09,51.7,51.82,24.4596,6634300,0,0
2010-08-06,51.53,52.21,51.23,52.19,24.6342,6231900,0,0
2010-08-09,52.38,52.62,52.17,52.54,24.7994,6837600,0,0
2010-08-10,52.09,53.24,52.05,52.97,25.0024,8210600,0,0
2010-08-11,52.22,52.47,51.63,51.75,24.4265,7369600,0,0
2010-08-12,51.22,52.16,51.18,51.85,24.4737,7476900,0,0
2010-08-13,51.59,52.28,51.59,51.99,24.5398,6276000,0,0
2010-08-16,51.66,52.06,50.96,51.99,24.5398,5486600,0,0
2010-08-17,52.34,53.04,51.99,52.57,24.8136,6503900,0,0
2010-08-18,52.55,52.99,52.22,52.76,24.9032,9184200,0,0
2010-08-19,52.72,52.72,51.62,52,24.5445,9741700,0,0
2010-08-20,51.75,52.43,51.75,51.98,24.5351,7730100,0,0
2010-08-23,52.1,52.49,51.71,51.73,24.4171,5506500,0,0
2010-08-24,51.31,51.7,51.06,51.51,24.3132,7319800,0,0
2010-08-25,51.17,51.75,50.93,51.52,24.3179,10833600,0,0
2010-08-26,51.54,51.84,50.54,51.06,24.1008,6954300,0,0
2010-08-27,51.14,51.63,50.65,51.44,24.2802,6943100,0,0
2010-08-30,51.08,51.91,51.08,51.43,24.2755,3937900,0,0
2010-08-31,51.37,51.77,51.02,51.36,24.2424,6513000,0,0
2010-09-01,51.88,53.09,51.88,52.97,25.0024,8452400,0,0
2010-09-02,52.97,53.36,52.87,53.29,25.1534,6497500,0,0
2010-09-03,53.11,54.1,53.11,54.04,25.5074,6718500,0,0
2010-09-07,53.92,54.25,53.57,53.64,25.3186,5649600,0,0
2010-09-08,53.61,53.86,53.4,53.62,25.3092,7384600,0,0
2010-09-09,53.68,53.97,53.22,53.75,25.3705,7495000,0,0
2010-09-10,53.87,54.87,53.81,54.6,25.7717,6993300,0,0
2010-09-13,54.96,54.99,54.32,54.77,25.852,6024400,0,0
2010-09-14,54.55,55,54.26,54.86,25.8945,7006900,0,0
2010-09-15,54.86,55.6,54.63,55.54,26.2154,6853500,0,0
2010-09-16,55.2,55.3,54.81,55.11,26.0125,7305200,0,0
2010-09-17,55.3,55.9,55.07,55.12,26.0172,9668900,0,0
2010-09-20,55.29,56.23,55,55.95,26.409,7959000,0,0
2010-09-21,56.03,56.25,55.46,56.04,26.4514,9415100,0,0
2010-09-22,55.13,55.4,54.9,55.19,26.3512,8079000,0.64,0
2010-09-23,54.81,55.64,54.66,55.11,26.313,5943700,0,0
2010-09-24,55.58,56.5,55.56,56.1,26.7857,6991400,0,0
2010-09-27,55.98,56.22,55.45,55.46,26.4801,5742800,0,0
2010-09-28,55.4,56.19,55.17,56.08,26.7761,7329000,0,0
2010-09-29,55.97,56.65,55.75,56.32,26.8907,6343600,0,0
2010-09-30,56.48,57.11,55.81,56.02,26.7475,7636400,0,0
2010-10-01,56.04,56.51,55.45,55.55,26.5231,7624400,0,0
2010-10-04,55.39,55.71,55.1,55.29,26.3989,5167600,0,0
2010-10-05,55.66,55.97,55.15,55.35,26.4276,10135400,0,0
2010-10-06,55.4,56.93,55.37,56.31,26.8859,10977500,0,0
2010-10-07,56.56,56.65,55.95,56.29,26.8764,6645900,0,0
2010-10-08,56.75,57.2,56.6,56.63,27.0387,6366700,0,0
2010-10-11,56.96,57.16,56.33,56.42,26.9385,3329800,0,0
2010-10-12,56.48,57.3,56.4,57.18,27.3013,5307600,0,0
2010-10-13,57.39,57.75,57.01,57.36,27.3873,6376000,0,0
2010-10-14,57.4,57.9,57.39,57.75,27.5735,5885000,0,0
2010-10-15,58.02,58.78,58.02,58.54,27.9507,13173400,0,0
2010-10-18,58.34,58.56,58.06,58.38,27.8743,6675100,0,0
2010-10-19,57.81,58.04,56.66,57.07,27.2488,8711400,0,0
2010-10-20,57.22,57.69,57.01,57.48,27.4446,5809400,0,0
2010-10-21,56.88,57.85,56.49,57.56,27.4828,6863900,0,0
2010-10-22,57.92,58.29,57.58,58.13,27.7549,4375200,0,0
2010-10-25,58.53,59.85,58.47,59.47,28.3947,9071800,0,0
2010-10-26,59.15,59.53,58.93,59.5,28.409,5663400,0,0
2010-10-27,58.97,59.14,58.38,58.98,28.1608,6200700,0,0
2010-10-28,59.27,59.7,58.93,59.26,28.2944,5686200,0,0
2010-10-29,59.06,59.26,58.5,58.51,27.9363,6335200,0,0
2010-11-01,58.61,59.31,58.12,58.29,27.8313,7299800,0,0
2010-11-02,58.38,59,58.14,58.46,27.9125,7546100,0,0
2010-11-03,58.6,59.53,58.4,59.3,28.3135,6331200,0,0
2010-11-04,59.88,60.83,59.7,60.82,29.0393,8143400,0,0
2010-11-05,60.87,60.87,60.18,60.44,28.8579,7494700,0,0
2010-11-08,60.03,60.39,59.85,60.22,28.7528,6237200,0,0
2010-11-09,60.01,60.2,59.41,59.56,28.4377,5744300,0,0
2010-11-10,59.48,59.79,59.16,59.61,28.4616,5302300,0,0
2010-11-11,59.05,59.86,59.02,59.82,28.5618,5694300,0,0
2010-11-12,59.66,59.88,59.29,59.64,28.4759,5838700,0,0
2010-11-15,59.61,59.96,59.35,59.45,28.3852,4685000,0,0
2010-11-16,59.22,59.51,58.26,58.54,27.9507,9158000,0,0
2010-11-17,58.68,58.94,57.79,57.79,27.5926,7483900,0,0
2010-11-18,58.51,59.85,58.34,59.45,28.3852,9374300,0,0
2010-11-19,59.46,59.86,58.97,59.81,28.5571,7446400,0,0
2010-11-22,59.24,59.53,58.86,59.48,28.3995,7451000,0,0
2010-11-23,58.78,58.96,58.41,58.77,28.0605,8530600,0,0
2010-11-24,59.18,59.29,58.86,59.21,28.2706,6333700,0,0
2010-11-26,58.92,59.09,58.5,58.78,28.0653,2064500,0,0
2010-11-29,58.34,58.36,57.33,57.82,27.6069,11539600,0,0
2010-11-30,57.48,57.58,56.75,56.89,27.1629,11511900,0,0
2010-12-01,57.37,57.97,56.71,57.7,27.5496,8113900,0,0
2010-12-02,57.51,58.01,57.3,57.93,27.6594,6584600,0,0
2010-12-03,57.6,58.54,57.46,58.12,27.7501,7030100,0,0
2010-12-06,58.08,58.65,57.81,58.53,27.9459,9234000,0,0
2010-12-07,58.96,59.4,58.89,59.4,28.3613,10943400,0,0
2010-12-08,59.45,59.5,59.08,59.35,28.3374,6173000,0,0
2010-12-09,59.71,59.8,59.18,59.39,28.3565,4848900,0,0
2010-12-10,59.52,59.92,58.89,59,28.1703,6760500,0,0
2010-12-13,59.05,59.23,58.34,58.7,28.0271,7765600,0,0
2010-12-14,58.82,59.43,58.75,59.39,28.3565,5581900,0,0
2010-12-15,58.88,59.6,58.87,59.41,28.3661,6643400,0,0
2010-12-16,59.37,59.74,58.96,59.71,28.5093,5942700,0,0
2010-12-17,59.67,59.87,59.17,59.69,28.4998,11569500,0,0
2010-12-20,59.79,60.14,59.43,59.57,28.4425,7457100,0,0
2010-12-21,59.41,59.55,58.3,58.48,28.2253,6149600,0.64,0
2010-12-22,58.63,58.94,58.25,58.87,28.4135,4701000,0,0
2010-12-23,58.68,58.92,58.38,58.67,28.317,2824500,0,0
2010-12-27,58.51,58.77,58.43,58.6,28.2832,2641900,0,0
2010-12-28,58.58,58.83,58.22,58.53,28.2494,3018800,0,0
2010-12-29,58.72,58.93,58.51,58.75,28.3556,2783100,0,0
2010-12-30,58.64,58.75,58.33,58.49,28.2301,2303700,0,0
2010-12-31,58.48,58.85,58.31,58.53,28.2494,2738300,0,0
2011-01-03,58.88,58.99,58.43,58.67,28.317,5053700,0,0
2011-01-04,58.48,58.95,58.15,58.67,28.317,5779500,0,0
2011-01-05,58.8,58.92,57.79,58.5,28.2349,5635800,0,0
2011-01-06,58.25,58.4,57.36,57.72,27.8585,7922300,0,0
2011-01-07,57.23,57.49,55.92,56.42,27.231,12085800,0,0
2011-01-10,56.43,56.74,55.85,56.51,27.2745,8867000,0,0
2011-01-11,56.75,56.95,55.92,56.02,27.038,7971000,0,0
2011-01-12,56.32,56.59,56,56.59,27.3131,7355300,0,0
2011-01-13,56.37,56.58,56.11,56.5,27.2696,6032900,0,0
2011-01-14,56.29,56.77,56.18,56.67,27.3517,5394100,0,0
2011-01-18,56.54,57,55.98,56.22,27.1345,8001300,0,0
2011-01-19,56.29,56.62,56.16,56.59,27.3131,7535000,0,0
2011-01-20,56.62,56.87,56.26,56.49,27.2648,6740200,0,0
2011-01-21,56.82,57,56.26,56.7,27.3662,10525700,0,0
2011-01-24,56.58,57.18,56.25,57.1,27.5592,6127900,0,0
2011-01-25,56.87,57.62,56.72,57.53,27.7668,5851600,0,0
2011-01-26,57.67,57.75,57.34,57.38,27.6944,5347600,0,0
2011-01-27,57.55,57.58,56.94,56.99,27.5061,6060600,0,0
2011-01-28,57.3,57.31,56.55,56.6,27.3179,7435200,0,0
2011-01-31,56.84,57.27,56.46,57.24,27.6268,6955400,0,0
2011-02-01,57.52,58.21,57.5,57.72,27.8585,6181300,0,0
2011-02-02,57.48,57.76,57.33,57.68,27.8391,4924700,0,0
2011-02-03,57.49,58.09,57.49,58.01,27.9984,4650800,0,0
2011-02-04,58.07,58.76,57.91,58.67,28.317,5990400,0,0
2011-02-07,58.91,59,58.46,59,28.4762,4570200,0,0
2011-02-08,59,59.11,58.65,59.06,28.5052,4411400,0,0
2011-02-09,58.61,59.67,58.5,59.54,28.7369,5387000,0,0
2011-02-10,59.29,59.9,58.89,59.17,28.5583,7236200,0,0
2011-02-11,58.91,59.86,58.87,59.62,28.7755,5341300,0,0
2011-02-14,59.53,59.77,59.09,59.74,28.8334,4933700,0,0
2011-02-15,59.46,60.18,59.44,59.89,28.9058,5315500,0,0
2011-02-16,60.12,60.76,59.94,60.7,29.2967,5718100,0,0
2011-02-17,60.39,60.88,60.3,60.84,29.3643,5427200,0,0
2011-02-18,60.86,61.64,60.8,61.43,29.6491,5768600,0,0
2011-02-22,60.82,61.99,60.5,61.54,29.7022,7172900,0,0
2011-02-23,61.55,62.38,61.5,61.98,29.9145,9054600,0,0
2011-02-24,61.81,63,61.79,62.29,30.0642,7587600,0,0
2011-02-25,62.43,62.69,62,62.25,30.0448,5441100,0,0
2011-02-28,62.68,63.12,62.4,62.78,30.3007,7559500,0,0
2011-03-01,63.06,63.63,62.21,62.27,30.0545,7321700,0,0
2011-03-02,62.31,63.33,62.13,62.92,30.3682,6570300,0,0
2011-03-03,63.35,63.95,63.1,63.67,30.7302,9531500,0,0
2011-03-04,63.69,63.88,63.03,63.5,30.6482,12608500,0,0
2011-03-07,63.66,64.42,63.52,63.64,30.7157,10173200,0,0
2011-03-08,63.85,64.6,63.78,64.25,31.0101,5591300,0,0
2011-03-09,64.17,64.45,63.89,64.35,31.0584,4946700,0,0
2011-03-10,63.82,64.19,63.59,63.76,30.7737,6675000,0,0
2011-03-11,63.43,63.98,63.37,63.78,30.7833,5529200,0,0
2011-03-14,63.55,63.84,63.23,63.58,30.6868,5935100,0,0
2011-03-15,62.49,62.91,61.88,62.7,30.2621,11350200,0,0
2011-03-16,62.44,62.64,61.45,61.87,29.8615,11373200,0,0
2011-03-17,62.45,62.78,61.67,61.79,29.8228,7963900,0,0
2011-03-18,61.7,62.53,61.35,61.72,29.789,11876800,0,0
2011-03-21,62.21,63.53,61.91,62.95,30.3827,6364200,0,0
2011-03-22,62.23,63.89,62.21,63.34,30.8849,2472600,0.64,0
2011-03-23,63.26,64.11,63.08,63.84,31.1287,5225800,0,0
2011-03-24,64.05,64.74,63.8,64.52,31.4603,6869100,0,0
2011-03-25,64.65,65.47,64.53,65.12,31.7529,7119500,0,0
2011-03-28,65.38,65.62,65.17,65.17,31.7772,4712700,0,0
2011-03-29,64.79,65.29,64.61,65.26,31.8211,6213400,0,0
2011-03-30,65.85,65.92,65.24,65.7,32.0357,7714000,0,0
2011-03-31,65.75,65.9,65.34,65.63,32.0016,7642000,0,0
2011-04-01,65.87,66.02,64.91,64.93,31.6602,6334500,0,0
2011-04-04,64.93,65.05,64.49,64.92,31.6554,7125200,0,0
2011-04-05,64.76,65.97,64.65,65.55,31.9625,4984900,0,0
2011-04-06,65.75,66.05,65.48,65.81,32.0893,4979000,0,0
2011-04-07,65.62,65.69,65.07,65.68,32.0259,6408000,0,0
2011-04-08,65.66,66.04,65.52,65.83,32.0991,5467400,0,0
2011-04-11,66.27,67.28,66.25,66.83,32.5867,6952500,0,0
2011-04-12,66.59,66.82,65.82,66.04,32.2015,5358400,0,0
2011-04-13,65.9,66.21,65.72,66.11,32.2356,5847900,0,0
2011-04-14,65.98,66.45,65.83,66.19,32.2746,6947900,0,0
2011-04-15,66.39,66.74,65.96,66.56,32.455,5609400,0,0
2011-04-18,66.08,66.49,65.48,65.76,32.0649,5865500,0,0
2011-04-19,65.61,66.19,65.31,66.13,32.2454,4527100,0,0
2011-04-20,66.85,67.35,66.42,66.48,32.416,5661300,0,0
2011-04-21,67.01,68.21,66.84,67.61,32.967,6478100,0,0
2011-04-25,67.75,67.91,67.36,67.6,32.9621,4779900,0,0
2011-04-26,67.8,68.09,67.34,67.59,32.9573,8000000,0,0
2011-04-27,67.53,67.59,66.94,67.52,32.9231,6112300,0,0
2011-04-28,67.47,69.22,67.42,69.03,33.6594,6409200,0,0
2011-04-29,69.16,69.79,68.63,69.44,33.8593,5600000,0,0
2011-05-02,69.81,69.92,69.16,69.31,33.7959,6088800,0,0
2011-05-03,69.03,69.63,68.85,69.55,33.913,7870000,0,0
2011-05-04,69.55,69.83,69.08,69.35,33.8154,5015800,0,0
2011-05-05,69.18,69.45,68.25,68.39,33.3474,6422100,0,0
2011-05-06,68.8,69.39,68.57,68.6,33.4497,6071600,0,0
2011-05-09,68.84,69,68.17,68.29,33.2986,5464700,0,0
2011-05-10,68.42,68.49,68.17,68.28,33.2937,7360200,0,0
2011-05-11,68.3,68.58,67.98,68.17,33.2401,6203500,0,0
2011-05-12,68.13,68.25,67.95,68.21,33.2596,6820300,0,0
2011-05-13,68.26,69.08,68.26,68.31,33.3083,7165000,0,0
2011-05-16,68.02,68.7,67.84,68.44,33.3717,6765700,0,0
2011-05-17,68.25,68.73,68.24,68.59,33.4449,4512600,0,0
2011-05-18,68.74,69.4,68.46,69.28,33.7813,8409000,0,0
2011-05-19,69.55,70.77,69.54,70.68,34.464,7536400,0,0
2011-05-20,70.61,70.68,69.99,70.19,34.225,4671400,0,0
2011-05-23,69.41,69.8,68.91,69.1,33.6935,5524500,0,0
2011-05-24,69,70.09,68.91,69.86,34.0641,6350000,0,0
2011-05-25,69.42,69.71,69.12,69.49,33.8837,5681400,0,0
2011-05-26,69.45,70.67,69.07,70.3,34.2787,6382100,0,0
2011-05-27,70.24,70.73,70.2,70.52,34.386,3858500,0,0
2011-05-31,70.82,71.75,70.76,71.75,34.9857,8216000,0,0
2011-06-01,71.7,71.75,71.03,71.07,34.6541,6768900,0,0
2011-06-02,70.92,70.99,69.63,69.91,34.0885,6427200,0,0
2011-06-03,69.25,69.65,68.76,68.99,33.6399,5985700,0,0
2011-06-06,68.79,68.99,68.25,68.32,33.3132,7685600,0,0
2011-06-07,68.6,68.62,67.79,67.81,33.0645,8337900,0,0
2011-06-08,67.55,68.32,67.12,68.04,33.1767,6347100,0,0
2011-06-09,68.31,68.61,67.53,68.12,33.2157,5635300,0,0
2011-06-10,67.82,68.08,67.35,67.35,32.8402,5328300,0,0
2011-06-13,67.3,67.83,66.8,67.53,32.928,8626400,0,0
2011-06-14,68.16,69.51,67.83,68.92,33.6058,8348300,0,0
2011-06-15,68.59,68.74,66.52,67.51,32.9183,7271300,0,0
2011-06-16,67.44,68.03,67.07,67.52,32.9231,5429900,0,0
2011-06-17,67.95,69,67.95,68.48,33.3912,8793900,0,0
2011-06-20,68.46,69.41,68.43,69.08,33.6838,4984300,0,0
2011-06-21,68.74,68.88,67.93,68.05,33.4919,5184600,0.64,0
2011-06-22,67.62,67.83,66.64,66.65,32.8028,8345900,0,0
2011-06-23,66.28,66.36,65.51,66.17,32.5666,7146100,0,0
2011-06-24,66.16,66.16,64.68,65.1,32.04,10964100,0,0
2011-06-27,65.4,66.16,65.2,65.92,32.4435,7110000,0,0
2011-06-28,66.16,66.17,65.52,65.89,32.4288,4977400,0,0
2011-06-29,66.35,66.61,66.02,66.17,32.5666,5401600,0,0
2011-06-30,66.45,66.81,66.06,66.77,32.8619,5406400,0,0
2011-07-01,66.66,67.14,66.48,66.75,32.852,5212800,0,0
2011-07-05,66.9,68.16,66.79,67.19,33.0686,7157800,0,0
2011-07-06,67.32,68.59,67.18,68.24,33.5854,6418300,0,0
2011-07-07,68.65,69.38,68.65,69.14,34.0283,6035400,0,0
2011-07-08,68.64,69.46,68.47,69.41,34.1612,5314400,0,0
2011-07-11,69.62,69.65,68.43,68.68,33.8019,5363900,0,0
2011-07-12,68.63,68.8,67,67.1,33.0243,7765900,0,0
2011-07-13,67.45,67.53,66.61,66.84,32.8963,4570300,0,0
2011-07-14,66.58,66.9,66.23,66.42,32.6896,4561600,0,0
2011-07-15,66.62,67.07,66.17,66.93,32.9406,5462700,0,0
2011-07-18,66.8,67.44,66.48,66.83,32.8914,4252400,0,0
2011-07-19,67.16,68.72,67.06,68.51,33.7182,6245100,0,0
2011-07-20,68.49,68.5,67.18,68.19,33.5608,5556300,0,0
2011-07-21,69.75,71.76,69.74,71.49,35.1849,11095700,0,0
2011-07-22,71.38,72.26,71.3,72.11,35.4901,7298100,0,0
2011-07-25,71.73,72.32,70.91,72.13,35.4999,5292500,0,0
2011-07-26,72.01,72.5,71.6,71.92,35.3965,4713400,0,0
2011-07-27,71.48,72.56,71.48,71.77,35.3227,5796400,0,0
2011-07-28,71.89,72.74,71.61,72.35,35.6082,6880200,0,0
2011-07-29,71.7,71.99,71.17,71.17,35.0274,9143900,0,0
2011-08-01,71.62,71.66,69.86,70.72,34.8059,6034800,0,0
2011-08-02,70.42,70.89,69.75,69.75,34.3285,7059000,0,0
2011-08-03,69.91,70,69.18,69.96,34.4319,7725000,0,0
2011-08-04,69.23,69.37,67.22,67.4,33.172,11139300,0,0
2011-08-05,68.05,69.76,67.12,69.34,34.1267,14179900,0,0
2011-08-08,67.83,69.17,66.09,66.27,32.6158,16489300,0,0
2011-08-09,66.58,67.56,64.23,67.4,33.172,19274200,0,0
2011-08-10,67.09,67.17,64.65,64.9,31.9415,14335000,0,0
2011-08-11,65.27,66.23,64.77,65.55,32.2614,13389700,0,0
2011-08-12,66.42,66.81,65.73,66.63,32.793,10255600,0,0
2011-08-15,66.92,68.33,66.68,68.33,33.6297,11101600,0,0
2011-08-16,67.87,68.48,67.34,67.7,33.3196,7347100,0,0
2011-08-17,68.09,69.72,68.02,69.06,33.989,8695500,0,0
2011-08-18,67.86,68.88,67.63,68.5,33.7133,11290600,0,0
2011-08-19,67.64,70.78,67.64,68.83,33.8757,11874700,0,0
2011-08-22,70.23,70.54,68.5,68.72,33.8216,8068300,0,0
2011-08-23,68.7,70.3,68.39,70.27,34.5845,8924700,0,0
2011-08-24,70,70.58,69.73,70.14,34.5205,7765100,0,0
2011-08-25,70.11,70.25,68.58,68.87,33.8954,8085500,0,0
2011-08-26,68.8,69.54,67.76,69.2,34.0578,7422300,0,0
2011-08-29,69.89,70.68,69.8,70.5,34.6977,6213400,0,0
2011-08-30,70.31,70.51,69.8,70.12,34.5106,6688100,0,0
2011-08-31,70.39,70.64,69.09,69.32,34.1169,9735100,0,0
2011-09-01,69.42,70.07,69.07,69.3,34.107,8491200,0,0
2011-09-02,68.77,69.33,68.12,68.24,33.5854,6369800,0,0
2011-09-06,66.9,67.92,66.72,67.81,33.3737,9626100,0,0
2011-09-07,68.28,68.96,67.94,68.96,33.9397,9280000,0,0
2011-09-08,68.47,68.98,68.42,68.55,33.7379,6845900,0,0
2011-09-09,68.05,68.24,65.5,65.9,32.4337,17242000,0,0
2011-09-12,64.98,66.06,64.42,66.02,32.4928,28147800,0,0
2011-09-13,65.99,66.46,65.19,65.97,32.4681,6781000,0,0
2011-09-14,66.85,68.32,66.52,67.59,33.2655,11287700,0,0
2011-09-15,68.31,68.49,67.66,68.29,33.61,7060200,0,0
2011-09-16,68.73,69.27,68,69.08,33.9988,15149600,0,0
2011-09-19,68.16,68.57,67.65,67.91,33.423,11023400,0,0
2011-09-20,68.65,69.17,68.25,68.28,33.605,7621700,0,0
2011-09-21,68.68,68.83,66.71,66.8,32.8767,8637700,0,0
2011-09-22,65.77,65.77,63.66,64.96,31.9711,16868000,0,0
2011-09-23,63.92,64.09,63.5,63.81,31.7818,10699100,0.77,0
2011-09-26,64.27,64.69,63.52,64.58,32.1653,8132000,0,0
2011-09-27,65.36,65.54,64.36,64.71,32.2301,8374400,0,0
2011-09-28,64.99,65.01,63.26,63.38,31.5676,6536200,0,0
2011-09-29,64.21,64.78,63.12,64.01,31.8814,5979400,0,0
2011-09-30,63.48,64.15,62.32,62.38,31.0696,9173800,0,0
2011-10-03,62.24,63.29,61.75,61.76,30.7608,10959400,0,0
2011-10-04,61.18,62.99,60.45,62.8,31.2787,10000000,0,0
2011-10-05,63.47,63.72,62.81,63.29,31.5228,7835900,0,0
2011-10-06,63.42,64.6,63.12,64.58,32.1653,6452300,0,0
2011-10-07,64.96,65.57,64.6,65.13,32.4393,7334000,0,0
2011-10-10,65.92,66.39,65.53,66.05,32.8975,4575700,0,0
2011-10-11,66.44,66.45,65.09,65.3,32.5239,6601800,0,0
2011-10-12,65.92,66.65,65.31,66.31,33.027,8097100,0,0
2011-10-13,66.27,66.75,65.82,66.45,33.0967,5656500,0,0
2011-10-14,67.19,67.4,66.9,67.4,33.5699,7242200,0,0
2011-10-17,67.49,68.06,66.86,67.04,33.3906,6575000,0,0
2011-10-18,66.68,67.06,65.36,66.31,33.027,7378300,0,0
2011-10-19,66.51,67.09,65.98,66.03,32.8875,5661600,0,0
2011-10-20,67.78,69.11,67.36,68.19,33.9633,12115700,0,0
2011-10-21,68.98,70.37,68.9,70,34.8648,13618000,0,0
2011-10-24,70.11,70.28,69.32,69.48,34.6058,7631000,0,0
2011-10-25,68.5,69.4,68.48,68.84,34.2871,10066800,0,0
2011-10-26,69.76,70.83,69.14,70.8,35.2633,10327100,0,0
2011-10-27,71.8,72.47,70.99,72,35.861,10180400,0,0
2011-10-28,72.05,72.49,71.32,72.12,35.9208,6246000,0,0
2011-10-31,71.61,72.01,69.74,69.87,34.8001,10206300,0,0
2011-11-01,68.18,69.31,67.75,68.76,34.2472,9908100,0,0
2011-11-02,69.08,70.17,68.93,69.87,34.8001,7788500,0,0
2011-11-03,70.19,70.96,70.02,70.79,35.2583,5399200,0,0
2011-11-04,70.66,70.86,69.87,70.21,34.9694,5754100,0,0
2011-11-07,70.13,70.58,69.48,70.5,35.1139,3976600,0,0
2011-11-08,70.6,71.32,70.08,71.2,35.4625,4631200,0,0
2011-11-09,70.02,70.32,69.12,69.62,34.6756,6214900,0,0
2011-11-10,70.02,71.21,70.02,71,35.3629,5708800,0,0
2011-11-11,71.5,72.12,71.35,71.64,35.6817,4136400,0,0
2011-11-14,71.64,71.67,70.86,71.21,35.4675,5024100,0,0
2011-11-15,71.37,71.75,70.9,71.52,35.6219,4392700,0,0
2011-11-16,71.5,73.17,71.06,71.62,35.6717,7934600,0,0
2011-11-17,71.47,73.46,71.47,72.08,35.9008,7073200,0,0
2011-11-18,72.36,73.29,72.32,73.09,36.4039,8647300,0,0
2011-11-21,71.82,72.53,71.54,72,35.861,6422600,0,0
2011-11-22,72.11,72.59,71.85,72.01,35.866,5401500,0,0
2011-11-23,71.46,71.62,70.82,71.02,35.3729,5685900,0,0
2011-11-25,71.01,72.24,70.98,71.31,35.5173,3575400,0,0
2011-11-28,72.1,73.15,72,73.09,36.4039,6827800,0,0
2011-11-29,73.38,75.45,73.38,74.46,37.0862,8016600,0,0
2011-11-30,75.93,76.4,75.09,76.24,37.9728,9494900,0,0
2011-12-01,76.1,77,75.58,75.69,37.6989,5938000,0,0
2011-12-02,75.97,76.44,75.32,75.47,37.5893,5414500,0,0
2011-12-05,76.71,77.03,75.36,75.87,37.7885,5335900,0,0
2011-12-06,75.79,75.84,75.3,75.58,37.6441,5314700,0,0
2011-12-07,75.23,75.88,74.75,75.58,37.6441,5676400,0,0
2011-12-08,75.33,75.58,74.39,74.56,37.136,6465200,0,0
2011-12-09,75.2,75.89,74.97,75.58,37.6441,5647700,0,0
2011-12-12,75.32,75.86,74.77,75.15,37.4299,7101500,0,0
2011-12-13,75.85,76.54,75.35,75.51,37.6092,6092300,0,0
2011-12-14,75.3,76.47,74.61,74.86,37.2855,7792600,0,0
2011-12-15,75.67,76.29,75.29,75.92,37.8134,6055100,0,0
2011-12-16,76.43,76.63,75.29,75.6,37.654,8857800,0,0
2011-12-19,76.04,76.81,75.79,76.2,37.9529,6178100,0,0
2011-12-20,76.24,76.81,75.93,76.7,38.5919,6665400,0.77,0
2011-12-21,76.87,78.29,76.61,78.18,39.3365,6912800,0,0
2011-12-22,78.44,78.55,77.45,77.85,39.1705,4308300,0,0
2011-12-23,78.05,78.9,77.95,78.75,39.6233,3037300,0,0
2011-12-27,78.99,79.42,78.42,78.83,39.6636,2510600,0,0
2011-12-28,78.68,79.15,78.36,78.51,39.5026,2656300,0,0
2011-12-29,78.88,79.19,78.67,79.1,39.7994,3511000,0,0
2011-12-30,79.16,79.25,78.18,78.48,39.4875,3678000,0,0
2012-01-03,79.16,79.96,78.52,78.59,39.5428,6708400,0,0
2012-01-04,78.15,78.5,77.8,78.45,39.4724,5589500,0,0
2012-01-05,78.17,78.67,77.8,78.21,39.3516,5407000,0,0
2012-01-06,77.67,77.81,76.65,77.08,38.7831,6745900,0,0
2012-01-09,77.06,77.26,76.6,76.86,38.6724,4766400,0,0
2012-01-10,77.65,77.9,76.92,77.32,38.9038,4937000,0,0
2012-01-11,77.17,77.85,76.53,76.6,38.5416,5095800,0,0
2012-01-12,76.58,77.12,76.41,76.45,38.4661,4698700,0,0
2012-01-13,76.22,77.4,76.07,77.32,38.9038,4916800,0,0
2012-01-17,77.1,77.47,75.76,75.9,38.1894,6676900,0,0
2012-01-18,75.81,75.81,72.85,73.26,36.861,13761200,0,0
2012-01-19,73.69,74.52,73.13,73.78,37.1227,8226400,0,0
2012-01-20,73.96,74.62,73.65,74.52,37.495,6017200,0,0
2012-01-23,74.39,75.1,74.09,74.86,37.6661,5924200,0,0
2012-01-24,74.65,75.2,73.87,74.15,37.3088,4608700,0,0
2012-01-25,73.83,76.93,73.7,76.81,38.6472,8417000,0,0
2012-01-26,77.15,77.15,75.86,76.38,38.4309,5419800,0,0
2012-01-27,76.29,76.73,75.22,75.46,37.968,5934500,0,0
2012-01-30,75.12,75.23,74.51,74.9,37.6862,4698900,0,0
2012-01-31,75.03,75.21,74.5,74.77,37.6208,5688800,0,0
2012-02-01,75.19,76.08,75.15,75.75,38.1139,4321500,0,0
2012-02-02,76.02,76.02,75.33,75.84,38.1592,2967200,0,0
2012-02-03,76.45,76.8,75.81,76.62,38.5516,3496200,0,0
2012-02-06,76.46,77.18,76.26,76.85,38.6674,3733700,0,0
2012-02-07,76.51,77.98,76.49,77.6,39.0447,5607100,0,0
2012-02-08,77.59,77.91,77.07,77.88,39.1856,5024600,0,0
2012-02-09,77.9,80.99,77.84,80.06,40.2825,10988900,0,0
2012-02-10,80.08,80.48,79.71,80.44,40.4737,7602800,0,0
2012-02-13,80.69,81.89,80.42,81.61,41.0624,7551400,0,0
2012-02-14,81.22,81.65,81,81.65,41.0825,5689100,0,0
2012-02-15,81.89,82.05,81.17,81.55,41.0322,4965800,0,0
2012-02-16,81.64,82.31,81.27,81.94,41.2284,4548900,0,0
2012-02-17,82.34,82.66,81.51,81.74,41.1278,5418400,0,0
2012-02-21,82.27,82.68,81.9,82.27,41.3944,5134700,0,0
2012-02-22,82.1,82.77,81.54,82.29,41.4045,5085700,0,0
2012-02-23,81.97,82.36,81.31,82.17,41.3441,4272600,0,0
2012-02-24,82.5,83.08,82.29,83.02,41.7718,4023000,0,0
2012-02-27,82.6,83.36,82.49,83.1,41.812,4340200,0,0
2012-02-28,83.18,83.95,83,83.86,42.1945,4728900,0,0
2012-02-29,84,84.3,83.52,83.52,42.0234,5817000,0,0
2012-03-01,83.5,84.33,82.91,84.23,42.3806,4944700,0,0
2012-03-02,84.29,84.73,83.79,84.55,42.5416,4183300,0,0
2012-03-05,84.4,85.43,84.14,85.42,42.9794,4097400,0,0
2012-03-06,84.82,85.42,83.97,84.06,42.2951,6932900,0,0
2012-03-07,84.04,84.39,83.26,84.07,42.3001,4852700,0,0
2012-03-08,84.81,85.16,84.54,84.62,42.5769,3738200,0,0
2012-03-09,84.94,85.24,84.61,84.61,42.5718,3601500,0,0
2012-03-12,84.93,85.56,83.9,84.54,42.5366,8037600,0,0
2012-03-13,84.78,85.76,84.59,85.71,43.1253,5132900,0,0
2012-03-14,85.34,85.76,84.95,85.45,42.9945,5170700,0,0
2012-03-15,85.46,85.9,85.24,85.9,43.2209,4849500,0,0
2012-03-16,85.97,86.17,85.54,85.81,43.1756,7930600,0,0
2012-03-19,85.82,86.6,85.46,86.34,43.4423,3724600,0,0
2012-03-20,85.83,86.66,85.82,86.54,43.5429,4578900,0,0
2012-03-21,86.54,86.7,86.06,86.12,43.3316,4892200,0,0
2012-03-22,85.98,87.14,85.92,86.84,43.6939,6051300,0,0
2012-03-23,86.86,87.15,86.43,86.83,43.6888,6264900,0,0
2012-03-26,87.09,88.51,87,88.15,44.353,6321400,0,0
2012-03-27,88.14,88.42,87.52,87.52,44.424,5187900,0.77,0
2012-03-28,87.5,87.59,86.62,86.97,44.1449,6090500,0,0
2012-03-29,86.51,87,86.14,86.65,43.9824,4906400,0,0
2012-03-30,87.07,88.86,87.07,88.61,44.9773,6974800,0,0
2012-04-02,88.86,89.62,88.85,89.38,45.3681,4848300,0,0
2012-04-03,88.79,89.02,88.29,88.98,45.1651,7640600,0,0
2012-04-04,88.63,90.1,88.6,89.49,45.424,7032900,0,0
2012-04-05,89.1,89.25,88.11,88.64,44.9926,6328000,0,0
2012-04-09,87.95,88.7,87.95,88.37,44.8555,3422700,0,0
2012-04-10,88.09,88.23,86.89,87.05,44.1855,5615400,0,0
2012-04-11,87.64,88.2,87.3,87.52,44.424,5166600,0,0
2012-04-12,87.74,87.78,86.62,87.26,44.2921,5058900,0,0
2012-04-13,87.55,88.79,87.41,87.84,44.5865,6023400,0,0
2012-04-16,88.17,88.26,86.53,87.04,44.1804,5765900,0,0
2012-04-17,87.26,87.9,86.79,87.45,44.3885,4819400,0,0
2012-04-18,87,88.11,86.63,87.74,44.5357,4861600,0,0
2012-04-19,88,88,86.1,86.75,44.0332,6089700,0,0
2012-04-20,86.38,88.32,86.14,87.81,44.5713,6637800,0,0
2012-04-23,87.16,87.58,86.61,86.94,44.1297,4677700,0,0
2012-04-24,87.09,87.26,86.12,86.17,43.7388,5064700,0,0
2012-04-25,86.4,87.88,86.18,87.64,44.485,6191900,0,0
2012-04-26,87.82,88.75,87.46,88.55,44.9468,4545700,0,0
2012-04-27,88.99,90.63,88.67,89.81,45.5864,7067800,0,0
2012-04-30,89.81,89.98,89,89.51,45.4342,6439100,0,0
2012-05-01,89.31,91.05,89.31,90,45.6829,5911600,0,0
2012-05-02,89.81,90.68,89.81,90.31,45.8402,5132600,0,0
2012-05-03,90.02,90.63,89.52,89.96,45.6626,5300000,0,0
2012-05-04,89.75,90.11,89,89.13,45.2413,3710000,0,0
2012-05-07,88.99,89.18,88.22,88.28,44.8098,5218200,0,0
2012-05-08,88.12,88.41,87.11,87.72,44.5256,6154600,0,0
2012-05-09,86.84,86.98,85.64,85.64,43.4698,7574900,0,0
2012-05-10,86.32,86.74,85.99,86.16,43.7337,5120600,0,0
2012-05-11,85.57,86.47,85.57,86.15,43.7286,4842300,0,0
2012-05-14,85.65,86,85.13,85.39,43.3429,4833200,0,0
2012-05-15,85.27,85.67,84.55,84.72,43.0028,4777200,0,0
2012-05-16,84.78,85.66,84.58,85.24,43.2668,4998800,0,0
2012-05-17,85.12,85.31,84.19,84.2,42.7388,4578200,0,0
2012-05-18,84.52,85.31,84.11,84.3,42.7896,6538900,0,0
2012-05-21,84.6,84.86,83.78,84.74,43.013,4646100,0,0
2012-05-22,84.99,85.77,84.7,85.06,43.1754,4994900,0,0
2012-05-23,84.73,84.97,83.99,84.33,42.8048,4938500,0,0
2012-05-24,84.43,85.5,84.34,85.34,43.3175,5261700,0,0
2012-05-25,85.34,85.9,85.25,85.38,43.3378,3603300,0,0
2012-05-29,85.43,85.73,84.92,85.59,43.4444,3809500,0,0
2012-05-30,84.95,85.47,84.64,84.88,43.084,4203500,0,0
2012-05-31,84.84,85.26,84.41,84.51,42.8962,5967600,0,0
2012-06-01,83.16,83.78,82.46,82.79,42.0232,7960100,0,0
2012-06-04,82.62,82.7,81.34,81.91,41.5765,6040300,0,0
2012-06-05,81.41,82.11,81.1,81.91,41.5765,4298300,0,0
2012-06-06,82.01,83.07,81.91,83.07,42.1653,4818100,0,0
2012-06-07,83.95,84.08,83.4,83.6,42.4343,3599800,0,0
2012-06-08,83.4,84.11,83.23,83.97,42.6221,3821300,0,0
2012-06-11,84.41,85.18,84.08,84.38,42.8302,14009800,0,0
2012-06-12,84.64,85.47,84.33,85.01,43.15,4642200,0,0
2012-06-13,85.86,87.05,85.2,85.7,43.5002,4648300,0,0
2012-06-14,85.99,87.99,85.89,87.34,44.3327,4914600,0,0
2012-06-15,87.94,88.19,87.19,87.73,44.5306,8794800,0,0
2012-06-18,87.52,88.68,87.3,88.13,44.7337,4128500,0,0
2012-06-19,88.44,88.93,88.1,88.52,44.9316,4908700,0,0
2012-06-20,88.48,88.81,87.84,88.51,44.9266,4612600,0,0
2012-06-21,87.68,88.03,85.5,85.6,43.4495,9160700,0,0
2012-06-22,86.08,86.59,85.55,86.01,43.6576,7178700,0,0
2012-06-25,84.64,84.76,83.93,83.99,43.0174,5044400,0.77,0
2012-06-26,84.05,84.45,83.79,84.03,43.0379,4600100,0,0
2012-06-27,84.16,85.25,84.16,84.9,43.4834,4641300,0,0
2012-06-28,84.36,85.81,84.09,85.62,43.8522,4093200,0,0
2012-06-29,86.91,87.6,86.4,87.26,44.6922,6269100,0,0
2012-07-02,87.34,89.06,87.2,89,45.5834,4728400,0,0
2012-07-03,88.88,89.57,88.64,89.49,45.8343,2487200,0,0
2012-07-05,89.22,89.57,88.6,88.98,45.5731,3772700,0,0
2012-07-06,88.46,89.58,88.18,89.45,45.8138,3780700,0,0
2012-07-09,89.31,90.99,89.22,90.61,46.4079,5976200,0,0
2012-07-10,91.06,91.39,90.39,90.7,46.4541,4399100,0,0
2012-07-11,90.63,91.07,90.24,90.54,46.3721,4618800,0,0
2012-07-12,90.51,90.88,89.89,89.9,46.0443,4797900,0,0
2012-07-13,90.08,90.49,89.75,90.21,46.2031,3507600,0,0
2012-07-16,90.1,91,90.02,90.84,46.5257,4117800,0,0
2012-07-17,90.53,91,89.25,89.99,46.0904,4634100,0,0
2012-07-18,89.9,90,88.92,89.41,45.7933,5162400,0,0
2012-07-19,89.51,90.73,89.31,89.55,45.8651,6410400,0,0
2012-07-20,88.83,89.32,88.19,88.89,45.527,6255300,0,0
2012-07-23,88.31,88.96,87.78,87.99,45.0661,4037100,0,0
2012-07-24,87.89,88.4,87.02,87.69,44.9124,4915000,0,0
2012-07-25,87.81,88.07,86.83,86.89,44.5027,4566700,0,0
2012-07-26,87.89,89.01,87.89,88.6,45.3785,5348600,0,0
2012-07-27,88.42,90.99,87.75,90.3,46.2492,6680300,0,0
2012-07-30,89.9,91.39,89.87,91.18,46.6999,4151500,0,0
2012-07-31,91.17,91.81,90.85,91.44,46.8331,5541000,0,0
2012-08-01,91.45,91.79,90.25,90.64,46.4233,3362100,0,0
2012-08-02,90.3,90.92,89.55,90.07,46.1314,3962700,0,0
2012-08-03,91.17,92,90.73,91.93,47.084,4123300,0,0
2012-08-06,92,93.15,91.8,92.23,47.2377,4546100,0,0
2012-08-07,92.66,92.89,91.25,91.32,46.7716,4299500,0,0
2012-08-08,91.2,92.01,90.56,91.77,47.0021,3403700,0,0
2012-08-09,91.77,91.97,91.04,91.38,46.8023,2807700,0,0
2012-08-10,91.1,92.43,91.06,92.21,47.2274,2640000,0,0
2012-08-13,91.98,92.49,91.68,92.43,47.3401,2418100,0,0
2012-08-14,92.49,93.48,92.11,93.14,47.7037,4051500,0,0
2012-08-15,92.98,93.26,92.27,92.97,47.6167,4163600,0,0
2012-08-16,92.46,93.48,92.08,93.29,47.7806,4595400,0,0
2012-08-17,93.48,93.5,92.73,93.38,47.8267,4161600,0,0
2012-08-20,93.39,93.6,92.99,93.17,47.7191,2919500,0,0
2012-08-21,93.14,93.29,91.59,91.71,46.9714,3779700,0,0
2012-08-22,91.39,91.59,90.85,90.87,46.5411,3905800,0,0
2012-08-23,90.68,90.85,88.68,88.69,45.4246,6914900,0,0
2012-08-24,88.56,89.99,88.28,89.76,45.9726,5397900,0,0
2012-08-27,89.79,90.49,89.68,90.09,46.1416,2943300,0,0
2012-08-28,89.8,91.24,89.78,90.88,46.5462,3094500,0,0
2012-08-29,91.48,91.99,90.76,90.78,46.495,4027700,0,0
2012-08-30,90.84,90.96,90.31,90.55,46.3772,2666900,0,0
2012-08-31,90.81,91.56,89.3,89.3,45.737,6626500,0,0
2012-09-04,89.44,89.95,89.17,89.63,45.906,3917000,0,0
2012-09-05,89.52,89.88,89,89.09,45.6295,3766600,0,0
2012-09-06,89.11,90.1,89,89.48,45.8292,5497600,0,0
2012-09-07,89.4,89.88,88.67,88.83,45.4963,4860000,0,0
2012-09-10,88.64,88.85,87.97,88.62,45.3887,4862200,0,0
2012-09-11,88.71,89.07,88.38,88.38,45.2658,4193300,0,0
2012-09-12,88.59,88.59,86.11,86.67,44.39,8388100,0,0
2012-09-13,87.03,90.57,86.8,90.15,46.1724,17534600,0,0
2012-09-14,89.6,90.05,88.84,89.48,45.8292,19859500,0,0
2012-09-17,89.36,90.91,89.35,90.69,46.4489,18849900,0,0
2012-09-18,90.69,91.85,90.51,91.51,46.8689,4473800,0,0
2012-09-19,91.3,91.93,90.82,91.64,46.9355,4209700,0,0
2012-09-20,91.51,92.25,91.51,92.13,47.1865,5467100,0,0
2012-09-21,92.3,92.59,92.03,92.14,47.1916,6761500,0,0
2012-09-24,92.01,92.32,91.5,92.13,47.1865,3907400,0,0
2012-09-25,91.49,91.95,90.06,90.08,46.5661,4973400,0.85,0
2012-09-26,90.09,90.95,89.94,90.41,46.7367,3910900,0,0
2012-09-27,90.56,91.02,89.94,90.66,46.866,3860900,0,0
2012-09-28,90.5,90.5,89.73,89.94,46.4938,5092900,0,0
2012-10-01,90.27,91.17,90,90.71,46.8918,4336200,0,0
2012-10-02,91.1,92,91.1,91.85,47.4811,3879800,0,0
2012-10-03,91.92,92.94,91.85,92.77,47.9567,3823800,0,0
2012-10-04,93.04,94,92.99,93.31,48.2358,3516700,0,0
2012-10-05,93.75,94.13,93.4,93.74,48.4581,3906800,0,0
2012-10-08,93.7,93.86,93.03,93.35,48.2565,2944600,0,0
2012-10-09,92.78,93.23,91.49,91.5,47.3002,4057500,0,0
2012-10-10,91.66,92.36,90.7,90.78,46.928,3794600,0,0
2012-10-11,91.84,91.84,90.62,90.84,46.959,4422300,0,0
2012-10-12,91.48,92.78,91.37,91.7,47.4036,3617300,0,0
2012-10-15,92.15,92.31,91.5,92.06,47.5897,4761400,0,0
2012-10-16,92.49,92.8,91.94,92.52,47.8275,2996300,0,0
2012-10-17,92.21,92.82,91.83,91.85,47.4811,4829300,0,0
2012-10-18,89.08,90.36,87.96,88,45.4909,8848900,0,0
2012-10-19,88.16,89.57,88,88.12,45.5529,7140900,0,0
2012-10-22,88.28,89.41,88.1,89.2,46.1112,4386700,0,0
2012-10-23,88.51,88.51,87.4,87.91,45.4444,4171500,0,0
2012-10-24,87.8,88.43,87.51,87.73,45.3513,3948800,0,0
2012-10-25,88.32,88.56,87.53,87.73,45.3513,3710500,0,0
2012-10-26,87.95,88.97,87.48,88.28,45.6356,4375000,0,0
2012-10-31,89.24,89.5,88.26,88.56,45.7804,5379100,0,0
2012-11-01,88.97,89.43,87.56,87.59,45.2789,5298000,0,0
2012-11-02,87.65,88.47,86.87,86.93,44.9378,9707000,0,0
2012-11-05,86.61,87.45,85.66,86.79,44.8654,4741200,0,0
2012-11-06,87,87.86,86.92,87.39,45.1756,4059800,0,0
2012-11-07,87.16,87.59,86.34,86.35,44.6379,5175400,0,0
2012-11-08,86.42,87.22,85.52,85.55,44.2244,4271600,0,0
2012-11-09,84.77,86.48,84.53,85.42,44.1572,3982600,0,0
2012-11-12,85.32,86.21,84.9,84.98,43.9297,3493200,0,0
2012-11-13,84.59,85.55,84.35,84.42,43.6403,5288800,0,0
2012-11-14,84.4,85.17,82.24,82.39,42.5908,8158500,0,0
2012-11-15,82.2,84.03,82.1,83.97,43.4076,7166800,0,0
2012-11-16,84.21,85.2,83.89,84.93,43.9039,6501000,0,0
2012-11-19,85.59,86.86,85.54,86.86,44.9016,5035500,0,0
2012-11-20,86.93,88.13,86.86,88.1,45.5426,5853300,0,0
2012-11-21,88.18,88.88,88.01,88.72,45.8631,3296700,0,0
2012-11-23,89,90.43,88.9,90.41,46.7367,2169500,0,0
2012-11-26,89.84,90,89.14,89.87,46.4576,3384100,0,0
2012-11-27,90.52,90.52,89.07,89.13,46.075,4474400,0,0
2012-11-28,89,90.04,88.25,89.91,46.4783,5520800,0,0
2012-11-29,89.97,90.84,89.49,90.33,46.6954,5658300,0,0
2012-11-30,89.93,90.4,89.56,89.88,46.4627,7562500,0,0
2012-12-03,90.01,90.49,89.73,89.8,46.4214,3848200,0,0
2012-12-04,89.81,89.95,88.95,88.95,45.982,4145400,0,0
2012-12-05,89.07,89.42,88.18,88.53,45.7649,6070300,0,0
2012-12-06,88.65,89.57,88.38,88.67,45.8372,4198900,0,0
2012-12-07,88.67,89.7,88.67,89.47,46.2508,3897500,0,0
2012-12-10,89.16,89.96,88.99,89.07,46.044,3619300,0,0
2012-12-11,89.49,89.72,88.17,88.46,45.7287,4918500,0,0
2012-12-12,88.9,89.7,88.51,88.78,45.8941,4600700,0,0
2012-12-13,88.69,89.2,87.91,88.2,45.5943,3898500,0,0
2012-12-14,87.51,88.3,87.51,87.75,45.3616,4875800,0,0
2012-12-17,87.95,88.47,87.11,87.39,45.1756,5717300,0,0
2012-12-18,87.28,87.45,85.38,86.51,44.7206,8176600,0,0
2012-12-19,86.52,86.76,84.62,84.65,43.7591,9307000,0,0
2012-12-20,84.44,85.57,83.79,85.5,44.2189,7770400,0.039,0
2012-12-21,85.19,85.76,84.1,84.95,43.9345,10896300,0,0
2012-12-24,83.6,84.26,83.6,83.74,43.352,2435100,0.085,0
2012-12-26,83.83,83.85,82.81,82.95,42.9431,3509600,0,0
2012-12-27,83.14,83.93,82.91,83.77,43.3676,5230400,0,0
2012-12-28,83.2,83.99,82.6,82.65,42.7878,3911100,0,0
2012-12-31,82.72,83.74,82.44,83.64,43.3003,5705000,0,0
2013-01-02,84.7,86.77,84.33,86.74,44.9051,6499100,0,0
2013-01-03,86.94,87.32,85.4,85.86,44.4496,5817000,0,0
2013-01-04,86,86.65,85.87,86.52,44.7912,4205800,0,0
2013-01-07,86.17,86.7,85.91,86.25,44.6515,3980800,0,0
2013-01-08,86.22,86.56,85.97,86.09,44.5686,4426100,0,0
2013-01-09,86.35,86.66,85.51,85.83,44.434,4776300,0,0
2013-01-10,86.38,87.29,86.32,87.29,45.1899,5312800,0,0
2013-01-11,88.53,89.83,88.53,89.23,46.1942,8106000,0,0
2013-01-14,89.34,89.66,88.77,89.07,46.1114,4521100,0,0
2013-01-15,88.65,89.31,88.55,88.92,46.0337,4439700,0,0
2013-01-16,88.44,88.78,87.9,88.34,45.7335,3400400,0,0
2013-01-17,88.66,89.39,88.47,89.14,46.1476,4568300,0,0
2013-01-18,89.41,89.98,88.9,89.98,46.5825,5443600,0,0
2013-01-22,89.93,90.29,89.25,90.03,46.6084,5937000,0,0
2013-01-23,89.73,90,88.54,88.84,45.9923,4865200,0,0
2013-01-24,89.12,90,88.76,89.76,46.4686,4403600,0,0
2013-01-25,89.83,90,89,89.42,46.2926,4499700,0,0
2013-01-28,89.31,89.4,88.88,89,46.0752,4549700,0,0
2013-01-29,88.64,89.56,88.55,88.91,46.0285,4972700,0,0
2013-01-30,88.44,88.67,87.4,87.65,45.3762,6468300,0,0
2013-01-31,87.81,89.02,87.65,88.16,45.6403,5045200,0,0
2013-02-01,88.92,88.97,87.66,88.13,45.6247,5420400,0,0
2013-02-04,87.53,88.05,86.8,87.33,45.2106,5808700,0,0
2013-02-05,87.43,88.14,87.31,87.96,45.5368,4546200,0,0
2013-02-06,87.75,87.92,87.36,87.69,45.397,3920500,0,0
2013-02-07,87.15,90,86.85,89.82,46.4996,7478500,0,0
2013-02-08,89.64,90.85,89.64,90.45,46.8258,4366500,0,0
2013-02-11,90.4,90.82,90.24,90.35,46.774,3283400,0,0
2013-02-12,90.63,90.73,90.01,90.14,46.6653,3638500,0,0
2013-02-13,90.43,91.47,90.43,90.99,47.1054,3852800,0,0
2013-02-14,90.86,90.99,89.85,90.01,46.598,5268700,0,0
2013-02-15,90.06,91,89.4,89.99,46.5877,5235600,0,0
2013-02-19,90.37,91.4,90.09,91.31,47.271,4428500,0,0
2013-02-20,91.28,92.79,90.75,92.09,47.6748,4866700,0,0
2013-02-21,91.61,93.61,91.35,93.13,48.2132,5990900,0,0
2013-02-22,93.22,93.48,92.63,93.42,48.3634,4070600,0,0
2013-02-25,93.28,93.57,91.55,91.56,47.4004,6398900,0,0
2013-02-26,92.03,92.59,91.16,91.6,47.4212,5150100,0,0
2013-02-27,91.36,91.82,90.73,91.43,47.3332,4801300,0,0
2013-02-28,91.68,92.25,91.38,91.75,47.4988,6038900,0,0
2013-03-01,91.69,92.67,91.14,91.44,47.3383,4554100,0,0
2013-03-04,91.48,92.57,91.47,92.36,47.8146,4116200,0,0
2013-03-05,92.5,92.92,91.92,92.28,47.7732,4552800,0,0
2013-03-06,92.34,92.63,91.41,91.6,47.4212,4083800,0,0
2013-03-07,91.4,91.96,91.4,91.81,47.5299,3178600,0,0
2013-03-08,91.87,91.92,90.91,91.11,47.1675,3946700,0,0
2013-03-11,90.9,91.55,90.82,91.21,47.2193,3249400,0,0
2013-03-12,91.38,91.42,90.3,90.89,47.0536,4420000,0,0
2013-03-13,90.84,90.9,90.04,90.55,46.8776,4122500,0,0
2013-03-14,90.93,91.6,90.83,91.31,47.271,5079000,0,0
2013-03-15,90.98,91.63,90.24,91.37,47.3021,9899400,0,0
2013-03-18,90.54,90.93,90.25,90.36,46.7792,4503000,0,0
2013-03-19,90.59,91.22,90.29,90.81,47.0122,3717900,0,0
2013-03-20,91,91.71,90.99,91.42,47.328,4184500,0,0
2013-03-21,91.12,91.54,90.88,91.05,47.1364,4008600,0,0
2013-03-22,91,91.97,90.85,91.62,47.4315,13665900,0,0
2013-03-25,91.99,92.63,91.78,91.99,47.6231,14448600,0,0
2013-03-26,91.54,91.81,90.99,91.76,47.947,4675200,0.85,0
2013-03-27,91.29,92.64,91.24,92,48.0724,4168300,0,0
2013-03-28,92.04,92.94,91.95,92.71,48.4434,4424700,0,0
2013-04-01,92.74,92.81,92.07,92.78,48.48,2946600,0,0
2013-04-02,93.05,94.45,92.9,94.41,49.3317,4619000,0,0
2013-04-03,94.58,95.32,94.07,94.36,49.3056,6293500,0,0
2013-04-04,94.74,95.26,94.35,94.53,49.3944,3820000,0,0
2013-04-05,93.79,94,92.33,92.72,48.4487,5033400,0,0
2013-04-08,92.94,94.49,92.8,94.44,49.3474,3674300,0,0
2013-04-09,94.77,95.1,94.06,94.54,49.3996,3295400,0,0
2013-04-10,94.89,95.42,94.24,95.26,49.7759,3744500,0,0
2013-04-11,95.33,96.07,95.03,95.6,49.9535,3718300,0,0
2013-04-12,95.67,96.6,95.3,96.44,50.3924,3944500,0,0
2013-04-15,95.94,96.17,94.09,94.11,49.175,5015900,0,0
2013-04-16,94.46,95.23,93.73,94.97,49.6243,5630000,0,0
2013-04-17,94.57,94.72,93.52,94.04,49.1384,4342800,0,0
2013-04-18,92,92.62,90.7,91.69,47.9105,8277400,0,0
2013-04-19,91.94,92.6,91.5,91.95,48.0463,5951000,0,0
2013-04-22,91.9,92.95,91.67,92.82,48.5009,4176900,0,0
2013-04-23,93.28,93.88,92,93.6,48.9085,4274000,0,0
2013-04-24,93.77,94.94,93.64,94.05,49.1436,5209100,0,0
2013-04-25,94.47,94.81,94.21,94.64,49.4519,3363200,0,0
2013-04-26,94.77,95.72,94.67,95.31,49.802,4369700,0,0
2013-04-29,95.31,96.12,94.96,95.96,50.1416,3802700,0,0
2013-04-30,95.83,95.9,95.06,95.59,49.9483,3716400,0,0
2013-05-01,95.32,96.73,95.22,95.67,49.9901,5123100,0,0
2013-05-02,95.88,96.04,94.54,95.01,49.6452,5691600,0,0
2013-05-03,95.46,95.6,94.05,94.26,49.2533,5661500,0,0
2013-05-06,93.78,94.08,92.85,93.11,48.6524,6189600,0,0
2013-05-07,93.12,93.89,93,93.61,48.9137,4977600,0,0
2013-05-08,93.65,94.56,93.47,94.51,49.384,4239000,0,0
2013-05-09,94.38,94.54,93.43,93.71,48.966,3770900,0,0
2013-05-10,93.95,94.1,93,93.32,48.7622,5357900,0,0
2013-05-13,93.16,94.54,93.03,94.04,49.1384,4749300,0,0
2013-05-14,93.97,95.04,93.84,94.96,49.6191,4634400,0,0
2013-05-15,95.06,96.31,94.97,96.3,50.3193,5042600,0,0
2013-05-16,95.81,96.32,95.25,95.44,49.8699,5138800,0,0
2013-05-17,95.53,96.01,94.96,95.68,49.9953,5141000,0,0
2013-05-20,95.68,95.75,94.75,95,49.64,3855300,0,0
2013-05-21,94.94,94.97,93.69,94.4,49.3265,5202400,0,0
2013-05-22,93.94,95.33,93.75,93.97,49.1018,7011900,0,0
2013-05-23,93.4,94.6,93.3,94.31,49.2795,5458000,0,0
2013-05-24,93.86,94.43,93.33,94.12,49.1802,3815700,0,0
2013-05-28,94.89,95.6,93.16,93.36,48.7831,6276300,0,0
2013-05-29,92.67,92.74,91.45,92.25,48.2031,6789000,0,0
2013-05-30,92.25,92.91,92.02,92.42,48.2919,4373900,0,0
2013-05-31,91.97,92.57,90.89,90.91,47.5029,7408600,0,0
2013-06-03,90.95,92.66,90.2,92.38,48.271,6554000,0,0
2013-06-04,92.38,92.82,91.42,91.89,48.0149,4728500,0,0
2013-06-05,91.66,91.72,90.41,90.47,47.273,4480200,0,0
2013-06-06,90.15,92,89.43,92,48.0724,9930500,0,0
2013-06-07,92.65,93.07,91.07,92.09,48.1195,5650600,0,0
2013-06-10,92.26,92.73,91.41,91.63,47.8791,3888200,0,0
2013-06-11,91.09,92.33,90.85,91.23,47.6701,3648100,0,0
2013-06-12,91.7,92.15,91.1,91.65,47.8896,4194800,0,0
2013-06-13,91.74,92.77,91.36,92.58,48.3755,3899900,0,0
2013-06-14,92.32,93.17,91.97,92.12,48.1351,3811100,0,0
2013-06-17,92.43,93,91.82,92.47,48.318,4584500,0,0
2013-06-18,92.51,92.88,91.94,92.65,48.4121,2888100,0,0
2013-06-19,92.73,93.13,90.26,90.26,47.1632,4843400,0,0
2013-06-20,89.86,89.86,86.33,86.63,45.2665,9511400,0,0
2013-06-21,87.48,88.44,86.65,87.46,45.7002,11088400,0,0
2013-06-24,86.61,88.03,86.05,86.85,45.3814,6824800,0,0
2013-06-25,86.57,86.94,86.05,86.5,45.6453,6387200,0.85,0
2013-06-26,87.12,88.41,86.94,87.54,46.194,6448100,0,0
2013-06-27,88.37,88.96,87.69,87.78,46.3207,5276500,0,0
2013-06-28,87.5,88.32,86.56,86.62,45.7086,11121000,0,0
2013-07-01,87.11,87.96,87.11,87.53,46.1888,5338100,0,0
2013-07-02,87.39,88.38,87.05,87.56,46.2046,4775900,0,0
2013-07-03,87.08,88.18,86.8,87.75,46.3049,2070400,0,0
2013-07-05,88.12,88.25,86.58,87.51,46.1782,3039500,0,0
2013-07-08,88.01,89.12,87.78,88.57,46.7376,4373500,0,0
2013-07-09,89.28,89.9,88.93,89.18,47.0595,4290500,0,0
2013-07-10,89.22,89.91,88.22,88.43,46.6637,5005700,0,0
2013-07-11,89.84,91.08,89.66,90.34,47.6716,5808600,0,0
2013-07-12,90.99,91.4,89.04,89.7,47.3339,4957000,0,0
2013-07-15,89.68,90.18,89.21,89.61,47.2864,3612400,0,0
2013-07-16,89.52,90.75,89.31,89.95,47.4658,4933700,0,0
2013-07-17,90.26,90.65,89.71,89.71,47.3392,4354200,0,0
2013-07-18,88.28,90.2,87.65,89.25,47.0964,6148200,0,0
2013-07-19,89.31,89.49,88.45,88.61,46.7587,5242400,0,0
2013-07-22,89,90.1,88.57,89.23,47.0859,4326700,0,0
2013-07-23,89.2,89.68,88.58,88.78,46.8484,4164800,0,0
2013-07-24,88.84,88.93,87.89,88.54,46.7218,5171600,0,0
2013-07-25,88.09,89.67,88.09,89.22,47.0806,3956400,0,0
2013-07-26,88.68,88.99,87.72,88.88,46.9012,3825700,0,0
2013-07-29,88.6,89.14,88.35,88.67,46.7904,3250200,0,0
2013-07-30,89.1,89.44,88.67,89.17,47.0542,3672200,0,0
2013-07-31,89.14,89.94,88.83,89.18,47.0595,5371200,0,0
2013-08-01,89.61,89.9,89.37,89.71,47.3392,5262700,0,0
2013-08-02,89.39,89.75,89.11,89.59,47.2759,3507000,0,0
2013-08-05,89.39,89.56,88.71,89.22,47.0806,2791100,0,0
2013-08-06,89.01,89.17,88.56,88.77,46.8431,4230000,0,0
2013-08-07,88.65,88.65,87.88,88.21,46.5476,4218900,0,0
2013-08-08,88.52,89.8,88.41,89.36,47.1545,4193400,0,0
2013-08-09,89.35,89.57,88.43,88.7,46.8062,3338200,0,0
2013-08-12,88.21,88.73,88,88.3,46.5951,2918500,0,0
2013-08-13,88.21,88.59,87.58,88.33,46.6109,3035900,0,0
2013-08-14,88.52,88.98,87.81,88.18,46.5318,2942200,0,0
2013-08-15,87.79,88.03,86.95,87.14,45.983,3630400,0,0
2013-08-16,86.7,87.15,85.6,85.75,45.2495,4711100,0,0
2013-08-19,85.6,85.8,85.06,85.16,44.9382,4447100,0,0
2013-08-20,85.22,85.24,84.18,84.21,44.4369,5963200,0,0
2013-08-21,84.13,84.81,83.67,83.77,44.2047,7091700,0,0
2013-08-22,83.74,84.37,83.74,84.17,44.4157,4718800,0,0
2013-08-23,84.35,85.64,84.27,85.37,45.049,4331400,0,0
2013-08-26,85.5,85.65,84.41,84.41,44.5424,3420100,0,0
2013-08-27,83.99,84.59,83.53,84.11,44.3841,5002600,0,0
2013-08-28,83.77,83.81,82.9,82.95,43.772,6096300,0,0
2013-08-29,83.03,84.42,82.86,83.88,44.2627,4510700,0,0
2013-08-30,83.67,84,83.15,83.44,44.0305,4386000,0,0
2013-09-03,83.83,84.39,83.16,83.4,44.0094,4725500,0,0
2013-09-04,83.28,84.31,83.2,83.85,44.2469,3708000,0,0
2013-09-05,83.96,84.75,83.69,84.1,44.3788,4310700,0,0
2013-09-06,84.38,84.62,83.56,84.19,44.4263,3574500,0,0
2013-09-09,84.41,84.52,83.73,84.51,44.5952,3965200,0,0
2013-09-10,84.79,84.91,84.04,84.23,44.4474,4462500,0,0
2013-09-11,84.69,86.58,84.61,86.56,45.6769,5591800,0,0
2013-09-12,86.6,86.73,85.98,86.28,45.5292,4237800,0,0
2013-09-13,86.49,87.88,86.49,87.78,46.3207,4455700,0,0
2013-09-16,88.68,89.08,87.73,87.85,46.3577,4262900,0,0
2013-09-17,87.77,88.35,87.72,88.22,46.5529,4154100,0,0
2013-09-18,88.31,90.22,87.83,89.95,47.4658,5829800,0,0
2013-09-19,90.08,91.25,89.89,90.54,47.7771,4761800,0,0
2013-09-20,90.66,90.96,90.36,90.47,47.7402,20793500,0,0
2013-09-23,90.12,90.16,89.26,89.75,47.3603,13825500,0,0
2013-09-24,88.49,88.55,87.27,87.41,46.6137,5731000,0.94,0
2013-09-25,87.4,87.6,86.56,86.91,46.347,3990000,0,0
2013-09-26,87.02,87.72,86.77,87.69,46.763,3597600,0,0
2013-09-27,87.26,87.46,86.72,87.33,46.571,3319400,0,0
2013-09-30,86.72,87.21,86.28,86.59,46.1764,4288500,0,0
2013-10-01,86.73,87.43,86.52,87.37,46.5923,3538600,0,0
2013-10-02,86.98,87.77,86.57,87.72,46.779,4335900,0,0
2013-10-03,87.54,87.95,86.8,87.49,46.6563,3987700,0,0
2013-10-04,87.44,87.69,86.74,87.04,46.4164,3600100,0,0
2013-10-07,86.63,87.26,86.47,86.58,46.1711,3728500,0,0
2013-10-08,86.42,87.03,85.9,85.94,45.8297,4643400,0,0
2013-10-09,86.08,86.42,84.16,84.16,44.8805,7307300,0,0
2013-10-10,84.8,86.2,84.8,86.16,45.9471,5831400,0,0
2013-10-11,86.29,86.71,84.71,85.03,45.3445,5988600,0,0
2013-10-14,84.69,87.05,84.66,86.69,46.2297,4534500,0,0
2013-10-15,86.56,86.56,85.4,85.5,45.5951,4978700,0,0
2013-10-16,85.95,86.25,85.4,86.09,45.9098,4808700,0,0
2013-10-17,85.83,87.5,85.79,86.89,46.3364,6286300,0,0
2013-10-18,86.85,87.24,86.11,86.93,46.3577,5654300,0,0
2013-10-21,86.64,86.97,86.38,86.85,46.315,3437900,0,0
2013-10-22,86.77,87.92,86.21,87.78,46.811,5247600,0,0
2013-10-23,87.4,88.82,87.29,88.12,46.9923,4229100,0,0
2013-10-24,88.65,89.21,88.01,88.18,47.0243,5116000,0,0
2013-10-25,87.77,88.65,87.69,88.6,47.2483,4610000,0,0
2013-10-28,88.73,90.38,88.51,89.9,47.9415,5250800,0,0
2013-10-29,90.1,90.5,89.4,90.36,48.1868,4294300,0,0
2013-10-30,90.59,90.66,89.31,89.34,47.6429,3723500,0,0
2013-10-31,89.23,90.1,88.8,89.12,47.5256,5339800,0,0
2013-11-01,89.36,90.15,89.2,89.76,47.8669,4094500,0,0
2013-11-04,90.15,90.35,89.59,90.25,48.1282,3589200,0,0
2013-11-05,90.07,90.49,89.83,90.13,48.0642,3085100,0,0
2013-11-06,90.44,91.24,90.28,91.01,48.5335,3902600,0,0
2013-11-07,91.04,91.25,89.59,89.97,47.9789,5184400,0,0
2013-11-08,89.74,89.79,88.71,89.41,47.6802,4972600,0,0
2013-11-11,89.36,90.97,89.25,89.73,47.8509,3417700,0,0
2013-11-12,89.61,89.76,88.83,89.75,47.8615,3910100,0,0
2013-11-13,89.4,90.72,89.36,90.62,48.3255,3723300,0,0
2013-11-14,90.67,91.24,90.59,90.7,48.3682,3765700,0,0
2013-11-15,90.55,91.4,90.48,91.36,48.7201,4089300,0,0
2013-11-18,91.32,91.81,91.32,91.64,48.8694,3463800,0,0
2013-11-19,91.45,91.68,91.04,91.47,48.7788,3162500,0,0
2013-11-20,91.53,91.81,88.6,89.3,47.6216,10067500,0,0
2013-11-21,87.34,87.96,84.9,86.6,46.1817,15638000,0,0
2013-11-22,86.78,87.29,86.28,86.95,46.3684,7114700,0,0
2013-11-25,87.14,87.18,86.21,86.29,46.0164,4688400,0,0
2013-11-26,86.12,86.37,84.86,85.48,45.5844,8403300,0,0
2013-11-27,85.44,85.77,85.25,85.5,45.5951,3626400,0,0
2013-11-29,85.75,86.01,85.3,85.54,45.6165,2990400,0,0
2013-12-02,85.33,85.7,85,85.07,45.3658,3904000,0,0
2013-12-03,84.85,85.76,84.85,85.76,45.7338,5200800,0,0
2013-12-04,85.32,86.04,85.01,85.91,45.8138,4495400,0,0
2013-12-05,85.69,86.09,85.11,85.51,45.6005,5591800,0,0
2013-12-06,86.31,86.55,85.6,85.83,45.7711,4844800,0,0
2013-12-09,86.04,86.44,85.59,86.35,46.0484,4597600,0,0
2013-12-10,86.25,86.49,85.38,85.79,45.7498,4756300,0,0
2013-12-11,86.01,86.29,85.51,85.92,45.8191,5352100,0,0
2013-12-12,85.73,85.85,85.21,85.32,45.4991,4616800,0,0
2013-12-13,85.45,85.58,84.9,85.24,45.4565,3650000,0,0
2013-12-16,85.27,85.27,84.62,84.75,45.1952,5500600,0,0
2013-12-17,84.71,84.86,84.32,84.65,45.1418,5663200,0,0
2013-12-18,84.99,85.56,83.81,85.48,45.5844,6874300,0,0
2013-12-19,85.33,85.68,84.82,85.48,45.5844,5667300,0,0
2013-12-20,85.55,85.86,85.31,85.52,45.6058,9643600,0,0
2013-12-23,84.84,85.39,84.33,85.25,45.967,4166600,0.94,0
2013-12-24,85.09,85.99,85.01,85.43,46.0641,1909600,0,0
2013-12-26,85.48,86.14,85.43,86.01,46.3769,2624000,0,0
2013-12-27,86.2,86.93,86.09,86.74,46.7705,3046000,0,0
2013-12-30,86.57,86.89,85.84,86.6,46.695,3908300,0,0
2013-12-31,86.63,87.34,86.42,87.13,46.9807,3799000,0,0
2014-01-02,87,87.2,85.75,86.02,46.3822,3748000,0,0
2014-01-03,86.25,86.5,85.51,85.53,46.118,3847000,0,0
2014-01-06,85.55,85.57,84.55,84.93,45.7945,5323900,0,0
2014-01-07,85.12,85.67,84.53,84.68,45.6597,7502500,0,0
2014-01-08,84.5,84.61,82.93,83.27,44.8994,10906300,0,0
2014-01-09,83.25,83.63,82.61,83.31,44.921,6690100,0,0
2014-01-10,83.96,84.05,82.41,82.57,44.522,9047600,0,0
2014-01-13,82.44,82.96,82.27,82.45,44.4573,6999000,0,0
2014-01-14,82.74,83,82.31,82.45,44.4573,6103200,0,0
2014-01-15,82.45,83.3,82.35,83.08,44.797,5525800,0,0
2014-01-16,82.96,84.55,82.62,84.52,45.5734,6866200,0,0
2014-01-17,84.13,84.26,83.2,83.33,44.9318,6171600,0,0
2014-01-21,84.32,84.54,83.41,83.99,45.2877,4528100,0,0
2014-01-22,83.92,84.41,83.45,84.19,45.3955,3401900,0,0
2014-01-23,83.61,84.41,83,83.54,45.045,4534300,0,0
2014-01-24,82.96,83.18,81.5,81.5,43.945,8040200,0,0
2014-01-27,81.63,81.86,80.77,80.78,43.5568,5444200,0,0
2014-01-28,80.89,81.01,80.51,80.81,43.573,5951100,0,0
2014-01-29,80.47,80.47,78.33,79.44,42.8343,10371500,0,0
2014-01-30,79.61,79.8,78.93,79.09,42.6456,7011600,0,0
2014-01-31,78.31,78.95,77.19,78.14,42.1333,8001800,0,0
2014-02-03,78.09,78.19,75.28,75.39,40.6505,9837000,0,0
2014-02-04,75.85,77.23,75.57,76.88,41.4539,7917900,0,0
2014-02-05,76.56,77.08,76.06,76.9,41.4647,7038800,0,0
2014-02-06,76.88,78.79,76.66,78.11,42.1172,8400900,0,0
2014-02-07,78.33,80.29,78.17,80.25,43.271,8628100,0,0
2014-02-10,79.95,80.1,78.44,78.81,42.4946,6526000,0,0
2014-02-11,78.61,79.5,78.01,79.46,42.8451,6011300,0,0
2014-02-12,79.64,79.66,78.31,78.44,42.2951,5160000,0,0
2014-02-13,78.25,79.32,77.55,79.24,42.7264,4595200,0,0
2014-02-14,79.31,80.55,78.88,80.39,43.3465,6641400,0,0
2014-02-18,80.21,80.94,80,80.01,43.1416,5987900,0,0
2014-02-19,79.77,80.19,79.5,79.6,42.9206,4469700,0,0
2014-02-20,79.63,80.15,79.25,79.71,42.9799,4545900,0,0
2014-02-21,79.64,79.94,78.9,78.97,42.5809,5425100,0,0
2014-02-24,78.79,79.64,78.52,79.17,42.6887,5043600,0,0
2014-02-25,79.4,80.09,79.33,79.93,43.0985,5361500,0,0
2014-02-26,80.05,80.08,78.92,79.5,42.8666,5278200,0,0
2014-02-27,79.5,81.14,79.35,80.78,43.5568,5974200,0,0
2014-02-28,81.16,81.6,80.51,80.91,43.6269,4569000,0,0
2014-03-03,80.25,80.97,79.77,80.45,43.3789,5289900,0,0
2014-03-04,81,81.86,80.99,81.58,43.9882,5595700,0,0
2014-03-05,81.87,81.88,80.77,81.07,43.7132,3844300,0,0
2014-03-06,81.2,81.5,80.79,80.91,43.6269,5150000,0,0
2014-03-07,81.02,81.04,79.22,80.34,43.3196,5384600,0,0
2014-03-10,80.32,80.57,80.04,80.43,43.3681,4571400,0,0
2014-03-11,80.62,80.85,79.15,79.52,42.8774,5318200,0,0
2014-03-12,79.15,79.45,78.79,79.17,42.6887,4363900,0,0
2014-03-13,79.41,79.89,79.06,79.23,42.721,4285700,0,0
2014-03-14,79.25,80.48,79.18,79.89,43.0769,4814700,0,0
2014-03-17,80.01,80.68,80,80.28,43.2872,4453800,0,0
2014-03-18,80.28,80.91,80.14,80.47,43.3897,3698700,0,0
2014-03-19,80.47,81.2,79.41,79.66,42.9529,4961100,0,0
2014-03-20,79.63,80.46,79.45,80.43,43.3681,4402700,0,0
2014-03-21,81.09,81.45,80.54,81,43.6754,10868500,0,0
2014-03-24,81.12,81.19,80.31,80.42,43.3627,5277300,0,0
2014-03-25,79.68,80.36,79.67,80.2,43.7555,4736800,0.94,0
2014-03-26,80.18,81.04,80.18,80.42,43.8755,4872200,0,0
2014-03-27,80.25,80.43,79.93,80.07,43.6846,4652800,0,0
2014-03-28,80.21,81.02,80.15,81.02,44.2029,4106000,0,0
2014-03-31,81.23,81.95,81.03,81.87,44.6666,6300400,0,0
2014-04-01,81.74,82.33,81.7,82.21,44.8521,5297200,0,0
2014-04-02,82.32,82.5,82.16,82.46,44.9885,4265000,0,0
2014-04-03,82.53,82.68,82,82.28,44.8903,3642600,0,0
2014-04-04,82.93,83.15,82.52,82.81,45.1795,5710300,0,0
2014-04-07,82.76,83.32,82.73,82.89,45.2231,5229900,0,0
2014-04-08,82.97,84.24,82.97,83.82,45.7305,5546700,0,0
2014-04-09,83.96,84.02,83.27,83.88,45.7633,3845000,0,0
2014-04-10,84.08,84.97,83.36,83.52,45.5668,6411300,0,0
2014-04-11,83.36,83.99,82.71,83.14,45.3595,5563000,0,0
2014-04-14,83.65,84.47,83.36,84.17,45.9215,4928000,0,0
2014-04-15,84.09,84.48,83.55,84.38,46.036,4872600,0,0
2014-04-16,84.75,84.82,84.1,84.79,46.2597,5248400,0,0
2014-04-17,83.62,84.05,82.12,83.15,45.365,7858500,0,0
2014-04-21,82.98,83.61,82.5,83.5,45.5559,3709400,0,0
2014-04-22,83.35,83.89,82.96,83.54,45.5778,3728000,0,0
2014-04-23,83.49,83.94,83.25,83.35,45.4741,3745500,0,0
2014-04-24,83.2,84.01,83.01,83.49,45.5505,3697000,0,0
2014-04-25,83.4,84.2,83.4,84.11,45.8887,4375200,0,0
2014-04-28,84.58,85.62,84.47,84.98,46.3634,7172000,0,0
2014-04-29,84.98,85.83,84.87,85.19,46.478,4488500,0,0
2014-04-30,85.01,85.59,84.79,85.43,46.6089,4974100,0,0
2014-05-01,85.49,85.96,85.21,85.72,46.7671,3504500,0,0
2014-05-02,85.77,85.77,85.15,85.38,46.5816,3596100,0,0
2014-05-05,85.02,85.51,84.82,85.34,46.5598,2328300,0,0
2014-05-06,85.18,85.55,85,85.28,46.5271,3258100,0,0
2014-05-07,85.29,85.93,85.11,85.8,46.8108,3605000,0,0
2014-05-08,85.71,86.38,85.2,86.21,47.0345,3510800,0,0
2014-05-09,86.03,86.52,85.94,86.4,47.1381,2863700,0,0
2014-05-12,86.82,86.9,85.89,86.13,46.9908,3232800,0,0
2014-05-13,86.28,86.32,85.63,85.93,46.8817,3710200,0,0
2014-05-14,85.91,86.27,85.59,85.75,46.7835,3195000,0,0
2014-05-15,85.8,86.19,85.15,85.33,46.5544,4108200,0,0
2014-05-16,85.23,85.98,85.2,85.77,46.7944,6359700,0,0
2014-05-19,85.72,85.8,85.34,85.74,46.778,2706100,0,0
2014-05-20,85.48,85.5,85.02,85.22,46.4943,3396700,0,0
2014-05-21,85.21,86.5,84.93,86.15,47.0017,4995100,0,0
2014-05-22,86.18,86.73,85.87,86.29,47.0781,4631100,0,0
2014-05-23,86.14,86.9,86.12,86.57,47.2309,3790800,0,0
2014-05-27,86.53,87.16,86.22,86.91,47.4164,4153800,0,0
2014-05-28,86.88,87.5,86.48,87.35,47.6564,4278900,0,0
2014-05-29,87.62,88.7,87.38,88.37,48.2129,4782200,0,0
2014-05-30,88.25,88.8,88.05,88.54,48.3057,4173100,0,0
2014-06-02,88.33,88.74,88.05,88.32,48.1856,3233900,0,0
2014-06-03,88.25,88.49,87.62,87.89,47.951,3073000,0,0
2014-06-04,87.77,88.21,87.57,87.97,47.9947,2517400,0,0
2014-06-05,88,88.16,87.67,87.9,47.9565,3347300,0,0
2014-06-06,88,88.56,87.9,88.33,48.1911,2543600,0,0
2014-06-09,88.01,88.47,87.81,88.33,48.1911,2864400,0,0
2014-06-10,87.89,88.57,87.81,88.39,48.2238,3476500,0,0
2014-06-11,88.16,88.74,88.16,88.44,48.2511,3261400,0,0
2014-06-12,88.21,88.71,88.07,88.24,48.142,3950000,0,0
2014-06-13,88.17,88.63,87.88,88.45,48.2565,3162800,0,0
2014-06-16,88.37,89.36,88.07,89.03,48.573,4550100,0,0
2014-06-17,88.78,89,88.41,88.74,48.4148,4217400,0,0
2014-06-18,88.82,89.97,88.44,89.88,49.0367,4837600,0,0
2014-06-19,89.97,91.47,89.91,91.34,49.8333,7145000,0,0
2014-06-20,91.39,91.63,90.78,91.14,49.7242,9003100,0,0
2014-06-23,91.15,91.24,90.27,90.43,49.3368,5492400,0,0
2014-06-24,89.12,89.94,88.73,89.37,49.2706,5337600,0.94,0
2014-06-25,89.3,89.3,88.28,88.89,49.006,4663400,0,0
2014-06-26,86.8,86.91,85.98,86.49,47.6829,10749000,0,0
2014-06-27,86.17,86.17,84.05,84.85,46.7787,16140800,0,0
2014-06-30,84.63,84.9,84.16,84.31,46.481,8020400,0,0
2014-07-01,84.35,84.54,83.87,84.21,46.4259,6615400,0,0
2014-07-02,84.21,85.1,83.83,84.86,46.7842,4335400,0,0
2014-07-03,84.76,86.09,84.73,85.69,47.2418,3562500,0,0
2014-07-07,85.58,86.45,85.46,86.08,47.4568,4229900,0,0
2014-07-08,86.13,86.66,85.94,86.29,47.5726,3726100,0,0
2014-07-09,86.51,86.85,85.82,86.03,47.4293,3188000,0,0
2014-07-10,85.61,86.04,84.88,84.9,46.8063,5465500,0,0
2014-07-11,85.6,86.08,84.84,85.41,47.0875,4861300,0,0
2014-07-14,85.92,86.26,85.75,85.95,47.3852,3470200,0,0
2014-07-15,85.57,85.61,84.48,84.59,46.6354,5770400,0,0
2014-07-16,84.99,85.55,84.49,84.7,46.696,6244300,0,0
2014-07-17,84.58,86.65,84.52,84.55,46.6133,5932700,0,0
2014-07-18,85.01,86.15,84.9,86.02,47.4238,4563900,0,0
2014-07-21,85.29,85.78,85.2,85.57,47.1757,3273300,0,0
2014-07-22,85.66,85.89,85.26,85.38,47.0709,2741900,0,0
2014-07-23,85.53,85.73,84.97,85.08,46.9055,2750300,0,0
2014-07-24,85.29,85.78,85.25,85.54,47.1591,3703000,0,0
2014-07-25,85.32,85.53,84.57,84.85,46.7787,2715100,0,0
2014-07-28,84.98,84.98,84.1,84.48,46.5747,3053900,0,0
2014-07-29,84.5,85.38,84.5,84.65,46.6684,2677200,0,0
2014-07-30,84.72,85.07,83.14,83.19,45.8635,4670900,0,0
2014-07-31,82.96,82.99,82,82.01,45.213,4633400,0,0
2014-08-01,82,82.59,81.72,81.9,45.1524,3956500,0,0
2014-08-04,81.8,82.33,81.5,82.13,45.2791,3293400,0,0
2014-08-05,81.85,82.26,81.19,81.58,44.9759,3710200,0,0
2014-08-06,81.59,83.95,81.59,83.48,46.0234,5053700,0,0
2014-08-07,83.55,83.9,82.38,82.71,45.5989,4445100,0,0
2014-08-08,82.8,83.95,82.6,83.84,46.2219,3809400,0,0
2014-08-11,83.97,84.96,83.75,84.35,46.5031,3414500,0,0
2014-08-12,84.12,84.26,83.74,84.18,46.4093,2196300,0,0
2014-08-13,84.44,84.82,84.23,84.47,46.5692,2355600,0,0
2014-08-14,84.49,84.99,84.47,84.93,46.8228,1795900,0,0
2014-08-15,85.1,85.17,83.82,84.5,46.5858,4226900,0,0
2014-08-18,84.71,85.1,84.63,84.99,46.8559,3080800,0,0
2014-08-19,85.1,85.47,84.63,85.38,47.0709,2272800,0,0
2014-08-20,85.21,85.37,84.6,85.09,46.911,2441400,0,0
2014-08-21,85.23,85.69,85.12,85.15,46.9441,2183800,0,0
2014-08-22,84.82,85.23,84.2,84.34,46.4975,3774400,0,0
2014-08-25,84.93,85.54,84.93,85.19,46.9662,2858700,0,0
2014-08-26,85.24,85.46,84.83,85.26,47.0048,2466200,0,0
2014-08-27,85.13,85.29,84.83,85.25,46.9992,2094300,0,0
2014-08-28,84.92,85.38,84.84,85.26,47.0048,1797300,0,0
2014-08-29,85.28,85.69,85.04,85.58,47.1812,2570600,0,0
2014-09-02,85.3,85.9,85.06,85.49,47.1316,3344100,0,0
2014-09-03,85.85,85.88,85.2,85.4,47.0819,2448900,0,0
2014-09-04,85.77,85.79,84.79,84.99,46.8559,3143300,0,0
2014-09-05,85.06,85.5,84.81,85.45,47.1095,2782300,0,0
2014-09-08,85.29,85.36,83.92,84,46.3101,4851400,0,0
2014-09-09,84.1,84.31,83.63,83.83,46.2164,3892300,0,0
2014-09-10,84.12,84.41,83.81,84.19,46.4149,3433300,0,0
2014-09-11,84.15,84.56,83.95,84.5,46.5858,4369800,0,0
2014-09-12,84.71,84.75,83.72,84.02,46.3211,3585700,0,0
2014-09-15,84.29,84.3,83.88,84.2,46.4204,3947100,0,0
2014-09-16,84.16,85.04,84.06,84.82,46.7622,3269800,0,0
2014-09-17,84.91,85.34,84.54,84.9,46.8063,3626800,0,0
2014-09-18,85.05,85.27,84.14,84.72,46.707,4322400,0,0
2014-09-19,85.15,85.68,84.7,85.55,47.1646,7856500,0,0
2014-09-22,85.09,86.07,85.06,86.05,47.4403,7002600,0,0
2014-09-23,84.75,85.17,83.63,83.66,46.665,5654000,1,0
2014-09-24,83.6,84.73,83.56,84.45,47.1056,5567300,0,0
2014-09-25,84,84.2,83.55,83.7,46.6873,5222500,0,0
2014-09-26,82.84,83.34,82.58,83.23,46.4251,5491300,0,0
2014-09-29,82.61,82.95,82.55,82.66,46.1072,4656000,0,0
2014-09-30,82.89,83.52,82.28,83.4,46.5199,9732000,0,0
2014-10-01,83.25,83.88,83.21,83.47,46.559,5786400,0,0
2014-10-02,83.6,84.26,83.18,84.21,46.9718,5509800,0,0
2014-10-03,84.35,84.85,84.24,84.51,47.1391,4301800,0,0
2014-10-06,84.84,84.85,84.07,84.57,47.1726,2674400,0,0
2014-10-07,84.42,84.79,83.94,83.98,46.8435,4504400,0,0
2014-10-08,83.94,85.13,83.68,85.06,47.4459,5334600,0,0
2014-10-09,85.18,85.99,83.86,83.92,46.81,6376400,0,0
2014-10-10,84.38,85.25,84.28,84.28,47.0108,5282100,0,0
2014-10-13,84.6,85.29,83.97,84.07,46.8937,4399800,0,0
2014-10-14,84.19,84.63,83.62,83.69,46.6817,4784100,0,0
2014-10-15,83.11,83.85,81.9,83.58,46.6203,8409400,0,0
2014-10-16,83.19,85.32,83,85.26,47.5574,7058500,0,0
2014-10-17,84.97,86.01,84.44,86,47.9702,7621700,0,0
2014-10-20,85.76,87.21,85.71,86.93,48.4889,5537900,0,0
2014-10-21,87.32,87.47,86.62,87.45,48.779,4614100,0,0
2014-10-22,87.22,87.67,87.12,87.6,48.8627,5339700,0,0
2014-10-23,87.95,88.21,87.51,87.62,48.8738,4936500,0,0
2014-10-24,87.86,88.18,87.4,88.06,49.1192,3255300,0,0
2014-10-27,87.92,88.67,87.8,88.04,49.1081,2847200,0,0
2014-10-28,88.49,88.49,87.78,88.27,49.2364,3631300,0,0
2014-10-29,88.19,88.83,87.34,87.91,49.0356,3448000,0,0
2014-10-30,87.45,88.68,86.91,88.35,49.281,2706400,0,0
2014-10-31,88.79,89.24,88.47,89.01,49.6492,4876200,0,0
2014-11-03,88.85,89.5,88.6,89.19,49.7495,3361600,0,0
2014-11-04,89.39,89.91,89.19,89.45,49.8946,2752500,0,0
2014-11-05,89.83,90.25,89.09,89.9,50.1456,4061000,0,0
2014-11-06,89.68,89.83,87.18,87.5,48.8069,6109300,0,0
2014-11-07,87.5,88.2,87.26,88.12,49.1527,3219400,0,0
2014-11-10,87.83,88.5,87.52,88.42,49.3201,3191800,0,0
2014-11-11,88.44,88.48,87.84,88.09,49.136,2412800,0,0
2014-11-12,88.04,88.13,87.57,87.9,49.03,2839500,0,0
2014-11-13,88.04,88.7,87.53,87.86,49.0077,3163900,0,0
2014-11-14,87.35,87.4,85.49,86.28,48.1264,6011500,0,0
2014-11-17,86.33,87.5,86.17,87.3,48.6953,3644600,0,0
2014-11-18,87.47,87.6,87.09,87.13,48.6005,3653700,0,0
2014-11-19,86.95,87.2,86.47,86.83,48.4332,4529900,0,0
2014-11-20,86.5,86.5,85.57,85.81,47.8642,6330700,0,0
2014-11-21,86.15,87.04,86.11,87,48.528,6851900,0,0
2014-11-24,87.3,87.61,86.47,86.5,48.2491,3888600,0,0
2014-11-25,86.49,86.73,86.16,86.3,48.1375,5054400,0,0
2014-11-26,86.66,86.91,86.42,86.6,48.3049,2665700,0,0
2014-11-28,87.2,87.57,86.77,86.93,48.4889,3230900,0,0
2014-12-01,86.37,87.03,85.7,86.5,48.2491,3554100,0,0
2014-12-02,86.58,87.43,86.52,87.39,48.7455,4089900,0,0
2014-12-03,87.15,87.68,86.77,87.65,48.8906,3862000,0,0
2014-12-04,87.27,87.48,86.37,87.15,48.6117,4111000,0,0
2014-12-05,87.28,87.33,86.71,87.14,48.6061,4236600,0,0
2014-12-08,86.42,87.16,86.33,86.79,48.4109,3270600,0,0
2014-12-09,86.05,86.58,85.25,86.56,48.2826,3467800,0,0
2014-12-10,86.49,86.59,85.27,85.6,47.7471,4625600,0,0
2014-12-11,85.63,86.81,85.6,85.97,47.9535,4182700,0,0
2014-12-12,85.59,86.37,84.39,84.42,47.0889,4922800,0,0
2014-12-15,84.53,84.88,82.38,82.45,45.99,7286900,0,0
2014-12-16,82.2,82.96,81.35,81.39,45.3988,8405200,0,0
2014-12-17,81.81,82.26,81.16,81.85,45.6553,6673400,0,0
2014-12-18,82.7,84.05,82.39,84.02,46.8658,6701800,0,0
2014-12-19,84.17,84.39,82.63,83.05,46.3247,9128000,0,0
2014-12-22,82.48,83.16,82.16,82.97,46.8441,5951700,1,0
2014-12-23,83.22,83.58,83.01,83.3,47.0304,4433700,0,0
2014-12-24,83.4,83.57,83.06,83.15,46.9458,1748300,0,0
2014-12-26,83.1,83.69,83.03,83.34,47.053,1709100,0,0
2014-12-29,83.03,83.53,82.74,83.2,46.974,2629000,0,0
2014-12-30,83.15,83.48,82.39,82.5,46.5788,2708100,0,0
2014-12-31,82.73,82.82,81.36,81.45,45.9859,3661300,0,0
2015-01-02,81.6,81.79,80.63,81.02,45.7432,3787700,0,0
2015-01-05,80.99,81.09,79.86,80.41,45.3988,6213400,0,0
2015-01-06,80.96,82.05,80.6,81.1,45.7883,10001900,0,0
2015-01-07,81.8,82.05,81.02,81.71,46.1327,7525100,0,0
2015-01-08,82.32,83.58,82.31,82.94,46.8272,6594500,0,0
2015-01-09,83.54,83.65,82.47,82.72,46.703,4301300,0,0
2015-01-12,83.11,83.67,82.64,83.05,46.8893,3997200,0,0
2015-01-13,83.32,83.98,82.67,83.1,46.9175,5810200,0,0
2015-01-14,82.26,83.46,82.25,83.42,47.0982,4629200,0,0
2015-01-15,82.71,83.42,82.57,82.82,46.7594,5088100,0,0
2015-01-16,82.85,83.2,82.19,82.7,46.6917,7302300,0,0
2015-01-20,83.21,83.99,82.89,83.58,47.1885,6172300,0,0
2015-01-21,83.08,84.61,82.72,84.55,47.7362,4518500,0,0
2015-01-22,85.04,85.29,84.43,85.16,48.0806,6069700,0,0
2015-01-23,84.61,84.75,82.7,82.82,46.7594,6649300,0,0
2015-01-26,82.95,83.41,82.5,83.05,46.8893,4658500,0,0
2015-01-27,82.53,82.72,81.38,81.6,46.0706,8541900,0,0
2015-01-28,82.03,82.3,80.39,80.58,45.4948,5878700,0,0
2015-01-29,80.51,81.5,80.32,81.22,45.8561,4108200,0,0
2015-01-30,80.53,81.19,80.1,80.24,45.3028,6692900,0,0
2015-02-02,80.24,81.7,80.06,81.63,46.0876,4129600,0,0
2015-02-03,82,82.44,81.81,82.24,46.432,4103200,0,0
2015-02-04,82.04,82.6,81.85,82.08,46.3416,5151100,0,0
2015-02-05,82.42,83.24,81.31,82.57,46.6183,6317100,0,0
2015-02-06,82.32,82.32,80.94,81.27,45.8843,5942900,0,0
2015-02-09,80.81,81.48,80.56,80.83,45.6359,4357200,0,0
2015-02-10,80.92,81.21,80.53,81.08,45.7771,6732200,0,0
2015-02-11,81.36,82.73,81.16,82.48,46.5675,5670500,0,0
2015-02-12,82.71,83.72,82.58,83.69,47.2506,5324600,0,0
2015-02-13,83.81,83.86,82.66,82.87,46.7877,4924700,0,0
2015-02-17,82.8,82.85,82.3,82.71,46.6973,4391000,0,0
2015-02-18,82.34,83.01,82.24,83,46.8611,2487300,0,0
2015-02-19,82.96,83.05,82.41,82.62,46.6465,3774300,0,0
2015-02-20,82.47,83.13,82.25,83.04,46.8836,3572000,0,0
2015-02-23,82.8,82.95,82.28,82.89,46.799,3362400,0,0
2015-02-24,82.71,83.62,82.64,83.51,47.149,3313300,0,0
2015-02-25,83.51,83.72,83.2,83.47,47.1264,2850200,0,0
2015-02-26,83.24,83.4,82.57,82.8,46.7481,2973200,0,0
2015-02-27,82.73,83.1,82.14,82.96,46.8385,5971700,0,0
2015-03-02,82.96,83.22,82.64,82.95,46.8328,3188900,0,0
2015-03-03,82.67,82.99,82.46,82.7,46.6917,3597500,0,0
2015-03-04,82.69,82.7,81.69,82.17,46.3925,3582500,0,0
2015-03-05,82.2,82.37,81.54,81.71,46.1327,3418800,0,0
2015-03-06,81.28,81.35,79.79,80.05,45.1955,7757400,0,0
2015-03-09,80.18,80.6,80.07,80.45,45.4214,4574300,0,0
2015-03-10,80,80,79.06,79.25,44.7439,7066900,0,0
2015-03-11,79.33,79.44,77.38,77.82,43.9365,7285400,0,0
2015-03-12,78.26,78.78,77.96,78.73,44.4503,4806600,0,0
2015-03-13,78.73,78.73,76.85,77.65,43.8405,5337600,0,0
2015-03-16,78.07,78.38,77.46,77.89,43.976,5361800,0,0
2015-03-17,77.77,78.25,77.63,77.89,43.976,4141000,0,0
2015-03-18,77.6,79.28,76.59,78.56,44.3543,9179200,0,0
2015-03-19,78.64,79.32,78.56,78.86,44.5237,9453800,0,0
2015-03-20,78.83,79.48,78.79,79.45,44.8568,10919200,0,0
2015-03-23,79.45,80.15,79.45,79.86,45.0882,4841100,0,0
2015-03-24,78.87,79.2,77.5,77.53,44.3278,6021500,1,0
2015-03-25,77.81,77.97,76.54,76.7,43.8533,7923800,0,0
2015-03-26,76.56,76.96,76.27,76.34,43.6474,7069200,0,0
2015-03-27,76.27,76.87,76.16,76.79,43.9047,5158800,0,0
2015-03-30,77.25,77.25,76.26,76.86,43.9447,4390600,0,0
2015-03-31,76.54,76.55,75.3,75.33,43.07,7498300,0,0
2015-04-01,75.27,76.09,75.27,76.07,43.4931,6915100,0,0
2015-04-02,76.44,77.42,75.95,77.26,44.1734,4745400,0,0
2015-04-06,77.29,78.66,77.24,78.2,44.7109,5553100,0,0
2015-04-07,78.19,78.57,77.74,77.74,44.4479,4790500,0,0
2015-04-08,77.73,78,76.93,77.24,44.162,4556200,0,0
2015-04-09,77.02,77.99,77,77.86,44.5165,3371800,0,0
2015-04-10,78.11,78.57,77.87,77.9,44.5394,3860100,0,0
2015-04-13,77.5,77.89,77.25,77.39,44.2478,3585400,0,0
2015-04-14,77.14,78.28,77.12,78.11,44.6595,4890200,0,0
2015-04-15,78.44,78.91,77.87,78.13,44.6709,7231400,0,0
2015-04-16,82.42,85.26,82.21,84.96,48.5759,23609500,0,0
2015-04-17,84.57,85.49,84.32,85.26,48.7474,8306700,0,0
2015-04-20,85.4,85.75,84.47,84.98,48.5874,6388200,0,0
2015-04-21,84.99,85.3,83.86,84.05,48.0556,4399300,0,0
2015-04-22,84.06,84.06,82.92,83.69,47.8498,5951900,0,0
2015-04-23,83.17,84.38,82.88,83.55,47.7698,4347100,0,0
2015-04-24,83.54,83.87,82.67,82.75,47.3124,4498500,0,0
2015-04-27,82.78,82.9,82.05,82.09,46.935,4865200,0,0
2015-04-28,82.02,83.1,82.02,82.88,47.3867,5079800,0,0
2015-04-29,82.46,82.88,81.95,82.73,47.3009,5879500,0,0
2015-04-30,82.86,83.51,82.48,83.47,47.724,6162100,0,0
2015-05-01,83.47,83.73,82.91,83.39,47.6783,3269200,0,0
2015-05-04,83.66,83.7,83,83.21,47.5754,2482400,0,0
2015-05-05,83.19,83.44,82.56,82.81,47.3467,2903600,0,0
2015-05-06,83.61,83.88,82.99,83.87,47.9527,5323900,0,0
2015-05-07,83.76,84.26,83.25,84.01,48.0327,3250500,0,0
2015-05-08,84.84,85.74,84.7,85.19,48.7074,4380600,0,0
2015-05-11,85.02,85.37,84.01,84.13,48.1014,3155100,0,0
2015-05-12,83.51,84.75,83.32,84.13,48.1014,3027100,0,0
2015-05-13,84.33,84.89,83.87,84.53,48.3301,4317500,0,0
2015-05-14,85,86.91,84.91,86.79,49.6222,6186300,0,0
2015-05-15,86.68,86.77,85.99,86.57,49.4965,3702900,0,0
2015-05-18,86.65,86.71,85.6,86.03,49.1877,3173300,0,0
2015-05-19,85.59,85.92,85.02,85.66,48.9762,2952500,0,0
2015-05-20,85.55,86.08,85.31,85.41,48.8332,2411300,0,0
2015-05-21,85.41,85.41,84.6,85.14,48.6789,3041900,0,0
2015-05-22,84.75,84.86,84.1,84.15,48.1128,2733800,0,0
2015-05-26,83.97,84.02,83.18,83.72,47.867,2961100,0,0
2015-05-27,84,84.37,83.62,84.22,48.1528,3436200,0,0
2015-05-28,84.35,84.76,83.66,84.26,48.1757,2849000,0,0
2015-05-29,84.04,84.04,82.97,83.07,47.4953,4481000,0,0
2015-06-01,82.9,83.43,82.5,83.19,47.5639,3378800,0,0
2015-06-02,82.8,83.52,82.32,82.95,47.4267,3741000,0,0
2015-06-03,83.4,83.43,82.39,82.42,47.1237,2936900,0,0
2015-06-04,82.41,82.84,81.66,81.83,46.7863,3281600,0,0
2015-06-05,81.5,81.67,79.5,79.7,45.5685,6152000,0,0
2015-06-08,79.7,80.64,79.38,80.15,45.8258,4313300,0,0
2015-06-09,80.04,81.21,80.04,80.75,46.1689,3823000,0,0
2015-06-10,80.76,82.71,80.76,82.29,47.0494,6310700,0,0
2015-06-11,82.47,82.75,81.97,82.25,47.0265,3681800,0,0
2015-06-12,81.5,81.91,80.75,81.86,46.8035,6123000,0,0
2015-06-15,81.23,81.75,81.04,81.27,46.4662,3919400,0,0
2015-06-16,81.47,81.84,81,81.82,46.7806,3892800,0,0
2015-06-17,81.83,82.19,81.13,81.83,46.7863,4143600,0,0
2015-06-18,82.25,83.58,82.1,83.11,47.5182,3875600,0,0
2015-06-19,82.87,83.18,82.49,82.66,47.2609,7474700,0,0
2015-06-22,82.92,83.66,82.82,83.13,47.5296,4052300,0,0
2015-06-23,82.23,82.3,81.01,81.36,47.084,2999500,1,0
2015-06-24,81.23,81.76,80.81,80.81,46.7657,5134900,0,0
2015-06-25,81.14,81.71,80.89,81.3,47.0493,4148200,0,0
2015-06-26,81.32,81.68,81.08,81.35,47.0782,4584600,0,0
2015-06-29,80.94,81.33,80.09,80.12,46.3664,3374600,0,0
2015-06-30,80.72,80.94,80,80.17,46.3954,4311100,0,0
2015-07-01,80.36,81.34,80.1,81.3,47.0493,4034100,0,0
2015-07-02,81.37,81.74,80.95,81.17,46.9741,2977600,0,0
2015-07-06,80.86,81.46,80.72,81.2,46.9914,2534500,0,0
2015-07-07,81.33,82.54,80.98,82.44,47.709,5409400,0,0
2015-07-08,82.01,82.45,81.5,81.57,47.2055,3101400,0,0
2015-07-09,82.42,82.65,81.21,81.24,47.0146,3129300,0,0
2015-07-10,82.01,82.82,81.98,82.16,47.547,3548200,0,0
2015-07-13,82.42,82.67,82.02,82.38,47.6743,3238900,0,0
2015-07-14,82.4,82.77,82.26,82.68,47.8479,2326300,0,0
2015-07-15,82.44,82.89,82.01,82.67,47.8421,3491200,0,0
2015-07-16,83.38,86.3,83.36,85.29,49.3584,7844200,0,0
2015-07-17,85.02,86,84.83,85.83,49.6709,5817200,0,0
2015-07-20,85.95,86.03,85.47,85.61,49.5435,3265500,0,0
2015-07-21,85.48,85.8,85.28,85.54,49.503,3085900,0,0
2015-07-22,85.63,85.92,85.06,85.52,49.4915,3225200,0,0
2015-07-23,85.44,85.58,85.01,85.43,49.4394,2242700,0,0
2015-07-24,85.2,85.22,84.27,84.65,48.988,3033400,0,0
2015-07-27,84.44,85.9,84.44,85.53,49.4973,4481500,0,0
2015-07-28,85.63,86.51,85.43,85.6,49.5378,5669500,0,0
2015-07-29,85.66,86.13,85.29,85.45,49.4509,2776300,0,0
2015-07-30,85.27,85.75,85.1,85.39,49.4162,2747300,0,0
2015-07-31,85.88,86,85.4,85.53,49.4973,2965100,0,0
2015-08-03,85.5,85.91,85.07,85.66,49.5725,2622300,0,0
2015-08-04,85.66,86.01,85.46,85.83,49.6709,2367300,0,0
2015-08-05,86,86.31,85.73,85.89,49.7056,2738300,0,0
2015-08-06,86,86.07,85.59,85.76,49.6303,2198900,0,0
2015-08-07,85.62,85.77,84.77,85.09,49.2426,2409400,0,0
2015-08-10,85.57,86.34,85.56,85.87,49.694,2470900,0,0
2015-08-11,85.14,85.53,84.66,85.47,49.4625,3549500,0,0
2015-08-12,85.16,85.64,84.17,85.64,49.5609,2733200,0,0
2015-08-13,85.55,85.59,84.25,84.66,48.9938,4389400,0,0
2015-08-14,84.61,84.7,83.88,84.26,48.7623,3134300,0,0
2015-08-17,83.92,84.35,83.47,84.3,48.7854,3159200,0,0
2015-08-18,84.3,84.37,83.88,84.02,48.6234,2307600,0,0
2015-08-19,83.63,84.55,83.21,83.74,48.4613,3324400,0,0
2015-08-20,83.06,84.6,83.01,83.08,48.0794,4167300,0,0
2015-08-21,82.74,83.12,80.98,80.98,46.8641,7252900,0,0
2015-08-24,78.14,79.71,76.54,78.34,45.3363,11361900,0,0
2015-08-25,79.96,80.05,77.35,77.39,44.7865,6381600,0,0
2015-08-26,78.75,79.83,77.36,79.75,46.1523,5813900,0,0
2015-08-27,80.33,80.88,79.13,80.78,46.7484,4206000,0,0
2015-08-28,80.16,80.59,79.84,80.35,46.4995,3522800,0,0
2015-08-31,79.87,80.11,78.9,79.8,46.1812,4211600,0,0
2015-09-01,78.21,78.72,77.3,77.78,45.0122,5124900,0,0
2015-09-02,78.49,78.73,77.84,78.7,45.5446,3594600,0,0
2015-09-03,79.16,79.81,78.75,79.45,45.9787,3363500,0,0
2015-09-04,78.36,78.52,77,77.29,44.7287,5233700,0,0
2015-09-08,78.81,79.79,78.13,79.76,46.1581,4779800,0,0
2015-09-09,80.06,80.24,78.09,78.27,45.2958,4062100,0,0
2015-09-10,78,79.4,78,78.87,45.643,3871600,0,0
2015-09-11,78.93,79.52,78.4,79.47,45.9903,5234300,0,0
2015-09-14,79.68,79.79,78.88,79.35,45.9208,3628900,0,0
2015-09-15,79.52,80.88,79.01,80.81,46.7657,4025700,0,0
2015-09-16,80.95,82.49,80.86,82.1,47.5123,5925200,0,0
2015-09-17,82.34,83.05,81.5,82.08,47.5007,4633500,0,0
2015-09-18,81.29,82.16,80.77,81.22,47.003,8268300,0,0
2015-09-21,81.69,82.46,81.58,82.12,47.5239,3630800,0,0
2015-09-22,81.11,81.53,80.43,80.77,46.7426,3605900,0,0
2015-09-23,80.85,80.96,79.94,80.43,46.5458,2437400,0,0
2015-09-24,80,80.6,79.78,80.41,46.5342,3068200,0,0
2015-09-25,80.76,81.31,80.35,80.6,46.6442,3396100,0,0
2015-09-28,78.99,80.33,78.73,78.91,46.2515,4332500,1.02,0
2015-09-29,78.82,79.25,78.03,78.64,46.0932,4194500,0,0
2015-09-30,79.32,79.59,78.78,79.33,46.4977,4968300,0,0
2015-10-01,79.68,79.74,78.86,79.46,46.5739,3961800,0,0
2015-10-02,78.82,79.96,78.41,79.95,46.8611,3735300,0,0
2015-10-05,80.4,81.86,80,81.71,47.8927,5715100,0,0
2015-10-06,81.62,81.88,80.96,81.49,47.7637,3522600,0,0
2015-10-07,81.57,82.88,81.55,82.67,48.4553,3583300,0,0
2015-10-08,82.66,84.29,82.4,84.15,49.3228,3923000,0,0
2015-10-09,84.08,84.58,84.05,84.07,49.2759,5058400,0,0
2015-10-12,84.22,84.89,84.12,84.66,49.6217,2386500,0,0
2015-10-13,84.53,84.63,83.79,84.41,49.4752,3089300,0,0
2015-10-14,84.66,85.41,84.36,84.48,49.5162,5556400,0,0
2015-10-15,85.59,86.36,85.2,86.07,50.4482,5880600,0,0
2015-10-16,86.37,88.04,85.89,87.78,51.4505,5479800,0,0
2015-10-19,87.65,88.49,87.23,88.42,51.8256,4796800,0,0
2015-10-20,88.61,88.85,88.28,88.72,52.0014,4495800,0,0
2015-10-21,88.9,89.68,88.37,88.98,52.1538,3643400,0,0
2015-10-22,88.83,89.94,88.63,89.55,52.4879,4930800,0,0
2015-10-23,89.94,89.94,88.76,89.63,52.5348,4307900,0,0
2015-10-26,89.65,90.08,89.33,89.7,52.5758,4124500,0,0
2015-10-27,89,89.32,88.38,88.82,52.06,3283800,0,0
2015-10-28,89.3,89.89,88.23,89.4,52.4,3231400,0,0
2015-10-29,89.1,89.46,88.1,89.26,52.3179,2976500,0,0
2015-10-30,89.33,89.47,88.4,88.4,51.8139,4062600,0,0
2015-11-02,88.73,88.98,88.19,88.81,52.0542,2856900,0,0
2015-11-03,88.39,88.52,87.7,88.34,51.7787,3445400,0,0
2015-11-04,88.17,88.43,87.63,88.07,51.6204,3977500,0,0
2015-11-05,88.04,88.32,87.78,88.16,51.6732,2631600,0,0
2015-11-06,87.36,87.36,85.12,86.37,50.624,5456200,0,0
2015-11-09,85.76,85.84,84.73,85.25,49.9675,4030000,0,0
2015-11-10,85.29,85.48,84.73,84.96,49.7976,2542000,0,0
2015-11-11,85.28,85.83,85,85.05,49.8503,2558800,0,0
2015-11-12,84.53,84.92,83.76,84.02,49.2466,3948200,0,0
2015-11-13,83.86,84.43,83.27,83.4,48.8832,3471800,0,0
2015-11-16,83.4,84.36,83.33,84.35,49.44,3722600,0,0
2015-11-17,84.3,84.64,83.55,83.84,49.1411,3173900,0,0
2015-11-18,84.08,85.48,83.92,85.43,50.0731,4186300,0,0
2015-11-19,85.68,86.49,85.64,86.25,50.5537,4507800,0,0
2015-11-20,86.7,87.65,85.84,85.99,50.4013,4823500,0,0
2015-11-23,86.22,86.76,85.92,86.59,50.753,3029100,0,0
2015-11-24,86.09,87.25,85.95,86.9,50.9347,2821600,0,0
2015-11-25,86.62,87.27,86.33,87.17,51.0929,2676000,0,0
2015-11-27,87.12,87.68,86.83,87.42,51.2395,1944600,0,0
2015-11-30,87.91,88.31,87.2,87.39,51.2219,5970500,0,0
2015-12-01,87.44,87.88,86.7,87.78,51.4505,3857800,0,0
2015-12-02,87.55,87.78,87,87.3,51.1691,3522600,0,0
2015-12-03,87.56,87.99,87.21,87.34,51.1926,6056700,0,0
2015-12-04,87.41,89.76,87.41,89.7,52.5758,7203500,0,0
2015-12-07,89.25,89.64,88.3,88.79,52.0425,3931800,0,0
2015-12-08,88.56,88.92,88.07,88.77,52.0307,4119400,0,0
2015-12-09,88.51,89.52,87.48,88.02,51.5911,3841000,0,0
2015-12-10,87.92,88.32,87.23,87.73,51.4212,4183800,0,0
2015-12-11,86.76,87.18,85.96,86.32,50.5947,4740300,0,0
2015-12-14,86.38,87.42,85.89,87.16,51.0871,4636800,0,0
2015-12-15,87.63,88.37,87.13,87.84,51.4856,4904900,0,0
2015-12-16,88.04,90.27,88,90.15,52.8396,5275200,0,0
2015-12-17,90.07,90.15,88.96,89.08,52.2124,4878700,0,0
2015-12-18,88.73,88.73,86.92,86.92,50.9464,10829200,0,0
2015-12-21,86.36,86.66,85.74,86.62,51.3734,4058100,1.02,0
2015-12-22,86.94,87.79,86.24,87.66,51.9902,4377800,0,0
2015-12-23,87.92,89.18,87.86,89.08,52.8324,3043400,0,0
2015-12-24,88.75,89.23,88.63,88.86,52.7019,1201700,0,0
2015-12-28,88.55,88.79,88.09,88.59,52.5418,1860500,0,0
2015-12-29,89.04,89.48,88.84,89.36,52.9985,2212100,0,0
2015-12-30,89.4,89.48,88.78,88.98,52.7731,1790700,0,0
2015-12-31,88.48,88.64,87.86,87.91,52.1385,2502100,0,0
2016-01-04,86.85,87.05,85.76,87,51.5988,4703000,0,0
2016-01-05,87.03,88.23,86.85,87.87,52.1148,3923500,0,0
2016-01-06,87.03,88.21,87.03,87.85,52.1029,4861600,0,0
2016-01-07,86.68,88.46,86.68,87.25,51.7471,6132500,0,0
2016-01-08,87.58,87.65,86.48,86.71,51.4268,5415200,0,0
2016-01-11,87.44,89.33,87.4,89.17,52.8858,8021000,0,0
2016-01-12,89.61,89.88,88.16,89.09,52.8383,4742600,0,0
2016-01-13,89,89.2,88.06,88.31,52.3757,6109300,0,0
2016-01-14,88.39,89.06,86.95,87.88,52.1207,8194700,0,0
2016-01-15,86.05,86.94,85.11,86.29,51.1777,7420500,0,0
2016-01-19,86.44,87.83,86.44,87.47,51.8775,5097300,0,0
2016-01-20,86.68,86.9,84.46,85.86,50.9227,5729600,0,0
2016-01-21,85.42,86.2,84.69,85.8,50.8871,5436400,0,0
2016-01-22,86.75,87.17,85.8,86.87,51.5217,3677200,0,0
2016-01-25,87.05,87.6,86.51,86.68,51.409,3258800,0,0
2016-01-26,86.76,88.32,86.76,87.31,51.7826,4544000,0,0
2016-01-27,87.65,89.38,87.21,88.09,52.2453,4882900,0,0
2016-01-28,88.79,89.72,87.61,89.06,52.8205,3856900,0,0
2016-01-29,88.86,90.24,88.33,90.01,53.384,8383100,0,0
2016-02-01,89.79,90.31,89.33,89.41,53.0282,5985600,0,0
2016-02-02,88.51,89.45,88.3,89.35,52.9926,5323000,0,0
2016-02-03,89.84,90.28,88.48,89.79,53.2535,6023000,0,0
2016-02-04,87.68,90.35,87.68,89.1,52.8443,6019900,0,0
2016-02-05,89.19,89.61,87.42,89.55,53.1112,4557200,0,0
2016-02-08,89.28,90.29,88.65,89.72,53.212,5298500,0,0
2016-02-09,89.29,90.56,88.93,90.02,53.3899,5114200,0,0
2016-02-10,90.25,90.39,89.04,89.23,52.9214,3730600,0,0
2016-02-11,88.15,88.75,87.5,88.34,52.3935,4181200,0,0
2016-02-12,89.03,89.5,88.25,89.06,52.8205,4930400,0,0
2016-02-16,89.5,90.34,88.6,90.12,53.4492,4482900,0,0
2016-02-17,90.06,92.19,89.76,91.23,54.1076,6288600,0,0
2016-02-18,91.14,91.82,91.07,91.65,54.3566,5886200,0,0
2016-02-19,91.58,92.19,90.78,91.94,54.5286,4121500,0,0
2016-02-22,92.34,92.85,92.02,92.54,54.8845,3796800,0,0
2016-02-23,92.42,92.79,91.8,92.05,54.5939,3590000,0,0
2016-02-24,91.85,91.91,90.7,91.46,54.244,4534100,0,0
2016-02-25,91.53,92.48,91.36,92.45,54.8311,3146400,0,0
2016-02-26,92.54,92.87,91.11,91.45,54.238,4025100,0,0
2016-02-29,91,91.77,90.48,91.03,53.9889,4697700,0,0
2016-03-01,91.6,91.73,91.02,91.54,54.2914,4489800,0,0
2016-03-02,91.29,91.89,90.79,91.56,54.3033,3258500,0,0
2016-03-03,91.54,93.29,91.31,93.26,55.3115,4144100,0,0
2016-03-04,93.29,94.91,93.25,94.49,56.041,5729300,0,0
2016-03-07,94.02,94.19,93.1,93.9,55.6911,4888800,0,0
2016-03-08,94.07,94.79,93.76,94.45,56.0173,5455200,0,0
2016-03-09,94.87,96.07,94.66,96.01,56.9425,6544300,0,0
2016-03-10,95.99,96.88,95.75,96.84,57.4348,5428700,0,0
2016-03-11,96.99,97.15,96.06,96.49,57.2272,7202800,0,0
2016-03-14,96.58,97.13,96,96.44,57.1975,4625300,0,0
2016-03-15,95.91,96.7,95.8,96.44,57.1975,5039700,0,0
2016-03-16,96.41,97.36,95.65,97.18,57.6364,3936900,0,0
2016-03-17,97.29,99.33,97.29,98.9,58.6566,7378200,0,0
2016-03-18,99.03,99.24,97.92,98.17,58.2236,9472700,0,0
2016-03-21,98.08,98.82,97.76,98.59,58.4727,3784300,0,0
2016-03-22,97.34,97.69,96.43,96.74,57.9753,3655200,1.02,0
2016-03-23,96.74,97.29,96.28,97.07,58.173,3028900,0,0
2016-03-24,97.04,97.6,96.66,97.57,58.4727,3674800,0,0
2016-03-28,97.86,98.21,97.42,97.86,58.6465,3206800,0,0
2016-03-29,98.02,98.89,97.37,98.86,59.2458,5005300,0,0
2016-03-30,99.03,99.53,98.64,98.69,59.1439,3405300,0,0
2016-03-31,98.53,99.01,98.01,98.11,58.7963,4380300,0,0
2016-04-01,97.77,99.83,97.55,99.75,59.7792,4184600,0,0
2016-04-04,99.96,100.48,99.47,100.36,60.1447,4198200,0,0
2016-04-05,100,100.41,99.88,100.26,60.0848,3524300,0,0
2016-04-06,100.33,101.31,100.21,101.17,60.6301,4763300,0,0
2016-04-07,101.09,101.15,100.19,100.58,60.2766,3681000,0,0
2016-04-08,100.81,100.95,100.44,100.88,60.4563,3710200,0,0
2016-04-11,101.28,101.8,100.09,100.33,60.1268,4943700,0,0
2016-04-12,100.47,101.82,100.41,101.63,60.9058,4464100,0,0
2016-04-13,101.89,102,99.37,100.33,60.1268,5404200,0,0
2016-04-14,100.4,101.48,99.56,99.76,59.7851,4302400,0,0
2016-04-15,99.87,100.48,99.18,100.11,59.9949,6298100,0,0
2016-04-18,100.11,101.39,99.78,100.6,60.2886,5078500,0,0
2016-04-19,98.65,99.73,97.08,99.28,59.4975,7394400,0,0
2016-04-20,98.89,99.23,98,98.13,58.8083,4209600,0,0
2016-04-21,97.82,98.04,95.91,96.42,57.7835,5090800,0,0
2016-04-22,96.6,96.97,96.13,96.92,58.0831,3660600,0,0
2016-04-25,96.59,97.54,96.21,97.53,58.4487,3251100,0,0
2016-04-26,97.93,98.09,96.93,97.24,58.2749,3714600,0,0
2016-04-27,97.37,98.23,96.41,97.27,58.2929,3708500,0,0
2016-04-28,96.61,97.94,96.5,97.35,58.3408,3207700,0,0
2016-04-29,97.42,98.58,97.41,98.12,58.8023,4268300,0,0
2016-05-02,98.42,98.88,97.89,98.56,59.066,2899600,0,0
2016-05-03,98.48,98.85,97.97,98.52,59.042,2673000,0,0
2016-05-04,97.92,98.94,97.51,98.78,59.1978,3159400,0,0
2016-05-05,99.31,99.99,98.74,99.18,59.4375,5751400,0,0
2016-05-06,99.23,100.4,99.2,100.32,60.1207,4065400,0,0
2016-05-09,100.35,100.65,100.02,100.39,60.1627,4491700,0,0
2016-05-10,100.5,101.93,100.4,101.89,61.0616,3117900,0,0
2016-05-11,101.88,102.38,101.66,101.8,61.0077,3380000,0,0
2016-05-12,101.91,102.55,101.61,102.18,61.2354,4916100,0,0
2016-05-13,101.73,102.39,100.68,100.89,60.4623,3066700,0,0
2016-05-16,100.84,101.94,100.31,101.71,60.9538,3001100,0,0
2016-05-17,101.18,101.48,99.18,99.84,59.8331,4346600,0,0
2016-05-18,99.8,99.92,98.42,98.95,59.2997,3408500,0,0
2016-05-19,98.54,98.6,97.2,98.36,58.9461,3466900,0,0
2016-05-20,98.67,98.69,97.83,98.04,58.7543,3369500,0,0
2016-05-23,98.06,98.42,97.73,98.28,58.8982,2365400,0,0
2016-05-24,98.71,99.37,98.59,98.84,59.2338,3074400,0,0
2016-05-25,98.67,99.5,98.65,99.05,59.3596,2543100,0,0
2016-05-26,99.05,99.17,98.46,99.01,59.3357,2350500,0,0
2016-05-27,99.1,99.35,98.71,99.18,59.4375,2059800,0,0
2016-05-31,99.32,99.6,98.17,98.68,59.1379,5706400,0,0
2016-06-01,98.68,99.54,98.42,99.4,59.5694,3472700,0,0
2016-06-02,99.14,99.37,98.88,99.26,59.4855,2523200,0,0
2016-06-03,99.56,101.22,99.51,101.12,60.6002,4792500,0,0
2016-06-06,101.22,101.69,100.02,100.32,60.1207,5121100,0,0
2016-06-07,100.46,100.91,100.22,100.46,60.2046,5551400,0,0
2016-06-08,100.25,101.72,100.2,101.72,60.9597,4124400,0,0
2016-06-09,101.28,102.01,100.76,101.78,60.9957,4229900,0,0
2016-06-10,101.13,101.59,100.78,101.3,60.708,3608200,0,0
2016-06-13,100.88,101.59,100.51,100.57,60.2706,3566000,0,0
2016-06-14,100.14,100.17,99.18,99.89,59.8631,5161100,0,0
2016-06-15,100.15,100.3,99.25,99.65,59.7192,3780100,0,0
2016-06-16,99.62,100.26,98.97,100.15,60.0189,4575200,0,0
2016-06-17,100.36,101,99.63,100.73,60.3665,6393800,0,0
2016-06-20,101.3,101.91,101.18,101.55,60.8579,5045300,0,0
2016-06-21,100.88,101.14,100.46,100.85,61.0516,5413800,1.02,0
2016-06-22,101,101.77,100.86,101.03,61.1605,3504300,0,0
2016-06-23,101.67,101.91,101.02,101.9,61.6872,2722800,0,0
2016-06-24,99.15,100.08,97.12,97.71,59.1507,14754900,0,0
2016-06-27,97.34,98.67,96.89,98.2,59.4474,8140200,0,0
2016-06-28,98.91,99,97.08,98.54,59.6532,6146600,0,0
2016-06-29,98.81,99.2,98.15,98.62,59.7016,4488400,0,0
2016-06-30,99.09,101.9,98.93,101.72,61.5782,7545500,0,0
2016-07-01,101.72,102.3,101.13,101.28,61.3119,4767800,0,0
2016-07-05,101.3,103.15,101.27,102.24,61.893,5932400,0,0
2016-07-06,102.3,102.83,101.19,102.36,61.9657,4240500,0,0
2016-07-07,102.58,102.91,101.66,101.78,61.6146,3143000,0,0
2016-07-08,102.34,103.16,101.75,103.09,62.4076,3403800,0,0
2016-07-11,102.98,103.67,102.1,103.38,62.5832,4040100,0,0
2016-07-12,103.33,103.82,102.75,102.9,62.2926,3669000,0,0
2016-07-13,102.7,103.34,102.41,103.24,62.4984,4013800,0,0
2016-07-14,103.38,103.66,102.74,103.19,62.4682,3059800,0,0
2016-07-15,103.41,104.2,103.18,103.63,62.7345,3531900,0,0
2016-07-18,103.49,103.73,102.9,103,62.3531,4446500,0,0
2016-07-19,100.5,100.5,98.7,99.89,60.4704,10017800,0,0
2016-07-20,100.38,101.1,99.52,99.65,60.3251,5622900,0,0
2016-07-21,99.77,99.77,98.37,99.42,60.1859,6596300,0,0
2016-07-22,99.32,99.91,99.24,99.84,60.4402,3843600,0,0
2016-07-25,99.82,100.14,99.41,99.71,60.3615,2957700,0,0
2016-07-26,99.85,100,98.72,98.96,59.9074,4126200,0,0
2016-07-27,98.98,99,97.14,97.33,58.9207,7059000,0,0
2016-07-28,97.36,99.25,96.95,99.1,59.9922,6361100,0,0
2016-07-29,99.29,100.4,98.62,100.26,60.6944,5582100,0,0
2016-08-01,99.74,100.38,99.28,100.15,60.6278,4341600,0,0
2016-08-02,100.12,100.27,99.49,99.97,60.5188,3923100,0,0
2016-08-03,99.62,99.92,98.64,99.03,59.9498,3727100,0,0
2016-08-04,99.36,99.55,98.9,99,59.9317,3873700,0,0
2016-08-05,99,99.49,98.64,98.93,59.8893,5777700,0,0
2016-08-08,98.78,99.52,98.24,98.55,59.6592,3888200,0,0
2016-08-09,98.67,99.23,98.39,98.4,59.5684,3462800,0,0
2016-08-10,98.9,99.87,98.7,99.17,60.0346,3321000,0,0
2016-08-11,99.49,99.92,98.83,98.86,59.8469,2999600,0,0
2016-08-12,99.53,99.97,98.98,99,59.9317,3060100,0,0
2016-08-15,99.14,99.18,98.54,98.61,59.6956,5256700,0,0
2016-08-16,98.42,99.66,98.4,99.47,60.2162,3374500,0,0
2016-08-17,99.7,100.38,99.45,100.29,60.7126,3894400,0,0
2016-08-18,100.07,100.35,99.82,100.34,60.7429,3256600,0,0
2016-08-19,100.04,100.12,99.54,99.93,60.4947,2912400,0,0
2016-08-22,99.96,100.19,99.7,100.12,60.6097,2380400,0,0
2016-08-23,100.25,100.58,100.15,100.39,60.7731,2101400,0,0
2016-08-24,100.13,100.37,99.4,100.13,60.6157,2839300,0,0
2016-08-25,100.2,100.2,99.44,99.84,60.4402,2397600,0,0
2016-08-26,99.96,100.48,98.86,99.1,59.9922,2778300,0,0
2016-08-29,99.08,100.32,99.06,100.26,60.6944,3024500,0,0
2016-08-30,100.06,100.25,99.55,99.97,60.5188,2276600,0,0
2016-08-31,99.92,100.02,99.32,99.93,60.4947,3143300,0,0
2016-09-01,99.8,100.67,99.61,100.62,60.9124,3314400,0,0
2016-09-02,100.96,102.1,100.87,101.77,61.6085,3531400,0,0
2016-09-06,101.66,102.38,101.44,102.36,61.9657,3376200,0,0
2016-09-07,102,102.25,101.55,102.09,61.8023,2959000,0,0
2016-09-08,102.1,102.2,100.88,101.32,61.3361,3725200,0,0
2016-09-09,100.64,100.98,97.54,97.54,59.0478,7231500,0,0
2016-09-12,98.02,100.99,97.91,100.64,60.9245,6335900,0,0
2016-09-13,99.98,100.48,98.52,98.93,59.8893,4377800,0,0
2016-09-14,99.17,99.48,98.28,98.62,59.7016,4134900,0,0
2016-09-15,98.37,100,98.37,99.75,60.3857,3870900,0,0
2016-09-16,99.22,99.37,98.49,98.84,59.8348,5852300,0,0
2016-09-19,99.09,99.63,98.77,98.82,59.8227,2530200,0,0
2016-09-20,99.2,99.96,98.84,99.21,60.0588,2759400,0,0
2016-09-21,99.47,100.95,99.06,100.65,60.9305,4491500,0,0
2016-09-22,101.09,102.09,101,101.72,61.5782,4363800,0,0
2016-09-23,101.6,101.95,101.02,101.53,61.4632,3763500,0,0
2016-09-26,100.43,100.43,99.06,99.14,60.6375,4534200,1.04,0
2016-09-27,99.42,99.51,98.64,99.33,60.7537,3338700,0,0
2016-09-28,99.56,99.71,98.9,99.41,60.8027,3974100,0,0
2016-09-29,99.53,99.55,97.68,97.78,59.8057,5462500,0,0
2016-09-30,98.23,98.7,97.12,97.22,59.4632,7048600,0,0
2016-10-03,97.35,98.01,97.11,97.42,59.5855,4881200,0,0
2016-10-04,97.21,97.63,96.06,96.1,58.7782,5558900,0,0
2016-10-05,96.3,96.46,95.37,95.68,58.5213,4646400,0,0
2016-10-06,95.23,96.04,95,95.64,58.4968,3175200,0,0
2016-10-07,95.89,96.56,95.7,96.02,58.7292,4056300,0,0
2016-10-10,96.44,96.63,96.09,96.25,58.8699,2205500,0,0
2016-10-11,96.2,96.25,95.15,95.52,58.4234,4611400,0,0
2016-10-12,95.54,96.43,95.4,96.09,58.772,4133900,0,0
2016-10-13,95.93,96.68,95.44,96.2,58.8393,4769000,0,0
2016-10-14,96.33,96.74,95.82,95.83,58.613,3156300,0,0
2016-10-17,95.83,95.98,95.26,95.51,58.4173,4097900,0,0
2016-10-18,96.97,97.1,95.92,96.56,59.0595,6262300,0,0
2016-10-19,96.23,96.77,95.69,95.98,58.7047,5552000,0,0
2016-10-20,95.96,96.29,95.44,95.57,58.454,3872600,0,0
2016-10-21,95.92,97.29,95.8,96.31,58.9066,5274800,0,0
2016-10-24,96.79,97.01,96.41,96.91,59.2736,4105300,0,0
2016-10-25,97.15,97.15,96.24,96.58,59.0718,3456300,0,0
2016-10-26,96.58,96.97,95.84,96.05,58.7476,3312900,0,0
2016-10-27,96.32,96.89,95.68,95.78,58.5824,3612900,0,0
2016-10-28,96.11,96.73,95.78,96.31,58.9066,4147000,0,0
2016-10-31,96.48,96.5,96.04,96.44,58.9861,3327200,0,0
2016-11-01,96.63,96.74,95.75,96.08,58.7659,3978500,0,0
2016-11-02,96.14,96.52,95.9,96.05,58.7476,3820900,0,0
2016-11-03,96.29,96.58,95.88,96.23,58.8577,2569900,0,0
2016-11-04,96.15,96.59,95.33,95.49,58.4051,3138800,0,0
2016-11-07,96.37,97.35,96.3,97.33,59.5305,4785200,0,0
2016-11-08,97.2,98.21,97.2,97.86,59.8547,3227000,0,0
2016-11-09,96.04,96.07,93.1,94.35,57.7078,8933900,0,0
2016-11-10,92.71,92.99,90.02,90.5,55.353,14941100,0,0
2016-11-11,90.46,90.76,88.7,88.95,54.405,7938900,0,0
2016-11-14,89.2,89.41,86.9,87.33,53.4141,12032500,0,0
2016-11-15,87.5,88.28,87.23,87.5,53.5181,8715900,0,0
2016-11-16,87.79,88.72,87.38,87.92,53.775,8201800,0,0
2016-11-17,88.05,89.74,87.94,89.27,54.6007,8751100,0,0
2016-11-18,89.38,89.82,88.27,89.09,54.4906,6471000,0,0
2016-11-21,89.09,89.68,88.96,89.62,54.8148,5408600,0,0
2016-11-22,89.9,90.24,89.2,90,55.0472,4837600,0,0
2016-11-23,89.75,89.75,88.54,88.89,54.3683,4896600,0,0
2016-11-25,88.92,89.51,88.92,89.29,54.6129,3850500,0,0
2016-11-28,89.37,90.35,89.29,90.24,55.194,5077200,0,0
2016-11-29,90.13,90.62,90,90.6,55.4142,4130700,0,0
2016-11-30,90.18,90.61,88.25,88.28,53.9952,8426700,0,0
2016-12-01,87.85,88.1,86.78,87.77,53.6832,6168900,0,0
2016-12-02,88.16,88.7,87.64,88.08,53.8729,4818400,0,0
2016-12-05,87.92,88.32,87.57,87.77,53.6832,5204400,0,0
2016-12-06,87.73,88.47,87.67,88.18,53.934,3541800,0,0
2016-12-07,88.31,89.89,87.9,89.87,54.9677,4960600,0,0
2016-12-08,89.36,89.8,88.71,89.39,54.6741,4247100,0,0
2016-12-09,89.52,90.53,89.4,90.24,55.194,4298000,0,0
2016-12-12,90.42,91.05,90.34,90.82,55.5487,3805100,0,0
2016-12-13,91.11,92.16,91.01,92.03,56.2888,4900400,0,0
2016-12-14,92.26,92.63,90.21,90.72,55.4876,6652000,0,0
2016-12-15,90.29,90.77,89.75,89.9,54.986,5550500,0,0
2016-12-16,90.08,91.43,89.62,91.31,55.8484,7723600,0,0
2016-12-19,91.55,91.55,90.69,91.46,55.9402,4334400,0,0
2016-12-20,90.42,90.73,88.9,90.7,56.1134,4586800,1.04,0
2016-12-21,90.76,91.69,90.64,91.31,56.4908,4294400,0,0
2016-12-22,91.01,91.67,90.76,91.61,56.6764,3682200,0,0
2016-12-23,91.73,91.74,91.28,91.58,56.6578,2547100,0,0
2016-12-27,91.53,91.79,91.09,91.33,56.5032,1990800,0,0
2016-12-28,91.03,91.32,90.61,90.94,56.2619,2290700,0,0
2016-12-29,90.95,92,90.75,91.73,56.7506,3107600,0,0
2016-12-30,91.79,92.15,91.3,91.49,56.6022,3314600,0,0
2017-01-03,91.79,92,90.92,91.23,56.4413,5020900,0,0
2017-01-04,90.53,91.12,90.12,90.42,55.9402,6695000,0,0
2017-01-05,90.69,91.76,90.53,91.13,56.3794,4840100,0,0
2017-01-06,91.39,91.96,90.73,91.84,56.8187,3826100,0,0
2017-01-09,91.09,91.44,90.83,91.31,56.4908,3529300,0,0
2017-01-10,91.66,91.66,90.31,90.52,56.002,4203400,0,0
2017-01-11,90.65,90.96,90.33,90.44,55.9526,3603500,0,0
2017-01-12,90.45,90.86,90.25,90.51,55.9958,3000700,0,0
2017-01-13,90.42,90.7,89.97,90.4,55.9278,3054600,0,0
2017-01-17,90.63,92.56,90.15,92.36,57.1404,6363300,0,0
2017-01-18,92.6,93.52,92.54,93.49,57.8395,5236800,0,0
2017-01-19,93.36,93.97,93.23,93.85,58.0622,5563300,0,0
2017-01-20,94.13,94.68,94.07,94.57,58.5077,5628700,0,0
2017-01-23,94.61,94.81,94.32,94.76,58.6252,3350300,0,0
2017-01-24,94.92,95.94,94.88,95.78,59.2562,4945300,0,0
2017-01-25,95.67,96.97,95.49,96.39,59.6336,5353000,0,0
2017-01-26,96.56,96.89,96.26,96.36,59.6151,3524500,0,0
2017-01-27,96.58,96.84,95.83,96.32,59.5903,3055200,0,0
2017-01-30,96.51,96.52,95.63,95.96,59.3676,3403200,0,0
2017-01-31,96.11,96.39,95.75,96.13,59.4728,4173400,0,0
2017-02-01,95.61,97,95.2,95.95,59.3614,5263800,0,0
2017-02-02,97.93,99.32,97.25,98.84,61.1494,6169600,0,0
2017-02-03,99.18,101.43,99.1,101.11,62.5538,6655200,0,0
2017-02-06,100.83,100.84,99.92,100,61.867,5905700,0,0
2017-02-07,100,101.78,99.94,101.63,62.8754,5450100,0,0
2017-02-08,101.45,102.99,101.39,102.63,63.4941,4881500,0,0
2017-02-09,102.33,102.91,101.73,102.77,63.5807,3125800,0,0
2017-02-10,102.32,102.84,101.79,102.63,63.4941,3412700,0,0
2017-02-13,102.81,103.13,102.2,102.73,63.556,2886500,0,0
2017-02-14,102.67,102.89,101.79,102.58,63.4632,3311900,0,0
2017-02-15,102.29,103.04,101.77,102.93,63.6797,3396000,0,0
2017-02-16,102.9,103.13,102.32,102.99,63.7169,4888600,0,0
2017-02-17,102.93,103.73,102.77,103.66,64.1314,5093000,0,0
2017-02-21,103.37,104.75,103.05,104.56,64.6882,4570200,0,0
2017-02-22,104.49,104.87,103.8,104.53,64.6696,3660500,0,0
2017-02-23,104.95,106.67,104.76,106.52,65.9008,4286100,0,0
2017-02-24,106.44,107.77,105.8,107.72,66.6432,5549700,0,0
2017-02-27,107.53,108.9,107.23,108.7,67.2495,5557300,0,0
2017-02-28,108.31,109.99,108.3,109.35,67.6516,7336600,0,0
2017-03-01,109,110.3,108.68,110.22,68.1898,5140700,0,0
2017-03-02,110,110.3,109.52,109.8,67.93,4419500,0,0
2017-03-03,109.61,110.25,109.27,110.21,68.1836,3722400,0,0
2017-03-06,109.81,110.17,109.46,109.73,67.8867,7192100,0,0
2017-03-07,109.52,110.64,109.5,110.55,68.394,3929100,0,0
2017-03-08,110.19,110.5,109.39,109.72,67.8805,3681100,0,0
2017-03-09,109.98,110.5,109.71,110.28,68.227,3465900,0,0
2017-03-10,110.5,110.71,110.1,110.54,68.3878,5141600,0,0
2017-03-13,110.67,111.1,110.39,111.02,68.6848,3166300,0,0
2017-03-14,110.72,111.38,110.42,110.77,68.5301,3518600,0,0
2017-03-15,111,112.76,110.96,112.42,69.5509,3665600,0,0
2017-03-16,112.8,112.95,112.03,112.7,69.7241,4002000,0,0
2017-03-17,113.2,114.46,112.73,113,69.9097,8831000,0,0
2017-03-20,113.04,114.11,113,114.01,70.5346,5682600,0,0
2017-03-21,113.3,114.65,113.19,113.49,70.8593,6947200,1.04,0
2017-03-22,113.9,114.1,112.85,113,70.5533,5343100,0,0
2017-03-23,112.83,113.81,112.68,112.95,70.5221,4522100,0,0
2017-03-24,112.32,112.32,110.01,111.79,69.7979,6601600,0,0
2017-03-27,111.23,112.57,110.8,112.38,70.1662,4521600,0,0
2017-03-28,112.14,112.95,111.59,112.8,70.4285,4000900,0,0
2017-03-29,112.74,113.53,112.47,113.4,70.8031,3613200,0,0
2017-03-30,113.16,114.06,112.87,113.52,70.878,2968100,0,0
2017-03-31,113.54,113.72,112.87,112.9,70.4909,3790700,0,0
2017-04-03,112.91,113.4,112.55,112.91,70.4972,3333400,0,0
2017-04-04,113.17,113.67,113.04,113.45,70.8343,7336000,0,0
2017-04-05,113.5,114.06,113.06,113.19,70.672,4072800,0,0
2017-04-06,113.38,113.77,112.38,112.59,70.2973,4358900,0,0
2017-04-07,112.86,114.02,112.83,113.6,70.9279,5636900,0,0
2017-04-10,113.6,113.97,112.83,113.05,70.5845,4973500,0,0
2017-04-11,113.48,113.68,113,113.42,70.8156,3587100,0,0
2017-04-12,113.69,113.95,113.25,113.78,71.0403,4141800,0,0
2017-04-13,113.48,113.78,112.94,113.06,70.5908,3098300,0,0
2017-04-17,113.14,114.87,113.14,114.74,71.6397,4105500,0,0
2017-04-18,114.69,115.63,114.58,115.21,71.9332,5275000,0,0
2017-04-19,115.08,115.15,113.71,113.91,71.1215,3688400,0,0
2017-04-20,109.15,110.73,108.56,109.98,68.6677,9707200,0,0
2017-04-21,109.78,110.27,109.5,109.62,68.443,4695700,0,0
2017-04-24,110.48,112.75,110.34,112.39,70.1725,4382900,0,0
2017-04-25,112.38,113.45,112,113.09,70.6095,3827400,0,0
2017-04-26,112.86,113,111.09,111.15,69.3983,3778400,0,0
2017-04-27,111.2,111.44,110,110.19,68.7989,5509600,0,0
2017-04-28,110.13,110.91,109.73,110.84,69.2047,3694300,0,0
2017-05-01,111,111.08,110.53,110.55,69.0236,2350200,0,0
2017-05-02,110.6,110.83,110.25,110.47,68.9737,2926300,0,0
2017-05-03,110.4,110.87,109.95,110.61,69.0611,2915500,0,0
2017-05-04,110.89,111.75,110.55,111.2,69.4295,3496000,0,0
2017-05-05,111.51,112.3,111.33,112.25,70.0851,2883200,0,0
2017-05-08,112.09,112.65,111.89,112.63,70.3223,3688200,0,0
2017-05-09,112.94,112.94,110.94,111.93,69.8853,4491600,0,0
2017-05-10,111.7,112.11,110.63,110.83,69.1985,3623800,0,0
2017-05-11,110.73,111.41,110.09,111.19,69.4232,3581600,0,0
2017-05-12,110.96,111.8,110.8,111.71,69.7479,2407500,0,0
2017-05-15,111.89,112.47,111.65,112.36,70.1537,2332000,0,0
2017-05-16,112.95,114.36,112.61,113.52,70.878,3851100,0,0
2017-05-17,113.52,114.73,113.1,113.75,71.0216,4562800,0,0
2017-05-18,113.78,114.29,113.29,113.58,70.9155,3350700,0,0
2017-05-19,113.99,115.27,113.5,114.74,71.6397,4236100,0,0
2017-05-22,115.03,116.37,114.87,116.22,72.5638,3687600,0,0
2017-05-23,116.18,117.59,116.1,116.46,72.7136,3796000,0,0
2017-05-24,116.86,117.52,116.25,117.43,73.3193,2618600,0,0
2017-05-25,117.79,119.78,117.64,119.48,74.5992,3072900,0,0
2017-05-26,119.25,119.88,118.96,119.83,74.8177,2243100,0,0
2017-05-30,119.25,120.19,118.99,119.95,74.8927,2860300,0,0
2017-05-31,120.48,121.11,119.77,119.8,74.799,4719000,0,0
2017-06-01,120,120.93,119.28,120.9,75.4858,4730000,0,0
2017-06-02,121.35,121.82,120.53,121.79,76.0415,3133300,0,0
2017-06-05,121.5,122,120.81,121.97,76.1539,2625500,0,0
2017-06-06,121.77,122.9,121.45,122,76.1726,3583100,0,0
2017-06-07,121.96,122.87,121.57,122.3,76.3599,3235800,0,0
2017-06-08,122.3,122.3,120.52,121.11,75.6169,4088500,0,0
2017-06-09,120.97,121.5,119.79,120.12,74.9988,4160000,0,0
2017-06-12,120.12,120.31,118.86,119.17,74.4057,4786700,0,0
2017-06-13,118.87,119.01,118.04,118.69,74.106,4336000,0,0
2017-06-14,119,120.23,118.91,119.75,74.7678,3780300,0,0
2017-06-15,119.23,120.86,119.02,120.51,75.2423,3854700,0,0
2017-06-16,119.88,121.97,119.88,121.84,76.0727,7117900,0,0
2017-06-19,122.06,122.98,121.72,122.9,76.7346,2983900,0,0
2017-06-20,122.73,123.55,122.01,122.11,76.2413,3051700,0,0
2017-06-21,121.1,121.84,120.14,120.19,75.6872,3180600,1.04,0
2017-06-22,120.15,120.21,119.65,119.71,75.3849,2209900,0,0
2017-06-23,119.85,120.15,119.45,119.56,75.2904,3391400,0,0
2017-06-26,119.69,120.11,119.43,119.51,75.2589,1789400,0,0
2017-06-27,119.6,120.2,117.84,118.14,74.3962,3972400,0,0
2017-06-28,118.7,119.53,118.4,118.93,74.8937,1848000,0,0
2017-06-29,118.4,118.44,116.73,117.08,73.7287,3227300,0,0
2017-06-30,117.23,118.4,117.09,117.45,73.9617,3222900,0,0
2017-07-03,117.86,117.93,116.66,116.9,73.6153,1632700,0,0
2017-07-05,116.17,118.72,116.17,118.54,74.6481,3667900,0,0
2017-07-06,118.21,118.63,117.87,118.35,74.5284,3831000,0,0
2017-07-07,118.56,118.65,117.41,117.9,74.2451,2713100,0,0
2017-07-10,117.98,118.97,117.86,118.16,74.4088,2492400,0,0
2017-07-11,118.35,118.35,116.99,117.21,73.8105,3465600,0,0
2017-07-12,118.15,118.59,117.57,118.23,74.4528,2949200,0,0
2017-07-13,118.32,118.45,117.44,117.51,73.9995,3770400,0,0
2017-07-14,118.02,119.49,118,119.13,75.0196,3826800,0,0
2017-07-17,119.44,119.65,118.8,119,74.9378,2841200,0,0
2017-07-18,119,120,118.66,119.64,75.3408,3217800,0,0
2017-07-19,119.51,121.69,119.42,121.62,76.5877,5003800,0,0
2017-07-20,118.66,121.16,117.55,119.86,75.4793,6564100,0,0
2017-07-21,119.57,119.84,118.72,119.58,75.303,3543600,0,0
2017-07-24,119.43,120,118.84,118.89,74.8685,3935500,0,0
2017-07-25,119.53,119.74,117.76,117.82,74.1947,4991700,0,0
2017-07-26,117.93,118.59,117.5,117.65,74.0876,4110900,0,0
2017-07-27,117.65,118.76,117.47,118.19,74.4277,4439800,0,0
2017-07-28,118.21,118.92,109.31,118.51,74.6292,15993900,0,0
2017-07-31,117.13,118.25,116.61,116.71,73.4957,6421800,0,0
2017-08-01,117.01,117.38,115.67,115.88,72.973,5708400,0,0
2017-08-02,115.81,115.81,113.88,114.46,72.0788,5701500,0,0
2017-08-03,114.79,115.52,114.17,114.49,72.0977,4265500,0,0
2017-08-04,115.43,115.45,113.91,114.76,72.2677,4568000,0,0
2017-08-07,114.75,115.89,114.68,115.86,72.9604,3844900,0,0
2017-08-08,115.49,115.55,114.55,114.67,72.211,2813200,0,0
2017-08-09,114.99,115.8,114.57,115.41,72.6771,2512400,0,0
2017-08-10,115.03,115.5,114.07,114.22,71.9277,3519100,0,0
2017-08-11,115.05,115.42,114.02,114.88,72.3433,2653800,0,0
2017-08-14,114.89,115.11,114.47,114.76,72.2677,3245000,0,0
2017-08-15,114.89,117.13,114.78,116.82,73.565,4005800,0,0
2017-08-16,116.77,117.98,116.39,117.73,74.138,3106100,0,0
2017-08-17,117.75,118.29,115.67,115.93,73.0045,3269000,0,0
2017-08-18,115.75,115.95,114.67,115.33,72.6266,4178200,0,0
2017-08-21,115.29,116.49,115.08,116.25,73.206,2442300,0,0
2017-08-22,116.34,117,115.76,116.23,73.1934,1882100,0,0
2017-08-23,116.01,116.46,115.02,115.46,72.7085,2190000,0,0
2017-08-24,115.66,116.11,114.1,114.52,72.1166,2806000,0,0
2017-08-25,115.19,115.41,114.48,114.8,72.2929,3109500,0,0
2017-08-28,115.22,115.71,114.74,115.54,72.7589,2736600,0,0
2017-08-29,115.16,116.85,114.87,116.55,73.3949,2741900,0,0
2017-08-30,116,117,115.56,116.43,73.3194,2903600,0,0
2017-08-31,116.73,117.21,116.26,116.93,73.6342,4283000,0,0
2017-09-01,117.17,117.94,116.88,117.83,74.201,3036800,0,0
2017-09-05,117.42,117.75,116.63,117.67,74.1002,3061600,0,0
2017-09-06,118,119.1,117.49,118.62,74.6985,3660400,0,0
2017-09-07,118.24,119.43,117.14,118.92,74.8874,3577200,0,0
2017-09-08,119.06,119.19,116.72,117.06,73.7161,3660000,0,0
2017-09-11,117.58,118.44,117.58,117.93,74.2639,2900900,0,0
2017-09-12,118.07,118.17,116.27,117.05,73.7098,2461300,0,0
2017-09-13,116.74,117.48,116.73,116.86,73.5901,2680900,0,0
2017-09-14,116.86,117.06,116.21,116.73,73.5083,3596500,0,0
2017-09-15,116.58,116.73,115.05,115.79,72.9164,5992400,0,0
2017-09-18,115.69,116.19,115.12,116.08,73.099,2998500,0,0
2017-09-19,115.99,116.07,114.94,115.36,72.6456,3105600,0,0
2017-09-20,115.44,115.62,112.78,113.43,71.4302,3822300,0,0
2017-09-21,113.3,113.67,112.75,112.92,71.109,2887700,0,0
2017-09-22,113.06,113.21,112.28,112.51,70.8508,2999000,0,0
2017-09-25,112.77,113.68,112.37,113.25,71.3168,4734900,0,0
2017-09-26,112.28,113.33,112.1,112.21,71.3359,3537400,1.07,0
2017-09-27,111.99,112.19,111.15,111.61,70.9544,3719400,0,0
2017-09-28,112.17,112.38,111.55,111.8,71.0752,3479100,0,0
2017-09-29,111.78,112.29,110.94,111.01,70.573,3912800,0,0
2017-10-02,111.23,111.73,110.61,110.87,70.484,3403300,0,0
2017-10-03,110.66,110.69,110.05,110.19,70.0517,2903000,0,0
2017-10-04,110.48,111.9,110.16,111.42,70.8337,4161800,0,0
2017-10-05,111.46,112.02,111.28,111.54,70.91,4904300,0,0
2017-10-06,111.48,111.74,110.71,111.27,70.7383,5642200,0,0
2017-10-09,111.58,114.58,111.54,113.37,72.0733,3292500,0,0
2017-10-10,114.12,115.28,113.93,115.17,73.2177,3930600,0,0
2017-10-11,114.87,115.15,113.8,114.26,72.6391,3374000,0,0
2017-10-12,114.66,114.75,113.5,114.53,72.8108,3100400,0,0
2017-10-13,114.96,115.15,113.9,113.99,72.4675,2658100,0,0
2017-10-16,114.05,114.4,113.44,113.52,72.1687,2559600,0,0
2017-10-17,113.12,113.41,112.43,112.65,71.6156,3997700,0,0
2017-10-18,112.62,112.89,112.24,112.51,71.5266,3442000,0,0
2017-10-19,109.04,111.86,107.01,108.15,68.7548,9606600,0,0
2017-10-20,108.56,109.52,108,109.52,69.6258,6177200,0,0
2017-10-23,109.45,110.27,109.12,109.36,69.5241,3762100,0,0
2017-10-24,109.17,109.67,108.16,108.57,69.0218,4117700,0,0
2017-10-25,108.41,108.85,106.75,107,68.0237,4060400,0,0
2017-10-26,107.5,107.85,106.86,106.93,67.9792,3468100,0,0
2017-10-27,106.66,107.02,105.75,105.94,67.3498,5067400,0,0
2017-10-30,105.71,105.8,104.56,104.7,66.5615,5021400,0,0
2017-10-31,104.75,105.2,104.26,104.64,66.5234,5419200,0,0
2017-11-01,104.78,105,103.64,103.75,65.9576,4102200,0,0
2017-11-02,103.71,103.85,102.45,102.8,65.3536,4601500,0,0
2017-11-03,103,103.05,102.48,102.66,65.2646,3064300,0,0
2017-11-06,102.62,103.09,101.58,102.14,64.934,4167000,0,0
2017-11-07,102.06,103.16,101.94,103.02,65.4935,3901900,0,0
2017-11-08,103.02,103.39,102.66,103.09,65.538,4882700,0,0
2017-11-09,102.91,103.1,102.18,102.46,65.1375,3427700,0,0
2017-11-10,102.09,103.28,102.05,103.02,65.4935,4935200,0,0
2017-11-13,103.11,103.82,103,103.51,65.805,3864600,0,0
2017-11-14,103.39,103.77,102.63,102.72,65.3028,4736100,0,0
2017-11-15,102.32,102.6,101.64,102.05,64.8768,4928400,0,0
2017-11-16,102.5,103.46,102.46,102.66,65.2646,3207000,0,0
2017-11-17,102.21,103.01,102.01,102.64,65.2519,4084500,0,0
2017-11-20,102.66,103.74,102.51,102.54,65.1883,4779700,0,0
2017-11-21,102.93,103.94,102.83,103.36,65.7096,4224000,0,0
2017-11-22,103.41,103.75,103.19,103.54,65.8241,3658100,0,0
2017-11-24,103.8,103.9,102.98,103.18,65.5952,1970500,0,0
2017-11-27,103.25,103.31,102.72,102.72,65.3028,3377100,0,0
2017-11-28,102.82,103.06,102.44,102.88,65.4045,4687700,0,0
2017-11-29,102.52,103.17,102.01,102.68,65.2774,4343800,0,0
2017-11-30,102.71,103.37,102.61,102.75,65.3218,7123200,0,0
2017-12-01,103.27,103.79,102.15,103.71,65.9322,6318600,0,0
2017-12-04,103.96,104.84,103.04,104.61,66.5043,5179400,0,0
2017-12-05,105.49,105.57,104.34,105.46,67.0447,4916200,0,0
2017-12-06,106.63,107.93,105.27,107.6,68.4051,5108900,0,0
2017-12-07,107.47,107.47,106.23,106.7,67.833,4040000,0,0
2017-12-08,106.51,106.68,105.5,106.59,67.7631,4611900,0,0
2017-12-11,106.6,106.6,105.8,106.04,67.4134,3049000,0,0
2017-12-12,106.23,107.98,105.87,107.3,68.2144,4428300,0,0
2017-12-13,107.09,108.67,106.98,108.24,68.812,5898400,0,0
2017-12-14,108.02,108.52,107.24,107.68,68.456,4648300,0,0
2017-12-15,108.43,110.27,108.43,109.68,69.7275,11082900,0,0
2017-12-18,109.76,110.13,107.8,107.97,68.6404,4541600,0,0
2017-12-19,108.44,108.82,108.03,108.12,68.7357,4371700,0,0
2017-12-20,106,106,103.57,104.37,67.0149,7359900,1.07,0
2017-12-21,104.5,105.31,104.47,104.78,67.2782,3831000,0,0
2017-12-22,104.83,105.45,104.52,104.65,67.1947,2496200,0,0
2017-12-26,104.78,104.83,103.77,104.11,66.848,2311500,0,0
2017-12-27,104.55,105.01,104.25,104.71,67.2332,2012900,0,0
2017-12-28,104.9,104.9,104.08,104.81,67.2974,2376700,0,0
2017-12-29,105.08,106.52,105,105.65,67.8368,4248300,0,0
2018-01-02,105.82,106.17,104.16,104.39,67.0278,5126800,0,0
2018-01-03,104.36,104.86,103.85,104.26,66.9443,3589600,0,0
2018-01-04,104.24,104.49,103.47,103.47,66.4371,4170100,0,0
2018-01-05,103.27,104.6,103.27,104.3,66.97,4641400,0,0
2018-01-08,103.98,104.67,103.85,104.14,66.8672,4911600,0,0
2018-01-09,104.75,105.44,104.24,104.89,67.3488,3939200,0,0
2018-01-10,105.02,106.04,103.88,105.63,67.824,3696500,0,0
2018-01-11,106.32,106.62,104.41,104.86,67.3296,4109300,0,0
2018-01-12,105.57,105.64,103.91,104.5,67.0984,5513700,0,0
2018-01-16,104.55,104.98,103.77,104.87,67.336,5855600,0,0
2018-01-17,105.08,106.25,105.08,105.79,67.9267,4009400,0,0
2018-01-18,105.46,105.71,104.8,105.07,67.4644,4134600,0,0
2018-01-19,105.58,109.11,105.54,108.92,69.9364,5818900,0,0
2018-01-22,109.15,109.68,108.46,108.81,69.8658,4762300,0,0
2018-01-23,108.5,109.78,108.4,109.53,70.3281,3778100,0,0
2018-01-24,109.56,110.89,109.56,110.6,71.0152,4404100,0,0
2018-01-25,110.43,111.25,103.02,107.49,69.0183,11823700,0,0
2018-01-26,107.36,110.46,107.31,110.19,70.7519,6000700,0,0
2018-01-29,109.63,109.7,108.41,108.61,69.7374,3952500,0,0
2018-01-30,108.2,109.37,107.75,107.94,69.3072,4069700,0,0
2018-01-31,108.23,108.47,106.74,107.23,68.8513,5041600,0,0
2018-02-01,107.04,107.58,104.93,105.17,67.5286,7612900,0,0
2018-02-02,105,105.53,103.19,103.44,66.4178,6421800,0,0
2018-02-05,102.93,103.48,98.51,98.69,63.3679,7901200,0,0
2018-02-06,97.31,100.64,96.66,100.33,64.4209,9591600,0,0
2018-02-07,99.9,101.61,98.5,98.88,63.4899,5916800,0,0
2018-02-08,99.52,102.38,99,100.39,64.4594,11214300,0,0
2018-02-09,100.9,101.6,98.55,99.94,64.1705,9899900,0,0
2018-02-12,100.27,103.07,99.79,102.4,65.75,6468900,0,0
2018-02-13,101.74,103.16,100.98,103.05,66.1674,5182300,0,0
2018-02-14,102.75,103.5,101.74,102.54,65.8399,4253800,0,0
2018-02-15,102.56,103.71,102.06,103.69,66.5783,4361100,0,0
2018-02-16,103.31,105.13,103.05,104.31,66.9764,5209400,0,0
2018-02-20,103.7,103.89,102.33,102.85,66.039,3974900,0,0
2018-02-21,103.1,105.05,102.98,103.72,66.5976,5661100,0,0
2018-02-22,103.66,105.51,102.89,102.98,66.1224,4072900,0,0
2018-02-23,103.65,106.36,103.43,106.11,68.1321,4824700,0,0
2018-02-26,106.23,106.79,105.18,106.68,68.4982,5654700,0,0
2018-02-27,106.39,106.47,104.08,104.08,66.8287,4414500,0,0
2018-02-28,105.4,105.63,103.5,103.55,66.4884,5346000,0,0
2018-03-01,103.67,105.05,102.93,104.68,67.214,6683300,0,0
2018-03-02,104.31,107.08,104.31,106.81,68.5816,6229100,0,0
2018-03-05,106.04,107.84,105.77,107.7,69.1531,5557500,0,0
2018-03-06,107.76,108,106.62,107.98,69.3329,6041000,0,0
2018-03-07,106.97,107.85,106.33,106.89,68.633,3271400,0,0
2018-03-08,107.16,109.06,106.94,109,69.9878,4053800,0,0
2018-03-09,109.46,109.9,107.98,108.3,69.5383,4398000,0,0
2018-03-12,107.99,108.57,107.14,107.14,68.7935,5081300,0,0
2018-03-13,107.58,107.75,106.83,107.24,68.8577,3847100,0,0
2018-03-14,107.51,107.75,105.36,105.61,67.8111,3287300,0,0
2018-03-15,105.29,105.79,104.78,104.99,67.413,3620800,0,0
2018-03-16,105,105.8,103.17,103.46,66.4306,8277000,0,0
2018-03-19,103.13,103.45,101.7,101.74,65.3262,4968100,0,0
2018-03-20,101.88,102.18,100.12,100.27,64.3824,5194600,0,0
2018-03-21,99.08,99.46,97.06,97.75,63.4413,5917500,1.07,0
2018-03-22,97.56,99.25,97.3,97.67,63.3894,9655800,0,0
2018-03-23,98.3,98.72,95.51,95.63,62.0654,5709200,0,0
2018-03-26,96.49,97.11,95.98,96.35,62.5327,5239200,0,0
2018-03-27,96.36,97.67,95.97,96.73,62.7793,7207000,0,0
2018-03-28,97.45,100.18,97.22,99.79,64.7653,7571000,0,0
2018-03-29,100.28,101.01,99.22,99.4,64.5122,3489300,0,0
2018-04-02,99.59,99.93,97.31,97.54,63.305,4673600,0,0
2018-04-03,98.29,100.07,97.5,99.85,64.8042,5735000,0,0
2018-04-04,99.19,101.36,98.9,100.92,65.4987,5150600,0,0
2018-04-05,101.39,102.21,100.21,101.7,66.0049,4507900,0,0
2018-04-06,101.62,102.41,100.54,101.02,65.5636,5049200,0,0
2018-04-09,101.48,102.04,100.43,100.7,65.3559,4198100,0,0
2018-04-10,101.25,101.78,100.52,101.1,65.6155,2860100,0,0
2018-04-11,100.91,102.29,100.63,100.72,65.3689,3623600,0,0
2018-04-12,101.33,101.93,100.03,100.25,65.0638,3518500,0,0
2018-04-13,100.79,102.33,100.25,101.85,66.1023,3985900,0,0
2018-04-16,102.26,103.35,101.73,102.95,66.8162,3971200,0,0
2018-04-17,103.2,103.55,102.26,103.3,67.0433,6145300,0,0
2018-04-18,102.89,103.11,100.6,101.44,65.8362,5523700,0,0
2018-04-19,93.52,94.26,83.5,85.64,55.5817,45570300,0,0
2018-04-20,85.71,86.3,83.82,84.27,54.6926,17814200,0,0
2018-04-23,84.11,84.59,83.09,83.67,54.3031,11783300,0,0
2018-04-24,83.15,83.59,80.64,82.49,53.5373,13897700,0,0
2018-04-25,82.6,82.94,81.43,81.81,53.096,8361000,0,0
2018-04-26,82.22,82.3,80.47,81.49,52.8883,9191300,0,0
2018-04-27,81.56,83.55,81.35,82.56,53.5827,6591600,0,0
2018-04-30,82.75,83.31,81.87,82,53.2193,6497600,0,0
2018-05-01,81.4,81.7,80.79,81.2,52.7001,4553800,0,0
2018-05-02,81.02,81.18,79.83,80.1,51.9862,6460700,0,0
2018-05-03,80.12,81.34,79.71,80.44,52.2068,5784400,0,0
2018-05-04,80.54,82.51,80.5,81.87,53.1349,5561200,0,0
2018-05-07,81.9,82.08,81.16,81.51,52.9013,4519300,0,0
2018-05-08,81.34,81.39,80.32,80.81,52.447,5108500,0,0
2018-05-09,81,82.79,80.97,81.99,53.2128,5021900,0,0
2018-05-10,81.94,83.04,81.9,83,53.8683,4632600,0,0
2018-05-11,82.71,83.02,81.02,81.2,52.7001,6557200,0,0
2018-05-14,81.25,81.72,80.73,80.86,52.4794,5298300,0,0
2018-05-15,80.42,80.57,79.4,79.93,51.8758,8023300,0,0
2018-05-16,80.39,81.33,80.24,80.89,52.4989,6156800,0,0
2018-05-17,80.89,81.43,80.62,81.04,52.5962,5713400,0,0
2018-05-18,81.26,81.3,80.44,80.75,52.408,5978600,0,0
2018-05-21,81,81.1,79.98,80.15,52.0186,6153300,0,0
2018-05-22,80.25,80.3,79.62,79.87,51.8369,6164800,0,0
2018-05-23,79.93,81.92,79.55,81.7,53.0246,8199300,0,0
2018-05-24,81.6,81.78,80.85,81.61,52.9662,5519500,0,0
2018-05-25,81.75,81.89,80.1,80.34,52.1419,5010400,0,0
2018-05-29,79.8,80.18,78.87,79.27,51.4475,9077000,0,0
2018-05-30,79.75,80.48,79.12,80.32,52.1289,6157500,0,0
2018-05-31,80.29,80.32,78.61,79.54,51.6227,9395500,0,0
2018-06-01,79.45,79.75,78.05,78.18,50.7401,7733900,0,0
2018-06-04,78.08,78.93,77.78,78.41,50.8893,5337000,0,0
2018-06-05,78.51,78.6,77.24,77.51,50.3052,8503100,0,0
2018-06-06,77.55,77.61,76.21,76.85,49.8769,10480800,0,0
2018-06-07,76.85,78.47,76.33,77.39,50.2273,6367600,0,0
2018-06-08,78.27,79.66,78.27,79.42,51.5448,7490000,0,0
2018-06-11,80.27,80.76,79.72,80.47,52.2263,5194600,0,0
2018-06-12,80.26,80.49,79.36,80.32,52.1289,5497900,0,0
2018-06-13,80.67,80.74,79.77,80.1,51.9862,5726300,0,0
2018-06-14,80.21,81.09,79.91,80.85,52.4729,6018200,0,0
2018-06-15,80.54,82.14,80.38,81.88,53.1414,13314100,0,0
2018-06-18,81.5,81.5,79.21,80.03,51.9407,6334900,0,0
2018-06-19,80.03,81.62,80.03,80.84,52.4664,7467400,0,0
2018-06-20,80.79,81.91,80.6,81.75,53.057,6627800,0,0
2018-06-21,79.6,80.03,79.27,79.47,52.3067,6049600,1.14,0
2018-06-22,79.9,80.47,79.8,80.19,52.7806,7007300,0,0
2018-06-25,79.48,80.17,79.37,79.97,52.6358,4272200,0,0
2018-06-26,80.2,80.32,79.28,79.77,52.5042,6640600,0,0
2018-06-27,79.8,80.82,79.2,79.9,52.5897,6918700,0,0
2018-06-28,80.5,81.8,80.27,81.66,53.7481,6613100,0,0
2018-06-29,81.93,81.98,80.66,80.74,53.1426,4689000,0,0
2018-07-02,80.62,81.22,79.5,80.24,52.8135,3956700,0,0
2018-07-03,80.85,81.24,80.23,81.12,53.3927,3225200,0,0
2018-07-05,81.15,82.03,80.71,82.03,53.9917,4165900,0,0
2018-07-06,82.25,83.24,82.01,82.26,54.1431,4719600,0,0
2018-07-09,82.3,82.6,81.45,82.18,54.0904,4366200,0,0
2018-07-10,82.44,82.72,81.83,82.67,54.4129,3604100,0,0
2018-07-11,82.88,83.27,82.33,82.84,54.5248,6191700,0,0
2018-07-12,83.11,84,82.86,83.2,54.7618,5308600,0,0
2018-07-13,82.9,83.24,82.53,82.68,54.4195,7517900,0,0
2018-07-16,82.7,82.74,81.56,81.92,53.9193,6821400,0,0
2018-07-17,81.83,82.59,81.8,82.33,54.1891,6050300,0,0
2018-07-18,82.52,82.93,81.85,82.15,54.0706,6453600,0,0
2018-07-19,79,80.92,76.52,80.9,53.2479,17196100,0,0
2018-07-20,80.1,84.43,80.05,84.31,55.4924,11313100,0,0
2018-07-23,83.42,83.7,82.63,83.22,54.7749,6369900,0,0
2018-07-24,83.18,84.17,82.88,83.56,54.9987,6034100,0,0
2018-07-25,84.43,84.96,83.39,83.81,55.1633,6212500,0,0
2018-07-26,84.27,85.36,83.55,84.46,55.5911,5323000,0,0
2018-07-27,84.48,85.72,84.3,85.47,56.2559,5202400,0,0
2018-07-30,85.64,86.63,85.56,86.62,57.0128,5138200,0,0
2018-07-31,86.75,86.97,85.84,86.3,56.8022,5934000,0,0
2018-08-01,86.03,86.23,85.45,85.54,56.3019,4657400,0,0
2018-08-02,85.62,86.22,85.32,86,56.6047,2781600,0,0
2018-08-03,86.05,87.44,85.65,86.84,57.1576,3485100,0,0
2018-08-06,86.69,86.97,85.98,86.15,56.7034,2770300,0,0
2018-08-07,86.5,86.5,85.3,85.53,56.2954,3086600,0,0
2018-08-08,85.12,85.56,83.66,83.75,55.1238,4319900,0,0
2018-08-09,83.79,84.59,83.72,84.4,55.5516,2600500,0,0
2018-08-10,83.41,83.48,82.17,82.56,54.3405,5087700,0,0
2018-08-13,82.24,82.43,81.26,81.86,53.8798,4733500,0,0
2018-08-14,81.93,82.62,81.81,82.31,54.176,4281600,0,0
2018-08-15,81.99,83.52,81.59,83.41,54.9,4767800,0,0
2018-08-16,83.73,84.74,83.44,84.68,55.7359,3953800,0,0
2018-08-17,84.37,85.27,84.37,85.05,55.9794,4124100,0,0
2018-08-20,85.24,85.28,84.21,84.58,55.6701,2854500,0,0
2018-08-21,84.29,84.35,82.93,83.53,54.979,4993600,0,0
2018-08-22,83.46,83.62,82.23,82.43,54.255,4210700,0,0
2018-08-23,82.42,82.57,81.87,82.32,54.1826,4094500,0,0
2018-08-24,80.7,81.23,79.42,79.69,52.4515,9451700,0,0
2018-08-27,80,80.65,79.81,80.26,52.8267,6102200,0,0
2018-08-28,79.94,80.16,79.13,79.5,52.3264,6437900,0,0
2018-08-29,79.68,79.71,78.84,79.06,52.0368,5499600,0,0
2018-08-30,78.61,78.7,78.2,78.57,51.7143,6338100,0,0
2018-08-31,78.33,78.74,77.48,77.89,51.2667,7001100,0,0
2018-09-04,78,78.17,77.32,77.64,51.1022,5932300,0,0
2018-09-05,77.46,78.95,77.28,78.79,51.8591,6004000,0,0
2018-09-06,78.73,79.11,78.17,78.62,51.7472,4687200,0,0
2018-09-07,78.42,78.89,78.12,78.6,51.7341,4986900,0,0
2018-09-10,79.06,79.84,78.33,78.38,51.5893,3773000,0,0
2018-09-11,78.14,78.41,77.17,77.45,50.9772,4306800,0,0
2018-09-12,77.76,81.57,77.35,80.05,52.6885,9206100,0,0
2018-09-13,80.46,80.59,79.07,79.78,52.5107,4132700,0,0
2018-09-14,79.95,80,78.6,79.33,52.2146,3353600,0,0
2018-09-17,79.54,80.49,79.11,80.3,52.853,4276700,0,0
2018-09-18,80.5,80.95,79.58,80.33,52.8727,4255700,0,0
2018-09-19,80.12,81.1,80.03,80.91,53.2545,4147900,0,0
2018-09-20,80.96,82.75,80.89,82.55,54.334,5431500,0,0
2018-09-21,82.94,83.86,82.01,83.75,55.1238,12837800,0,0
2018-09-24,83.51,83.75,80.85,81.61,53.7152,7696700,0,0
2018-09-25,80.61,81.23,79.83,79.91,53.3414,4876300,1.14,0
2018-09-26,80.13,81.23,79.95,80.5,53.7353,5867400,0,0
2018-09-27,81.13,82.32,80.72,81.51,54.4095,4945700,0,0
2018-09-28,81.54,82.29,81.07,81.54,54.4295,5286200,0,0
2018-10-01,81.41,81.91,80.45,81.82,54.6164,3718300,0,0
2018-10-02,82.01,83.52,81.99,83.52,55.7512,5404700,0,0
2018-10-03,83.56,83.99,82.54,82.91,55.344,5948600,0,0
2018-10-04,82.26,83.85,82.05,83.82,55.9514,5888000,0,0
2018-10-05,83.93,84.4,83.6,84.1,56.1383,5448500,0,0
2018-10-08,84.1,85.31,84.1,84.89,56.6657,6380300,0,0
2018-10-09,85.07,85.48,84.63,84.63,56.4921,5369100,0,0
2018-10-10,84.75,86.22,84.03,84.62,56.4854,6532300,0,0
2018-10-11,84.62,85,81.45,82.31,54.9435,9617400,0,0
2018-10-12,82.06,82.47,80.79,82.31,54.9435,6419600,0,0
2018-10-15,82.36,84.86,82.27,83.49,55.7311,4556500,0,0
2018-10-16,82.65,83.78,81.82,83.5,55.7378,4232800,0,0
2018-10-17,83.48,85.12,83.02,84.56,56.4454,5048700,0,0
2018-10-18,86.01,89.34,85.65,87.52,58.4212,11167400,0,0
2018-10-19,88.33,89.01,88.09,88.83,59.2957,6814600,0,0
2018-10-22,89.09,89.7,87.13,87.51,58.4146,5273200,0,0
2018-10-23,87.65,89.28,87.62,88.5,59.0754,7462200,0,0
2018-10-24,88.71,90.19,87.91,89.2,59.5427,7649000,0,0
2018-10-25,88.94,91.18,87.89,90.63,60.4972,6933700,0,0
2018-10-26,90.38,91.21,88.39,89,59.4092,7656700,0,0
2018-10-29,89.25,90.67,88.86,90.46,60.3838,8138800,0,0
2018-10-30,91.2,92.69,89.87,90.47,60.3904,6472300,0,0
2018-10-31,90.04,90.24,87.51,88.07,58.7884,9509300,0,0
2018-11-01,88.33,89.13,87.35,88.35,58.9753,5630400,0,0
2018-11-02,88.18,88.79,87.07,88.75,59.2423,5850200,0,0
2018-11-05,88.69,90.13,88.65,89.55,59.7763,4633400,0,0
2018-11-06,88.76,89.43,88.39,88.77,59.2556,6557200,0,0
2018-11-07,89.28,89.72,88.08,89.07,59.4559,5779300,0,0
2018-11-08,88.8,89.92,88.5,89.48,59.7296,3600800,0,0
2018-11-09,90.14,90.88,89.02,89.18,59.5293,5182700,0,0
2018-11-12,88.07,88.77,87.39,87.96,58.715,5233400,0,0
2018-11-13,87.61,88.5,86.31,86.4,57.6736,7054500,0,0
2018-11-14,87.05,87.05,85.19,85.5,57.0728,6219100,0,0
2018-11-15,84.82,85.84,84.39,85.83,57.2931,6377800,0,0
2018-11-16,85.7,86.45,85.53,86.33,57.6269,5196700,0,0
2018-11-19,86.92,87.67,86.3,87.63,58.4947,5402600,0,0
2018-11-20,88.32,88.97,86.54,86.55,57.7737,4949200,0,0
2018-11-21,86.42,86.42,83.62,83.95,56.0382,5915700,0,0
2018-11-23,83.05,84.65,83.05,84.05,56.105,2521100,0,0
2018-11-26,84.05,84.24,82.83,83.84,55.9648,4347600,0,0
2018-11-27,84.2,85.27,84.01,85.05,56.7725,4975900,0,0
2018-11-28,85.05,86.5,84.75,86.39,57.6669,4754800,0,0
2018-11-29,86.5,87.14,86.27,86.96,58.0474,4269300,0,0
2018-11-30,87.22,87.37,86.02,86.53,57.7604,5651600,0,0
2018-12-03,86.53,87.14,85.03,87.08,58.1275,6580600,0,0
2018-12-04,87.41,88.52,85.23,85.43,57.0261,5325100,0,0
2018-12-06,85.53,85.7,83.69,85.29,56.9327,6413000,0,0
2018-12-07,85,85.75,84.17,84.56,56.4454,4780800,0,0
2018-12-10,85.13,85.22,83.28,84.22,56.2184,5431900,0,0
2018-12-11,84.65,85.54,83.68,84.33,56.2919,4989000,0,0
2018-12-12,85.41,85.79,83.73,83.82,55.9514,7762200,0,0
2018-12-13,83.59,84.88,83.56,84.34,56.2985,3992800,0,0
2018-12-14,83.89,83.93,82.17,82.5,55.0703,5676800,0,0
2018-12-17,82.63,82.78,80.96,81.4,54.336,8359500,0,0
2018-12-18,80.06,80.33,75.14,75.17,50.1774,13641300,0,0
2018-12-19,74.75,74.77,71.61,72.04,48.8286,13595400,1.14,0
2018-12-20,71.49,71.5,68.74,69.08,46.8223,19218400,0,0
2018-12-21,68.95,71.35,66.11,66.21,44.877,21310100,0,0
2018-12-24,66.43,67.04,65.71,65.97,44.7143,6647000,0,0
2018-12-26,66.05,66.87,64.75,66.86,45.3176,9326100,0,0
2018-12-27,66.48,66.99,64.67,66.68,45.1956,11009700,0,0
2018-12-28,67.65,69.08,66.9,67.27,45.5955,8260000,0,0
2018-12-31,66.97,67.33,65.69,66.76,45.2498,6663800,0,0
2019-01-02,66.13,67.77,65.74,67.31,45.6226,6471200,0,0
2019-01-03,67.02,68.26,66.29,66.44,45.0329,6178200,0,0
2019-01-04,67.03,69.57,66.95,69.55,47.1409,7220700,0,0
2019-01-07,69.19,69.3,67.34,67.42,45.6971,7807200,0,0
2019-01-08,67.68,68.28,67.51,67.87,46.0022,7257700,0,0
2019-01-09,68.25,68.71,67.8,67.91,46.0293,5924000,0,0
2019-01-10,68.18,68.72,67.97,68.15,46.1919,8988200,0,0
2019-01-11,68.46,69.52,67.83,69.5,47.107,7150400,0,0
2019-01-14,69.24,69.92,68.99,69.62,47.1883,8408700,0,0
2019-01-15,69.35,70.66,69.2,70.5,47.7848,6639200,0,0
2019-01-16,70.4,71.05,69.36,70.75,47.9542,7360400,0,0
2019-01-17,70.61,72.75,70.31,72.52,49.1539,7974500,0,0
2019-01-18,73.26,74.19,72.66,73.79,50.0147,8715800,0,0
2019-01-22,73.36,73.86,71.85,72.81,49.3505,10288300,0,0
2019-01-23,73.17,74.16,72.75,74,50.1571,6260800,0,0
2019-01-24,73.55,73.82,70.31,71.55,48.4964,13249600,0,0
2019-01-25,72.08,73.52,71.94,72.73,49.2963,5211600,0,0
2019-01-28,72.61,74.5,72.14,74.35,50.3943,6605300,0,0
2019-01-29,74.45,75.18,74.04,74.41,50.435,4798100,0,0
2019-01-30,74.85,75.31,74.36,74.48,50.4824,6093700,0,0
2019-01-31,74.8,77.1,74.33,76.72,52.0007,8512400,0,0
2019-02-01,77.03,77.05,75.33,75.73,51.3297,7805500,0,0
2019-02-04,75.51,76.19,75.26,76.05,51.5465,5362200,0,0
2019-02-05,76.01,76.25,75.6,75.81,51.3839,4760000,0,0
2019-02-06,75.54,76.11,75.34,75.51,51.1805,4993800,0,0
2019-02-07,77.76,78.62,75.77,76.73,52.0074,6972400,0,0
2019-02-08,76.99,80.02,76.4,79.98,54.2103,12070200,0,0
2019-02-11,79.56,80.03,78.92,79.05,53.5799,7012000,0,0
2019-02-12,79.2,80.86,78.97,80.6,54.6305,6144800,0,0
2019-02-13,80.96,81.33,80.55,81.3,55.105,5248700,0,0
2019-02-14,81.11,82.5,81.02,81.85,55.4778,5625500,0,0
2019-02-15,82.8,83.56,82.2,83.46,56.569,6435100,0,0
2019-02-19,83.53,83.7,82.63,83.39,56.5216,5307100,0,0
2019-02-20,83.48,85.78,83.39,85.04,57.6399,5633000,0,0
2019-02-21,85.05,85.82,84.53,85.58,58.006,5887200,0,0
2019-02-22,85.48,87.25,85.16,87.15,59.0701,4317800,0,0
2019-02-25,87.41,87.7,86.57,86.6,58.6973,5020100,0,0
2019-02-26,86.31,87.47,86.2,86.51,58.6363,4756200,0,0
2019-02-27,87.28,87.6,86.73,87.27,59.1514,4669900,0,0
2019-02-28,87.27,87.54,86.76,86.94,58.9278,4290100,0,0
2019-03-01,87.42,87.7,86.75,87.51,59.3141,4379100,0,0
2019-03-04,87.8,88,86.66,87.28,59.1582,3711700,0,0
2019-03-05,86.82,87.68,86.54,86.98,58.9549,5547100,0,0
2019-03-06,86.98,87.38,86.38,87.02,58.982,4938400,0,0
2019-03-07,87.07,87.14,86.39,86.97,58.9481,4802400,0,0
2019-03-08,86.91,87.97,86.76,87.45,59.2734,3865500,0,0
2019-03-11,87.61,89.5,87.61,89.24,60.4867,6022500,0,0
2019-03-12,89.5,90.27,88.48,88.8,60.1885,5669800,0,0
2019-03-13,88.89,89.79,88.58,89.5,60.6629,4468900,0,0
2019-03-14,89.13,89.91,88.96,89.79,60.8595,4534700,0,0
2019-03-15,89.56,91.32,89.4,90.85,61.578,12348400,0,0
2019-03-18,91.24,91.3,90.56,90.73,61.4966,5948500,0,0
2019-03-19,90.73,91.55,90.15,90.5,61.3407,6075400,0,0
2019-03-20,90.3,91.02,89.86,90.74,61.5034,5253800,0,0
2019-03-21,90.34,92.01,90.23,91.91,62.2964,4262600,0,0
2019-03-22,91.67,92.74,91.13,91.17,61.7948,5980000,0,0
2019-03-25,89.53,89.79,88.17,88.27,60.5868,7938800,1.14,0
2019-03-26,88.61,89.44,88.28,88.59,60.8065,5925700,0,0
2019-03-27,88.27,88.61,85.95,87.03,59.7357,6483200,0,0
2019-03-28,87,87.98,86.89,87.28,59.9073,5840000,0,0
2019-03-29,87.48,88.51,87.08,88.39,60.6692,6314000,0,0
2019-04-01,88.38,88.83,87.94,88.2,60.5388,4249600,0,0
2019-04-02,88.65,89.09,87.74,88.01,60.4084,3995200,0,0
2019-04-03,87.54,87.86,85.18,85.81,58.8983,7323500,0,0
2019-04-04,86.09,86.7,85.95,86.07,59.0768,4672800,0,0
2019-04-05,86.11,86.25,84.91,85.44,58.6443,5495000,0,0
2019-04-08,85.77,85.83,84.96,85.31,58.5551,4439100,0,0
2019-04-09,85.23,86.04,85.09,85.84,58.9189,3898900,0,0
2019-04-10,85.52,86.04,85.41,85.71,58.8297,2855400,0,0
2019-04-11,85.76,86,85.47,85.51,58.6924,3893400,0,0
2019-04-12,86,86.04,85.35,85.77,58.8708,4652900,0,0
2019-04-15,86.1,86.69,85.86,86.19,59.1592,3491300,0,0
2019-04-16,86.24,86.66,85.84,86.21,59.1729,4544800,0,0
2019-04-17,86.42,86.5,85.15,85.48,58.6718,4675700,0,0
2019-04-18,85.64,87.45,82.63,84.49,57.9923,7765400,0,0
2019-04-22,84.14,85.39,83.91,84.29,57.855,3530300,0,0
2019-04-23,84.4,85.07,83.92,84.91,58.2806,6397600,0,0
2019-04-24,84.73,84.83,83.17,84.45,57.9649,4716500,0,0
2019-04-25,83.45,83.9,82.45,83.59,57.3745,5241400,0,0
2019-04-26,83.94,85.13,83.89,84.76,58.1776,3930300,0,0
2019-04-29,84.67,85.3,84.39,84.9,58.2737,4416700,0,0
2019-04-30,84.83,87.53,84.57,86.56,59.4131,5640300,0,0
2019-05-01,87.05,87.13,85.68,85.78,58.8777,3655700,0,0
2019-05-02,85.42,86.73,84.71,84.92,58.2874,2852800,0,0
2019-05-03,85.51,85.95,84.92,85.7,58.8228,2738800,0,0
2019-05-06,85.22,85.89,84.46,85.12,58.4247,3307900,0,0
2019-05-07,84.61,84.84,83.03,84.43,57.9511,4804400,0,0
2019-05-08,84.22,84.55,83.36,83.81,57.5256,3224000,0,0
2019-05-09,83.38,84.23,82.67,83.93,57.6079,3503200,0,0
2019-05-10,83.44,84.81,82.6,84.54,58.0266,3318400,0,0
2019-05-13,83.85,83.88,83.13,83.7,57.45,2491200,0,0
2019-05-14,83.29,85.26,83.07,84.09,57.7178,3157100,0,0
2019-05-15,83.74,85.58,83.51,85.34,58.5757,3223700,0,0
2019-05-16,85.35,86.09,84.94,85.51,58.6924,2928000,0,0
2019-05-17,85.74,87.2,84.88,86.81,59.5847,3886200,0,0
2019-05-20,86.57,87.57,85.72,86.23,59.1866,3131300,0,0
2019-05-21,86.45,86.7,85.63,85.76,58.864,3165300,0,0
2019-05-22,85.37,85.96,84.73,85.49,58.6787,2886000,0,0
2019-05-23,85.49,86.28,85.36,86.24,59.1935,2814700,0,0
2019-05-24,86.22,86.22,83.83,84.64,58.0952,3283900,0,0
2019-05-28,84.02,84.02,80.92,81.55,55.9743,8499900,0,0
2019-05-29,80.74,81.72,80.7,81.14,55.6929,4282100,0,0
2019-05-30,81.32,81.56,79.35,79.6,54.6359,3827700,0,0
2019-05-31,79.31,79.86,76.99,77.13,52.9405,6420800,0,0
2019-06-03,77.51,78.64,76.87,78.61,53.9564,5160200,0,0
2019-06-04,79.15,79.49,78.17,78.5,53.8809,3850900,0,0
2019-06-05,78.95,79,76.65,77.25,53.0229,5201800,0,0
2019-06-06,77.55,78.68,77.11,77.2,52.9886,4730500,0,0
2019-06-07,77.82,78.77,77.57,78.17,53.6544,4590000,0,0
2019-06-10,78.15,78.39,76.64,76.96,52.8239,4617000,0,0
2019-06-11,77.17,78.55,77,78.14,53.6338,4607100,0,0
2019-06-12,77.74,78.41,77,77.21,52.9955,3147000,0,0
2019-06-13,77.28,77.78,77.07,77.59,53.2563,3555700,0,0
2019-06-14,77.8,78.37,77.04,77.2,52.9886,5521300,0,0
2019-06-17,77.01,78.63,76.92,77.99,53.5308,4917100,0,0
2019-06-18,78.26,78.36,76.24,77.11,52.9268,5186100,0,0
2019-06-19,77.58,77.6,76.08,76.65,52.6111,5512300,0,0
2019-06-20,76.13,77.42,75.58,77.18,53.7746,7404800,1.14,0
2019-06-21,77.25,79.22,76.38,79.22,55.196,17187700,0,0
2019-06-24,78.6,79.36,77.7,77.83,54.2275,6912100,0,0
2019-06-25,78,79.05,77.42,78.82,54.9173,5568500,0,0
2019-06-26,78.9,78.9,77.2,77.38,53.914,6268500,0,0
2019-06-27,77.5,78.26,77.28,77.92,54.2902,3951500,0,0
2019-06-28,78.22,78.57,77.65,78.53,54.7152,8436200,0,0
2019-07-01,78.8,78.95,77.83,77.98,54.332,4227600,0,0
2019-07-02,78.36,79.82,77.96,79.75,55.5653,4015200,0,0
2019-07-03,79.98,80.66,79.43,80.63,56.1784,3860900,0,0
2019-07-05,80.35,80.42,78.46,80.12,55.8231,3425200,0,0
2019-07-08,80.25,80.87,79.52,79.61,55.4677,3203300,0,0
2019-07-09,79.64,80.21,78.94,79.44,55.3493,3579300,0,0
2019-07-10,79.36,80.38,79.27,80.28,55.9345,4297100,0,0
2019-07-11,80.43,81.78,80.11,81.26,56.6173,4381000,0,0
2019-07-12,81.55,82.11,81.43,81.89,57.0563,4257100,0,0
2019-07-15,82,82.19,81.08,81.47,56.7636,5325300,0,0
2019-07-16,81.27,81.68,80.95,81.58,56.8403,3071400,0,0
2019-07-17,81.5,81.94,80.85,81.05,56.471,2929600,0,0
2019-07-18,84.7,89.45,84.5,87.71,61.1113,13397100,0,0
2019-07-19,88.36,89.98,87.86,88.73,61.822,7561700,0,0
2019-07-22,88.97,89.05,86.88,86.95,60.5818,5366100,0,0
2019-07-23,87.48,87.59,86.17,86.75,60.4425,4758400,0,0
2019-07-24,86.42,86.63,84.75,85.02,59.2371,4316500,0,0
2019-07-25,85.27,86.29,84.75,85.63,59.6621,3715600,0,0
2019-07-26,85.84,86.48,85.23,85.98,59.906,3348300,0,0
2019-07-29,86.29,87.03,85.84,86.76,60.4494,4461400,0,0
2019-07-30,86.02,86.57,85.17,86.3,60.1289,3952800,0,0
2019-07-31,85.94,86.4,82.18,83.61,58.2547,6793000,0,0
2019-08-01,84.3,85.21,82.41,82.45,57.4465,6385200,0,0
2019-08-02,82.7,84.55,81.88,84.17,58.6449,6109100,0,0
2019-08-05,83.57,83.82,79.49,80.26,55.9206,6849300,0,0
2019-08-06,81.12,81.65,80.56,81.32,56.6592,6313100,0,0
2019-08-07,80.36,81.66,79.35,81.36,56.687,6434700,0,0
2019-08-08,81.43,82.72,81.31,82.48,57.4674,3266600,0,0
2019-08-09,82.43,82.99,81.79,82.59,57.544,3068500,0,0
2019-08-12,82.45,83.04,81.72,82.38,57.3977,2172500,0,0
2019-08-13,81.64,84.1,81.64,83.95,58.4916,4476900,0,0
2019-08-14,83.51,83.77,83.02,83.33,58.0596,6642500,0,0
2019-08-15,83.93,84.69,83.11,84.49,58.8678,3980200,0,0
2019-08-16,84.73,85.51,84.66,84.91,59.1604,3302500,0,0
2019-08-19,85.65,86.05,84.78,85.01,59.2301,3108100,0,0
2019-08-20,84.91,84.98,82.29,83,57.8297,3656000,0,0
2019-08-21,83.42,83.6,82.08,83.05,57.8645,3311100,0,0
2019-08-22,82.55,83.86,82.42,82.95,57.7948,3681200,0,0
2019-08-23,82.79,83.35,80.66,81.22,56.5895,4263800,0,0
2019-08-26,81,81.57,76.41,77.73,54.1578,11518000,0,0
2019-08-27,75.1,75.4,69.27,71.7,49.9565,41583100,0,0
2019-08-28,71.92,75.67,71.9,74.32,51.782,18953200,0,0
2019-08-29,75.28,75.65,71.61,72.72,50.6672,13238200,0,0
2019-08-30,72.83,73.22,71.75,72.09,50.2282,9045000,0,0
2019-09-03,72,72.79,71.11,72.66,50.6254,4466900,0,0
2019-09-04,72.69,73.25,71.52,73.02,50.8762,5386700,0,0
2019-09-05,73.4,73.42,71.88,71.95,50.1307,6613400,0,0
2019-09-06,72.26,73.42,71.98,72.97,50.8414,6130000,0,0
2019-09-09,73,73.39,72.42,73.3,51.0713,5528100,0,0
2019-09-10,72.7,74.56,72.5,74.5,51.9074,7401900,0,0
2019-09-11,74.54,75.48,74.12,75.07,52.3045,8443100,0,0
2019-09-12,75.21,75.4,74.05,74.9,52.1861,6242900,0,0
2019-09-13,74.31,74.78,73,73.05,50.8971,10572800,0,0
2019-09-16,72.18,72.72,71.77,72.6,50.5835,10547300,0,0
2019-09-17,73.45,73.46,71.87,72.02,50.1794,7752700,0,0
2019-09-18,71.87,72.33,71.06,71.56,49.8589,7359600,0,0
2019-09-19,71.5,72.2,71.1,71.71,49.9634,8374200,0,0
2019-09-20,71.21,72.83,71,71.2,49.6081,15987500,0,0
2019-09-23,71,72.77,70.57,72,50.1655,6967500,0,0
2019-09-24,71.16,71.88,70.9,71.56,50.6825,8846900,1.17,0
2019-09-25,76.93,77.88,75.08,75.28,53.3172,20435300,0,0
2019-09-26,74.91,75.82,74.29,75.29,53.3243,5954400,0,0
2019-09-27,75.16,75.65,74.65,75.13,53.211,4142900,0,0
2019-09-30,75.16,76.18,75.03,75.93,53.7776,4908900,0,0
2019-10-01,76.21,77.99,76.06,77.83,55.1233,7555000,0,0
2019-10-02,77.83,78.1,76.19,76.72,54.3371,7000600,0,0
2019-10-03,76.3,77.25,75.81,76.77,54.3725,3550900,0,0
2019-10-04,76.43,78.37,76.32,78.28,55.442,4381300,0,0
2019-10-07,78.1,78.37,77.17,77.17,54.6558,5370900,0,0
2019-10-08,76.71,77.38,76.04,76.37,54.0892,5773900,0,0
2019-10-09,76.91,77.52,76.58,77.45,54.8541,3831200,0,0
2019-10-10,78.04,78.29,77.01,77.75,55.0666,3885800,0,0
2019-10-11,78.48,78.63,77.15,77.95,55.2083,6289000,0,0
2019-10-14,76.93,78.05,76.15,78.03,55.2649,4137500,0,0
2019-10-15,78.06,78.35,77.61,78.32,55.4703,4085900,0,0
2019-10-16,78.43,79.79,78.43,79.1,56.0227,7488400,0,0
2019-10-17,80.3,80.42,77.91,79.85,56.5539,8730300,0,0
2019-10-18,79.95,81.96,79.95,80.55,57.0497,8444700,0,0
2019-10-21,80.34,81.9,80.3,81.8,57.935,4174900,0,0
2019-10-22,81.54,81.97,81.17,81.17,57.4888,4396900,0,0
2019-10-23,81.34,82.12,81.18,81.78,57.9209,3015300,0,0
2019-10-24,81.89,82.07,81.02,81.45,57.6871,3665500,0,0
2019-10-25,80.85,82.13,80.55,81.98,58.0625,3452600,0,0
2019-10-28,82,82.38,81.68,82.09,58.1404,3537600,0,0
2019-10-29,81.54,82.45,81.27,81.85,57.9704,3443300,0,0
2019-10-30,82.02,82.11,80.45,81.21,57.5172,3644200,0,0
2019-10-31,81.6,82.03,80.58,81.44,57.6801,4689400,0,0
2019-11-01,81.83,83.04,81.83,82.97,58.7637,4291800,0,0
2019-11-04,82.69,83.98,82.43,83.44,59.0966,4294100,0,0
2019-11-05,83.71,84.78,83.36,84.2,59.6348,4820400,0,0
2019-11-06,84.35,84.7,83.54,83.7,59.2807,4604700,0,0
2019-11-07,83.87,83.91,82.17,82.25,58.2538,5217600,0,0
2019-11-08,82.19,83.67,81.73,83.57,59.1886,5287600,0,0
2019-11-11,83.45,84.1,83.18,83.74,59.309,2992400,0,0
2019-11-12,83.72,84.5,83.49,84.46,59.819,3671200,0,0
2019-11-13,84.21,84.84,84.14,84.73,60.0102,3671400,0,0
2019-11-14,84.69,84.69,83.54,83.64,59.2382,2896700,0,0
2019-11-15,83.89,84.8,83.59,84.79,60.0527,4611400,0,0
2019-11-18,85,85.32,84.57,84.79,60.0527,3236800,0,0
2019-11-19,84.39,84.74,83.42,83.46,59.1107,4845200,0,0
2019-11-20,83.22,85.6,83.17,83.48,59.1249,5670100,0,0
2019-11-21,83.67,84.9,83.04,83.46,59.1107,4030700,0,0
2019-11-22,83.73,84.33,82.36,82.38,58.3458,4764400,0,0
2019-11-25,82.5,82.77,81.55,82.37,58.3387,8015400,0,0
2019-11-26,82.56,83.26,81.72,82.27,58.2679,5258500,0,0
2019-11-27,82.67,83.18,81.67,82.48,58.4166,4130800,0,0
2019-11-29,82.23,83.14,82.23,82.93,58.7354,2927900,0,0
2019-12-02,82.55,82.81,81.72,82.6,58.5016,4402300,0,0
2019-12-03,83,83.07,81.79,82.97,58.7637,4750300,0,0
2019-12-04,82.46,83.04,81.88,82.1,58.1475,5053500,0,0
2019-12-05,82.07,82.43,81.4,82.38,58.3458,5209800,0,0
2019-12-06,83.16,83.68,82.61,83.25,58.962,3787000,0,0
2019-12-09,83.77,83.93,83.44,83.59,59.2028,3295500,0,0
2019-12-10,83.34,84.23,83.08,83.9,59.4224,3496300,0,0
2019-12-11,84.25,85.12,84,84.84,60.0881,3719700,0,0
2019-12-12,84.84,85,84,84.05,59.5286,6104400,0,0
2019-12-13,84,84.89,83.66,84.67,59.9677,5574800,0,0
2019-12-16,85.35,86.46,85.31,86.25,61.0867,5594500,0,0
2019-12-17,85.84,86.31,85.23,85.95,60.8743,5435500,0,0
2019-12-18,84.7,85.9,84.45,85.7,61.5349,6240900,1.17,0
2019-12-19,85.9,86.24,85.6,85.99,61.7431,5085200,0,0
2019-12-20,86.88,87.08,85.2,85.27,61.2261,9379200,0,0
2019-12-23,85.59,86.14,85.52,86.02,61.7646,3992400,0,0
2019-12-24,86.02,86.41,85.82,86.11,61.8293,1233800,0,0
2019-12-26,86.24,86.51,85.51,86.03,61.7718,2549100,0,0
2019-12-27,86.02,86.44,85.79,86.31,61.9729,2326500,0,0
2019-12-30,86.39,86.67,85.52,85.7,61.5349,2568800,0,0
2019-12-31,85.71,85.89,84.78,85.09,61.0969,3718900,0,0
2020-01-02,85.51,86.17,84.76,85.19,61.1687,5107200,0,0
2020-01-03,85.03,85.94,84.86,85.03,61.0538,3806700,0,0
2020-01-06,84.91,86.11,84.37,86.02,61.7646,7041400,0,0
2020-01-07,85.63,86.83,85.27,86.4,62.0375,4311600,0,0
2020-01-08,86.8,88.35,86.43,88.04,63.2151,5337600,0,0
2020-01-09,88.37,88.67,87.42,88.28,63.3874,6180100,0,0
2020-01-10,88.96,89,87.33,87.46,62.7986,4411000,0,0
2020-01-13,87.41,88.45,87.27,87.82,63.0571,5402900,0,0
2020-01-14,87.7,87.94,87.24,87.58,62.8848,5129300,0,0
2020-01-15,87.31,88.89,87.3,88.32,63.4161,4155400,0,0
2020-01-16,88.62,88.87,88.19,88.56,63.5884,2602300,0,0
2020-01-17,88.58,88.88,87.74,88.69,63.6818,5908400,0,0
2020-01-21,88.44,88.99,87.9,88.87,63.811,6373200,0,0
2020-01-22,88.57,89.13,88.49,88.98,63.89,4595700,0,0
2020-01-23,88.56,88.82,87.02,87.08,62.5257,4592100,0,0
2020-01-24,86.83,87.33,85.64,86.15,61.858,3888700,0,0
2020-01-27,85.45,85.9,84.57,84.71,60.824,3795400,0,0
2020-01-28,84.55,84.94,84.07,84.68,60.8025,5263700,0,0
2020-01-29,84.87,85.19,83.94,83.96,60.2855,4418500,0,0
2020-01-30,83.21,84.53,82.53,84.33,60.5512,5625100,0,0
2020-01-31,84.19,84.3,82.27,82.7,59.3808,4861600,0,0
2020-02-03,82.64,84.19,82.64,83,59.5962,3356400,0,0
2020-02-04,83.02,84.11,82.82,83.6,60.027,4615900,0,0
2020-02-05,83.6,84.78,83.6,83.94,60.2711,4860800,0,0
2020-02-06,84.8,88.8,84.58,86.18,61.8795,7306200,0,0
2020-02-07,86.3,87.74,86.22,87.45,62.7914,4654600,0,0
2020-02-10,87.34,88.77,86.91,88.75,63.7248,6392400,0,0
2020-02-11,88.75,90.17,88.36,89.44,64.2203,4975000,0,0
2020-02-12,89,89.3,87.37,87.9,63.1145,4086100,0,0
2020-02-13,88.84,89.73,87.54,88.82,63.7751,4322800,0,0
2020-02-14,88.88,89.23,88.01,88.5,63.5453,3348600,0,0
2020-02-18,88.29,88.39,87.05,87.44,62.7842,3606200,0,0
2020-02-19,87.81,87.97,86.88,87.88,63.1002,4372000,0,0
2020-02-20,87.5,87.77,86.14,87.44,62.7842,3076400,0,0
2020-02-21,86.86,89.7,86.68,89.64,64.3639,6314300,0,0
2020-02-24,88.22,88.55,85.38,85.57,61.4415,6497400,0,0
2020-02-25,85.93,87.15,84.13,85,61.0322,6125500,0,0
2020-02-26,85,86.62,84.81,86.25,61.9298,7929700,0,0
2020-02-27,84.86,87.45,83.07,83.07,59.6465,8930500,0,0
2020-02-28,81,81.97,77.73,81.87,58.7848,13650600,0,0
2020-03-02,81.61,85.04,80.81,84.97,61.0107,6916400,0,0
2020-03-03,84.88,86.95,82.65,83.5,59.9552,6034700,0,0
2020-03-04,84.34,88.78,84.15,88.74,63.7177,5675300,0,0
2020-03-05,86.68,89.18,86.5,87.86,63.0858,6587500,0,0
2020-03-06,84.57,87.56,83.74,87.27,62.6622,6596900,0,0
2020-03-09,82.17,84.82,79.32,81.63,58.6125,10717700,0,0
2020-03-10,83.28,84.97,80.88,84.73,60.8384,7496100,0,0
2020-03-11,82.04,82.7,79.09,79.84,57.3272,7083200,0,0
2020-03-12,73.54,76.83,70.27,72.25,51.8774,11487200,0,0
2020-03-13,75.12,79.79,72.35,79.5,57.0831,11013100,0,0
2020-03-16,70.76,74.66,68.41,69.6,49.9746,10163400,0,0
2020-03-17,71.67,75.13,70.6,73.99,53.1268,11051400,0,0
2020-03-18,70.27,73.48,59.83,64.91,46.6071,14720100,0,0
2020-03-19,64.26,67.22,61.01,66.43,47.6985,9453600,0,0
2020-03-20,64.9,65.26,60.29,61.09,44.6506,12175000,1.17,0
2020-03-23,58.96,60.58,56.01,59.98,43.8393,14031200,0,0
2020-03-24,60.95,66.11,60.78,63.6,46.4852,9328700,0,0
2020-03-25,61.61,68.58,61.01,66.07,48.2905,9075300,0,0
2020-03-26,66.13,72.04,65.98,71.16,52.0108,7830700,0,0
2020-03-27,68.79,71.58,67.39,69.15,50.5417,7972300,0,0
2020-03-30,70.32,73,70.02,72.55,53.0268,6361400,0,0
2020-03-31,72.57,75.02,72.2,72.96,53.3264,11601800,0,0
2020-04-01,69.77,71.99,69.28,71.12,51.9816,6497600,0,0
2020-04-02,70.26,75.06,70.12,74.34,54.3351,6143500,0,0
2020-04-03,75.44,75.5,72.77,73.46,53.6919,5254100,0,0
2020-04-06,75.38,76.61,74.16,75.68,55.3145,6293100,0,0
2020-04-07,76.87,77.27,73.72,74.51,54.4593,7069800,0,0
2020-04-08,75.17,75.91,74.36,74.66,54.569,6565800,0,0
2020-04-09,75.92,77.73,74.93,75.34,55.066,9281000,0,0
2020-04-13,75.01,75.48,73.67,73.95,54.05,6382000,0,0
2020-04-14,74.35,77.45,74.15,77.18,56.4108,6154200,0,0
2020-04-15,75.6,75.83,73.77,75.44,55.139,5730300,0,0
2020-04-16,76,76.48,74.22,75.39,55.1025,4531900,0,0
2020-04-17,76.42,78.87,76.19,77.96,56.9809,5352200,0,0
2020-04-20,76.14,78.14,75.77,76.86,56.1769,5953700,0,0
2020-04-21,72.98,75.52,71.6,72.28,52.8294,7726900,0,0
2020-04-22,73.67,73.86,71.85,73.06,53.3995,4868300,0,0
2020-04-23,73.06,73.41,71.75,71.78,52.464,5332400,0,0
2020-04-24,72.5,73.97,72.3,73.67,53.8454,4193500,0,0
2020-04-27,74.05,75.21,73.6,74.92,54.759,3915900,0,0
2020-04-28,76.31,78.46,76.11,77.25,56.462,5487400,0,0
2020-04-29,78.2,78.44,76.36,76.5,55.9138,4583600,0,0
2020-04-30,75.95,76.16,72.78,74.6,54.5251,9192200,0,0
2020-05-01,74.55,74.89,72.91,73.28,53.5603,4782300,0,0
2020-05-04,73.02,73.4,71.14,73.31,53.5822,4589800,0,0
2020-05-05,73.82,74.36,72.19,72.2,52.7709,3696400,0,0
2020-05-06,72.43,72.52,69.55,71.5,52.2593,7199100,0,0
2020-05-07,72.73,72.73,70.07,70.14,51.2653,7019200,0,0
2020-05-08,71.49,72.43,71.31,72,52.6248,5573700,0,0
2020-05-11,71.75,71.99,70.85,71.28,52.0985,3916800,0,0
2020-05-12,71.83,72.24,69.87,69.87,51.0679,4703300,0,0
2020-05-13,69.67,69.99,68.29,68.79,50.2786,4541200,0,0
2020-05-14,68.5,68.57,66.85,67.96,49.6719,5878300,0,0
2020-05-15,68.64,68.71,67.46,67.78,49.5404,3727000,0,0
2020-05-18,69.66,69.87,68,68.25,49.8839,6661100,0,0
2020-05-19,67.87,68.64,67.21,68.51,50.0739,4830600,0,0
2020-05-20,68.79,70.52,68.08,70.47,51.5065,5298200,0,0
2020-05-21,70.23,71.69,69.83,70.5,51.5284,6851900,0,0
2020-05-22,70.5,70.64,69.51,70.45,51.4919,2605300,0,0
2020-05-26,71.57,72.47,71.52,72.13,52.7198,5627800,0,0
2020-05-27,73.5,74.1,73,73.91,54.0208,5959800,0,0
2020-05-28,75,75,73.47,73.51,53.7284,5536000,0,0
2020-05-29,72.95,73.62,71.86,73.36,53.6188,7185900,0,0
2020-06-01,73.35,74.35,73.35,73.79,53.9331,3309300,0,0
2020-06-02,74.33,74.33,73.2,73.73,53.8892,3869800,0,0
2020-06-03,74.45,74.6,73.86,74.21,54.24,5182400,0,0
2020-06-04,74,75.27,73.52,75.19,54.9563,4206700,0,0
2020-06-05,76.5,77.18,75.78,75.91,55.4826,5395600,0,0
2020-06-08,75.46,77.78,75.1,77.7,56.7909,5141100,0,0
2020-06-09,77.07,77.09,75.43,75.65,55.2925,4315400,0,0
2020-06-10,76.13,76.39,75.13,75.14,54.9198,4464300,0,0
2020-06-11,74.15,74.44,71.24,71.25,52.0766,5981300,0,0
2020-06-12,72.63,72.77,69.89,70.42,51.4699,6713100,0,0
2020-06-15,69.7,72.4,69.49,72.2,52.7709,6254900,0,0
2020-06-16,74.24,75.13,73.65,74.66,54.569,5955800,0,0
2020-06-17,74.9,75.34,73.85,74.09,54.1523,4486000,0,0
2020-06-18,73.5,74.78,73.36,74.6,54.5251,3794300,0,0
2020-06-19,73.91,74.34,72.12,72.2,53.6118,9201500,1.17,0
2020-06-22,72.35,72.73,71.77,72.04,53.493,4107200,0,0
2020-06-23,72.87,72.97,71.46,71.49,53.0846,5238600,0,0
2020-06-24,70.73,71.18,69.78,70.09,52.045,5179200,0,0
2020-06-25,70.1,70.72,69.64,70.67,52.4757,4610500,0,0
2020-06-26,70.28,70.62,68.37,68.87,51.1391,9265400,0,0
2020-06-29,69.37,70.62,69.02,70.51,52.3569,2953700,0,0
2020-06-30,70.04,70.47,69.43,70.06,52.0227,4626300,0,0
2020-07-01,70.13,71,69.88,69.99,51.9707,3565900,0,0
2020-07-02,71,71.21,70.19,70.46,52.3197,3493700,0,0
2020-07-06,71.18,71.38,70,70.6,52.4237,3562800,0,0
2020-07-07,70,73.21,69.37,72.94,54.1612,8160600,0,0
2020-07-08,73,73.76,71.56,72.3,53.686,7498900,0,0
2020-07-09,71.69,72.2,69.87,70.14,52.0821,4345400,0,0
2020-07-10,70.7,73.09,70.51,72.96,54.1761,5429100,0,0
2020-07-13,72.76,73.88,72.44,73.5,54.5771,5269400,0,0
2020-07-14,73.12,74.44,72.41,74.31,55.1785,4781000,0,0
2020-07-15,74.78,75.35,74.53,75,55.6909,3909600,0,0
2020-07-16,74.77,75.55,74.34,75.35,55.9508,3691800,0,0
2020-07-17,75.8,75.8,74.71,75.03,55.7132,3299400,0,0
2020-07-20,74.6,74.79,72.47,72.89,54.1241,5448500,0,0
2020-07-21,75.23,76.92,74.9,75.92,56.374,6862900,0,0
2020-07-22,76.25,76.32,74.04,76,56.4334,4904900,0,0
2020-07-23,75.88,76.39,75.23,76.3,56.6562,5116900,0,0
2020-07-24,77,77.88,76.27,76.85,57.0646,5695000,0,0
2020-07-27,76.8,78.7,76.61,78.54,58.3195,7595800,0,0
2020-07-28,78.54,79.35,77.89,77.97,57.8963,4312300,0,0
2020-07-29,77.85,78.69,77.16,78.39,58.2081,4635800,0,0
2020-07-30,77.76,78.17,77.19,77.45,57.5101,3422600,0,0
2020-07-31,77.76,77.76,76.11,76.81,57.0349,4995100,0,0
2020-08-03,76.53,76.85,75.93,76.53,56.827,3171600,0,0
2020-08-04,76.04,77.38,76,77.1,57.2502,3399100,0,0
2020-08-05,77.2,77.51,76.46,76.96,57.1463,4204000,0,0
2020-08-06,76.4,77.2,76.25,77.12,57.2651,2440100,0,0
2020-08-07,76.58,77.51,76.28,77.5,57.5473,2912300,0,0
2020-08-10,77.36,78.46,77.26,78.37,58.1933,4291400,0,0
2020-08-11,79.4,79.91,78.42,78.72,58.4532,4574400,0,0
2020-08-12,79.31,80.06,79,79.69,59.1734,4922200,0,0
2020-08-13,78.86,78.99,77.85,78.14,58.0225,3925900,0,0
2020-08-14,77.77,78.3,77.37,77.71,57.7032,2829700,0,0
2020-08-17,77.46,78.54,77.06,78.26,58.1116,2542800,0,0
2020-08-18,78.65,79.42,78.25,79.18,58.7947,2590700,0,0
2020-08-19,79.33,79.77,78.59,78.7,58.4383,4483900,0,0
2020-08-20,78.36,78.78,78.01,78.22,58.0819,2690700,0,0
2020-08-21,78.31,78.59,77.39,78.06,57.9631,2790000,0,0
2020-08-24,78.29,79.9,78.04,79.63,59.1289,2484400,0,0
2020-08-25,80.31,80.46,79.26,79.62,59.1214,3365500,0,0
2020-08-26,78.77,80.09,78.24,79.98,59.3888,3648600,0,0
2020-08-27,80.08,81.22,79.55,80,59.4036,3502000,0,0
2020-08-28,79.73,80.8,79.16,80.74,59.9531,3119200,0,0
2020-08-31,80.51,80.73,79.75,79.79,59.2477,3582800,0,0
2020-09-01,79.14,79.5,78.64,79.04,58.6908,3285500,0,0
2020-09-02,78.88,80.41,78.84,79.98,59.3888,3321800,0,0
2020-09-03,80.57,81.61,78.74,79.32,58.8987,4024000,0,0
2020-09-04,79.97,80.42,78.35,79.15,58.7724,4107100,0,0
2020-09-08,79.43,79.59,77.89,79.03,58.6834,4235200,0,0
2020-09-09,79.75,81.47,79.56,80.47,59.7526,4483800,0,0
2020-09-10,80.4,81.23,79.77,80.41,59.7081,3402800,0,0
2020-09-11,80.76,81.5,80.32,81.23,60.3169,3007800,0,0
2020-09-14,81.62,82.59,81.31,81.94,60.8442,3989600,0,0
2020-09-15,82.32,82.52,81.37,81.4,60.4432,3199200,0,0
2020-09-16,81.76,82.24,80.54,80.6,59.8491,4103700,0,0
2020-09-17,80.39,80.67,79.16,79.47,59.0101,5257000,0,0
2020-09-18,78.75,79.57,77.99,78.08,57.9779,8811100,0,0
2020-09-21,78.1,78.3,76.36,77.83,57.7923,5570000,0,0
2020-09-22,78.05,78.79,76.88,77.01,57.1834,4908500,0,0
2020-09-23,76.54,77.35,75.29,75.5,56.9496,5012500,1.2,0
2020-09-24,75.57,77.08,74.92,76.35,57.5907,3597200,0,0
2020-09-25,75.68,76.01,75.12,75.4,56.8741,3836600,0,0
2020-09-28,76.3,77.66,76.17,76.31,57.5606,3832600,0,0
2020-09-29,75.78,76.12,74.3,74.34,56.0746,4060200,0,0
2020-09-30,74.54,75.29,74.35,74.99,56.5649,5410400,0,0
2020-10-01,74.7,74.97,73.51,74.14,55.9237,3934400,0,0
2020-10-02,73.58,75.13,73.45,74.46,56.1651,2974500,0,0
2020-10-05,74.78,76.06,74.52,75.91,57.2588,3703400,0,0
2020-10-06,76.23,76.74,75.31,75.5,56.9496,3323800,0,0
2020-10-07,76.85,79.7,76.56,79.05,59.6273,6691300,0,0
2020-10-08,78.93,79.38,77.85,78.33,59.0842,6433400,0,0
2020-10-09,79.06,79.75,78.68,78.88,59.4991,3120800,0,0
2020-10-12,79.09,79.62,78.52,79.32,59.831,2842800,0,0
2020-10-13,79.29,79.58,78.07,79.21,59.748,4414300,0,0
2020-10-14,78.56,79.89,77.83,78.91,59.5217,3488200,0,0
2020-10-15,77.87,79.32,77.85,79.14,59.6952,2406000,0,0
2020-10-16,79.35,79.87,79.03,79.27,59.7933,3033600,0,0
2020-10-19,78.98,79.36,77.69,77.84,58.7146,4671600,0,0
2020-10-20,77.75,77.85,73.3,73.33,55.3127,9405900,0,0
2020-10-21,73.93,75.21,73.68,73.82,55.6823,7273500,0,0
2020-10-22,74.76,75.08,73.92,74.86,56.4668,4733500,0,0
2020-10-23,75.26,75.37,74.31,74.45,56.1576,3823000,0,0
2020-10-26,73.86,73.92,72.81,73.65,55.5541,5055900,0,0
2020-10-27,73.35,73.53,71.19,71.33,53.8041,5377700,0,0
2020-10-28,70.04,71.12,69.54,70.04,52.8311,5709000,0,0
2020-10-29,69.66,71.11,68.93,70.64,53.2837,6457600,0,0
2020-10-30,70.12,71.15,69.94,71.02,53.5703,6155900,0,0
2020-11-02,71.94,72.25,70.92,71.63,54.0304,4315600,0,0
2020-11-03,71.98,73.06,71.68,71.82,54.1737,5043800,0,0
2020-11-04,72.24,73.19,71.45,71.54,53.9625,4771200,0,0
2020-11-05,72.12,72.48,70.81,70.9,53.4798,5811000,0,0
2020-11-06,71.02,71.43,70.13,70.45,53.1404,5465400,0,0
2020-11-09,72.8,73.31,71.58,71.63,54.0304,8327700,0,0
2020-11-10,72.64,74.97,72.13,74.75,56.3838,7138400,0,0
2020-11-11,74.86,75.18,73.55,75.11,56.6554,4586400,0,0
2020-11-12,74.47,74.7,73.17,74.5,56.1953,4866200,0,0
2020-11-13,75,76.04,74.75,75.89,57.2437,4887000,0,0
2020-11-16,77.37,78.72,76.63,78.63,59.3105,5408400,0,0
2020-11-17,78.09,78.97,77.5,78.38,59.122,3942100,0,0
2020-11-18,78.73,79.21,77.29,77.47,58.4356,3703500,0,0
2020-11-19,76.76,77.83,76.39,77.51,58.4657,3730300,0,0
2020-11-20,77.08,77.51,76.52,76.73,57.8773,4877000,0,0
2020-11-23,76.04,76.82,75.71,76.63,57.8019,3975000,0,0
2020-11-24,77.04,78.3,76.93,78.02,58.8504,4430200,0,0
2020-11-25,77.81,78.21,76.87,76.89,57.9981,3498400,0,0
2020-11-27,76.59,77,75.75,75.9,57.2513,2523800,0,0
2020-11-30,75.7,76.09,75.42,75.75,57.1381,5539100,0,0
2020-12-01,76.02,77.13,75.69,77.03,58.1037,6791700,0,0
2020-12-02,77.29,78.11,77.02,78.07,58.8881,5415000,0,0
2020-12-03,78.25,78.67,77.7,78.5,59.2125,4313400,0,0
2020-12-04,78.53,80.83,78.53,80.75,60.9097,4678200,0,0
2020-12-07,81.01,82.14,80.55,81.68,61.6111,5224200,0,0
2020-12-08,81.28,83.12,80.88,82.64,62.3353,5712800,0,0
2020-12-09,83.18,84.98,82.84,84.61,63.8212,6900000,0,0
2020-12-10,84.04,85.41,83.95,84.97,64.0928,8787800,0,0
2020-12-11,84,85.2,83.11,85,64.1154,4869000,0,0
2020-12-14,85.72,85.78,84.36,84.4,63.6628,12877400,0,0
2020-12-15,84.82,85.2,84.15,84.29,63.5799,8624900,0,0
2020-12-16,84.29,86.27,84.21,85.63,64.5906,9049500,0,0
2020-12-17,85.82,86,85.14,85.67,64.6208,5799900,0,0
2020-12-18,85.38,86.61,85.1,86.09,64.9376,12918200,0,0
2020-12-21,84.77,84.77,83.06,84.17,63.4893,7672100,0,0
2020-12-22,82.67,82.74,81.27,82.19,62.8925,5109300,1.2,0
2020-12-23,82.45,82.72,82.03,82.2,62.9001,3702800,0,0
2020-12-24,82.16,82.6,82.03,82.51,63.1374,1128500,0,0
2020-12-28,82.94,83.57,82.07,82.49,63.122,4528900,0,0
2020-12-29,83.11,83.23,81.66,81.87,62.6476,2417300,0,0
2020-12-30,81.97,82.2,81.31,81.48,62.3492,2886400,0,0
2020-12-31,81.46,82.92,81.29,82.79,63.3516,2892300,0,0
2021-01-04,82.82,82.85,79.86,81.5,62.3645,5389400,0,0
2021-01-05,82.18,83.09,81.83,82.39,63.0455,5282700,0,0
2021-01-06,82.71,83.25,82.01,82.5,63.1297,6376600,0,0
2021-01-07,82.69,83.36,82.32,82.98,63.497,4824300,0,0
2021-01-08,83.29,83.75,82.47,83.09,63.5812,4035600,0,0
2021-01-11,83.1,83.69,82.04,82.31,62.9843,4698000,0,0
2021-01-12,82,82.35,80.13,81.07,62.0354,5300300,0,0
2021-01-13,80.89,81.42,80.52,81.21,62.1426,5280200,0,0
2021-01-14,81.23,81.57,80.55,81.18,62.1196,5504700,0,0
2021-01-15,80.92,81.37,79.84,80.94,61.936,4492200,0,0
2021-01-19,81.44,82.29,80.81,81.9,62.6706,7685100,0,0
2021-01-20,81.43,82.03,81.01,81.7,62.5175,4733500,0,0
2021-01-21,81.95,82.08,81.1,81.33,62.2344,4166300,0,0
2021-01-22,81.12,81.39,80.52,80.68,61.737,3156300,0,0
2021-01-25,80.5,81.36,80.04,81.34,62.2421,4156000,0,0
2021-01-26,81.5,82.29,81.15,81.99,62.7394,3713400,0,0
2021-01-27,81.1,82.05,79.44,79.8,61.0636,5295400,0,0
2021-01-28,79.8,82.07,79.72,81.28,62.1961,3304800,0,0
2021-01-29,81.09,81.45,79.54,79.65,60.9489,5107300,0,0
2021-02-01,79,79.73,78.34,79.06,60.4974,6209500,0,0
2021-02-02,79.66,80.19,79.21,79.27,60.6581,4790700,0,0
2021-02-03,79.21,80.84,78.91,80.23,61.3927,4275000,0,0
2021-02-04,80.03,83.69,80.02,83.63,63.9944,5391300,0,0
2021-02-05,84.39,84.79,83.48,84.28,64.4918,5048900,0,0
2021-02-08,84.4,86.04,84.15,85.99,65.8003,4843300,0,0
2021-02-09,86.19,86.7,85.57,85.63,65.5248,4205400,0,0
2021-02-10,87,87.73,85.04,85.94,65.762,5260600,0,0
2021-02-11,86.13,86.43,84.97,85.36,65.3182,3570300,0,0
2021-02-12,85.4,86.18,85.06,86.12,65.8997,3597400,0,0
2021-02-16,85.88,86.22,85.32,86,65.808,4323000,0,0
2021-02-17,85.7,87.07,85.62,86.61,66.2747,4908800,0,0
2021-02-18,86.11,86.93,86,86.33,66.0604,6859800,0,0
2021-02-19,86.33,86.67,85.37,85.45,65.3871,4289500,0,0
2021-02-22,85.16,86.62,84.74,86.5,66.1905,3525700,0,0
2021-02-23,87.64,87.75,86.16,86.44,66.1446,4090300,0,0
2021-02-24,86.02,88.19,86,87.56,67.0016,4560800,0,0
2021-02-25,87,87.93,86.39,86.52,66.2058,3680000,0,0
2021-02-26,86.52,86.91,83.98,84.02,64.2928,5651700,0,0
2021-03-01,84.73,86.16,84.47,84.95,65.0045,3101200,0,0
2021-03-02,84.68,85.85,84.68,85.07,65.0963,3563600,0,0
2021-03-03,85.22,86.05,84.72,85.15,65.1575,3147000,0,0
2021-03-04,85.22,86.74,84.3,84.61,64.7443,4078000,0,0
2021-03-05,85.15,86.48,84.6,86.16,65.9304,4470100,0,0
2021-03-08,86.14,87.51,85.89,86.36,66.0834,3841500,0,0
2021-03-09,86.69,87.72,86.23,87.07,66.6267,7211700,0,0
2021-03-10,87.07,87.5,85.88,86.76,66.3895,4644300,0,0
2021-03-11,86.49,87.51,86.06,86.63,66.29,3540300,0,0
2021-03-12,87.42,87.79,86.85,87.72,67.1241,3070300,0,0
2021-03-15,88,88.36,87.16,87.68,67.0935,5626500,0,0
2021-03-16,87.08,88.24,87.06,88.2,67.4914,6356400,0,0
2021-03-17,88.47,89.21,88.11,89.2,68.2566,4938300,0,0
2021-03-18,89,91.25,88.85,90.56,69.2973,10661100,0,0
2021-03-19,89.14,90.02,88.57,89.25,69.212,10234700,1.2,0
2021-03-22,88.81,90,88.18,89.98,69.7781,5804300,0,0
2021-03-23,89.49,89.59,87.78,88.05,68.2814,4468600,0,0
2021-03-24,87.9,89.36,87.73,88.55,68.6691,4296000,0,0
2021-03-25,88.51,88.91,87.76,88.69,68.7777,3528800,0,0
2021-03-26,89.29,90.72,88.39,90.58,70.2434,5045500,0,0
2021-03-29,90.34,91.1,89.77,90.99,70.5613,4433600,0,0
2021-03-30,91,91.12,89.03,89.35,69.2895,3659800,0,0
2021-03-31,88.89,89.21,88.56,88.74,68.8165,4916000,0,0
2021-04-01,88.42,88.9,87.33,88.06,68.2891,4647100,0,0
2021-04-05,88.52,89.42,88.52,88.6,68.7079,3593300,0,0
2021-04-06,88.41,89.04,87.67,88.63,68.7312,3780100,0,0
2021-04-07,88.75,89.04,87.74,88.28,68.4597,3354600,0,0
2021-04-08,88.52,89.66,88.3,89.44,69.3593,5045000,0,0
2021-04-09,89.7,91.11,89.57,91.07,70.6233,5181100,0,0
2021-04-12,91.15,91.75,90.83,91.39,70.8715,4366500,0,0
2021-04-13,90.11,91,89.99,90.78,70.3985,5639700,0,0
2021-04-14,90.73,91.29,90.43,91.07,70.6233,4058600,0,0
2021-04-15,91.69,92.54,91.4,91.83,71.2127,4333200,0,0
2021-04-16,92.44,93.09,91.95,92.91,72.0502,4948500,0,0
2021-04-19,93.35,93.43,91.46,91.67,71.0886,7362900,0,0
2021-04-20,91.09,94.64,90.21,94,72.8955,8163900,0,0
2021-04-21,94,95.6,93.97,94.19,73.0429,5418300,0,0
2021-04-22,94,94.73,93.76,94.01,72.9033,4861000,0,0
2021-04-23,93.47,94.71,93.38,94.61,73.3686,3747100,0,0
2021-04-26,94.59,94.83,94.01,94.39,73.198,3157000,0,0
2021-04-27,94.47,94.8,94.15,94.51,73.291,4044300,0,0
2021-04-28,95,95.27,94.06,94.15,73.0118,3069500,0,0
2021-04-29,94.28,95.18,93.81,95.09,73.7408,4701800,0,0
2021-04-30,95.38,95.4,94.4,95,73.671,5031600,0,0
2021-05-03,95.51,96.54,95.15,95.85,74.3302,3755000,0,0
2021-05-04,95.83,96.23,94.6,94.91,73.6012,5339700,0,0
2021-05-05,94.81,95.54,94.6,95.44,74.0122,4029800,0,0
2021-05-06,95.99,96.98,95.68,96.82,75.0824,6201100,0,0
2021-05-07,96.63,97.62,96.38,97.41,75.5399,2718600,0,0
2021-05-10,97.63,98.62,97.58,98.06,76.044,4465800,0,0
2021-05-11,98.34,98.46,96.57,97.29,75.4469,3544000,0,0
2021-05-12,97.57,97.83,96.09,96.2,74.6016,3828000,0,0
2021-05-13,95.93,97.98,95.83,97.55,75.6485,4091200,0,0
2021-05-14,97.95,98.56,97.64,97.7,75.7648,2375100,0,0
2021-05-17,97.51,98.27,97.51,97.55,75.6485,2251500,0,0
2021-05-18,97.51,97.92,97.08,97.69,75.7571,3240100,0,0
2021-05-19,97.36,97.36,95.84,96.31,74.6869,5339000,0,0
2021-05-20,96.21,97.78,96.11,97.42,75.5477,2582600,0,0
2021-05-21,97.65,97.99,96.7,97.42,75.5477,3489000,0,0
2021-05-24,97.76,98.49,97.26,98.16,76.1215,3044000,0,0
2021-05-25,98.04,98.3,96.7,97.52,75.6252,3371600,0,0
2021-05-26,97.43,97.7,96.85,97.31,75.4624,2788700,0,0
2021-05-27,97.47,97.79,96.31,96.68,74.9738,3342700,0,0
2021-05-28,96.5,97.21,96.38,96.43,74.7799,3746600,0,0
2021-06-01,97.01,97.59,96.54,96.78,75.0514,2717200,0,0
2021-06-02,97.21,97.37,96.41,96.81,75.0746,4373000,0,0
2021-06-03,96.27,97.51,96.08,97.37,75.5089,3367300,0,0
2021-06-04,98,98.13,97.47,97.9,75.9199,4471600,0,0
2021-06-07,98.09,98.68,97.8,98.56,76.4317,4370500,0,0
2021-06-08,98.7,98.95,96.21,96.4,74.7567,5455500,0,0
2021-06-09,96.41,97.31,96.24,96.75,75.0281,2555000,0,0
2021-06-10,96.81,97.6,96.81,97.55,75.6485,3065900,0,0
2021-06-11,98.1,98.86,97.81,98.84,76.6489,5530600,0,0
2021-06-14,99.2,100.62,98.78,100.5,77.9362,9309500,0,0
2021-06-15,100.41,100.87,100.05,100.46,77.9051,4252900,0,0
2021-06-16,100.87,100.95,99.51,99.92,77.4864,7440000,0,0
2021-06-17,100,100.66,99.67,100,77.5484,6795600,0,0
2021-06-18,99.18,99.87,98.21,99.5,77.1607,15687000,0,0
2021-06-21,100,100.56,99.73,100.16,77.6725,11527100,0,0
2021-06-22,100,100.79,99.84,100,77.5484,3750600,0,0
2021-06-23,100.02,100.68,99.94,100.05,77.5872,10206100,0,0
2021-06-24,97.92,99.18,97.92,99.03,77.7285,5180300,1.2,0
2021-06-25,99.03,99.15,98.71,99.04,77.7363,5920500,0,0
2021-06-28,99.35,99.45,98.47,98.67,77.4459,3933600,0,0
2021-06-29,98.95,98.95,97.51,97.94,76.873,3237500,0,0
2021-06-30,98.2,99.3,98.03,99.11,77.7913,3846700,0,0
2021-07-01,99.21,100.48,99.16,99.89,78.4035,3614100,0,0
2021-07-02,100,100.53,99.72,100.3,78.7253,2763200,0,0
2021-07-06,99.89,100.06,98.2,98.65,77.4302,3486800,0,0
2021-07-07,98.65,99.1,98.24,98.79,77.5401,3567000,0,0
2021-07-08,98.17,98.99,98.09,98.37,77.2105,3498000,0,0
2021-07-09,99.37,100.2,98.93,99.4,78.0189,5059100,0,0
2021-07-12,98.89,99.37,98.2,98.55,77.3517,4984500,0,0
2021-07-13,98.31,98.55,97.37,97.71,76.6924,5129100,0,0
2021-07-14,98,99.62,97.82,99.56,78.1445,2875900,0,0
2021-07-15,98.79,99.53,98.79,99.31,77.9483,2915900,0,0
2021-07-16,99.53,99.76,98.83,98.9,77.6264,3122600,0,0
2021-07-19,98.68,98.82,96.68,97.93,76.8651,4669100,0,0
2021-07-20,96.01,96.96,93.94,94.93,74.5104,6816200,0,0
2021-07-21,95.65,96.78,95.21,96.54,75.7741,4108000,0,0
2021-07-22,96.19,97.28,95.7,97.24,76.3235,3949000,0,0
2021-07-23,97.76,98.73,97.34,98.4,77.234,2204800,0,0
2021-07-26,98.08,99.23,98.05,99.04,77.7363,3593600,0,0
2021-07-27,99.19,100.31,98.88,99.84,78.3643,2889300,0,0
2021-07-28,99.88,99.97,98.85,98.94,77.6579,3022100,0,0
2021-07-29,99.3,100.63,99.1,100.29,78.7175,3273900,0,0
2021-07-30,100.09,100.45,99.52,100.09,78.5605,3523100,0,0
2021-08-02,100.64,101.52,99.81,100.03,78.5134,3327400,0,0
2021-08-03,100.24,100.85,99.63,100.44,78.8352,3052600,0,0
2021-08-04,100.44,100.66,99.09,99.49,78.0895,2591700,0,0
2021-08-05,99.87,100.13,99.2,99.59,78.168,1945100,0,0
2021-08-06,99.88,100.02,98.98,99.21,77.8698,2515800,0,0
2021-08-09,99.05,99.43,98.58,99.2,77.8619,2029900,0,0
2021-08-10,99.52,100.51,99.15,99.96,78.4584,2147000,0,0
2021-08-11,100.41,100.55,99.72,99.76,78.3015,2915200,0,0
2021-08-12,99.73,100.15,99.28,100.01,78.4977,2899800,0,0
2021-08-13,100.33,101.83,100.03,101.59,79.7378,2215000,0,0
2021-08-16,101.83,102.43,101.41,102.39,80.3657,3047600,0,0
2021-08-17,102.3,103,101.75,102.5,80.4521,3911400,0,0
2021-08-18,101.83,102.24,100.85,100.95,79.2355,2559700,0,0
2021-08-19,100.3,101.65,100.01,101.42,79.6044,2996900,0,0
2021-08-20,101.21,101.95,100.86,101.42,79.6044,2114600,0,0
2021-08-23,101.72,102.08,100.77,100.85,79.157,2782500,0,0
2021-08-24,100.61,100.76,99.65,100.63,78.9843,2627700,0,0
2021-08-25,100.79,101.73,100.26,101.24,79.4631,2213600,0,0
2021-08-26,101.27,101.64,100.81,101.25,79.471,1723800,0,0
2021-08-27,101.81,102.41,101.35,102.1,80.1381,2994400,0,0
2021-08-30,102.1,103.18,101.8,103.07,80.8995,2371300,0,0
2021-08-31,103.03,103.63,102.69,103,80.8445,3876900,0,0
2021-09-01,103.15,103.61,102.28,103.56,81.2841,3051500,0,0
2021-09-02,104,105.65,103.9,105.64,82.9167,4366400,0,0
2021-09-03,105.44,106.25,104.98,106.1,83.2777,2961300,0,0
2021-09-07,105.3,106.51,105.09,106.06,83.2463,6390600,0,0
2021-09-08,104.98,105.28,102.35,103.68,81.3782,6060200,0,0
2021-09-09,103.28,103.67,102.23,102.58,80.5149,4824600,0,0
2021-09-10,103.15,104.96,103.01,103.57,81.2919,3944000,0,0
2021-09-13,103.8,104.34,102.08,102.59,80.5227,3780700,0,0
2021-09-14,102.59,103,101.77,101.96,80.0282,3155000,0,0
2021-09-15,102.11,104.05,101.95,104,81.6294,5166000,0,0
2021-09-16,103.62,104,102.04,102.83,80.7111,4113700,0,0
2021-09-17,102.12,102.7,101.75,101.86,79.9497,8748200,0,0
2021-09-20,100.67,101.3,99.83,100.99,79.2669,6580100,0,0
2021-09-21,101.47,102.18,100.29,100.51,78.8901,3893900,0,0
2021-09-22,101.36,101.39,100.31,100.51,78.8901,3768100,0,0
2021-09-23,100.97,102.03,100.5,101.45,79.6279,4029000,0,0
2021-09-24,101.35,102.08,101.1,101.82,79.9183,3523800,0,0
2021-09-27,101.62,103.04,101.62,102.51,80.4599,4414900,0,0
2021-09-28,101.3,101.3,98.12,98.42,78.2033,6281700,1.25,0
2021-09-29,98.53,99.75,98.32,99.49,79.0535,3172600,0,0
2021-09-30,99.17,99.28,94.37,94.79,75.319,7261300,0,0
2021-10-01,95.17,96.3,94.83,96.08,76.344,4585000,0,0
2021-10-04,96.2,96.95,95.41,96.19,76.4314,4091500,0,0
2021-10-05,96.61,96.95,95.77,96.39,76.5903,4250200,0,0
2021-10-06,95.52,96.89,95.11,96.64,76.7889,3309000,0,0
2021-10-07,97.42,97.91,95.44,95.65,76.0023,4343700,0,0
2021-10-08,95.91,96.25,95.18,95.35,75.7639,3976300,0,0
2021-10-11,95.3,95.7,94.85,95.12,75.5812,2840200,0,0
2021-10-12,95.49,96.27,95.35,95.58,75.9467,3168700,0,0
2021-10-13,95.58,97.66,95.2,97.47,77.4484,4996100,0,0
2021-10-14,98.32,99.36,97.79,98.85,78.545,4477800,0,0
2021-10-15,99.4,99.73,98.06,98.37,78.1636,3971000,0,0
2021-10-18,97.34,97.75,96.55,97.45,77.4325,3826600,0,0
2021-10-19,96.2,97.53,95.71,95.79,76.1135,4223900,0,0
2021-10-20,95.91,97.55,95.7,97.02,77.0909,3778600,0,0
2021-10-21,96.62,96.91,96.17,96.52,76.6936,3601900,0,0
2021-10-22,96.54,97.29,96.22,96.88,76.9796,3310200,0,0
2021-10-25,97.47,97.47,96.2,96.54,76.7095,3934900,0,0
2021-10-26,96.3,96.67,95.63,96.2,76.4393,3150900,0,0
2021-10-27,96.68,96.75,94.73,94.87,75.3825,3537100,0,0
2021-10-28,94.45,96.02,94.45,95.97,76.2566,4754500,0,0
2021-10-29,95.79,96.07,94.31,94.54,75.1203,5260500,0,0
2021-11-01,94.64,94.64,93.4,93.42,74.2303,3513400,0,0
2021-11-02,93.62,94.22,92.9,94.02,74.7071,3480000,0,0
2021-11-03,93.91,94.81,93.52,94.73,75.2713,2463500,0,0
2021-11-04,94.41,94.51,93.31,93.72,74.4687,2332400,0,0
2021-11-05,94.25,95.25,94.13,94.3,74.9296,2784100,0,0
2021-11-08,94.58,94.83,92.79,92.89,73.8092,4623600,0,0
2021-11-09,93.27,94.35,92.58,93.67,74.429,4050800,0,0
2021-11-10,94.19,94.57,93.86,94.38,74.9932,3450400,0,0
2021-11-11,94.65,95.17,94.41,95,75.4858,3580700,0,0
2021-11-12,95.46,95.94,94.72,94.76,75.2951,3110200,0,0
2021-11-15,95,95.53,94.83,95.36,75.7719,2543100,0,0
2021-11-16,95.13,95.34,92.98,93.07,73.9522,3960000,0,0
2021-11-17,93.05,93.9,92.85,93.59,74.3655,5320300,0,0
2021-11-18,93.26,93.42,90.98,91.55,72.7445,5606700,0,0
2021-11-19,91.84,91.84,89.47,90.4,71.8307,5700900,0,0
2021-11-22,90.79,91.41,89.1,89.78,71.3381,8059100,0,0
2021-11-23,90,90.24,89.36,89.65,71.2348,6103400,0,0
2021-11-24,89.81,91.11,89.61,90.03,71.5367,5066500,0,0
2021-11-26,88.91,89,88.03,88.68,70.464,2668800,0,0
2021-11-29,88.11,88.71,86.72,87.35,69.4072,7245500,0,0
2021-11-30,86.28,86.96,85.64,85.94,68.2869,7378500,0,0
2021-12-01,86.98,88.81,86.66,86.87,69.0258,6109900,0,0
2021-12-02,87.64,88.88,87.32,87.84,69.7966,5763000,0,0
2021-12-03,88.63,89.51,87.95,89.38,71.0202,7368200,0,0
2021-12-06,90.06,91.8,90.01,91.39,72.6174,6774300,0,0
2021-12-07,91.36,92.23,90.27,90.41,71.8386,6151000,0,0
2021-12-08,90.82,91.03,89.55,89.89,71.4255,5111100,0,0
2021-12-09,89.54,90.17,89.21,89.5,71.1156,4594000,0,0
2021-12-10,89.85,90.57,89.85,90.04,71.5447,4885900,0,0
2021-12-13,89.86,92.31,89.67,91.67,72.8398,8055600,0,0
2021-12-14,91.43,92.6,90.75,91.92,73.0385,10371700,0,0
2021-12-15,92,93.2,91.81,92.73,73.6821,6460800,0,0
2021-12-16,92.83,94.57,92.75,94.38,74.9932,6832400,0,0
2021-12-17,93.92,94.65,92.95,93.45,74.2542,10263400,0,0
2021-12-20,92.81,92.97,91.77,92.86,73.7854,4284500,0,0
2021-12-21,93.51,93.78,92.88,93.04,73.9284,4583500,0,0
2021-12-22,91.61,92.95,91.42,92.91,74.8305,4877400,1.25,0
2021-12-23,93,93.5,92.64,92.93,74.8466,2926800,0,0
2021-12-27,92.87,93.56,92.61,93.54,75.3379,2036600,0,0
2021-12-28,93.39,94.15,93.29,93.86,75.5956,2622100,0,0
2021-12-29,93.95,94.69,93.75,94.3,75.95,3238600,0,0
2021-12-30,94.46,94.72,94.21,94.26,75.9178,2973800,0,0
2021-12-31,94.21,95.19,94.05,95,76.5138,3219400,0,0
2022-01-03,94.89,95.8,94.44,95.73,77.1017,4790300,0,0
2022-01-04,95.77,96.94,95.53,96.34,77.593,5372400,0,0
2022-01-05,96,97.07,95.49,95.95,77.2789,7180700,0,0
2022-01-06,96.97,97.64,96.12,97.41,78.4548,6279600,0,0
2022-01-07,97.39,99.73,97.07,99.14,79.8482,4764500,0,0
2022-01-10,99.7,100.4,98.74,100.28,80.7663,7067300,0,0
2022-01-11,100.12,101.02,99.09,100.99,81.3382,6473300,0,0
2022-01-12,100.96,101.91,100.16,101.44,81.7006,4812200,0,0
2022-01-13,101.33,102.13,100.8,102.1,82.2322,6696800,0,0
2022-01-14,102.1,103.54,101.44,103.38,83.2631,5576100,0,0
2022-01-18,103.22,103.6,101.47,101.73,81.9342,7123400,0,0
2022-01-19,101.81,102.33,101.42,101.49,81.7409,6510600,0,0
2022-01-20,101.06,102.78,100.68,102.02,82.1677,5589700,0,0
2022-01-21,102.64,103.75,102.33,102.92,82.8926,5423700,0,0
2022-01-24,102.48,102.99,98.81,100.58,81.008,8974600,0,0
2022-01-25,99.68,102.64,98.27,102.14,82.2644,6006400,0,0
2022-01-26,101.81,102.85,100.57,101.38,81.6523,6340300,0,0
2022-01-27,102.1,103.3,101.41,102.25,82.353,7345900,0,0
2022-01-28,102,103.69,101.39,103.52,83.3759,5520300,0,0
2022-01-31,102.47,103.64,102.33,102.85,82.8362,8025800,0,0
2022-02-01,102.9,103.65,102.02,103.25,83.1584,8047800,0,0
2022-02-02,103,104.17,102.91,103.9,83.6819,7527700,0,0
2022-02-03,104.1,104.18,103.04,103.81,83.6094,3815500,0,0
2022-02-04,103.42,104.36,102.7,103.59,83.4322,6374500,0,0
2022-02-07,103.59,104.1,102.7,103.58,83.4242,5195700,0,0
2022-02-08,104.09,104.26,103.43,103.85,83.6417,5953100,0,0
2022-02-09,104.24,104.54,103.75,104.1,83.843,4226000,0,0
2022-02-10,104.61,106.44,103.96,105.07,84.6242,7008300,0,0
2022-02-11,105.05,108.57,104.91,107.96,86.9519,8674300,0,0
2022-02-14,108,109.42,107.77,109.24,87.9828,9409900,0,0
2022-02-15,109.35,110.63,109.07,109.67,88.3291,6564500,0,0
2022-02-16,109.67,111.97,109.3,111.57,89.8594,8577200,0,0
2022-02-17,110.69,112.33,110.65,111.9,90.1252,6320400,0,0
2022-02-18,111.5,112.48,111.18,111.61,89.8916,7870300,0,0
2022-02-22,110.92,111.17,107.54,108.59,87.4593,7944500,0,0
2022-02-23,109.17,109.38,108.01,108.59,87.4593,5268000,0,0
2022-02-24,106.11,106.33,101.18,102.79,82.7879,10355000,0,0
2022-02-25,103.8,105.98,103.53,105.24,84.7611,6634400,0,0
2022-02-28,102.08,102.77,100.07,101.07,81.4026,10381600,0,0
2022-03-01,101.07,102.16,100.44,101.44,81.7006,5000500,0,0
2022-03-02,101.44,103.49,101.01,102.54,82.5866,5426100,0,0
2022-03-03,101.63,103.09,101.63,102.48,82.5382,4584600,0,0
2022-03-04,101.04,101.06,99.25,99.8,80.3797,7054400,0,0
2022-03-07,97.35,97.59,92.45,93.2,75.064,14334100,0,0
2022-03-08,94.19,96.36,92.7,93.97,75.6842,11529300,0,0
2022-03-09,95.22,96.07,93.35,93.81,75.5553,6427300,0,0
2022-03-10,92.93,93.83,91.6,91.89,74.0089,8099400,0,0
2022-03-11,92.27,92.42,88.76,88.87,71.5766,8629800,0,0
2022-03-14,89.89,90.58,88.37,89.59,72.1565,16030300,0,0
2022-03-15,91.33,92.95,90.61,92.66,74.6291,8224500,0,0
2022-03-16,93,94.5,92.83,93.77,75.5231,6299100,0,0
2022-03-17,93.5,93.85,92.93,93.33,75.1688,6728800,0,0
2022-03-18,94.19,94.7,93.22,93.9,75.6278,9667800,0,0
2022-03-21,94.55,95,93.39,94.14,75.8211,4593800,0,0
2022-03-22,94.29,95.42,93.51,93.65,75.4265,5860200,0,0
2022-03-23,92.72,93.14,91.16,91.25,74.4877,5038800,1.25,0
2022-03-24,91.45,93.08,91.33,92.58,75.5734,4587100,0,0
2022-03-25,92.25,93.48,92.04,93.45,76.2836,3162600,0,0
2022-03-28,92.82,93.2,91,92.07,75.1571,4097200,0,0
2022-03-29,92.16,93.63,92.11,93.63,76.4305,6964600,0,0
2022-03-30,93.69,93.98,92.8,93.94,76.6836,3935000,0,0
2022-03-31,93.78,94.58,93.51,93.94,76.6836,6599300,0,0
2022-04-01,94.96,96.95,94.59,96.78,79.0019,5687000,0,0
2022-04-04,95.99,96.57,95.4,96.28,78.5938,5176200,0,0
2022-04-05,95.41,97.03,95.41,95.66,78.0876,3623500,0,0
2022-04-06,96.78,99.11,95.51,99.02,80.8304,7381500,0,0
2022-04-07,98.05,100.13,97.98,99.67,81.361,8385400,0,0
2022-04-08,100.09,100.95,99.87,100.07,81.6875,5086200,0,0
2022-04-11,100.88,101.66,99.58,101.24,82.6426,7200300,0,0
2022-04-12,101.04,101.15,99.83,100.49,82.0304,5320100,0,0
2022-04-13,100.32,101.59,100.32,101.2,82.61,6708300,0,0
2022-04-14,101,102.04,100.76,101.77,83.0752,4370000,0,0
2022-04-18,101.49,102.25,100.88,101.05,82.4875,7424800,0,0
2022-04-19,101.16,102.69,100.67,102.58,83.7365,6603900,0,0
2022-04-20,102.29,103.88,102.29,103.05,84.1201,5796800,0,0
2022-04-21,103.37,105.74,101.93,105.06,85.7609,5835500,0,0
2022-04-22,105.17,105.2,102.59,102.69,83.8262,4139900,0,0
2022-04-25,101.93,102.7,100.24,102.53,83.6956,4580300,0,0
2022-04-26,102.56,103.3,102.12,102.77,83.8915,4614700,0,0
2022-04-27,103.1,103.27,101.61,101.69,83.0099,4259400,0,0
2022-04-28,102,103.12,100.95,102.41,83.5977,4399800,0,0
2022-04-29,102.62,102.96,99.79,100,81.6304,4911100,0,0
2022-05-02,101.39,101.39,96.49,98.57,80.4631,7263500,0,0
2022-05-03,98.89,99.57,97.43,98.99,80.8059,3839600,0,0
2022-05-04,98.69,100.64,98.42,100.56,82.0875,3562100,0,0
2022-05-05,99.78,101.55,99.14,99.77,81.4426,4072600,0,0
2022-05-06,98.99,99.63,97.98,98.94,80.7651,3384400,0,0
2022-05-09,98.47,102,97.34,99.87,81.5243,7282300,0,0
2022-05-10,99.6,100.58,98.13,98.88,80.7161,7091500,0,0
2022-05-11,99.55,104.73,99.5,103.62,84.5854,8132100,0,0
2022-05-12,104.06,105.19,101.78,103.37,84.3813,7908500,0,0
2022-05-13,103.79,104.82,102.95,104.43,85.2466,2816100,0,0
2022-05-16,104.36,106.63,104.12,105.91,86.4547,5423700,0,0
2022-05-17,106.82,106.97,105.51,106.3,86.7731,4199300,0,0
2022-05-18,107,107.01,105.2,106.18,86.6752,5819500,0,0
2022-05-19,105,105.18,99.86,100.5,82.0385,9297700,0,0
2022-05-20,100.68,101.75,99.63,101.15,82.5691,5077000,0,0
2022-05-23,103.1,105.74,101.6,102.91,84.0058,6296700,0,0
2022-05-24,102.78,106.73,102.78,106.62,87.0343,6116800,0,0
2022-05-25,107.07,109.81,106.11,108.57,88.6261,6839900,0,0
2022-05-26,108.86,109.67,107.98,108.07,88.2179,4623500,0,0
2022-05-27,108.6,108.63,105.92,106.97,87.32,6977000,0,0
2022-05-31,106.17,107.22,105.07,106.25,86.7323,7741200,0,0
2022-06-01,106.48,106.54,104.62,105.76,86.3323,6407200,0,0
2022-06-02,105.7,106.37,103.25,106.21,86.6996,5823000,0,0
2022-06-03,106.21,106.97,105.52,105.52,86.1364,5991600,0,0
2022-06-06,106.95,107.72,106.01,106.37,86.8303,5633100,0,0
2022-06-07,105.64,106.42,104.91,106.28,86.7568,4629300,0,0
2022-06-08,104.63,105.18,103.09,103.54,84.5201,8555300,0,0
2022-06-09,103.92,104.1,101.61,101.69,83.0099,3625700,0,0
2022-06-10,100.55,103.37,100.2,102.33,83.5324,3819000,0,0
2022-06-13,101.35,101.79,97.99,98.5,80.4059,4297800,0,0
2022-06-14,98.97,100.06,98.07,98.97,80.7896,4013500,0,0
2022-06-15,99.59,100.35,97.88,98.21,80.1692,5760600,0,0
2022-06-16,97.25,98.6,96.26,98.27,80.2182,5581100,0,0
2022-06-17,98,99.16,97.8,97.95,79.9569,12262300,0,0
2022-06-21,100,100.15,97.68,100.1,81.712,6843000,0,0
2022-06-22,99.73,100.14,97.21,99.18,80.961,5006900,0,0
2022-06-23,99.5,101.87,99.34,101.57,82.912,5619700,0,0
2022-06-24,102,104.75,101,103.4,84.4058,6048700,0,0
2022-06-27,103.52,103.95,102.43,102.71,83.8426,5446800,0,0
2022-06-28,102.99,103.88,101.83,102.44,83.6222,5036600,0,0
2022-06-29,101.88,102.68,100.61,100.87,82.3406,2805300,0,0
2022-06-30,98.66,99.06,97.69,98.74,81.6132,4591700,1.25,0
2022-07-01,98.65,99.96,97.96,99.72,82.4232,3283900,0,0
2022-07-05,98.78,99.07,96.92,98.08,81.0677,3464500,0,0
2022-07-06,98.76,98.98,94.74,95,78.5219,8146500,0,0
2022-07-07,95.03,95.79,93.76,94.99,78.5136,5858200,0,0
2022-07-08,94.89,95.17,93.82,93.89,77.6044,3108900,0,0
2022-07-11,94.18,94.58,93.05,93.23,77.0589,3065000,0,0
2022-07-12,93.28,94.79,93.11,93.8,77.5301,3736200,0,0
2022-07-13,93.55,94.08,90.56,90.65,74.9264,6290100,0,0
2022-07-14,89.25,89.88,88.27,89.62,74.0751,5867400,0,0
2022-07-15,90.71,91.22,89.82,90.18,74.538,5170900,0,0
2022-07-18,90.18,90.9,89.22,89.51,73.9842,4136800,0,0
2022-07-19,90.8,91.47,90.22,91.43,75.5712,5459600,0,0
2022-07-20,91.18,91.65,89.6,89.83,74.2487,4936000,0,0
2022-07-21,90.29,95,90.25,93.59,77.3565,6650400,0,0
2022-07-22,94.08,96.1,94.08,95.93,79.2906,5307600,0,0
2022-07-25,96,96.38,95.17,95.84,79.2162,5358000,0,0
2022-07-26,96,96.64,95.32,96.53,79.7865,4671700,0,0
2022-07-27,95.76,97.64,95.14,96.96,80.142,6309300,0,0
2022-07-28,96.89,97.64,96.21,97.17,80.3155,5447900,0,0
2022-07-29,96.41,97.19,96.05,97.15,80.299,4267400,0,0
2022-08-01,97.45,99.21,97.17,98.48,81.3983,5315900,0,0
2022-08-02,98.9,99.24,98.11,98.65,81.5388,4740600,0,0
2022-08-03,98.7,99.79,98.32,98.81,81.6711,3450100,0,0
2022-08-04,98.5,98.78,97.58,98,81.0016,3252300,0,0
2022-08-05,97.87,97.87,97.07,97.6,80.6709,2346500,0,0
2022-08-08,98.21,98.53,97.39,97.64,80.704,3938300,0,0
2022-08-09,98.38,98.49,97.07,97.37,80.4809,1952500,0,0
2022-08-10,97.62,98.33,96.78,98.13,81.109,3311100,0,0
2022-08-11,98.58,100.38,98.29,99.47,82.2166,3825500,0,0
2022-08-12,99.79,100.06,98.67,99.24,82.0265,3068100,0,0
2022-08-15,99.38,101.11,99.25,101,83.4812,5789400,0,0
2022-08-16,100.73,102.19,100.73,101.72,84.0763,3469200,0,0
2022-08-17,101.55,102.03,100.98,101.17,83.6217,3041900,0,0
2022-08-18,101.14,101.25,100.08,100.5,83.0679,2566800,0,0
2022-08-19,100.38,100.43,99.84,100.13,82.7621,2947600,0,0
2022-08-22,99.65,99.94,97.84,98.29,81.2413,3190900,0,0
2022-08-23,97.45,98.18,96.36,97.8,80.8363,3319500,0,0
2022-08-24,97.46,97.93,97.06,97.64,80.704,2423900,0,0
2022-08-25,97.94,98.34,97.53,98.19,81.1586,2358000,0,0
2022-08-26,98.6,98.74,96.48,96.55,79.8031,2938100,0,0
2022-08-29,96.2,96.9,95.72,96.24,79.5468,2293000,0,0
2022-08-30,96.24,96.66,95.18,95.49,78.9269,2178400,0,0
2022-08-31,95.51,96.3,95.21,95.49,78.9269,3959700,0,0
2022-09-01,95.45,97.32,95.35,96.48,79.7452,3451400,0,0
2022-09-02,96.9,97.51,94.1,94.53,78.1335,4077600,0,0
2022-09-06,94.97,95.32,93.79,94.1,77.778,4130500,0,0
2022-09-07,94.17,94.94,93.53,94.61,78.1996,3965000,0,0
2022-09-08,94.38,95.99,94.09,95.62,79.0344,3641700,0,0
2022-09-09,96.07,97.87,95.58,97.06,80.2246,3418600,0,0
2022-09-12,97.5,98.23,97.24,97.66,80.7205,3675600,0,0
2022-09-13,96.96,97.2,93.75,94.02,77.7119,3196400,0,0
2022-09-14,94.42,94.49,93.09,93.7,77.4474,3498600,0,0
2022-09-15,93.83,94.48,93.14,94.04,77.7285,3661200,0,0
2022-09-16,95.49,95.76,94.03,95.56,78.9848,10447000,0,0
2022-09-19,94.88,96.04,94.3,95.92,79.2823,4048000,0,0
2022-09-20,95.52,96.73,95.09,96.01,79.3567,3616700,0,0
2022-09-21,96.19,97.47,96.08,96.42,79.6956,5183800,0,0
2022-09-22,96.38,96.98,95.26,95.79,79.1749,3802900,0,0
2022-09-23,95,95.16,90.62,91.79,75.8687,5287900,0,0
2022-09-26,91.41,92.36,90.05,90.17,74.5297,4482200,0,0
2022-09-27,89.48,90.13,86.83,87.02,72.9536,7067800,1.27,0
2022-09-28,87.28,87.83,86.1,87.35,73.2303,8287300,0,0
2022-09-29,87.12,87.5,85.61,86.09,72.1739,4301400,0,0
2022-09-30,86,86.36,82.85,83.01,69.5918,7259200,0,0
2022-10-03,84.17,85.44,83.74,85.03,71.2853,4789500,0,0
2022-10-04,85.38,87.5,85.06,87,72.9368,5483700,0,0
2022-10-05,86.35,87.46,86.2,86.97,72.9117,4317100,0,0
2022-10-06,86.53,86.85,84.83,85.47,71.6542,4963600,0,0
2022-10-07,85.26,85.61,84.22,84.65,70.9667,3464600,0,0
2022-10-10,84.93,85.6,84,84,70.4218,2717700,0,0
2022-10-11,84.01,86.69,84.01,85.62,71.7799,5037300,0,0
2022-10-12,86.25,87.38,85.6,85.67,71.8218,3901200,0,0
2022-10-13,84.17,87.42,84,87.23,73.1297,4495700,0,0
2022-10-14,87.81,88.3,85.09,85.26,71.4781,3534100,0,0
2022-10-17,86.1,86.45,85.07,85.57,71.738,3277100,0,0
2022-10-18,86.84,87.34,85.97,86.31,72.3584,3480800,0,0
2022-10-19,86.68,87.15,85.75,86.47,72.4925,4874800,0,0
2022-10-20,85,86.69,84.52,85.03,71.2853,4846100,0,0
2022-10-21,85.15,87.01,84.44,86.51,72.526,6780800,0,0
2022-10-24,86.58,87.94,86.11,87.19,73.0961,8413900,0,0
2022-10-25,87.34,88.69,87.07,88.5,74.1944,5243600,0,0
2022-10-26,88.88,90.14,88.45,89.58,75.0998,4749900,0,0
2022-10-27,89.52,90.28,89.1,89.54,75.0662,7072200,0,0
2022-10-28,89.99,93.14,89.67,92.53,77.5729,4278800,0,0
2022-10-31,92.05,92.3,91.29,91.85,77.0028,3473800,0,0
2022-11-01,92.26,92.55,91.11,91.72,76.8939,3485300,0,0
2022-11-02,91.6,91.89,89.25,89.38,74.9321,4691500,0,0
2022-11-03,88.6,89.11,88.17,88.34,74.0602,3331700,0,0
2022-11-04,89.51,91.18,89.07,89.98,75.4351,2990500,0,0
2022-11-07,90.45,91.38,90.12,90.9,76.2064,5069500,0,0
2022-11-08,91.2,92.59,90.36,92.5,77.5478,4176700,0,0
2022-11-09,92.55,92.91,90.91,90.97,76.2651,3119500,0,0
2022-11-10,93.01,93.59,91.67,93.25,78.1765,5452900,0,0
2022-11-11,93.45,94.82,92.42,94.47,79.1993,4019100,0,0
2022-11-14,94.55,95.37,93.87,93.93,78.7466,5715100,0,0
2022-11-15,95.68,96.22,93.92,94.67,79.367,4242700,0,0
2022-11-16,95.26,95.59,94.38,94.71,79.4005,2820200,0,0
2022-11-17,94.95,95.4,93.49,95.16,79.7778,2803000,0,0
2022-11-18,96,96.61,95.43,96.28,80.7168,3833900,0,0
2022-11-21,96.61,97.46,96.05,96.9,81.2365,3271900,0,0
2022-11-22,97.33,97.57,96.94,97.16,81.4545,2862900,0,0
2022-11-23,97.45,98.6,97.19,98.11,82.2509,2979700,0,0
2022-11-25,98.01,98.58,97.76,98.25,82.3683,1299000,0,0
2022-11-28,97.32,98.12,96.78,97.63,81.8485,3623700,0,0
2022-11-29,97.82,97.9,97.02,97.79,81.9827,2859700,0,0
2022-11-30,97.95,99.88,96.73,99.67,83.5588,5873600,0,0
2022-12-01,100.06,102.67,99.9,102.46,85.8978,7797700,0,0
2022-12-02,101.51,104.31,101.24,104.3,87.4404,5847300,0,0
2022-12-05,103.31,104.12,103.01,103.48,86.7529,17092500,0,0
2022-12-06,103.42,104.09,101.03,101.63,85.2019,7233700,0,0
2022-12-07,102.11,102.25,101.15,101.88,85.4115,7894400,0,0
2022-12-08,101.72,102.17,101.01,102.06,85.5625,5086400,0,0
2022-12-09,102.15,102.92,101.89,102.09,85.5876,5723600,0,0
2022-12-12,102.2,102.82,101.62,102.6,86.0152,7695600,0,0
2022-12-13,103.45,103.82,100.82,102.32,85.7804,8753300,0,0
2022-12-14,102.76,103.08,101.64,102.46,85.8978,7866400,0,0
2022-12-15,101.96,102.3,99.81,101.27,84.9001,4969000,0,0
2022-12-16,100.53,101.43,99.5,100.28,84.0702,11412000,0,0
2022-12-19,100.62,101.44,99.93,100.61,84.3468,4467700,0,0
2022-12-20,100.79,101.39,100.25,100.92,84.6067,4261400,0,0
2022-12-21,99.9,100.6,99.69,100.52,85.3454,5615900,1.27,0
2022-12-22,100.51,100.92,99.59,100.86,85.6341,3112500,0,0
2022-12-23,100.54,101.79,100.31,101.69,86.3388,2493500,0,0
2022-12-27,102.08,103,101.72,102.68,87.1793,5468100,0,0
2022-12-28,103,103.15,100.87,100.94,85.702,2393500,0,0
2022-12-29,101.09,101.49,100.8,101.19,85.9142,2361400,0,0
2022-12-30,101.06,101.41,100.3,101.21,85.9312,2858700,0,0
2023-01-03,101.51,101.94,100.19,101.3,86.0077,2730000,0,0
2023-01-04,101.51,101.74,100.68,101.23,85.9482,5895500,0,0
2023-01-05,100.59,101.09,99.76,100.82,85.6001,3590200,0,0
2023-01-06,102.1,104.27,101.83,103.49,87.867,5815700,0,0
2023-01-09,104,104.43,102.28,102.3,86.8567,4864200,0,0
2023-01-10,102.62,102.82,101.79,102.19,86.7633,4275100,0,0
2023-01-11,102.32,102.96,101.01,102.06,86.6529,4561600,0,0
2023-01-12,102.53,102.56,101.09,101.44,86.1265,4109100,0,0
2023-01-13,101.34,101.86,101.21,101.7,86.3472,2772100,0,0
2023-01-17,102.12,102.46,100.93,101.23,85.9482,4283900,0,0
2023-01-18,101.01,101.41,98.65,99.26,84.2756,4271700,0,0
2023-01-19,100.61,101.95,100.24,101.19,85.9142,4645400,0,0
2023-01-20,101.52,101.98,100.89,101.82,86.4491,4806500,0,0
2023-01-23,102,102.4,100.97,101.15,85.8803,4815900,0,0
2023-01-24,101.17,101.9,100.4,101.3,86.0077,3604500,0,0
2023-01-25,102.5,104.06,102.28,103.42,87.8076,12289900,0,0
2023-01-26,103.09,104.35,102.45,104.32,88.5717,4156200,0,0
2023-01-27,104.31,104.45,103.56,103.76,88.0963,4133400,0,0
2023-01-30,103.32,104.59,103.25,103.83,88.1557,5358300,0,0
2023-01-31,104.21,104.27,103.31,104.24,88.5038,3540400,0,0
2023-02-01,104.5,105.62,104.02,105.39,89.4802,3791700,0,0
2023-02-02,104.59,104.78,102.82,103.51,87.884,4378700,0,0
2023-02-03,103.7,103.77,101.79,102.59,87.1029,3530500,0,0
2023-02-06,102.55,102.67,101.66,101.81,86.4406,2888700,0,0
2023-02-07,100.93,102.36,100.6,102.2,86.7718,3939200,0,0
2023-02-08,101.18,101.83,101.05,101.29,85.9992,3875000,0,0
2023-02-09,102.39,103.24,101.39,102.02,86.6189,4108300,0,0
2023-02-10,102.17,102.49,100.98,102.36,86.9076,3692500,0,0
2023-02-13,102.79,103.79,102.56,103.71,88.0538,3787900,0,0
2023-02-14,103.49,103.57,101.61,101.71,86.3557,3251400,0,0
2023-02-15,101.47,101.47,100.27,101.11,85.8463,3035600,0,0
2023-02-16,100.26,101.26,99.05,100.3,85.1586,2934300,0,0
2023-02-17,100.26,102,99.95,101.82,86.4491,4433400,0,0
2023-02-21,101.49,101.59,99.67,99.98,84.8869,3871000,0,0
2023-02-22,99.92,101.22,99.24,99.59,84.5558,3518000,0,0
2023-02-23,99.73,99.98,98.89,99.83,84.7596,4327000,0,0
2023-02-24,98.88,99.21,97.43,98.58,83.6983,3561600,0,0
2023-02-27,99.08,99.18,97.97,98.17,83.3501,3862700,0,0
2023-02-28,97.69,98.04,96.54,97.3,82.6115,4976500,0,0
2023-03-01,99,99.12,97.07,97.51,82.7898,4220200,0,0
2023-03-02,97.2,98.72,97.16,98.36,83.5115,3316400,0,0
2023-03-03,98.53,99.34,97.97,99.2,84.2246,2465700,0,0
2023-03-06,98.95,100.11,98.75,100.1,84.9888,3524800,0,0
2023-03-07,99.89,100.09,98.39,99.25,84.2671,3682900,0,0
2023-03-08,99.2,99.89,99.1,99.75,84.6916,3533100,0,0
2023-03-09,100.34,100.53,98.88,98.96,84.0209,3775300,0,0
2023-03-10,98.99,99.66,97.96,98.35,83.503,3970800,0,0
2023-03-13,98.2,99.79,97.28,97.37,82.6709,7568800,0,0
2023-03-14,97.69,97.75,96.52,97.35,82.6539,6141300,0,0
2023-03-15,96,96.41,94.8,96.18,81.6606,7110400,0,0
2023-03-16,96.19,96.19,94.52,95.39,80.9898,7200300,0,0
2023-03-17,95.23,95.48,93.45,94.79,80.4804,18801400,0,0
2023-03-20,95.16,96.54,95.14,96.3,81.7624,5109400,0,0
2023-03-21,96.95,97.37,95.33,95.7,81.253,4039600,0,0
2023-03-22,94.49,94.8,92.23,92.37,79.4805,7748300,1.27,0
2023-03-23,92.28,92.5,90.21,90.27,77.6735,5549100,0,0
2023-03-24,90.72,90.99,90.08,90.75,78.0865,3897500,0,0
2023-03-27,91.66,93,91.53,92.6,79.6784,6061600,0,0
2023-03-28,92.53,94.4,92.53,94.23,81.0809,4558600,0,0
2023-03-29,94.83,95.37,94.34,94.72,81.5025,4400100,0,0
2023-03-30,96.81,98.16,96.26,96.62,83.1374,5053000,0,0
2023-03-31,97.14,97.36,96.69,97.25,83.6795,3887200,0,0
2023-04-03,97.22,98.41,97.19,97.9,84.2388,2962800,0,0
2023-04-04,97.55,97.91,96.88,97.54,83.929,3064600,0,0
2023-04-05,97.59,98.98,97.57,98.74,84.9616,4728000,0,0
2023-04-06,98.75,99.91,98.74,99.03,85.2111,3469400,0,0
2023-04-10,98.6,98.89,98.1,98.57,84.8153,3254500,0,0
2023-04-11,99.06,99.7,98.58,98.64,84.8755,2894200,0,0
2023-04-12,98.47,99.51,97.96,98.79,85.0046,2978000,0,0
2023-04-13,98.86,99.83,98.65,99.75,85.8307,2978800,0,0
2023-04-14,99.92,100.04,98.96,99.48,85.5983,2303900,0,0
2023-04-17,99.71,100.04,99.32,99.94,85.9942,2844500,0,0
2023-04-18,99.85,101.34,99.75,101.33,87.1902,3071900,0,0
2023-04-19,101.49,101.92,101.1,101.51,87.3451,4048100,0,0
2023-04-20,96.42,98.85,95.96,96.71,83.2149,9046400,0,0
2023-04-21,97.94,98.25,96.36,97.77,84.1269,4927000,0,0
2023-04-24,97.99,98.65,97.51,98.35,84.626,4099200,0,0
2023-04-25,98.34,99.45,98,98.69,84.9186,4645800,0,0
2023-04-26,98.39,99.11,98.16,98.2,84.497,2489600,0,0
2023-04-27,97.87,99.16,97.45,98.82,85.0304,4131000,0,0
2023-04-28,98.66,100.03,98.37,99.97,86.0199,3855100,0,0
2023-05-01,99.75,100.79,99.29,99.35,85.4865,2340800,0,0
2023-05-02,99.06,99.29,95.42,96.91,83.387,3814600,0,0
2023-05-03,96.89,97.34,95.82,95.86,82.4835,3579900,0,0
2023-05-04,95.45,95.67,93.78,94.38,81.21,4466100,0,0
2023-05-05,94.5,96,94.19,95.56,82.2253,2426800,0,0
2023-05-08,95.54,95.86,95.06,95.56,82.2253,2278700,0,0
2023-05-09,95.22,96.23,94.47,95.65,82.3028,2908200,0,0
2023-05-10,95.92,96.19,94.01,95.1,81.8295,2667400,0,0
2023-05-11,94.51,95.06,93.77,95.04,81.7779,3554500,0,0
2023-05-12,95.05,95.19,94.42,95.12,81.8467,2229400,0,0
2023-05-15,95.39,95.49,94.51,95,81.7435,2600100,0,0
2023-05-16,94.71,94.92,93.75,93.86,80.7626,6273100,0,0
2023-05-17,94.02,94.47,93.12,93.49,80.4442,5658000,0,0
2023-05-18,92.83,93.04,91.81,92.6,79.6784,8395200,0,0
2023-05-19,93.12,93.78,93.04,93.19,80.1861,4027000,0,0
2023-05-22,93.05,93.56,92.68,93.07,80.0828,3062600,0,0
2023-05-23,93.48,93.69,92.94,92.94,79.9709,7659600,0,0
2023-05-24,93.02,93.52,92.34,92.35,79.4633,3737200,0,0
2023-05-25,91.71,91.85,90.63,90.76,78.0952,5536100,0,0
2023-05-26,91.7,92,90.72,90.84,78.164,4777200,0,0
2023-05-30,90.3,90.61,89.09,90.21,77.6219,7805300,0,0
2023-05-31,90.04,90.58,89.56,90.01,77.4498,6644900,0,0
2023-06-01,90.14,90.76,89.62,90.16,77.5789,4386900,0,0
2023-06-02,90.5,92.02,90.2,91.78,78.9728,4689700,0,0
2023-06-05,91.49,91.49,89.58,90.05,77.4842,4470500,0,0
2023-06-06,89.95,91.71,89.88,91.62,78.8351,4457600,0,0
2023-06-07,91.86,92.41,91.09,92.25,79.3772,5067700,0,0
2023-06-08,92.5,92.69,91.83,92.17,79.3084,2712600,0,0
2023-06-09,92.1,92.7,91.7,92.59,79.6698,3433800,0,0
2023-06-12,92.55,92.86,92.15,92.65,79.7214,2817800,0,0
2023-06-13,92.54,93.37,92.45,93.3,80.2807,3403800,0,0
2023-06-14,93.98,94.18,92.85,93.06,80.0742,3046000,0,0
2023-06-15,93.7,95.02,93.45,94.73,81.5112,4725200,0,0
2023-06-16,94.75,96.11,94.61,94.89,81.6488,9547300,0,0
2023-06-20,95.76,96.65,94.79,94.82,81.5886,5025700,0,0
2023-06-21,95,96.57,94.81,96.35,82.9051,4877900,0,0
2023-06-22,95.22,96.12,94.69,95.69,83.437,5775900,1.27,0
2023-06-23,95.67,96.85,95.5,96.3,83.9689,8867100,0,0
2023-06-26,96.22,97.12,95.3,96.77,84.3787,3825700,0,0
2023-06-27,96.88,97.12,95.99,96.56,84.1956,3345600,0,0
2023-06-28,96.16,96.42,95.22,96.2,83.8817,2976400,0,0
2023-06-29,96.07,97.73,95.95,97.69,85.1809,3143100,0,0
2023-06-30,97.83,98.21,97.21,97.62,85.1199,3754900,0,0
2023-07-03,98,98.52,97.41,98.48,85.8697,2061100,0,0
2023-07-05,97.97,98.08,97.03,97.45,84.9716,3817800,0,0
2023-07-06,96.48,97.73,96.29,97.5,85.0152,3091900,0,0
2023-07-07,97.49,98.5,97.24,97.7,85.1896,4707800,0,0
2023-07-10,97.94,98.53,97.4,97.75,85.2332,4123100,0,0
2023-07-11,98.11,98.6,97.82,98.6,85.9744,3419300,0,0
2023-07-12,98.75,99.17,98.62,99,86.3232,5605000,0,0
2023-07-13,99.27,100.64,99.06,100.49,87.6223,5405700,0,0
2023-07-14,100.37,100.67,99.49,99.5,86.7591,2938400,0,0
2023-07-17,99.15,99.3,97.91,98.95,86.2795,4730500,0,0
2023-07-18,98.62,99.66,98.27,98.35,85.7564,5936800,0,0
2023-07-19,98.01,99.44,97.98,98.77,86.1226,7653900,0,0
2023-07-20,99.78,100.7,98.15,98.18,85.6081,6553800,0,0
2023-07-21,98.54,98.54,97.21,97.52,85.0327,4192900,0,0
2023-07-24,97.54,97.93,97.39,97.62,85.1199,4414500,0,0
2023-07-25,97.24,97.5,95.81,97.19,84.7449,4042200,0,0
2023-07-26,96.99,98.46,96.58,98.23,85.6517,3869000,0,0
2023-07-27,98.5,98.96,98.2,98.58,85.9569,4643200,0,0
2023-07-28,99,99.96,98.49,99.86,87.073,3888900,0,0
2023-07-31,99.58,100.18,99.18,99.72,86.9509,4740600,0,0
2023-08-01,100,100.16,98.22,98.25,85.6692,3380300,0,0
2023-08-02,97.87,98.44,97.01,97.94,85.3989,2873600,0,0
2023-08-03,97.74,97.89,97.1,97.42,84.9455,2309900,0,0
2023-08-04,97.27,97.63,96.1,96.21,83.8904,2560300,0,0
2023-08-07,96.57,97.7,96.45,97.21,84.7623,2303300,0,0
2023-08-08,96.81,97.44,96.13,97.15,84.71,2433500,0,0
2023-08-09,97.04,97.75,97.01,97.12,84.6839,1829500,0,0
2023-08-10,97.5,98.41,96.8,96.84,84.4397,2402400,0,0
2023-08-11,96.53,96.63,95.73,96.16,83.8468,2642300,0,0
2023-08-14,96.17,96.5,95.72,95.85,83.5765,2763800,0,0
2023-08-15,95.47,95.47,94.31,94.63,82.5127,2689900,0,0
2023-08-16,94.43,95.35,93.71,93.99,81.9547,3222100,0,0
2023-08-17,94.22,94.65,92.87,93.4,81.4402,3385600,0,0
2023-08-18,93.27,94.66,93.17,94.36,82.2773,2884600,0,0
2023-08-21,94.36,95.28,94.03,94.33,82.2511,3093500,0,0
2023-08-22,93.94,94.29,93.31,94.03,81.9895,2459400,0,0
2023-08-23,94.4,94.4,93.74,94.32,82.2424,2458800,0,0
2023-08-24,94.07,95.23,93.91,94.08,82.0332,2713900,0,0
2023-08-25,94.69,95.13,94.05,95.07,82.8964,2474700,0,0
2023-08-28,95.4,96.07,95.27,95.88,83.6026,2659400,0,0
2023-08-29,96.03,96.52,95.26,96.25,83.9253,2457500,0,0
2023-08-30,96.65,96.81,96.07,96.76,84.37,2574100,0,0
2023-08-31,97,97.45,96,96.06,83.7596,3098500,0,0
2023-09-01,96.74,96.97,95.08,95.68,83.4283,2538600,0,0
2023-09-05,95.45,95.71,94.24,94.51,82.4081,4328000,0,0
2023-09-06,94.15,94.17,93.06,93.55,81.571,4690700,0,0
2023-09-07,94.18,94.39,93.05,93.28,81.3356,3531000,0,0
2023-09-08,93.41,93.75,92.8,93.67,81.6756,4130900,0,0
2023-09-11,93.95,94.97,93.86,94.53,82.4255,2482600,0,0
2023-09-12,94.76,94.96,94.05,94.45,82.3558,3071000,0,0
2023-09-13,95,95.58,94.65,95.25,83.0533,4688400,0,0
2023-09-14,95.44,96.33,95.27,96.31,83.9776,4214600,0,0
2023-09-15,95.65,96.31,95.25,95.79,83.5242,6932700,0,0
2023-09-18,96.35,97.03,95.76,96.96,84.5444,4557100,0,0
2023-09-19,96.99,97.67,96.65,97.32,84.8583,3723200,0,0
2023-09-20,97.56,98.52,97.04,97.71,85.1983,3765000,0,0
2023-09-21,96.73,97.11,95.41,95.92,83.6375,3591700,0,0
2023-09-22,95.78,95.78,94.28,94.93,82.7743,4903600,0,0
2023-09-25,93.61,94.24,93.36,93.72,81.7193,4092700,0,0
2023-09-26,91.91,91.98,90.95,91.07,80.5256,4184800,1.3,0
2023-09-27,90.89,91.1,90.07,90.32,79.8624,4793100,0,0
2023-09-28,91,93.45,90.9,93.05,82.2763,6932800,0,0
2023-09-29,93.87,93.87,92.24,92.58,81.8607,5330800,0,0
2023-10-02,92.3,92.76,91.09,91.41,80.8262,5299600,0,0
2023-10-03,91.02,91.5,90.09,90.27,79.8182,4129500,0,0
2023-10-04,90.4,91.64,90.28,91.33,80.7555,4151600,0,0
2023-10-05,91.8,92.33,91.23,91.98,81.3302,5452600,0,0
2023-10-06,91.15,92.24,90.51,92.17,81.4982,4987300,0,0
2023-10-09,91.86,92.34,91.28,92.31,81.622,2457300,0,0
2023-10-10,93.35,95.39,93.23,94.05,83.1605,6983600,0,0
2023-10-11,94.34,94.5,92.69,93.15,82.3647,3604200,0,0
2023-10-12,93.48,93.75,91.2,91.87,81.2329,3660500,0,0
2023-10-13,91.28,92.36,91.02,92.26,81.5778,3119200,0,0
2023-10-16,93.02,93.43,92.21,93.12,82.3382,3682900,0,0
2023-10-17,92.69,93.42,92.26,93.39,82.5769,2716600,0,0
2023-10-18,93.31,94.02,92.77,93.21,82.4178,3842900,0,0
2023-10-19,91.46,92.86,90.21,90.73,80.2249,6693300,0,0
2023-10-20,90.72,93.43,90.72,92.56,81.843,5591800,0,0
2023-10-23,92.31,92.35,90.54,90.92,80.3929,4059500,0,0
2023-10-24,90.44,91.37,90.38,90.83,80.3133,2915200,0,0
2023-10-25,90.46,91.37,89.93,90.03,79.606,4021700,0,0
2023-10-26,89.88,90.28,89.37,89.71,79.323,4297800,0,0
2023-10-27,89.32,89.7,87.23,87.47,77.3424,4321600,0,0
2023-10-30,88.3,89.9,88.21,89.39,79.0401,3821600,0,0
2023-10-31,89.27,89.45,88.52,89.16,78.8367,3487100,0,0
2023-11-01,89.56,89.57,88.54,89.01,78.7041,4170400,0,0
2023-11-02,89.38,91.04,88.78,90.94,80.4106,3600000,0,0
2023-11-03,91.5,92.55,91.36,91.52,80.9234,3929900,0,0
2023-11-06,91.68,91.78,90.78,90.97,80.4371,5216500,0,0
2023-11-07,91.02,91.55,90.61,91.28,80.7112,3085200,0,0
2023-11-08,91.29,91.7,90.19,90.2,79.7563,5185100,0,0
2023-11-09,90.41,90.41,89.6,89.8,79.4026,5264800,0,0
2023-11-10,90,90.07,88.68,89.7,79.3142,6008100,0,0
2023-11-13,89.87,90.54,89.43,90,79.5794,7640200,0,0
2023-11-14,90.45,91.17,90.11,90.4,79.9331,6202500,0,0
2023-11-15,90.67,91.74,90.31,91.73,81.1091,6297800,0,0
2023-11-16,91.06,92,90.32,91.28,80.7112,4579400,0,0
2023-11-17,91.65,92.18,91.04,91.95,81.3036,3059700,0,0
2023-11-20,91.35,92.48,91.15,92.38,81.6839,3466300,0,0
2023-11-21,92.67,93.09,92.24,92.8,82.0553,3211600,0,0
2023-11-22,93.03,93.85,92.56,93.82,82.9572,3508300,0,0
2023-11-24,94,94.41,93.9,94.34,83.4169,2080100,0,0
2023-11-27,94.07,94.27,93.54,94.05,83.1605,3478700,0,0
2023-11-28,94.07,94.49,93.55,94.15,83.2489,2456500,0,0
2023-11-29,94.34,94.48,93.43,93.65,82.8068,2627800,0,0
2023-11-30,94.03,94.03,92.76,93.36,82.5504,4319400,0,0
2023-12-01,93.33,94.2,93,94.05,83.1605,3197800,0,0
2023-12-04,93.8,94.79,92.49,92.93,82.1702,5729500,0,0
2023-12-05,92.52,93.4,91.77,92.54,81.8254,3606800,0,0
2023-12-06,90.79,91.37,90.15,91.1,80.5521,5719600,0,0
2023-12-07,91.37,91.47,90.69,91.12,80.5698,5511700,0,0
2023-12-08,91.33,91.47,90.67,91.31,80.7378,3877500,0,0
2023-12-11,91.88,93.31,91.88,92.99,82.2232,4270100,0,0
2023-12-12,92.81,93.02,92.16,92.88,82.126,4038200,0,0
2023-12-13,92.88,94.42,91.73,94.4,83.47,11393000,0,0
2023-12-14,94.95,96.58,94.67,94.67,83.7087,8806900,0,0
2023-12-15,94.59,95.3,94.4,94.46,83.523,17596500,0,0
2023-12-18,94.92,95.58,94.13,94.88,83.8944,4606400,0,0
2023-12-19,95.2,95.75,94.89,95.27,84.2393,3897900,0,0
2023-12-20,93.73,94.07,91.96,91.99,82.4643,4461900,1.3,0
2023-12-21,92.28,93.11,92.12,92.83,83.2173,3617600,0,0
2023-12-22,92.99,93.8,92.69,92.94,83.3159,2578700,0,0
2023-12-26,92.75,93.66,92.6,93.25,83.5938,2608400,0,0
2023-12-27,93.19,93.94,93.19,93.78,84.0689,3717200,0,0
2023-12-28,93.55,94.38,93.45,94.08,84.3379,3425800,0,0
2023-12-29,94.08,94.32,93.73,94.08,84.3379,3709200,0,0
2024-01-02,93.82,95.88,93.66,95.56,85.6646,5038500,0,0
2024-01-03,95.44,95.68,94.74,95.42,85.5391,4145200,0,0
2024-01-04,95.78,96.82,95.56,95.66,85.7543,5179400,0,0
2024-01-05,95.4,96.03,94.62,95.3,85.4315,3251800,0,0
2024-01-08,95.89,96.76,95.86,96.29,86.319,3828300,0,0
2024-01-09,95.62,95.68,94.78,95.59,85.6915,4523500,0,0
2024-01-10,95.69,96.38,93.51,94.47,84.6875,4837400,0,0
2024-01-11,94.32,95.25,93.85,95.15,85.297,4467600,0,0
2024-01-12,95.97,96.41,95.11,95.27,85.4046,3593200,0,0
2024-01-16,95.16,95.16,94.16,94.51,84.7233,3304500,0,0
2024-01-17,94.06,94.53,93.37,93.71,84.0062,2753400,0,0
2024-01-18,93.1,93.48,92.2,93.19,83.54,3640800,0,0
2024-01-19,93.48,93.57,91.76,92.32,82.7601,5893400,0,0
2024-01-22,92.05,93.04,91.83,92.43,82.8587,5201900,0,0
2024-01-23,90.95,91.99,90.52,91.8,82.294,4429300,0,0
2024-01-24,92.03,92.07,90.85,90.88,81.4692,5562100,0,0
2024-01-25,91.45,91.79,90.85,91.21,81.7651,7212600,0,0
2024-01-26,91.75,92.11,90.84,90.85,81.4423,5935800,0,0
2024-01-29,91.21,91.8,90.97,91.7,82.2043,6509100,0,0
2024-01-30,91.34,91.93,90.48,91.76,82.2581,6120500,0,0
2024-01-31,91.86,91.89,90.79,90.85,81.4423,7323000,0,0
2024-02-01,91.23,93.29,90.95,93.29,83.6297,5169300,0,0
2024-02-02,92.75,93.3,91.99,92.99,83.3607,5036000,0,0
2024-02-05,92.75,92.75,91.54,91.63,82.1416,4672000,0,0
2024-02-06,91.63,91.86,91.05,91.66,82.1685,5160100,0,0
2024-02-07,91.95,92.13,91.23,91.44,81.9713,4694300,0,0
2024-02-08,89,90.56,88.3,89.01,79.7929,9260300,0,0
2024-02-09,89,89.43,88.55,89.12,79.8915,4966300,0,0
2024-02-12,89.12,90.17,89.02,90,80.6804,4022300,0,0
2024-02-13,89.58,90.17,88.42,89.19,79.9542,5935300,0,0
2024-02-14,89.17,89.53,88.78,89.22,79.9811,5534900,0,0
2024-02-15,89.44,89.5,88.82,88.98,79.766,8765600,0,0
2024-02-16,88.88,90.04,88.71,89.65,80.3666,4382500,0,0
2024-02-20,89.61,89.96,89.13,89.64,80.3576,4448000,0,0
2024-02-21,89.65,90.69,89.25,90.57,81.1913,4171900,0,0
2024-02-22,90.18,91.22,89.96,91.19,81.7471,4161700,0,0
2024-02-23,91.23,91.96,91.04,91.56,82.0788,3981300,0,0
2024-02-26,91.48,91.52,90.05,90.42,81.0569,3941500,0,0
2024-02-27,90.42,90.69,89.9,90.18,80.8417,4503900,0,0
2024-02-28,90.18,90.61,89.74,90.42,81.0569,3431700,0,0
2024-02-29,90.65,90.78,89.86,89.96,80.6445,5735600,0,0
2024-03-01,89.83,89.86,88.86,89.83,80.528,5093300,0,0
2024-03-04,89.49,90.77,89.17,90.31,80.9582,4670600,0,0
2024-03-05,90.03,90.9,89.92,90.57,81.1913,4067700,0,0
2024-03-06,91.23,91.72,90.76,91.09,81.6575,5166300,0,0
2024-03-07,91.18,91.65,91.1,91.51,82.034,2839500,0,0
2024-03-08,91.5,92.93,91.25,92.68,83.0828,3549600,0,0
2024-03-11,92.91,94.46,92.84,94.41,84.6337,4291400,0,0
2024-03-12,94.72,95.34,93.81,94.67,84.8668,4899800,0,0
2024-03-13,95,95.87,94.92,95.32,85.4495,5269600,0,0
2024-03-14,94.86,95,93.06,93.95,84.2213,6604200,0,0
2024-03-15,92.77,94.87,92.55,94.27,84.5082,16373200,0,0
2024-03-18,94.1,95.65,93.68,95.33,85.4584,6144600,0,0
2024-03-19,95.63,95.92,94.92,94.98,85.1447,6069200,0,0
2024-03-20,93.44,93.95,93.02,93.64,85.1083,6341800,1.3,0
2024-03-21,93.7,94.42,92.16,92.2,83.7995,8398200,0,0
2024-03-22,92.46,92.52,90.83,90.88,82.5998,6126800,0,0
2024-03-25,90.84,91.51,90.8,91.15,82.8452,8673200,0,0
2024-03-26,91.35,91.46,90.3,90.38,82.1453,7869800,0,0
2024-03-27,90.79,92.28,90.69,92.23,83.8268,8796800,0,0
2024-03-28,92.53,92.7,91.55,91.62,83.2724,5311900,0,0
2024-04-01,91.4,92.45,91.23,91.44,83.1088,6476700,0,0
2024-04-02,91.43,92.29,91.4,91.82,83.4541,4861400,0,0
2024-04-03,91.84,92.05,90.94,91,82.7088,4823900,0,0
2024-04-04,91.59,91.59,90.01,90.1,81.8908,5469000,0,0
2024-04-05,90.04,90.21,88.96,89.48,81.3273,5119700,0,0
2024-04-08,89.83,90.42,89.58,90.32,82.0908,5302100,0,0
2024-04-09,90.5,91.22,90.41,91.07,82.7725,5068200,0,0
2024-04-10,89.73,90.03,88.66,89.72,81.5455,9601600,0,0
2024-04-11,89.9,89.91,88.87,89.43,81.2819,5932000,0,0
2024-04-12,89.12,89.54,88.66,88.85,80.7547,5517300,0,0
2024-04-15,89.27,89.6,87.82,88.6,80.5275,7773900,0,0
2024-04-16,88.6,89.65,88.43,89.5,81.3455,4617600,0,0
2024-04-17,89.89,90.63,89.3,90.58,82.3271,4767000,0,0
2024-04-18,90.79,91.23,90.65,91.2,82.8906,4041700,0,0
2024-04-19,91.54,94.03,91.38,93.77,85.2265,8710200,0,0
2024-04-22,93.51,94.28,92.94,94.06,85.49,8656300,0,0
2024-04-23,94.39,97.71,93.84,97.66,88.762,13105500,0,0
2024-04-24,96.8,99.1,95.64,99.02,89.9981,13572400,0,0
2024-04-25,99.5,99.9,95.95,96.09,87.3351,7417700,0,0
2024-04-26,95.8,96.62,94.94,95.02,86.3626,5391000,0,0
2024-04-29,95.05,95.74,95.03,95.6,86.8897,3510700,0,0
2024-04-30,95.62,95.86,94.42,94.94,86.2899,6589200,0,0
2024-05-01,94.64,97.23,94.63,96.05,87.2987,6462500,0,0
2024-05-02,96.38,97.99,95.88,97.31,88.4439,5607800,0,0
2024-05-03,97.47,98.03,96.33,97.4,88.5257,5611900,0,0
2024-05-06,97.76,97.9,96.65,97.45,88.5712,4517500,0,0
2024-05-07,98,98.41,97.36,97.53,88.6439,3960300,0,0
2024-05-08,97.55,98.51,97.18,98.25,89.2983,5784300,0,0
2024-05-09,98.43,99.48,98.19,99.46,90.398,3840400,0,0
2024-05-10,99.6,99.99,99.34,99.66,90.5798,4149300,0,0
2024-05-13,99.98,100.23,99.03,99.29,90.2435,3853700,0,0
2024-05-14,99.5,100.14,99.41,99.84,90.7434,3292700,0,0
2024-05-15,100,100.64,99.84,100.57,91.4069,3230600,0,0
2024-05-16,100.71,101.46,100.52,100.66,91.4887,4417400,0,0
2024-05-17,100.94,100.94,99.8,99.83,90.7343,5307800,0,0
2024-05-20,99.87,100.47,99.42,99.59,90.5162,5340100,0,0
2024-05-21,99.9,100.81,99.34,100.23,91.0979,6199600,0,0
2024-05-22,99.53,101.18,99.21,101.07,91.8614,4407600,0,0
2024-05-23,100.61,100.61,99.21,99.65,90.5707,4573200,0,0
2024-05-24,100.24,100.79,99.59,99.93,90.8252,4053900,0,0
2024-05-28,99.34,100.13,99.05,100.05,90.9343,3560100,0,0
2024-05-29,99.85,99.99,99.21,99.6,90.5253,4465000,0,0
2024-05-30,99.69,99.8,98.96,99.41,90.3526,3875400,0,0
2024-05-31,99.28,101.52,99.28,101.38,92.1431,7528800,0,0
2024-06-03,101.24,103.18,100.62,102.96,93.5792,6332700,0,0
2024-06-04,102.91,104.11,102.56,103.79,94.3335,5080900,0,0
2024-06-05,103.95,104.24,102.98,104.07,94.588,5266700,0,0
2024-06-06,104,104.9,103.53,104.24,94.7425,4847600,0,0
2024-06-07,103.92,104.35,103.56,103.61,94.1699,2506900,0,0
2024-06-10,103.55,103.88,102.6,103.68,94.2336,3819100,0,0
2024-06-11,103.48,103.96,102.58,103.82,94.3608,3751300,0,0
2024-06-12,104.25,104.31,102.24,102.65,93.2974,4083600,0,0
2024-06-13,102.67,102.67,101.58,101.98,92.6884,4264400,0,0
2024-06-14,101.95,102.33,101.51,102.2,92.8884,5643600,0,0
2024-06-17,101.68,102.2,101.23,102.05,92.7521,4838100,0,0
2024-06-18,99.33,101.87,99.31,101.24,92.0159,5990900,0,0
2024-06-20,101.46,101.74,100.6,101.2,91.9795,4646100,0,0
2024-06-21,99.89,100.5,98.93,99.92,91.9979,10027700,1.3,0
2024-06-24,100.19,102.06,99.86,101.87,93.7933,6487100,0,0
2024-06-25,102,102.16,101.35,102.04,93.9498,6319400,0,0
2024-06-26,101.47,102.26,101.45,101.96,93.8762,4321700,0,0
2024-06-27,102.2,102.29,101.09,101.57,93.5171,4145700,0,0
2024-06-28,101.53,101.76,100.92,101.33,93.2961,7299400,0,0
2024-07-01,101.98,103.29,101.18,101.25,93.2225,2906300,0,0
2024-07-02,101.29,101.94,101.11,101.64,93.5816,3893000,0,0
2024-07-03,101.78,101.93,101.11,101.42,93.379,1647800,0,0
2024-07-05,101.15,102.35,100.8,102.12,94.0235,3569100,0,0
2024-07-08,102.07,102.95,101.85,102.59,94.4562,6081300,0,0
2024-07-09,102.72,102.9,101.62,101.67,93.6092,4460000,0,0
2024-07-10,101.76,102.92,101.68,102.76,94.6128,3089500,0,0
2024-07-11,102.76,105,102.75,105,96.6752,3949500,0,0
2024-07-12,105.18,106.63,105,105.95,97.5498,3541800,0,0
2024-07-15,106,106.13,104.92,105.07,96.7396,3606900,0,0
2024-07-16,105.23,106.14,104.84,106.1,97.688,2731400,0,0
2024-07-17,106.35,108.81,106.35,108.31,99.7227,5411000,0,0
2024-07-18,107.26,109.18,107.18,107.46,98.9401,4510500,0,0
2024-07-19,108.19,108.58,106.97,107.12,98.6271,4819200,0,0
2024-07-22,107.63,107.72,106.76,107.22,98.7192,5601100,0,0
2024-07-23,109.25,111.36,108,109.56,100.874,7560300,0,0
2024-07-24,109.93,111.69,109.37,111.44,102.605,7366100,0,0
2024-07-25,111.83,113.68,111.41,113.2,104.225,6976900,0,0
2024-07-26,113.2,113.5,112.56,113.36,104.372,5381700,0,0
2024-07-29,113.32,114.47,112.43,114.4,105.33,4834900,0,0
2024-07-30,114.09,114.83,113.62,114.7,105.606,5122700,0,0
2024-07-31,114.2,116.27,113.99,115.16,106.03,5519500,0,0
2024-08-01,115.78,117.83,114.91,117.46,108.147,7088700,0,0
2024-08-02,118.09,119.06,115.16,117.82,108.479,7405900,0,0
2024-08-05,116.92,117.96,113.15,113.56,104.556,10890600,0,0
2024-08-06,113.56,115.42,113.2,114.2,105.146,6275500,0,0
2024-08-07,114.4,116.43,114.2,115.74,106.564,3644800,0,0
2024-08-08,115.17,116.87,114.94,116.29,107.07,3548500,0,0
2024-08-09,116.29,116.58,115.62,116.01,106.812,3814600,0,0
2024-08-12,116.1,116.77,115.72,116.09,106.886,4860500,0,0
2024-08-13,116.13,118.07,115.87,117.91,108.562,5328100,0,0
2024-08-14,117.32,118.08,117.09,117.2,107.908,4067900,0,0
2024-08-15,117.19,117.95,116.61,117.89,108.543,4422200,0,0
2024-08-16,118.11,118.4,117.23,118.06,108.7,3707400,0,0
2024-08-19,118.14,118.84,117.95,118.45,109.059,3701400,0,0
2024-08-20,118.46,119.1,118.09,118.98,109.547,3837900,0,0
2024-08-21,119.17,120.09,118.96,120,110.486,4159500,0,0
2024-08-22,120.01,120.21,119.1,120.1,110.578,4156300,0,0
2024-08-23,120.1,120.27,119.57,120.15,110.624,2896500,0,0
2024-08-26,120.03,121.6,120.03,121.25,111.637,3061700,0,0
2024-08-27,121.76,122.55,121.29,122.41,112.705,3511600,0,0
2024-08-28,122.65,123.05,121.95,122.57,112.852,4430000,0,0
2024-08-29,122.86,122.86,121.76,122.55,112.834,3619400,0,0
2024-08-30,122.73,123.45,122.32,123.29,113.515,5602900,0,0
2024-09-03,123.57,126.19,123.21,125.71,115.743,6352600,0,0
2024-09-04,126,127.41,125.29,126.61,116.572,5340700,0,0
2024-09-05,126.88,127.45,125.03,125.18,115.255,5638200,0,0
2024-09-06,125.06,126.45,125,125.81,115.835,8412600,0,0
2024-09-09,125.72,128.22,125.72,127.45,117.345,4497500,0,0
2024-09-10,127.36,127.91,125.63,126.75,116.701,4921900,0,0
2024-09-11,126.5,126.5,124.22,125.26,115.329,4506100,0,0
2024-09-12,125,125.5,123.3,124.65,114.767,6055300,0,0
2024-09-13,124.92,125.87,124.46,125.62,115.66,3779600,0,0
2024-09-16,126.15,126.99,125.34,125.97,115.983,5549500,0,0
2024-09-17,124.8,125.08,122.07,123.23,113.46,6345000,0,0
2024-09-18,122.91,123,120.39,120.96,111.37,9398600,0,0
2024-09-19,120.6,120.76,119.4,119.74,110.247,7688600,0,0
2024-09-20,119.5,120.85,119.16,120.79,111.213,18374400,0,0
2024-09-23,120.93,121.6,120.42,121.09,111.489,4638800,0,0
2024-09-24,120.42,121.57,120.13,121.21,111.6,4056900,0,0
2024-09-25,121.9,122.76,121.04,121.69,112.042,6474000,0,0
2024-09-26,120.2,121.43,119.7,120.85,112.517,6350900,1.35,0
2024-09-27,121.12,121.49,120.56,120.62,112.303,6046600,0,0
2024-09-30,121.3,121.77,120.55,121.4,113.029,6947900,0,0
2024-10-01,121.5,121.96,120.33,120.59,112.275,5466100,0,0
2024-10-02,120.3,120.37,119.27,119.6,111.353,3425000,0,0
2024-10-03,119.27,119.6,117.8,118.38,110.217,4523200,0,0
2024-10-04,117.74,119.11,117.53,119.1,110.887,4124500,0,0
2024-10-07,118.91,118.96,118.28,118.91,110.711,5110300,0,0
2024-10-08,119.24,119.58,118.25,118.8,110.608,3522000,0,0
2024-10-09,118.81,120.29,118.71,120.18,111.893,3212400,0,0
2024-10-10,120.62,121.58,119.13,119.39,111.157,3606700,0,0
2024-10-11,119.65,120.17,119.03,120.1,111.818,2630100,0,0
2024-10-14,120.01,120.39,119.58,120.08,111.8,3719400,0,0
2024-10-15,120.28,121.32,120.03,120.42,112.116,5496700,0,0
2024-10-16,120.13,120.99,119.81,120.89,112.554,2794200,0,0
2024-10-17,120.9,121.06,119.83,120.14,111.856,2929200,0,0
2024-10-18,120.06,120.76,119.25,120.21,111.921,4046000,0,0
2024-10-21,120.19,120.44,118.52,118.96,110.757,5595500,0,0
2024-10-22,123.32,131.97,123.22,131.41,122.349,14411800,0,0
2024-10-23,129.98,131.41,129.03,131.41,122.349,6993400,0,0
2024-10-24,131.89,132.91,131.34,132.8,123.643,5378900,0,0
2024-10-25,133.01,133.27,129.57,129.86,120.905,3888300,0,0
2024-10-28,129.63,130.54,128.74,130.5,121.501,5525900,0,0
2024-10-29,130.3,132.13,130.12,131.57,122.498,5500500,0,0
2024-10-30,131.57,132.3,131,132.11,123,4385800,0,0
2024-10-31,132.25,134.15,131.87,132.7,123.55,5666600,0,0
2024-11-01,132.66,133.27,130.33,130.65,121.641,5833200,0,0
2024-11-04,131.23,131.64,129.68,130.33,121.343,3916000,0,0
2024-11-05,130.73,132.33,130.27,132.19,123.075,3333500,0,0
2024-11-06,132.98,132.98,125.14,125.31,116.669,10222800,0,0
2024-11-07,126.53,126.9,123.68,123.78,115.245,10545500,0,0
2024-11-08,124.45,126.82,123.56,126.24,117.535,6364900,0,0
2024-11-11,125.9,126.97,124.8,124.95,116.334,5101500,0,0
2024-11-12,125.82,125.9,123.85,124.22,115.654,3837100,0,0
2024-11-13,124.85,126.42,124.21,125.24,116.604,4935800,0,0
2024-11-14,124,128.36,123.83,128.2,119.36,6851800,0,0
2024-11-15,128.39,130.15,128.34,128.59,119.723,9066000,0,0
2024-11-18,129.66,131.96,128.81,131.72,122.637,4906900,0,0
2024-11-19,131.22,131.42,128.78,129.54,120.608,5482600,0,0
2024-11-20,129.62,131.24,128.8,130.39,121.399,4172700,0,0
2024-11-21,130.5,132.12,130.41,131.21,122.162,3605100,0,0
2024-11-22,131.74,131.81,129.83,129.99,121.026,4108200,0,0
2024-11-25,130.67,131.1,129.16,130.71,121.697,4364100,0,0
2024-11-26,130.73,132.94,130.53,132.28,123.159,3462700,0,0
2024-11-27,132.55,133.42,131.73,131.82,122.73,4054100,0,0
2024-11-29,131.64,133.24,131.43,133.06,123.885,3255600,0,0
2024-12-02,132.49,132.79,130.76,131.02,121.985,4136400,0,0
2024-12-03,131.69,131.95,129.29,129.69,120.747,4739400,0,0
2024-12-04,130.36,130.85,128.92,130.48,121.483,4661200,0,0
2024-12-05,131.29,133.2,130.97,132.49,123.354,4186300,0,0
2024-12-06,132.2,132.2,130.41,130.56,121.557,4212500,0,0
2024-12-09,130.3,131.07,127.91,128.71,119.835,4759500,0,0
2024-12-10,127.96,129.5,127.73,128.98,120.086,3790900,0,0
2024-12-11,129.54,129.75,126.33,126.82,118.075,10141600,0,0
2024-12-12,127.73,128,126.36,127,118.243,5144700,0,0
2024-12-13,126.31,127.8,126.09,126.62,117.889,3233100,0,0
2024-12-16,127.07,127.47,125.83,125.94,117.256,5439100,0,0
2024-12-17,125.33,126.56,125.28,126.04,117.349,5275900,0,0
2024-12-18,125.3,125.84,124.46,124.55,115.962,4719800,0,0
2024-12-19,124.38,124.69,122.04,122.17,113.746,6985400,0,0
2024-12-20,122.5,124.77,122.21,124.22,115.654,10267400,0,0
2024-12-23,123.72,123.98,122.06,123.78,115.245,3697100,0,0
2024-12-24,123.48,124.1,122.56,122.91,114.435,2806600,0,0
2024-12-26,121.49,122.32,121.2,121.71,114.576,2425600,1.35,0
2024-12-27,121.65,121.98,120.9,121.45,114.331,3923500,0,0
2024-12-30,121.07,121.21,119.33,120.01,112.976,3336400,0,0
2024-12-31,120.44,120.83,119.95,120.35,113.296,4397800,0,0
2025-01-02,121.34,122.14,120.25,121.1,114.002,3388700,0,0
2025-01-03,121.51,122.32,121.14,122.02,114.868,3350100,0,0
2025-01-06,122.11,122.92,120.67,121,113.908,4993600,0,0
2025-01-07,120.99,121.91,120.64,121.4,114.284,4933300,0,0
2025-01-08,120.86,121.92,120,121.86,114.717,3569400,0,0
2025-01-10,120,120.64,116.98,117.15,110.283,5365200,0,0
2025-01-13,117,117.77,116.12,117.55,110.66,5676900,0,0
2025-01-14,117.78,118.57,117.28,118.47,111.526,3942600,0,0
2025-01-15,118.05,119.19,117.18,118.51,111.563,5374200,0,0
2025-01-16,118.84,120.46,118.31,119.8,112.778,7855800,0,0
2025-01-17,119.85,122.19,119.3,121.59,114.463,5170100,0,0
2025-01-21,122.38,124.19,122.22,123.81,116.553,5963600,0,0
2025-01-22,123.46,123.55,122.37,122.89,115.687,4431200,0,0
2025-01-23,122.92,125.48,122.76,125.43,118.078,5375300,0,0
2025-01-24,125.59,127.41,125.53,127.28,119.819,3685700,0,0
2025-01-27,129.17,131.36,128.63,130.43,122.785,7645000,0,0
2025-01-28,129.39,131.09,128.32,128.96,121.401,5102100,0,0
2025-01-29,129.31,130.73,129.18,129.59,121.994,3869400,0,0
2025-01-30,130.06,130.49,129.05,130.32,122.681,3241700,0,0
2025-01-31,129.99,131.16,129.51,130.2,122.568,5331200,0,0
2025-02-03,128.91,131.04,128.25,130.39,122.747,5633200,0,0
2025-02-04,131,131.17,129.91,130.39,122.747,5237700,0,0
2025-02-05,130.8,131.52,130.31,130.98,123.303,8403500,0,0
2025-02-06,145.94,146.78,140.02,145.32,136.802,13753000,0,0
2025-02-07,145.5,145.65,143.8,144.41,135.945,7207500,0,0
2025-02-10,144,146.7,143.41,146.57,137.979,5899800,0,0
2025-02-11,146.57,148.53,145.5,147.98,139.306,4989600,0,0
2025-02-12,146.66,150.24,146.5,149.89,141.104,5268900,0,0
2025-02-13,149.08,149.97,148.03,149.18,140.436,5758600,0,0
2025-02-14,148.76,151.22,148.15,150.46,141.641,4778200,0,0
2025-02-18,149.8,150.76,148.65,148.8,140.078,7986900,0,0
2025-02-19,149,149.96,147.51,149.8,141.019,7052200,0,0
2025-02-20,148.53,152.53,148.34,151.57,142.686,7431500,0,0
2025-02-21,151.17,154.64,150.96,154.4,145.35,7117200,0,0
2025-02-24,154.4,156.63,154.18,156.28,147.12,8687700,0,0
2025-02-25,157.14,158.23,155.91,157.42,148.193,9348100,0,0
2025-02-26,157.4,158.39,154.28,154.74,145.67,6865100,0,0
2025-02-27,154.88,155.9,153.55,154.02,144.992,6073200,0,0
2025-02-28,155.36,156.04,153.33,155.28,146.178,9654800,0,0
2025-03-03,154.82,158.85,154,158.79,149.482,5459000,0,0
2025-03-04,158.48,159.51,153.81,153.95,144.926,6242900,0,0
2025-03-05,153.34,154.95,152.65,153.14,144.164,4239800,0,0
2025-03-06,152.97,154.11,151.64,153.55,144.55,5354300,0,0
2025-03-07,153.12,153.91,150.43,150.95,142.102,7932500,0,0
2025-03-10,151.36,151.66,149.65,150.59,141.763,11848700,0,0
2025-03-11,150.85,153.63,150.14,152.1,143.185,5787200,0,0
2025-03-12,151.84,152.55,150.31,151.32,142.45,5180800,0,0
2025-03-13,151.72,152.76,150.15,150.49,141.669,6258700,0,0
2025-03-14,150.55,152.02,149.8,151.88,142.977,5541400,0,0
2025-03-17,152.85,155.73,152.13,155.71,146.583,6680700,0,0
2025-03-18,155.5,157,153.59,153.84,144.823,8021600,0,0
2025-03-19,153.93,154.51,152.22,154.29,145.246,4202300,0,0
2025-03-20,152.71,153.04,151.46,152.47,144.8,5016200,1.35,0
2025-03-21,152.38,152.68,150.35,151.48,143.86,11194600,0,0
2025-03-24,152,152.98,150.74,151.55,143.926,6070400,0,0
2025-03-25,152,152.38,150.1,152.21,144.553,3797100,0,0
2025-03-26,152,154.77,151.96,154.33,146.566,4320300,0,0
2025-03-27,154.36,155.76,154.01,155.01,147.212,4398600,0,0
2025-03-28,155.09,156.11,153.54,155.16,147.355,4333600,0,0
2025-03-31,156.09,159.35,156,158.73,150.745,8395700,0,0
2025-04-01,158.5,158.68,156.74,158.09,150.137,4429100,0,0
2025-04-02,158.09,158.37,154.72,156.17,148.314,3889000,0,0
2025-04-03,159.44,163.08,158.25,162.07,153.917,10581500,0,0
2025-04-04,161.27,162,150.09,150.62,143.043,11951700,0,0
2025-04-07,147.17,152.83,145.08,151.23,143.622,9984300,0,0
2025-04-08,152.75,153.29,146.8,149.23,141.723,9018200,0,0
2025-04-09,148.63,152.94,146.15,151.8,144.164,10278500,0,0
2025-04-10,152.8,153.73,149.08,151.17,143.565,7818200,0,0
2025-04-11,151.88,155.28,151.3,153.89,146.148,6460900,0,0
2025-04-14,155.44,158.23,154.35,157.59,149.662,5904800,0,0
2025-04-15,158.54,161.04,156.85,160.09,152.037,6007200,0,0
2025-04-16,161.65,162.16,159.07,160.48,152.407,8296100,0,0
2025-04-17,161.3,165,161.3,163.21,155,7546400,0,0
2025-04-21,163.76,164.05,159.17,162.18,154.021,7264800,0,0
2025-04-22,163.29,164.69,161.93,164.11,155.854,9509700,0,0
2025-04-23,168.94,171.63,166.08,168.11,159.653,9084500,0,0
2025-04-24,168.33,170.51,166.46,170.07,161.514,8564900,0,0
2025-04-25,170.96,171.36,168.78,170.24,161.676,7755700,0,0
2025-04-28,170.29,170.52,168.14,169.17,160.66,6153300,0,0
2025-04-29,168.11,171.1,167.77,170.26,161.695,5346500,0,0
2025-04-30,171.54,172.03,169.02,171.36,162.74,6454400,0,0
2025-05-01,169.59,171.07,168.89,170.05,161.495,4885900,0,0
2025-05-02,170.4,171.49,169.75,170.86,162.265,4451100,0,0
2025-05-05,171.18,173.72,170,173.19,164.478,4545100,0,0
2025-05-06,172.78,174.21,172.16,174.08,165.323,4082000,0,0
2025-05-07,173.51,176.49,173.15,175.36,166.538,6685500,0,0
2025-05-08,174.24,174.96,170.28,172,163.347,5635100,0,0
2025-05-09,171.71,171.71,169.38,169.7,161.163,4733400,0,0
2025-05-12,165.64,166.6,162.37,164.83,156.538,10006500,0,0
2025-05-13,164.97,165.29,163.6,163.82,155.579,5941100,0,0
2025-05-14,163.44,165.62,162.93,164.03,155.778,4953000,0,0
2025-05-15,165.26,169.6,164.95,169.14,160.631,4959500,0,0
2025-05-16,169.33,170.6,168.37,170.44,161.866,3803500,0,0
2025-05-19,171.01,173.39,170.51,173.17,164.459,3879700,0,0
2025-05-20,173,174.6,172.75,174.12,165.361,3787600,0,0
2025-05-21,174,175.34,173.63,174.64,165.855,6245300,0,0
2025-05-22,174.64,176.22,173.16,175.23,166.415,4768900,0,0
2025-05-23,175.68,178.7,175.68,178.19,169.226,6164700,0,0
2025-05-27,178.19,179.83,177.51,179.23,170.214,5847700,0,0
2025-05-28,178.28,179.46,177.88,178.79,169.796,3286500,0,0
2025-05-29,176.51,178.18,174.93,177.87,168.922,5727300,0,0
2025-05-30,178.02,181.36,177.58,180.59,171.505,8506100,0,0
2025-06-02,179.87,182.83,179.51,182.75,173.557,4627400,0,0
2025-06-03,182.2,183.94,179.42,182.37,173.196,4940400,0,0
2025-06-04,182.6,182.61,178.28,180.66,171.572,5684800,0,0
2025-06-05,181.16,182.59,179.91,181.96,172.806,3570700,0,0
2025-06-06,181.67,182.52,181.04,181.73,172.588,2647300,0,0
2025-06-09,181.22,181.22,178.77,180.63,171.543,3114500,0,0
2025-06-10,180.59,181.29,178.8,179.03,170.024,3225500,0,0
2025-06-11,179.11,183.42,178.6,183.37,174.145,3947300,0,0
2025-06-12,183.82,184.1,181.63,184.1,174.839,5621300,0,0
2025-06-13,184.02,185.16,183.26,184.33,175.057,5505800,0,0
2025-06-16,183.91,186.69,181.56,183.29,174.069,5188000,0,0
2025-06-17,182.62,184.54,181.63,183.46,174.231,7427900,0,0
2025-06-18,183.82,184.6,182.34,182.61,173.424,6063400,0,0
2025-06-20,182.22,183.5,181.71,183.29,174.069,10765200,0,0
2025-06-23,183.57,185.47,183.3,184.95,175.646,4308700,0,0
2025-06-24,184.57,184.97,183.7,184.49,175.209,3184200,0,0
2025-06-25,183.31,183.7,179.18,179.6,170.565,5113000,0,0
2025-06-26,180.85,181.19,179.33,180.66,171.572,5847500,0,0
2025-06-27,178.82,181.3,178.2,181.03,173.217,7053300,1.35,0
2025-06-30,181,182.47,180.03,182.13,174.27,5254100,0,0
2025-07-01,182.74,183.83,176.35,177.53,169.869,5176300,0,0
2025-07-02,176.35,178.12,175.13,175.91,168.318,5572600,0,0
2025-07-03,175.95,178.88,175.3,178.88,171.16,2734100,0,0
2025-07-07,179.36,181.47,178.24,181.2,173.38,4653700,0,0
2025-07-08,179.91,181,177.15,177.72,170.05,4177700,0,0
2025-07-09,179.57,179.6,176.3,177.98,170.299,3821300,0,0
2025-07-10,178.4,181.14,176.95,180.99,173.179,5212100,0,0
2025-07-11,179.96,180.22,178.09,179.91,172.146,3430700,0,0
2025-07-14,181,181.5,179.4,180.75,172.95,5598600,0,0
2025-07-15,180.56,181.38,179.29,180.92,173.112,4323800,0,0
2025-07-16,180.83,183.99,179.25,183.27,175.361,5382400,0,0
2025-07-17,183.03,183.32,178.16,179.17,171.438,6941400,0,0
2025-07-18,179.47,179.65,178.11,178.73,171.017,4650500,0,0
2025-07-21,178,181.31,177.54,180.48,172.691,5126700,0,0
2025-07-22,169.62,170.2,162.74,165.27,158.138,19831800,0,0
2025-07-23,163,165.45,161.24,164.67,157.564,9895100,0,0
2025-07-24,164.94,164.94,160.52,161.08,154.128,7239000,0,0
2025-07-25,161.36,163.05,160.73,160.92,153.975,4544600,0,0
2025-07-28,159.6,160.6,155.7,157.77,150.961,8676900,0,0
2025-07-29,158.47,162.85,157.83,162.75,155.726,9429100,0,0
2025-07-30,162.47,164.5,162.06,162.17,155.171,7778700,0,0
2025-07-31,161.79,165.07,161.07,164.05,156.97,10607200,0,0
2025-08-01,165.35,167.93,162.89,162.96,155.927,7554100,0,0
2025-08-04,163.69,164.71,162.34,162.99,155.956,5187500,0,0
2025-08-05,162.91,165.11,162.72,164.14,157.056,4643000,0,0
2025-08-06,165.05,168.37,164.26,166.99,159.783,5915400,0,0
2025-08-07,166.94,168.55,166.1,168.17,160.912,3475500,0,0
2025-08-08,168.09,170.8,167.97,170.18,162.836,3774200,0,0
2025-08-11,170.7,171.22,166.39,170.32,162.97,5349600,0,0
2025-08-12,170.28,171,167.78,168.6,161.324,5444000,0,0
2025-08-13,168.32,168.35,164.56,165.88,158.721,5021300,0,0
2025-08-14,165.77,167.35,164.64,165.27,158.138,3294900,0,0
2025-08-15,165.26,166.82,164.19,166.19,159.018,4027600,0,0
2025-08-18,165.94,167.3,165.38,166.6,159.41,3769600,0,0
2025-08-19,166.35,169.09,166.3,168.77,161.487,4114100,0,0
2025-08-20,170,173.17,169.21,172.85,165.391,5089200,0,0
2025-08-21,173,174.88,172.75,174.49,166.96,4397800,0,0
2025-08-22,174.77,175.23,170.05,171.75,164.338,4760900,0,0
2025-08-25,171.76,171.94,166.83,167.37,160.147,4872800,0,0
2025-08-26,167.34,167.58,165.53,166.68,159.487,5854900,0,0
2025-08-27,165.9,166.02,163.93,164.19,157.104,5164400,0,0
2025-08-28,164.06,166.27,161.96,165.77,158.616,7297800,0,0
2025-08-29,166.41,167.29,165.17,167.13,159.917,5358000,0,0
2025-09-02,166.57,168.04,163.38,167.4,160.176,6013500,0,0
2025-09-03,165.7,166.9,161.16,163.22,156.176,7329600,0,0
2025-09-04,162.16,164.5,159.79,161.15,154.195,7839100,0,0
2025-09-05,161.47,162.06,160.07,161.55,154.578,4056700,0,0
2025-09-08,161.66,162.79,159.57,162.72,155.698,6055800,0,0
2025-09-09,162.13,165.04,161.1,164.74,157.631,3845800,0,0
2025-09-10,164.78,165.83,164.02,165.31,158.176,3979500,0,0
2025-09-11,165.9,169.86,165.2,167.9,160.654,4800300,0,0
2025-09-12,167.32,168.8,165.1,166.11,158.941,3691500,0,0
2025-09-15,165.51,165.51,161.47,161.64,154.664,5584100,0,0
2025-09-16,162.03,164.37,161.43,162.96,155.927,6281200,0,0
2025-09-17,163.79,167.08,163.34,166.3,159.123,5590800,0,0
2025-09-18,163.99,164.72,161.12,161.76,154.779,6547700,0,0
2025-09-19,162.42,163.79,161.33,162.95,155.918,10489000,0,0
2025-09-22,162.18,163.46,159.91,161.98,154.99,5735000,0,0
2025-09-23,161.87,164.17,161.01,163.77,156.702,4622100,0,0
2025-09-24,163.54,164.82,162.76,163,155.966,6373200,0,0
2025-09-25,164.44,165.26,163.32,164,156.922,4295600,0,0
2025-09-26,164.65,164.97,163,164.89,157.774,3736100,0,0
2025-09-29,164.53,164.99,162.5,162.99,155.956,6953900,0,0
2025-09-30,162.9,163.6,161.69,162.2,155.2,6401100,0,0
2025-10-01,162.87,164.06,158.45,160.86,153.918,8633700,0,0
2025-10-02,160.54,162.13,157.56,157.91,151.095,6930000,0,0
2025-10-03,155.8,156.4,151.15,153.27,148.034,11151500,1.47,0
2025-10-06,152.14,153.65,150.88,153.54,148.294,7071400,0,0
2025-10-07,153.5,155.14,152.31,154.55,149.27,6789300,0,0
2025-10-08,154.46,155.34,152.17,155.27,149.965,6368200,0,0
2025-10-09,155.28,156.88,153.51,156.85,151.491,4455400,0,0
2025-10-10,157.37,161.54,156.96,160.47,154.988,6542800,0,0
2025-10-13,158.5,159.53,156.61,159.47,154.022,5684200,0,0
2025-10-14,158.43,161.15,157.94,159.07,153.635,6198900,0,0
2025-10-15,157.84,159.95,157.45,157.73,152.341,4683500,0,0
2025-10-16,158.69,158.69,155.68,155.98,150.651,5110000,0,0
2025-10-17,157.03,158.98,156.87,158.06,152.66,5371900,0,0
2025-10-20,158.16,160.7,157.18,158.06,152.66,7779200,0,0
2025-10-21,154.67,155.93,142.33,152,146.807,28418100,0,0
2025-10-22,151.87,156.96,151,156.86,151.501,12741400,0,0
2025-10-23,157.94,159.11,156.35,157.7,152.312,8147000,0,0
2025-10-24,158.08,158.62,157.38,157.62,152.235,6303600,0,0
2025-10-27,156.84,156.86,152.93,153.21,147.976,10233700,0,0
2025-10-28,153,153.08,148.14,149.81,144.692,7725500,0,0
2025-10-29,149.24,150.14,146.39,146.77,141.756,7637100,0,0
2025-10-30,146.78,147.43,145.04,145.76,140.78,5747900,0,0
2025-10-31,145.31,145.54,143.17,144.33,139.399,6200300,0,0
2025-11-03,143.5,145.12,142.11,144.6,139.66,5056100,0,0
2025-11-04,145.74,147.77,144.22,147.66,142.615,5712900,0,0
2025-11-05,148.19,150.43,147.25,148.4,143.33,5928400,0,0
2025-11-06,148.47,150.88,147.34,149.9,144.779,7315100,0,0
2025-11-07,151.25,153.52,149.37,153.39,148.149,7365000,0,0
2025-11-10,152.1,155.16,151.35,155.07,149.772,4976900,0,0
2025-11-11,155.42,157.51,155.27,156.8,151.443,3570100,0,0
2025-11-12,156.25,157.35,155.5,155.56,150.245,4781900,0,0
2025-11-13,155.69,156.06,153,155.15,149.849,5293300,0,0
2025-11-14,155.25,155.55,152.82,155.43,150.12,3529300,0,0
2025-11-17,154.92,154.92,151.77,152.76,147.541,4709000,0,0
2025-11-18,154.12,157.62,152.81,155.85,150.525,5144000,0,0
2025-11-19,155.51,156.67,154,155.61,150.294,4343200,0,0
2025-11-20,155.57,156.29,154.13,155.65,150.332,4021200,0,0
2025-11-21,156.39,157.79,154.41,155.24,149.936,6834600,0,0
2025-11-24,154.01,155.17,150.09,151.06,145.899,13674800,0,0
2025-11-25,152.68,158.23,152.4,157.41,152.032,7287100,0,0
2025-11-26,157.94,158.22,156.29,156.49,151.144,4172200,0,0
2025-11-28,155.3,157.53,155.3,157.48,152.1,1878300,0,0
2025-12-01,157.36,157.99,155.51,156.15,150.815,3453900,0,0
2025-12-02,156.05,156.38,153.43,154.62,149.337,4771300,0,0
2025-12-03,155.13,155.56,151.56,151.71,146.527,3827200,0,0
2025-12-04,150.8,151.71,146.35,148.58,143.504,8566200,0,0
2025-12-05,148.21,148.92,147.3,147.81,142.76,5456200,0,0
2025-12-08,147.56,149.87,146.65,148.29,143.224,6657700,0,0
2025-12-09,149.19,150.89,148.03,150.37,145.233,5065200,0,0
2025-12-10,150.05,150.59,148.21,149.77,144.653,9023100,0,0
2025-12-11,150.99,152.64,150.42,150.95,145.793,4130200,0,0
2025-12-12,151,153.72,149.51,153.65,148.401,5781800,0,0
2025-12-15,154.1,159.27,153.53,158.41,152.998,7020500,0,0
2025-12-16,158.75,159.87,157.48,157.95,152.554,5953600,0,0
2025-12-17,157.5,159.56,156.77,158.61,153.191,8460800,0,0
2025-12-18,158.29,159.01,156.49,157.31,151.936,5386400,0,0
2025-12-19,157.24,159.85,156.65,156.84,151.482,18081100,0,0
2025-12-22,157.01,161.18,156.99,159.7,154.244,7391500,0,0
2025-12-23,159.37,162.32,159.27,162.06,156.523,4728100,0,0
2025-12-24,162.26,163.7,161.92,162.64,157.083,1754400,0,0
2025-12-26,161.17,162.62,160.89,161.05,156.966,3795300,1.47,0
2025-12-29,161.05,162.28,160.28,161.94,157.834,3626500,0,0
2025-12-30,161.6,162.38,161.17,161.95,157.844,2900100,0,0
2025-12-31,161.49,161.99,160.29,160.4,156.333,2590500,0,0
2026-01-02,160.26,162.15,159.21,160.3,156.236,3938000,0,0
2026-01-05,159,160.45,155.3,159.86,155.807,8234300,0,0
2026-01-06,159.77,160.2,155.14,155.16,151.226,5223400,0,0
2026-01-07,155.01,156.42,153.71,155.15,151.216,6114100,0,0
2026-01-08,155.83,159.43,155.51,158.81,154.783,3667900,0,0
2026-01-09,159.18,162.78,159.18,162.61,158.487,4371100,0,0
2026-01-12,162.88,165.33,162.33,165.16,160.972,6045200,0,0
2026-01-13,164.65,166.76,163.31,165.85,161.645,3983200,0,0
2026-01-14,166.65,171.33,166.57,171.08,166.742,6383000,0,0
2026-01-15,170.34,174.01,170.03,172.56,168.185,4997000,0,0
2026-01-16,171.67,174.28,170.77,173.62,169.218,5068200,0,0
2026-01-20,170.93,171.62,166.99,167.18,162.941,5942700,0,0
2026-01-21,167.5,169.02,163.13,168.81,164.53,5897800,0,0
2026-01-22,169.08,170.16,167,170.05,165.738,4060500,0,0
2026-01-23,170.07,173.25,168.74,173.02,168.633,5035800,0,0
2026-01-26,173.5,176.08,173.11,175.76,171.303,5300200,0,0
2026-01-27,175.97,179.31,174.67,178.88,174.344,3887500,0,0
2026-01-28,178.11,181,177.38,178.59,174.062,4398800,0,0
2026-01-29,178.71,180.25,177.03,177.89,173.38,7578900,0,0
2026-01-30,177.84,180.09,175.14,179.44,174.89,8239200,0,0
2026-02-02,180.86,180.86,177.13,179.94,175.378,6387100,0,0
2026-02-03,180.43,181.77,176.84,177,172.512,8389600,0,0
2026-02-04,179.26,180.45,177.31,180.39,175.816,8063900,0,0
2026-02-05,182.5,184.4,180.66,182,177.385,7392300,0,0
2026-02-06,179.83,186.55,178,182.81,178.175,8571800,0,0
2026-02-09,182.17,183.85,178.58,181.83,177.22,5384300,0,0
2026-02-10,181.64,183.31,179.71,182.69,178.058,4114500,0,0
2026-02-11,182.5,188.35,181.97,186.27,181.547,6572500,0,0
2026-02-12,186.05,190.98,185.87,188.95,184.159,5567700,0,0
2026-02-13,188.49,190.25,186.81,187.51,182.756,3770600,0,0
2026-02-17,187.56,187.56,183.3,183.65,178.993,4809600,0,0
2026-02-18,184.67,185,182.15,182.67,178.038,3549800,0,0
2026-02-19,181.99,183.79,180.21,183.5,178.847,3336700,0,0
2026-02-20,184.14,185,182.12,183.4,178.75,3845500,0,0
2026-02-23,183.74,188.26,183.53,187.22,182.473,5081000,0,0
2026-02-24,186.23,187.58,183.39,187,182.258,4274300,0,0
2026-02-25,186.46,191.3,185.66,189.8,184.988,6561300,0,0
2026-02-26,190,190.25,187.16,187.5,182.746,4871100,0,0
2026-02-27,188.14,190.11,185.7,186.83,182.093,5024300,0,0
2026-03-02,186.5,187.5,183.58,183.82,179.159,3485500,0,0
2026-03-03,183.06,183.13,175.64,177.93,173.418,6757200,0,0
2026-03-04,177.5,179.31,175.83,179.04,174.5,4493500,0,0
2026-03-05,176.9,176.9,167.94,169.7,165.397,8517800,0,0
2026-03-06,168.52,170.08,166.9,169.98,165.67,5070700,0,0
2026-03-09,169.5,173.29,169.25,173.25,168.857,5176400,0,0
2026-03-10,172.57,174.28,171.76,172.87,168.487,4903000,0,0
2026-03-11,172.01,172.12,165.26,166.84,162.61,7377400,0,0
2026-03-12,164.26,172.16,163.32,172,167.639,6559900,0,0
2026-03-13,173.5,176.05,172.39,174.66,170.231,6606400,0,0
2026-03-16,176.51,177.25,174.6,174.78,170.348,3444100,0,0
2026-03-17,176.15,176.8,172.52,172.83,168.448,3533300,0,0
2026-03-18,171,171,164.9,166.14,161.927,4669600,0,0
2026-03-19,164.22,165.25,161.85,163.37,160.649,4469200,1.47,0
2026-03-20,163.53,164.63,161.83,163.11,160.393,9565500,0,0
2026-03-23,164.16,164.96,162.44,163.24,160.521,3944100,0,0
2026-03-24,162.98,167.5,161.82,163.87,161.141,4876600,0,0
2026-03-25,164.56,165.99,163,165.5,162.744,3690100,0,0
2026-03-26,165.5,166,161.93,162.49,159.784,3053500,0,0
2026-03-27,162.76,165.27,162.25,163.54,160.816,3619600,0,0
2026-03-30,165.71,165.74,163.71,164.83,162.085,4388100,0,0
2026-03-31,166.48,166.48,163.98,165.34,162.586,3428700,0,0
2026-04-01,161.5,162.47,151.63,157.33,154.71,10125600,0,0
2026-04-02,157.35,159.48,156.25,158.1,155.467,4565100,0,0
2026-04-06,158.1,160.37,157.53,160.34,157.67,2804500,0,0
2026-04-07,160.38,161.14,157.29,157.49,154.867,3443000,0,0
2026-04-08,156.77,161.19,155.14,160.94,158.26,5305600,0,0
2026-04-09,159.36,162.31,159.17,161.25,158.564,3334100,0,0
2026-04-10,161.82,161.82,158.18,160.45,157.778,4412700,0,0
2026-04-13,160.47,163.66,160.03,162.75,160.039,6029100,0,0
2026-04-14,160.16,161.41,157.87,159.47,156.814,4324400,0,0
2026-04-15,158.99,159.55,157.11,157.19,154.572,3931200,0,0
2026-04-16,156.81,158.43,155.26,156.24,153.638,3510300,0,0
2026-04-17,155.16,158.02,154.9,157.79,155.162,5646100,0,0
2026-04-20,159.09,160.07,157.1,157.55,154.926,4324800,0,0
2026-04-21,157.14,157.67,153.18,153.25,150.698,5147600,0,0
2026-04-22,157.85,164.7,156,163.95,161.219,7747200,0,0
2026-04-23,164.71,170.88,163.7,169.19,166.372,6402500,0,0
2026-04-24,167.93,168.17,162.92,164.2,161.465,5095800,0,0
2026-04-27,163.05,164.92,160.67,160.9,158.22,4617200,0,0
2026-04-28,163.28,166.27,162.5,165.89,163.127,4067100,0,0
2026-04-29,164.14,164.79,161.94,162.71,160,3779300,0,0
2026-04-30,163.43,166.82,162.51,165.07,162.321,4813500,0,0
2026-05-01,165.98,167.62,165.51,166.38,163.609,4217100,0,0
2026-05-04,166.39,171.75,165.75,169.19,166.372,4461700,0,0
2026-05-05,168.59,169.64,166,169.46,166.638,4305100,0,0
2026-05-06,169.44,171.24,168.61,170.53,167.69,4558800,0,0
2026-05-07,169.91,171.74,168.94,171.11,168.26,4316200,0,0
2026-05-08,171.83,172.25,170.31,170.99,168.142,4631700,0,0
2026-05-11,173.04,182.28,172.96,182.11,179.077,7016900,0,0
2026-05-12,183.79,190.91,180,186.93,183.817,7866900,0,0
2026-05-13,187.49,189.64,185.39,187.91,184.78,4887000,0,0
2026-05-14,188.23,192.92,187.63,191.86,188.665,5355100,0,0
2026-05-15,192.51,192.95,189.42,189.61,186.452,5383200,0,0
2026-05-18,189.43,191.98,186.97,191.5,188.311,3770900,0,0
2026-05-19,191,193.05,188.54,191.57,188.379,5743200,0,0
2026-05-20,189.36,189.91,185.64,188.63,185.488,6328400,0,0
2026-05-21,188.19,189.7,187.22,188.46,185.321,3644000,0,0
2026-05-22,187.6,190.49,187.35,188.99,185.842,2385200,0,0
2026-05-26,189.78,190,181.12,181.53,178.507,4945300,0,0
2026-05-27,182.5,183.23,180.28,182.04,179.008,4734300,0,0
2026-05-28,182.02,183.69,178.21,178.57,175.596,3793100,0,0
2026-05-29,176.65,178.09,174.89,177.38,174.426,5948700,0,0
2026-06-01,175.64,176.12,172.18,172.66,169.784,3786200,0,0
2026-06-02,170.15,175.23,170,173.66,170.768,4029600,0,0
2026-06-03,173.95,178.92,173.5,175.94,173.01,3262900,0,0
2026-06-04,177.89,179.3,174.73,174.99,172.076,3411500,0,0
2026-06-05,176.77,180.36,175.07,178.29,175.321,4599000,0,0
2026-06-08,178.41,180,174.46,176.06,173.128,3540100,0,0
2026-06-09,175.04,179.16,172.4,178.49,175.517,4246000,0,0
2026-06-10,180.94,183.11,179.23,182.95,179.903,4446000,0,0
2026-06-11,184.57,184.91,180.23,180.77,177.759,5530700,0,0
2026-06-12,181,185.12,180.42,184.3,181.23,3325800,0,0
2026-06-15,182,183.93,180.64,181.81,178.782,6070500,0,0
2026-06-16,182.31,186.22,181.32,184.06,180.994,6047600,0,0
2026-06-17,182.47,182.86,178.49,179.44,176.451,7435500,0,0
2026-06-18,179.58,180.47,177.04,178.4,175.429,11732000,0,0
2026-06-22,178.05,178.89,172.29,173.17,170.286,4491500,0,0
2026-06-23,177.67,179.38,175.61,178.69,175.714,3444200,0,0
2026-06-24,178.89,180.07,176.56,178.78,175.802,4728800,0,0
2026-06-25,176.13,180.76,175.84,178.93,177.409,3161300,1.47,0
2026-06-26,179.93,182.62,179.25,180.77,179.233,7839200,0,0
2026-06-29,180.61,183.3,179.65,182.87,181.315,5039600,0,0
2026-06-30,181.73,186,179,180.91,179.372,9090500,0,0
2026-07-01,180.82,181.54,176.5,177.69,176.179,5910600,0,0
2026-07-02,181.03,183.83,179.52,182.27,180.72,4928500,0,0
2026-07-06,182.75,184.99,181.59,184.76,183.189,4126900,0,0
2026-07-07,189.19,189.7,185.28,187.79,186.193,3893000,0,0
2026-07-08,187.29,189.62,185.89,187.07,185.479,3652400,0,0
2026-07-09,186.58,187.45,180.64,181.17,179.63,5092200,0,0
2026-07-10,181.57,182.52,178.45,181.62,180.076,4384200,0,0
2026-07-13,181.72,184.18,179.75,180.19,178.658,3494800,0,0
2026-07-14,180.68,182,175.84,175.95,174.454,4625300,0,0
2026-07-15,176.45,181.12,175.76,180.88,179.342,4178200,0,0
2026-07-16,182.47,190,181.66,189.84,188.226,5852900,0,0
2026-07-17,191.99,194.62,190.6,192.98,191.339,5202800,0,0
2026-07-20,192.8,194.9,191.16,192.72,191.081,4754600,0,0
2026-07-21,191.8,193,187.31,188.04,186.441,6511100,0,0
2026-07-22,192.03,199.78,189.38,194.3,192.648,7799100,0,0
2026-07-23,191.95,194.72,189.05,191.12,189.495,6450100,0,0
2026-07-24,192.59,195.63,191.78,193,191.359,4438800,0,0
2026-07-27,193,196.79,192.55,195.66,193.996,3699000,0,0
2026-07-28,198.76,207.76,198.68,200.17,198.468,8064900,0,0
2026-07-29,201,202.57,198.19,198.44,196.753,3917800,0,0
2026-07-30,193.2,195.92,191.67,192,190.368,6799500,0,0
2026-07-31,190.08,193.46,188.95,190.82,189.198,5446000,0,0
2026-08-03,192.4,192.68,187.34,187.41,185.817,3986100,0,0
2026-08-04,186,187.46,184.36,186.91,185.321,5387400,0,0
2026-08-05,188.31,190.36,185.5,188.93,187.324,5540500,0,0
2026-08-06,191.15,191.54,186.66,188.05,186.451,5635300,0,0
2026-08-07,187.28,190.17,186.51,189.57,187.958,4718400,0,0
2026-08-10,188,188.6,185.01,186,184.419,3147800,0,0
2026-08-11,185.11,187.3,184.71,186.22,184.637,3468800,0,0
2026-08-12,184.28,187,184.02,186.19,184.607,3541200,0,0
2026-08-13,187.93,191.44,187.2,188.91,187.304,3353900,0,0
2026-08-14,188.95,191.1,187.63,190.39,188.771,4579000,0,0
2026-08-17,188.57,189.35,184.28,184.52,182.951,5803600,0,0
2026-08-18,187.03,188.87,186.01,187.62,186.025,7108200,0,0
2026-08-19,188.71,190.5,186.81,189.93,188.315,4801100,0,0
2026-08-20,188.83,194.26,188.83,191.52,189.892,5370600,0,0
2026-08-21,190.97,191.09,187.99,188.23,186.63,4091200,0,0
2026-08-24,190.24,193.47,189.17,191.46,189.832,4682800,0,0
2026-08-25,190.87,194.18,189.66,193.92,192.271,2717000,0,0
2026-08-26,195,196.66,192.63,194.1,192.45,4581800,0,0
2026-08-27,191.89,193.64,190.16,190.48,188.86,3976700,0,0
2026-08-28,191.15,192.85,190.2,191.89,190.258,3816800,0,0
2026-08-31,190.78,191,186.99,187.3,185.707,4013900,0,0
2026-09-01,190.35,192.37,187.07,187.15,185.559,4134000,0,0
2026-09-02,187.36,189.21,184.75,187.94,186.342,2937400,0,0
2026-09-03,188.65,189.09,186.07,186.17,184.587,2758300,0,0
2026-09-04,185.03,185.97,182.23,182.53,180.978,3155400,0,0
2026-09-08,181.01,187.36,181.01,184.73,183.159,4832800,0,0
2026-09-09,185.5,186.28,181.55,185.71,184.131,3953300,0,0
2026-09-10,188.61,192.45,188.42,189.77,188.156,4661600,0,0
2026-09-11,191.34,194.82,190.56,191.06,189.436,5320900,0,0
2026-09-14,195.19,195.35,192.85,194.86,193.203,2940700,0,0
2026-09-15,192.91,195.23,190.79,194.11,192.46,4183600,0,0
2026-09-16,192.42,195.49,191.54,191.71,190.08,2930900,0,0
2026-09-17,192.8,192.8,188.7,190.48,188.86,3010600,0,0
2026-09-18,188,191,186.56,188.62,187.016,7805700,0,0
2026-09-21,188,188.48,185.84,187.48,185.886,5693200,0,0
2026-09-22,188.46,191.95,186.7,190.23,188.613,7812100,0,0
2026-09-23,190.05,193,188.55,190.84,189.217,7307800,0,0
2026-09-24,192.41,194.71,191.14,191.5,189.872,3149600,0,0
2026-09-25,190.55,190.99,187.31,190.48,188.86,3899200,0,0
2026-09-28,190.56,194.02,189.69,193.76,192.113,4094800,0,0
2026-09-29,191.95,194.01,191,193.9,192.251,3602400,0,0
2026-09-30,195,195.22,190.82,190.82,189.198,4353400,0,0
2026-10-01,193.12,193.12,186.89,188.18,186.58,3568300,0,0
2026-10-02,186.88,189.1,185.88,187.46,187.46,3093000,1.6,0
2026-10-05,186.49,190.36,184.11,189.53,189.53,5320300,0,0
2026-10-06,189.71,192.05,189.01,190.4,190.4,4237200,0,0
2026-10-07,191.51,192.87,190.39,192.69,192.69,3937800,0,0
