date,open,high,low,close,adj_close,volume,dividend,split
1996-06-07,2.51852,2.76543,2.41975,2.76543,2.46014,3476419,0,0
1996-06-10,2.74074,2.83951,2.5679,2.61728,2.32834,1417500,0,0
1996-06-11,2.66667,2.74074,2.5679,2.74074,2.43817,1098056,0,0
1996-06-12,2.66667,2.74074,2.66667,2.66667,2.37227,647494,0,0
1996-06-13,2.66667,2.71605,2.66667,2.71605,2.4162,447019,0,0
1996-06-14,2.66667,2.71605,2.66667,2.66667,2.37227,252113,0,0
1996-06-17,2.71605,2.71605,2.5679,2.61728,2.32834,1939444,0,0
1996-06-18,2.54321,2.61728,2.49383,2.49383,2.21851,427781,0,0
1996-06-19,2.46914,2.54321,2.41975,2.41975,2.15262,292106,0,0
1996-06-20,2.49383,2.49383,2.34568,2.41975,2.15262,519413,0,0
1996-06-21,2.46914,2.61728,2.39506,2.54321,2.26245,172631,0,0
1996-06-24,2.61728,2.61728,2.54321,2.54321,2.26245,77456,0,0
1996-06-25,2.54321,2.61728,2.54321,2.54321,2.26245,320456,0,0
1996-06-26,2.59259,2.59259,2.46914,2.46914,2.19655,231863,0,0
1996-06-27,2.49383,2.49383,2.44444,2.44444,2.17458,119981,0,0
1996-06-28,2.44444,2.49383,2.44444,2.44444,2.17458,98213,0,0
1996-07-01,2.44444,2.49383,2.41975,2.41975,2.15262,47081,0,0
1996-07-02,2.44444,2.44444,2.37037,2.37037,2.10869,99731,0,0
1996-07-03,2.44444,2.44444,2.37037,2.37037,2.10869,118463,0,0
1996-07-05,2.37037,2.44444,2.37037,2.37037,2.10869,15694,0,0
1996-07-08,2.37037,2.44444,2.37037,2.41975,2.15262,60244,0,0
1996-07-09,2.41975,2.51852,2.41975,2.46914,2.19655,93150,0,0
1996-07-10,2.51852,2.51852,2.41975,2.44444,2.17458,137700,0,0
1996-07-11,2.41975,2.41975,2.37037,2.41975,2.15262,201994,0,0
1996-07-12,2.41975,2.41975,2.41975,2.41975,2.15262,0,0,0
1996-07-15,2.37037,2.39506,2.37037,2.37037,2.10869,184781,0,0
1996-07-16,2.37037,2.39506,2.37037,2.37037,2.10869,154913,0,0
1996-07-17,2.37037,2.41975,2.37037,2.37037,2.10869,183769,0,0
1996-07-18,2.41975,2.41975,2.37037,2.41975,2.15262,65813,0,0
1996-07-19,2.37037,2.39506,2.37037,2.39506,2.13065,26325,0,0
1996-07-22,2.41975,2.46914,2.39506,2.46914,2.19655,254644,0,0
1996-07-23,2.39506,2.46914,2.39506,2.39506,2.13065,300206,0,0
1996-07-24,2.39506,2.44444,2.34568,2.37037,2.10869,365006,0,0
1996-07-25,2.37037,2.44444,2.37037,2.44444,2.17458,77456,0,0
1996-07-26,2.37037,2.44444,2.37037,2.37037,2.10869,111375,0,0
1996-07-29,2.37037,2.44444,2.37037,2.44444,2.17458,186300,0,0
1996-07-30,2.41975,2.44444,2.37037,2.37037,2.10869,63281,0,0
1996-07-31,2.37037,2.44444,2.37037,2.44444,2.17458,27844,0,0
1996-08-01,2.44444,2.46914,2.41975,2.44444,2.17458,174150,0,0
1996-08-02,2.46914,2.46914,2.39506,2.39506,2.13065,229838,0,0
1996-08-05,2.44444,2.46914,2.39506,2.44444,2.17458,157444,0,0
1996-08-06,2.41975,2.46914,2.37037,2.41975,2.15262,261225,0,0
1996-08-07,2.39506,2.41975,2.37037,2.37037,2.10869,57206,0,0
1996-08-08,2.37037,2.41975,2.37037,2.37037,2.10869,136688,0,0
1996-08-09,2.37037,2.41975,2.37037,2.37037,2.10869,10631,0,0
1996-08-12,2.39506,2.41975,2.37037,2.37037,2.10869,16706,0,0
1996-08-13,2.41975,2.44444,2.37037,2.44444,2.17458,99225,0,0
1996-08-14,2.37037,2.44444,2.37037,2.44444,2.17458,109350,0,0
1996-08-15,2.37037,2.44444,2.37037,2.44444,2.17458,67331,0,0
1996-08-16,2.37037,2.37037,2.37037,2.37037,2.10869,3544,0,0
1996-08-19,2.37037,2.37037,2.37037,2.37037,2.10869,0,0,0
1996-08-20,2.37037,2.37037,2.37037,2.37037,2.10869,11644,0,0
1996-08-21,2.37037,2.41975,2.37037,2.41975,2.15262,271350,0,0
1996-08-22,2.37037,2.54321,2.37037,2.44444,2.17458,277931,0,0
1996-08-23,2.44444,2.44444,2.44444,2.44444,2.17458,22275,0,0
1996-08-26,2.44444,2.51852,2.44444,2.44444,2.17458,160988,0,0
1996-08-27,2.44444,2.49383,2.44444,2.45679,2.18557,1092994,0,0
1996-08-28,2.44444,2.44444,2.44444,2.44444,2.17458,30881,0,0
1996-08-29,2.44444,2.44444,2.39506,2.39506,2.13065,69863,0,0
1996-08-30,2.39506,2.46914,2.39506,2.46914,2.19655,11138,0,0
1996-09-03,2.39506,2.41975,2.37037,2.41975,2.15262,52650,0,0
1996-09-04,2.41975,2.41975,2.37037,2.37037,2.10869,68850,0,0
1996-09-05,2.37037,2.41975,2.37037,2.41975,2.15262,94163,0,0
1996-09-06,2.37037,2.37037,2.37037,2.37037,2.10869,25819,0,0
1996-09-09,2.37037,2.39506,2.37037,2.37037,2.10869,1090463,0,0
1996-09-10,2.37037,2.37037,2.37037,2.37037,2.10869,55688,0,0
1996-09-11,2.37037,2.37037,2.37037,2.37037,2.10869,47588,0,0
1996-09-12,2.37037,2.41975,2.32099,2.41975,2.15262,2163713,0,0
1996-09-13,2.38272,2.41975,2.37037,2.39506,2.13065,558394,0,0
1996-09-16,2.41975,2.46914,2.37037,2.44444,2.17458,377663,0,0
1996-09-17,2.39506,2.46914,2.39506,2.44444,2.17458,183263,0,0
1996-09-18,2.46914,2.46914,2.41975,2.46914,2.19655,201488,0,0
1996-09-19,2.41975,2.46914,2.41975,2.45679,2.18557,393356,0,0
1996-09-20,2.41975,2.46914,2.41975,2.41975,2.15262,59231,0,0
1996-09-23,2.41975,2.46914,2.41975,2.41975,2.15262,11138,0,0
1996-09-24,2.44444,2.48148,2.41975,2.41975,2.15262,369563,0,0
1996-09-25,2.41975,2.51852,2.41975,2.41975,2.15262,373613,0,0
1996-09-26,2.41975,2.42901,2.41975,2.41975,2.15262,5569,0,0
1996-09-27,2.48148,2.51852,2.44444,2.51852,2.24048,95681,0,0
1996-09-30,2.41975,2.51852,2.41975,2.41975,2.15262,43031,0,0
1996-10-01,2.41975,2.45679,2.41975,2.41975,2.15262,75938,0,0
1996-10-02,2.41975,2.51852,2.41975,2.41975,2.15262,61763,0,0
1996-10-03,2.41975,2.51852,2.41975,2.41975,2.15262,254644,0,0
1996-10-04,2.46914,2.46914,2.41975,2.41975,2.15262,304763,0,0
1996-10-07,2.41975,2.44444,2.41975,2.44444,2.17458,125550,0,0
1996-10-08,2.41975,2.49383,2.41975,2.45679,2.18557,44044,0,0
1996-10-09,2.41975,2.46914,2.41975,2.46914,2.19655,22781,0,0
1996-10-10,2.41975,2.46914,2.41975,2.46914,2.19655,42525,0,0
1996-10-11,2.41975,2.49383,2.41975,2.49383,2.21851,3038,0,0
1996-10-14,2.41975,2.45679,2.41975,2.41975,2.15262,24300,0,0
1996-10-15,2.41975,2.49383,2.41975,2.41975,2.15262,27338,0,0
1996-10-16,2.41975,2.49383,2.41975,2.41975,2.15262,111881,0,0
1996-10-17,2.41975,2.46914,2.41975,2.41975,2.15262,210600,0,0
1996-10-18,2.41975,2.44444,2.41975,2.41975,2.15262,143269,0,0
1996-10-21,2.41975,2.49383,2.41975,2.41975,2.15262,190856,0,0
1996-10-22,2.41975,2.49383,2.41975,2.41975,2.15262,93150,0,0
1996-10-23,2.41975,2.49383,2.41975,2.41975,2.15262,75938,0,0
1996-10-24,2.41975,2.46914,2.41975,2.41975,2.15262,70369,0,0
1996-10-25,2.39506,2.44444,2.37037,2.37037,2.10869,88088,0,0
1996-10-28,2.41975,2.41975,2.37037,2.37037,2.10869,177188,0,0
1996-10-29,2.44444,2.44444,2.37037,2.37037,2.10869,321975,0,0
1996-10-30,2.37037,2.44444,2.37037,2.37037,2.10869,70875,0,0
1996-10-31,2.37037,2.44444,2.37037,2.44444,2.17458,97200,0,0
1996-11-01,2.37037,2.41975,2.37037,2.37037,2.10869,91631,0,0
1996-11-04,2.37037,2.37037,2.37037,2.37037,2.10869,5063,0,0
1996-11-05,2.37037,2.41975,2.37037,2.39506,2.13065,325519,0,0
1996-11-06,2.38272,2.4321,2.37037,2.41975,2.15262,300206,0,0
1996-11-07,2.44444,2.44444,2.37037,2.4321,2.1636,472331,0,0
1996-11-08,2.37037,2.4321,2.37037,2.37037,2.10869,109350,0,0
1996-11-11,2.37037,2.44444,2.37037,2.37037,2.10869,141244,0,0
1996-11-12,2.37037,2.44444,2.37037,2.37037,2.10869,84038,0,0
1996-11-13,2.44444,2.44444,2.37037,2.39506,2.13065,90113,0,0
1996-11-14,2.37037,2.37037,2.37037,2.37037,2.10869,14681,0,0
1996-11-15,2.37037,2.41975,2.37037,2.37037,2.10869,59738,0,0
1996-11-18,2.41975,2.41975,2.37037,2.41975,2.15262,93656,0,0
1996-11-19,2.37037,2.41975,2.37037,2.37654,2.11418,431831,0,0
1996-11-20,2.39506,2.46914,2.37037,2.46914,2.19655,334125,0,0
1996-11-21,2.39506,2.51852,2.39506,2.51852,2.24048,646988,0,0
1996-11-22,2.46914,2.51852,2.44444,2.49383,2.21851,168581,0,0
1996-11-25,2.49383,2.49383,2.49383,2.49383,2.21851,0,0,0
1996-11-26,2.44444,2.49383,2.44444,2.49383,2.21851,99225,0,0
1996-11-27,2.46914,2.46914,2.44444,2.44444,2.17458,11138,0,0
1996-11-29,2.44444,2.44444,2.44444,2.44444,2.17458,0,0,0
1996-12-02,2.51852,2.51852,2.44444,2.44444,2.17458,5569,0,0
1996-12-03,2.46914,2.49383,2.44444,2.49383,2.21851,146306,0,0
1996-12-04,2.44444,2.49383,2.44444,2.46914,2.19655,269325,0,0
1996-12-05,2.49383,2.51852,2.49383,2.49383,2.21851,55181,0,0
1996-12-06,2.41975,2.49383,2.39506,2.46914,2.19655,68344,0,0
1996-12-09,2.44444,2.44444,2.44444,2.44444,2.17458,2025,0,0
1996-12-10,2.51852,2.76543,2.51852,2.59259,2.30638,294131,0,0
1996-12-11,2.59259,2.59259,2.5679,2.5679,2.28441,92644,0,0
1996-12-12,2.5679,2.59259,2.54321,2.54321,2.26245,60750,0,0
1996-12-13,2.51852,2.5679,2.51852,2.51852,2.24048,27338,0,0
1996-12-16,2.5679,2.5679,2.44444,2.51852,2.24048,96694,0,0
1996-12-17,2.44444,2.49383,2.4321,2.49383,2.21851,163013,0,0
1996-12-18,2.44444,2.49383,2.44444,2.49383,2.21851,110363,0,0
1996-12-19,2.46914,2.49383,2.41975,2.49383,2.21851,21769,0,0
1996-12-20,2.49383,2.49383,2.39506,2.39506,2.13065,90619,0,0
1996-12-23,2.39506,2.49383,2.39506,2.39506,2.13065,149344,0,0
1996-12-24,2.46914,2.46914,2.39506,2.46914,2.19655,15188,0,0
1996-12-26,2.41975,2.41975,2.37037,2.37037,2.10869,65306,0,0
1996-12-27,2.37037,2.44444,2.37037,2.37037,2.10869,21263,0,0
1996-12-30,2.37037,2.39506,2.37037,2.37037,2.10869,100744,0,0
1996-12-31,2.39506,2.44444,2.37037,2.37037,2.10869,160988,0,0
1997-01-02,2.37037,2.37037,2.37037,2.37037,2.10869,506,0,0
1997-01-03,2.37037,2.37037,2.37037,2.37037,2.10869,6075,0,0
1997-01-06,2.37037,2.37037,2.37037,2.37037,2.10869,55181,0,0
1997-01-07,2.37037,2.37037,2.37037,2.37037,2.10869,4050,0,0
1997-01-08,2.37037,2.44444,2.37037,2.44444,2.17458,53663,0,0
1997-01-09,2.44444,2.44444,2.44444,2.44444,2.17458,0,0,0
1997-01-10,2.37037,2.37037,2.2963,2.2963,2.04279,164025,0,0
1997-01-13,2.2963,2.37037,2.24691,2.24691,1.99886,289069,0,0
1997-01-14,2.24691,2.32099,2.24691,2.32099,2.06476,28350,0,0
1997-01-15,2.27161,2.27161,2.27161,2.27161,2.02082,25313,0,0
1997-01-16,2.27161,2.27161,2.27161,2.27161,2.02082,88594,0,0
1997-01-17,2.27161,2.27161,2.27161,2.27161,2.02082,5063,0,0
1997-01-20,2.27161,2.34568,2.27161,2.34568,2.08672,6581,0,0
1997-01-21,2.2963,2.2963,2.2963,2.2963,2.04279,7594,0,0
1997-01-22,2.32099,2.32099,2.27161,2.27161,2.02082,78975,0,0
1997-01-23,2.27161,2.27161,2.19753,2.22222,1.9769,262744,0,0
1997-01-24,2.22222,2.24691,2.19753,2.19753,1.95493,146306,0,0
1997-01-27,2.17284,2.19753,2.14815,2.17284,1.93296,652556,0,0
1997-01-28,2.22222,2.22222,2.14815,2.14815,1.911,4556,0,0
1997-01-29,2.14815,2.14815,2.14815,2.14815,1.911,21263,0,0
1997-01-30,2.22222,2.22222,2.12346,2.12346,1.88903,94669,0,0
1997-01-31,2.14815,2.19753,2.04938,2.04938,1.82314,267300,0,0
1997-02-03,2.07407,2.07407,2,2,1.7792,63788,0,0
1997-02-04,1.97531,2.02469,1.85185,1.87654,1.66938,103275,0,0
1997-02-05,1.90124,1.95062,1.90124,1.92593,1.71331,28350,0,0
1997-02-06,1.95062,1.97531,1.90124,1.90124,1.69134,17213,0,0
1997-02-07,1.90124,1.95062,1.90124,1.92593,1.71331,11138,0,0
1997-02-10,1.88889,1.90124,1.75309,1.80247,1.60348,273375,0,0
1997-02-11,1.76543,1.80247,1.76543,1.77778,1.58152,55181,0,0
1997-02-12,1.77778,1.77778,1.75309,1.76543,1.57053,34425,0,0
1997-02-13,1.77778,1.80247,1.72839,1.72839,1.53758,182756,0,0
1997-02-14,1.77778,1.77778,1.72839,1.72839,1.53758,5569,0,0
1997-02-18,1.72839,1.80247,1.72839,1.80247,1.60348,46069,0,0
1997-02-19,1.77778,1.77778,1.77778,1.77778,1.58152,12150,0,0
1997-02-20,1.77778,1.77778,1.77778,1.77778,1.58152,0,0,0
1997-02-21,1.72839,1.77778,1.72839,1.77778,1.58152,74925,0,0
1997-02-24,1.7037,1.77778,1.7037,1.75309,1.55955,68344,0,0
1997-02-25,1.72839,1.72839,1.72839,1.72839,1.53758,8606,0,0
1997-02-26,1.77778,1.77778,1.75309,1.75309,1.55955,15694,0,0
1997-02-27,1.80247,1.80247,1.75309,1.75309,1.55955,60750,0,0
1997-02-28,1.75309,1.75309,1.75309,1.75309,1.55955,0,0,0
1997-03-03,1.75309,1.75309,1.75309,1.75309,1.55955,0,0,0
1997-03-04,1.75309,1.75309,1.75309,1.75309,1.55955,0,0,0
1997-03-05,1.72839,1.75309,1.72839,1.75309,1.55955,29869,0,0
1997-03-06,1.72839,1.72839,1.72839,1.72839,1.53758,10125,0,0
1997-03-07,1.80247,1.80247,1.76543,1.80247,1.60348,20756,0,0
1997-03-10,1.80247,1.80247,1.80247,1.80247,1.60348,506,0,0
1997-03-11,1.80247,1.80247,1.72839,1.77778,1.58152,141750,0,0
1997-03-12,1.75309,1.82716,1.75309,1.82716,1.62545,744694,0,0
1997-03-13,1.77778,1.77778,1.72839,1.72839,1.53758,67331,0,0
1997-03-14,1.77778,1.77778,1.77778,1.77778,1.58152,5569,0,0
1997-03-17,1.80247,1.80247,1.80247,1.80247,1.60348,10125,0,0
1997-03-18,1.75309,1.77778,1.75309,1.77778,1.58152,23794,0,0
1997-03-19,1.75309,1.75309,1.75309,1.75309,1.55955,506,0,0
1997-03-20,1.75309,1.76543,1.72839,1.72839,1.53758,59231,0,0
1997-03-21,1.72839,1.75309,1.60494,1.60494,1.42776,139219,0,0
1997-03-24,1.60494,1.67901,1.60494,1.67901,1.49365,82013,0,0
1997-03-25,1.67901,1.7037,1.67901,1.7037,1.51562,20250,0,0
1997-03-26,1.67901,1.7037,1.65432,1.65432,1.47169,60750,0,0
1997-03-27,1.67901,1.72839,1.67901,1.72839,1.53758,51131,0,0
1997-03-31,1.67901,1.72839,1.67901,1.72839,1.53758,15188,0,0
1997-04-01,1.65432,1.72839,1.65432,1.72839,1.53758,23794,0,0
1997-04-02,1.65432,1.65432,1.65432,1.65432,1.47169,11644,0,0
1997-04-03,1.65432,1.7037,1.65432,1.7037,1.51562,17213,0,0
1997-04-04,1.75309,1.75309,1.67901,1.67901,1.49365,7088,0,0
1997-04-07,1.75309,1.75309,1.75309,1.75309,1.55955,1013,0,0
1997-04-08,1.75309,1.75309,1.75309,1.75309,1.55955,0,0,0
1997-04-09,1.77778,1.77778,1.72839,1.72839,1.53758,10125,0,0
1997-04-10,1.72839,1.72839,1.72839,1.72839,1.53758,0,0,0
1997-04-11,1.77778,1.77778,1.77778,1.77778,1.58152,506,0,0
1997-04-14,1.67901,1.67901,1.67901,1.67901,1.49365,2025,0,0
1997-04-15,1.77778,1.77778,1.77778,1.77778,1.58152,506,0,0
1997-04-16,1.7037,1.7037,1.67901,1.67901,1.49365,36956,0,0
1997-04-17,1.67901,1.67901,1.67901,1.67901,1.49365,0,0,0
1997-04-18,1.67901,1.67901,1.67901,1.67901,1.49365,0,0,0
1997-04-21,1.67901,1.67901,1.67901,1.67901,1.49365,30375,0,0
1997-04-22,1.77778,1.77778,1.77778,1.77778,1.58152,506,0,0
1997-04-23,1.77778,1.77778,1.67901,1.67901,1.49365,4556,0,0
1997-04-24,1.67901,1.67901,1.67901,1.67901,1.49365,10631,0,0
1997-04-25,1.7037,1.7037,1.7037,1.7037,1.51562,25313,0,0
1997-04-28,1.7037,1.7037,1.67901,1.67901,1.49365,129094,0,0
1997-04-29,1.67901,1.67901,1.67901,1.67901,1.49365,4050,0,0
1997-04-30,1.67901,1.67901,1.60494,1.62963,1.44972,75938,0,0
1997-05-01,1.62963,1.62963,1.62963,1.62963,1.44972,0,0,0
1997-05-02,1.62963,1.62963,1.62963,1.62963,1.44972,15188,0,0
1997-05-05,1.62963,1.67901,1.62963,1.67901,1.49365,28350,0,0
1997-05-06,1.65432,1.65432,1.62963,1.62963,1.44972,32906,0,0
1997-05-07,1.7037,1.7037,1.61728,1.67901,1.49365,117956,0,0
1997-05-08,1.60494,1.60494,1.60494,1.60494,1.42776,7594,0,0
1997-05-09,1.60494,1.60494,1.50617,1.55556,1.38383,217181,0,0
1997-05-12,1.50617,1.53086,1.48148,1.48148,1.31793,75938,0,0
1997-05-13,1.48148,1.55556,1.48148,1.55556,1.38383,17719,0,0
1997-05-14,1.53086,1.55556,1.48148,1.50617,1.3399,128081,0,0
1997-05-15,1.50617,1.50617,1.50617,1.50617,1.3399,0,0,0
1997-05-16,1.50617,1.50617,1.4321,1.48148,1.31793,194400,0,0
1997-05-19,1.40741,1.50617,1.40741,1.50617,1.3399,4556,0,0
1997-05-20,1.45679,1.45679,1.45679,1.45679,1.29596,25313,0,0
1997-05-21,1.45679,1.50617,1.4321,1.4321,1.274,43031,0,0
1997-05-22,1.45679,1.48148,1.45679,1.45679,1.29596,75938,0,0
1997-05-23,1.4321,1.4321,1.4321,1.4321,1.274,20250,0,0
1997-05-27,1.4321,1.4321,1.4321,1.4321,1.274,0,0,0
1997-05-28,1.4321,1.4321,1.35803,1.35803,1.2081,331088,0,0
1997-05-29,1.35803,1.35803,1.35803,1.35803,1.2081,27338,0,0
1997-05-30,1.40741,1.45679,1.40741,1.45679,1.29596,57206,0,0
1997-06-02,1.45679,1.45679,1.45679,1.45679,1.29596,7594,0,0
1997-06-03,1.4321,1.45679,1.40741,1.45679,1.29596,68344,0,0
1997-06-04,1.45679,1.45679,1.40741,1.40741,1.25203,32400,0,0
1997-06-05,1.4321,1.45679,1.40741,1.45679,1.29596,7594,0,0
1997-06-06,1.40741,1.40741,1.40741,1.40741,1.25203,4050,0,0
1997-06-09,1.40741,1.45679,1.40741,1.45679,1.29596,92644,0,0
1997-06-10,1.4321,1.4321,1.4321,1.4321,1.274,506,0,0
1997-06-11,1.45679,1.48148,1.45679,1.48148,1.31793,63281,0,0
1997-06-12,1.4321,1.58025,1.4321,1.58025,1.40579,45563,0,0
1997-06-13,1.53086,1.53086,1.48148,1.48148,1.31793,14681,0,0
1997-06-16,1.55556,1.58025,1.53086,1.53086,1.36186,218194,0,0
1997-06-17,1.53086,1.58025,1.53086,1.58025,1.40579,60750,0,0
1997-06-18,1.50617,1.58025,1.50617,1.58025,1.40579,18225,0,0
1997-06-19,1.48148,1.48148,1.38272,1.38272,1.23007,74925,0,0
1997-06-20,1.40741,1.4321,1.29938,1.35803,1.2081,170100,0,0
1997-06-23,1.35803,1.35803,1.30864,1.30864,1.16417,124538,0,0
1997-06-24,1.30864,1.35803,1.28395,1.28395,1.14221,194906,0,0
1997-06-25,1.33333,1.33333,1.1358,1.1358,1.01041,175163,0,0
1997-06-26,1.20988,1.20988,1.1358,1.1358,1.01041,92644,0,0
1997-06-27,1.1358,1.20988,1.1358,1.16049,1.03238,172125,0,0
1997-06-30,1.25926,1.28395,1.23457,1.23457,1.09827,59231,0,0
1997-07-01,1.28395,1.28395,1.28395,1.28395,1.14221,506,0,0
1997-07-02,1.18518,1.25926,1.06173,1.11111,0.988447,93656,0,0
1997-07-03,1.1358,1.16049,1.12346,1.16049,1.03238,54675,0,0
1997-07-07,1.16049,1.20988,1.1358,1.20988,1.07631,35438,0,0
1997-07-08,1.1358,1.1358,1.1358,1.1358,1.01041,2025,0,0
1997-07-09,1.20988,1.20988,1.1358,1.16049,1.03238,69863,0,0
1997-07-10,1.18518,1.18518,1.1358,1.18518,1.05434,34931,0,0
1997-07-11,1.28395,1.35803,1.28395,1.34568,1.19712,192375,0,0
1997-07-14,1.34568,1.34568,1.25926,1.25926,1.12024,11138,0,0
1997-07-15,1.25926,1.34568,1.25926,1.25926,1.12024,137194,0,0
1997-07-16,1.40741,1.40741,1.40741,1.40741,1.25203,25313,0,0
1997-07-17,1.40741,1.40741,1.40741,1.40741,1.25203,1519,0,0
1997-07-18,1.40741,1.40741,1.28395,1.28395,1.14221,20250,0,0
1997-07-21,1.33333,1.33333,1.25926,1.25926,1.12024,121500,0,0
1997-07-22,1.25926,1.30864,1.25926,1.30864,1.16417,7594,0,0
1997-07-23,1.35803,1.35803,1.35803,1.35803,1.2081,1013,0,0
1997-07-24,1.25926,1.25926,1.25926,1.25926,1.12024,506,0,0
1997-07-25,1.28395,1.35803,1.28395,1.28395,1.14221,14681,0,0
1997-07-28,1.28395,1.28395,1.28395,1.28395,1.14221,11644,0,0
1997-07-29,1.28395,1.33333,1.28395,1.28395,1.14221,23794,0,0
1997-07-30,1.33333,1.33333,1.25926,1.33333,1.18614,70875,0,0
1997-07-31,1.25926,1.45679,1.25926,1.45679,1.29596,122513,0,0
1997-08-01,1.45679,1.48148,1.40741,1.4321,1.274,62269,0,0
1997-08-04,1.53086,1.53086,1.4321,1.53086,1.36186,12150,0,0
1997-08-05,1.53086,1.53086,1.38272,1.4321,1.274,25313,0,0
1997-08-06,1.48148,1.48148,1.40741,1.40741,1.25203,13669,0,0
1997-08-07,1.4321,1.53086,1.4321,1.53086,1.36186,35438,0,0
1997-08-08,1.4321,1.48148,1.4321,1.4321,1.274,12150,0,0
1997-08-11,1.4321,1.50617,1.40741,1.40741,1.25203,90113,0,0
1997-08-12,1.40741,1.40741,1.40741,1.40741,1.25203,0,0,0
1997-08-13,1.45679,1.48148,1.4321,1.45679,1.29596,116944,0,0
1997-08-14,1.4321,1.45679,1.4321,1.45679,1.29596,58219,0,0
1997-08-15,1.4321,1.45679,1.4321,1.4321,1.274,408038,0,0
1997-08-18,1.45679,1.45679,1.4321,1.45679,1.29596,49106,0,0
1997-08-19,1.45679,1.48148,1.45679,1.48148,1.31793,20250,0,0
1997-08-20,1.45679,1.50617,1.45679,1.50617,1.3399,44550,0,0
1997-08-21,1.48148,1.51852,1.48148,1.51852,1.35088,8606,0,0
1997-08-22,1.51852,1.51852,1.51852,1.51852,1.35088,0,0,0
1997-08-25,1.51852,1.51852,1.51852,1.51852,1.35088,0,0,0
1997-08-26,1.48148,1.48148,1.48148,1.48148,1.31793,2025,0,0
1997-08-27,1.53086,1.55556,1.53086,1.53086,1.36186,14681,0,0
1997-08-28,1.55556,1.72839,1.50617,1.7037,1.51562,461700,0,0
1997-08-29,1.7037,1.7037,1.7037,1.7037,1.51562,3038,0,0
1997-09-02,1.72839,1.72839,1.72839,1.72839,1.53758,1013,0,0
1997-09-03,1.80247,1.80247,1.77778,1.80247,1.60348,30375,0,0
1997-09-04,1.75309,1.80247,1.75309,1.75309,1.55955,30375,0,0
1997-09-05,1.75309,1.75309,1.75309,1.75309,1.55955,3038,0,0
1997-09-08,1.77778,1.85185,1.77778,1.85185,1.64741,189338,0,0
1997-09-09,1.85185,1.85185,1.80247,1.82716,1.62545,55688,0,0
1997-09-10,1.80247,1.80247,1.77778,1.77778,1.58152,23794,0,0
1997-09-11,1.77778,1.77778,1.77778,1.77778,1.58152,0,0,0
1997-09-12,1.77778,1.77778,1.77778,1.77778,1.58152,0,0,0
1997-09-15,1.82716,1.82716,1.82716,1.82716,1.62545,2531,0,0
1997-09-16,1.85185,1.87654,1.82716,1.82716,1.62545,137194,0,0
1997-09-17,1.80247,1.82716,1.80247,1.82716,1.62545,16706,0,0
1997-09-18,1.82716,1.82716,1.80247,1.80247,1.60348,5569,0,0
1997-09-19,1.80247,1.80247,1.80247,1.80247,1.60348,5569,0,0
1997-09-22,1.87654,1.92593,1.82716,1.85185,1.64741,88594,0,0
1997-09-23,1.85185,1.85185,1.85185,1.85185,1.64741,0,0,0
1997-09-24,1.90124,1.90124,1.85185,1.85185,1.64741,5569,0,0
1997-09-25,1.85185,1.85185,1.85185,1.85185,1.64741,7088,0,0
1997-09-26,1.85185,1.90124,1.85185,1.90124,1.69134,95175,0,0
1997-09-29,1.90124,1.90124,1.90124,1.90124,1.69134,506,0,0
1997-09-30,1.88889,1.90124,1.87654,1.90124,1.69134,176175,0,0
1997-10-01,1.90124,1.90124,1.85185,1.85185,1.64741,4050,0,0
1997-10-02,1.85185,1.85185,1.85185,1.85185,1.64741,0,0,0
1997-10-03,1.92593,1.92593,1.92593,1.92593,1.71331,506,0,0
1997-10-06,1.92593,1.92593,1.90124,1.90124,1.69134,6581,0,0
1997-10-07,1.92593,1.92593,1.92593,1.92593,1.71331,14175,0,0
1997-10-08,1.92593,1.92593,1.82716,1.82716,1.62545,25313,0,0
1997-10-09,1.87654,1.87654,1.87654,1.87654,1.66938,1519,0,0
1997-10-10,1.87654,1.87654,1.87654,1.87654,1.66938,506,0,0
1997-10-13,1.77778,1.77778,1.77778,1.77778,1.58152,5063,0,0
1997-10-14,1.87654,1.87654,1.87654,1.87654,1.66938,5063,0,0
1997-10-15,1.77778,1.77778,1.77778,1.77778,1.58152,9619,0,0
1997-10-16,1.87654,1.87654,1.82716,1.87654,1.66938,59738,0,0
1997-10-17,1.75309,1.75309,1.75309,1.75309,1.55955,506,0,0
1997-10-20,1.82716,1.82716,1.72839,1.72839,1.53758,24806,0,0
1997-10-21,1.7037,1.7037,1.62963,1.7037,1.51562,98719,0,0
1997-10-22,1.7037,1.74074,1.67901,1.74074,1.54857,46069,0,0
1997-10-23,1.77778,1.77778,1.67901,1.67901,1.49365,3038,0,0
1997-10-24,1.7037,1.7037,1.7037,1.7037,1.51562,2531,0,0
1997-10-27,1.65432,1.67901,1.65432,1.67901,1.49365,8606,0,0
1997-10-28,1.65432,1.75309,1.65432,1.75309,1.55955,7594,0,0
1997-10-29,1.77778,1.77778,1.7037,1.77778,1.58152,5063,0,0
1997-10-30,1.77778,1.77778,1.77778,1.77778,1.58152,0,0,0
1997-10-31,1.72839,1.72839,1.67901,1.7037,1.51562,122513,0,0
1997-11-03,1.75309,1.75309,1.75309,1.75309,1.55955,5063,0,0
1997-11-04,1.77778,1.77778,1.7037,1.72839,1.53758,113400,0,0
1997-11-05,1.72839,1.72839,1.72839,1.72839,1.53758,15188,0,0
1997-11-06,1.7037,1.77778,1.7037,1.72839,1.53758,68850,0,0
1997-11-07,1.80247,1.80247,1.75309,1.79012,1.5925,103275,0,0
1997-11-10,1.82716,1.82716,1.82716,1.82716,1.62545,28856,0,0
1997-11-11,1.81482,1.81482,1.81482,1.81482,1.61446,18225,0,0
1997-11-12,1.80247,1.80247,1.77778,1.77778,1.58152,28350,0,0
1997-11-13,1.77778,1.77778,1.77778,1.77778,1.58152,43538,0,0
1997-11-14,1.77778,1.77778,1.77778,1.77778,1.58152,0,0,0
1997-11-17,1.77778,1.77778,1.77778,1.77778,1.58152,1013,0,0
1997-11-18,1.80247,1.80247,1.77778,1.80247,1.60348,51638,0,0
1997-11-19,1.82716,1.82716,1.77778,1.77778,1.58152,10631,0,0
1997-11-20,1.80247,1.80247,1.77778,1.77778,1.58152,71888,0,0
1997-11-21,1.77778,1.77778,1.77778,1.77778,1.58152,0,0,0
1997-11-24,1.77778,1.77778,1.77778,1.77778,1.58152,3544,0,0
1997-11-25,1.77778,1.77778,1.77778,1.77778,1.58152,55688,0,0
1997-11-26,1.82716,1.82716,1.77778,1.80247,1.60348,52650,0,0
1997-11-28,1.80247,1.80247,1.80247,1.80247,1.60348,0,0,0
1997-12-01,1.80247,1.80247,1.80247,1.80247,1.60348,2025,0,0
1997-12-02,1.85185,1.85185,1.80247,1.82716,1.62545,272869,0,0
1997-12-03,1.80247,1.80247,1.80247,1.80247,1.60348,5063,0,0
1997-12-04,1.80247,1.80247,1.80247,1.80247,1.60348,506,0,0
1997-12-05,1.80247,1.80247,1.80247,1.80247,1.60348,5063,0,0
1997-12-08,1.85185,1.85185,1.80247,1.80247,1.60348,214650,0,0
1997-12-09,1.80247,1.82716,1.77778,1.77778,1.58152,149850,0,0
1997-12-10,1.82716,1.82716,1.80247,1.82716,1.62545,3544,0,0
1997-12-11,1.82716,1.82716,1.80247,1.82716,1.62545,253631,0,0
1997-12-12,1.82716,1.82716,1.82716,1.82716,1.62545,506,0,0
1997-12-15,1.82716,1.82716,1.82716,1.82716,1.62545,0,0,0
1997-12-16,1.80247,1.82716,1.80247,1.82716,1.62545,801900,0,0
1997-12-17,1.80247,1.80247,1.80247,1.80247,1.60348,74925,0,0
1997-12-18,1.77778,1.77778,1.77778,1.77778,1.58152,506,0,0
1997-12-19,1.76543,1.77778,1.75309,1.77778,1.58152,24806,0,0
1997-12-22,1.80247,1.85185,1.80247,1.85185,1.64741,22781,0,0
1997-12-23,1.77778,1.85185,1.75309,1.75309,1.55955,124031,0,0
1997-12-24,1.75309,1.77778,1.75309,1.77778,1.58152,27844,0,0
1997-12-26,1.75309,1.75309,1.75309,1.75309,1.55955,10125,0,0
1997-12-29,1.77778,1.77778,1.65432,1.65432,1.47169,86569,0,0
1997-12-30,1.65432,1.65432,1.65432,1.65432,1.47169,7088,0,0
1997-12-31,1.65432,1.65432,1.53086,1.58025,1.40579,174656,0,0
1998-01-02,1.58025,1.58025,1.58025,1.58025,1.40579,0,0,0
1998-01-05,1.65432,1.65432,1.65432,1.65432,1.47169,5063,0,0
1998-01-06,1.60494,1.60494,1.60494,1.60494,1.42776,22275,0,0
1998-01-07,1.53086,1.58025,1.53086,1.53086,1.36186,15188,0,0
1998-01-08,1.53086,1.53086,1.53086,1.53086,1.36186,0,0,0
1998-01-09,1.55556,1.58025,1.55556,1.58025,1.40579,142256,0,0
1998-01-12,1.55556,1.55556,1.50617,1.50617,1.3399,30375,0,0
1998-01-13,1.50617,1.50617,1.50617,1.50617,1.3399,9113,0,0
1998-01-14,1.50617,1.50617,1.50617,1.50617,1.3399,0,0,0
1998-01-15,1.50617,1.50617,1.45679,1.50617,1.3399,182250,0,0
1998-01-16,1.50617,1.53086,1.50617,1.53086,1.36186,918844,0,0
1998-01-20,1.55556,1.72839,1.55556,1.7037,1.51562,97200,0,0
1998-01-21,1.72839,1.72839,1.67901,1.67901,1.49365,2025,0,0
1998-01-22,1.7037,1.72839,1.7037,1.72839,1.53758,7088,0,0
1998-01-23,1.75309,1.80247,1.75309,1.80247,1.60348,14681,0,0
1998-01-26,1.77778,1.77778,1.67901,1.7037,1.51562,82519,0,0
1998-01-27,1.7037,1.72839,1.7037,1.72839,1.53758,7594,0,0
1998-01-28,1.72839,1.72839,1.64197,1.64197,1.4607,14681,0,0
1998-01-29,1.62963,1.72839,1.62963,1.67901,1.49365,11138,0,0
1998-01-30,1.67901,1.67901,1.67901,1.67901,1.49365,28350,0,0
1998-02-02,1.64197,1.72839,1.64197,1.72839,1.53758,5569,0,0
1998-02-03,1.65432,1.65432,1.65432,1.65432,1.47169,5063,0,0
1998-02-04,1.7037,1.72839,1.65432,1.65432,1.47169,32400,0,0
1998-02-05,1.67901,1.72839,1.62963,1.62963,1.44972,27844,0,0
1998-02-06,1.67901,1.67901,1.60494,1.60494,1.42776,17213,0,0
1998-02-09,1.60494,1.65432,1.58025,1.58025,1.40579,19238,0,0
1998-02-10,1.67901,1.67901,1.67901,1.67901,1.49365,506,0,0
1998-02-11,1.59259,1.60494,1.59259,1.59259,1.41677,10631,0,0
1998-02-12,1.67901,1.67901,1.67901,1.67901,1.49365,506,0,0
1998-02-13,1.58025,1.58025,1.58025,1.58025,1.40579,5063,0,0
1998-02-17,1.58025,1.67901,1.58025,1.67901,1.49365,76950,0,0
1998-02-18,1.67901,1.72839,1.67901,1.72839,1.53758,2531,0,0
1998-02-19,1.67901,1.7037,1.67901,1.7037,1.51562,2531,0,0
1998-02-20,1.7037,1.7037,1.7037,1.7037,1.51562,15188,0,0
1998-02-23,1.67901,1.67901,1.67901,1.67901,1.49365,5063,0,0
1998-02-24,1.72839,1.72839,1.67901,1.7037,1.51562,88594,0,0
1998-02-25,1.72839,1.77778,1.7037,1.76543,1.57053,185794,0,0
1998-02-26,1.82716,1.82716,1.75309,1.75309,1.55955,44550,0,0
1998-02-27,1.77778,1.85185,1.72839,1.85185,1.64741,81506,0,0
1998-03-02,1.92593,2.02469,1.82716,2,1.7792,98213,0,0
1998-03-03,1.87654,2.02469,1.87654,1.87654,1.66938,91631,0,0
1998-03-04,1.97531,1.97531,1.92593,1.93827,1.72429,64294,0,0
1998-03-05,1.87654,1.97531,1.83951,1.95062,1.73527,86063,0,0
1998-03-06,1.95062,2.12346,1.95062,2.02469,1.80117,235406,0,0
1998-03-09,2.07407,2.12346,2,2.07407,1.8451,750263,0,0
1998-03-10,2.09877,2.09877,2,2.04938,1.82314,91631,0,0
1998-03-11,2.04938,2.07407,2,2.07407,1.8451,102769,0,0
1998-03-12,2.09877,2.32099,2.07407,2.19753,1.95493,504731,0,0
1998-03-13,2.23457,2.24691,2.14815,2.17284,1.93296,47588,0,0
1998-03-16,2.17284,2.19753,2.17284,2.19753,1.95493,72900,0,0
1998-03-17,2.19753,2.19753,2.17284,2.19753,1.95493,174150,0,0
1998-03-18,2.19753,2.19753,2.14815,2.19753,1.95493,58725,0,0
1998-03-19,2.19753,2.19753,2.12346,2.12346,1.88903,33413,0,0
1998-03-20,2.17284,2.17284,2.09877,2.09877,1.86707,38981,0,0
1998-03-23,2.07407,2.1358,2.07407,2.1358,1.90002,257681,0,0
1998-03-24,2.12346,2.17284,2.12346,2.14815,1.911,41513,0,0
1998-03-25,2.17284,2.17284,2.12346,2.14815,1.911,36956,0,0
1998-03-26,2.14815,2.17284,2.14815,2.17284,1.93296,93656,0,0
1998-03-27,2.22222,2.27161,2.22222,2.27161,2.02082,69356,0,0
1998-03-30,2.24691,2.27161,2.14815,2.14815,1.911,190350,0,0
1998-03-31,2.24691,2.24691,2.24691,2.24691,1.99886,1519,0,0
1998-04-01,2.24691,2.27161,2.14506,2.14506,1.90825,288056,0,0
1998-04-02,2.17284,2.24691,2.17284,2.24691,1.99886,47081,0,0
1998-04-03,2.27161,2.34568,2.27161,2.2963,2.04279,27338,0,0
1998-04-06,2.34568,2.34568,2.24691,2.24691,1.99886,4556,0,0
1998-04-07,2.24691,2.24691,2.22222,2.22222,1.9769,11644,0,0
1998-04-08,2.22222,2.24691,2.17284,2.24691,1.99886,30881,0,0
1998-04-09,2.2963,2.2963,2.2963,2.2963,2.04279,5569,0,0
1998-04-13,2.27161,2.27161,2.19753,2.19753,1.95493,60750,0,0
1998-04-14,2.19753,2.20988,2.09877,2.12346,1.88903,39488,0,0
1998-04-15,2.17284,2.17284,2.17284,2.17284,1.93296,9113,0,0
1998-04-16,2.17284,2.17284,2.14815,2.17284,1.93296,29363,0,0
1998-04-17,2.17284,2.17284,2.14815,2.14815,1.911,9113,0,0
1998-04-20,2.17284,2.27161,2.17284,2.22222,1.9769,47081,0,0
1998-04-21,2.2963,2.2963,2.12346,2.17284,1.93296,183263,0,0
1998-04-22,2.12346,2.27161,2.12346,2.24691,1.99886,76444,0,0
1998-04-23,2.27161,2.27161,2.22222,2.22222,1.9769,18731,0,0
1998-04-24,2.22222,2.27161,2.19753,2.22222,1.9769,24806,0,0
1998-04-27,2.17284,2.27161,2.17284,2.22222,1.9769,51638,0,0
1998-04-28,2.27161,2.27161,2.24691,2.25926,2.00984,55688,0,0
1998-04-29,2.24691,2.27161,2.24691,2.24691,1.99886,49613,0,0
1998-04-30,2.27161,2.37037,2.24691,2.37037,2.10869,196425,0,0
1998-05-01,2.33333,2.37037,2.22222,2.27161,2.02082,23794,0,0
1998-05-04,2.37037,2.37037,2.19753,2.22222,1.9769,59231,0,0
1998-05-05,2.27161,2.27161,2.19753,2.19753,1.95493,52144,0,0
1998-05-06,2.27161,2.32099,2.27161,2.32099,2.06476,27338,0,0
1998-05-07,2.37037,2.37037,2.28395,2.28395,2.03181,11138,0,0
1998-05-08,2.28395,2.32099,2.22222,2.22222,1.9769,57206,0,0
1998-05-11,2.24691,2.32099,2.24691,2.32099,2.06476,113400,0,0
1998-05-12,2.27161,2.2963,2.24691,2.2963,2.04279,153900,0,0
1998-05-13,2.24691,2.2963,2.24691,2.27161,2.02082,15188,0,0
1998-05-14,2.2963,2.34568,2.24691,2.32099,2.06476,89606,0,0
1998-05-15,2.32099,2.32099,2.2963,2.2963,2.04279,42019,0,0
1998-05-18,2.32099,2.32099,2.22222,2.28395,2.03181,184781,0,0
1998-05-19,2.32099,2.34568,2.27161,2.34568,2.08672,45563,0,0
1998-05-20,2.33333,2.41975,2.32099,2.37037,2.10869,85556,0,0
1998-05-21,2.41975,2.41975,2.32099,2.34568,2.08672,26325,0,0
1998-05-22,2.39506,2.39506,2.39506,2.39506,2.13065,13669,0,0
1998-05-26,2.39506,2.39506,2.34568,2.34568,2.08672,125550,0,0
1998-05-27,2.37037,2.54321,2.37037,2.41975,2.15262,249581,0,0
1998-05-28,2.5679,2.66667,2.46914,2.62963,2.33933,389813,0,0
1998-05-29,2.79012,2.79012,2.59259,2.71605,2.4162,762919,0,0
1998-06-01,2.81481,2.81481,2.61728,2.66667,2.37227,438919,0,0
1998-06-02,2.71605,2.74074,2.61728,2.62963,2.33933,122513,0,0
1998-06-03,2.64197,2.67901,2.5679,2.5679,2.28441,260213,0,0
1998-06-04,2.5679,2.69136,2.5679,2.66667,2.37227,61763,0,0
1998-06-05,2.65432,2.65432,2.5679,2.5679,2.28441,118463,0,0
1998-06-08,2.54321,2.61728,2.54321,2.5679,2.28441,114413,0,0
1998-06-09,2.5679,2.71605,2.5679,2.66667,2.37227,830756,0,0
1998-06-10,2.71605,2.71605,2.51852,2.54321,2.26245,523969,0,0
1998-06-11,2.59259,2.59259,2.46914,2.46914,2.19655,123019,0,0
1998-06-12,2.37037,2.46914,2.27161,2.32099,2.06476,193388,0,0
1998-06-15,2.32099,2.39506,2.32099,2.38272,2.11967,215156,0,0
1998-06-16,2.37037,2.44444,2.37037,2.41975,2.15262,65813,0,0
1998-06-17,2.44444,2.51852,2.41975,2.41975,2.15262,116944,0,0
1998-06-18,2.51852,2.51852,2.41975,2.41975,2.15262,2531,0,0
1998-06-19,2.41975,2.41975,2.34568,2.39506,2.13065,31894,0,0
1998-06-22,2.39506,2.39506,2.27161,2.27161,2.02082,71888,0,0
1998-06-23,2.27161,2.34568,2.27161,2.27161,2.02082,134156,0,0
1998-06-24,2.32099,2.34568,2.28395,2.32099,2.06476,102263,0,0
1998-06-25,2.28395,2.2963,2.17284,2.19753,1.95493,142256,0,0
1998-06-26,2.19753,2.20988,2.04938,2.04938,1.82314,144281,0,0
1998-06-29,2.04938,2.19753,2.04938,2.04938,1.82314,216675,0,0
1998-06-30,2.04938,2.04938,2,2.04938,1.82314,72900,0,0
1998-07-01,2.04938,2.04938,1.97531,2.02469,1.80117,101756,0,0
1998-07-02,2,2.02469,1.85185,1.95062,1.73527,334631,0,0
1998-07-06,1.92593,1.93827,1.90124,1.92593,1.71331,76444,0,0
1998-07-07,1.90124,1.92593,1.85185,1.85185,1.64741,77963,0,0
1998-07-08,1.87654,1.93827,1.85185,1.85185,1.64741,126563,0,0
1998-07-09,1.85185,1.87654,1.85185,1.87654,1.66938,86569,0,0
1998-07-10,1.87654,1.97531,1.87654,1.87654,1.66938,109350,0,0
1998-07-13,1.82716,2.02469,1.82716,1.87654,1.66938,163519,0,0
1998-07-14,1.87654,2.09877,1.87654,2.09877,1.86707,1577981,0,0
1998-07-15,2.09877,2.24691,2.04938,2.17284,1.93296,282994,0,0
1998-07-16,2.19753,2.5679,2.14815,2.46914,2.19655,1790100,0,0
1998-07-17,2.69136,2.69136,2.46914,2.49383,2.21851,567506,0,0
1998-07-20,2.54321,2.59259,2.37037,2.37037,2.10869,175669,0,0
1998-07-21,2.66667,2.69136,2.39506,2.39506,2.13065,875306,0,0
1998-07-22,2.44444,2.44444,2.32099,2.39506,2.13065,163013,0,0
1998-07-23,2.39506,2.44444,2.32099,2.37037,2.10869,185288,0,0
1998-07-24,2.37037,2.37037,2.32099,2.34568,2.08672,422719,0,0
1998-07-27,2.46914,2.46914,2.24691,2.2963,2.04279,395381,0,0
1998-07-28,2.32099,2.32099,2.12346,2.12346,1.88903,126056,0,0
1998-07-29,2.19753,2.19753,2.02469,2.12346,1.88903,233888,0,0
1998-07-30,2.12346,2.17284,1.95062,2,1.7792,93150,0,0
1998-07-31,1.95062,2,1.8642,1.91358,1.70233,118969,0,0
1998-08-03,2,2,1.90124,1.95062,1.73527,139725,0,0
1998-08-04,1.92593,2.07407,1.92593,1.93827,1.72429,136181,0,0
1998-08-05,1.90124,2.02469,1.90124,1.92593,1.71331,85050,0,0
1998-08-06,2.04938,2.07407,2.04938,2.07407,1.8451,20250,0,0
1998-08-07,2.07407,2.17284,2.07407,2.14815,1.911,58725,0,0
1998-08-10,2.22222,2.30864,2.17284,2.17284,1.93296,194400,0,0
1998-08-11,2.02469,2.24691,2.02469,2.09877,1.86707,119981,0,0
1998-08-12,2.12346,2.17284,2.09877,2.12346,1.88903,36956,0,0
1998-08-13,2.17284,2.18519,1.97531,1.97531,1.75724,84038,0,0
1998-08-14,2,2.07407,1.82716,2,1.7792,144788,0,0
1998-08-17,2,2,1.97531,1.97531,1.75724,13163,0,0
1998-08-18,1.97531,2.07407,1.93827,2.07407,1.8451,519413,0,0
1998-08-19,2.02469,2.12346,2,2,1.7792,59231,0,0
1998-08-20,2,2.07407,2,2.07407,1.8451,4050,0,0
1998-08-21,2.02469,2.02469,1.92593,1.95062,1.73527,22781,0,0
1998-08-24,1.87654,1.97531,1.87654,1.97531,1.75724,6075,0,0
1998-08-25,1.97531,1.97531,1.92593,1.92593,1.71331,20250,0,0
1998-08-26,1.92593,2,1.77778,1.97531,1.75724,141750,0,0
1998-08-27,1.87654,2.02469,1.87654,1.88889,1.68036,44550,0,0
1998-08-28,1.90124,1.95062,1.90124,1.95062,1.73527,14175,0,0
1998-08-31,1.87654,1.87654,1.67901,1.77778,1.58152,135675,0,0
1998-09-01,1.90124,1.95062,1.62963,1.92593,1.71331,66825,0,0
1998-09-02,1.92593,1.92593,1.75309,1.78395,1.58701,143269,0,0
1998-09-03,1.85185,1.85185,1.72839,1.75309,1.55955,85556,0,0
1998-09-04,1.67901,1.80247,1.67901,1.72839,1.53758,39994,0,0
1998-09-08,1.80247,1.80247,1.67901,1.7037,1.51562,18731,0,0
1998-09-09,1.67901,1.87654,1.67901,1.82716,1.62545,116438,0,0
1998-09-10,1.75309,1.82716,1.69136,1.72839,1.53758,113400,0,0
1998-09-11,1.80247,1.82716,1.80247,1.82716,1.62545,5063,0,0
1998-09-14,1.77778,1.90124,1.77778,1.90124,1.69134,38475,0,0
1998-09-15,1.92593,2.07407,1.92593,2.02469,1.80117,34425,0,0
1998-09-16,2.07407,2.12346,2,2.12346,1.88903,15188,0,0
1998-09-17,1.97531,2.09877,1.92593,2.06173,1.83412,51131,0,0
1998-09-18,1.97531,2.16049,1.97531,2.16049,1.92198,90113,0,0
1998-09-21,2.09877,2.17284,2.09877,2.17284,1.93296,8100,0,0
1998-09-22,2.14815,2.14815,2.09877,2.09877,1.86707,10125,0,0
1998-09-23,2.1358,2.18519,2.07407,2.14815,1.911,21263,0,0
1998-09-24,2.14815,2.14815,2.07407,2.07407,1.8451,18225,0,0
1998-09-25,1.95062,2,1.92593,1.97531,1.75724,45056,0,0
1998-09-28,2,2.09877,1.97531,2.02469,1.80117,71381,0,0
1998-09-29,1.97531,1.97531,1.92593,1.92593,1.71331,56194,0,0
1998-09-30,1.92593,2.02469,1.92593,2.02469,1.80117,54169,0,0
1998-10-01,1.95062,1.97531,1.85185,1.90124,1.69134,111881,0,0
1998-10-02,1.85185,1.85185,1.82716,1.82716,1.62545,15188,0,0
1998-10-05,1.90124,1.90124,1.75309,1.80247,1.60348,37969,0,0
1998-10-06,1.85185,1.85185,1.75309,1.75309,1.55955,25313,0,0
1998-10-07,1.72839,1.79012,1.7037,1.71605,1.5266,26325,0,0
1998-10-08,1.67901,1.69136,1.45679,1.55556,1.38383,97706,0,0
1998-10-09,1.60494,1.65432,1.45679,1.45679,1.29596,36956,0,0
1998-10-12,1.45679,1.65432,1.4321,1.64197,1.4607,116438,0,0
1998-10-13,1.58025,1.60494,1.53086,1.53086,1.36186,18225,0,0
1998-10-14,1.62963,1.72839,1.53086,1.67901,1.49365,132638,0,0
1998-10-15,1.72839,1.80247,1.58025,1.77778,1.58152,59738,0,0
1998-10-16,1.75309,2.07407,1.71605,2.04938,1.82314,96694,0,0
1998-10-19,2.07407,2.34568,2.07407,2.08642,1.85608,166556,0,0
1998-10-20,2.16049,2.2963,1.95062,1.95062,1.73527,538650,0,0
1998-10-21,2.07407,2.12346,1.97531,2.04938,1.82314,47081,0,0
1998-10-22,1.97531,2.14815,1.92593,2.12346,1.88903,1558238,0,0
1998-10-23,2.17284,2.19753,2.12346,2.14815,1.911,66319,0,0
1998-10-26,2.17284,2.28395,2.17284,2.24691,1.99886,355894,0,0
1998-10-27,2.24691,2.2963,2.24691,2.24691,1.99886,94163,0,0
1998-10-28,2.24691,2.2963,2.12346,2.27161,2.02082,113400,0,0
1998-10-29,2.27161,2.27161,2.17284,2.19753,1.95493,47081,0,0
1998-10-30,2.19753,2.27161,2.17284,2.24691,1.99886,74925,0,0
1998-11-02,2.32099,2.32099,2.22222,2.24691,1.99886,92138,0,0
1998-11-03,2.27161,2.59259,2.27161,2.34568,2.08672,257175,0,0
1998-11-04,2.41975,2.51852,2.2963,2.37037,2.10869,150863,0,0
1998-11-05,2.39506,2.41975,2.2963,2.32099,2.06476,190350,0,0
1998-11-06,2.34568,2.39506,2.27161,2.2963,2.04279,55688,0,0
1998-11-09,2.2963,2.37037,2.22222,2.2963,2.04279,62269,0,0
1998-11-10,2.2963,2.37037,2.12346,2.17284,1.93296,152381,0,0
1998-11-11,2.18519,2.18519,2.12346,2.16049,1.92198,26325,0,0
1998-11-12,2.09877,2.14815,2.09877,2.09877,1.86707,10631,0,0
1998-11-13,2.09877,2.17284,2.09877,2.12346,1.88903,46069,0,0
1998-11-16,2.07407,2.14815,1.82716,1.93827,1.72429,89606,0,0
1998-11-17,1.98765,2.04938,1.87654,2,1.7792,245531,0,0
1998-11-18,2.04938,2.07407,1.97531,1.98765,1.76822,81506,0,0
1998-11-19,1.98765,2.04938,1.98765,2.02469,1.80117,19744,0,0
1998-11-20,2,2.02469,2,2.02469,1.80117,22275,0,0
1998-11-23,2.02469,2.04938,1.97531,2.04938,1.82314,29363,0,0
1998-11-24,2.02469,2.03704,2,2,1.7792,2025,0,0
1998-11-25,2,2,1.97531,1.97531,1.75724,28856,0,0
1998-11-27,1.97531,2.04938,1.97531,1.97531,1.75724,15694,0,0
1998-11-30,2,2,1.85185,1.87654,1.66938,65813,0,0
1998-12-01,1.85185,1.90124,1.82716,1.87654,1.66938,60750,0,0
1998-12-02,1.85185,1.87654,1.72839,1.85185,1.64741,51638,0,0
1998-12-03,1.82716,1.92593,1.82716,1.91358,1.70233,16706,0,0
1998-12-04,1.91358,1.95062,1.90124,1.92593,1.71331,82013,0,0
1998-12-07,1.90124,1.95062,1.90124,1.90124,1.69134,28350,0,0
1998-12-08,1.95062,2.04938,1.95062,1.95062,1.73527,32906,0,0
1998-12-09,2.02469,2.12346,2,2,1.7792,26831,0,0
1998-12-10,1.97531,1.97531,1.92593,1.95062,1.73527,30881,0,0
1998-12-11,1.95062,1.95062,1.90124,1.95062,1.73527,84038,0,0
1998-12-14,1.92593,1.95062,1.87654,1.92593,1.71331,43538,0,0
1998-12-15,1.97531,2.12346,1.95062,2.09877,1.86707,117450,0,0
1998-12-16,2.04938,2.09877,2.04938,2.04938,1.82314,12656,0,0
1998-12-17,2.04938,2.04938,1.97531,2,1.7792,22781,0,0
1998-12-18,2,2.12346,2,2.04938,1.82314,46575,0,0
1998-12-21,2.07407,2.27161,2.07407,2.14815,1.911,44550,0,0
1998-12-22,2.22222,2.22222,2.17284,2.19753,1.95493,51131,0,0
1998-12-23,2.14815,2.19753,2.14815,2.14815,1.911,46575,0,0
1998-12-24,2.19753,2.49383,2.19753,2.27161,2.02082,146813,0,0
1998-12-28,2.41975,2.41975,2.27161,2.27161,2.02082,54169,0,0
1998-12-29,2.24691,2.2963,2.22222,2.22222,1.9769,51638,0,0
1998-12-30,2.27161,2.2963,2.22222,2.2963,2.04279,39488,0,0
1998-12-31,2.2963,2.2963,2.17284,2.17284,1.93296,45563,0,0
1999-01-04,2.27161,2.27161,2.17284,2.25926,2.00984,72394,0,0
1999-01-05,2.32099,2.37037,2.24691,2.24691,1.99886,84038,0,0
1999-01-06,2.19753,2.2963,2.19753,2.25926,2.00984,116944,0,0
1999-01-07,2.24691,2.24691,2.22222,2.24691,1.99886,184275,0,0
1999-01-08,2.27161,2.35803,2.22222,2.22222,1.9769,409556,0,0
1999-01-11,2.22222,2.24691,2.09877,2.09877,1.86707,530044,0,0
1999-01-12,2.07407,2.16049,1.87654,2.08642,1.85608,195413,0,0
1999-01-13,2.08642,2.19753,1.92593,2.07407,1.8451,491063,0,0
1999-01-14,1.95062,2.09877,1.92593,2.06173,1.83412,490556,0,0
1999-01-15,2.06173,2.11111,2.02469,2.09877,1.86707,136688,0,0
1999-01-19,2.09877,2.27161,2.09877,2.27161,2.02082,165038,0,0
1999-01-20,2.19753,2.32099,2.14815,2.24691,1.99886,196931,0,0
1999-01-21,2.37037,2.46914,2.2963,2.32099,2.06476,202500,0,0
1999-01-22,2.37037,2.39506,2.32099,2.37037,2.10869,20756,0,0
1999-01-25,2.32099,2.5679,2.32099,2.53086,2.25146,522956,0,0
1999-01-26,2.59259,2.69136,2.53086,2.53086,2.25146,400950,0,0
1999-01-27,2.5679,2.66667,2.51852,2.5679,2.28441,398419,0,0
1999-01-28,2.64197,2.66667,2.5679,2.5679,2.28441,214144,0,0
1999-01-29,2.59259,2.59259,2.54321,2.5679,2.28441,125044,0,0
1999-02-01,2.51852,2.5679,2.51852,2.53086,2.25146,49106,0,0
1999-02-02,2.51852,2.54321,2.51852,2.54321,2.26245,13163,0,0
1999-02-03,2.51852,2.60494,2.51852,2.51852,2.24048,28350,0,0
1999-02-04,2.51852,2.59259,2.46914,2.49383,2.21851,60244,0,0
1999-02-05,2.51852,2.65432,2.51852,2.54321,2.26245,96694,0,0
1999-02-08,2.59259,2.59259,2.46914,2.46914,2.19655,19744,0,0
1999-02-09,2.51852,2.5679,2.32099,2.32099,2.06476,57206,0,0
1999-02-10,2.32099,2.32099,2.17284,2.27161,2.02082,46575,0,0
1999-02-11,2.30864,2.39506,2.24691,2.39506,2.13065,109350,0,0
1999-02-12,2.32099,2.34568,2.2963,2.2963,2.04279,213638,0,0
1999-02-16,2.32099,2.37037,2.17284,2.22222,1.9769,339694,0,0
1999-02-17,2.22222,2.22222,2.08642,2.17284,1.93296,217688,0,0
1999-02-18,2.19753,2.33333,2.19753,2.32099,2.06476,114413,0,0
1999-02-19,2.37037,2.37037,2.2963,2.34568,2.08672,27338,0,0
1999-02-22,2.32099,2.34568,2.32099,2.34568,2.08672,155925,0,0
1999-02-23,2.32099,2.34568,2.32099,2.32099,2.06476,110363,0,0
1999-02-24,2.34568,2.37037,2.2963,2.2963,2.04279,71888,0,0
1999-02-25,2.37037,2.37037,2.14815,2.14815,1.911,15694,0,0
1999-02-26,2.34568,2.44444,2.27161,2.41975,2.15262,214144,0,0
1999-03-01,2.41975,2.46914,2.32099,2.41975,2.15262,134663,0,0
1999-03-02,2.49383,2.66667,2.46914,2.49383,2.21851,568013,0,0
1999-03-03,2.51852,2.54321,2.40741,2.40741,2.14164,56194,0,0
1999-03-04,2.44444,2.44444,2.37037,2.39506,2.13065,50119,0,0
1999-03-05,2.32099,2.41975,2.32099,2.34568,2.08672,194400,0,0
1999-03-08,2.39506,2.39506,2.34568,2.39506,2.13065,59738,0,0
1999-03-09,2.37037,2.41975,2.34568,2.37037,2.10869,60244,0,0
1999-03-10,2.34568,2.39506,2.32099,2.34568,2.08672,37969,0,0
1999-03-11,2.32099,2.32099,2.19753,2.20988,1.96591,72394,0,0
1999-03-12,2.22222,2.22222,2.17284,2.19753,1.95493,71888,0,0
1999-03-15,2.19753,2.27161,2.19753,2.27161,2.02082,39488,0,0
1999-03-16,2.32099,2.32099,2.22222,2.22222,1.9769,41513,0,0
1999-03-17,2.27161,2.2963,2.19753,2.24691,1.99886,51638,0,0
1999-03-18,2.24691,2.27161,2.09877,2.27161,2.02082,54675,0,0
1999-03-19,2.27161,2.27161,2.08642,2.24691,1.99886,37969,0,0
1999-03-22,2.2963,2.37037,2.27161,2.27161,2.02082,54675,0,0
1999-03-23,2.27161,2.27161,2.22222,2.22222,1.9769,51638,0,0
1999-03-24,2.19753,2.19753,2.19753,2.19753,1.95493,7088,0,0
1999-03-25,2.27161,2.2963,2.24691,2.2963,2.04279,26325,0,0
1999-03-26,2.30864,2.30864,2.24691,2.2963,2.04279,30375,0,0
1999-03-29,2.24691,2.27161,2.17284,2.22222,1.9769,72394,0,0
1999-03-30,2.22222,2.22222,2.19753,2.19753,1.95493,35438,0,0
1999-03-31,2.19753,2.27161,2.19753,2.22222,1.9769,243000,0,0
1999-04-01,2.24691,2.24691,2.04938,2.12346,1.88903,68344,0,0
1999-04-05,2.11111,2.17284,2,2.12346,1.88903,162506,0,0
1999-04-06,2.12346,2.20988,2.09877,2.12346,1.88903,80494,0,0
1999-04-07,2.12346,2.12346,2.04938,2.07407,1.8451,31894,0,0
1999-04-08,2.11111,2.11111,2.07407,2.09877,1.86707,33919,0,0
1999-04-09,2.11111,2.12346,2.11111,2.11111,1.87805,36956,0,0
1999-04-12,2.11111,2.12346,2.02469,2.02469,1.80117,104288,0,0
1999-04-13,2.07407,2.14815,2.04938,2.11111,1.87805,144281,0,0
1999-04-14,2.11111,2.17284,2.04938,2.09877,1.86707,213131,0,0
1999-04-15,2.16049,2.34568,2.09877,2.27161,2.02082,146813,0,0
1999-04-16,2.38272,2.46914,2.17284,2.27161,2.02082,109350,0,0
1999-04-19,2.40741,2.41975,2.32099,2.37037,2.10869,178200,0,0
1999-04-20,2.58025,2.83951,2.51852,2.76543,2.46014,1720238,0,0
1999-04-21,2.88889,3.06173,2.88889,2.93827,2.61389,909225,0,0
1999-04-22,2.98765,2.98765,2.80247,2.87654,2.55898,449044,0,0
1999-04-23,2.91358,2.91358,2.64197,2.76543,2.46014,192375,0,0
1999-04-26,2.76543,2.8642,2.76543,2.76543,2.46014,103781,0,0
1999-04-27,2.76543,2.8642,2.71605,2.79012,2.4821,128081,0,0
1999-04-28,2.83951,2.8642,2.79012,2.81481,2.50407,53156,0,0
1999-04-29,2.80247,2.8642,2.75309,2.81481,2.50407,163519,0,0
1999-04-30,2.81481,2.83951,2.75309,2.79012,2.4821,82519,0,0
1999-05-03,2.76543,2.80247,2.75309,2.76543,2.46014,36956,0,0
1999-05-04,2.81481,2.81481,2.69136,2.74074,2.43817,134156,0,0
1999-05-05,2.71605,3.01235,2.71605,3.01235,2.67979,196425,0,0
1999-05-06,3.18519,3.23457,3.07407,3.1358,2.78962,386269,0,0
1999-05-07,3.09877,3.11111,2.93827,3.08642,2.74569,361969,0,0
1999-05-10,3.09877,3.20988,3.01235,3.02469,2.69077,162000,0,0
1999-05-11,3.01235,3.1358,2.98765,3.1358,2.78962,131119,0,0
1999-05-12,3.1358,3.54321,3.03704,3.35803,2.98731,445500,0,0
1999-05-13,3.45679,3.54321,3.40741,3.4321,3.0532,290081,0,0
1999-05-14,3.38272,3.45679,3.20988,3.20988,2.85552,392850,0,0
1999-05-17,3.20988,3.23457,3.06173,3.16049,2.81158,280969,0,0
1999-05-18,3.1358,3.20988,3.11111,3.20988,2.85552,87581,0,0
1999-05-19,3.23457,3.35803,3.20988,3.2963,2.93239,63788,0,0
1999-05-20,3.32099,3.33333,3.28395,3.33333,2.96534,48600,0,0
1999-05-21,3.33333,3.38272,3.30864,3.33333,2.96534,68344,0,0
1999-05-24,3.35803,3.35803,3.33333,3.35803,2.98731,73913,0,0
1999-05-25,3.37037,3.37037,3.20988,3.25926,2.89945,106819,0,0
1999-05-26,3.18519,3.21605,2.88889,3.01235,2.67979,333619,0,0
1999-05-27,3.03704,3.03704,2.96296,3.01235,2.67979,86569,0,0
1999-05-28,2.99383,3.18519,2.99383,3.11111,2.76765,153394,0,0
1999-06-01,3.11111,3.18519,3.03704,3.16049,2.81158,17719,0,0
1999-06-02,3.18519,3.18519,3.01235,3.03704,2.70176,33413,0,0
1999-06-03,3.08642,3.11111,3.06173,3.08642,2.74569,34931,0,0
1999-06-04,3.09877,3.11111,2.96296,3.11111,2.76765,67331,0,0
1999-06-07,3.06173,3.35803,3.06173,3.28395,2.92141,58725,0,0
1999-06-08,3.30864,3.38272,3.2963,3.35803,2.98731,71888,0,0
1999-06-09,3.34568,3.34568,3.23457,3.25926,2.89945,39994,0,0
1999-06-10,3.25926,3.25926,3.11111,3.18519,2.83355,41006,0,0
1999-06-11,3.14815,3.14815,3.08642,3.14815,2.8006,5063,0,0
1999-06-14,3.11111,3.1358,3.08642,3.08642,2.74569,20756,0,0
1999-06-15,3.04938,3.08642,3.03704,3.03704,2.70176,33413,0,0
1999-06-16,3.01235,3.06173,2.97531,2.97531,2.64684,47588,0,0
1999-06-17,3.01235,3.01235,2.83951,2.91358,2.59193,71888,0,0
1999-06-18,2.8642,2.96296,2.83951,2.96296,2.63586,190350,0,0
1999-06-21,2.95062,3.1358,2.93827,3.1358,2.78962,84038,0,0
1999-06-22,3.1358,3.24691,3.08642,3.16049,2.81158,159975,0,0
1999-06-23,3.20988,3.20988,3.1358,3.1358,2.78962,25313,0,0
1999-06-24,3.16049,3.16049,3.1358,3.16049,2.81158,45056,0,0
1999-06-25,3.20988,3.20988,3.11111,3.20988,2.85552,46069,0,0
1999-06-28,3.30864,3.32099,3.16049,3.16049,2.81158,40500,0,0
1999-06-29,3.22222,3.23457,3.1358,3.16049,2.81158,32906,0,0
1999-06-30,3.1358,3.18519,3.06173,3.18519,2.83355,97200,0,0
1999-07-01,3.1358,3.30864,3.1358,3.30864,2.94338,117956,0,0
1999-07-02,3.33333,3.33333,3.28395,3.33333,2.96534,32906,0,0
1999-07-06,3.28395,3.32099,3.28395,3.2963,2.93239,51131,0,0
1999-07-07,3.33333,3.33333,3.25926,3.30864,2.94338,38475,0,0
1999-07-08,3.33333,3.38272,3.20988,3.38272,3.00927,60750,0,0
1999-07-09,3.40741,3.4321,3.30864,3.4321,3.0532,78469,0,0
1999-07-12,3.59259,3.95062,3.45679,3.85185,3.42662,650531,0,0
1999-07-13,3.85185,3.85185,3.67901,3.75309,3.33875,218700,0,0
1999-07-14,3.76543,3.80247,3.55556,3.72839,3.31679,280969,0,0
1999-07-15,3.74074,3.77778,3.7037,3.75309,3.33875,79988,0,0
1999-07-16,3.75309,3.77778,3.65432,3.65432,3.25089,96694,0,0
1999-07-19,3.82716,3.82716,3.5679,3.77778,3.36072,217181,0,0
1999-07-20,3.82716,3.85185,3.67901,3.69136,3.28384,237431,0,0
1999-07-21,3.75309,3.75309,3.60494,3.7037,3.29482,259706,0,0
1999-07-22,3.71605,3.71605,3.67901,3.67901,3.27286,218700,0,0
1999-07-23,3.67901,3.72839,3.58025,3.58025,3.185,275400,0,0
1999-07-26,3.74074,3.74074,3.61728,3.64197,3.23991,109350,0,0
1999-07-27,3.66049,3.80247,3.65432,3.75309,3.33875,91125,0,0
1999-07-28,3.80247,3.81481,3.75309,3.75309,3.33875,45563,0,0
1999-07-29,3.7037,3.7037,3.55556,3.7037,3.29482,139725,0,0
1999-07-30,3.62346,3.7037,3.61728,3.65432,3.25089,38981,0,0
1999-08-02,3.5679,3.5679,3.35803,3.37037,2.99829,96188,0,0
1999-08-03,3.37037,3.48148,3.03704,3.23457,2.87748,156431,0,0
1999-08-04,3.27161,3.27161,3.16049,3.25926,2.89945,99225,0,0
1999-08-05,3.25926,3.25926,3.16049,3.25926,2.89945,90113,0,0
1999-08-06,3.20988,3.28395,3.1358,3.16049,2.81158,67838,0,0
1999-08-09,3.08642,3.18519,3.06173,3.06173,2.72372,11138,0,0
1999-08-10,3.16049,3.23457,3.06173,3.06173,2.72372,127069,0,0
1999-08-11,3.1358,3.16049,3.03704,3.08642,2.74569,81506,0,0
1999-08-12,3.06173,3.11111,3.06173,3.08642,2.74569,30881,0,0
1999-08-13,3.08642,3.08642,3.06173,3.07407,2.7347,119475,0,0
1999-08-16,3.08642,3.08642,2.88889,2.98765,2.65782,545231,0,0
1999-08-17,2.96296,3.01235,2.8642,2.93827,2.61389,55688,0,0
1999-08-18,2.91975,2.98765,2.83951,2.85185,2.53701,49106,0,0
1999-08-19,2.85185,2.88889,2.74074,2.74074,2.43817,70875,0,0
1999-08-20,2.75309,2.93827,2.71605,2.88889,2.56996,120488,0,0
1999-08-23,2.93827,3.01235,2.79012,2.93827,2.61389,52650,0,0
1999-08-24,2.8642,2.96296,2.8642,2.91358,2.59193,90619,0,0
1999-08-25,2.98765,3.06173,2.96296,3.03704,2.70176,143269,0,0
1999-08-26,3.01235,3.01235,2.96296,3.01235,2.67979,10125,0,0
1999-08-27,2.96296,2.96296,2.88889,2.91358,2.59193,79481,0,0
1999-08-30,2.8642,2.91358,2.81481,2.91358,2.59193,165544,0,0
1999-08-31,3,3.03704,2.8642,2.97531,2.64684,205538,0,0
1999-09-01,2.97531,3.07407,2.96296,3.01235,2.67979,460688,0,0
1999-09-02,3.06173,3.06173,2.96296,3.01235,2.67979,103781,0,0
1999-09-03,3.01235,3.06173,3.01235,3.06173,2.72372,75938,0,0
1999-09-07,3.1358,3.1358,3.02469,3.07407,2.7347,242494,0,0
1999-09-08,3.11111,3.11111,3.04938,3.09877,2.75667,105806,0,0
1999-09-09,3.09877,3.16049,3.09877,3.14815,2.8006,52144,0,0
1999-09-10,3.1358,3.1358,3.03704,3.04938,2.71274,76950,0,0
1999-09-13,3.06173,3.09877,2.97531,3.09877,2.75667,66319,0,0
1999-09-14,3.08642,3.08642,2.97531,3.06173,2.72372,118969,0,0
1999-09-15,3.01235,3.1358,3.01235,3.09877,2.75667,59231,0,0
1999-09-16,3.06173,3.06173,2.76543,2.81481,2.50407,438919,0,0
1999-09-17,2.85185,2.91358,2.83951,2.91358,2.59193,78975,0,0
1999-09-20,2.85185,2.8642,2.81481,2.8642,2.548,173138,0,0
1999-09-21,2.83951,2.91358,2.83951,2.91358,2.59193,26831,0,0
1999-09-22,2.8642,2.91358,2.8642,2.91358,2.59193,61256,0,0
1999-09-23,2.91358,2.93827,2.91358,2.92593,2.60291,41006,0,0
1999-09-24,2.92593,2.96296,2.81481,2.91358,2.59193,86569,0,0
1999-09-27,2.97531,3.11111,2.96296,3.11111,2.76765,114413,0,0
1999-09-28,3.08642,3.09877,2.91358,2.96296,2.63586,15188,0,0
1999-09-29,2.96296,3.01235,2.96296,3.01235,2.67979,16706,0,0
1999-09-30,2.98765,3.09877,2.98765,3.08642,2.74569,72394,0,0
1999-10-01,2.98765,3.06173,2.96296,3.06173,2.72372,31388,0,0
1999-10-04,3.06173,3.14815,3.01235,3.08642,2.74569,65813,0,0
1999-10-05,3.02469,3.14815,3.02469,3.09877,2.75667,81000,0,0
1999-10-06,3.08642,3.1358,3.08642,3.11111,2.76765,31388,0,0
1999-10-07,3.11111,3.11111,3,3.11111,2.76765,33413,0,0
1999-10-08,3.12346,3.17284,3.12346,3.17284,2.82257,34425,0,0
1999-10-11,3.16049,3.23457,3.16049,3.20988,2.85552,53663,0,0
1999-10-12,3.30864,3.30864,3.20988,3.20988,2.85552,42525,0,0
1999-10-13,3.35803,3.40741,3.16049,3.16049,2.81158,122513,0,0
1999-10-14,3.24691,3.25926,3.11111,3.16049,2.81158,187819,0,0
1999-10-15,3.16049,3.18519,3.06173,3.06173,2.72372,106313,0,0
1999-10-18,3.06173,3.06173,2.76543,2.8642,2.548,66319,0,0
1999-10-19,2.8642,3.1358,2.81481,3.11111,2.76765,138713,0,0
1999-10-20,3.09877,3.1358,2.96296,3.06173,2.72372,51638,0,0
1999-10-21,2.93827,3.06173,2.91358,3.01235,2.67979,21263,0,0
1999-10-22,2.96296,3.01235,2.83951,2.83951,2.52603,49106,0,0
1999-10-25,2.85185,2.96296,2.81481,2.83951,2.52603,111881,0,0
1999-10-26,2.93827,3.01235,2.91358,3,2.66881,57713,0,0
1999-10-27,2.98765,2.98765,2.93827,2.98765,2.65782,20756,0,0
1999-10-28,2.93827,2.98765,2.93827,2.98765,2.65782,10631,0,0
1999-10-29,2.93827,3.06173,2.93827,2.93827,2.61389,33919,0,0
1999-11-01,2.91358,3.03704,2.91358,3.01235,2.67979,15694,0,0
1999-11-02,3.03704,3.03704,2.96296,3.01235,2.67979,5569,0,0
1999-11-03,2.91358,2.93827,2.8642,2.8642,2.548,81506,0,0
1999-11-04,2.8642,2.93827,2.76543,2.88889,2.56996,75431,0,0
1999-11-05,2.93827,2.93827,2.71605,2.93827,2.61389,86569,0,0
1999-11-08,2.8642,2.96296,2.8642,2.91358,2.59193,4556,0,0
1999-11-09,2.96296,2.96296,2.92593,2.92593,2.60291,2025,0,0
1999-11-10,2.92593,2.95062,2.92593,2.9321,2.6084,47588,0,0
1999-11-11,2.83951,2.91358,2.83951,2.88889,2.56996,19238,0,0
1999-11-12,2.90741,2.92593,2.88889,2.88889,2.56996,42019,0,0
1999-11-15,2.95062,3.06173,2.88889,3.03704,2.70176,176175,0,0
1999-11-16,3.11728,3.16049,3.09877,3.09877,2.75667,145294,0,0
1999-11-17,3.08642,3.08642,2.96296,2.97531,2.64684,35944,0,0
1999-11-18,2.97531,2.98765,2.93827,2.98765,2.65782,218194,0,0
1999-11-19,2.98765,3.1358,2.97531,3.09877,2.75667,49106,0,0
1999-11-22,3.04938,3.1358,3.02469,3.08642,2.74569,27338,0,0
1999-11-23,3.08642,3.08642,2.97531,2.98765,2.65782,33413,0,0
1999-11-24,2.98765,3.1358,2.97531,3.1358,2.78962,114919,0,0
1999-11-26,3.07407,3.08642,3.06173,3.06173,2.72372,21263,0,0
1999-11-29,3.01235,3.06173,2.97531,2.98765,2.65782,29869,0,0
1999-11-30,2.98765,3.06173,2.96296,3.01235,2.67979,69863,0,0
1999-12-01,3.01235,3.03704,3,3.01235,2.67979,31388,0,0
1999-12-02,3.01235,3.01235,2.96296,2.96296,2.63586,15188,0,0
1999-12-03,2.96296,2.96296,2.91358,2.91358,2.59193,24300,0,0
1999-12-06,2.91975,2.93827,2.79012,2.79012,2.4821,38475,0,0
1999-12-07,2.79012,2.80247,2.76543,2.76543,2.46014,63281,0,0
1999-12-08,2.83951,2.8642,2.76543,2.83951,2.52603,57206,0,0
1999-12-09,2.93827,2.93827,2.81481,2.8642,2.548,86063,0,0
1999-12-10,2.8642,2.8642,2.83951,2.8642,2.548,25313,0,0
1999-12-13,2.83951,2.91358,2.83951,2.83951,2.52603,45056,0,0
1999-12-14,2.84568,2.8642,2.83951,2.8642,2.548,135169,0,0
1999-12-15,2.8642,2.8642,2.79012,2.85185,2.53701,60750,0,0
1999-12-16,2.84568,2.92593,2.76543,2.92593,2.60291,21263,0,0
1999-12-17,2.91358,2.91358,2.88889,2.88889,2.56996,16706,0,0
1999-12-20,2.91358,2.91358,2.81481,2.81481,2.50407,37969,0,0
1999-12-21,2.8642,2.8642,2.79012,2.83951,2.52603,39488,0,0
1999-12-22,2.79012,2.85185,2.77778,2.77778,2.47112,20250,0,0
1999-12-23,2.76543,2.83951,2.76543,2.81481,2.50407,41513,0,0
1999-12-27,2.76543,2.81481,2.71605,2.71605,2.4162,34931,0,0
1999-12-28,2.75309,2.75309,2.67901,2.67901,2.38326,35944,0,0
1999-12-29,2.7037,2.82716,2.67901,2.71605,2.4162,82013,0,0
1999-12-30,2.74074,2.79012,2.69136,2.76543,2.46014,46069,0,0
1999-12-31,2.77778,2.87654,2.76543,2.8642,2.548,162506,0,0
2000-01-03,2.87654,2.88889,2.79012,2.79012,2.4821,23794,0,0
2000-01-04,2.76543,2.76543,2.66667,2.66667,2.37227,43031,0,0
2000-01-05,2.72839,2.72839,2.66667,2.69136,2.39424,33919,0,0
2000-01-06,2.74074,2.79012,2.66667,2.71605,2.4162,120488,0,0
2000-01-07,2.59259,2.64197,2.49383,2.5679,2.28441,63281,0,0
2000-01-10,2.54321,2.54321,2.41975,2.49383,2.21851,114413,0,0
2000-01-11,2.46914,2.46914,1.97531,2.12346,1.88903,225788,0,0
2000-01-12,2.12346,2.12346,1.80247,1.85185,1.64741,2251800,0,0
2000-01-13,1.85185,1.8642,1.60494,1.8642,1.6584,1252969,0,0
2000-01-14,1.82716,1.85185,1.75309,1.75309,1.55955,267806,0,0
2000-01-18,1.75309,1.79012,1.58025,1.62963,1.44972,531563,0,0
2000-01-19,1.7037,1.82716,1.67901,1.82716,1.62545,67838,0,0
2000-01-20,1.85185,1.92593,1.7037,1.82716,1.62545,1079325,0,0
2000-01-21,1.79012,1.82716,1.75309,1.80247,1.60348,125550,0,0
2000-01-24,1.80247,2,1.79012,1.85185,1.64741,248063,0,0
2000-01-25,1.87654,1.87654,1.80247,1.8642,1.6584,8606,0,0
2000-01-26,1.82716,1.8642,1.74074,1.74074,1.54857,29869,0,0
2000-01-27,1.77778,1.82716,1.73148,1.77778,1.58152,71888,0,0
2000-01-28,1.77778,1.82716,1.7037,1.70679,1.51836,75938,0,0
2000-01-31,1.74074,1.80247,1.74074,1.80247,1.60348,55688,0,0
2000-02-01,1.80247,1.80247,1.77778,1.80247,1.60348,74925,0,0
2000-02-02,1.76543,1.80247,1.76543,1.80247,1.60348,14681,0,0
2000-02-03,1.80247,1.80247,1.77778,1.79012,1.5925,162000,0,0
2000-02-04,1.80247,1.80247,1.78395,1.78395,1.58701,42019,0,0
2000-02-07,1.80247,1.87346,1.78395,1.87346,1.66663,48600,0,0
2000-02-08,1.87654,1.87654,1.83951,1.85185,1.64741,141750,0,0
2000-02-09,1.85494,1.87654,1.77778,1.79012,1.5925,11644,0,0
2000-02-10,1.79012,1.85185,1.77778,1.79012,1.5925,71888,0,0
2000-02-11,1.82099,1.82099,1.77778,1.7963,1.59799,107831,0,0
2000-02-14,1.79012,1.81482,1.77778,1.77778,1.58152,39994,0,0
2000-02-15,1.77778,1.77778,1.67901,1.70988,1.52111,54169,0,0
2000-02-16,1.75309,1.77778,1.62963,1.67901,1.49365,181238,0,0
2000-02-17,1.65432,1.76543,1.58025,1.71605,1.5266,106819,0,0
2000-02-18,1.72839,1.72839,1.67901,1.71605,1.5266,72900,0,0
2000-02-22,1.67901,1.72839,1.67901,1.67901,1.49365,62269,0,0
2000-02-23,1.72839,1.77778,1.60494,1.62963,1.44972,84544,0,0
2000-02-24,1.69136,1.69136,1.55556,1.55556,1.38383,359944,0,0
2000-02-25,1.5679,1.62963,1.55556,1.59259,1.41677,162506,0,0
2000-02-28,1.59259,1.60494,1.59259,1.59259,1.41677,39488,0,0
2000-02-29,1.59876,1.59876,1.58025,1.58025,1.40579,93150,0,0
2000-03-01,1.53086,1.55556,1.45679,1.49383,1.32891,221738,0,0
2000-03-02,1.49383,1.54321,1.45679,1.50617,1.3399,185288,0,0
2000-03-03,1.55556,1.55556,1.45679,1.55556,1.38383,174150,0,0
2000-03-06,1.53086,1.58025,1.50617,1.5679,1.39481,112894,0,0
2000-03-07,1.55556,1.58025,1.55556,1.5679,1.39481,123525,0,0
2000-03-08,1.56173,1.5679,1.53086,1.55556,1.38383,25313,0,0
2000-03-09,1.53086,1.55556,1.53086,1.55556,1.38383,137700,0,0
2000-03-10,1.53086,1.5679,1.53086,1.5679,1.39481,12656,0,0
2000-03-13,1.5679,1.5679,1.53086,1.53086,1.36186,62269,0,0
2000-03-14,1.52469,1.53086,1.30864,1.35803,1.2081,205031,0,0
2000-03-15,1.38272,1.38272,1.34568,1.38272,1.23007,162000,0,0
2000-03-16,1.39506,1.40741,1.38272,1.39506,1.24105,59738,0,0
2000-03-17,1.40741,1.48148,1.39506,1.47531,1.31244,132638,0,0
2000-03-20,1.48148,1.48148,1.40741,1.48148,1.31793,86569,0,0
2000-03-21,1.48148,1.48148,1.40741,1.40741,1.25203,58219,0,0
2000-03-22,1.44444,1.45679,1.40741,1.4321,1.274,111881,0,0
2000-03-23,1.40741,1.45679,1.40741,1.45062,1.29047,35944,0,0
2000-03-24,1.44136,1.48148,1.39506,1.39506,1.24105,20756,0,0
2000-03-27,1.40741,1.41975,1.33333,1.40741,1.25203,39488,0,0
2000-03-28,1.40741,1.40741,1.2963,1.38272,1.23007,92644,0,0
2000-03-29,1.34568,1.35803,1.30864,1.34568,1.19712,61256,0,0
2000-03-30,1.35185,1.38272,1.28395,1.32099,1.17515,100744,0,0
2000-03-31,1.32099,1.38272,1.2963,1.35803,1.2081,312356,0,0
2000-04-03,1.35803,1.35803,1.32099,1.33333,1.18614,18731,0,0
2000-04-04,1.33333,1.38272,1.33333,1.33333,1.18614,84038,0,0
2000-04-05,1.33333,1.39506,1.33333,1.35803,1.2081,42019,0,0
2000-04-06,1.39506,1.39506,1.35803,1.35803,1.2081,4050,0,0
2000-04-07,1.38272,1.38272,1.38272,1.38272,1.23007,42525,0,0
2000-04-10,1.39506,1.40741,1.39506,1.40741,1.25203,11138,0,0
2000-04-11,1.39506,1.41975,1.39506,1.41975,1.26302,16200,0,0
2000-04-12,1.39506,1.45679,1.38272,1.40741,1.25203,126056,0,0
2000-04-13,1.4321,1.48148,1.40741,1.45679,1.29596,5063,0,0
2000-04-14,1.40741,1.4321,1.35803,1.35803,1.2081,36956,0,0
2000-04-17,1.38272,1.38272,1.33333,1.34568,1.19712,29869,0,0
2000-04-18,1.34568,1.40741,1.34568,1.40741,1.25203,21769,0,0
2000-04-19,1.40741,1.46914,1.40741,1.46914,1.30695,26831,0,0
2000-04-20,1.46914,1.49383,1.40741,1.48148,1.31793,93656,0,0
2000-04-24,1.48765,1.48765,1.45679,1.45679,1.29596,13669,0,0
2000-04-25,1.46914,1.58025,1.45062,1.55556,1.38383,51638,0,0
2000-04-26,1.62963,1.7037,1.58025,1.65432,1.47169,65306,0,0
2000-04-27,1.66667,1.69136,1.53086,1.66667,1.48267,29869,0,0
2000-04-28,1.66667,1.66667,1.53086,1.66049,1.47718,31894,0,0
2000-05-01,1.55556,1.58025,1.53086,1.55556,1.38383,47081,0,0
2000-05-02,1.5679,1.5679,1.55556,1.55556,1.38383,14681,0,0
2000-05-03,1.58642,1.58642,1.53086,1.57407,1.4003,29869,0,0
2000-05-04,1.54321,1.57099,1.54321,1.54321,1.37284,24300,0,0
2000-05-05,1.53086,1.53086,1.49383,1.49383,1.32891,7088,0,0
2000-05-08,1.5,1.50617,1.44444,1.45679,1.29596,31894,0,0
2000-05-09,1.45679,1.48148,1.38272,1.39506,1.24105,47081,0,0
2000-05-10,1.41049,1.4321,1.38889,1.41975,1.26302,27338,0,0
2000-05-11,1.38889,1.48148,1.38889,1.48148,1.31793,7088,0,0
2000-05-12,1.4321,1.45679,1.38272,1.38889,1.23556,36450,0,0
2000-05-15,1.35803,1.39506,1.34568,1.34568,1.19712,52144,0,0
2000-05-16,1.34568,1.38272,1.34568,1.34568,1.19712,77456,0,0
2000-05-17,1.35803,1.35803,1.34568,1.35803,1.2081,21263,0,0
2000-05-18,1.35185,1.37654,1.35185,1.37037,1.21908,52144,0,0
2000-05-19,1.39506,1.45679,1.39506,1.41975,1.26302,37463,0,0
2000-05-22,1.4321,1.46914,1.40741,1.46914,1.30695,88088,0,0
2000-05-23,1.48148,1.48148,1.33333,1.46605,1.3042,41513,0,0
2000-05-24,1.46296,1.46914,1.46296,1.46296,1.30146,24300,0,0
2000-05-25,1.46605,1.46605,1.35803,1.39506,1.24105,22275,0,0
2000-05-26,1.40741,1.40741,1.35803,1.38272,1.23007,107325,0,0
2000-05-30,1.40741,1.4321,1.40741,1.4321,1.274,14681,0,0
2000-05-31,1.3642,1.38272,1.35803,1.35803,1.2081,43031,0,0
2000-06-01,1.37037,1.4321,1.37037,1.40741,1.25203,27844,0,0
2000-06-02,1.40741,1.40741,1.30864,1.33333,1.18614,476381,0,0
2000-06-05,1.33333,1.37037,1.33333,1.37037,1.21908,8100,0,0
2000-06-06,1.33333,1.35803,1.33333,1.33333,1.18614,58725,0,0
2000-06-07,1.33333,1.35803,1.33333,1.35803,1.2081,23794,0,0
2000-06-08,1.32099,1.35803,1.32099,1.35803,1.2081,36956,0,0
2000-06-09,1.32099,1.32099,1.30864,1.30864,1.16417,51638,0,0
2000-06-12,1.30864,1.30864,1.28395,1.30864,1.16417,20756,0,0
2000-06-13,1.28395,1.2963,1.28395,1.28395,1.14221,56194,0,0
2000-06-14,1.2963,1.2963,1.20988,1.23457,1.09827,54169,0,0
2000-06-15,1.28395,1.30864,1.27161,1.2963,1.15319,59231,0,0
2000-06-16,1.31482,1.31482,1.2963,1.2963,1.15319,64800,0,0
2000-06-19,1.28395,1.30864,1.16049,1.22222,1.08729,126563,0,0
2000-06-20,1.23457,1.23457,0.938272,1.08642,0.966482,104288,0,0
2000-06-21,1.11111,1.19753,1.11111,1.19753,1.06533,48600,0,0
2000-06-22,1.19753,1.2037,1.1358,1.19753,1.06533,47588,0,0
2000-06-23,1.18518,1.19753,1.14815,1.19753,1.06533,23288,0,0
2000-06-26,1.18518,1.18518,1.17284,1.17901,1.04885,62775,0,0
2000-06-27,1.17901,1.18518,1.17284,1.17901,1.04885,47081,0,0
2000-06-28,1.17284,1.17284,1.16049,1.16049,1.03238,16200,0,0
2000-06-29,1.23457,1.23457,1.09876,1.12346,0.99943,77456,0,0
2000-06-30,1.11111,1.12346,1.09876,1.09876,0.977464,63788,0,0
2000-07-03,1.10494,1.18518,1.10494,1.18518,1.05434,35438,0,0
2000-07-05,1.18518,1.18518,1.1358,1.1358,1.01041,18731,0,0
2000-07-06,1.1358,1.1358,1.08642,1.08642,0.966482,18225,0,0
2000-07-07,1.09876,1.1358,1.08642,1.1358,1.01041,22781,0,0
2000-07-10,1.14815,1.14815,1.11111,1.14197,1.0159,25819,0,0
2000-07-11,1.1358,1.14815,1.1358,1.14815,1.0214,3038,0,0
2000-07-12,1.12346,1.17284,1.11111,1.16049,1.03238,134156,0,0
2000-07-13,1.16049,1.16049,1.14815,1.16049,1.03238,10125,0,0
2000-07-14,1.09876,1.1358,1.09876,1.11111,0.988447,23794,0,0
2000-07-17,1.1358,1.17284,1.08642,1.17284,1.04336,24806,0,0
2000-07-18,1.1358,1.17284,1.1358,1.14815,1.0214,47081,0,0
2000-07-19,1.17284,1.17284,1.14815,1.14815,1.0214,31894,0,0
2000-07-20,1.17284,1.20988,1.1358,1.18518,1.05434,68850,0,0
2000-07-21,1.18518,1.19753,1.18518,1.18518,1.05434,16200,0,0
2000-07-24,1.17284,1.17284,1.1358,1.14815,1.0214,15188,0,0
2000-07-25,1.1358,1.1358,1.1358,1.1358,1.01041,10125,0,0
2000-07-26,1.1358,1.16049,1.1358,1.1358,1.01041,23288,0,0
2000-07-27,1.1358,1.23457,1.1358,1.23457,1.09827,104794,0,0
2000-07-28,1.18518,1.20988,1.1358,1.14815,1.0214,63788,0,0
2000-07-31,1.25926,1.25926,1.14815,1.19136,1.05984,19744,0,0
2000-08-01,1.19753,1.19753,1.19753,1.19753,1.06533,6075,0,0
2000-08-02,1.19753,1.19753,1.19753,1.19753,1.06533,0,0,0
2000-08-03,1.20988,1.20988,1.17284,1.18518,1.05434,44550,0,0
2000-08-04,1.18518,1.18518,1.17284,1.18518,1.05434,45056,0,0
2000-08-07,1.17284,1.18518,1.17284,1.17284,1.04336,18731,0,0
2000-08-08,1.18518,1.18518,1.09876,1.09876,0.977464,28350,0,0
2000-08-09,1.11111,1.11111,1.09876,1.11111,0.988447,19238,0,0
2000-08-10,1.08642,1.11111,1.08642,1.11111,0.988447,3544,0,0
2000-08-11,1.11111,1.12346,1.11111,1.12346,0.99943,25313,0,0
2000-08-14,1.08642,1.16049,1.08642,1.16049,1.03238,43538,0,0
2000-08-15,1.10494,1.19753,1.10494,1.18518,1.05434,51638,0,0
2000-08-16,1.16049,1.19753,1.16049,1.18518,1.05434,497644,0,0
2000-08-17,1.16049,1.18518,1.15432,1.18518,1.05434,60244,0,0
2000-08-18,1.1358,1.20988,1.1358,1.19753,1.06533,18731,0,0
2000-08-21,1.2037,1.25926,1.2037,1.25926,1.12024,6075,0,0
2000-08-22,1.25926,1.25926,1.23457,1.23457,1.09827,1013,0,0
2000-08-23,1.23765,1.23765,1.20988,1.20988,1.07631,7088,0,0
2000-08-24,1.23457,1.28395,1.23457,1.25926,1.12024,26831,0,0
2000-08-25,1.25926,1.37346,1.25926,1.37346,1.22183,27338,0,0
2000-08-28,1.3642,1.40741,1.23457,1.24074,1.10377,29869,0,0
2000-08-29,1.24074,1.27778,1.24074,1.24691,1.10926,37463,0,0
2000-08-30,1.33333,1.33333,1.25926,1.30864,1.16417,62775,0,0
2000-08-31,1.25926,1.35803,1.25926,1.30864,1.16417,47588,0,0
2000-09-01,1.28395,1.28395,1.24691,1.24691,1.10926,6581,0,0
2000-09-05,1.24691,1.25309,1.24691,1.25309,1.11475,1519,0,0
2000-09-06,1.25309,1.25309,1.25309,1.25309,1.11475,12656,0,0
2000-09-07,1.27778,1.27778,1.25309,1.25309,1.11475,8100,0,0
2000-09-08,1.27161,1.28395,1.23457,1.23457,1.09827,50625,0,0
2000-09-11,1.23457,1.23457,1.23457,1.23457,1.09827,33413,0,0
2000-09-12,1.23457,1.30864,1.23457,1.28395,1.14221,92138,0,0
2000-09-13,1.28395,1.28395,1.27161,1.27161,1.13122,11138,0,0
2000-09-14,1.28395,1.28395,1.28395,1.28395,1.14221,94669,0,0
2000-09-15,1.22222,1.22222,1.22222,1.22222,1.08729,4556,0,0
2000-09-18,1.22222,1.22222,1.18518,1.19136,1.05984,35438,0,0
2000-09-19,1.20988,1.23457,1.16049,1.16049,1.03238,60244,0,0
2000-09-20,1.16049,1.16049,1.16049,1.16049,1.03238,0,0,0
2000-09-21,1.19136,1.22222,1.19136,1.22222,1.08729,49613,0,0
2000-09-22,1.16049,1.23457,1.16049,1.23457,1.09827,26325,0,0
2000-09-25,1.23457,1.23457,1.23457,1.23457,1.09827,506,0,0
2000-09-26,1.18518,1.18518,1.16049,1.16049,1.03238,34425,0,0
2000-09-27,1.23457,1.23457,1.12346,1.12346,0.99943,29869,0,0
2000-09-28,1.20988,1.23457,1.11111,1.23457,1.09827,36956,0,0
2000-09-29,1.23457,1.23457,1.23457,1.23457,1.09827,0,0,0
2000-10-02,1.16667,1.17284,1.11111,1.11111,0.988447,53156,0,0
2000-10-03,1.11111,1.18518,1.09876,1.17284,1.04336,103275,0,0
2000-10-04,1.16049,1.16049,1.16049,1.16049,1.03238,8606,0,0
2000-10-05,1.1358,1.1358,1.09876,1.09876,0.977464,8606,0,0
2000-10-06,1.1358,1.1358,1.1358,1.1358,1.01041,1013,0,0
2000-10-09,1.1358,1.1358,1.1358,1.1358,1.01041,0,0,0
2000-10-10,1.08642,1.09876,1.08642,1.09259,0.971974,9619,0,0
2000-10-11,1.08642,1.08951,1.03704,1.06173,0.944516,18225,0,0
2000-10-12,1.0679,1.0679,1.0679,1.0679,0.950007,506,0,0
2000-10-13,1.03704,1.08642,1.03704,1.05556,0.939025,18225,0,0
2000-10-16,1.03704,1.06173,0.975309,1.06173,0.944516,46575,0,0
2000-10-17,1.06173,1.06173,1.06173,1.06173,0.944516,0,0,0
2000-10-18,1.04938,1.04938,1.04938,1.04938,0.933534,1013,0,0
2000-10-19,1.03704,1.03704,0.975309,0.975309,0.867637,36450,0,0
2000-10-20,0.975309,0.987654,0.790123,0.962963,0.856654,145294,0,0
2000-10-23,0.938272,0.938272,0.864198,0.864198,0.768793,138713,0,0
2000-10-24,0.839506,0.839506,0.814815,0.814815,0.724861,33919,0,0
2000-10-25,0.91358,0.91358,0.839506,0.839506,0.746827,10125,0,0
2000-10-26,0.82716,0.839506,0.740741,0.765432,0.68093,419175,0,0
2000-10-27,0.802469,1.02469,0.790123,1.02469,0.911568,17719,0,0
2000-10-30,1.02469,1.02469,0.839506,0.987654,0.878619,32400,0,0
2000-10-31,0.864198,0.975309,0.864198,0.975309,0.867637,5063,0,0
2000-11-01,0.839506,0.91358,0.839506,0.91358,0.812723,86063,0,0
2000-11-02,0.91358,0.984568,0.91358,0.962963,0.856654,22275,0,0
2000-11-03,0.987654,0.987654,0.962963,0.962963,0.856654,15694,0,0
2000-11-06,0.962963,0.962963,0.91358,0.962963,0.856654,35944,0,0
2000-11-07,0.91358,0.91358,0.839506,0.91358,0.812723,12150,0,0
2000-11-08,0.864198,0.864198,0.864198,0.864198,0.768793,5569,0,0
2000-11-09,0.867284,0.91358,0.867284,0.91358,0.812723,2531,0,0
2000-11-10,0.864198,0.888889,0.864198,0.864198,0.768793,16200,0,0
2000-11-13,0.962963,0.962963,0.962963,0.962963,0.856654,7088,0,0
2000-11-14,0.864198,0.864198,0.864198,0.864198,0.768793,26325,0,0
2000-11-15,0.864198,0.864198,0.864198,0.864198,0.768793,1013,0,0
2000-11-16,0.864198,0.864198,0.864198,0.864198,0.768793,25819,0,0
2000-11-17,0.864198,0.91358,0.839506,0.91358,0.812723,7088,0,0
2000-11-20,0.814815,0.839506,0.790123,0.839506,0.746827,18225,0,0
2000-11-21,0.839506,0.864198,0.839506,0.858025,0.763301,156938,0,0
2000-11-22,0.851852,0.851852,0.839506,0.839506,0.746827,116438,0,0
2000-11-24,0.858025,0.858025,0.858025,0.858025,0.763301,2025,0,0
2000-11-27,0.839506,0.858025,0.814815,0.858025,0.763301,60244,0,0
2000-11-28,0.83642,0.839506,0.82716,0.82716,0.735844,118969,0,0
2000-11-29,0.814815,0.839506,0.790123,0.790123,0.702895,58219,0,0
2000-11-30,0.777778,0.790123,0.765432,0.777778,0.691913,350831,0,0
2000-12-01,0.774691,0.774691,0.740741,0.753086,0.669947,18225,0,0
2000-12-04,0.740741,0.743827,0.703704,0.703704,0.626017,76950,0,0
2000-12-05,0.716049,0.790123,0.703704,0.740741,0.658965,37463,0,0
2000-12-06,0.740741,0.790123,0.716049,0.790123,0.702895,23288,0,0
2000-12-07,0.740741,0.790123,0.691358,0.691358,0.615034,22275,0,0
2000-12-08,0.790123,0.790123,0.790123,0.790123,0.702895,506,0,0
2000-12-11,0.753086,0.753086,0.716049,0.716049,0.636999,39994,0,0
2000-12-12,0.716049,0.790123,0.716049,0.753086,0.669947,64294,0,0
2000-12-13,0.765432,0.790123,0.70679,0.740741,0.658965,47588,0,0
2000-12-14,0.777778,0.802469,0.740741,0.740741,0.658965,169088,0,0
2000-12-15,0.728395,0.728395,0.728395,0.728395,0.647982,37463,0,0
2000-12-18,0.728395,0.753086,0.728395,0.753086,0.669947,38475,0,0
2000-12-19,0.765432,0.765432,0.728395,0.728395,0.647982,173138,0,0
2000-12-20,0.740741,0.765432,0.728395,0.728395,0.647982,91631,0,0
2000-12-21,0.728395,0.790123,0.728395,0.734568,0.653473,67331,0,0
2000-12-22,0.734568,0.753086,0.697531,0.703704,0.626017,204525,0,0
2000-12-26,0.753086,0.765432,0.716049,0.722222,0.64249,54675,0,0
2000-12-27,0.734568,0.734568,0.691358,0.694444,0.617779,272363,0,0
2000-12-28,0.697531,0.728395,0.654321,0.691358,0.615034,134156,0,0
2000-12-29,0.666667,0.703704,0.666667,0.691358,0.615034,148331,0,0
2001-01-02,0.740741,0.740741,0.691358,0.740741,0.658965,15188,0,0
2001-01-03,0.740741,0.740741,0.740741,0.740741,0.658965,0,0,0
2001-01-04,0.790123,0.790123,0.790123,0.790123,0.702895,21263,0,0
2001-01-05,0.790123,0.839506,0.790123,0.790123,0.702895,9113,0,0
2001-01-08,0.824074,0.839506,0.765432,0.787037,0.70015,182756,0,0
2001-01-09,0.753086,0.790123,0.753086,0.790123,0.702895,3544,0,0
2001-01-10,0.787037,0.790123,0.716049,0.790123,0.702895,58725,0,0
2001-01-11,0.802469,0.802469,0.790123,0.790123,0.702895,37463,0,0
2001-01-12,0.91358,0.91358,0.814815,0.839506,0.746827,161494,0,0
2001-01-16,0.864198,0.888889,0.82716,0.82716,0.735844,27844,0,0
2001-01-17,0.91358,0.91358,0.864198,0.864198,0.768793,24300,0,0
2001-01-18,0.864198,0.864198,0.814815,0.839506,0.746827,88594,0,0
2001-01-19,0.814815,0.814815,0.814815,0.814815,0.724861,35438,0,0
2001-01-22,0.814815,0.839506,0.814815,0.839506,0.746827,17213,0,0
2001-01-23,0.82716,0.839506,0.82716,0.839506,0.746827,8100,0,0
2001-01-24,0.839506,0.839506,0.839506,0.839506,0.746827,0,0,0
2001-01-25,0.82716,0.82716,0.790123,0.790123,0.702895,64294,0,0
2001-01-26,0.790123,0.790123,0.790123,0.790123,0.702895,0,0,0
2001-01-29,0.864198,0.91358,0.864198,0.91358,0.812723,63788,0,0
2001-01-30,0.91358,0.962963,0.888889,0.962963,0.856654,575606,0,0
2001-01-31,0.901235,1.06173,0.814815,0.814815,0.724861,198450,0,0
2001-02-01,0.864198,0.876543,0.864198,0.876543,0.779775,3038,0,0
2001-02-02,0.925926,0.962963,0.814815,0.814815,0.724861,42019,0,0
2001-02-05,0.91358,0.962963,0.864198,0.962963,0.856654,16200,0,0
2001-02-06,0.864198,0.962963,0.82716,0.82716,0.735844,161494,0,0
2001-02-07,0.91358,0.938272,0.839506,0.888889,0.790758,57713,0,0
2001-02-08,0.888889,0.888889,0.888889,0.888889,0.790758,1519,0,0
2001-02-09,0.888889,0.962963,0.888889,0.888889,0.790758,32400,0,0
2001-02-12,0.864198,0.888889,0.864198,0.888889,0.790758,55688,0,0
2001-02-13,0.864198,0.864198,0.864198,0.864198,0.768793,5569,0,0
2001-02-14,0.864198,0.864198,0.864198,0.864198,0.768793,0,0,0
2001-02-15,0.885802,0.975309,0.864198,0.975309,0.867637,1618481,0,0
2001-02-16,0.885802,0.888889,0.885802,0.888889,0.790758,1519,0,0
2001-02-20,0.885802,0.91358,0.885802,0.888889,0.790758,169594,0,0
2001-02-21,0.888889,0.888889,0.82716,0.864198,0.768793,67838,0,0
2001-02-22,0.864198,0.876543,0.864198,0.864198,0.768793,102769,0,0
2001-02-23,0.864198,0.888889,0.839506,0.851852,0.75781,76444,0,0
2001-02-26,0.864198,0.91358,0.864198,0.888889,0.790758,33919,0,0
2001-02-27,0.864198,0.864198,0.839506,0.839506,0.746827,7594,0,0
2001-02-28,0.814815,0.814815,0.814815,0.814815,0.724861,1013,0,0
2001-03-01,0.814815,0.814815,0.814815,0.814815,0.724861,5063,0,0
2001-03-02,0.814815,0.839506,0.814815,0.839506,0.746827,6075,0,0
2001-03-05,0.839506,0.839506,0.839506,0.839506,0.746827,0,0,0
2001-03-06,0.82716,0.82716,0.82716,0.82716,0.735844,506,0,0
2001-03-07,0.888889,0.888889,0.888889,0.888889,0.790758,7594,0,0
2001-03-08,0.82716,0.888889,0.82716,0.888889,0.790758,17719,0,0
2001-03-09,0.888889,0.901235,0.888889,0.888889,0.790758,54675,0,0
2001-03-12,0.932099,0.932099,0.82716,0.82716,0.735844,17719,0,0
2001-03-13,0.82716,0.82716,0.820988,0.820988,0.730353,7088,0,0
2001-03-14,0.82716,0.82716,0.814815,0.814815,0.724861,18731,0,0
2001-03-15,0.817901,0.817901,0.814815,0.814815,0.724861,11138,0,0
2001-03-16,0.814815,0.82716,0.814815,0.82716,0.735844,15188,0,0
2001-03-19,0.82716,0.82716,0.82716,0.82716,0.735844,0,0,0
2001-03-20,0.82716,0.987654,0.82716,0.851852,0.75781,10631,0,0
2001-03-21,0.851852,0.851852,0.839506,0.839506,0.746827,3038,0,0
2001-03-22,0.839506,0.839506,0.814815,0.814815,0.724861,5569,0,0
2001-03-23,0.814815,0.814815,0.814815,0.814815,0.724861,2025,0,0
2001-03-26,0.814815,0.938272,0.814815,0.839506,0.746827,6075,0,0
2001-03-27,0.814815,0.814815,0.802469,0.802469,0.713879,3038,0,0
2001-03-28,0.802469,0.802469,0.802469,0.802469,0.713879,7088,0,0
2001-03-29,0.802469,0.802469,0.802469,0.802469,0.713879,5063,0,0
2001-03-30,0.864198,0.864198,0.802469,0.864198,0.768793,18731,0,0
2001-04-02,0.839506,0.839506,0.839506,0.839506,0.746827,506,0,0
2001-04-03,0.802469,0.802469,0.790123,0.790123,0.702895,3038,0,0
2001-04-04,0.82716,0.839506,0.82716,0.839506,0.746827,7088,0,0
2001-04-05,0.839506,0.839506,0.839506,0.839506,0.746827,0,0,0
2001-04-06,0.790123,0.790123,0.790123,0.790123,0.702895,11138,0,0
2001-04-09,0.740741,0.740741,0.740741,0.740741,0.658965,1013,0,0
2001-04-10,0.790123,0.815802,0.790123,0.815802,0.725739,41513,0,0
2001-04-11,0.790123,0.790123,0.790123,0.790123,0.702895,65306,0,0
2001-04-12,0.760494,0.760494,0.717037,0.717037,0.637878,9113,0,0
2001-04-16,0.792099,0.792099,0.792099,0.792099,0.704653,2531,0,0
2001-04-17,0.823704,0.825679,0.730864,0.730864,0.650178,2025,0,0
2001-04-18,0.819753,0.819753,0.790123,0.790123,0.702895,7594,0,0
2001-04-19,0.790123,0.888889,0.764444,0.888889,0.790758,95681,0,0
2001-04-20,0.922469,0.928395,0.805926,0.839506,0.746827,54169,0,0
2001-04-23,0.805926,0.805926,0.805926,0.805926,0.716954,506,0,0
2001-04-24,0.805926,0.811852,0.805926,0.811852,0.722226,7594,0,0
2001-04-25,0.869136,0.869136,0.869136,0.869136,0.773186,506,0,0
2001-04-26,0.869136,0.869136,0.869136,0.869136,0.773186,0,0,0
2001-04-27,0.841481,0.841481,0.839506,0.839506,0.746827,40500,0,0
2001-04-30,0.888889,0.888889,0.839506,0.839506,0.746827,19238,0,0
2001-05-01,0.869136,1.03506,0.869136,0.888889,0.790758,18731,0,0
2001-05-02,0.879012,0.888889,0.869136,0.888889,0.790758,4050,0,0
2001-05-03,0.888889,0.888889,0.888889,0.888889,0.790758,0,0,0
2001-05-04,0.888889,0.888889,0.888889,0.888889,0.790758,0,0,0
2001-05-07,0.888889,0.888889,0.888889,0.888889,0.790758,0,0,0
2001-05-08,0.869136,0.869136,0.841481,0.841481,0.748584,8100,0,0
2001-05-09,0.859259,0.967901,0.859259,0.967901,0.861047,64800,0,0
2001-05-10,0.967901,0.967901,0.92642,0.92642,0.824145,6581,0,0
2001-05-11,0.967901,0.967901,0.888889,0.888889,0.790758,12656,0,0
2001-05-14,0.967901,0.967901,0.888889,0.888889,0.790758,5569,0,0
2001-05-15,0.888889,0.888889,0.888889,0.888889,0.790758,0,0,0
2001-05-16,0.898765,0.898765,0.898765,0.898765,0.799543,7594,0,0
2001-05-17,0.898765,0.898765,0.898765,0.898765,0.799543,0,0,0
2001-05-18,0.938272,0.938272,0.938272,0.938272,0.834689,18225,0,0
2001-05-21,0.938272,0.938272,0.938272,0.938272,0.834689,10125,0,0
2001-05-22,0.912593,0.938272,0.912593,0.938272,0.834689,5063,0,0
2001-05-23,0.985679,0.987654,0.938272,0.938272,0.834689,7594,0,0
2001-05-24,0.938272,0.938272,0.890864,0.928395,0.825902,45056,0,0
2001-05-25,0.928395,0.928395,0.928395,0.928395,0.825902,1013,0,0
2001-05-29,0.928395,0.987654,0.928395,0.940247,0.836446,12150,0,0
2001-05-30,0.940247,0.940247,0.93037,0.93037,0.827659,3038,0,0
2001-05-31,0.987654,1.00741,0.987654,1.00741,0.896192,26325,0,0
2001-06-01,1.00741,1.00741,0.902716,0.938272,0.834689,26325,0,0
2001-06-04,0.888889,0.987654,0.888889,0.987654,0.878619,4050,0,0
2001-06-05,0.987654,0.987654,0.987654,0.987654,0.878619,0,0,0
2001-06-06,0.987654,0.987654,0.987654,0.987654,0.878619,506,0,0
2001-06-07,0.987654,0.987654,0.987654,0.987654,0.878619,0,0,0
2001-06-08,0.987654,0.987654,0.987654,0.987654,0.878619,0,0,0
2001-06-11,0.987654,0.987654,0.987654,0.987654,0.878619,0,0,0
2001-06-12,0.977778,0.987654,0.890864,0.987654,0.878619,18225,0,0
2001-06-13,0.987654,0.987654,0.987654,0.987654,0.878619,0,0,0
2001-06-14,0.99358,0.99358,0.967901,0.967901,0.861047,8100,0,0
2001-06-15,0.938272,0.987654,0.938272,0.987654,0.878619,18225,0,0
2001-06-18,0.987654,1.03506,0.987654,1.01728,0.904979,15188,0,0
2001-06-19,1.01728,1.22272,1.01728,1.17728,1.04731,105806,0,0
2001-06-20,1.18518,1.20494,1.16543,1.20494,1.07192,14681,0,0
2001-06-21,1.20889,1.2642,1.09235,1.2642,1.12463,14681,0,0
2001-06-22,1.10815,1.1358,1.10617,1.10617,0.984055,38475,0,0
2001-06-25,1.09235,1.22272,1.09235,1.22272,1.08773,13163,0,0
2001-06-26,1.22272,1.22272,1.22272,1.22272,1.08773,1519,0,0
2001-06-27,1.19506,1.19506,1.19506,1.19506,1.06313,506,0,0
2001-06-28,1.18518,1.18518,1.18518,1.18518,1.05434,4050,0,0
2001-06-29,1.16148,1.16148,1.16148,1.16148,1.03326,506,0,0
2001-07-02,1.18518,1.19506,1.18518,1.19506,1.06313,16706,0,0
2001-07-03,1.19506,1.19506,1.19506,1.19506,1.06313,0,0,0
2001-07-05,1.14173,1.14173,1.14173,1.14173,1.01568,506,0,0
2001-07-06,1.13975,1.19506,1.13975,1.19506,1.06313,1013,0,0
2001-07-09,1.13778,1.13778,1.13778,1.13778,1.01217,506,0,0
2001-07-10,1.13778,1.13778,1.13778,1.13778,1.01217,0,0,0
2001-07-11,1.13778,1.21877,1.13778,1.21877,1.08422,40500,0,0
2001-07-12,1.20691,1.21877,1.18518,1.19506,1.06313,12150,0,0
2001-07-13,1.19506,1.19506,1.19506,1.19506,1.06313,0,0,0
2001-07-16,1.21877,1.23654,1.17531,1.17531,1.04556,37463,0,0
2001-07-17,1.28,1.28,1.28,1.28,1.13869,1519,0,0
2001-07-18,1.26617,1.34914,1.25037,1.32148,1.17559,85556,0,0
2001-07-19,1.46568,1.6158,1.39457,1.6158,1.43742,214144,0,0
2001-07-20,1.57037,1.60593,1.57037,1.58025,1.40579,106313,0,0
2001-07-23,1.57037,1.58025,1.55062,1.55062,1.37943,204019,0,0
2001-07-24,1.52889,1.52889,1.29778,1.48741,1.3232,41006,0,0
2001-07-25,1.49728,1.49728,1.49728,1.49728,1.33199,506,0,0
2001-07-26,1.49136,1.50124,1.44198,1.50124,1.3355,32906,0,0
2001-07-27,1.45778,1.47161,1.45778,1.47161,1.30914,8606,0,0
2001-07-30,1.47161,1.50124,1.47161,1.50124,1.3355,10631,0,0
2001-07-31,1.50124,1.50124,1.50124,1.50124,1.3355,5569,0,0
2001-08-01,1.47161,1.50124,1.47161,1.50124,1.3355,10631,0,0
2001-08-02,1.48148,1.48543,1.48148,1.48543,1.32144,2531,0,0
2001-08-03,1.49333,1.49333,1.48938,1.48938,1.32496,4556,0,0
2001-08-06,1.48543,1.49136,1.46173,1.46173,1.30036,21263,0,0
2001-08-07,1.51901,1.51901,1.46173,1.46173,1.30036,13669,0,0
2001-08-08,1.4637,1.53284,1.4637,1.48148,1.31793,12150,0,0
2001-08-09,1.4637,1.48148,1.4637,1.48148,1.31793,4556,0,0
2001-08-10,1.48148,1.48148,1.4637,1.48148,1.31793,14681,0,0
2001-08-13,1.48148,1.48148,1.48148,1.48148,1.31793,1519,0,0
2001-08-14,1.4637,1.56444,1.4637,1.56444,1.39173,7594,0,0
2001-08-15,1.56049,1.58025,1.56049,1.58025,1.40579,116438,0,0
2001-08-16,1.58025,1.58025,1.58025,1.58025,1.40579,0,0,0
2001-08-17,1.57827,1.58025,1.45975,1.57827,1.40403,16200,0,0
2001-08-20,1.57827,1.6,1.46173,1.46173,1.30036,17213,0,0
2001-08-21,1.46568,1.52099,1.46568,1.52099,1.35308,24806,0,0
2001-08-22,1.56049,1.56049,1.56049,1.56049,1.38822,1013,0,0
2001-08-23,1.48148,1.48148,1.46568,1.48148,1.31793,14175,0,0
2001-08-24,1.55852,1.57037,1.53086,1.53086,1.36186,15694,0,0
2001-08-27,1.49136,1.57037,1.49136,1.55062,1.37943,7594,0,0
2001-08-28,1.48148,1.55062,1.48148,1.55062,1.37943,41006,0,0
2001-08-29,1.48148,1.48148,1.46173,1.46173,1.30036,12150,0,0
2001-08-30,1.4321,1.48148,1.3037,1.48148,1.31793,100238,0,0
2001-08-31,1.37679,1.49136,1.37679,1.49136,1.32672,4050,0,0
2001-09-04,1.43803,1.48148,1.32346,1.48148,1.31793,7088,0,0
2001-09-05,1.45383,1.45383,1.44988,1.44988,1.28981,6075,0,0
2001-09-06,1.44988,1.44988,1.44988,1.44988,1.28981,5063,0,0
2001-09-07,1.45185,1.45185,1.4084,1.45185,1.29157,31388,0,0
2001-09-10,1.41235,1.4321,1.4084,1.4321,1.274,54169,0,0
2001-09-17,1.39457,1.4084,1.26617,1.37284,1.22128,12150,0,0
2001-09-18,1.35309,1.35309,1.1516,1.17926,1.04907,59738,0,0
2001-09-19,1.2642,1.2642,1.14568,1.14568,1.0192,14681,0,0
2001-09-20,1.1358,1.1358,1.1358,1.1358,1.01041,12150,0,0
2001-09-21,1.07852,1.08642,1.02716,1.08642,0.966482,20250,0,0
2001-09-24,1.01333,1.08642,1.01333,1.05679,0.940123,35944,0,0
2001-09-25,1.04691,1.04691,1.04691,1.04691,0.931337,2531,0,0
2001-09-26,1.03901,1.03901,1.03901,1.03901,0.924308,1013,0,0
2001-09-27,1.03704,1.1042,1.03704,1.08642,0.966482,36450,0,0
2001-09-28,1.08444,1.08444,1.08444,1.08444,0.964724,5569,0,0
2001-10-01,1.08642,1.08642,1.08642,1.08642,0.966482,11138,0,0
2001-10-02,1.08642,1.08642,1.08642,1.08642,0.966482,5063,0,0
2001-10-03,1.08642,1.08642,1.08642,1.08642,0.966482,0,0,0
2001-10-04,1.18518,1.18518,1.0884,1.0884,0.968239,14175,0,0
2001-10-05,1.10025,1.10025,1.07654,1.07654,0.957695,3038,0,0
2001-10-08,1.07654,1.07654,1.07654,1.07654,0.957695,0,0,0
2001-10-09,1.07654,1.07654,1.02716,1.02716,0.913764,11644,0,0
2001-10-10,1.01926,1.06667,1.01728,1.06667,0.94891,110869,0,0
2001-10-11,1.06272,1.06667,1.06272,1.06667,0.94891,123019,0,0
2001-10-12,1.04099,1.11605,1.02716,1.11605,0.99284,6075,0,0
2001-10-15,1.11605,1.11605,1.11605,1.11605,0.99284,0,0,0
2001-10-16,1.04889,1.04889,1.04889,1.04889,0.933094,1013,0,0
2001-10-17,1.07654,1.16148,1.07654,1.16148,1.03326,3038,0,0
2001-10-18,1.17531,1.22469,1.1358,1.22469,1.08949,21263,0,0
2001-10-19,1.22469,1.35901,1.22469,1.35901,1.20898,8100,0,0
2001-10-22,1.28395,1.37877,1.28395,1.37877,1.22655,7594,0,0
2001-10-23,1.37284,1.38667,1.37284,1.38667,1.23358,27338,0,0
2001-10-24,1.30568,1.39062,1.29975,1.39062,1.2371,25313,0,0
2001-10-25,1.39062,1.39062,1.39062,1.39062,1.2371,506,0,0
2001-10-26,1.2642,1.39062,1.2642,1.39062,1.2371,10125,0,0
2001-10-29,1.39062,1.4163,1.39062,1.4163,1.25994,11138,0,0
2001-10-30,1.38272,1.42222,1.36296,1.39654,1.24237,29869,0,0
2001-10-31,1.31753,1.37481,1.28395,1.37481,1.22304,3544,0,0
2001-11-01,1.33333,1.37481,1.33333,1.37481,1.22304,17719,0,0
2001-11-02,1.30765,1.50124,1.30765,1.50124,1.3355,6075,0,0
2001-11-05,1.41235,1.45975,1.30963,1.38272,1.23007,11138,0,0
2001-11-06,1.33333,1.33333,1.32346,1.32346,1.17735,4556,0,0
2001-11-07,1.32346,1.32346,1.30963,1.30963,1.16505,11138,0,0
2001-11-08,1.30963,1.35309,1.30963,1.35309,1.20371,23288,0,0
2001-11-09,1.30963,1.30963,1.30963,1.30963,1.16505,506,0,0
2001-11-12,1.30963,1.30963,1.30963,1.30963,1.16505,0,0,0
2001-11-13,1.3116,1.32346,1.3116,1.32346,1.17735,8100,0,0
2001-11-14,1.33333,1.34716,1.33333,1.34716,1.19844,22781,0,0
2001-11-15,1.34716,1.34716,1.34716,1.34716,1.19844,1519,0,0
2001-11-16,1.34716,1.34716,1.34716,1.34716,1.19844,12656,0,0
2001-11-19,1.34716,1.39654,1.34321,1.39654,1.24237,14681,0,0
2001-11-20,1.36889,1.40247,1.33333,1.33333,1.18614,23288,0,0
2001-11-21,1.32148,1.38272,1.32148,1.38272,1.23007,11644,0,0
2001-11-23,1.33531,1.38272,1.33531,1.38272,1.23007,15694,0,0
2001-11-26,1.38272,1.4321,1.38272,1.4321,1.274,5063,0,0
2001-11-27,1.33333,1.38272,1.17136,1.38272,1.23007,21769,0,0
2001-11-28,1.33728,1.33728,1.33333,1.33333,1.18614,2531,0,0
2001-11-29,1.33333,1.34321,1.33333,1.34321,1.19492,5569,0,0
2001-11-30,1.35506,1.38074,1.33531,1.35704,1.20722,5569,0,0
2001-12-03,1.35704,1.35704,1.35704,1.35704,1.20722,0,0,0
2001-12-04,1.37284,1.38272,1.37284,1.38074,1.22831,26325,0,0
2001-12-05,1.38272,1.38272,1.37877,1.38272,1.23007,19238,0,0
2001-12-06,1.38272,1.38272,1.38272,1.38272,1.23007,4050,0,0
2001-12-07,1.35309,1.35309,1.33531,1.33531,1.18789,12656,0,0
2001-12-10,1.38272,1.38272,1.20691,1.21284,1.07895,68344,0,0
2001-12-11,1.20889,1.28198,1.20889,1.28198,1.14045,44550,0,0
2001-12-12,1.23457,1.28198,1.21481,1.28198,1.14045,170606,0,0
2001-12-13,1.21481,1.28395,1.21481,1.28198,1.14045,7594,0,0
2001-12-14,1.21481,1.37481,1.21481,1.37481,1.22304,9619,0,0
2001-12-17,1.37481,1.37481,1.35309,1.35309,1.20371,16200,0,0
2001-12-18,1.24444,1.35309,1.24444,1.28395,1.14221,6581,0,0
2001-12-19,1.35309,1.38667,1.22864,1.37284,1.22128,85050,0,0
2001-12-20,1.38074,1.38074,1.38074,1.38074,1.22831,2025,0,0
2001-12-21,1.25432,1.38469,1.23654,1.28395,1.14221,22781,0,0
2001-12-24,1.38074,1.38074,1.38074,1.38074,1.22831,12656,0,0
2001-12-26,1.24642,1.25432,1.24642,1.25432,1.11585,11644,0,0
2001-12-27,1.24642,1.38272,1.24642,1.38272,1.23007,48094,0,0
2001-12-28,1.24049,1.34321,1.24049,1.33333,1.18614,78469,0,0
2001-12-31,1.28395,1.38074,1.28395,1.38074,1.22831,22781,0,0
2002-01-02,1.38074,1.43012,1.28395,1.43012,1.27224,12150,0,0
2002-01-03,1.28988,1.43012,1.2879,1.43012,1.27224,13163,0,0
2002-01-04,1.37877,1.4242,1.37877,1.4242,1.26697,4556,0,0
2002-01-07,1.40049,1.42617,1.38272,1.42617,1.26873,7088,0,0
2002-01-08,1.42815,1.42815,1.42815,1.42815,1.27048,1013,0,0
2002-01-09,1.41235,1.41235,1.41235,1.41235,1.25643,44550,0,0
2002-01-10,1.44198,1.44395,1.4321,1.43605,1.27751,85050,0,0
2002-01-11,1.43803,1.43803,1.43803,1.43803,1.27927,7594,0,0
2002-01-14,1.4558,1.46765,1.4558,1.46765,1.30563,5063,0,0
2002-01-15,1.40049,1.49136,1.29383,1.48543,1.32144,68850,0,0
2002-01-16,1.38074,1.38074,1.38074,1.38074,1.22831,1013,0,0
2002-01-17,1.38074,1.40247,1.3116,1.38667,1.23358,134663,0,0
2002-01-18,1.38272,1.38272,1.38272,1.38272,1.23007,506,0,0
2002-01-22,1.40049,1.40049,1.39259,1.39259,1.23885,13163,0,0
2002-01-23,1.44988,1.48346,1.44988,1.48346,1.31969,16200,0,0
2002-01-24,1.4321,1.51111,1.4321,1.45975,1.2986,142256,0,0
2002-01-25,1.42222,1.52099,1.42222,1.42222,1.26521,48600,0,0
2002-01-28,1.48148,1.51901,1.48148,1.48543,1.32144,4556,0,0
2002-01-29,1.51901,1.51901,1.42222,1.51704,1.34956,114919,0,0
2002-01-30,1.49926,1.49926,1.49926,1.49926,1.33374,20250,0,0
2002-01-31,1.45383,1.48148,1.42815,1.48148,1.31793,60244,0,0
2002-02-01,1.48148,1.48148,1.48148,1.48148,1.31793,10125,0,0
2002-02-04,1.48148,1.48148,1.48148,1.48148,1.31793,0,0,0
2002-02-05,1.48148,1.48148,1.44198,1.44198,1.28278,21263,0,0
2002-02-06,1.38272,1.38272,1.33333,1.38272,1.23007,26325,0,0
2002-02-07,1.38272,1.38272,1.38272,1.38272,1.23007,506,0,0
2002-02-08,1.38272,1.38272,1.38272,1.38272,1.23007,1013,0,0
2002-02-11,1.35506,1.38272,1.35506,1.38272,1.23007,6075,0,0
2002-02-12,1.38272,1.44198,1.38272,1.44198,1.28278,5569,0,0
2002-02-13,1.44198,1.44198,1.44198,1.44198,1.28278,0,0,0
2002-02-14,1.44198,1.47753,1.38272,1.38272,1.23007,4050,0,0
2002-02-15,1.38272,1.44198,1.38272,1.40247,1.24764,28350,0,0
2002-02-19,1.38272,1.38272,1.38272,1.38272,1.23007,3038,0,0
2002-02-20,1.38272,1.38272,1.3037,1.38272,1.23007,95681,0,0
2002-02-21,1.38272,1.38469,1.38074,1.38272,1.23007,106819,0,0
2002-02-22,1.38272,1.38272,1.34123,1.38272,1.23007,92644,0,0
2002-02-25,1.33333,1.42222,1.33333,1.42222,1.26521,176681,0,0
2002-02-26,1.38272,1.41037,1.38272,1.41037,1.25467,83025,0,0
2002-02-27,1.41037,1.41235,1.41037,1.41235,1.25643,192375,0,0
2002-02-28,1.41235,1.41235,1.41037,1.41037,1.25467,248063,0,0
2002-03-01,1.41235,1.41432,1.33333,1.41037,1.25467,1115269,0,0
2002-03-04,1.41235,1.41235,1.39259,1.39259,1.23885,179213,0,0
2002-03-05,1.39259,1.40247,1.39259,1.40247,1.24764,285019,0,0
2002-03-06,1.40444,1.40444,1.38272,1.38272,1.23007,112894,0,0
2002-03-07,1.38272,1.42222,1.31951,1.40247,1.24764,45056,0,0
2002-03-08,1.42222,1.45975,1.42222,1.44395,1.28454,14681,0,0
2002-03-11,1.4479,1.4479,1.4479,1.4479,1.28806,14175,0,0
2002-03-12,1.4479,1.4479,1.4479,1.4479,1.28806,0,0,0
2002-03-13,1.4321,1.4321,1.42222,1.42222,1.26521,15188,0,0
2002-03-14,1.44395,1.44395,1.44395,1.44395,1.28454,506,0,0
2002-03-15,1.39259,1.44198,1.39259,1.39259,1.23885,66319,0,0
2002-03-18,1.39259,1.39259,1.39259,1.39259,1.23885,1013,0,0
2002-03-19,1.40247,1.40247,1.39259,1.39259,1.23885,10631,0,0
2002-03-20,1.39259,1.42222,1.39259,1.42222,1.26521,4556,0,0
2002-03-21,1.41235,1.41235,1.39259,1.39259,1.23885,8606,0,0
2002-03-22,1.39259,1.41827,1.39259,1.40247,1.24764,6581,0,0
2002-03-25,1.40247,1.40247,1.40247,1.40247,1.24764,18731,0,0
2002-03-26,1.40247,1.40247,1.40247,1.40247,1.24764,6075,0,0
2002-03-27,1.40247,1.42222,1.40247,1.42222,1.26521,5063,0,0
2002-03-28,1.40247,1.42222,1.40247,1.42222,1.26521,48094,0,0
2002-04-01,1.40247,1.48148,1.40247,1.48148,1.31793,30881,0,0
2002-04-02,1.50124,1.52889,1.49136,1.52889,1.3601,21769,0,0
2002-04-03,1.50321,1.53086,1.50321,1.50321,1.33726,7088,0,0
2002-04-04,1.52099,1.55062,1.51111,1.51111,1.34429,11644,0,0
2002-04-05,1.51111,1.51111,1.51111,1.51111,1.34429,16706,0,0
2002-04-08,1.51111,1.52099,1.51111,1.52099,1.35308,30375,0,0
2002-04-09,1.51111,1.56247,1.51111,1.52099,1.35308,43031,0,0
2002-04-10,1.52296,1.70469,1.52099,1.62568,1.44621,151369,0,0
2002-04-11,1.70864,1.70864,1.61975,1.61975,1.44094,41513,0,0
2002-04-12,1.61975,1.67901,1.61975,1.67901,1.49365,18225,0,0
2002-04-15,1.69679,1.69679,1.58222,1.62963,1.44972,117956,0,0
2002-04-16,1.66914,1.66914,1.63358,1.65531,1.47257,11644,0,0
2002-04-17,1.68296,1.70667,1.61975,1.65926,1.47608,63788,0,0
2002-04-18,1.63951,1.67901,1.63951,1.65926,1.47608,12150,0,0
2002-04-19,1.63951,1.69877,1.63951,1.64543,1.46378,10631,0,0
2002-04-22,1.64346,1.64346,1.63951,1.63951,1.45851,37463,0,0
2002-04-23,1.67901,1.69877,1.67704,1.69877,1.51123,37463,0,0
2002-04-24,1.70272,1.70864,1.63951,1.63951,1.45851,5569,0,0
2002-04-25,1.67901,1.72839,1.67901,1.72839,1.53758,10125,0,0
2002-04-26,1.69877,1.77778,1.69877,1.69877,1.51123,20250,0,0
2002-04-29,1.65333,1.74815,1.65333,1.65333,1.47081,12150,0,0
2002-04-30,1.65333,1.65333,1.65333,1.65333,1.47081,0,0,0
2002-05-01,1.71654,1.71654,1.71654,1.71654,1.52704,5063,0,0
2002-05-02,1.71654,1.71852,1.69086,1.71852,1.5288,14175,0,0
2002-05-03,1.72839,1.72839,1.72839,1.72839,1.53758,5063,0,0
2002-05-06,1.74222,1.74222,1.71852,1.71852,1.5288,5569,0,0
2002-05-07,1.73827,1.73827,1.66124,1.66124,1.47784,36450,0,0
2002-05-08,1.72839,1.74815,1.66914,1.66914,1.48487,3038,0,0
2002-05-09,1.66124,1.73827,1.66124,1.73827,1.54637,3544,0,0
2002-05-10,1.69877,1.74815,1.65926,1.71259,1.52353,16706,0,0
2002-05-13,1.7442,1.77185,1.7442,1.76,1.5657,18225,0,0
2002-05-14,1.77778,1.81531,1.77185,1.81531,1.6149,4556,0,0
2002-05-15,1.77778,1.83704,1.74222,1.80148,1.6026,27338,0,0
2002-05-16,1.84691,1.97531,1.83901,1.83901,1.63599,18731,0,0
2002-05-17,1.9358,1.9358,1.85679,1.86074,1.65532,91125,0,0
2002-05-20,1.95358,2.00494,1.8884,1.95556,1.73967,52144,0,0
2002-05-21,1.95358,2.01482,1.93185,1.96543,1.74845,222244,0,0
2002-05-22,1.96741,2.02667,1.96741,2.02667,1.80293,338681,0,0
2002-05-23,2.05432,2.17284,2.03852,2.12148,1.88728,67838,0,0
2002-05-24,2.07407,2.10765,2.01679,2.02469,1.80117,483469,0,0
2002-05-28,2.00691,2.07012,1.84889,2.07012,1.84159,498150,0,0
2002-05-29,2.09185,2.09383,1.96346,2.09383,1.86267,488531,0,0
2002-05-30,2.09383,2.09383,1.97728,2.0721,1.84335,10125,0,0
2002-05-31,2.03457,2.09185,2.01482,2.0484,1.82226,738113,0,0
2002-06-03,2.07407,2.07407,1.99506,1.99506,1.77481,34931,0,0
2002-06-04,1.96938,2.05432,1.96938,1.99506,1.77481,17719,0,0
2002-06-05,1.99506,2.02469,1.98518,2.02272,1.79941,51638,0,0
2002-06-06,2.02469,2.02469,2.00494,2.00494,1.7836,59738,0,0
2002-06-07,2.02667,2.02667,1.99506,1.99506,1.77481,5569,0,0
2002-06-10,1.98716,1.99506,1.98518,1.98518,1.76602,39488,0,0
2002-06-11,1.99309,1.99506,1.98716,1.99506,1.77481,39488,0,0
2002-06-12,2.01482,2.03062,1.99506,2.03062,1.80644,21263,0,0
2002-06-13,1.99506,2.10765,1.99506,2.10765,1.87498,13669,0,0
2002-06-14,2.06617,2.06617,1.97926,2.00099,1.78008,26831,0,0
2002-06-17,1.99704,2.10963,1.99506,2.10568,1.87322,38981,0,0
2002-06-18,2.17284,2.17284,2.04444,2.07407,1.8451,31388,0,0
2002-06-19,2.07407,2.08395,2.04642,2.0721,1.84335,16706,0,0
2002-06-20,1.96741,2.01877,1.96741,2.01877,1.7959,19744,0,0
2002-06-21,1.97728,1.99901,1.97728,1.99901,1.77833,19238,0,0
2002-06-24,1.99901,2.07407,1.96741,2.07407,1.8451,63788,0,0
2002-06-25,2.11753,2.16296,2.09975,2.10963,1.87673,20250,0,0
2002-06-26,2.07605,2.12346,2.07407,2.12346,1.88903,35438,0,0
2002-06-27,2.11753,2.11753,2.08,2.08,1.85037,3038,0,0
2002-06-28,2.11951,2.12346,2.08395,2.08395,1.85389,16706,0,0
2002-07-01,2.11358,2.16296,2.07605,2.09383,1.86267,70875,0,0
2002-07-02,2.09185,2.13728,2.07407,2.07407,1.8451,429806,0,0
2002-07-03,2.01877,2.09975,1.99506,2.07407,1.8451,90113,0,0
2002-07-05,2.07407,2.07407,2.05432,2.05432,1.82753,33919,0,0
2002-07-08,2.11951,2.11951,2.11951,2.11951,1.88552,1519,0,0
2002-07-09,2.09383,2.0958,2.07407,2.07407,1.8451,28350,0,0
2002-07-10,1.16346,1.28,1.16346,1.19506,1.06313,4556,0,0
2002-07-11,1.19506,1.21877,1.19506,1.21481,1.0807,19238,0,0
2002-07-12,1.21481,1.21481,1.21481,1.21481,1.0807,0,0,0
2002-07-15,1.18914,1.24444,1.18518,1.18716,1.0561,50625,0,0
2002-07-16,1.18518,1.18518,0.971852,1.02123,0.908493,71888,0,0
2002-07-17,1.08642,1.10617,1.01728,1.01728,0.904979,13163,0,0
2002-07-18,1.01728,1.01728,1.00741,1.01728,0.904979,109856,0,0
2002-07-19,1.00741,1.07062,0.928395,1.05086,0.934851,79481,0,0
2002-07-22,0.967901,1.00741,0.967901,1.00741,0.896192,60750,0,0
2002-07-23,0.997531,1.02716,0.888889,0.997531,0.887406,112894,0,0
2002-07-24,0.967901,0.967901,0.888889,0.948148,0.843475,26325,0,0
2002-07-25,0.948148,0.948148,0.873086,0.879012,0.781971,12656,0,0
2002-07-26,0.873086,0.873086,0.813827,0.813827,0.723982,16706,0,0
2002-07-29,0.89284,0.918519,0.89284,0.908642,0.80833,11644,0,0
2002-07-30,0.89284,0.967901,0.89284,0.967901,0.861047,8606,0,0
2002-07-31,0.967901,1.02716,0.869136,0.869136,0.773186,19744,0,0
2002-08-01,0.851358,0.851358,0.809877,0.82963,0.738041,8100,0,0
2002-08-02,0.857284,0.859259,0.724938,0.760494,0.676537,34931,0,0
2002-08-05,0.790123,0.790123,0.750617,0.750617,0.667751,6075,0,0
2002-08-06,0.790123,0.790123,0.764444,0.764444,0.680051,26325,0,0
2002-08-07,0.740741,0.790123,0.715062,0.77037,0.685323,12150,0,0
2002-08-08,0.750617,0.750617,0.750617,0.750617,0.667751,506,0,0
2002-08-09,0.70321,0.750617,0.70321,0.711111,0.632606,7088,0,0
2002-08-12,0.711111,0.711111,0.711111,0.711111,0.632606,2025,0,0
2002-08-13,0.701235,0.711111,0.691358,0.691358,0.615034,88594,0,0
2002-08-14,0.691358,0.691358,0.691358,0.691358,0.615034,0,0,0
2002-08-15,0.748642,0.748642,0.663704,0.691358,0.615034,65813,0,0
2002-08-16,0.689383,0.689383,0.689383,0.689383,0.613277,2531,0,0
2002-08-19,0.689383,0.689383,0.689383,0.689383,0.613277,0,0,0
2002-08-20,0.671605,0.671605,0.604444,0.661728,0.588675,38475,0,0
2002-08-21,0.663704,0.691358,0.604444,0.661728,0.588675,68850,0,0
2002-08-22,0.689383,0.780247,0.689383,0.689383,0.613277,26831,0,0
2002-08-23,0.711111,0.748642,0.691358,0.730864,0.650178,62775,0,0
2002-08-26,0.730864,0.740741,0.711111,0.730864,0.650178,38475,0,0
2002-08-27,0.730864,0.730864,0.711111,0.730864,0.650178,59231,0,0
2002-08-28,0.730864,0.730864,0.730864,0.730864,0.650178,24806,0,0
2002-08-29,0.720988,0.720988,0.720988,0.720988,0.641393,2025,0,0
2002-08-30,0.748642,0.790123,0.720988,0.740741,0.658965,19238,0,0
2002-09-03,0.738765,0.760494,0.720988,0.750617,0.667751,9113,0,0
2002-09-04,0.778272,0.778272,0.778272,0.778272,0.692353,2025,0,0
2002-09-05,0.720988,0.750617,0.720988,0.740741,0.658965,24300,0,0
2002-09-06,0.740741,0.740741,0.740741,0.740741,0.658965,0,0,0
2002-09-09,0.780247,0.790123,0.701235,0.70321,0.625577,28856,0,0
2002-09-10,0.73284,0.760494,0.73284,0.760494,0.676537,5569,0,0
2002-09-11,0.792099,0.792099,0.792099,0.792099,0.704653,3038,0,0
2002-09-12,0.798025,0.859259,0.790123,0.859259,0.764399,41513,0,0
2002-09-13,0.752593,0.83358,0.752593,0.83358,0.741555,13669,0,0
2002-09-16,0.8,0.8,0.8,0.8,0.711682,1519,0,0
2002-09-17,0.790123,0.790123,0.774321,0.774321,0.688838,171619,0,0
2002-09-18,0.790123,0.790123,0.711111,0.76642,0.681809,73913,0,0
2002-09-19,0.790123,0.790123,0.790123,0.790123,0.702895,20756,0,0
2002-09-20,0.746667,0.746667,0.746667,0.746667,0.664237,506,0,0
2002-09-23,0.76642,0.819753,0.76642,0.819753,0.729254,5569,0,0
2002-09-24,0.774321,0.774321,0.774321,0.774321,0.688838,8100,0,0
2002-09-25,0.774321,0.774321,0.774321,0.774321,0.688838,0,0,0
2002-09-26,0.774321,0.774321,0.774321,0.774321,0.688838,0,0,0
2002-09-27,0.790123,0.819753,0.780247,0.819753,0.729254,13669,0,0
2002-09-30,0.809877,0.819753,0.790123,0.819753,0.729254,45056,0,0
2002-10-01,0.790123,0.827654,0.790123,0.827654,0.736283,4556,0,0
2002-10-02,0.827654,0.827654,0.827654,0.827654,0.736283,0,0,0
2002-10-03,0.788148,0.827654,0.788148,0.825679,0.734526,17719,0,0
2002-10-04,0.825679,0.825679,0.825679,0.825679,0.734526,0,0,0
2002-10-07,0.792099,0.792099,0.790123,0.790123,0.702895,16200,0,0
2002-10-08,0.760494,0.760494,0.746667,0.746667,0.664237,2531,0,0
2002-10-09,0.792099,0.792099,0.750617,0.750617,0.667751,34425,0,0
2002-10-10,0.750617,0.750617,0.750617,0.750617,0.667751,0,0,0
2002-10-11,0.762469,0.762469,0.760494,0.760494,0.676537,3038,0,0
2002-10-14,0.750617,0.780247,0.750617,0.780247,0.69411,6075,0,0
2002-10-15,0.780247,0.780247,0.780247,0.780247,0.69411,2531,0,0
2002-10-16,0.8,0.849383,0.8,0.849383,0.755613,31388,0,0
2002-10-17,0.784198,0.888889,0.784198,0.837531,0.74507,67838,0,0
2002-10-18,0.790123,0.792099,0.790123,0.792099,0.704653,48094,0,0
2002-10-21,0.782222,0.784198,0.780247,0.784198,0.697625,5063,0,0
2002-10-22,0.807901,0.807901,0.790123,0.790123,0.702895,502706,0,0
2002-10-23,0.77037,0.790123,0.750617,0.764444,0.680051,306281,0,0
2002-10-24,0.77037,0.790123,0.77037,0.786173,0.699381,207563,0,0
2002-10-25,0.774321,0.819753,0.760494,0.819753,0.729254,193388,0,0
2002-10-28,0.780247,0.819753,0.780247,0.815802,0.725739,459169,0,0
2002-10-29,0.815802,0.815802,0.8,0.8,0.711682,155419,0,0
2002-10-30,0.8,0.8,0.8,0.8,0.711682,22781,0,0
2002-10-31,0.809877,0.839506,0.798025,0.839506,0.746827,249581,0,0
2002-11-01,0.839506,0.839506,0.839506,0.839506,0.746827,0,0,0
2002-11-04,0.839506,0.839506,0.839506,0.839506,0.746827,0,0,0
2002-11-05,0.807901,0.807901,0.790123,0.8,0.711682,89100,0,0
2002-11-06,0.8,0.8,0.8,0.8,0.711682,15694,0,0
2002-11-07,0.8,0.801975,0.8,0.801975,0.713439,10631,0,0
2002-11-08,0.801975,0.801975,0.801975,0.801975,0.713439,0,0,0
2002-11-11,0.796049,0.796049,0.796049,0.796049,0.708167,1013,0,0
2002-11-12,0.809877,0.839506,0.8,0.813827,0.723982,17213,0,0
2002-11-13,0.817778,0.817778,0.8,0.811852,0.722226,127575,0,0
2002-11-14,0.809877,0.839506,0.8,0.8,0.711682,42019,0,0
2002-11-15,0.8,0.8,0.8,0.8,0.711682,13163,0,0
2002-11-18,0.8,0.8,0.8,0.8,0.711682,11644,0,0
2002-11-19,0.801975,0.803951,0.8,0.801975,0.713439,36956,0,0
2002-11-20,0.803951,0.803951,0.8,0.8,0.711682,42019,0,0
2002-11-21,0.801975,0.801975,0.8,0.8,0.711682,38475,0,0
2002-11-22,0.827654,0.839506,0.827654,0.82963,0.738041,7594,0,0
2002-11-25,0.813827,0.83358,0.807901,0.83358,0.741555,10631,0,0
2002-11-26,0.807901,0.807901,0.8,0.803951,0.715197,10125,0,0
2002-11-27,0.8,0.8,0.790123,0.794074,0.70641,21769,0,0
2002-11-29,0.8,0.8,0.8,0.8,0.711682,4556,0,0
2002-12-02,0.8,0.8,0.8,0.8,0.711682,13163,0,0
2002-12-03,0.839506,0.849383,0.8,0.827654,0.736283,37969,0,0
2002-12-04,0.843457,0.849383,0.821728,0.821728,0.731011,14681,0,0
2002-12-05,0.801975,0.801975,0.8,0.8,0.711682,6581,0,0
2002-12-06,0.8,0.817778,0.8,0.8,0.711682,63281,0,0
2002-12-09,0.827654,0.827654,0.8,0.8,0.711682,1013,0,0
2002-12-10,0.803951,0.803951,0.803951,0.803951,0.715197,6581,0,0
2002-12-11,0.8,0.807901,0.776296,0.8,0.711682,50625,0,0
2002-12-12,0.8,0.8,0.8,0.8,0.711682,0,0,0
2002-12-13,0.786173,0.809877,0.780247,0.780247,0.69411,19744,0,0
2002-12-16,0.758519,0.8,0.758519,0.8,0.711682,2025,0,0
2002-12-17,0.778272,0.780247,0.756543,0.756543,0.673023,3544,0,0
2002-12-18,0.774321,0.8,0.752593,0.8,0.711682,12656,0,0
2002-12-19,0.8,0.807901,0.8,0.807901,0.718711,3038,0,0
2002-12-20,0.772346,0.772346,0.772346,0.772346,0.687081,1013,0,0
2002-12-23,0.740741,0.752593,0.740741,0.752593,0.669509,1519,0,0
2002-12-24,0.752593,0.752593,0.752593,0.752593,0.669509,0,0,0
2002-12-26,0.752593,0.752593,0.752593,0.752593,0.669509,0,0,0
2002-12-27,0.760494,0.760494,0.752593,0.752593,0.669509,11138,0,0
2002-12-30,0.73284,0.768395,0.697284,0.760494,0.676537,12150,0,0
2002-12-31,0.681481,0.788148,0.681481,0.720988,0.641393,48094,0,0
2003-01-02,0.691358,0.691358,0.651852,0.685432,0.609762,7594,0,0
2003-01-03,0.740741,0.740741,0.719012,0.719012,0.639635,2025,0,0
2003-01-06,0.719012,0.719012,0.695309,0.695309,0.618549,64294,0,0
2003-01-07,0.711111,0.711111,0.695309,0.695309,0.618549,107325,0,0
2003-01-08,0.695309,0.695309,0.691358,0.691358,0.615034,22275,0,0
2003-01-09,0.691358,0.691358,0.691358,0.691358,0.615034,0,0,0
2003-01-10,0.691358,0.691358,0.691358,0.691358,0.615034,0,0,0
2003-01-13,0.699259,0.699259,0.699259,0.699259,0.622063,3544,0,0
2003-01-14,0.701235,0.711111,0.701235,0.711111,0.632606,36956,0,0
2003-01-15,0.711111,0.711111,0.695309,0.711111,0.632606,48600,0,0
2003-01-16,0.675556,0.695309,0.675556,0.695309,0.618549,2025,0,0
2003-01-17,0.695309,0.695309,0.695309,0.695309,0.618549,0,0,0
2003-01-21,0.695309,0.695309,0.695309,0.695309,0.618549,0,0,0
2003-01-22,0.699259,0.699259,0.695309,0.695309,0.618549,5569,0,0
2003-01-23,0.699259,0.699259,0.695309,0.695309,0.618549,4050,0,0
2003-01-24,0.705185,0.705185,0.70321,0.705185,0.627334,2025,0,0
2003-01-27,0.709136,0.719012,0.701235,0.70716,0.629091,88594,0,0
2003-01-28,0.695309,0.709136,0.695309,0.709136,0.630849,56700,0,0
2003-01-29,0.709136,0.709136,0.695309,0.695309,0.618549,4050,0,0
2003-01-30,0.679506,0.728889,0.671605,0.728889,0.648421,13163,0,0
2003-01-31,0.724938,0.790123,0.724938,0.750617,0.667751,11644,0,0
2003-02-03,0.750617,0.750617,0.750617,0.750617,0.667751,0,0,0
2003-02-04,0.786173,0.786173,0.720988,0.720988,0.641393,17719,0,0
2003-02-05,0.67358,0.728889,0.67358,0.693333,0.616791,18731,0,0
2003-02-06,0.701235,0.701235,0.701235,0.701235,0.62382,506,0,0
2003-02-07,0.701235,0.701235,0.701235,0.701235,0.62382,0,0,0
2003-02-10,0.701235,0.701235,0.701235,0.701235,0.62382,0,0,0
2003-02-11,0.734815,0.734815,0.730864,0.730864,0.650178,5063,0,0
2003-02-12,0.730864,0.730864,0.730864,0.730864,0.650178,5569,0,0
2003-02-13,0.730864,0.730864,0.730864,0.730864,0.650178,0,0,0
2003-02-14,0.768395,0.768395,0.768395,0.768395,0.683566,1519,0,0
2003-02-18,0.730864,0.734815,0.70716,0.720988,0.641393,11138,0,0
2003-02-19,0.720988,0.720988,0.720988,0.720988,0.641393,0,0,0
2003-02-20,0.720988,0.720988,0.720988,0.720988,0.641393,21263,0,0
2003-02-21,0.715062,0.715062,0.715062,0.715062,0.636121,506,0,0
2003-02-24,0.715062,0.715062,0.715062,0.715062,0.636121,0,0,0
2003-02-25,0.715062,0.715062,0.715062,0.715062,0.636121,0,0,0
2003-02-26,0.715062,0.715062,0.715062,0.715062,0.636121,0,0,0
2003-02-27,0.715062,0.715062,0.715062,0.715062,0.636121,0,0,0
2003-02-28,0.715062,0.715062,0.715062,0.715062,0.636121,1013,0,0
2003-03-03,0.715062,0.715062,0.715062,0.715062,0.636121,0,0,0
2003-03-04,0.728889,0.73284,0.726914,0.73284,0.651936,13163,0,0
2003-03-05,0.734815,0.748642,0.734815,0.748642,0.665994,11644,0,0
2003-03-06,0.750617,0.750617,0.750617,0.750617,0.667751,36450,0,0
2003-03-07,0.73679,0.73679,0.73679,0.73679,0.655451,1013,0,0
2003-03-10,0.738765,0.738765,0.738765,0.738765,0.657207,1013,0,0
2003-03-11,0.738765,0.738765,0.738765,0.738765,0.657207,0,0,0
2003-03-12,0.738765,0.740741,0.738765,0.738765,0.657207,4556,0,0
2003-03-13,0.738765,0.738765,0.738765,0.738765,0.657207,0,0,0
2003-03-14,0.738765,0.738765,0.738765,0.738765,0.657207,0,0,0
2003-03-17,0.762469,0.762469,0.762469,0.762469,0.678294,3544,0,0
2003-03-18,0.780247,0.780247,0.760494,0.760494,0.676537,13163,0,0
2003-03-19,0.752593,0.760494,0.734815,0.734815,0.653693,16706,0,0
2003-03-20,0.734815,0.760494,0.734815,0.73679,0.655451,8606,0,0
2003-03-21,0.734815,0.734815,0.734815,0.734815,0.653693,27338,0,0
2003-03-24,0.734815,0.734815,0.734815,0.734815,0.653693,1519,0,0
2003-03-25,0.73679,0.73679,0.73679,0.73679,0.655451,1013,0,0
2003-03-26,0.734815,0.734815,0.734815,0.734815,0.653693,506,0,0
2003-03-27,0.734815,0.734815,0.734815,0.734815,0.653693,0,0,0
2003-03-28,0.760494,0.760494,0.73679,0.73679,0.655451,4556,0,0
2003-03-31,0.73679,0.73679,0.734815,0.734815,0.653693,13669,0,0
2003-04-01,0.734815,0.760494,0.734815,0.760494,0.676537,6075,0,0
2003-04-02,0.768395,0.796049,0.768395,0.796049,0.708167,7088,0,0
2003-04-03,0.837531,0.837531,0.813827,0.813827,0.723982,17213,0,0
2003-04-04,0.803951,0.803951,0.803951,0.803951,0.715197,506,0,0
2003-04-07,0.803951,0.803951,0.803951,0.803951,0.715197,0,0,0
2003-04-08,0.835556,0.861235,0.813827,0.82963,0.738041,10125,0,0
2003-04-09,0.821728,0.821728,0.821728,0.821728,0.731011,506,0,0
2003-04-10,0.821728,0.821728,0.821728,0.821728,0.731011,0,0,0
2003-04-11,0.819753,0.819753,0.819753,0.819753,0.729254,3038,0,0
2003-04-14,0.819753,0.819753,0.819753,0.819753,0.729254,0,0,0
2003-04-15,0.819753,0.819753,0.819753,0.819753,0.729254,0,0,0
2003-04-16,0.819753,0.819753,0.819753,0.819753,0.729254,0,0,0
2003-04-17,0.819753,0.819753,0.819753,0.819753,0.729254,0,0,0
2003-04-21,0.819753,0.819753,0.819753,0.819753,0.729254,0,0,0
2003-04-22,0.821728,0.821728,0.801975,0.801975,0.713439,9619,0,0
2003-04-23,0.801975,0.801975,0.801975,0.801975,0.713439,0,0,0
2003-04-24,0.803951,0.811852,0.803951,0.803951,0.715197,6075,0,0
2003-04-25,0.788148,0.8,0.746667,0.8,0.711682,17719,0,0
2003-04-28,0.794074,0.794074,0.782222,0.794074,0.70641,13669,0,0
2003-04-29,0.784198,0.815802,0.784198,0.815802,0.725739,21263,0,0
2003-04-30,0.784198,0.8,0.784198,0.8,0.711682,4556,0,0
2003-05-01,0.8,0.8,0.8,0.8,0.711682,0,0,0
2003-05-02,0.817778,1.12593,0.817778,0.971852,0.864562,210094,0,0
2003-05-05,1.01531,1.01531,0.815802,0.946173,0.841718,102263,0,0
2003-05-06,0.877037,0.999506,0.877037,0.948148,0.843475,94669,0,0
2003-05-07,0.948148,0.975802,0.944198,0.958025,0.852261,19238,0,0
2003-05-08,0.985679,0.985679,0.86321,0.86321,0.767914,23794,0,0
2003-05-09,0.861235,0.869136,0.790123,0.819753,0.729254,44044,0,0
2003-05-12,0.865185,0.908642,0.865185,0.86716,0.771428,37463,0,0
2003-05-13,0.845432,0.890864,0.823704,0.859259,0.764399,367538,0,0
2003-05-14,0.855309,0.859259,0.855309,0.859259,0.764399,1519,0,0
2003-05-15,0.879012,0.879012,0.859259,0.859259,0.764399,5569,0,0
2003-05-16,0.859259,0.859259,0.859259,0.859259,0.764399,0,0,0
2003-05-19,0.849383,0.888889,0.849383,0.869136,0.773186,16706,0,0
2003-05-20,0.869136,0.879012,0.869136,0.879012,0.781971,45563,0,0
2003-05-21,0.888889,0.888889,0.879012,0.879012,0.781971,51638,0,0
2003-05-22,0.879012,0.879012,0.879012,0.879012,0.781971,12656,0,0
2003-05-23,0.857284,0.879012,0.849383,0.879012,0.781971,26831,0,0
2003-05-27,0.888889,0.888889,0.888889,0.888889,0.790758,506,0,0
2003-05-28,0.879012,0.89284,0.879012,0.879012,0.781971,34931,0,0
2003-05-29,0.882963,0.888889,0.86321,0.888889,0.790758,5569,0,0
2003-05-30,0.853333,0.946173,0.853333,0.946173,0.841718,23794,0,0
2003-06-02,0.912593,0.936296,0.890864,0.936296,0.832931,35944,0,0
2003-06-03,0.922469,0.932346,0.906667,0.932346,0.829417,1519,0,0
2003-06-04,0.92642,0.928395,0.888889,0.922469,0.820631,32906,0,0
2003-06-05,0.912593,0.912593,0.912593,0.912593,0.811845,19238,0,0
2003-06-06,0.918519,0.942222,0.918519,0.942222,0.838203,30375,0,0
2003-06-09,0.946173,0.946173,0.944198,0.944198,0.839961,6581,0,0
2003-06-10,0.944198,0.944198,0.944198,0.944198,0.839961,0,0,0
2003-06-11,0.948148,0.958025,0.928395,0.928395,0.825902,18225,0,0
2003-06-12,0.928395,0.932346,0.928395,0.932346,0.829417,14681,0,0
2003-06-13,0.928395,0.928395,0.928395,0.928395,0.825902,506,0,0
2003-06-16,0.928395,0.928395,0.928395,0.928395,0.825902,15694,0,0
2003-06-17,0.928395,0.928395,0.928395,0.928395,0.825902,0,0,0
2003-06-18,0.928395,0.928395,0.928395,0.928395,0.825902,86063,0,0
2003-06-19,0.934321,0.934321,0.928395,0.928395,0.825902,15694,0,0
2003-06-20,0.934321,0.938272,0.928395,0.928395,0.825902,134156,0,0
2003-06-23,0.932346,0.932346,0.898765,0.908642,0.80833,62269,0,0
2003-06-24,0.888889,0.912593,0.888889,0.912593,0.811845,51638,0,0
2003-06-25,0.904691,0.906667,0.904691,0.904691,0.804815,7594,0,0
2003-06-26,0.900741,0.906667,0.900741,0.904691,0.804815,13163,0,0
2003-06-27,0.904691,0.908642,0.904691,0.908642,0.80833,7088,0,0
2003-06-30,0.908642,0.952099,0.908642,0.952099,0.84699,23794,0,0
2003-07-01,0.950123,0.997531,0.950123,0.997531,0.887406,6075,0,0
2003-07-02,0.997531,0.997531,0.981728,0.981728,0.873348,7088,0,0
2003-07-03,0.981728,0.981728,0.981728,0.981728,0.873348,0,0,0
2003-07-07,0.973827,0.975802,0.973827,0.975802,0.868076,4050,0,0
2003-07-08,0.997531,1.03111,0.995556,1.03111,0.917279,23288,0,0
2003-07-09,1.00148,1.00938,0.971852,0.997531,0.887406,67838,0,0
2003-07-10,1.01333,1.01531,0.987654,0.997531,0.887406,68850,0,0
2003-07-11,1.00148,1.02321,0.999506,1.01926,0.906735,22275,0,0
2003-07-14,1.02716,1.03506,1.02716,1.02716,0.913764,25313,0,0
2003-07-15,0.999506,1.01531,0.999506,0.999506,0.889163,7088,0,0
2003-07-16,1.01333,1.03506,1.01333,1.03309,0.919036,228825,0,0
2003-07-17,1.00741,1.05679,1.00741,1.05679,0.940123,13669,0,0
2003-07-18,1.04691,1.06469,1.01926,1.06469,0.947152,7088,0,0
2003-07-21,1.06469,1.08444,1.03704,1.07852,0.959453,7088,0,0
2003-07-22,1.07852,1.07852,1.07852,1.07852,0.959453,0,0,0
2003-07-23,1.08444,1.1437,1.06074,1.11012,0.987568,23794,0,0
2003-07-24,1.15358,1.15358,1.11012,1.11012,0.987568,7088,0,0
2003-07-25,1.1516,1.3037,1.1516,1.25432,1.11585,36450,0,0
2003-07-28,1.25037,1.33333,1.25037,1.31358,1.16856,33919,0,0
2003-07-29,1.33136,1.33333,1.28198,1.3116,1.16681,18225,0,0
2003-07-30,1.2642,1.28395,1.2563,1.2563,1.1176,10125,0,0
2003-07-31,1.2563,1.28,1.22469,1.22469,1.08949,38981,0,0
2003-08-01,1.22667,1.22667,1.22469,1.22469,1.08949,3544,0,0
2003-08-04,1.21284,1.21679,0.975802,1.12593,1.00163,50119,0,0
2003-08-05,1.12593,1.17136,1.08642,1.09037,0.969996,22781,0,0
2003-08-06,1.09037,1.13383,1.08642,1.09827,0.977025,15188,0,0
2003-08-07,1.0963,1.17531,1.0963,1.12395,0.99987,33413,0,0
2003-08-08,1.13185,1.17333,1.10815,1.17333,1.0438,8606,0,0
2003-08-11,1.13778,1.16148,1.13383,1.16148,1.03326,16706,0,0
2003-08-12,1.13778,1.13778,1.1358,1.13778,1.01217,7088,0,0
2003-08-13,1.14568,1.14568,1.1358,1.1358,1.01041,5569,0,0
2003-08-14,1.14568,1.15556,1.14568,1.15556,1.02798,2531,0,0
2003-08-15,1.1358,1.15753,1.1358,1.15753,1.02974,2025,0,0
2003-08-18,1.15753,1.15753,1.15753,1.15753,1.02974,0,0,0
2003-08-19,1.1358,1.15556,1.1358,1.1358,1.01041,9113,0,0
2003-08-20,1.14963,1.14963,1.14173,1.14173,1.01568,3544,0,0
2003-08-21,1.15358,1.17333,1.15358,1.17333,1.0438,19238,0,0
2003-08-22,1.17531,1.17531,1.13778,1.17333,1.0438,4050,0,0
2003-08-25,1.1358,1.15556,1.1358,1.15358,1.02623,22275,0,0
2003-08-26,1.14173,1.16346,1.14173,1.14568,1.0192,58725,0,0
2003-08-27,1.1358,1.15556,1.1358,1.15556,1.02798,38475,0,0
2003-08-28,1.14963,1.18518,1.1358,1.18518,1.05434,100238,0,0
2003-08-29,1.18518,1.21679,1.17531,1.21679,1.08246,36450,0,0
2003-09-02,1.20691,1.23457,1.20691,1.22864,1.093,66319,0,0
2003-09-03,1.22272,1.22272,1.22272,1.22272,1.08773,1013,0,0
2003-09-04,1.21679,1.23259,1.21679,1.23259,1.09652,9619,0,0
2003-09-05,1.23259,1.23259,1.21877,1.21877,1.08422,11644,0,0
2003-09-08,1.19506,1.21679,1.17531,1.20494,1.07192,204525,0,0
2003-09-09,1.19704,1.21481,1.19704,1.21284,1.07895,9113,0,0
2003-09-10,1.21481,1.23457,1.21481,1.23457,1.09827,14681,0,0
2003-09-11,1.22864,1.24247,1.22469,1.23654,1.10003,59738,0,0
2003-09-12,1.23457,1.2563,1.21086,1.23852,1.10179,18225,0,0
2003-09-15,1.23852,1.23852,1.23852,1.23852,1.10179,0,0,0
2003-09-16,1.23852,1.35111,1.21481,1.28395,1.14221,165544,0,0
2003-09-17,1.36099,1.36099,1.24642,1.27012,1.1299,78469,0,0
2003-09-18,1.28,1.30963,1.27012,1.28593,1.14396,286538,0,0
2003-09-19,1.34716,1.34716,1.32741,1.32741,1.18087,4050,0,0
2003-09-22,1.31358,1.32148,1.2879,1.30568,1.16153,67331,0,0
2003-09-23,1.30568,1.30568,1.2721,1.2721,1.13166,16706,0,0
2003-09-24,1.27407,1.27407,1.27407,1.27407,1.13342,1519,0,0
2003-09-25,1.28395,1.33728,1.28395,1.33531,1.18789,73913,0,0
2003-09-26,1.31358,1.33136,1.27802,1.30173,1.15802,9619,0,0
2003-09-29,1.32148,1.32148,1.32148,1.32148,1.17559,506,0,0
2003-09-30,1.32148,1.32346,1.30765,1.32346,1.17735,35438,0,0
2003-10-01,1.33728,1.35111,1.32938,1.35111,1.20195,53156,0,0
2003-10-02,1.33333,1.34321,1.3116,1.33333,1.18614,15694,0,0
2003-10-03,1.33926,1.34321,1.33926,1.34321,1.19492,3544,0,0
2003-10-06,1.33531,1.33531,1.33531,1.33531,1.18789,1013,0,0
2003-10-07,1.32938,1.34321,1.32741,1.34321,1.19492,5569,0,0
2003-10-08,1.31753,1.34321,1.31753,1.34321,1.19492,59738,0,0
2003-10-09,1.31358,1.36099,1.31358,1.36099,1.21074,29869,0,0
2003-10-10,1.32346,1.36296,1.32346,1.36296,1.2125,4556,0,0
2003-10-13,1.34519,1.42617,1.34321,1.42617,1.26873,22275,0,0
2003-10-14,1.37877,1.52494,1.37877,1.52494,1.35659,15188,0,0
2003-10-15,1.4163,1.57037,1.4163,1.56444,1.39173,65306,0,0
2003-10-16,1.58815,1.58815,1.47358,1.58025,1.40579,3544,0,0
2003-10-17,1.42617,1.58025,1.42617,1.58025,1.40579,92138,0,0
2003-10-20,1.48938,1.58025,1.48741,1.57827,1.40403,4050,0,0
2003-10-21,1.48741,1.57827,1.46765,1.57827,1.40403,7594,0,0
2003-10-22,1.48148,1.62765,1.48148,1.62765,1.44796,43538,0,0
2003-10-23,1.63951,1.63951,1.52691,1.62765,1.44796,4050,0,0
2003-10-24,1.55259,1.79358,1.48148,1.70667,1.51825,44044,0,0
2003-10-27,1.73037,1.74617,1.65531,1.72444,1.53407,48600,0,0
2003-10-28,1.73235,1.73827,1.65531,1.72839,1.53758,30375,0,0
2003-10-29,1.72839,1.72839,1.72839,1.72839,1.53758,0,0,0
2003-10-30,1.73827,1.7679,1.73827,1.7679,1.57273,10631,0,0
2003-10-31,1.73827,1.77778,1.73432,1.77778,1.58152,38981,0,0
2003-11-03,1.77778,2.12148,1.7679,2.00691,1.78536,93656,0,0
2003-11-04,1.88247,1.97333,1.88247,1.92593,1.71331,18225,0,0
2003-11-05,1.86864,1.87654,1.82123,1.82123,1.62017,54169,0,0
2003-11-06,1.82519,1.86469,1.57037,1.70667,1.51825,47588,0,0
2003-11-07,1.65728,1.77778,1.65531,1.77778,1.58152,37969,0,0
2003-11-10,1.75802,1.81926,1.72839,1.77778,1.58152,13163,0,0
2003-11-11,1.73037,1.77778,1.72839,1.73827,1.54637,38475,0,0
2003-11-12,1.71852,1.72839,1.71852,1.72839,1.53758,17213,0,0
2003-11-13,1.71852,1.72839,1.64346,1.72444,1.53407,57206,0,0
2003-11-14,1.65926,1.71852,1.65926,1.71852,1.5288,52144,0,0
2003-11-17,1.63753,1.70667,1.55852,1.61975,1.44094,24300,0,0
2003-11-18,1.57235,1.61383,1.56049,1.56444,1.39173,17213,0,0
2003-11-19,1.55852,1.56049,1.46173,1.56049,1.38822,9113,0,0
2003-11-20,1.55457,1.61185,1.55457,1.60988,1.43215,4050,0,0
2003-11-21,1.55259,1.56049,1.50914,1.56049,1.38822,1519,0,0
2003-11-24,1.57037,1.57037,1.53086,1.53086,1.36186,5569,0,0
2003-11-25,1.49333,1.57037,1.46173,1.56642,1.39349,14175,0,0
2003-11-26,1.50914,1.61975,1.50914,1.61778,1.43918,18225,0,0
2003-11-28,1.6158,1.6158,1.6158,1.6158,1.43742,3038,0,0
2003-12-01,1.6,1.61185,1.59012,1.59012,1.41458,15694,0,0
2003-12-02,1.53876,1.61975,1.53876,1.61975,1.44094,17719,0,0
2003-12-03,1.58617,1.61975,1.56642,1.61975,1.44094,11138,0,0
2003-12-04,1.59012,1.59012,1.59012,1.59012,1.41458,1519,0,0
2003-12-05,1.58222,1.61778,1.58025,1.61778,1.43918,3544,0,0
2003-12-08,1.61778,1.68296,1.6,1.67901,1.49365,39994,0,0
2003-12-09,1.69086,1.7758,1.69086,1.71852,1.5288,11138,0,0
2003-12-10,1.7758,1.7758,1.72839,1.7758,1.57976,4050,0,0
2003-12-11,1.7521,1.82519,1.74815,1.82519,1.62369,41513,0,0
2003-12-12,1.83111,1.9042,1.83111,1.9042,1.69398,22275,0,0
2003-12-15,1.86667,1.9279,1.67111,1.8963,1.68695,35944,0,0
2003-12-16,1.84099,1.8963,1.84099,1.8963,1.68695,15188,0,0
2003-12-17,1.8963,1.95161,1.88642,1.94963,1.7344,18225,0,0
2003-12-18,1.82519,1.93778,1.82519,1.90617,1.69574,20250,0,0
2003-12-19,1.86864,1.99704,1.77778,1.9358,1.72209,1488881,0,0
2003-12-22,1.90617,1.96148,1.90617,1.96148,1.74494,1519,0,0
2003-12-23,1.92593,1.9358,1.83704,1.92197,1.70979,35438,0,0
2003-12-24,1.92197,1.92197,1.92197,1.92197,1.70979,0,0,0
2003-12-26,1.92197,1.92197,1.92197,1.92197,1.70979,0,0,0
2003-12-29,1.92,1.9358,1.90815,1.9358,1.72209,67838,0,0
2003-12-30,1.93383,1.97531,1.85679,1.96938,1.75197,11644,0,0
2003-12-31,1.98321,1.99506,1.98321,1.99506,1.77481,18731,0,0
2004-01-02,1.91012,2.00494,1.91012,1.96346,1.7467,54169,0,0
2004-01-05,1.91605,1.96543,1.7916,1.92197,1.70979,37969,0,0
2004-01-06,1.89235,2.00296,1.88642,1.97531,1.75724,103781,0,0
2004-01-07,1.99506,2.01877,1.97531,2.01086,1.78887,123525,0,0
2004-01-08,1.95951,2.00889,1.78963,2.00296,1.78184,118969,0,0
2004-01-09,1.95556,1.99309,1.95556,1.99111,1.7713,64294,0,0
2004-01-12,1.99506,2.02272,1.96543,1.99901,1.77833,125044,0,0
2004-01-13,1.97926,2.01284,1.97926,1.98518,1.76602,7594,0,0
2004-01-14,1.97728,2.00889,1.94568,1.98518,1.76602,48600,0,0
2004-01-15,1.9437,1.99309,1.9437,1.99111,1.7713,22781,0,0
2004-01-16,1.99111,2.00494,1.97531,1.99506,1.77481,31388,0,0
2004-01-20,1.99506,2.03457,1.96543,2.03457,1.80996,67838,0,0
2004-01-21,2.03259,2.09383,2.01086,2.09383,1.86267,91125,0,0
2004-01-22,2.04642,2.11556,2.01482,2.06025,1.8328,16706,0,0
2004-01-23,2.05432,2.13926,2.04642,2.0721,1.84335,107325,0,0
2004-01-26,2.07802,2.16296,2.00889,2.07407,1.8451,33919,0,0
2004-01-27,2.08,2.18864,2.08,2.12346,1.88903,15188,0,0
2004-01-28,2.04642,2.16099,2.04642,2.11358,1.88025,118969,0,0
2004-01-29,2.1116,2.1116,1.91803,2.0484,1.82226,38475,0,0
2004-01-30,2.1037,2.15901,2.05827,2.14716,1.91012,9619,0,0
2004-02-02,2.0879,2.14914,1.99901,2.0879,1.8574,135169,0,0
2004-02-03,2.02469,2.06222,2.02469,2.04444,1.81874,101756,0,0
2004-02-04,2.03062,2.07407,2.00494,2.07407,1.8451,21263,0,0
2004-02-05,2.02469,2.09778,2.00691,2.07407,1.8451,21263,0,0
2004-02-06,2.00691,2.12148,2.00691,2.1037,1.87146,57713,0,0
2004-02-09,2.00099,2.23012,2.00099,2.20049,1.95756,228319,0,0
2004-02-10,2.17679,2.24,2.11951,2.19259,1.95054,78975,0,0
2004-02-11,2.13926,2.33086,2.13926,2.30124,2.04718,97706,0,0
2004-02-12,2.30124,2.33086,2.24,2.32099,2.06476,46575,0,0
2004-02-13,2.31309,2.32296,2.15704,2.30914,2.05421,118463,0,0
2004-02-17,2.31704,2.37037,2.31111,2.3684,2.10693,157950,0,0
2004-02-18,2.36049,2.3921,2.36049,2.3921,2.12802,53663,0,0
2004-02-19,2.35852,2.42963,2.2163,2.39803,2.13329,374119,0,0
2004-02-20,2.37235,2.38222,2.25383,2.38222,2.11923,16200,0,0
2004-02-23,2.12741,2.38025,2.12741,2.35457,2.09463,15188,0,0
2004-02-24,2.35654,2.35654,2.33086,2.33086,2.07354,95175,0,0
2004-02-25,2.3684,2.37037,2.35062,2.35062,2.09111,24806,0,0
2004-02-26,2.35852,2.36049,2.32099,2.36049,2.0999,38475,0,0
2004-02-27,2.37037,2.38222,2.32296,2.37235,2.11044,88088,0,0
2004-03-01,2.36642,2.37037,2.34667,2.35062,2.09111,74925,0,0
2004-03-02,2.37037,2.44938,2.37037,2.39012,2.12626,81000,0,0
2004-03-03,2.24,2.3684,2.16889,2.31111,2.05597,55688,0,0
2004-03-04,2.32691,2.34864,2.28346,2.34864,2.08936,67838,0,0
2004-03-05,2.37037,2.3921,2.35654,2.38025,2.11748,390319,0,0
2004-03-08,2.3684,2.3684,2.30518,2.33481,2.07706,8100,0,0
2004-03-09,2.35062,2.35062,2.28741,2.35062,2.09111,58725,0,0
2004-03-10,2.35062,2.35062,2.29728,2.29728,2.04367,27844,0,0
2004-03-11,2.30716,2.35062,2.30518,2.35062,2.09111,14175,0,0
2004-03-12,2.37037,2.37037,2.34667,2.34864,2.08936,29869,0,0
2004-03-15,2.34864,2.37827,2.31901,2.35457,2.09463,37463,0,0
2004-03-16,2.26173,2.36247,2.11753,2.30716,2.05246,19744,0,0
2004-03-17,2.26765,2.34074,2.26568,2.31704,2.06124,18731,0,0
2004-03-18,2.33086,2.35062,2.33086,2.35062,2.09111,2531,0,0
2004-03-19,2.28938,2.28938,2.28938,2.28938,2.03664,2531,0,0
2004-03-22,2.02469,2.26963,1.98321,2.26963,2.01907,58725,0,0
2004-03-23,2.21037,2.26963,2.21037,2.26963,2.01907,15188,0,0
2004-03-24,2.26963,2.26963,2.26963,2.26963,2.01907,0,0,0
2004-03-25,2.25778,2.27161,2.22222,2.26963,2.01907,17719,0,0
2004-03-26,2.03457,2.27161,2.03457,2.26568,2.01555,45056,0,0
2004-03-29,2.26173,2.32691,2.25975,2.29136,2.0384,74419,0,0
2004-03-30,2.27161,2.36049,2.27161,2.32099,2.06476,174150,0,0
2004-03-31,2.29136,2.29136,2.26765,2.28741,2.03488,41513,0,0
2004-04-01,2.32099,2.32099,2.20642,2.28741,2.03488,32906,0,0
2004-04-02,2.29136,2.29136,2.23802,2.28938,2.03664,50119,0,0
2004-04-05,2.28741,2.29136,2.24198,2.28741,2.03488,7594,0,0
2004-04-06,2.2321,2.29136,2.2321,2.28938,2.03664,16706,0,0
2004-04-07,2.29136,2.29136,2.27358,2.29136,2.0384,57206,0,0
2004-04-08,2.27358,2.27556,2.21235,2.27556,2.02434,41006,0,0
2004-04-12,2.17086,2.27358,2.17086,2.26963,2.01907,54169,0,0
2004-04-13,2.19654,2.29136,2.19654,2.26765,2.01731,123525,0,0
2004-04-14,2.28741,2.29136,2.2637,2.2637,2.0138,99731,0,0
2004-04-15,2.24988,2.28938,2.23802,2.23802,1.99095,11138,0,0
2004-04-16,2.24395,2.29136,2.24395,2.29136,2.0384,8100,0,0
2004-04-19,2.29136,2.29136,2.25383,2.28741,2.03488,53663,0,0
2004-04-20,2.29136,2.3921,2.27753,2.31111,2.05597,642938,0,0
2004-04-21,2.35062,2.35062,2.27951,2.31506,2.05949,1105650,0,0
2004-04-22,2.34667,2.5679,2.32099,2.46914,2.19655,2656800,0,0
2004-04-23,2.37235,2.56395,2.37235,2.5284,2.24927,604969,0,0
2004-04-26,2.65679,2.77531,2.53235,2.59358,2.30726,570544,0,0
2004-04-27,2.6963,2.6963,2.61333,2.65482,2.36173,168581,0,0
2004-04-28,2.6963,2.70815,2.5679,2.57778,2.2932,158963,0,0
2004-04-29,2.61728,2.61728,2.5679,2.5679,2.28441,391838,0,0
2004-04-30,2.61728,2.70617,2.50864,2.61926,2.3301,280969,0,0
2004-05-03,2.71407,2.71407,2.58568,2.67654,2.38106,122006,0,0
2004-05-04,2.61531,2.76741,2.58963,2.66667,2.37227,318431,0,0
2004-05-05,2.66469,2.66667,2.62321,2.62321,2.33361,104794,0,0
2004-05-06,2.62519,2.62716,2.56988,2.60741,2.31956,74925,0,0
2004-05-07,2.58173,2.62716,2.55407,2.55407,2.27211,32906,0,0
2004-05-10,2.55012,2.56,2.32296,2.46914,2.19655,135675,0,0
2004-05-11,2.46321,2.49482,2.39407,2.45926,2.18776,99225,0,0
2004-05-12,2.32099,2.49482,2.32099,2.46914,2.19655,170606,0,0
2004-05-13,2.46914,2.46914,2.35259,2.41383,2.14735,73406,0,0
2004-05-14,2.34864,2.46914,2.32889,2.36247,2.10166,164531,0,0
2004-05-17,2.37037,2.37037,2.28346,2.32099,2.06476,11138,0,0
2004-05-18,2.29333,2.37037,2.29333,2.36049,2.0999,83025,0,0
2004-05-19,2.3684,2.40395,2.28346,2.37037,2.10869,304256,0,0
2004-05-20,2.37037,2.4079,2.33481,2.35457,2.09463,19238,0,0
2004-05-21,2.33679,2.34667,2.30321,2.30321,2.04894,407025,0,0
2004-05-24,2.28346,2.40988,2.24593,2.36049,2.0999,261225,0,0
2004-05-25,2.40988,2.4237,2.31704,2.40988,2.14383,125044,0,0
2004-05-26,2.69037,2.70815,2.37037,2.37235,2.11044,163519,0,0
2004-05-27,2.46914,2.46914,2.30321,2.38222,2.11923,43031,0,0
2004-05-28,2.4,2.40988,2.29926,2.39803,2.13329,288056,0,0
2004-06-01,2.27358,2.44346,2.27358,2.3684,2.10693,257175,0,0
2004-06-02,2.42765,2.42765,2.31901,2.3684,2.10693,17719,0,0
2004-06-03,2.37037,2.37235,2.33876,2.36247,2.10166,51638,0,0
2004-06-04,2.40593,2.43951,2.36444,2.3763,2.11396,28856,0,0
2004-06-07,2.46914,2.46914,2.39012,2.42765,2.15965,24806,0,0
2004-06-08,2.29333,2.37235,2.27161,2.37037,2.10869,26831,0,0
2004-06-09,2.37037,2.44741,2.36247,2.37037,2.10869,11644,0,0
2004-06-10,2.39012,2.39012,2.36247,2.36642,2.10517,22781,0,0
2004-06-14,2.32296,2.46716,2.32296,2.38617,2.12275,396394,0,0
2004-06-15,2.42963,2.57975,2.4,2.57778,2.2932,231356,0,0
2004-06-16,2.57975,2.61136,2.56395,2.5679,2.28441,117450,0,0
2004-06-17,2.56988,2.57778,2.56,2.5679,2.28441,110869,0,0
2004-06-18,2.63506,2.63506,2.53037,2.57778,2.2932,44044,0,0
2004-06-21,2.66469,2.66469,2.5679,2.57185,2.28793,174150,0,0
2004-06-22,2.56988,2.60346,2.53827,2.55407,2.27211,344250,0,0
2004-06-23,2.56593,2.62914,2.56593,2.62914,2.33889,123525,0,0
2004-06-24,2.57975,2.61136,2.5521,2.58765,2.30198,106313,0,0
2004-06-25,2.62123,2.62321,2.0958,2.59556,2.30901,1020094,0,0
2004-06-28,2.59556,2.59556,2.50864,2.53235,2.25278,102769,0,0
2004-06-29,2.48889,2.62716,2.47901,2.51852,2.24048,90113,0,0
2004-06-30,2.63704,2.63704,2.53235,2.56,2.27738,162000,0,0
2004-07-01,2.5916,2.60346,2.49284,2.50864,2.23169,89100,0,0
2004-07-02,2.50469,2.5679,2.49284,2.5679,2.28441,468281,0,0
2004-07-06,2.5679,2.66667,2.51852,2.5679,2.28441,919350,0,0
2004-07-07,2.5442,2.5916,2.54025,2.5679,2.28441,300713,0,0
2004-07-08,2.5284,2.66667,2.5284,2.58173,2.29671,378169,0,0
2004-07-09,2.56988,2.64099,2.5679,2.58765,2.30198,100744,0,0
2004-07-12,2.5679,2.60543,2.55407,2.57778,2.2932,424744,0,0
2004-07-13,2.58963,2.65086,2.58963,2.61728,2.32834,147319,0,0
2004-07-14,2.65482,2.67457,2.61728,2.63901,2.34767,232369,0,0
2004-07-15,2.63309,2.64691,2.58765,2.64691,2.3547,503213,0,0
2004-07-16,2.61136,2.65679,2.46914,2.54222,2.26157,490050,0,0
2004-07-19,2.53827,2.61136,2.46914,2.56197,2.27914,171619,0,0
2004-07-20,2.49086,2.65679,2.49086,2.58568,2.30023,257681,0,0
2004-07-21,2.64296,2.66272,2.5758,2.60148,2.31428,537131,0,0
2004-07-22,2.63901,2.64099,2.54815,2.56,2.27738,185794,0,0
2004-07-23,2.5679,2.59358,2.55012,2.5679,2.28441,1187156,0,0
2004-07-26,2.5679,2.61926,2.54815,2.58173,2.29671,88594,0,0
2004-07-27,2.5679,2.60938,2.5679,2.59556,2.30901,159469,0,0
2004-07-28,2.57185,2.61728,2.5521,2.58765,2.30198,89606,0,0
2004-07-29,2.60938,2.64494,2.59358,2.63901,2.34767,228825,0,0
2004-07-30,2.63704,2.7437,2.63704,2.72198,2.42148,169594,0,0
2004-08-02,2.72988,2.76543,2.51852,2.5442,2.26333,579150,0,0
2004-08-03,2.66469,2.66469,2.5284,2.58568,2.30023,256669,0,0
2004-08-04,2.56,2.58173,2.43358,2.56197,2.27914,151369,0,0
2004-08-05,2.55803,2.5679,2.51852,2.52444,2.24575,112894,0,0
2004-08-06,2.50864,2.51852,2.41975,2.43951,2.17019,75938,0,0
2004-08-09,2.57383,2.57383,2.36444,2.37037,2.10869,82519,0,0
2004-08-10,2.39803,2.48889,2.39803,2.45136,2.18073,75938,0,0
2004-08-11,2.44741,2.45926,2.29333,2.32099,2.06476,105806,0,0
2004-08-12,2.32099,2.35062,2.29136,2.31506,2.05949,58725,0,0
2004-08-13,2.28543,2.35457,2.22222,2.30914,2.05421,49613,0,0
2004-08-16,2.33284,2.39012,2.18272,2.22815,1.98217,165544,0,0
2004-08-17,2.22025,2.35457,2.22025,2.31111,2.05597,63281,0,0
2004-08-18,2.34074,2.43951,2.30124,2.41975,2.15262,141244,0,0
2004-08-19,2.36049,2.38815,2.35852,2.38815,2.1245,134663,0,0
2004-08-20,2.4237,2.44741,2.38617,2.44741,2.17722,303244,0,0
2004-08-23,2.45333,2.51259,2.43951,2.44346,2.17371,55181,0,0
2004-08-24,2.50864,2.50864,2.38617,2.38617,2.12275,17213,0,0
2004-08-25,2.46518,2.46518,2.37037,2.38815,2.1245,59231,0,0
2004-08-26,2.38617,2.39012,2.37037,2.3842,2.12099,91125,0,0
2004-08-27,2.41185,2.41975,2.33679,2.33679,2.07881,22781,0,0
2004-08-30,2.33481,2.35852,2.32099,2.33481,2.07706,15694,0,0
2004-08-31,2.37037,2.37037,2.23407,2.27951,2.02785,53663,0,0
2004-09-01,2.22222,2.42765,2.22222,2.36247,2.10166,110363,0,0
2004-09-02,2.32494,2.34074,2.23407,2.27161,2.02082,35944,0,0
2004-09-03,2.3842,2.38815,2.19852,2.27358,2.02258,42019,0,0
2004-09-07,2.19654,2.39012,2.19654,2.32099,2.06476,37463,0,0
2004-09-08,2.32099,2.39012,2.31111,2.38025,2.11748,47588,0,0
2004-09-09,2.35259,2.51654,2.35259,2.48099,2.20709,66319,0,0
2004-09-10,2.32099,2.49877,2.28148,2.46914,2.19655,59231,0,0
2004-09-13,2.49086,2.54815,2.45531,2.48889,2.21412,52144,0,0
2004-09-14,2.43951,2.44543,2.3842,2.38815,2.1245,44550,0,0
2004-09-15,2.34864,2.44543,2.34864,2.44543,2.17546,30881,0,0
2004-09-16,2.34864,2.48099,2.34864,2.44741,2.17722,9113,0,0
2004-09-17,2.54815,2.55407,2.43358,2.48296,2.20885,100744,0,0
2004-09-20,2.5363,2.55803,2.49679,2.50667,2.22994,6581,0,0
2004-09-21,2.48889,2.5758,2.48494,2.52444,2.24575,26831,0,0
2004-09-22,2.47506,2.47506,2.3763,2.39012,2.12626,23288,0,0
2004-09-23,2.3684,2.39803,2.36049,2.3842,2.12099,11138,0,0
2004-09-24,2.37235,2.3763,2.23407,2.26173,2.01204,43538,0,0
2004-09-27,2.23407,2.2637,2.19654,2.2242,1.97865,38475,0,0
2004-09-28,2.20444,2.28346,2.19457,2.21235,1.96811,40500,0,0
2004-09-29,2.21827,2.26765,2.19654,2.26765,2.01731,27844,0,0
2004-09-30,2.2242,2.30914,2.2242,2.30914,2.05421,27338,0,0
2004-10-01,2.31901,2.48889,2.31111,2.46914,2.19655,68850,0,0
2004-10-04,2.48494,2.52444,2.45728,2.48889,2.21412,17213,0,0
2004-10-05,2.48296,2.48889,2.22617,2.39803,2.13329,38981,0,0
2004-10-06,2.40395,2.57975,2.39605,2.56395,2.2809,46575,0,0
2004-10-07,2.54025,2.57975,2.51852,2.51852,2.24048,157950,0,0
2004-10-08,2.51654,2.51654,2.45333,2.49877,2.22291,76950,0,0
2004-10-11,2.48296,2.5284,2.48296,2.5284,2.24927,28350,0,0
2004-10-12,2.53037,2.54815,2.50864,2.54815,2.26684,50119,0,0
2004-10-13,2.55407,2.56,2.5442,2.55407,2.27211,65813,0,0
2004-10-14,2.55407,2.5679,2.55407,2.5679,2.28441,30881,0,0
2004-10-15,2.58568,2.60543,2.56988,2.60346,2.31604,35944,0,0
2004-10-18,2.55605,2.59753,2.55605,2.59753,2.31077,42019,0,0
2004-10-19,2.5837,2.64494,2.57383,2.58568,2.30023,45563,0,0
2004-10-20,2.65482,2.96099,2.65482,2.92543,2.60247,437906,0,0
2004-10-21,2.96296,2.99259,2.86222,2.89383,2.57436,252619,0,0
2004-10-22,2.78518,2.86025,2.78518,2.8563,2.54097,80494,0,0
2004-10-25,2.93531,2.95111,2.81679,2.94914,2.62356,66319,0,0
2004-10-26,2.96296,3.10914,2.91161,3.09926,2.75711,117956,0,0
2004-10-27,2.95309,3.16049,2.95309,3.09136,2.75008,356400,0,0
2004-10-28,3.10914,3.11111,3.00247,3.03407,2.69912,165038,0,0
2004-10-29,3.01235,3.01235,2.8721,2.96099,2.6341,157444,0,0
2004-11-01,2.94321,2.96296,2.8642,2.96296,2.63586,62775,0,0
2004-11-02,2.96296,2.97877,2.90765,2.94321,2.61829,19238,0,0
2004-11-03,2.85432,3.00444,2.85432,2.96296,2.63586,48094,0,0
2004-11-04,2.91358,2.99654,2.91358,2.96296,2.63586,21769,0,0
2004-11-05,2.96296,2.99457,2.93728,2.96296,2.63586,22781,0,0
2004-11-08,2.94321,2.97284,2.94321,2.96296,2.63586,105806,0,0
2004-11-09,2.95506,3.06173,2.91556,3.0321,2.69736,36956,0,0
2004-11-10,2.99259,3.02222,2.94321,2.99259,2.66222,58219,0,0
2004-11-11,3.01827,3.03407,2.97877,3.00642,2.67452,76444,0,0
2004-11-12,2.93136,3.04,2.92741,3.04,2.70439,13163,0,0
2004-11-15,2.96296,3.02222,2.92741,3.02222,2.68858,145800,0,0
2004-11-16,3.05778,3.05778,2.88198,2.88593,2.56733,132131,0,0
2004-11-17,2.86815,2.96494,2.86815,2.88593,2.56733,68344,0,0
2004-11-18,2.88593,2.93926,2.87407,2.87407,2.55678,51638,0,0
2004-11-19,2.8484,2.96296,2.8484,2.9037,2.58314,49106,0,0
2004-11-22,2.89383,3.05778,2.87012,3.02222,2.68858,39488,0,0
2004-11-23,3.05975,3.12099,2.99654,3.12099,2.77644,21263,0,0
2004-11-24,3.06963,3.11901,3.00444,3.11901,2.77468,14175,0,0
2004-11-26,3.0084,3.0084,3.0084,3.0084,2.67628,2531,0,0
2004-11-29,3.16049,3.25926,3.10914,3.15259,2.80456,131119,0,0
2004-11-30,3.19407,3.2079,3.15457,3.1842,2.83267,393356,0,0
2004-12-01,3.1842,3.42716,3.17235,3.3363,2.96798,89606,0,0
2004-12-02,3.29876,3.47852,3.29876,3.40938,3.033,86063,0,0
2004-12-03,3.41728,3.45481,3.37778,3.39951,3.02421,18731,0,0
2004-12-06,3.39951,3.39951,3.36,3.38173,3.00839,12150,0,0
2004-12-07,3.39753,3.44099,3.25926,3.27704,2.91526,88088,0,0
2004-12-08,3.27309,3.36988,3.23161,3.25926,2.89945,62269,0,0
2004-12-09,3.22963,3.25926,3.15062,3.1842,2.83267,32906,0,0
2004-12-10,3.23951,3.23951,3.07358,3.11704,2.77292,27844,0,0
2004-12-13,3.24741,3.24741,3.06173,3.13086,2.78523,91125,0,0
2004-12-14,3.13876,3.25728,3.13876,3.25333,2.89417,27844,0,0
2004-12-15,3.28889,3.34617,3.26124,3.34617,2.97676,34425,0,0
2004-12-16,3.36,3.37185,3.29876,3.37185,2.99961,53663,0,0
2004-12-17,3.32444,3.42716,3.26518,3.42716,3.04881,71888,0,0
2004-12-20,3.25728,3.3758,3.23951,3.23951,2.88187,41513,0,0
2004-12-21,3.35803,3.38173,3.30469,3.35803,2.98731,181744,0,0
2004-12-22,3.3758,3.39753,3.32247,3.3442,2.97501,65306,0,0
2004-12-23,3.37778,3.39753,3.33827,3.38173,3.00839,100744,0,0
2004-12-27,3.42321,3.42321,3.30272,3.32247,2.95568,14175,0,0
2004-12-28,3.41531,3.46864,3.35605,3.46864,3.08571,79481,0,0
2004-12-29,3.45086,3.48642,3.36988,3.36988,2.99785,20250,0,0
2004-12-30,3.48642,3.50025,3.34222,3.36198,2.99082,41513,0,0
2004-12-31,3.30864,3.49235,3.30864,3.41926,3.04178,71888,0,0
2005-01-03,3.40148,3.41531,3.30272,3.32049,2.95392,29869,0,0
2005-01-04,3.41728,3.43309,3.32839,3.36198,2.99082,223763,0,0
2005-01-05,3.30667,3.37778,3.27309,3.27309,2.91175,173138,0,0
2005-01-06,3.24938,3.34025,3.24938,3.27111,2.90999,66319,0,0
2005-01-07,3.24543,3.29481,3.0242,3.0716,2.73251,260719,0,0
2005-01-10,3.03407,3.14074,3.00247,3.13876,2.79225,122513,0,0
2005-01-11,3.13284,3.22568,3.06173,3.18815,2.83618,41513,0,0
2005-01-12,3.22963,3.23753,3.12296,3.18617,2.83443,13669,0,0
2005-01-13,3.19012,3.27901,3.19012,3.27901,2.91702,93656,0,0
2005-01-14,3.25926,3.37185,3.21975,3.32049,2.95392,123019,0,0
2005-01-18,3.2237,3.38173,3.2237,3.34617,2.97676,42525,0,0
2005-01-19,3.41531,3.43704,3.17827,3.1921,2.8397,99225,0,0
2005-01-20,3.16839,3.44691,3.16049,3.20988,2.85552,85556,0,0
2005-01-21,3.14667,3.2079,3.05185,3.05185,2.71494,49106,0,0
2005-01-24,3.15259,3.15259,2.96296,2.98469,2.65519,78975,0,0
2005-01-25,3.07951,3.07951,2.98469,3.03803,2.70263,20250,0,0
2005-01-26,3.14074,3.15654,3.01827,3.15654,2.80807,9619,0,0
2005-01-27,3.06173,3.17827,3.04197,3.06963,2.73075,29363,0,0
2005-01-28,3.15852,3.17827,3.0084,3.05778,2.72021,37463,0,0
2005-01-31,3.14074,3.17037,3.01235,3.11704,2.77292,31388,0,0
2005-02-01,3.11309,3.19802,3.02222,3.12296,2.7782,166050,0,0
2005-02-02,3.02617,3.20988,3.02617,3.20988,2.85552,56194,0,0
2005-02-03,3.2158,3.2158,3.00247,3.14864,2.80104,21263,0,0
2005-02-04,3.13086,3.20988,3.13086,3.14667,2.79928,20756,0,0
2005-02-07,3.16444,3.16444,3.12099,3.12099,2.77644,39994,0,0
2005-02-08,3.13086,3.16839,3.02617,3.02815,2.69385,98719,0,0
2005-02-09,3.0321,3.0321,2.94518,2.94518,2.62004,135169,0,0
2005-02-10,2.97481,3.0321,2.95309,3.0084,2.67628,29363,0,0
2005-02-11,2.99654,3.10914,2.99654,3.08938,2.74832,15694,0,0
2005-02-14,3.0637,3.16642,3.04593,3.15852,2.80983,257175,0,0
2005-02-15,3.16839,3.23556,3.13086,3.22765,2.87133,218700,0,0
2005-02-16,3.20988,3.27309,3.14864,3.21778,2.86254,292106,0,0
2005-02-17,3.16444,3.22765,3.15259,3.15654,2.80807,26831,0,0
2005-02-18,3.23556,3.23556,3.09333,3.09333,2.75184,19744,0,0
2005-02-22,3.07556,3.11506,3.04395,3.0479,2.71142,285525,0,0
2005-02-23,3.0479,3.13679,3.01432,3.04988,2.71318,105806,0,0
2005-02-24,3.13284,3.13284,2.99852,3.09728,2.75535,78469,0,0
2005-02-25,3.10716,3.30272,3.10519,3.1763,2.82564,118969,0,0
2005-02-28,3.16049,3.26914,3.14864,3.25728,2.89769,54169,0,0
2005-03-01,3.20988,3.28889,3.19605,3.28691,2.92405,27844,0,0
2005-03-02,3.18815,3.36593,3.18815,3.33037,2.96271,73406,0,0
2005-03-03,3.24741,3.29481,3.24148,3.29284,2.92932,71381,0,0
2005-03-04,3.30864,3.34222,3.27111,3.33827,2.96974,12656,0,0
2005-03-07,3.34025,3.34222,3.23556,3.26914,2.90823,19744,0,0
2005-03-08,3.23951,3.26914,3.17432,3.25333,2.89417,58725,0,0
2005-03-09,3.1763,3.26518,3.09333,3.23753,2.88012,22781,0,0
2005-03-10,3.22173,3.30074,3.22173,3.30074,2.93635,147319,0,0
2005-03-11,3.25728,3.31654,3.2237,3.25926,2.89945,102263,0,0
2005-03-14,3.25728,3.31654,3.25728,3.27111,2.90999,37463,0,0
2005-03-15,3.33235,3.33235,3.14074,3.25333,2.89417,171113,0,0
2005-03-16,3.21975,3.26716,3.14469,3.25333,2.89417,98719,0,0
2005-03-17,3.30667,3.30667,3.18815,3.26321,2.90296,75431,0,0
2005-03-18,3.29679,3.29679,3.1842,3.29086,2.92756,274894,0,0
2005-03-21,3.26914,3.29284,3.23556,3.25728,2.89769,24806,0,0
2005-03-22,3.2,3.30864,3.2,3.23358,2.8766,95681,0,0
2005-03-23,3.22173,3.3363,3.22173,3.28494,2.92229,123525,0,0
2005-03-24,3.33235,3.33235,3.16444,3.23951,2.88187,221231,0,0
2005-03-28,3.17432,3.29086,3.17432,3.27901,2.91702,48600,0,0
2005-03-29,3.28099,3.28099,3.23358,3.23358,2.8766,8100,0,0
2005-03-30,3.30469,3.33827,3.28296,3.3363,2.96798,59738,0,0
2005-03-31,3.33037,3.33432,3.24148,3.33037,2.96271,139725,0,0
2005-04-01,3.33235,3.3363,3.19012,3.27901,2.91702,119475,0,0
2005-04-04,3.2,3.29086,3.1763,3.18025,2.82916,159975,0,0
2005-04-05,3.23556,3.26321,3.17037,3.21383,2.85903,253125,0,0
2005-04-06,3.26124,3.28296,3.13086,3.19012,2.83794,46575,0,0
2005-04-07,3.19012,3.19012,3.12691,3.16049,2.81158,52650,0,0
2005-04-08,3.18617,3.19012,3.10716,3.13284,2.78698,253125,0,0
2005-04-11,3.11506,3.13482,3.0637,3.07753,2.73778,35944,0,0
2005-04-12,3.03803,3.20395,3.03803,3.12889,2.78347,70875,0,0
2005-04-13,3.10519,3.1763,3.05383,3.08938,2.74832,212625,0,0
2005-04-14,3.07951,3.07951,2.97679,2.97877,2.64992,51131,0,0
2005-04-15,3.00049,3.00444,2.93136,2.93136,2.60774,81506,0,0
2005-04-18,2.93728,2.99852,2.93333,2.98667,2.65695,124538,0,0
2005-04-19,3.05185,3.22963,3.05185,3.13876,2.79225,75431,0,0
2005-04-20,3.05778,3.15457,3.00642,3.09531,2.75359,76950,0,0
2005-04-21,3.17037,3.17037,3.00247,3.10123,2.75887,492581,0,0
2005-04-22,3.07358,3.12296,3.05383,3.05383,2.71669,160988,0,0
2005-04-25,3.10321,3.10321,3.00642,3.06568,2.72724,207056,0,0
2005-04-26,3.06963,3.10914,3.02222,3.09531,2.75359,65813,0,0
2005-04-27,3.0558,3.0558,2.95309,2.97284,2.64465,225281,0,0
2005-04-28,2.94321,2.97284,2.92938,2.93728,2.61301,191363,0,0
2005-04-29,2.95111,2.95506,2.88593,2.92938,2.60599,89100,0,0
2005-05-02,2.94716,2.95901,2.92543,2.95901,2.63234,117956,0,0
2005-05-03,2.96099,2.96296,2.9037,2.92148,2.59896,177188,0,0
2005-05-04,2.95506,2.95506,2.8642,2.88,2.56205,100744,0,0
2005-05-05,2.88395,2.88395,2.85235,2.87605,2.55854,79988,0,0
2005-05-06,2.90173,2.90173,2.83654,2.86815,2.55151,36450,0,0
2005-05-09,2.84642,2.87407,2.83457,2.87407,2.55678,48600,0,0
2005-05-10,2.83457,2.87012,2.81679,2.85037,2.5357,84544,0,0
2005-05-11,2.82469,2.8563,2.81876,2.83852,2.52515,33413,0,0
2005-05-12,2.81679,2.88593,2.81679,2.81876,2.50758,51638,0,0
2005-05-13,2.86617,2.86617,2.72988,2.76543,2.46014,68850,0,0
2005-05-16,2.76543,2.77926,2.68444,2.71012,2.41093,88088,0,0
2005-05-17,2.69037,2.69037,2.59951,2.63901,2.34767,41513,0,0
2005-05-18,2.66469,2.83062,2.66074,2.81481,2.50407,120488,0,0
2005-05-19,2.82469,2.84444,2.78914,2.84049,2.52691,91125,0,0
2005-05-20,2.84444,2.87407,2.84444,2.85432,2.53921,8100,0,0
2005-05-23,2.82864,2.87605,2.82667,2.82667,2.51461,20756,0,0
2005-05-24,2.87407,2.87605,2.8642,2.8642,2.548,8606,0,0
2005-05-25,2.82667,2.83457,2.70222,2.82272,2.5111,54169,0,0
2005-05-26,2.77136,2.8563,2.72988,2.84444,2.53043,119475,0,0
2005-05-27,2.82667,2.83852,2.77136,2.78124,2.47419,99731,0,0
2005-05-31,2.78124,2.87605,2.78124,2.87407,2.55678,90619,0,0
2005-06-01,2.80494,2.86222,2.80494,2.85037,2.5357,43538,0,0
2005-06-02,2.78914,2.85037,2.78914,2.84049,2.52691,41513,0,0
2005-06-03,2.78321,2.81679,2.73975,2.76543,2.46014,19238,0,0
2005-06-06,2.74765,2.74765,2.69432,2.69432,2.39688,44044,0,0
2005-06-07,2.69037,2.79111,2.65679,2.66272,2.36876,286031,0,0
2005-06-08,2.65482,2.66469,2.5679,2.59753,2.31077,169088,0,0
2005-06-09,2.5679,2.61531,2.5679,2.5758,2.29144,106313,0,0
2005-06-10,2.5758,2.60148,2.53827,2.56593,2.28265,180731,0,0
2005-06-13,2.55012,2.62716,2.5442,2.57383,2.28968,151369,0,0
2005-06-14,2.56395,2.59358,2.54025,2.57975,2.29495,239456,0,0
2005-06-15,2.54815,2.66074,2.54815,2.62914,2.33889,194906,0,0
2005-06-16,2.61926,2.65482,2.57975,2.65482,2.36173,229838,0,0
2005-06-17,2.61136,2.66667,2.59951,2.63111,2.34064,325519,0,0
2005-06-20,2.59753,2.67259,2.59753,2.62123,2.33186,107325,0,0
2005-06-21,2.60148,2.69432,2.58568,2.65482,2.36173,165038,0,0
2005-06-22,2.64099,2.70025,2.63901,2.66272,2.36876,138206,0,0
2005-06-23,2.61728,2.70815,2.60741,2.67259,2.37755,241988,0,0
2005-06-24,2.65086,2.80494,2.61531,2.80296,2.49352,1749600,0,0
2005-06-27,2.73185,2.73975,2.66864,2.67062,2.37579,392344,0,0
2005-06-28,2.66469,2.7437,2.62716,2.7042,2.40566,110363,0,0
2005-06-29,2.75358,2.75358,2.68839,2.70617,2.40742,166556,0,0
2005-06-30,2.74568,2.75753,2.61926,2.64889,2.35646,209081,0,0
2005-07-01,2.70617,2.70617,2.61728,2.65679,2.36349,156431,0,0
2005-07-05,2.65284,2.67852,2.62716,2.67654,2.38106,271350,0,0
2005-07-06,2.63901,2.73975,2.63901,2.70815,2.40918,467775,0,0
2005-07-07,2.71407,2.76741,2.71407,2.75951,2.45486,34425,0,0
2005-07-08,2.70617,2.73185,2.70025,2.72988,2.42851,73406,0,0
2005-07-11,2.72395,2.79901,2.72395,2.79901,2.49001,90113,0,0
2005-07-12,2.79901,2.84049,2.78124,2.81086,2.50055,88088,0,0
2005-07-13,2.82667,2.82667,2.78321,2.78518,2.47771,15188,0,0
2005-07-14,2.78518,2.80494,2.73383,2.75161,2.44783,29363,0,0
2005-07-15,2.72198,2.84247,2.72198,2.84247,2.52867,118463,0,0
2005-07-18,2.81481,2.87605,2.80889,2.80889,2.49879,31388,0,0
2005-07-19,2.80296,2.87605,2.77926,2.83062,2.51812,72900,0,0
2005-07-20,2.8879,3.02617,2.83457,2.94321,2.61829,377663,0,0
2005-07-21,2.96691,3.12296,2.95704,3.05185,2.71494,255150,0,0
2005-07-22,3.10321,3.13482,2.91951,3.13482,2.78874,352350,0,0
2005-07-25,3.08938,3.19012,3.07358,3.18815,2.83618,291094,0,0
2005-07-26,3.17235,3.17235,3.10321,3.12691,2.78171,229331,0,0
2005-07-27,3.14074,3.14074,3.07951,3.09136,2.75008,408544,0,0
2005-07-28,3.08543,3.13086,3.06173,3.12099,2.77644,57713,0,0
2005-07-29,3.16049,3.16049,3.08543,3.15457,2.80631,55181,0,0
2005-08-01,2.96691,3.16049,2.9037,3.11111,2.76765,237431,0,0
2005-08-02,3.0479,3.16049,3.0479,3.16049,2.81158,99225,0,0
2005-08-03,3.11309,3.15654,3.09531,3.13876,2.79225,97200,0,0
2005-08-04,3.08938,3.15852,3.07753,3.10519,2.76238,104794,0,0
2005-08-05,3.07556,3.15457,3.05185,3.12296,2.7782,32906,0,0
2005-08-08,3.03605,3.08346,2.97284,2.99259,2.66222,111881,0,0
2005-08-09,2.99259,3.13086,2.98864,3.06568,2.72724,304763,0,0
2005-08-10,3.10123,3.10123,3.05185,3.08741,2.74657,158963,0,0
2005-08-11,3.09531,3.13086,3.09531,3.13086,2.78523,109350,0,0
2005-08-12,3.11309,3.13876,3.08148,3.12099,2.77644,44550,0,0
2005-08-15,3.10123,3.13876,3.06765,3.12691,2.78171,111881,0,0
2005-08-16,3.14469,3.14469,3.08148,3.10914,2.7659,46069,0,0
2005-08-17,3.10716,3.16049,3.10716,3.13679,2.7905,24300,0,0
2005-08-18,3.11506,3.18025,3.11506,3.15062,2.8028,57713,0,0
2005-08-19,3.14469,3.19802,3.14469,3.14469,2.79752,41006,0,0
2005-08-22,3.10519,3.18025,3.09531,3.16642,2.81685,33413,0,0
2005-08-23,3.13086,3.20988,3.13086,3.18222,2.83091,132131,0,0
2005-08-24,3.14667,3.15062,3.12494,3.12691,2.78171,16200,0,0
2005-08-25,3.08543,3.13284,3.07951,3.13086,2.78523,44550,0,0
2005-08-26,3.10519,3.10716,2.98864,3.04593,2.70966,72394,0,0
2005-08-29,3.01827,3.11901,2.91951,3.11901,2.77468,53663,0,0
2005-08-30,3.10914,3.14667,2.93531,3.10321,2.76062,108844,0,0
2005-08-31,3.08148,3.18617,3.02025,3.13482,2.78874,61256,0,0
2005-09-01,3.18025,3.20198,3.09333,3.19407,2.84146,153900,0,0
2005-09-02,3.19407,3.20395,3.17037,3.19407,2.84146,85050,0,0
2005-09-06,3.2,3.2079,3.17037,3.19407,2.84146,123525,0,0
2005-09-07,3.16049,3.1842,3.12889,3.18222,2.83091,40500,0,0
2005-09-08,3.18222,3.20395,3.18222,3.20395,2.85024,5063,0,0
2005-09-09,3.16839,3.27309,3.15654,3.24938,2.89066,105806,0,0
2005-09-12,3.19012,3.26914,3.15062,3.26716,2.90647,109350,0,0
2005-09-13,3.28296,3.28691,3.21383,3.26124,2.9012,73913,0,0
2005-09-14,3.20198,3.24938,3.17037,3.17432,2.82388,104794,0,0
2005-09-15,3.16247,3.1842,3.10519,3.12691,2.78171,123525,0,0
2005-09-16,3.1842,3.1842,3.11506,3.15852,2.80983,56700,0,0
2005-09-19,3.12296,3.12889,3.06173,3.07556,2.73602,59738,0,0
2005-09-20,3.02617,3.07556,2.8721,2.96296,2.63586,140738,0,0
2005-09-21,2.8642,2.89383,2.84049,2.88395,2.56557,44044,0,0
2005-09-22,2.84444,2.85432,2.80691,2.81876,2.50758,38475,0,0
2005-09-23,2.81876,2.96099,2.77531,2.94321,2.61829,49106,0,0
2005-09-26,2.93926,2.93926,2.83852,2.88988,2.57084,31894,0,0
2005-09-27,2.8721,2.95506,2.8721,2.93333,2.6095,73913,0,0
2005-09-28,2.92741,2.92741,2.82864,2.85827,2.54273,62269,0,0
2005-09-29,2.89975,2.89975,2.83259,2.89975,2.57963,100238,0,0
2005-09-30,2.87407,2.98272,2.87407,2.96494,2.63762,35438,0,0
2005-10-03,2.98272,2.99457,2.90963,2.90963,2.58841,169088,0,0
2005-10-04,2.91161,2.95901,2.91161,2.95704,2.63059,37463,0,0
2005-10-05,2.90568,2.90765,2.83062,2.88,2.56205,63788,0,0
2005-10-06,2.86617,2.89383,2.86617,2.89383,2.57436,22275,0,0
2005-10-07,2.86617,2.87803,2.86617,2.87605,2.55854,12656,0,0
2005-10-10,2.84049,2.86222,2.81679,2.86222,2.54624,53663,0,0
2005-10-11,2.81284,2.93728,2.81284,2.8958,2.57611,21769,0,0
2005-10-12,2.85827,2.85827,2.78914,2.79506,2.48649,119981,0,0
2005-10-13,2.80494,2.80494,2.75753,2.76543,2.46014,101250,0,0
2005-10-14,2.76543,2.77531,2.74568,2.77531,2.46892,101756,0,0
2005-10-17,2.78124,2.78518,2.74568,2.75358,2.44959,125550,0,0
2005-10-18,2.75556,2.75556,2.70617,2.7279,2.42675,71381,0,0
2005-10-19,2.85037,2.88198,2.80889,2.86025,2.54448,274894,0,0
2005-10-20,2.85432,2.85432,2.78716,2.82272,2.5111,73406,0,0
2005-10-21,2.78124,2.9037,2.78124,2.88395,2.56557,20250,0,0
2005-10-24,2.90963,2.95309,2.8642,2.8879,2.56908,60244,0,0
2005-10-25,2.90173,2.90173,2.82667,2.84444,2.53043,66319,0,0
2005-10-26,2.8563,2.8563,2.79309,2.83654,2.5234,262744,0,0
2005-10-27,2.79506,2.81679,2.78518,2.79506,2.48649,169594,0,0
2005-10-28,2.79506,2.81086,2.78518,2.80889,2.49879,295144,0,0
2005-10-31,2.80889,2.87407,2.79901,2.87407,2.55678,300206,0,0
2005-11-01,2.84247,2.94321,2.83654,2.88198,2.56381,356906,0,0
2005-11-02,2.87012,2.91556,2.8563,2.90568,2.5849,799875,0,0
2005-11-03,2.8879,2.89383,2.8642,2.88395,2.56557,57206,0,0
2005-11-04,2.92938,2.92938,2.72988,2.87407,2.55678,144788,0,0
2005-11-07,2.8642,2.88593,2.81284,2.83457,2.52164,529538,0,0
2005-11-08,2.80889,2.90963,2.79704,2.8484,2.53394,175669,0,0
2005-11-09,2.83852,2.8958,2.79309,2.87803,2.5603,114413,0,0
2005-11-10,2.85432,2.86617,2.82074,2.85432,2.53921,205538,0,0
2005-11-11,2.86025,2.86025,2.83654,2.84444,2.53043,22781,0,0
2005-11-14,2.8484,2.8642,2.83259,2.84444,2.53043,178200,0,0
2005-11-15,2.82864,2.84049,2.78518,2.79901,2.49001,115931,0,0
2005-11-16,2.77728,2.79111,2.74568,2.76938,2.46365,108844,0,0
2005-11-17,2.72988,2.81284,2.72988,2.81284,2.50231,70875,0,0
2005-11-18,2.80691,2.82272,2.76543,2.82272,2.5111,960356,0,0
2005-11-21,2.83852,2.86222,2.81679,2.86222,2.54624,583706,0,0
2005-11-22,2.86222,2.87012,2.80296,2.83654,2.5234,237938,0,0
2005-11-23,2.84642,2.87605,2.72593,2.86617,2.54976,114919,0,0
2005-11-25,2.8721,2.8721,2.82272,2.82469,2.51285,58219,0,0
2005-11-28,2.84642,2.86025,2.78914,2.84642,2.53218,203006,0,0
2005-11-29,2.83259,2.88395,2.82667,2.87803,2.5603,55181,0,0
2005-11-30,2.87605,2.88395,2.80691,2.83852,2.52515,184275,0,0
2005-12-01,2.84444,2.95704,2.84444,2.92346,2.60071,135169,0,0
2005-12-02,2.95901,2.95901,2.8484,2.89185,2.5726,107325,0,0
2005-12-05,2.96494,2.96494,2.77531,2.81679,2.50582,136688,0,0
2005-12-06,2.84444,2.84444,2.79309,2.79901,2.49001,61763,0,0
2005-12-07,2.78716,2.86617,2.78518,2.86617,2.54976,129094,0,0
2005-12-08,2.87407,2.87407,2.78716,2.81284,2.50231,62269,0,0
2005-12-09,2.8484,2.8484,2.78321,2.83654,2.5234,111375,0,0
2005-12-12,2.83654,2.83654,2.76543,2.79704,2.48825,153900,0,0
2005-12-13,2.81679,2.82074,2.78124,2.79704,2.48825,114919,0,0
2005-12-14,2.80494,2.8563,2.78518,2.8563,2.54097,60244,0,0
2005-12-15,2.83654,2.89185,2.82864,2.88198,2.56381,51131,0,0
2005-12-16,2.8721,2.90568,2.83062,2.83062,2.51812,60244,0,0
2005-12-19,2.83457,2.87407,2.82469,2.87407,2.55678,27338,0,0
2005-12-20,2.82667,2.83259,2.80296,2.81481,2.50407,13163,0,0
2005-12-21,2.82469,2.82469,2.77926,2.79309,2.48474,18225,0,0
2005-12-22,2.79506,2.79901,2.77531,2.79309,2.48474,52144,0,0
2005-12-23,2.80099,2.80099,2.77728,2.78914,2.48122,32906,0,0
2005-12-27,2.78914,2.78914,2.77531,2.77531,2.46892,68344,0,0
2005-12-28,2.81876,2.81876,2.77926,2.78914,2.48122,17719,0,0
2005-12-29,2.81284,2.83062,2.78914,2.83062,2.51812,16706,0,0
2005-12-30,2.78124,2.84642,2.77926,2.84444,2.53043,47081,0,0
2006-01-03,2.89778,2.90568,2.83062,2.84444,2.53043,125044,0,0
2006-01-04,2.83457,2.88593,2.83457,2.8721,2.55503,168581,0,0
2006-01-05,2.87605,2.91951,2.8721,2.91161,2.59017,26325,0,0
2006-01-06,2.91753,2.94321,2.90963,2.90963,2.58841,12656,0,0
2006-01-09,2.90963,2.93926,2.90963,2.93926,2.61477,2531,0,0
2006-01-10,2.94716,3.23358,2.94716,3.14864,2.80104,346275,0,0
2006-01-11,3.16049,3.18222,3.11704,3.13876,2.79225,170100,0,0
2006-01-12,3.0716,3.21778,3.0716,3.13086,2.78523,56700,0,0
2006-01-13,3.13482,3.16247,3.09333,3.12296,2.7782,29869,0,0
2006-01-17,3.16642,3.16642,2.91161,3.01827,2.68506,87075,0,0
2006-01-18,3.10519,3.12099,2.99062,3.12099,2.77644,128588,0,0
2006-01-19,3.12099,3.12889,3.07358,3.11111,2.76765,175163,0,0
2006-01-20,3.16049,3.16049,3.09728,3.10123,2.75887,140231,0,0
2006-01-23,3.06173,3.16839,3.04197,3.16049,2.81158,197944,0,0
2006-01-24,3.17037,3.17037,3.11309,3.16049,2.81158,72900,0,0
2006-01-25,3.16839,3.19802,3.16839,3.18025,2.82916,177188,0,0
2006-01-26,3.19012,3.19407,3.16247,3.18025,2.82916,84038,0,0
2006-01-27,3.16049,3.24148,3.16049,3.2079,2.85376,375638,0,0
2006-01-30,3.18222,3.23753,3.16049,3.17235,2.82213,106819,0,0
2006-01-31,3.1763,3.1763,3.11704,3.12099,2.77644,165544,0,0
2006-02-01,3.14272,3.14864,3.09728,3.09926,2.75711,53156,0,0
2006-02-02,3.09136,3.09333,2.97679,3.02815,2.69385,45563,0,0
2006-02-03,3.08543,3.23951,3.05185,3.12099,2.77644,222244,0,0
2006-02-06,3.06765,3.15259,2.99259,3.14667,2.79928,62269,0,0
2006-02-07,3.16247,3.16444,3.05778,3.06963,2.73075,31894,0,0
2006-02-08,3.11901,3.15259,3.0637,3.13086,2.78523,69863,0,0
2006-02-09,3.17037,3.18025,3.10519,3.10519,2.76238,48094,0,0
2006-02-10,3.08148,3.15852,3.06765,3.15852,2.80983,46069,0,0
2006-02-13,3.25333,3.25333,3.14864,3.1763,2.82564,92138,0,0
2006-02-14,3.20198,3.38173,3.18222,3.34025,2.97149,135675,0,0
2006-02-15,3.33827,3.44296,3.33432,3.41333,3.03651,47081,0,0
2006-02-16,3.36988,3.42716,3.32642,3.40346,3.02772,90113,0,0
2006-02-17,3.3837,3.40543,3.31654,3.38765,3.01367,153900,0,0
2006-02-21,3.44691,3.44691,3.36593,3.39358,3.01894,56700,0,0
2006-02-22,3.44494,3.44494,3.40741,3.40741,3.03124,18731,0,0
2006-02-23,3.44889,3.44889,3.37185,3.38173,3.00839,68344,0,0
2006-02-24,3.38173,3.40543,3.26124,3.36198,2.99082,53663,0,0
2006-02-27,3.45284,3.55556,3.42321,3.42914,3.05057,254644,0,0
2006-02-28,3.42914,3.43901,3.39753,3.41136,3.03475,57206,0,0
2006-03-01,3.43901,3.44099,3.42123,3.43506,3.05584,10631,0,0
2006-03-02,3.40938,3.45679,3.40148,3.40148,3.02597,16706,0,0
2006-03-03,3.40148,3.51407,3.37975,3.39753,3.02245,46575,0,0
2006-03-06,3.42518,3.42716,3.35803,3.42518,3.04705,65306,0,0
2006-03-07,3.42321,3.44099,3.3679,3.41926,3.04178,41513,0,0
2006-03-08,3.37185,3.40346,3.33432,3.37975,3.00664,30375,0,0
2006-03-09,3.33827,3.40148,3.30469,3.40148,3.02597,13163,0,0
2006-03-10,3.39951,3.46667,3.39556,3.44494,3.06463,86569,0,0
2006-03-13,3.50025,3.50617,3.44691,3.4963,3.11031,129600,0,0
2006-03-14,3.55556,3.56148,3.5042,3.52593,3.13667,43031,0,0
2006-03-15,3.47654,3.61876,3.45679,3.61482,3.21575,439425,0,0
2006-03-16,3.49827,3.6642,3.49827,3.59506,3.19817,109350,0,0
2006-03-17,3.61086,3.61679,3.55753,3.56938,3.17533,47588,0,0
2006-03-20,3.57728,3.58123,3.54765,3.56543,3.17182,119475,0,0
2006-03-21,3.50617,3.58321,3.47259,3.50617,3.1191,917325,0,0
2006-03-22,3.4884,3.53185,3.48444,3.48444,3.09977,11644,0,0
2006-03-23,3.45481,3.54765,3.42914,3.52,3.1314,64800,0,0
2006-03-24,3.50222,3.51407,3.47457,3.51012,3.12262,15694,0,0
2006-03-27,3.49235,3.55556,3.47852,3.4963,3.11031,16200,0,0
2006-03-28,3.41926,3.41926,3.28296,3.30469,2.93986,105300,0,0
2006-03-29,3.30864,3.46272,3.30864,3.37975,3.00664,28856,0,0
2006-03-30,3.34617,3.35803,3.17827,3.26321,2.90296,183769,0,0
2006-03-31,3.26321,3.3837,3.26321,3.29284,2.92932,33919,0,0
2006-04-03,3.34025,3.35605,3.25926,3.26124,2.9012,413606,0,0
2006-04-04,3.27704,3.35803,3.19407,3.33037,2.96271,49106,0,0
2006-04-05,3.32642,3.45679,3.32642,3.3679,2.99609,28350,0,0
2006-04-06,3.37185,3.40543,3.36593,3.36593,2.99434,4050,0,0
2006-04-07,3.37778,3.40543,3.32839,3.32839,2.96095,5063,0,0
2006-04-10,3.30864,3.35803,3.23951,3.23951,2.88187,47588,0,0
2006-04-11,3.23951,3.27506,3.1842,3.22173,2.86606,48094,0,0
2006-04-12,3.25531,3.31062,3.2,3.29086,2.92756,99731,0,0
2006-04-13,3.27111,3.36395,3.2237,3.32247,2.95568,158963,0,0
2006-04-17,3.28889,3.32642,3.28494,3.31852,2.95216,12150,0,0
2006-04-18,3.31654,3.44494,3.31654,3.44099,3.06111,32906,0,0
2006-04-19,3.45086,3.72543,3.42716,3.6721,3.26671,413100,0,0
2006-04-20,3.62667,3.66222,3.54963,3.56741,3.17357,977569,0,0
2006-04-21,3.58519,3.61086,3.49037,3.56148,3.1683,160988,0,0
2006-04-24,3.55951,3.55951,3.43309,3.53975,3.14897,62269,0,0
2006-04-25,3.53975,3.54963,3.45679,3.51012,3.12262,102769,0,0
2006-04-26,3.5437,3.56543,3.51407,3.52593,3.13667,47588,0,0
2006-04-27,3.5121,3.56741,3.21778,3.49235,3.1068,115425,0,0
2006-04-28,3.5042,3.56741,3.5042,3.52593,3.13667,37463,0,0
2006-05-01,3.45877,3.47259,3.39556,3.45086,3.0699,35944,0,0
2006-05-02,3.40543,3.45679,3.33037,3.45481,3.07341,40500,0,0
2006-05-03,3.41531,3.4963,3.35407,3.4963,3.11031,77456,0,0
2006-05-04,3.47654,3.59506,3.47654,3.56543,3.17182,185288,0,0
2006-05-05,3.56543,3.56741,3.54568,3.56741,3.17357,189338,0,0
2006-05-08,3.52395,3.56741,3.52395,3.56741,3.17357,142256,0,0
2006-05-09,3.5437,3.56741,3.51803,3.55951,3.16655,78975,0,0
2006-05-10,3.39951,3.54173,3.39951,3.49037,3.10504,21263,0,0
2006-05-11,3.42123,3.47457,3.3758,3.44099,3.06111,62269,0,0
2006-05-12,3.39358,3.45679,3.35407,3.43901,3.05936,50119,0,0
2006-05-15,3.3521,3.41926,3.32444,3.41333,3.03651,27338,0,0
2006-05-16,3.41531,3.41531,3.39556,3.40741,3.03124,5569,0,0
2006-05-17,3.37778,3.38963,3.26518,3.35803,2.98731,75938,0,0
2006-05-18,3.33037,3.43704,3.31062,3.32642,2.95919,64294,0,0
2006-05-19,3.26124,3.31654,3.16049,3.30864,2.94338,83531,0,0
2006-05-22,3.22963,3.26321,3.15852,3.2158,2.86079,29869,0,0
2006-05-23,3.21975,3.32444,3.21975,3.25926,2.89945,79988,0,0
2006-05-24,3.23161,3.38765,3.23161,3.37383,3.00137,52650,0,0
2006-05-25,3.40346,3.40346,3.29876,3.35803,2.98731,58219,0,0
2006-05-26,3.33432,3.36198,3.29284,3.30469,2.93986,74925,0,0
2006-05-30,3.20198,3.22173,3.12099,3.14667,2.79928,64800,0,0
2006-05-31,3.14864,3.23753,3.14864,3.18617,2.83443,18225,0,0
2006-06-01,3.17037,3.31457,3.15062,3.30864,2.94338,86063,0,0
2006-06-02,3.30667,3.33037,3.16839,3.32642,2.95919,107831,0,0
2006-06-05,3.27901,3.30469,3.16049,3.22173,2.86606,61256,0,0
2006-06-06,3.23161,3.23951,3.18025,3.23556,2.87836,109350,0,0
2006-06-07,3.23951,3.31654,3.23951,3.25926,2.89945,47081,0,0
2006-06-08,3.20988,3.31852,3.14469,3.29679,2.93283,77456,0,0
2006-06-09,3.30469,3.31062,3.29284,3.29284,2.92932,8606,0,0
2006-06-12,3.23161,3.27901,3.22963,3.26124,2.9012,18225,0,0
2006-06-13,3.23556,3.31852,3.23161,3.24938,2.89066,22275,0,0
2006-06-14,3.19407,3.22568,3.12889,3.20198,2.84849,32906,0,0
2006-06-15,3.16247,3.26124,3.16247,3.23161,2.87485,62269,0,0
2006-06-16,3.19012,3.19012,3.19012,3.19012,2.83794,5569,0,0
2006-06-19,3.13482,3.13482,3.00444,3.10321,2.76062,123019,0,0
2006-06-20,3.04593,3.25926,3.04197,3.21975,2.8643,32906,0,0
2006-06-21,3.18222,3.23358,3.18222,3.21975,2.8643,45563,0,0
2006-06-22,3.19012,3.21185,3.13679,3.1921,2.8397,84544,0,0
2006-06-23,3.14667,3.20988,3.10914,3.14074,2.79401,91125,0,0
2006-06-26,3.08938,3.12296,3.06765,3.11309,2.76941,61256,0,0
2006-06-27,3.11901,3.15062,2.98074,2.99654,2.66573,30881,0,0
2006-06-28,3.03605,3.03605,2.94914,3.00247,2.671,41513,0,0
2006-06-29,3.04395,3.25531,3.04395,3.25531,2.89593,98213,0,0
2006-06-30,3.25531,3.33827,3.25136,3.33037,2.96271,111375,0,0
2006-07-03,3.33432,3.36,3.33432,3.36,2.98906,5063,0,0
2006-07-05,3.23556,3.24543,3.1921,3.24543,2.88714,16200,0,0
2006-07-06,3.27309,3.3679,3.27309,3.3679,2.99609,40500,0,0
2006-07-07,3.37185,3.3758,3.27704,3.36395,2.99258,20250,0,0
2006-07-10,3.38963,3.47259,3.32642,3.3679,2.99609,31388,0,0
2006-07-11,3.30272,3.39358,3.30272,3.39358,3.01894,4050,0,0
2006-07-12,3.31062,3.31062,3.22173,3.23358,2.8766,12656,0,0
2006-07-13,3.28889,3.30272,3.28296,3.28296,2.92053,27844,0,0
2006-07-14,3.32247,3.35407,3.16642,3.26321,2.90296,18225,0,0
2006-07-17,3.12494,3.16642,3.11111,3.14667,2.79928,16706,0,0
2006-07-18,3.18222,3.26518,3.15062,3.26518,2.90472,6075,0,0
2006-07-19,3.35803,3.5437,3.35803,3.48049,3.09626,67331,0,0
2006-07-20,3.47259,3.50025,3.21383,3.23951,2.88187,88088,0,0
2006-07-21,3.16444,3.31654,2.97877,3.28889,2.9258,185288,0,0
2006-07-24,3.31062,3.42321,3.31062,3.41136,3.03475,38981,0,0
2006-07-25,3.38173,3.40938,3.26914,3.35605,2.98555,26325,0,0
2006-07-26,3.31062,3.31062,3.24346,3.24346,2.88539,14175,0,0
2006-07-27,3.2158,3.22568,3.12691,3.19407,2.84146,56194,0,0
2006-07-28,3.21975,3.40741,3.21975,3.40741,3.03124,26325,0,0
2006-07-31,3.36988,3.39753,3.33432,3.39358,3.01894,64800,0,0
2006-08-01,3.33432,3.45086,3.20593,3.28494,2.92229,548269,0,0
2006-08-02,3.30864,3.35605,3.30864,3.31457,2.94865,12656,0,0
2006-08-03,3.27506,3.31852,3.22765,3.31852,2.95216,15188,0,0
2006-08-04,3.32049,3.35803,3.13086,3.19012,2.83794,85050,0,0
2006-08-07,3.11111,3.22568,3.11111,3.2158,2.86079,176175,0,0
2006-08-08,3.20988,3.24148,3.14272,3.16642,2.81685,109350,0,0
2006-08-09,3.18222,3.25333,3.15457,3.18025,2.82916,259706,0,0
2006-08-10,3.16247,3.27506,3.14074,3.22568,2.86957,32400,0,0
2006-08-11,3.16049,3.24148,3.15062,3.21975,2.8643,136181,0,0
2006-08-14,3.22568,3.25728,3.20395,3.21975,2.8643,59738,0,0
2006-08-15,3.25926,3.35012,3.25926,3.32444,2.95743,115425,0,0
2006-08-16,3.27901,3.32444,3.27901,3.31852,2.95216,32400,0,0
2006-08-17,3.27901,3.30469,3.21778,3.26914,2.90823,32906,0,0
2006-08-18,3.27506,3.30272,3.24346,3.26716,2.90647,35438,0,0
2006-08-21,3.24148,3.24148,3.15259,3.17037,2.82037,47588,0,0
2006-08-22,3.13679,3.16049,3.04395,3.05383,2.71669,176681,0,0
2006-08-23,3.05975,3.0716,2.94321,2.98272,2.65343,298688,0,0
2006-08-24,2.99654,3.08148,2.98864,3.05185,2.71494,69863,0,0
2006-08-25,3.0321,3.04,2.99852,3.02617,2.69209,104794,0,0
2006-08-28,3.02617,3.02617,2.96691,3.00444,2.67276,251606,0,0
2006-08-29,3.00049,3.18617,3.00049,3.17235,2.82213,80494,0,0
2006-08-30,3.19407,3.24543,3.19407,3.22765,2.87133,18731,0,0
2006-08-31,3.23358,3.27309,3.23358,3.23951,2.88187,19238,0,0
2006-09-01,3.28099,3.28099,3.13876,3.16839,2.81861,37969,0,0
2006-09-05,3.25531,3.25926,3.15654,3.16642,2.81685,61256,0,0
2006-09-06,3.14074,3.14074,3.00444,3.02815,2.69385,302231,0,0
2006-09-07,3.01827,3.01827,2.81679,2.85037,2.5357,111375,0,0
2006-09-08,2.8879,2.93531,2.88,2.89778,2.57787,62269,0,0
2006-09-11,2.86617,2.86617,2.73778,2.78321,2.47595,80494,0,0
2006-09-12,2.76543,2.97284,2.76543,2.93926,2.61477,165544,0,0
2006-09-13,2.94321,3.04395,2.92741,3.03803,2.70263,37969,0,0
2006-09-14,3.00642,3.0242,2.94716,3.01432,2.68155,31894,0,0
2006-09-15,2.97086,3.08938,2.97086,3.0321,2.69736,26831,0,0
2006-09-18,3.02815,3.08741,2.97086,3.01235,2.67979,39994,0,0
2006-09-19,2.99852,3.11111,2.99852,3.10716,2.76414,31388,0,0
2006-09-20,3.12889,3.12889,3.08543,3.10914,2.7659,10631,0,0
2006-09-21,3.13086,3.14667,3.04,3.06765,2.72899,41006,0,0
2006-09-22,3.00049,3.07951,2.98667,3.07358,2.73427,55181,0,0
2006-09-25,3.08938,3.10519,3.0479,3.06568,2.72724,45056,0,0
2006-09-26,3.02222,3.18222,3.02222,3.17827,2.8274,167569,0,0
2006-09-27,3.15259,3.17827,3.10914,3.12296,2.7782,74925,0,0
2006-09-28,3.17827,3.20395,3.11309,3.17827,2.8274,103781,0,0
2006-09-29,3.16247,3.16247,3.05975,3.07951,2.73954,25313,0,0
2006-10-02,3.08148,3.11704,3.03407,3.06963,2.73075,17213,0,0
2006-10-03,3.08346,3.09531,3.04,3.04988,2.71318,51131,0,0
2006-10-04,3.07358,3.17827,3.07358,3.16247,2.81334,51638,0,0
2006-10-05,3.16247,3.16247,3.09728,3.15654,2.80807,22781,0,0
2006-10-06,3.14272,3.17037,3.13876,3.16049,2.81158,72900,0,0
2006-10-09,3.14272,3.17037,3.13086,3.13086,2.78523,74925,0,0
2006-10-10,3.14667,3.23951,3.11111,3.23556,2.87836,25313,0,0
2006-10-11,3.23358,3.23358,3.18222,3.20988,2.85552,12656,0,0
2006-10-12,3.21383,3.35803,3.21383,3.34222,2.97325,42525,0,0
2006-10-13,3.30469,3.33827,3.25926,3.32247,2.95568,27338,0,0
2006-10-16,3.33827,3.41926,3.33037,3.39753,3.02245,149344,0,0
2006-10-17,3.38568,3.45877,3.38568,3.45877,3.07693,24300,0,0
2006-10-18,3.48444,3.48444,3.38173,3.45679,3.07517,17213,0,0
2006-10-19,3.4963,3.4963,3.34222,3.34222,2.97325,34931,0,0
2006-10-20,3.3363,3.37778,3.31852,3.3679,2.99609,35944,0,0
2006-10-23,3.32839,3.39753,3.32839,3.39753,3.02245,39488,0,0
2006-10-24,3.36198,3.40938,3.35407,3.35407,2.98379,14175,0,0
2006-10-25,3.38765,3.42914,3.30667,3.42914,3.05057,28856,0,0
2006-10-26,3.40741,3.43901,3.38963,3.42321,3.0453,22275,0,0
2006-10-27,3.41728,3.43506,3.40938,3.43309,3.05408,27844,0,0
2006-10-30,3.43309,3.44691,3.41926,3.42716,3.04881,13163,0,0
2006-10-31,3.42123,3.45679,3.40346,3.43309,3.05408,147825,0,0
2006-11-01,3.45679,3.46272,3.40938,3.42123,3.04354,46069,0,0
2006-11-02,3.39358,3.39753,3.2158,3.21975,2.8643,42019,0,0
2006-11-03,3.32444,3.32642,3.18222,3.2237,2.86781,39994,0,0
2006-11-06,3.28889,3.3758,3.2237,3.3758,3.00312,27844,0,0
2006-11-07,3.38568,3.40938,3.27704,3.27901,2.91702,70875,0,0
2006-11-08,3.29876,3.33827,3.29876,3.32444,2.95743,15188,0,0
2006-11-09,3.32247,3.35407,3.27309,3.28099,2.91878,22781,0,0
2006-11-10,3.30667,3.31654,3.27309,3.31259,2.94689,19744,0,0
2006-11-13,3.3363,3.3521,3.27506,3.30272,2.9381,46069,0,0
2006-11-14,3.28889,3.30667,3.21975,3.28889,2.9258,62775,0,0
2006-11-15,3.35012,3.44494,3.35012,3.38173,3.00839,25313,0,0
2006-11-16,3.40543,3.40741,3.34815,3.36,2.98906,9113,0,0
2006-11-17,3.31852,3.41333,3.31852,3.38765,3.01367,45056,0,0
2006-11-20,3.39358,3.41136,3.35012,3.35407,2.98379,172631,0,0
2006-11-21,3.38765,3.40148,3.35407,3.35803,2.98731,114919,0,0
2006-11-22,3.35803,3.39358,3.31654,3.32642,2.95919,88088,0,0
2006-11-24,3.32642,3.32642,3.29876,3.30074,2.93635,16706,0,0
2006-11-27,3.30074,3.30074,3.16444,3.18025,2.82916,74925,0,0
2006-11-28,3.17235,3.30469,3.17037,3.30469,2.93986,23288,0,0
2006-11-29,3.31062,3.37778,3.31062,3.3758,3.00312,57206,0,0
2006-11-30,3.35407,3.38765,3.27506,3.3363,2.96798,144281,0,0
2006-12-01,3.29284,3.37778,3.26914,3.3521,2.98204,144281,0,0
2006-12-04,3.33432,3.40148,3.33037,3.37778,3.00488,61256,0,0
2006-12-05,3.37778,3.46074,3.37778,3.43901,3.05936,61763,0,0
2006-12-06,3.40938,3.45086,3.40741,3.45086,3.0699,5569,0,0
2006-12-07,3.41333,3.44691,3.38173,3.44691,3.06638,21769,0,0
2006-12-08,3.41136,3.42518,3.38173,3.38963,3.01542,11138,0,0
2006-12-11,3.31654,3.38765,3.31259,3.38765,3.01367,141750,0,0
2006-12-12,3.32642,3.32642,3.23951,3.27506,2.9135,63281,0,0
2006-12-13,3.31062,3.31062,3.2158,3.27704,2.91526,47081,0,0
2006-12-14,3.28494,3.34222,3.26124,3.34222,2.97325,240469,0,0
2006-12-15,3.38568,3.38568,3.23951,3.29679,2.93283,90619,0,0
2006-12-18,3.32247,3.36198,3.2079,3.23358,2.8766,21769,0,0
2006-12-19,3.1842,3.19012,3.12691,3.14074,2.79401,59231,0,0
2006-12-20,3.15654,3.18222,3.14864,3.14864,2.80104,23288,0,0
2006-12-21,3.15062,3.15852,3.14074,3.15852,2.80983,14175,0,0
2006-12-22,3.16444,3.16444,3.13284,3.13284,2.78698,13669,0,0
2006-12-26,3.14074,3.14074,3.11704,3.11704,2.77292,7594,0,0
2006-12-27,3.1842,3.22963,3.1842,3.19802,2.84497,15694,0,0
2006-12-28,3.20988,3.20988,3.12691,3.14864,2.80104,26831,0,0
2006-12-29,3.1763,3.1921,3.11704,3.11704,2.77292,94669,0,0
2007-01-03,3.13876,3.21975,3.13482,3.21975,2.8643,44550,0,0
2007-01-04,3.16444,3.27901,3.16444,3.24148,2.88363,78469,0,0
2007-01-05,3.24543,3.24543,3.08938,3.13284,2.78698,79988,0,0
2007-01-08,3.09926,3.17037,3.0637,3.16247,2.81334,104288,0,0
2007-01-09,3.14272,3.23951,3.11309,3.22173,2.86606,147319,0,0
2007-01-10,3.18617,3.26914,3.16839,3.16839,2.81861,32400,0,0
2007-01-11,3.20988,3.28099,3.16642,3.19605,2.84321,33919,0,0
2007-01-12,3.2,3.27901,3.2,3.27704,2.91526,31894,0,0
2007-01-16,3.24543,3.24938,3.12494,3.12889,2.78347,45056,0,0
2007-01-17,3.12099,3.17235,3.10321,3.16642,2.81685,104288,0,0
2007-01-18,3.20198,3.24741,3.19407,3.22765,2.87133,24806,0,0
2007-01-19,3.21778,3.22963,3.21778,3.22963,2.87309,6581,0,0
2007-01-22,3.23951,3.23951,3.19802,3.20988,2.85552,33413,0,0
2007-01-23,3.2079,3.26716,3.20593,3.24938,2.89066,53663,0,0
2007-01-24,3.27309,3.33827,3.26716,3.32049,2.95392,78469,0,0
2007-01-25,3.29679,3.32247,3.28691,3.30074,2.93635,62775,0,0
2007-01-26,3.25728,3.27309,3.23753,3.27309,2.91175,25819,0,0
2007-01-29,3.27704,3.27901,3.26716,3.27901,2.91702,15694,0,0
2007-01-30,3.30864,3.34815,3.30864,3.32247,2.95568,48094,0,0
2007-01-31,3.32444,3.37778,3.32444,3.36395,2.99258,106819,0,0
2007-02-01,3.37778,3.40543,3.30864,3.31654,2.9504,128081,0,0
2007-02-02,3.33432,3.35605,3.33037,3.3363,2.96798,81506,0,0
2007-02-05,3.32049,3.32247,3.30469,3.31259,2.94689,31388,0,0
2007-02-06,3.31654,3.37383,3.31654,3.37383,3.00137,13669,0,0
2007-02-07,3.36395,3.50617,3.36395,3.4963,3.11031,102263,0,0
2007-02-08,3.45086,3.54173,3.45086,3.54173,3.15073,61763,0,0
2007-02-09,3.5516,3.5516,3.4963,3.53383,3.1437,103275,0,0
2007-02-12,3.50815,3.53383,3.48642,3.48642,3.10153,34931,0,0
2007-02-13,3.53383,3.65432,3.52197,3.62469,3.22453,192881,0,0
2007-02-14,3.62667,3.73333,3.62272,3.73333,3.32118,101250,0,0
2007-02-15,3.73136,3.79062,3.70963,3.73926,3.32645,76444,0,0
2007-02-16,3.75111,3.75309,3.66025,3.69383,3.28604,41006,0,0
2007-02-20,3.76099,3.81037,3.68395,3.81037,3.38971,103275,0,0
2007-02-21,3.80049,3.8321,3.72741,3.72938,3.31767,67838,0,0
2007-02-22,3.70963,3.75309,3.68,3.72148,3.31064,70875,0,0
2007-02-23,3.78667,3.78667,3.65037,3.68988,3.28252,42525,0,0
2007-02-26,3.72346,3.72346,3.59506,3.59506,3.19817,52650,0,0
2007-02-27,3.5358,3.60494,3.44099,3.45086,3.0699,117956,0,0
2007-02-28,3.45679,3.52988,3.45679,3.50815,3.12086,95681,0,0
2007-03-01,3.45481,3.5121,3.43309,3.48444,3.09977,71381,0,0
2007-03-02,3.46074,3.47654,3.41136,3.41926,3.04178,27844,0,0
2007-03-05,3.41136,3.47259,3.38963,3.39161,3.01718,68850,0,0
2007-03-06,3.36988,3.5279,3.36988,3.49827,3.11207,184275,0,0
2007-03-07,3.50025,3.51012,3.47457,3.49037,3.10504,60244,0,0
2007-03-08,3.52988,3.56543,3.51605,3.51605,3.12789,212119,0,0
2007-03-09,3.49827,3.5437,3.49827,3.52197,3.13316,50119,0,0
2007-03-12,3.57531,3.57531,3.52395,3.53383,3.1437,258188,0,0
2007-03-13,3.54963,3.57728,3.47062,3.47259,3.08923,67331,0,0
2007-03-14,3.46074,3.5358,3.44099,3.52,3.1314,60244,0,0
2007-03-15,3.54568,3.56938,3.50617,3.55753,3.16479,156431,0,0
2007-03-16,3.55358,3.58321,3.5516,3.5516,3.15952,98719,0,0
2007-03-19,3.5437,3.59506,3.5437,3.54963,3.15776,71381,0,0
2007-03-20,3.57333,3.63852,3.55556,3.59309,3.19642,67838,0,0
2007-03-21,3.58321,3.74914,3.58123,3.74124,3.32821,61763,0,0
2007-03-22,3.70765,3.74321,3.70173,3.72543,3.31415,28856,0,0
2007-03-23,3.73136,3.73333,3.70765,3.72938,3.31767,24806,0,0
2007-03-26,3.73333,3.75309,3.70173,3.73136,3.31943,64800,0,0
2007-03-27,3.63457,3.64444,3.59309,3.59309,3.19642,44550,0,0
2007-03-28,3.58716,3.58914,3.55556,3.56741,3.17357,32906,0,0
2007-03-29,3.60494,3.69185,3.59309,3.69185,3.28428,47081,0,0
2007-03-30,3.72148,3.72346,3.51605,3.57728,3.18236,70369,0,0
2007-04-02,3.54765,3.70568,3.54765,3.59309,3.19642,43538,0,0
2007-04-03,3.5358,3.63654,3.5358,3.55556,3.16303,110363,0,0
2007-04-04,3.55556,3.65235,3.55556,3.65235,3.24914,105806,0,0
2007-04-05,3.66222,3.73136,3.66222,3.68988,3.28252,20250,0,0
2007-04-09,3.6563,3.67012,3.58914,3.59111,3.19466,17213,0,0
2007-04-10,3.58914,3.63062,3.58914,3.62074,3.22102,15694,0,0
2007-04-11,3.63259,3.63259,3.59506,3.59506,3.19817,10125,0,0
2007-04-12,3.61086,3.65037,3.61086,3.63852,3.23684,26831,0,0
2007-04-13,3.65037,3.65037,3.58321,3.62469,3.22453,63281,0,0
2007-04-16,3.64642,3.77679,3.64642,3.75309,3.33875,61763,0,0
2007-04-17,3.76296,3.76494,3.70568,3.73333,3.32118,77963,0,0
2007-04-18,3.75309,3.85185,3.75309,3.8321,3.40904,274388,0,0
2007-04-19,3.79259,3.83803,3.72741,3.76494,3.3493,178200,0,0
2007-04-20,3.80049,3.95062,3.80049,3.94469,3.50921,271350,0,0
2007-04-23,3.96049,3.96049,3.73333,3.84,3.41607,154406,0,0
2007-04-24,3.91309,3.94074,3.84593,3.93481,3.50042,42525,0,0
2007-04-25,3.93284,3.94864,3.89531,3.90914,3.47758,19238,0,0
2007-04-26,3.89531,3.93877,3.85383,3.93877,3.50393,38981,0,0
2007-04-27,3.85975,3.85975,3.74321,3.77284,3.35633,132131,0,0
2007-04-30,3.83012,3.84593,3.65432,3.79457,3.37566,61256,0,0
2007-05-01,3.80247,3.81037,3.78272,3.78469,3.36687,137700,0,0
2007-05-02,3.78272,3.83803,3.77876,3.80839,3.38796,244013,0,0
2007-05-03,3.83407,3.86173,3.81235,3.81235,3.39147,32906,0,0
2007-05-04,3.84395,3.85185,3.80247,3.84988,3.42486,65306,0,0
2007-05-07,3.84,3.84198,3.82222,3.8321,3.40904,15188,0,0
2007-05-08,3.81235,4.0079,3.81235,3.93086,3.49691,579150,0,0
2007-05-09,3.90321,4.02765,3.90321,4.01383,3.57071,236925,0,0
2007-05-10,3.9684,3.99803,3.90123,3.97037,3.53205,220725,0,0
2007-05-11,3.95457,4.12642,3.95457,4.10864,3.65506,212625,0,0
2007-05-14,4.1363,4.44444,4.1363,4.43654,3.94676,496125,0,0
2007-05-15,4.37531,4.4958,4.26864,4.3042,3.82903,207056,0,0
2007-05-16,4.20543,4.40494,4.20543,4.35161,3.8712,92644,0,0
2007-05-17,4.33185,4.43259,4.33185,4.43259,3.94325,52650,0,0
2007-05-18,4.28444,4.43457,4.26864,4.42864,3.93973,32400,0,0
2007-05-21,4.35951,4.48593,4.35161,4.46617,3.97312,72394,0,0
2007-05-22,4.37926,4.59654,4.37926,4.59062,4.08383,157950,0,0
2007-05-23,4.58074,4.66173,4.54914,4.58667,4.08031,241481,0,0
2007-05-24,4.55901,4.62815,4.43852,4.46222,3.9696,184275,0,0
2007-05-25,4.45037,4.52938,4.45037,4.52938,4.02935,42525,0,0
2007-05-29,4.44642,4.60839,4.44642,4.58667,4.08031,20756,0,0
2007-05-30,4.51951,4.64198,4.48395,4.64198,4.12951,60750,0,0
2007-05-31,4.63407,4.70519,4.57679,4.63605,4.12424,106819,0,0
2007-06-01,4.69531,4.73086,4.64988,4.70716,4.1875,62775,0,0
2007-06-04,4.73284,4.8079,4.66173,4.6716,4.15587,64294,0,0
2007-06-05,4.70321,4.75654,4.48988,4.55704,4.05395,112388,0,0
2007-06-06,4.58272,4.58272,4.4958,4.51358,4.01529,159975,0,0
2007-06-07,4.70123,4.70123,4.44642,4.48988,3.99421,261225,0,0
2007-06-08,4.53136,4.55704,4.45827,4.51951,4.02056,115931,0,0
2007-06-11,4.46222,4.52543,4.42272,4.48988,3.99421,229838,0,0
2007-06-12,4.47802,4.47802,4.29827,4.32395,3.8466,168581,0,0
2007-06-13,4.36741,4.45827,4.31012,4.39111,3.90634,69863,0,0
2007-06-14,4.42667,4.44642,4.33975,4.35951,3.87823,44044,0,0
2007-06-15,4.38914,4.4879,4.33383,4.36346,3.88174,45563,0,0
2007-06-18,4.41876,4.4721,4.40494,4.46617,3.97312,129600,0,0
2007-06-19,4.49778,4.56889,4.44444,4.53926,4.03814,115931,0,0
2007-06-20,4.59852,4.59852,4.41481,4.41481,3.92743,89606,0,0
2007-06-21,4.48,4.48,4.39309,4.4642,3.97136,38981,0,0
2007-06-22,4.49185,4.49185,4.25877,4.26272,3.79212,58725,0,0
2007-06-25,4.30815,4.39506,4.20938,4.23111,3.76401,124031,0,0
2007-06-26,4.2884,4.29827,4.17383,4.25481,3.7851,93656,0,0
2007-06-27,4.20741,4.25284,4.17778,4.25086,3.78158,141750,0,0
2007-06-28,4.23901,4.25481,4.22124,4.23111,3.76401,60244,0,0
2007-06-29,4.17975,4.24296,4.08296,4.1363,3.67966,119475,0,0
2007-07-02,4.19161,4.23506,4.17383,4.20741,3.74292,438919,0,0
2007-07-03,4.25481,4.25481,4.17975,4.20741,3.74292,128081,0,0
2007-07-05,4.20741,4.28049,4.20741,4.28049,3.80794,183769,0,0
2007-07-06,4.29037,4.34765,4.27259,4.34568,3.86593,172125,0,0
2007-07-09,4.42272,4.78025,4.42272,4.69531,4.17696,143269,0,0
2007-07-10,4.71704,5.03704,4.66173,5.03309,4.47745,405506,0,0
2007-07-11,5.06272,5.16346,5.00741,5.10617,4.54246,178200,0,0
2007-07-12,5.08049,5.17333,5.07457,5.11605,4.55125,120994,0,0
2007-07-13,5.15556,5.17136,5.10025,5.12197,4.55652,74419,0,0
2007-07-16,5.09432,5.24444,5.09432,5.11605,4.55125,137700,0,0
2007-07-17,5.16346,5.21284,5.12593,5.18518,4.61275,137700,0,0
2007-07-18,5.22469,5.26025,5.20494,5.23852,4.6602,128588,0,0
2007-07-19,5.2879,5.47161,5.1437,5.42617,4.82714,91631,0,0
2007-07-20,5.42025,5.4558,5.30173,5.4558,4.85349,112388,0,0
2007-07-23,5.48741,5.58815,5.4242,5.52889,4.91851,72394,0,0
2007-07-24,5.53284,5.53284,5.37284,5.4163,4.81835,51131,0,0
2007-07-25,5.44198,5.44988,5.2563,5.28395,4.70061,107831,0,0
2007-07-26,5.1358,5.40642,4.99556,5.1279,4.5618,100238,0,0
2007-07-27,5.07062,5.12197,4.99951,5.04889,4.49151,37463,0,0
2007-07-30,5.11605,5.23457,5.05877,5.20691,4.63208,26831,0,0
2007-07-31,5.31556,5.31556,5.18914,5.23062,4.65317,47588,0,0
2007-08-01,5.23457,5.23654,5.02914,5.09037,4.52841,110869,0,0
2007-08-02,5.06074,5.23457,4.96988,5.11407,4.54949,137194,0,0
2007-08-03,5.01136,5.14173,5.01136,5.03506,4.4792,134156,0,0
2007-08-06,5.03704,5.06667,4.86123,4.91654,4.37377,176175,0,0
2007-08-07,4.89482,5.02914,4.89482,4.93827,4.3931,64800,0,0
2007-08-08,4.9837,5.08049,4.86716,4.99358,4.4423,65306,0,0
2007-08-09,4.93827,4.93827,4.71704,4.78025,4.25252,172125,0,0
2007-08-10,4.70321,5.09037,4.59259,4.80593,4.27536,195919,0,0
2007-08-13,4.80395,5.01531,4.73679,4.78025,4.25252,276919,0,0
2007-08-14,4.80988,4.83753,4.60642,4.61432,4.10491,117450,0,0
2007-08-15,4.6163,4.75654,4.52543,4.54519,4.04341,162000,0,0
2007-08-16,4.4879,4.62025,4.34173,4.6163,4.10667,214144,0,0
2007-08-17,4.8158,4.83951,4.6558,4.78617,4.25779,215663,0,0
2007-08-20,4.73482,4.89284,4.67753,4.69136,4.17344,66825,0,0
2007-08-21,4.66765,4.71111,4.54321,4.59852,4.09086,829238,0,0
2007-08-22,4.65778,4.78815,4.65778,4.78617,4.25779,80494,0,0
2007-08-23,4.7921,4.7921,4.65383,4.67556,4.15939,32906,0,0
2007-08-24,4.69333,4.85333,4.69333,4.83358,4.29997,31388,0,0
2007-08-27,4.75062,4.76247,4.59654,4.64988,4.13654,94669,0,0
2007-08-28,4.54914,4.6242,4.52346,4.56099,4.05747,25313,0,0
2007-08-29,4.59259,4.64198,4.54914,4.63802,4.126,27338,0,0
2007-08-30,4.60049,4.68543,4.57679,4.57679,4.07152,74419,0,0
2007-08-31,4.72296,4.74074,4.57086,4.60247,4.09437,37969,0,0
2007-09-04,4.55901,4.69531,4.55901,4.69136,4.17344,29869,0,0
2007-09-05,4.65383,4.70123,4.54321,4.55309,4.05044,21769,0,0
2007-09-06,4.56691,4.62025,4.4879,4.4879,3.99245,28856,0,0
2007-09-07,4.59457,4.61827,4.30617,4.31605,3.83957,207563,0,0
2007-09-10,4.36543,4.46617,4.19556,4.40494,3.91864,54675,0,0
2007-09-11,4.39506,4.46815,4.35161,4.39704,3.91162,85556,0,0
2007-09-12,4.40691,4.40691,4.32198,4.34963,3.86944,43538,0,0
2007-09-13,4.32395,4.38321,4.31605,4.35556,3.87471,19744,0,0
2007-09-14,4.34765,4.41876,4.3279,4.41876,3.93094,34425,0,0
2007-09-17,4.40889,4.4958,4.38518,4.41481,3.92743,106819,0,0
2007-09-18,4.41284,4.84148,4.40494,4.77827,4.25076,80494,0,0
2007-09-19,4.83951,5.01333,4.7842,4.9679,4.41946,190856,0,0
2007-09-20,4.97185,5.12593,4.95803,5.12593,4.56004,70369,0,0
2007-09-21,5.12593,5.1437,4.98963,5.07259,4.51259,153394,0,0
2007-09-24,5.02914,5.14173,5.02716,5.08642,4.52489,34425,0,0
2007-09-25,5.06864,5.06864,4.89679,4.91259,4.37026,92138,0,0
2007-09-26,4.95803,4.99951,4.93827,4.99556,4.44406,46069,0,0
2007-09-27,4.98963,5.00938,4.83951,4.88691,4.34741,15188,0,0
2007-09-28,4.9363,4.9916,4.70716,4.70716,4.1875,38475,0,0
2007-10-01,4.67358,4.96197,4.57679,4.87506,4.33687,150863,0,0
2007-10-02,4.9363,5.07654,4.9363,5.04691,4.48975,168075,0,0
2007-10-03,4.9916,5.05086,4.85136,4.88494,4.34565,51131,0,0
2007-10-04,4.92444,4.96197,4.86716,4.93037,4.38607,18731,0,0
2007-10-05,5.00148,5.06074,4.97778,5.03506,4.4792,14175,0,0
2007-10-08,5.07457,5.09432,5.00741,5.02914,4.47393,20250,0,0
2007-10-09,5.11605,5.11605,5.04296,5.05877,4.50029,39488,0,0
2007-10-10,5.02716,5.06667,4.90074,4.90272,4.36147,24300,0,0
2007-10-11,5.37481,5.37481,4.79407,4.81482,4.28327,74588,0,1.5
2007-10-12,4.77926,4.80889,4.77926,4.77926,4.25164,3375,0,0
2007-10-15,4.74667,4.74667,4.70815,4.72,4.19892,9788,0,0
2007-10-16,4.76741,4.77333,4.68444,4.75556,4.23055,11813,0,0
2007-10-17,4.8237,4.83259,4.56,4.69037,4.17256,25988,0,0
2007-10-18,4.71407,4.76148,4.61333,4.63407,4.12248,19238,0,0
2007-10-19,4.55407,4.76148,4.49778,4.49778,4.00124,18225,0,0
2007-10-22,4.47111,4.7763,4.31407,4.75259,4.22792,67838,0,0
2007-10-23,4.89482,4.89482,4.69333,4.73778,4.21474,128250,0,0
2007-10-24,4.67556,4.6963,4.51556,4.55111,4.04868,23288,0,0
2007-10-25,4.46518,4.7763,4.46518,4.72296,4.20156,71550,0,0
2007-10-26,4.6637,4.70519,4.52741,4.63407,4.12248,31388,0,0
2007-10-29,4.60444,4.74963,4.60444,4.69926,4.18047,30038,0,0
2007-10-30,4.65778,4.71111,4.58667,4.69333,4.1752,59400,0,0
2007-10-31,4.72889,4.74667,4.64296,4.73185,4.20947,62438,0,0
2007-11-01,4.50074,4.70815,4.45333,4.51556,4.01705,96863,0,0
2007-11-02,4.48889,4.54815,4.34963,4.49482,3.9986,52988,0,0
2007-11-05,4.35259,4.55407,4.32593,4.51852,4.01969,59063,0,0
2007-11-06,4.51852,4.59259,4.48296,4.57185,4.06713,89438,0,0
2007-11-07,4.45333,4.47407,4.33185,4.33185,3.85363,31388,0,0
2007-11-08,4.32593,4.50074,4.32593,4.49185,3.99596,525150,0,0
2007-11-09,4.44444,4.59852,4.33481,4.51852,4.01969,160313,0,0
2007-11-12,4.57185,4.71111,4.47111,4.5837,4.07767,43200,0,0
2007-11-13,4.62222,4.79704,4.62222,4.72,4.19892,18900,0,0
2007-11-14,4.78815,4.78815,4.63407,4.65482,4.14094,86063,0,0
2007-11-15,4.6637,4.68741,4.48889,4.55407,4.05131,185288,0,0
2007-11-16,4.52741,4.73482,4.3437,4.39704,3.91162,206888,0,0
2007-11-19,4.40296,4.61037,4.36444,4.45333,3.9617,394200,0,0
2007-11-20,4.45037,4.53037,4.36148,4.41185,3.92479,320625,0,0
2007-11-21,4.37926,4.53037,4.24889,4.29926,3.82463,192713,0,0
2007-11-23,4.28444,4.33481,4.09185,4.31704,3.84045,277425,0,0
2007-11-26,4.31704,4.4563,4.20444,4.3763,3.89316,313538,0,0
2007-11-27,4.37037,4.41185,4.34074,4.40889,3.92216,323663,0,0
2007-11-28,4.44148,4.73778,4.44148,4.72296,4.20156,55013,0,0
2007-11-29,4.66074,4.72296,4.57778,4.59556,4.08822,159975,0,0
2007-11-30,4.68741,4.8563,4.59556,4.69333,4.1752,520088,0,0
2007-12-03,4.65185,5.03407,4.65185,4.75259,4.22792,204525,0,0
2007-12-04,4.72,4.84444,4.70222,4.79407,4.26482,98550,0,0
2007-12-05,4.84741,4.91852,4.80593,4.84148,4.30699,185625,0,0
2007-12-06,4.8,4.84444,4.68148,4.83556,4.30172,108000,0,0
2007-12-07,4.87407,4.9037,4.83556,4.87704,4.33862,48263,0,0
2007-12-10,4.85926,5.02815,4.85037,5.02222,4.46778,68513,0,0
2007-12-11,5.03407,5.28,4.96296,5.09926,4.53631,209588,0,0
2007-12-12,5.24444,5.34518,5.1437,5.18222,4.61012,149175,0,0
2007-12-13,5.08741,5.21481,5.08741,5.21481,4.63911,51300,0,0
2007-12-14,5.19407,5.24444,5.05778,5.15852,4.58903,841388,0,0
2007-12-17,5.14667,5.1763,5.10815,5.11407,4.54949,1045913,0,0
2007-12-18,5.12296,5.29778,5.11111,5.29778,4.71292,517725,0,0
2007-12-19,5.21778,5.34222,5.19407,5.25926,4.67865,96188,0,0
2007-12-20,5.32444,5.50518,5.17926,5.41037,4.81308,99225,0,0
2007-12-21,5.27407,5.34222,5.22074,5.3037,4.71819,32738,0,0
2007-12-24,5.30074,5.35407,5.26518,5.26518,4.68392,24638,0,0
2007-12-26,5.25926,5.38074,5.23259,5.34815,4.75773,88425,0,0
2007-12-27,5.34222,5.4637,5.23852,5.23852,4.6602,58050,0,0
2007-12-28,5.33926,5.38667,5.24741,5.28593,4.70237,373950,0,0
2007-12-31,5.24741,5.30074,5.13778,5.27407,4.69183,38138,0,0
2008-01-02,5.33926,5.40741,5.1763,5.20296,4.62857,69863,0,0
2008-01-03,5.29481,5.33926,5.13778,5.14667,4.57849,194063,0,0
2008-01-04,5.11704,5.12,4.84444,4.84444,4.30963,102938,0,0
2008-01-07,4.96593,5.10518,4.80593,4.82963,4.29645,67838,0,0
2008-01-08,4.8237,5.06963,4.62222,4.62222,4.11194,63113,0,0
2008-01-09,4.62815,4.89185,4.52741,4.84741,4.31227,116100,0,0
2008-01-10,4.81778,4.99852,4.72889,4.90074,4.35971,206888,0,0
2008-01-11,4.84444,4.84444,4.60741,4.64889,4.13566,172800,0,0
2008-01-14,4.64,4.67852,4.54222,4.57185,4.06713,45563,0,0
2008-01-15,4.44444,4.61333,4.44444,4.52148,4.02232,38475,0,0
2008-01-16,4.51852,4.78222,4.49185,4.53037,4.03023,267638,0,0
2008-01-17,4.56296,4.57778,4.4,4.45037,3.95906,48600,0,0
2008-01-18,4.46518,4.48,4.21333,4.31111,3.83518,85388,0,0
2008-01-22,4.0563,4.49185,3.97333,4.41185,3.92479,218700,0,0
2008-01-23,4.36148,4.77333,4.36148,4.74963,4.22528,186975,0,0
2008-01-24,4.69926,4.69926,4.51556,4.58963,4.08295,106313,0,0
2008-01-25,4.69926,4.74963,4.50074,4.51259,4.01441,60413,0,0
2008-01-28,4.52741,4.63704,4.42667,4.57482,4.06977,33075,0,0
2008-01-29,4.57482,4.59852,4.40296,4.57482,4.06977,30038,0,0
2008-01-30,4.55407,4.64296,4.47704,4.53037,4.03023,43200,0,0
2008-01-31,4.45333,4.77037,4.43556,4.65185,4.1383,22613,0,0
2008-02-01,4.66963,4.76148,4.64593,4.69333,4.1752,65813,0,0
2008-02-04,4.62519,4.71111,4.61333,4.66963,4.15412,8438,0,0
2008-02-05,4.57185,4.63407,4.55407,4.63407,4.12248,21263,0,0
2008-02-06,4.61926,4.67556,4.59259,4.62519,4.11458,16200,0,0
2008-02-07,4.6963,4.83556,4.62519,4.64889,4.13566,62100,0,0
2008-02-08,4.73482,4.78815,4.65778,4.69926,4.18047,32738,0,0
2008-02-11,4.75259,4.93926,4.74074,4.76148,4.23583,79650,0,0
2008-02-12,4.77037,4.8237,4.62222,4.69333,4.1752,70200,0,0
2008-02-13,4.52741,4.6163,4.35259,4.5837,4.07767,95513,0,0
2008-02-14,4.57482,4.61333,4.28444,4.31407,3.83781,71213,0,0
2008-02-15,4.26963,4.43852,4.12741,4.42074,3.9327,347963,0,0
2008-02-19,4.4563,4.68741,4.43852,4.64,4.12776,361463,0,0
2008-02-20,4.60444,4.78519,4.59259,4.72593,4.2042,37463,0,0
2008-02-21,4.74074,4.77926,4.55704,4.55704,4.05395,133313,0,0
2008-02-22,4.57778,4.65778,4.38518,4.44444,3.95379,167400,0,0
2008-02-25,4.63407,4.63407,4.4237,4.5837,4.07767,52650,0,0
2008-02-26,4.54222,4.6163,4.46518,4.57185,4.06713,54000,0,0
2008-02-27,4.5363,4.6163,4.47704,4.57185,4.06713,40500,0,0
2008-02-28,4.62222,4.62222,4.37037,4.50074,4.00387,37800,0,0
2008-02-29,4.41481,4.44741,4.36148,4.37926,3.8958,28013,0,0
2008-03-03,4.36741,4.36741,4.13333,4.18963,3.7271,126900,0,0
2008-03-04,4.12148,4.17778,4.1037,4.17778,3.71656,97200,0,0
2008-03-05,4.32,4.35556,4.02963,4.21037,3.74556,181575,0,0
2008-03-06,4.22222,4.22815,4.11852,4.12741,3.67175,83025,0,0
2008-03-07,4.20741,4.28741,4.12444,4.13037,3.67439,31725,0,0
2008-03-10,4.11556,4.19556,4.11556,4.15407,3.69548,71550,0,0
2008-03-11,4.20741,4.42667,4.20741,4.37926,3.8958,111375,0,0
2008-03-12,4.42963,4.61037,4.37037,4.37037,3.88789,54000,0,0
2008-03-13,4.2963,4.54222,4.27852,4.50963,4.01178,43200,0,0
2008-03-14,4.48593,4.58667,4.33185,4.33185,3.85363,37463,0,0
2008-03-17,4.27259,4.36741,4.2163,4.26667,3.79564,64800,0,0
2008-03-18,4.35852,4.52444,4.08889,4.43556,3.94588,170775,0,0
2008-03-19,4.41185,4.45037,4.23407,4.30815,3.83254,74250,0,0
2008-03-20,4.1837,4.28741,4.07704,4.26667,3.79564,24300,0,0
2008-03-24,4.25185,4.50667,4.25185,4.48296,3.98806,28688,0,0
2008-03-25,4.48889,4.5037,4.26074,4.43259,3.94325,109013,0,0
2008-03-26,4.38518,4.48296,4.20148,4.47111,3.97751,43200,0,0
2008-03-27,4.41778,4.44741,4.31704,4.3437,3.86417,18225,0,0
2008-03-28,4.35852,4.43556,4.2637,4.35556,3.87471,99900,0,0
2008-03-31,4.46222,4.49482,4.34074,4.37333,3.89053,112388,0,0
2008-04-01,4.48,4.60148,4.42074,4.60148,4.09349,16538,0,0
2008-04-02,4.62222,4.74667,4.61926,4.74667,4.22265,49613,0,0
2008-04-03,4.65482,4.67852,4.44148,4.47407,3.98015,36450,0,0
2008-04-04,4.51259,4.64593,4.50667,4.51852,4.01969,33750,0,0
2008-04-07,4.5837,4.64889,4.50963,4.5363,4.0355,34425,0,0
2008-04-08,4.55704,4.65185,4.51556,4.54222,4.04077,82013,0,0
2008-04-09,4.53037,4.53037,4.34963,4.36741,3.88526,63113,0,0
2008-04-10,4.37926,4.42667,4.27852,4.3763,3.89316,18563,0,0
2008-04-11,4.29926,4.35259,4.17185,4.18963,3.7271,23288,0,0
2008-04-14,4.20741,4.24889,4.17778,4.24889,3.77982,32738,0,0
2008-04-15,4.24296,4.37333,4.21333,4.25185,3.78246,42188,0,0
2008-04-16,4.23407,4.41778,4.23407,4.31704,3.84045,219038,0,0
2008-04-17,4.22518,4.44444,4.2163,4.2163,3.75083,115763,0,0
2008-04-18,4.24889,4.29037,4.10963,4.13333,3.67702,41850,0,0
2008-04-21,4.14815,4.14815,4.05037,4.06518,3.6164,41175,0,0
2008-04-22,4.01185,4.08593,3.87556,4.08593,3.63485,69525,0,0
2008-04-23,4.11259,4.11259,3.94667,4.02667,3.58213,128925,0,0
2008-04-24,4.00593,4.20444,4.00296,4.15111,3.69284,42525,0,0
2008-04-25,4.11556,4.36444,4.08889,4.30815,3.83254,89775,0,0
2008-04-28,4.30222,4.31407,4.23111,4.2963,3.822,162000,0,0
2008-04-29,4.2963,4.40296,4.26963,4.35852,3.87735,92138,0,0
2008-04-30,4.32889,4.56296,4.32889,4.45333,3.9617,57375,0,0
2008-05-01,4.40296,4.78815,4.40296,4.56,4.05659,58388,0,0
2008-05-02,4.52148,4.67259,4.48889,4.55111,4.04868,56700,0,0
2008-05-05,4.52741,4.52741,4.40889,4.46518,3.97224,37800,0,0
2008-05-06,4.49185,4.67852,4.32593,4.64593,4.13303,57713,0,0
2008-05-07,4.51852,4.58667,4.36741,4.36741,3.88526,53325,0,0
2008-05-08,4.38518,4.38518,4.24296,4.34074,3.86153,62438,0,0
2008-05-09,4.26667,4.46518,4.24,4.45333,3.9617,53325,0,0
2008-05-12,4.46518,4.70222,4.41481,4.5837,4.07767,88088,0,0
2008-05-13,4.65482,4.65482,4.46222,4.5363,4.0355,35100,0,0
2008-05-14,4.58963,4.63704,4.45926,4.45926,3.96697,39150,0,0
2008-05-15,4.47407,4.61926,4.47407,4.60148,4.09349,17213,0,0
2008-05-16,4.56,4.59259,4.42667,4.52444,4.02496,67163,0,0
2008-05-19,4.5363,4.61333,4.51259,4.53333,4.03287,8438,0,0
2008-05-20,4.4563,4.61037,4.41481,4.50963,4.01178,79313,0,0
2008-05-21,4.50963,4.59852,4.31407,4.32,3.84308,32400,0,0
2008-05-22,4.30815,4.47407,4.25481,4.47407,3.98015,40838,0,0
2008-05-23,4.2963,4.37037,4.23111,4.33481,3.85626,48938,0,0
2008-05-27,4.2963,4.30222,4.20148,4.27259,3.80091,38138,0,0
2008-05-28,4.24296,4.25481,4.1363,4.17185,3.71129,154913,0,0
2008-05-29,4.11852,4.28444,4.01778,4.25481,3.7851,41513,0,0
2008-05-30,4.28148,4.4563,4.24593,4.4563,3.96433,87413,0,0
2008-06-02,4.28148,4.43852,4.22815,4.36741,3.88526,53663,0,0
2008-06-03,4.48,4.54222,4.41481,4.46518,3.97224,21263,0,0
2008-06-04,4.41481,4.46518,4.33778,4.3763,3.89316,15863,0,0
2008-06-05,4.38518,4.66667,4.35556,4.48,3.98542,70875,0,0
2008-06-06,4.4,4.52148,4.21037,4.22815,3.76137,25313,0,0
2008-06-09,4.24889,4.25778,4.14222,4.14815,3.6902,8775,0,0
2008-06-10,4.1363,4.15111,4.06815,4.11259,3.65857,47925,0,0
2008-06-11,4,4,3.85185,3.85185,3.42662,8775,0,0
2008-06-12,3.98518,3.98815,3.85185,3.85185,3.42662,12825,0,0
2008-06-13,3.85185,3.90518,3.79556,3.90518,3.47406,35100,0,0
2008-06-16,3.8637,4.02667,3.80444,3.91111,3.47933,39488,0,0
2008-06-17,3.87259,3.91111,3.74815,3.79259,3.3739,28350,0,0
2008-06-18,3.75111,3.85185,3.55259,3.55259,3.1604,40500,0,0
2008-06-19,3.52889,3.6,3.51111,3.57333,3.17885,160650,0,0
2008-06-20,3.50815,3.55852,3.49333,3.55556,3.16303,89100,0,0
2008-06-23,3.6,3.61482,3.48741,3.53185,3.14195,54338,0,0
2008-06-24,3.54667,3.54667,3.38963,3.41333,3.03651,188325,0,0
2008-06-25,3.39556,3.51111,3.38667,3.41926,3.04178,182588,0,0
2008-06-26,3.33926,3.36889,3.23556,3.25926,2.89945,134663,0,0
2008-06-27,3.30963,3.38074,3.23556,3.27704,2.91526,55688,0,0
2008-06-30,3.17037,3.31556,3.06667,3.21778,2.86254,26325,0,0
2008-07-01,3.25037,3.2563,3.1763,3.1763,2.82564,40838,0,0
2008-07-02,3.1763,3.22074,3.04,3.22074,2.86518,82013,0,0
2008-07-03,3.32148,3.32148,3.07259,3.09333,2.75184,45900,0,0
2008-07-07,3.10222,3.13778,3.00741,3.01037,2.67803,75600,0,0
2008-07-08,3.06963,3.13185,3.00741,3.11111,2.76765,249075,0,0
2008-07-09,3.12296,3.14667,3.02222,3.10815,2.76502,95850,0,0
2008-07-10,2.99852,3.14667,2.96889,3.09333,2.75184,50288,0,0
2008-07-11,3.0163,3.16741,2.9837,3.14074,2.79401,179550,0,0
2008-07-14,3.09037,3.12593,2.96296,2.96296,2.63586,27338,0,0
2008-07-15,2.97481,2.98074,2.83259,2.89185,2.5726,83363,0,0
2008-07-16,2.85333,3.13185,2.85037,3.09333,2.75184,93150,0,0
2008-07-17,3.05482,3.23556,3.05482,3.21778,2.86254,33075,0,0
2008-07-18,3.13778,3.36,3.11704,3.34815,2.97852,29363,0,0
2008-07-21,3.2,3.40148,3.2,3.30074,2.93635,287888,0,0
2008-07-22,3.27111,3.50815,3.27111,3.48444,3.09977,52988,0,0
2008-07-23,3.30074,3.59704,3.30074,3.51407,3.12613,24300,0,0
2008-07-24,3.33926,3.44889,3.17333,3.27111,2.90999,825863,0,0
2008-07-25,3.24148,3.25926,3.08444,3.15556,2.80719,290588,0,0
2008-07-28,3.11111,3.19111,3.09333,3.12,2.77556,102600,0,0
2008-07-29,3.11407,3.19111,3.11407,3.16444,2.8151,137025,0,0
2008-07-30,3.18222,3.19407,3.14074,3.17926,2.82828,144788,0,0
2008-07-31,3.14074,3.26222,3.0963,3.22074,2.86518,204863,0,0
2008-08-01,3.2,3.36296,3.2,3.21482,2.85991,369225,0,0
2008-08-04,3.19111,3.25926,3.19111,3.25926,2.89945,499163,0,0
2008-08-05,3.33333,3.33333,3.24741,3.31556,2.94953,102600,0,0
2008-08-06,3.30074,3.48148,3.28593,3.40148,3.02597,45225,0,0
2008-08-07,3.42815,3.55556,3.26222,3.27111,2.90999,43875,0,0
2008-08-08,3.33037,3.60296,3.3037,3.52,3.1314,151538,0,0
2008-08-11,3.4963,3.68296,3.4963,3.66815,3.26319,15525,0,0
2008-08-12,3.64148,3.6563,3.59111,3.59111,3.19466,125213,0,0
2008-08-13,3.63259,3.69482,3.59111,3.6563,3.25265,12488,0,0
2008-08-14,3.58222,3.70667,3.58222,3.70667,3.29746,25988,0,0
2008-08-15,3.73333,3.77185,3.65333,3.76296,3.34754,128250,0,0
2008-08-18,3.77481,3.82222,3.75111,3.77778,3.36072,118125,0,0
2008-08-19,3.73333,3.73333,3.68889,3.70667,3.29746,133313,0,0
2008-08-20,3.68,3.75111,3.67407,3.69482,3.28692,58725,0,0
2008-08-21,3.71852,3.77778,3.71259,3.74519,3.33173,65813,0,0
2008-08-22,3.78963,3.81333,3.76296,3.81333,3.39235,70200,0,0
2008-08-25,3.83704,3.85481,3.72741,3.78667,3.36863,229500,0,0
2008-08-26,3.81333,3.89333,3.80148,3.81333,3.39235,65475,0,0
2008-08-27,3.87556,3.87556,3.81333,3.83704,3.41344,73238,0,0
2008-08-28,3.87259,3.88444,3.81333,3.84,3.41607,148838,0,0
2008-08-29,3.86074,3.87556,3.82815,3.84889,3.42398,68175,0,0
2008-09-02,3.92296,3.92296,3.73037,3.78074,3.36336,62100,0,0
2008-09-03,3.77778,3.80444,3.75704,3.80444,3.38444,103613,0,0
2008-09-04,3.77778,3.79556,3.68593,3.71852,3.308,181575,0,0
2008-09-05,3.70667,3.76889,3.69185,3.75407,3.33963,175500,0,0
2008-09-08,3.85778,3.88148,3.7037,3.86667,3.4398,102600,0,0
2008-09-09,3.89926,3.92593,3.86667,3.89333,3.46352,106988,0,0
2008-09-10,3.90222,3.93481,3.84593,3.87556,3.44771,316575,0,0
2008-09-11,3.85185,3.96148,3.84889,3.94667,3.51097,113738,0,0
2008-09-12,3.88741,3.92296,3.88148,3.88444,3.45561,40500,0,0
2008-09-15,3.83704,3.95852,3.80741,3.86667,3.4398,54338,0,0
2008-09-16,3.78074,4.11556,3.72741,4.05926,3.61113,119138,0,0
2008-09-17,3.91111,4.02667,3.7363,3.7363,3.32382,123863,0,0
2008-09-18,3.90518,4.16,3.88444,3.88444,3.45561,217013,0,0
2008-09-19,4.05333,4.14518,3.87556,4,3.55841,117113,0,0
2008-09-22,3.97037,4.01185,3.70667,3.84889,3.42398,475538,0,0
2008-09-23,3.80741,4.01481,3.7363,3.95259,3.51624,234563,0,0
2008-09-24,3.88741,3.93185,3.80148,3.80741,3.38708,1456650,0,0
2008-09-25,3.79259,3.88741,3.79259,3.80741,3.38708,282488,0,0
2008-09-26,3.76296,3.84296,3.69185,3.7837,3.36599,272025,0,0
2008-09-29,3.82815,3.89333,3.59407,3.76296,3.34754,318263,0,0
2008-09-30,3.74222,3.76296,3.61482,3.72148,3.31064,97875,0,0
2008-10-01,3.69482,3.76296,3.67407,3.76296,3.34754,105638,0,0
2008-10-02,3.70074,3.7037,3.51111,3.55259,3.1604,598050,0,0
2008-10-03,3.60296,3.60296,3.25333,3.25926,2.89945,346275,0,0
2008-10-06,3.21482,3.26222,3.00444,3.11407,2.77029,376313,0,0
2008-10-07,3.27407,3.27407,2.92741,2.92741,2.60423,222413,0,0
2008-10-08,2.93333,2.93333,2.66074,2.66074,2.367,124538,0,0
2008-10-09,2.78518,2.78518,2.52148,2.54815,2.26684,114413,0,0
2008-10-10,2.48889,2.59259,2.31407,2.58667,2.30111,129938,0,0
2008-10-13,2.58074,2.78518,2.58074,2.78518,2.47771,36788,0,0
2008-10-14,2.85037,2.85037,2.68148,2.74963,2.44608,34088,0,0
2008-10-15,2.65778,2.65778,2.40889,2.40889,2.14295,34425,0,0
2008-10-16,2.5037,2.52444,2.28148,2.43259,2.16404,52988,0,0
2008-10-17,2.4,2.59556,2.4,2.56,2.27738,66488,0,0
2008-10-20,2.56,2.65185,2.39111,2.58963,2.30374,114413,0,0
2008-10-21,2.54815,2.58667,2.40593,2.45926,2.18776,80663,0,0
2008-10-22,2.45333,2.45333,2.39407,2.41185,2.14559,71550,0,0
2008-10-23,2.37037,2.46518,2.32593,2.46222,2.1904,219713,0,0
2008-10-24,2.37037,2.55407,2.37037,2.46518,2.19304,24300,0,0
2008-10-27,2.45333,2.50667,2.42074,2.42667,2.15877,149850,0,0
2008-10-28,2.47407,2.6637,2.45037,2.6637,2.36964,1763438,0,0
2008-10-29,2.67852,2.81778,2.59556,2.77037,2.46453,188325,0,0
2008-10-30,2.82667,2.91259,2.75556,2.81185,2.50143,73913,0,0
2008-10-31,2.94222,3.16148,2.94222,3.16148,2.81246,25650,0,0
2008-11-03,3.12296,3.38963,3.07259,3.14667,2.79928,20925,0,0
2008-11-04,3.16444,3.27704,3.16148,3.19407,2.84146,50625,0,0
2008-11-05,3.12296,3.12296,2.93333,2.93333,2.6095,20925,0,0
2008-11-06,2.90963,2.90963,2.66667,2.68444,2.38809,37463,0,0
2008-11-07,2.63407,2.68444,2.62222,2.62815,2.33801,9113,0,0
2008-11-10,2.79407,2.79407,2.50074,2.51259,2.23521,7088,0,0
2008-11-11,2.51556,2.51556,2.4,2.42667,2.15877,16875,0,0
2008-11-12,2.38815,2.40593,2.31704,2.35556,2.09551,14850,0,0
2008-11-13,2.37926,2.39407,2.2637,2.37333,2.11132,147488,0,0
2008-11-14,2.37037,2.39111,2.29333,2.2963,2.04279,31050,0,0
2008-11-17,2.29926,2.32,2.16,2.16,1.92154,5400,0,0
2008-11-18,2.18074,2.18074,2.03556,2.07407,1.8451,7763,0,0
2008-11-19,2.05333,2.07407,1.86074,1.8963,1.68695,18563,0,0
2008-11-20,1.8637,2.00296,1.7037,1.90518,1.69486,137025,0,0
2008-11-21,1.92593,2.14815,1.90518,2.06519,1.83719,116100,0,0
2008-11-24,2.11556,2.35852,2.11556,2.35259,2.09287,76613,0,0
2008-11-25,2.29926,2.57482,2.29926,2.57185,2.28793,100575,0,0
2008-11-26,2.5363,2.78815,2.5363,2.75852,2.45398,35100,0,0
2008-11-28,2.84444,2.89185,2.76741,2.89185,2.5726,69863,0,0
2008-12-01,2.86222,2.87407,2.6637,2.73482,2.4329,25988,0,0
2008-12-02,2.73185,2.74667,2.61926,2.68741,2.39072,24638,0,0
2008-12-03,2.6163,2.85037,2.58963,2.71704,2.41708,325688,0,0
2008-12-04,2.9037,2.9037,2.75852,2.79407,2.48562,71213,0,0
2008-12-05,2.65185,2.86518,2.42667,2.67556,2.38018,108338,0,0
2008-12-08,2.72,2.9837,2.72,2.87704,2.55942,97200,0,0
2008-12-09,2.90963,2.90963,2.62815,2.72,2.41972,96863,0,0
2008-12-10,2.83259,2.83259,2.63111,2.70815,2.40918,345263,0,0
2008-12-11,2.67259,2.76148,2.4563,2.4563,2.18513,23625,0,0
2008-12-12,2.36444,2.62815,2.24296,2.5837,2.29847,14850,0,0
2008-12-15,2.71407,2.71407,2.39704,2.41185,2.14559,8438,0,0
2008-12-16,2.44741,2.72593,2.42074,2.61037,2.32219,129938,0,0
2008-12-17,2.68148,2.78815,2.61926,2.78518,2.47771,45900,0,0
2008-12-18,2.90074,2.90074,2.54519,2.57778,2.2932,26663,0,0
2008-12-19,2.80593,2.80593,2.55407,2.5837,2.29847,18900,0,0
2008-12-22,2.53333,2.59556,2.26963,2.36741,2.10605,24638,0,0
2008-12-23,2.33481,2.40296,2.27852,2.30222,2.04806,8438,0,0
2008-12-24,2.35852,2.50667,2.33481,2.4237,2.15613,14175,0,0
2008-12-26,2.68148,2.68148,2.38518,2.41481,2.14823,15525,0,0
2008-12-29,2.38518,2.38518,2.22519,2.33481,2.07706,29363,0,0
2008-12-30,2.56,2.56296,2.25185,2.46222,2.1904,80663,0,0
2008-12-31,2.44444,2.57778,2.39111,2.42667,2.15877,51638,0,0
2009-01-02,2.48593,2.72593,2.4563,2.66074,2.367,13838,0,0
2009-01-05,2.85037,2.85037,2.53333,2.60444,2.31692,29700,0,0
2009-01-06,2.6163,2.73778,2.52741,2.73185,2.43026,29363,0,0
2009-01-07,2.71407,2.71407,2.46222,2.55704,2.27475,67500,0,0
2009-01-08,2.42963,2.70222,2.42963,2.70222,2.4039,35438,0,0
2009-01-09,2.55407,2.57482,2.38518,2.44741,2.17722,18563,0,0
2009-01-12,2.44148,2.4563,2.27259,2.35259,2.09287,10125,0,0
2009-01-13,2.30222,2.43259,2.30222,2.4237,2.15613,3375,0,0
2009-01-14,2.31407,2.41185,2.31407,2.33185,2.07442,4725,0,0
2009-01-15,2.31704,2.56,2.22222,2.50667,2.22994,51300,0,0
2009-01-16,2.47407,2.52444,2.39111,2.5037,2.2273,27675,0,0
2009-01-20,2.40593,2.53333,2.40593,2.52741,2.24839,20925,0,0
2009-01-21,2.61333,2.61333,2.4,2.5363,2.25629,152213,0,0
2009-01-22,2.55111,2.72,2.42667,2.63704,2.34592,20588,0,0
2009-01-23,2.5037,2.57185,2.32889,2.38518,2.12187,16200,0,0
2009-01-26,2.46518,2.6963,2.4237,2.50667,2.22994,64125,0,0
2009-01-27,2.44444,2.68444,2.43852,2.52444,2.24575,16875,0,0
2009-01-28,2.56,2.6637,2.56,2.6637,2.36964,7425,0,0
2009-01-29,2.58963,2.61037,2.50963,2.57185,2.28793,5400,0,0
2009-01-30,2.4563,2.68148,2.41185,2.6163,2.32746,60413,0,0
2009-02-02,2.57185,2.77926,2.46222,2.56889,2.28529,45563,0,0
2009-02-03,2.51259,2.56593,2.45333,2.54222,2.26157,14850,0,0
2009-02-04,2.46518,2.58963,2.40889,2.49185,2.21676,26325,0,0
2009-02-05,2.43259,2.66963,2.43259,2.66963,2.37491,16875,0,0
2009-02-06,2.78815,2.98667,2.77926,2.93926,2.61477,13500,0,0
2009-02-09,2.90667,2.95111,2.86222,2.87407,2.55678,5400,0,0
2009-02-10,2.83852,2.86222,2.83852,2.86222,2.54624,1013,0,0
2009-02-11,2.60148,2.90963,2.2963,2.87407,2.55678,28688,0,0
2009-02-12,2.78222,2.89778,2.7437,2.81481,2.50407,47925,0,0
2009-02-13,2.67556,2.79704,2.62815,2.72,2.41972,15188,0,0
2009-02-17,2.63407,2.68741,2.59852,2.68741,2.39072,29025,0,0
2009-02-18,2.67852,2.68148,2.60444,2.60444,2.31692,12488,0,0
2009-02-19,2.66963,2.71407,2.64889,2.65778,2.36437,20250,0,0
2009-02-20,2.66667,2.66667,2.54519,2.54519,2.2642,10800,0,0
2009-02-23,2.54519,2.54519,2.39407,2.39407,2.12977,12825,0,0
2009-02-24,2.39111,2.46222,2.32296,2.35556,2.09551,22950,0,0
2009-02-25,2.31704,2.43556,2.29333,2.38518,2.12187,28688,0,0
2009-02-26,2.36444,2.36444,2.26963,2.30222,2.04806,19238,0,0
2009-02-27,2.28148,2.33185,2.24,2.33185,2.07442,46575,0,0
2009-03-02,2.16889,2.16889,1.94963,1.95556,1.73967,11813,0,0
2009-03-03,1.90222,1.90222,1.79556,1.88444,1.67641,39150,0,0
2009-03-04,1.91704,1.91704,1.84,1.84,1.63687,4725,0,0
2009-03-05,1.79556,1.79852,1.67407,1.67407,1.48926,6750,0,0
2009-03-06,1.68296,1.71259,1.65037,1.65037,1.46817,1688,0,0
2009-03-09,1.76889,1.76889,1.71852,1.71852,1.5288,7763,0,0
2009-03-10,1.75704,1.85482,1.64444,1.74815,1.55516,17213,0,0
2009-03-11,1.80148,1.83111,1.79852,1.79852,1.59997,2025,0,0
2009-03-12,1.86963,1.96148,1.85778,1.92296,1.71067,221738,0,0
2009-03-13,1.95556,2.10667,1.95556,2.0237,1.80029,28350,0,0
2009-03-16,1.99704,2.0563,1.95852,1.96148,1.74494,13838,0,0
2009-03-17,1.94963,2.09482,1.94963,2.09482,1.86355,32738,0,0
2009-03-18,2.10667,2.40296,2.10667,2.40296,2.13768,62100,0,0
2009-03-19,2.43556,2.53926,2.19852,2.19852,1.95581,9113,0,0
2009-03-20,2.34667,2.43556,2.18667,2.2163,1.97162,25650,0,0
2009-03-23,2.27852,2.73482,2.27852,2.73482,2.4329,134325,0,0
2009-03-24,2.51556,2.59259,2.46518,2.46518,2.19304,6750,0,0
2009-03-25,2.49185,2.55407,2.4,2.49185,2.21676,11138,0,0
2009-03-26,2.51259,2.55407,2.51259,2.55407,2.27211,3375,0,0
2009-03-27,2.54222,2.54222,2.37037,2.37037,2.10869,4388,0,0
2009-03-30,2.24889,2.37037,2.19556,2.37037,2.10869,11138,0,0
2009-03-31,2.31111,2.34667,2.06519,2.32,2.06388,8438,0,0
2009-04-01,2.20444,2.37926,2.20444,2.3437,2.08496,9450,0,0
2009-04-02,2.30518,2.84741,2.30518,2.8,2.49089,11138,0,0
2009-04-03,2.73185,2.76148,2.72,2.72296,2.42236,14850,0,0
2009-04-06,2.56889,2.73185,2.56889,2.66963,2.37491,17213,0,0
2009-04-07,2.66667,2.67259,2.6637,2.67259,2.37755,18900,0,0
2009-04-08,2.6637,2.6637,2.65778,2.66074,2.367,5063,0,0
2009-04-09,2.66963,2.84444,2.64889,2.64889,2.35646,221063,0,0
2009-04-13,2.66667,2.77333,2.66667,2.77333,2.46716,106313,0,0
2009-04-14,2.72889,2.91259,2.66667,2.91259,2.59105,3375,0,0
2009-04-15,2.71704,3.01926,2.71704,2.85926,2.5436,21938,0,0
2009-04-16,2.82667,2.97778,2.75556,2.96296,2.63586,12488,0,0
2009-04-17,2.85926,2.9837,2.82667,2.90074,2.58051,17888,0,0
2009-04-20,2.58963,2.60148,2.3763,2.59556,2.30901,15188,0,0
2009-04-21,2.29926,2.73185,2.26963,2.69333,2.396,14175,0,0
2009-04-22,2.74963,2.80889,2.54222,2.58074,2.29583,36450,0,0
2009-04-23,2.52444,2.74667,2.44148,2.66963,2.37491,72225,0,0
2009-04-24,2.66667,2.97481,2.66667,2.77037,2.46453,23625,0,0
2009-04-27,2.85333,2.91852,2.62222,2.91852,2.59632,21263,0,0
2009-04-28,2.64889,3.01037,2.64889,2.95704,2.63059,19238,0,0
2009-04-29,2.95111,3.3037,2.95111,3.25926,2.89945,83025,0,0
2009-04-30,3.27704,3.35704,3.25926,3.29481,2.93108,92138,0,0
2009-05-01,3.34815,3.43704,3.24444,3.24444,2.88627,110363,0,0
2009-05-04,3.48444,3.80444,3.48444,3.51111,3.12349,15525,0,0
2009-05-05,3.40741,3.4963,3.3037,3.43407,3.05496,25313,0,0
2009-05-06,3.43704,3.50815,3.43704,3.50815,3.12086,5738,0,0
2009-05-07,3.4637,3.4637,3.34222,3.35704,2.98643,9113,0,0
2009-05-08,3.42222,3.55259,3.42222,3.51111,3.12349,7088,0,0
2009-05-11,3.47556,3.47556,3.34222,3.34815,2.97852,4388,0,0
2009-05-12,3.25333,3.25333,3.14963,3.16148,2.81246,22275,0,0
2009-05-13,3.05185,3.05185,2.8563,2.92444,2.60159,19238,0,0
2009-05-14,2.94815,2.94815,2.78518,2.90667,2.58578,11138,0,0
2009-05-15,2.80593,2.80593,2.74074,2.74667,2.44344,3038,0,0
2009-05-18,2.74667,3.00148,2.7437,3.00148,2.67013,7763,0,0
2009-05-19,2.8563,2.8563,2.66667,2.78518,2.47771,76613,0,0
2009-05-20,2.81185,2.9363,2.78815,2.79111,2.48298,22613,0,0
2009-05-21,2.78518,2.80593,2.56296,2.66667,2.37227,30375,0,0
2009-05-22,2.6963,2.71704,2.65778,2.71111,2.41181,15188,0,0
2009-05-26,2.85926,3.0163,2.75852,2.8237,2.51198,592313,0,0
2009-05-27,2.89185,2.89185,2.66963,2.78815,2.48034,300375,0,0
2009-05-28,2.82667,2.87111,2.76741,2.80296,2.49352,15863,0,0
2009-05-29,2.83556,2.91556,2.7437,2.86222,2.54624,66488,0,0
2009-06-01,3.03704,3.4163,3.03407,3.31556,2.94953,28688,0,0
2009-06-02,3.25037,3.31852,3.21185,3.21185,2.85727,73238,0,0
2009-06-03,3.22074,3.28296,3.22074,3.23556,2.87836,150188,0,0
2009-06-04,3.22963,3.24148,3.18222,3.22667,2.87045,27338,0,0
2009-06-05,3.22667,3.28296,3.20296,3.21778,2.86254,78638,0,0
2009-06-08,3.21185,3.26518,3.18222,3.22074,2.86518,64463,0,0
2009-06-09,3.21778,3.25926,3.20889,3.22074,2.86518,65813,0,0
2009-06-10,3.16444,3.16444,2.96889,3.03111,2.69648,13838,0,0
2009-06-11,3.09333,3.22963,2.99556,3.05185,2.71494,77625,0,0
2009-06-12,2.99556,3.04,2.9037,2.99852,2.66749,56025,0,0
2009-06-15,2.95111,2.96,2.86222,2.96,2.63322,29025,0,0
2009-06-16,2.94518,2.95407,2.73778,2.81481,2.50407,80325,0,0
2009-06-17,2.8,2.88889,2.71407,2.81481,2.50407,62438,0,0
2009-06-18,2.77037,2.89778,2.73482,2.79111,2.48298,23288,0,0
2009-06-19,2.81481,2.86518,2.79407,2.83852,2.52515,13163,0,0
2009-06-22,2.81481,2.81481,2.68148,2.68148,2.38545,71213,0,0
2009-06-23,2.77037,2.77037,2.66963,2.72889,2.42763,155250,0,0
2009-06-24,2.78518,2.91556,2.74667,2.80296,2.49352,105300,0,0
2009-06-25,2.73482,2.92148,2.73482,2.92148,2.59896,88425,0,0
2009-06-26,2.88296,2.88296,2.82963,2.84741,2.53306,23625,0,0
2009-06-29,2.87407,3.03407,2.83556,2.97185,2.64377,24638,0,0
2009-06-30,2.97185,2.97185,2.9363,2.9363,2.61214,4050,0,0
2009-07-01,2.97481,3.01037,2.96296,3.01037,2.67803,2700,0,0
2009-07-02,2.72593,2.77333,2.67259,2.68741,2.39072,34763,0,0
2009-07-06,2.64,2.68148,2.59259,2.64889,2.35646,17213,0,0
2009-07-07,2.60741,2.64296,2.56296,2.56296,2.28002,43875,0,0
2009-07-08,2.62222,2.66963,2.56296,2.66667,2.37227,12488,0,0
2009-07-09,2.62815,2.62815,2.57778,2.58963,2.30374,39150,0,0
2009-07-10,2.6163,2.63704,2.57185,2.63111,2.34064,22950,0,0
2009-07-13,2.68148,2.7763,2.61037,2.76444,2.45926,21600,0,0
2009-07-14,2.63704,2.8563,2.63704,2.78815,2.48034,43875,0,0
2009-07-15,2.85333,3.14074,2.85333,3.09333,2.75184,17888,0,0
2009-07-16,3.04889,3.18519,3.0163,3.17333,2.82301,6075,0,0
2009-07-17,3.10815,3.13185,3.05778,3.13185,2.7861,3375,0,0
2009-07-20,3.25926,3.25926,3.19704,3.25926,2.89945,15863,0,0
2009-07-21,3.22667,3.23259,3.17037,3.18519,2.83355,12488,0,0
2009-07-22,3.17333,3.21185,3.12889,3.17037,2.82037,26325,0,0
2009-07-23,3.17333,3.43407,3.17333,3.34815,2.97852,52650,0,0
2009-07-24,3.19704,3.3037,3.18519,3.25333,2.89417,16538,0,0
2009-07-27,3.17333,3.2,3.05778,3.12889,2.78347,3375,0,0
2009-07-28,3.17333,3.18815,3.04296,3.15556,2.80719,15188,0,0
2009-07-29,3.20889,3.20889,3.17037,3.17037,2.82037,2025,0,0
2009-07-30,3.42222,3.42222,3.34815,3.35407,2.98379,7425,0,0
2009-07-31,3.33333,3.46667,3.19407,3.27407,2.91262,29025,0,0
2009-08-03,3.36296,3.43704,3.26815,3.37778,3.00488,72225,0,0
2009-08-04,3.48148,3.59407,3.48148,3.52593,3.13667,60413,0,0
2009-08-05,3.40148,3.41926,3.28889,3.41926,3.04178,39150,0,0
2009-08-06,3.19704,3.4637,3.19704,3.29185,2.92844,15188,0,0
2009-08-07,3.30667,3.49333,3.30667,3.41926,3.04178,7763,0,0
2009-08-10,3.49926,3.52593,3.44889,3.50518,3.11822,4725,0,0
2009-08-11,3.42222,3.5437,3.35111,3.43704,3.0576,8100,0,0
2009-08-12,3.40444,3.52,3.39556,3.41333,3.03651,14850,0,0
2009-08-13,3.29481,3.40741,3.28,3.40444,3.0286,12150,0,0
2009-08-14,3.30963,3.30963,3.30963,3.30963,2.94426,338,0,0
2009-08-17,3.15852,3.16741,3.11111,3.11111,2.76765,6075,0,0
2009-08-18,3.06963,3.57926,3.06963,3.32148,2.9548,21263,0,0
2009-08-19,3.26222,3.42518,3.24148,3.42222,3.04442,11475,0,0
2009-08-20,3.42815,3.49926,3.3363,3.49926,3.11295,36788,0,0
2009-08-21,3.46667,3.55556,3.4637,3.55259,3.1604,7088,0,0
2009-08-24,3.54074,3.60296,3.4963,3.60296,3.2052,47250,0,0
2009-08-25,3.43111,3.73333,3.43111,3.72444,3.31327,27000,0,0
2009-08-26,3.64148,3.68889,3.64148,3.68889,3.28165,1688,0,0
2009-08-27,3.69185,3.76593,3.69185,3.74815,3.33436,7425,0,0
2009-08-28,3.71852,3.71852,3.59704,3.70963,3.3001,12488,0,0
2009-08-31,3.48148,3.76296,3.48148,3.76296,3.34754,9450,0,0
2009-09-01,3.44889,3.44889,3.15259,3.24741,2.8889,106313,0,0
2009-09-02,3.24148,3.26815,3.15556,3.26815,2.90735,38475,0,0
2009-09-03,3.20296,3.33926,3.18519,3.28593,2.92317,24300,0,0
2009-09-04,3.26222,3.30963,3.2563,3.3037,2.93898,14850,0,0
2009-09-08,3.20296,3.28296,3.20296,3.27407,2.91262,13838,0,0
2009-09-09,3.2237,3.39852,3.2237,3.31556,2.94953,19238,0,0
2009-09-10,3.32741,3.44,3.32741,3.44,3.06023,1688,0,0
2009-09-11,3.39259,3.39259,3.34222,3.36593,2.99434,1013,0,0
2009-09-14,3.26815,3.28889,3.24741,3.25333,2.89417,33413,0,0
2009-09-15,3.28889,3.29778,3.2237,3.26222,2.90208,44888,0,0
2009-09-16,3.27111,3.27111,3.23852,3.25926,2.89945,54000,0,0
2009-09-17,3.30667,3.39259,3.25926,3.34815,2.97852,109350,0,0
2009-09-18,3.34518,3.40741,3.16741,3.16741,2.81773,11813,0,0
2009-09-21,3.28296,3.35407,3.28296,3.3363,2.96798,2025,0,0
2009-09-22,3.3363,3.4163,3.32741,3.32741,2.96007,27675,0,0
2009-09-23,3.3037,3.39556,3.20296,3.22963,2.87309,8775,0,0
2009-09-24,3.20296,3.3037,3.20296,3.27111,2.90999,11138,0,0
2009-09-25,3.21778,3.22963,3.21778,3.22667,2.87045,1350,0,0
2009-09-28,3.29778,3.4637,3.29778,3.38074,3.00752,79988,0,0
2009-09-29,3.43407,3.43407,3.32444,3.35407,2.98379,23288,0,0
2009-09-30,3.31556,3.31556,3.22667,3.25037,2.89154,15188,0,0
2009-10-01,3.19111,3.19111,3.03704,3.08444,2.74393,16875,0,0
2009-10-02,2.94815,2.97778,2.94815,2.96889,2.64113,5738,0,0
2009-10-05,3.01333,3.04296,2.99556,3.04296,2.70703,20925,0,0
2009-10-06,3.13482,3.23852,3.11111,3.11111,2.76765,35775,0,0
2009-10-07,3.11407,3.11407,3.11407,3.11407,2.77029,4050,0,0
2009-10-08,3.13185,3.14074,3.13185,3.14074,2.79401,16538,0,0
2009-10-09,3.12,3.13185,3.11704,3.13185,2.7861,30038,0,0
2009-10-12,3.15556,3.15556,3.15259,3.15556,2.80719,70538,0,0
2009-10-13,3.12,3.21778,3.10815,3.21778,2.86254,78638,0,0
2009-10-14,3.22963,3.22963,3.10519,3.18519,2.83355,15863,0,0
2009-10-15,3.12889,3.14074,3.05482,3.09037,2.7492,12488,0,0
2009-10-16,3.08148,3.09926,3.06667,3.09926,2.75711,54338,0,0
2009-10-19,3.08741,3.10815,3.08148,3.08148,2.74129,10125,0,0
2009-10-20,3.11111,3.11407,3.11111,3.11407,2.77029,3038,0,0
2009-10-21,3.09926,3.09926,2.9363,2.9363,2.61214,4725,0,0
2009-10-22,2.92444,2.96,2.81481,2.96,2.63322,39825,0,0
2009-10-23,2.96,2.96,2.80296,2.83852,2.52515,240638,0,0
2009-10-26,2.9037,2.90963,2.81185,2.88889,2.56996,129938,0,0
2009-10-27,2.86222,2.86815,2.7763,2.84444,2.53043,7425,0,0
2009-10-28,2.80593,2.81185,2.74667,2.76444,2.45926,4725,0,0
2009-10-29,2.75556,2.80296,2.75556,2.77037,2.46453,56025,0,0
2009-10-30,2.75259,2.77037,2.71111,2.71111,2.41181,223763,0,0
2009-11-02,2.70519,2.73185,2.61926,2.72889,2.42763,40163,0,0
2009-11-03,2.73185,2.88296,2.73185,2.84444,2.53043,96863,0,0
2009-11-04,2.81481,2.82074,2.76741,2.77333,2.46716,179213,0,0
2009-11-05,2.78815,2.82963,2.78815,2.79704,2.48825,5063,0,0
2009-11-06,2.82963,2.85926,2.79111,2.85926,2.5436,99225,0,0
2009-11-09,2.89481,2.91852,2.88,2.89481,2.57524,38138,0,0
2009-11-10,2.9037,2.9037,2.83259,2.83259,2.51988,1688,0,0
2009-11-11,2.86815,2.88593,2.77333,2.88593,2.56733,1013,0,0
2009-11-12,2.86222,2.88593,2.75259,2.77926,2.47244,1688,0,0
2009-11-13,2.76148,2.89185,2.67259,2.86518,2.54888,208575,0,0
2009-11-16,2.88296,3.08148,2.88296,3.08148,2.74129,48263,0,0
2009-11-17,3.02815,3.08148,2.98074,3.05482,2.71757,10800,0,0
2009-11-18,3.06667,3.11111,2.99259,3.07852,2.73866,63450,0,0
2009-11-19,3.0163,3.01926,2.79111,2.90074,2.58051,196763,0,0
2009-11-20,2.84444,2.87111,2.67556,2.67556,2.38018,13163,0,0
2009-11-23,3.02815,3.02815,2.77926,2.78815,2.48034,13500,0,0
2009-11-24,2.84741,2.84741,2.6163,2.78518,2.47771,19913,0,0
2009-11-25,2.75852,2.79704,2.75556,2.79407,2.48562,6750,0,0
2009-11-27,2.7437,2.74963,2.68444,2.68444,2.38809,6075,0,0
2009-11-30,2.6637,2.89778,2.49185,2.89778,2.57787,47588,0,0
2009-12-01,2.87407,2.87407,2.70222,2.82963,2.51725,5738,0,0
2009-12-02,2.77926,2.83259,2.72889,2.81481,2.50407,5400,0,0
2009-12-03,2.82074,2.82074,2.74667,2.81481,2.50407,7088,0,0
2009-12-04,2.87111,3.01926,2.85037,3.01926,2.68594,8775,0,0
2009-12-07,2.97778,3.10815,2.97778,3.10815,2.76502,3375,0,0
2009-12-08,3.03111,3.11111,3.01037,3.10222,2.75974,15188,0,0
2009-12-09,3.08148,3.08148,2.95407,2.95407,2.62795,16200,0,0
2009-12-10,3.00741,3.00741,2.75852,2.7763,2.4698,10125,0,0
2009-12-11,2.83556,2.85037,2.68444,2.79111,2.48298,79988,0,0
2009-12-14,2.81481,2.81481,2.73482,2.73482,2.4329,26325,0,0
2009-12-15,2.73482,2.86518,2.72593,2.85926,2.5436,39150,0,0
2009-12-16,2.81481,2.81481,2.72593,2.79704,2.48825,7763,0,0
2009-12-17,2.72593,2.77926,2.69926,2.77926,2.47244,3038,0,0
2009-12-18,2.82963,2.82963,2.69037,2.69037,2.39336,5400,0,0
2009-12-21,2.81185,2.81185,2.75259,2.78518,2.47771,3375,0,0
2009-12-22,2.84444,3.06667,2.84444,3.05778,2.72021,37800,0,0
2009-12-23,3.03111,3.11111,3.02222,3.11111,2.76765,12150,0,0
2009-12-24,3.08741,3.16444,2.95407,3.16444,2.8151,23963,0,0
2009-12-28,3.1437,3.17333,3.10519,3.17037,2.82037,36450,0,0
2009-12-29,3.14963,3.19704,3.14963,3.18222,2.83091,24975,0,0
2009-12-30,3.12,3.20296,3.0637,3.19704,2.84409,16875,0,0
2009-12-31,3.14667,3.20296,3.05482,3.11407,2.77029,5400,0,0
2010-01-04,3.13778,3.20296,3.13778,3.16741,2.81773,1350,0,0
2010-01-05,3.20593,3.21778,3.0963,3.21778,2.86254,23288,0,0
2010-01-06,3.23259,3.23259,3.07259,3.07259,2.73339,68175,0,0
2010-01-07,3.04296,3.0637,3.04296,3.05778,2.72021,3375,0,0
2010-01-08,3.07259,3.07259,3.01333,3.03704,2.70176,2363,0,0
2010-01-11,3.06667,3.18519,3.06667,3.17333,2.82301,70200,0,0
2010-01-12,3.1763,3.1763,2.98963,3.06074,2.72284,11475,0,0
2010-01-13,3.03407,3.06667,3.01037,3.05482,2.71757,16875,0,0
2010-01-14,3.07852,3.11407,3.04593,3.11407,2.77029,9113,0,0
2010-01-15,3.07259,3.15852,2.7437,2.93333,2.6095,36450,0,0
2010-01-19,2.96296,3.26518,2.96296,3.13185,2.7861,45900,0,0
2010-01-20,3.1763,3.19407,2.94815,3.04296,2.70703,24975,0,0
2010-01-21,3.08444,3.08444,2.91259,2.92444,2.60159,42863,0,0
2010-01-22,3.00444,3.04,2.96593,3.01037,2.67803,5738,0,0
2010-01-25,2.96296,3.00148,2.94518,3.00148,2.67013,3038,0,0
2010-01-26,2.97481,2.97481,2.89778,2.92148,2.59896,10463,0,0
2010-01-27,2.85037,3.05482,2.85037,3.05482,2.71757,6075,0,0
2010-01-28,3.01926,3.01926,2.90667,2.95111,2.62532,14175,0,0
2010-01-29,2.99852,2.99852,2.90963,2.94518,2.62004,3038,0,0
2010-02-01,2.98963,2.98963,2.98963,2.98963,2.65958,338,0,0
2010-02-02,2.99259,3.04,2.99259,3.01926,2.68594,1350,0,0
2010-02-03,3.0163,3.02519,2.93037,2.97778,2.64904,7088,0,0
2010-02-04,2.97778,2.97778,2.97778,2.97778,2.64904,338,0,0
2010-02-05,3.00741,3.00741,2.98963,2.98963,2.65958,675,0,0
2010-02-08,2.89778,2.89778,2.8563,2.87407,2.55678,2700,0,0
2010-02-09,2.89185,2.89185,2.82963,2.87704,2.55942,2025,0,0
2010-02-10,2.83259,2.83259,2.77037,2.81185,2.50143,10463,0,0
2010-02-11,2.84148,2.86815,2.83852,2.85333,2.53833,12488,0,0
2010-02-12,2.81481,2.86815,2.81481,2.86815,2.55151,11138,0,0
2010-02-16,2.86222,2.86222,2.75556,2.8,2.49089,1350,0,0
2010-02-17,2.83852,3.02519,2.83852,2.97778,2.64904,3713,0,0
2010-02-18,3.02519,3.12593,3.02222,3.03704,2.70176,50963,0,0
2010-02-19,3.06074,3.25926,3.06074,3.12593,2.78083,102938,0,0
2010-02-22,3.17037,3.17333,3.17037,3.17333,2.82301,675,0,0
2010-02-23,3.39556,3.39556,2.88296,3.02519,2.69121,83700,0,0
2010-02-24,2.98963,2.98963,2.71704,2.8563,2.54097,24300,0,0
2010-02-25,2.83259,2.86815,2.8237,2.86815,2.55151,2363,0,0
2010-02-26,2.81778,2.87407,2.75259,2.85037,2.5357,100913,0,0
2010-03-01,2.81185,2.83259,2.72,2.81185,2.50143,70200,0,0
2010-03-02,2.82963,2.87111,2.82963,2.86222,2.54624,32400,0,0
2010-03-03,2.81778,2.84148,2.81481,2.83852,2.52515,102938,0,0
2010-03-04,2.82074,2.85333,2.82074,2.85333,2.53833,92475,0,0
2010-03-05,2.84148,3.02519,2.82074,2.98074,2.65167,19913,0,0
2010-03-08,3.04593,3.0637,3.04,3.0637,2.72548,2025,0,0
2010-03-09,3.09926,3.37185,3.09926,3.37185,2.99961,2700,0,0
2010-03-10,3.30074,3.30074,3.15259,3.24741,2.8889,7425,0,0
2010-03-11,3.15556,3.2563,3.15556,3.25037,2.89154,5738,0,0
2010-03-12,3.25926,3.26815,3.18222,3.21185,2.85727,10125,0,0
2010-03-15,3.22667,3.28889,3.22667,3.28889,2.9258,675,0,0
2010-03-16,3.28889,3.28889,3.27111,3.27111,2.90999,1013,0,0
2010-03-17,3.29778,3.35407,3.28889,3.33037,2.96271,49275,0,0
2010-03-18,3.36,3.36,3.3363,3.3363,2.96798,3038,0,0
2010-03-19,3.36296,3.48148,3.26815,3.3837,3.01015,31388,0,0
2010-03-22,3.33926,3.39259,3.30963,3.39259,3.01806,7088,0,0
2010-03-23,3.35407,3.45185,3.35407,3.36296,2.9917,18563,0,0
2010-03-24,3.28593,3.40444,3.28593,3.33333,2.96534,6413,0,0
2010-03-25,3.34518,3.44889,3.29481,3.37778,3.00488,6750,0,0
2010-03-26,3.37778,3.37778,3.37778,3.37778,3.00488,0,0,0
2010-03-29,3.48148,3.48148,3.24148,3.33037,2.96271,207900,0,0
2010-03-30,3.34518,3.45481,3.30074,3.41333,3.03651,95513,0,0
2010-03-31,3.31852,3.64444,3.31852,3.64444,3.24211,72563,0,0
2010-04-01,3.61778,3.63852,3.47852,3.63259,3.23156,29700,0,0
2010-04-05,3.63852,3.66519,3.62667,3.64148,3.23947,18900,0,0
2010-04-06,3.61185,3.88148,3.61185,3.85481,3.42925,13163,0,0
2010-04-07,3.88741,4.11259,3.85185,4.02963,3.58477,20588,0,0
2010-04-08,4.08889,4.14518,4.08889,4.11852,3.66384,31725,0,0
2010-04-09,4.08296,4.11556,4.06815,4.10667,3.6533,22613,0,0
2010-04-12,4.08296,4.22518,4.08296,4.17778,3.71656,55013,0,0
2010-04-13,4.17778,4.18963,4.14815,4.16,3.70075,29025,0,0
2010-04-14,4.18963,4.2163,4.13333,4.2163,3.75083,48600,0,0
2010-04-15,4.24,4.39704,4.24,4.32889,3.85099,65138,0,0
2010-04-16,4.29333,4.29333,4.13037,4.13926,3.68229,15863,0,0
2010-04-19,4.07407,4.13333,4.07111,4.13333,3.67702,43875,0,0
2010-04-20,4.14815,4.15111,4.04148,4.04148,3.59531,27338,0,0
2010-04-21,4.01185,4.21926,4.01185,4.16889,3.70865,88425,0,0
2010-04-22,4.14518,4.23407,4.14518,4.14815,3.6902,144788,0,0
2010-04-23,4.14815,4.18963,4.13037,4.15111,3.69284,63113,0,0
2010-04-26,4.16593,4.19259,4.10963,4.15407,3.69548,119475,0,0
2010-04-27,4.17185,4.28148,4.11556,4.11852,3.66384,105638,0,0
2010-04-28,4.15407,4.16,4.05333,4.07704,3.62694,23288,0,0
2010-04-29,4.12444,4.21926,4.09778,4.19852,3.73501,125888,0,0
2010-04-30,4.20148,4.22518,4.05037,4.07704,3.62694,43875,0,0
2010-05-03,4.09481,4.16889,4.07407,4.14815,3.6902,27338,0,0
2010-05-04,4.13333,4.13333,4.00593,4.08296,3.63221,10463,0,0
2010-05-05,4.05333,4.06815,3.91407,3.91407,3.48197,5400,0,0
2010-05-06,3.93778,3.99111,3.67407,3.82222,3.40026,42863,0,0
2010-05-07,3.61482,3.69185,3.51111,3.64741,3.24474,10125,0,0
2010-05-10,3.73333,3.8637,3.73333,3.8637,3.43716,22613,0,0
2010-05-11,3.87852,4.14815,3.87852,4.09481,3.64276,31050,0,0
2010-05-12,4.09481,4.10963,4.06518,4.09185,3.64012,36788,0,0
2010-05-13,3.99704,4.03556,3.94074,3.98815,3.54787,4388,0,0
2010-05-14,3.88741,4.00889,3.79852,3.91407,3.48197,68175,0,0
2010-05-17,3.94667,4.08889,3.78667,3.92296,3.48988,103613,0,0
2010-05-18,3.92889,4.11259,3.75704,3.76296,3.34754,100913,0,0
2010-05-19,3.75704,3.82222,3.56741,3.6,3.20257,139725,0,0
2010-05-20,3.5437,3.54667,3.26222,3.27111,2.90999,83700,0,0
2010-05-21,3.30963,3.49037,3.23259,3.39852,3.02333,102263,0,0
2010-05-24,3.38667,3.45481,3.34518,3.40148,3.02597,52650,0,0
2010-05-25,3.28,3.4163,3.25926,3.35111,2.98116,33075,0,0
2010-05-26,3.41926,3.67407,3.36296,3.58815,3.19203,128250,0,0
2010-05-27,3.68593,3.76593,3.65333,3.76593,3.35018,12488,0,0
2010-05-28,3.76889,3.81037,3.73926,3.77481,3.35808,16200,0,0
2010-06-01,3.66222,3.66222,3.5437,3.56741,3.17357,5738,0,0
2010-06-02,3.49926,3.60593,3.4637,3.60593,3.20784,4388,0,0
2010-06-03,3.60889,3.67111,3.60889,3.65037,3.24738,24638,0,0
2010-06-04,3.64148,3.64148,3.38667,3.43704,3.0576,79313,0,0
2010-06-07,3.44296,3.46074,3.38667,3.43704,3.0576,88425,0,0
2010-06-08,3.43111,3.49037,3.41037,3.49037,3.10504,32063,0,0
2010-06-09,3.4963,3.4963,3.38074,3.41333,3.03651,76950,0,0
2010-06-10,3.44593,3.62074,3.44593,3.57926,3.18412,27338,0,0
2010-06-11,3.6237,3.76,3.62074,3.76,3.3449,7763,0,0
2010-06-14,3.74815,3.80148,3.73926,3.79852,3.37917,25313,0,0
2010-06-15,3.82222,3.83111,3.80148,3.82222,3.40026,71550,0,0
2010-06-16,3.81037,3.85778,3.80444,3.82815,3.40553,51975,0,0
2010-06-17,3.81926,3.83111,3.77481,3.81333,3.39235,23963,0,0
2010-06-18,3.92889,3.92889,3.8163,3.87259,3.44507,62775,0,0
2010-06-21,3.85778,3.92593,3.85778,3.8963,3.46616,107325,0,0
2010-06-22,3.91111,3.91111,3.67704,3.68889,3.28165,45563,0,0
2010-06-23,3.57926,3.6237,3.55556,3.61185,3.21311,13500,0,0
2010-06-24,3.55259,3.64741,3.51407,3.61185,3.21311,92813,0,0
2010-06-25,3.6,3.65926,3.53482,3.65926,3.25529,3713,0,0
2010-06-28,3.65926,3.71259,3.59704,3.62963,3.22893,62100,0,0
2010-06-29,3.5763,3.5763,3.48148,3.49926,3.11295,45563,0,0
2010-06-30,3.50815,3.56741,3.44889,3.45185,3.07078,86400,0,0
2010-07-01,3.46667,3.46667,3.34518,3.41037,3.03387,12488,0,0
2010-07-02,3.36889,3.40741,3.33037,3.33037,2.96271,119475,0,0
2010-07-06,3.36593,3.44296,3.20889,3.20889,2.85464,26663,0,0
2010-07-07,3.20296,3.22667,3.0963,3.18222,2.83091,46913,0,0
2010-07-08,3.25333,3.34815,3.25333,3.30074,2.93635,9113,0,0
2010-07-09,3.28,3.29778,3.24148,3.29778,2.93371,6413,0,0
2010-07-12,3.12593,3.28889,3.12593,3.28,2.9179,36788,0,0
2010-07-13,3.31259,3.6,3.31259,3.6,3.20257,29700,0,0
2010-07-14,3.54667,3.66222,3.50222,3.50222,3.11559,52988,0,0
2010-07-15,3.55259,3.55259,3.39556,3.48444,3.09977,33075,0,0
2010-07-16,3.38963,3.38963,3.30667,3.3363,2.96798,87075,0,0
2010-07-19,3.35407,3.35407,3.24444,3.31556,2.94953,33413,0,0
2010-07-20,3.28593,3.49333,3.28593,3.49333,3.10768,30713,0,0
2010-07-21,3.50518,3.65333,3.46074,3.49926,3.11295,14513,0,0
2010-07-22,3.57926,3.76,3.57926,3.71259,3.30273,21938,0,0
2010-07-23,3.74815,3.90222,3.74815,3.80741,3.38708,13500,0,0
2010-07-26,3.84,3.93778,3.82222,3.90518,3.47406,8775,0,0
2010-07-27,3.84593,3.84593,3.84296,3.84296,3.41871,3038,0,0
2010-07-28,3.87259,3.88741,3.80148,3.80148,3.38181,21938,0,0
2010-07-29,3.86963,3.87259,3.78963,3.86667,3.4398,6075,0,0
2010-07-30,3.8637,3.94667,3.8637,3.87852,3.45034,60750,0,0
2010-08-02,3.95259,4.11259,3.95259,4.05926,3.61113,53325,0,0
2010-08-03,4.07111,4.16,3.9763,3.9763,3.53732,330413,0,0
2010-08-04,3.9763,3.9763,3.9763,3.9763,3.53732,0,0,0
2010-08-05,3.90815,3.91704,3.82815,3.86074,3.43452,8100,0,0
2010-08-06,3.82815,3.85778,3.70667,3.85778,3.43189,43200,0,0
2010-08-09,3.59704,3.85481,3.59704,3.85481,3.42925,3713,0,0
2010-08-10,3.7037,3.7037,3.54963,3.55852,3.16567,66825,0,0
2010-08-11,3.4963,3.4963,3.38074,3.40741,3.03124,9788,0,0
2010-08-12,3.37778,3.44593,3.37778,3.44593,3.0655,8438,0,0
2010-08-13,3.43704,3.43704,3.36889,3.40741,3.03124,3375,0,0
2010-08-16,3.46667,3.47852,3.36296,3.46074,3.07868,86400,0,0
2010-08-17,3.52593,3.6,3.50222,3.57333,3.17885,3038,0,0
2010-08-18,3.58519,3.68889,3.58519,3.65333,3.25001,14513,0,0
2010-08-19,3.60889,3.60889,3.41926,3.45481,3.07341,2025,0,0
2010-08-20,3.43704,3.56444,3.41926,3.44296,3.06287,27000,0,0
2010-08-23,3.51111,3.51111,3.36889,3.36889,2.99697,10800,0,0
2010-08-24,3.28889,3.37481,3.28889,3.37481,3.00224,25650,0,0
2010-08-25,3.30667,3.42815,3.29481,3.42815,3.04969,4725,0,0
2010-08-26,3.45778,3.46963,3.42222,3.43704,3.0576,33413,0,0
2010-08-27,3.46667,3.46667,3.4163,3.46667,3.08396,6413,0,0
2010-08-30,3.49037,3.56148,3.40148,3.45185,3.07078,48263,0,0
2010-08-31,3.37481,3.40741,3.36,3.40741,3.03124,12488,0,0
2010-09-01,3.38667,3.67407,3.38667,3.67407,3.26847,14513,0,0
2010-09-02,3.66519,3.75111,3.65333,3.75111,3.337,3375,0,0
2010-09-03,3.71852,3.71852,3.71852,3.71852,3.308,338,0,0
2010-09-07,3.7037,3.7037,3.60296,3.60296,3.2052,37463,0,0
2010-09-08,3.62963,3.64444,3.62074,3.62074,3.22102,3713,0,0
2010-09-09,3.79259,3.79259,3.72148,3.72148,3.31064,4725,0,0
2010-09-10,3.74222,4.00296,3.74222,3.91407,3.48197,83363,0,0
2010-09-13,4.00296,4.08593,3.92593,4.00593,3.56368,70875,0,0
2010-09-14,4.01185,4.03852,3.92593,3.92593,3.49251,36113,0,0
2010-09-15,3.86667,3.96741,3.86667,3.96444,3.52678,1688,0,0
2010-09-16,3.9437,3.95556,3.82815,3.90815,3.4767,142088,0,0
2010-09-17,3.95556,3.95556,3.85185,3.93778,3.50306,10463,0,0
2010-09-20,4,4,3.87852,3.87852,3.45034,8775,0,0
2010-09-21,3.92889,3.92889,3.89926,3.89926,3.46879,2363,0,0
2010-09-22,3.89037,3.93481,3.69778,3.80741,3.38708,55350,0,0
2010-09-23,3.78667,3.90815,3.78667,3.85185,3.42662,34425,0,0
2010-09-24,3.98518,4.07407,3.96444,4.00593,3.56368,11475,0,0
2010-09-27,4.04148,4.04741,3.95259,3.95259,3.51624,163688,0,0
2010-09-28,3.95556,4.05926,3.92889,4.0563,3.60849,33075,0,0
2010-09-29,3.99704,4.01481,3.99704,4.01481,3.57159,1688,0,0
2010-09-30,4.00593,4.07407,4.00593,4.07407,3.62431,19913,0,0
2010-10-01,4.07704,4.09185,3.98518,3.98518,3.54523,21263,0,0
2010-10-04,3.9437,3.9437,3.79259,3.84593,3.42135,25650,0,0
2010-10-05,3.91111,4.09778,3.91111,4,3.55841,39825,0,0
2010-10-06,3.99704,4.1037,3.98518,4.09778,3.64539,36788,0,0
2010-10-07,4.07407,4.10667,3.97926,3.99704,3.55578,65813,0,0
2010-10-08,3.99407,4.07407,3.94963,4.03259,3.5874,68850,0,0
2010-10-11,4.02667,4.05037,3.97926,4.05037,3.60322,64125,0,0
2010-10-12,4.02963,4.02963,3.96148,4,3.55841,12150,0,0
2010-10-13,4.05333,4.38518,4.03259,4.36741,3.88526,12825,0,0
2010-10-14,4.33778,4.41481,4.2963,4.2963,3.822,9788,0,0
2010-10-15,4.36444,4.36444,4.27259,4.2963,3.822,73913,0,0
2010-10-18,4.37333,4.38518,4.32296,4.33778,3.8589,36113,0,0
2010-10-19,4.20444,4.34963,4.19259,4.31111,3.83518,27675,0,0
2010-10-20,4.38518,4.40889,4.38518,4.40889,3.92216,3038,0,0
2010-10-21,4.59852,4.67259,4.33185,4.44444,3.95379,140738,0,0
2010-10-22,4.3437,4.48,4.34074,4.48,3.98542,13838,0,0
2010-10-25,4.45926,4.5037,4.39704,4.5037,4.00651,30713,0,0
2010-10-26,4.42667,4.5363,4.32593,4.43556,3.94588,94500,0,0
2010-10-27,4.44741,4.44741,4.32,4.4,3.91425,58050,0,0
2010-10-28,4.4,4.50667,4.35556,4.48593,3.99069,41175,0,0
2010-10-29,4.44741,4.44741,4.36148,4.36444,3.88262,5063,0,0
2010-11-01,4.48,4.53333,4.34963,4.3763,3.89316,9450,0,0
2010-11-02,4.39407,4.51259,4.23407,4.51259,4.01441,22613,0,0
2010-11-03,4.50074,4.50074,4.50074,4.50074,4.00387,3038,0,0
2010-11-04,4.5837,4.61037,4.5837,4.61037,4.1014,19238,0,0
2010-11-05,4.55704,4.67852,4.55704,4.67852,4.16202,14175,0,0
2010-11-08,4.65482,4.70519,4.65482,4.66963,4.15412,3038,0,0
2010-11-09,4.65185,4.68741,4.65185,4.68741,4.16993,11475,0,0
2010-11-10,4.68741,4.74074,4.68741,4.74074,4.21737,7425,0,0
2010-11-11,4.71111,4.72593,4.71111,4.72593,4.2042,2025,0,0
2010-11-12,4.70815,4.74074,4.70815,4.71111,4.19102,12150,0,0
2010-11-15,4.65778,4.74963,4.65778,4.74074,4.21737,4050,0,0
2010-11-16,4.73185,4.75852,4.56296,4.75852,4.23319,94500,0,0
2010-11-17,4.71704,4.8237,4.71704,4.77926,4.25164,4725,0,0
2010-11-18,4.89482,5.03704,4.85926,4.85926,4.32281,4388,0,0
2010-11-19,4.98074,5.01037,4.98074,5.01037,4.45724,675,0,0
2010-11-22,4.98074,5.11704,4.9037,5.03704,4.48096,72225,0,0
2010-11-23,4.81185,4.86519,4.8,4.8,4.27009,15525,0,0
2010-11-24,4.84444,5.16148,4.83259,5.15556,4.5864,46913,0,0
2010-11-26,5.11111,5.19111,5.04296,5.0637,4.50469,6075,0,0
2010-11-29,5.04296,5.07852,5.04296,5.06963,4.50995,5063,0,0
2010-11-30,5.04593,5.19111,4.96,5.19111,4.61803,52988,0,0
2010-12-01,5.19111,5.47852,5.19111,5.27407,4.69183,62100,0,0
2010-12-02,5.36,5.36,5.27704,5.36,4.76827,10800,0,0
2010-12-03,5.46963,5.60889,5.46963,5.58815,4.97123,24975,0,0
2010-12-06,5.53778,5.75704,5.53185,5.69482,5.06612,17888,0,0
2010-12-07,5.79556,5.98815,5.7837,5.85185,5.20582,25313,0,0
2010-12-08,5.88741,5.88741,5.80741,5.80741,5.16629,3713,0,0
2010-12-09,5.81037,5.81037,5.69482,5.69482,5.06612,10125,0,0
2010-12-10,5.66519,5.67704,5.37185,5.45778,4.85525,45563,0,0
2010-12-13,5.41037,5.46667,5.37778,5.40148,4.80517,30038,0,0
2010-12-14,5.37185,5.38963,5.18222,5.34222,4.75245,21938,0,0
2010-12-15,5.26222,5.3037,5.26222,5.26518,4.68392,3375,0,0
2010-12-16,5.39556,5.40444,5.25037,5.2563,4.67601,2363,0,0
2010-12-17,5.1763,5.35111,5.14963,5.31852,4.73137,6413,0,0
2010-12-20,5.23259,5.27407,5.22074,5.27407,4.69183,6075,0,0
2010-12-21,5.32741,5.33333,5.16444,5.19704,4.6233,124200,0,0
2010-12-22,5.20889,5.40148,5.16741,5.25333,4.67338,87413,0,0
2010-12-23,5.31556,5.32148,5.27407,5.27407,4.69183,14175,0,0
2010-12-27,5.3037,5.36593,5.3037,5.32741,4.73927,58050,0,0
2010-12-28,5.33333,5.35111,5.31852,5.33037,4.74191,50288,0,0
2010-12-29,5.36889,5.36889,5.34815,5.36593,4.77354,23963,0,0
2010-12-30,5.37185,5.42815,5.35111,5.37778,4.78409,59063,0,0
2010-12-31,5.39259,5.39259,5.35407,5.35407,4.763,14850,0,0
2011-01-03,5.39852,5.43111,5.37185,5.37185,4.77881,36113,0,0
2011-01-04,5.37185,5.37185,5.09926,5.19407,4.62066,10800,0,0
2011-01-05,5.23259,5.28296,5.22963,5.25926,4.67865,14850,0,0
2011-01-06,5.24741,5.2563,5.20296,5.23259,4.65493,14513,0,0
2011-01-07,5.20889,5.2237,5.18518,5.20889,4.63384,9788,0,0
2011-01-10,5.19704,5.22074,5.15852,5.22074,4.64439,23625,0,0
2011-01-11,5.21778,5.22074,5.10518,5.16741,4.59694,5400,0,0
2011-01-12,5.21481,5.21481,5.13778,5.14074,4.57322,2363,0,0
2011-01-13,5.09926,5.09926,4.99556,5.03407,4.47833,5063,0,0
2011-01-14,5.03407,5.03407,5.03407,5.03407,4.47833,0,0,0
2011-01-18,4.89185,5.01926,4.89185,5.0163,4.46251,8775,0,0
2011-01-19,4.99556,4.99556,4.8237,4.83259,4.29909,30375,0,0
2011-01-20,5.00444,5.04,4.94815,4.96,4.41243,47250,0,0
2011-01-21,4.97778,4.97778,4.88296,4.88593,4.34653,211950,0,0
2011-01-24,4.96593,5.0963,4.96296,5.01926,4.46515,44550,0,0
2011-01-25,5.05778,5.18518,5.05778,5.18518,4.61275,40163,0,0
2011-01-26,5.12,5.25037,5.12,5.18518,4.61275,3375,0,0
2011-01-27,5.2,5.27407,5.07852,5.13185,4.56531,29025,0,0
2011-01-28,5.07259,5.07259,4.80889,4.80889,4.278,48600,0,0
2011-01-31,4.85037,4.90074,4.81778,4.86815,4.33072,20925,0,0
2011-02-01,4.96296,5.10222,4.94222,5.0963,4.53368,45225,0,0
2011-02-02,5.14074,5.14074,5.01333,5.0163,4.46251,14175,0,0
2011-02-03,5.01926,5.03407,4.84741,4.84741,4.31227,6750,0,0
2011-02-04,4.93037,5.12296,4.90074,5.06667,4.50732,33413,0,0
2011-02-07,5.10815,5.13185,5.10815,5.12,4.55476,5400,0,0
2011-02-08,5.10222,5.14667,5.10222,5.14667,4.57849,24975,0,0
2011-02-09,5.10815,5.24741,5.10815,5.23556,4.65756,11475,0,0
2011-02-10,5.2237,5.22667,5.16741,5.20296,4.62857,4725,0,0
2011-02-11,5.09926,5.26222,5.09926,5.26222,4.68129,9788,0,0
2011-02-14,5.15852,5.35407,5.15852,5.33333,4.74455,9113,0,0
2011-02-15,5.28889,5.33037,5.26222,5.27111,4.68919,9788,0,0
2011-02-16,5.36296,5.36296,5.28889,5.3037,4.71819,18900,0,0
2011-02-17,5.20296,5.28,5.15556,5.18518,4.61275,33750,0,0
2011-02-18,5.25037,5.25037,5.06074,5.15556,4.5864,23963,0,0
2011-02-22,5.01333,5.01333,4.8563,4.96296,4.41506,5400,0,0
2011-02-23,4.83259,4.83259,4.72296,4.74074,4.21737,11813,0,0
2011-02-24,4.70222,4.78222,4.70222,4.75259,4.22792,37125,0,0
2011-02-25,4.75556,4.88889,4.75556,4.88889,4.34917,7425,0,0
2011-02-28,4.95111,4.95111,4.67556,4.8,4.27009,29025,0,0
2011-03-01,4.77926,4.79407,4.77926,4.78815,4.25955,49950,0,0
2011-03-02,4.91852,5.01333,4.79407,4.89185,4.3518,9450,0,0
2011-03-03,5.09926,5.12296,5.07556,5.08444,4.52313,2700,0,0
2011-03-04,5.01333,5.02222,4.84444,4.99259,4.44142,28013,0,0
2011-03-07,4.97185,4.97185,4.69926,4.8,4.27009,58725,0,0
2011-03-08,4.94519,4.99259,4.82667,4.82667,4.29382,5738,0,0
2011-03-09,4.83852,4.90074,4.8237,4.8237,4.29118,5400,0,0
2011-03-10,4.74074,4.81482,4.74074,4.77037,4.24373,27675,0,0
2011-03-11,4.74074,4.8563,4.74074,4.80889,4.278,21938,0,0
2011-03-14,4.79704,4.79704,4.65778,4.72593,4.2042,33413,0,0
2011-03-15,4.67259,4.7763,4.67259,4.77037,4.24373,14175,0,0
2011-03-16,4.76741,4.78222,4.62222,4.62222,4.11194,39488,0,0
2011-03-17,4.75852,4.75852,4.66074,4.6637,4.14884,18563,0,0
2011-03-18,4.7763,5.04889,4.72,4.78815,4.25955,167063,0,0
2011-03-21,4.9037,4.9363,4.88593,4.9363,4.39134,10463,0,0
2011-03-22,5.00444,5.00444,4.96296,4.98667,4.43615,3375,0,0
2011-03-23,5.08741,5.12,5.07556,5.07556,4.51523,4725,0,0
2011-03-24,5.0963,5.12296,5.04593,5.04593,4.48887,3375,0,0
2011-03-25,5.09037,5.16148,5.09037,5.11407,4.54949,7088,0,0
2011-03-28,5.12,5.12,5.04889,5.04889,4.49151,2025,0,0
2011-03-29,4.94815,5.03407,4.94815,5.00444,4.45197,9113,0,0
2011-03-30,5.01926,5.05778,4.99259,5.01037,4.45724,8775,0,0
2011-03-31,4.99556,5.15556,4.9837,5.15556,4.5864,17213,0,0
2011-04-01,5.13481,5.24444,5.13481,5.24148,4.66284,11475,0,0
2011-04-04,5.21185,5.21481,5.2,5.20593,4.6312,2025,0,0
2011-04-05,5.19407,5.35407,5.18518,5.29778,4.71292,7425,0,0
2011-04-06,5.30963,5.38963,5.28889,5.38074,4.78672,4388,0,0
2011-04-07,5.43111,5.59111,5.40148,5.51407,4.90533,18225,0,0
2011-04-08,5.42222,5.42222,5.42222,5.42222,4.82362,3375,0,0
2011-04-11,5.49333,5.4963,5.49333,5.49333,4.88688,1350,0,0
2011-04-12,5.52889,5.52889,5.37778,5.43111,4.83153,31050,0,0
2011-04-13,5.49333,5.49333,5.41037,5.43111,4.83153,14850,0,0
2011-04-14,5.40148,5.4163,5.39852,5.4163,4.81835,1350,0,0
2011-04-15,5.40148,5.46074,5.40148,5.45185,4.84998,292275,0,0
2011-04-18,5.44889,5.44889,5.34518,5.36593,4.77354,23963,0,0
2011-04-19,5.39852,5.45778,5.21185,5.21185,4.63648,30038,0,0
2011-04-20,5.42222,5.45778,5.37778,5.40741,4.81044,4725,0,0
2011-04-21,5.52,5.64444,5.36593,5.36593,4.77354,24638,0,0
2011-04-25,5.39259,5.4163,5.37481,5.40741,4.81044,133313,0,0
2011-04-26,5.41926,5.49333,5.34518,5.37185,4.77881,13163,0,0
2011-04-27,5.45185,5.45185,5.36593,5.40148,4.80517,6075,0,0
2011-04-28,5.36,5.46667,5.36,5.43111,4.83153,14513,0,0
2011-04-29,5.45778,5.49037,5.43407,5.48148,4.87634,4725,0,0
2011-05-02,5.35111,5.41037,5.28593,5.28593,4.70237,16200,0,0
2011-05-03,5.17037,5.17037,5.09037,5.12593,4.56004,2700,0,0
2011-05-04,5.04889,5.12296,4.98667,5.08741,4.52577,11813,0,0
2011-05-05,4.97185,5.25037,4.97185,5.12593,4.56004,9788,0,0
2011-05-06,5.21185,5.25333,5.19111,5.24741,4.66811,5738,0,0
2011-05-09,5.28,5.37778,5.28,5.35111,4.76036,37125,0,0
2011-05-10,5.48444,5.61482,5.4637,5.60296,4.98441,33413,0,0
2011-05-11,5.60296,5.64444,5.39259,5.42222,4.82362,21600,0,0
2011-05-12,5.41926,5.51704,5.39556,5.51704,4.90797,8775,0,0
2011-05-13,5.50815,5.56148,5.27407,5.38074,4.78672,9113,0,0
2011-05-16,5.33926,5.33926,5.18815,5.18815,4.61539,2025,0,0
2011-05-17,5.13481,5.18815,5.11111,5.12593,4.56004,5400,0,0
2011-05-18,5.14963,5.18815,5.11407,5.1763,4.60485,20250,0,0
2011-05-19,5.18518,5.21185,5.08444,5.18815,4.61539,11138,0,0
2011-05-20,5.20593,5.21185,5.03407,5.11111,4.54686,14850,0,0
2011-05-23,4.94519,5.0637,4.94519,5.04296,4.48623,5400,0,0
2011-05-24,4.96,4.96593,4.9363,4.96593,4.4177,21263,0,0
2011-05-25,4.95111,4.96593,4.9037,4.96593,4.4177,15525,0,0
2011-05-26,4.92741,4.97185,4.89185,4.94815,4.40189,13163,0,0
2011-05-27,4.99852,5.08741,4.97778,5.04,4.4836,3375,0,0
2011-05-31,5.06963,5.13481,4.92148,5.13481,4.56794,79650,0,0
2011-06-01,5.07852,5.07852,4.8,4.86222,4.32545,12150,0,0
2011-06-02,4.72889,4.80889,4.72593,4.77037,4.24373,6075,0,0
2011-06-03,4.70815,4.70815,4.56296,4.68444,4.16729,30713,0,0
2011-06-06,4.64,4.72,4.64,4.70222,4.18311,14513,0,0
2011-06-07,4.66074,4.73482,4.65185,4.66667,4.15148,14513,0,0
2011-06-08,4.63704,4.63704,4.37926,4.42963,3.94061,23288,0,0
2011-06-09,4.42963,4.5363,4.42963,4.48,3.98542,24975,0,0
2011-06-10,4.43259,4.54815,4.37037,4.50667,4.00914,28688,0,0
2011-06-13,4.50963,4.50963,4.41778,4.46815,3.97488,23288,0,0
2011-06-14,4.54222,4.58074,4.49185,4.52148,4.02232,56700,0,0
2011-06-15,4.48889,4.48889,4.41778,4.45926,3.96697,1350,0,0
2011-06-16,4.45333,4.48,4.45037,4.48,3.98542,6075,0,0
2011-06-17,4.54222,4.54222,4.40296,4.40296,3.91689,12825,0,0
2011-06-20,4.49778,4.49778,4.4563,4.48889,3.99333,1350,0,0
2011-06-21,4.53333,4.57185,4.51259,4.5363,4.0355,102600,0,0
2011-06-22,4.51259,4.55111,4.50963,4.53037,4.03023,48263,0,0
2011-06-23,4.48889,4.56296,4.44741,4.56296,4.05922,33750,0,0
2011-06-24,4.56296,4.60444,4.56296,4.59556,4.08822,61088,0,0
2011-06-27,4.62222,4.66963,4.58667,4.62815,4.11721,42525,0,0
2011-06-28,4.6637,4.70519,4.61926,4.70519,4.18574,70875,0,0
2011-06-29,4.71407,4.73482,4.62222,4.70519,4.18574,16200,0,0
2011-06-30,4.71704,4.7763,4.71704,4.77037,4.24373,17550,0,0
2011-07-01,4.77037,4.83852,4.75259,4.82963,4.29645,55688,0,0
2011-07-05,4.77926,4.77926,4.63704,4.72296,4.20156,54338,0,0
2011-07-06,4.6637,4.72,4.58074,4.6963,4.17784,124875,0,0
2011-07-07,4.73185,4.81185,4.66667,4.78222,4.25428,21938,0,0
2011-07-08,4.76741,4.76741,4.6963,4.74074,4.21737,29025,0,0
2011-07-11,4.6963,4.81185,4.64,4.81185,4.28064,297000,0,0
2011-07-12,4.76741,4.84148,4.76148,4.76148,4.23583,10800,0,0
2011-07-13,4.80889,5.05185,4.80889,5.00444,4.45197,71550,0,0
2011-07-14,4.9363,4.98963,4.92741,4.93333,4.3887,39150,0,0
2011-07-15,4.9837,5.0163,4.96889,5.0163,4.46251,48938,0,0
2011-07-18,5.00741,5.00741,4.96,4.96,4.41243,2363,0,0
2011-07-19,4.98667,5.06074,4.97185,5.03407,4.47833,46575,0,0
2011-07-20,5.03407,5.04593,5.01926,5.02222,4.46778,14850,0,0
2011-07-21,5.10222,5.11111,5.00741,5.04593,4.48887,59063,0,0
2011-07-22,5.0637,5.0637,5.04593,5.05481,4.49678,42863,0,0
2011-07-25,5.00741,5.09037,4.96296,5.02815,4.47305,52650,0,0
2011-07-26,4.98963,5.07852,4.97482,4.97778,4.42824,67838,0,0
2011-07-27,5.29185,5.30074,4.9837,5.03407,4.47833,125213,0,0
2011-07-28,5.06963,5.11111,4.99852,5.02222,4.46778,73913,0,0
2011-07-29,4.99852,5.04,4.89185,4.96296,4.41506,31050,0,0
2011-08-01,5.07852,5.08444,4.78222,4.89778,4.35708,88088,0,0
2011-08-02,4.83852,4.99852,4.65482,4.71704,4.19629,9113,0,0
2011-08-03,4.68148,4.68148,4.40593,4.61037,4.1014,24300,0,0
2011-08-04,4.48593,4.56296,4.31704,4.33778,3.8589,25650,0,0
2011-08-05,4.31704,4.31704,4.15111,4.29333,3.81936,22613,0,0
2011-08-08,4.15704,4.24296,3.53482,3.53482,3.14458,55688,0,0
2011-08-09,3.73037,4.07111,3.53185,3.91704,3.48461,19913,0,0
2011-08-10,3.8163,3.8163,3.57037,3.68,3.27374,10125,0,0
2011-08-11,3.78963,3.94074,3.75407,3.93481,3.50042,11138,0,0
2011-08-12,3.96444,3.96444,3.82222,3.84889,3.42398,3375,0,0
2011-08-15,3.95556,4.02074,3.95556,4.02074,3.57686,8438,0,0
2011-08-16,3.97037,3.97037,3.88444,3.91704,3.48461,3038,0,0
2011-08-17,3.95852,3.95852,3.92,3.93481,3.50042,2363,0,0
2011-08-18,3.8963,3.8963,3.75704,3.75704,3.34227,8100,0,0
2011-08-19,3.68296,3.89333,3.68296,3.83704,3.41344,5063,0,0
2011-08-22,4.01185,4.01185,4.01185,4.01185,3.56895,4725,0,0
2011-08-23,3.99111,4.17481,3.95259,4.13333,3.67702,10463,0,0
2011-08-24,4.12148,4.27852,4.12148,4.26667,3.79564,21600,0,0
2011-08-25,4.32593,4.32593,4.12741,4.14815,3.6902,7425,0,0
2011-08-26,4.14518,4.23111,4.13333,4.23111,3.76401,3375,0,0
2011-08-29,4.35852,4.64593,4.35852,4.64593,4.13303,6075,0,0
2011-08-30,4.58963,4.65778,4.58963,4.65778,4.14357,1350,0,0
2011-08-31,4.59259,4.6637,4.5037,4.5837,4.07767,12488,0,0
2011-09-01,4.57482,4.57482,4.30518,4.31111,3.83518,17888,0,0
2011-09-02,4.21333,4.30518,4.12148,4.12148,3.66648,6413,0,0
2011-09-06,3.94074,4.13926,3.91111,4.13926,3.68229,11813,0,0
2011-09-07,4.23111,4.35259,4.20148,4.31407,3.83781,27000,0,0
2011-09-08,4.2963,4.2963,4.2963,4.2963,3.822,675,0,0
2011-09-09,4.10963,4.14815,4.00889,4.08593,3.63485,3375,0,0
2011-09-12,4,4.13037,4,4.10667,3.6533,6750,0,0
2011-09-13,4.29037,4.33778,4.29037,4.33778,3.8589,1688,0,0
2011-09-14,4.25185,4.49778,4.25185,4.49778,4.00124,5400,0,0
2011-09-15,4.32296,4.32889,4.23111,4.27556,3.80355,8438,0,0
2011-09-16,4.23407,4.23407,4.2163,4.21926,3.75346,31388,0,0
2011-09-19,4.00296,4.18963,4.00296,4.14815,3.6902,3375,0,0
2011-09-20,4.16296,4.22222,4.0563,4.0563,3.60849,32400,0,0
2011-09-21,4.08593,4.08889,3.89926,3.89926,3.46879,31725,0,0
2011-09-22,3.72148,3.76296,3.50222,3.72741,3.31591,31050,0,0
2011-09-23,3.57333,3.71556,3.51704,3.60889,3.21048,13163,0,0
2011-09-26,3.57037,3.74815,3.55556,3.74815,3.33436,2700,0,0
2011-09-27,4.20148,4.36148,3.80444,3.82222,3.40026,3375,0,0
2011-09-28,3.67407,3.81037,3.60296,3.60593,3.20784,14513,0,0
2011-09-29,3.67407,3.67407,3.57926,3.67407,3.26847,7425,0,0
2011-09-30,3.52,3.52,3.45778,3.45778,3.07605,1013,0,0
2011-10-03,3.38667,3.46667,3.18815,3.18815,2.83618,37800,0,0
2011-10-04,3.14074,3.54074,3.13482,3.54074,3.14985,33413,0,0
2011-10-05,3.57037,3.58222,3.50222,3.57926,3.18412,3375,0,0
2011-10-06,3.63852,3.73333,3.63259,3.73333,3.32118,26325,0,0
2011-10-07,3.70963,3.76889,3.70963,3.76889,3.35281,3038,0,0
2011-10-10,3.87556,3.87556,3.73926,3.82222,3.40026,16538,0,0
2011-10-11,3.84593,3.90815,3.74519,3.85481,3.42925,12825,0,0
2011-10-12,4.02667,4.05926,3.86667,3.96444,3.52678,46238,0,0
2011-10-13,3.85185,3.89926,3.75704,3.8963,3.46616,33413,0,0
2011-10-14,3.94963,4.20741,3.94963,4.20741,3.74292,5063,0,0
2011-10-17,4.02963,4.08,3.91111,4.03852,3.59268,10463,0,0
2011-10-18,4.08889,4.22518,4.08889,4.22518,3.75874,675,0,0
2011-10-19,4.24,4.30518,4.09185,4.09185,3.64012,12150,0,0
2011-10-20,4.0563,4.13926,3.94667,4.13926,3.68229,11475,0,0
2011-10-21,4.10074,4.19852,4.10074,4.19852,3.73501,15188,0,0
2011-10-24,4.32593,4.42667,4.22815,4.42667,3.93797,61763,0,0
2011-10-25,4.47111,4.79407,4.35556,4.51852,4.01969,58050,0,0
2011-10-26,4.69037,4.69037,4.47407,4.5837,4.07767,32738,0,0
2011-10-27,4.77926,4.89778,4.72296,4.72296,4.20156,140738,0,0
2011-10-28,4.8563,4.8563,4.67259,4.67259,4.15675,4050,0,0
2011-10-31,4.48,4.8,4.48,4.79111,4.26218,25650,0,0
2011-11-01,4.57185,4.76148,4.5037,4.62519,4.11458,33413,0,0
2011-11-02,4.73778,4.8,4.66074,4.66074,4.14621,34088,0,0
2011-11-03,4.75556,4.8,4.46222,4.8,4.27009,34088,0,0
2011-11-04,4.78519,4.85926,4.71111,4.79111,4.26218,22613,0,0
2011-11-07,4.73185,4.8237,4.66667,4.8,4.27009,71888,0,0
2011-11-08,4.6637,4.71111,4.48296,4.71111,4.19102,83700,0,0
2011-11-09,4.50667,4.83556,4.50667,4.83556,4.30172,50625,0,0
2011-11-10,4.73778,4.73778,4.5363,4.53926,4.03814,9788,0,0
2011-11-11,4.63407,4.72593,4.63407,4.72593,4.2042,5400,0,0
2011-11-14,4.66963,4.66963,4.53333,4.63704,4.12512,6075,0,0
2011-11-15,4.55407,4.82963,4.54519,4.76741,4.2411,33075,0,0
2011-11-16,4.74074,4.74074,4.41481,4.45926,3.96697,139050,0,0
2011-11-17,4.41481,4.48,4.16296,4.26074,3.79037,89775,0,0
2011-11-18,4.33185,4.33778,4.17185,4.23704,3.76928,126225,0,0
2011-11-21,4.19852,4.31111,4.07704,4.10667,3.6533,109350,0,0
2011-11-22,4.18667,4.38815,4.18667,4.19556,3.73238,73913,0,0
2011-11-23,4.23704,4.4237,4.23407,4.23407,3.76664,49950,0,0
2011-11-25,4.25481,4.33185,4.25481,4.26667,3.79564,21600,0,0
2011-11-28,4.46815,4.55704,4.35556,4.42963,3.94061,67163,0,0
2011-11-29,4.44741,4.48,4.35556,4.45926,3.96697,60750,0,0
2011-11-30,4.59259,4.66963,4.42667,4.66963,4.15412,894375,0,0
2011-12-01,4.61926,4.69037,4.50963,4.51852,4.01969,59063,0,0
2011-12-02,4.53926,4.72593,4.53926,4.69926,4.18047,20250,0,0
2011-12-05,4.75259,4.78222,4.70519,4.78222,4.25428,2700,0,0
2011-12-06,4.6963,4.8,4.65482,4.69037,4.17256,47250,0,0
2011-12-07,4.65185,4.73778,4.46518,4.73778,4.21474,12150,0,0
2011-12-08,4.64296,4.64296,4.50074,4.57778,4.0724,27000,0,0
2011-12-09,4.56,4.84741,4.54815,4.80593,4.27536,34763,0,0
2011-12-12,4.6637,4.73185,4.57185,4.73185,4.20947,16875,0,0
2011-12-13,4.77037,4.80593,4.64296,4.67556,4.15939,8438,0,0
2011-12-14,4.56593,4.5837,4.43556,4.44444,3.95379,63788,0,0
2011-12-15,4.53037,4.56593,4.50963,4.55704,4.05395,4050,0,0
2011-12-16,4.66963,4.73185,4.48593,4.64,4.12776,7763,0,0
2011-12-19,4.61037,4.61926,4.47407,4.48296,3.98806,3038,0,0
2011-12-20,4.71111,4.74074,4.61333,4.66667,4.15148,18900,0,0
2011-12-21,4.70815,4.87111,4.70519,4.83556,4.30172,18225,0,0
2011-12-22,4.87407,4.93333,4.8563,4.89482,4.35444,19238,0,0
2011-12-23,4.92444,5.03407,4.73185,5.03111,4.47569,27338,0,0
2011-12-27,4.96889,5.13778,4.96889,5.13778,4.57058,12825,0,0
2011-12-28,5.13185,5.15852,5.00148,5.08741,4.52577,15525,0,0
2011-12-29,5.09333,5.09333,5.03407,5.08444,4.52313,3375,0,0
2011-12-30,5.08444,5.15259,5.03704,5.03704,4.48096,7763,0,0
2012-01-03,5.00148,5.10518,4.88296,5.10518,4.54159,6075,0,0
2012-01-04,5.00444,5.14667,4.99259,5.06963,4.50995,7425,0,0
2012-01-05,5.04593,5.11111,4.96,5.04296,4.48623,2363,0,0
2012-01-06,5.07852,5.16148,5.07852,5.16148,4.59167,2700,0,0
2012-01-09,5.1763,5.18518,5.1763,5.18222,4.61012,1688,0,0
2012-01-10,5.20296,5.20296,5.20296,5.20296,4.62857,1350,0,0
2012-01-11,5.1437,5.20296,5.12296,5.20296,4.62857,5400,0,0
2012-01-12,5.18815,5.33333,5.18815,5.33333,4.74455,18563,0,0
2012-01-13,5.33333,5.33333,5.33333,5.33333,4.74455,0,0,0
2012-01-17,5.35407,5.35407,5.09333,5.17037,4.59957,8100,0,0
2012-01-18,5.18815,5.26222,5.18815,5.26222,4.68129,1013,0,0
2012-01-19,5.33333,5.33333,5.31259,5.31259,4.7261,2363,0,0
2012-01-20,5.23556,5.24444,5.14667,5.19704,4.6233,15188,0,0
2012-01-23,5.21185,5.21185,5.15852,5.2,4.62593,1350,0,0
2012-01-24,5.10815,5.26518,5.10815,5.26518,4.68392,3713,0,0
2012-01-25,5.3037,5.33333,5.3037,5.33333,4.74455,675,0,0
2012-01-26,5.33333,5.33333,5.33333,5.33333,4.74455,0,0,0
2012-01-27,5.36296,5.45481,5.36296,5.45481,4.85262,51975,0,0
2012-01-30,5.48148,5.59704,5.45185,5.58222,4.96596,59400,0,0
2012-01-31,5.61778,5.70667,5.58222,5.68889,5.06085,45563,0,0
2012-02-01,5.61482,5.69778,5.61482,5.65926,5.03449,6413,0,0
2012-02-02,5.64148,5.66519,5.64148,5.64444,5.02131,2700,0,0
2012-02-03,5.7037,5.89333,5.7037,5.73926,5.10566,32400,0,0
2012-02-06,5.73926,5.73926,5.73926,5.73926,5.10566,4725,0,0
2012-02-07,5.66222,5.7037,5.66222,5.68593,5.05821,27000,0,0
2012-02-08,5.73926,5.83704,5.7037,5.76296,5.12675,5063,0,0
2012-02-09,5.82815,5.92593,5.79259,5.89037,5.24009,34088,0,0
2012-02-10,5.8637,6,5.81333,5.94074,5.2849,55688,0,0
2012-02-13,5.89333,5.90815,5.86074,5.86963,5.22164,46913,0,0
2012-02-14,5.80148,5.81037,5.70667,5.76,5.12411,36113,0,0
2012-02-15,5.83704,6.22518,5.48148,6.07407,5.40351,112388,0,0
2012-02-16,6,6.08296,5.92,6.08,5.40878,23625,0,0
2012-02-17,6.08,6.08,6.02667,6.03259,5.36661,18563,0,0
2012-02-21,6.09481,6.09481,5.94074,6.01481,5.35079,22613,0,0
2012-02-22,5.95852,5.98222,5.92,5.9437,5.28753,10800,0,0
2012-02-23,5.94074,5.97926,5.86963,5.97926,5.31916,2700,0,0
2012-02-24,5.97333,5.98519,5.90519,5.98519,5.32444,4050,0,0
2012-02-27,5.96741,5.97037,5.95852,5.97037,5.31126,2700,0,0
2012-02-28,5.96444,5.96444,5.92,5.92,5.26645,3038,0,0
2012-02-29,5.97037,6.04741,5.92593,5.92889,5.27436,93825,0,0
2012-03-01,5.94667,5.95556,5.92,5.92593,5.27172,20250,0,0
2012-03-02,5.96444,5.96444,5.6563,5.68,5.05294,21600,0,0
2012-03-05,5.68,5.68,5.67407,5.67704,5.05031,2700,0,0
2012-03-06,5.56444,5.56444,5.3837,5.39852,4.80254,36113,0,0
2012-03-07,5.43704,5.43704,5.43704,5.43704,4.8368,338,0,0
2012-03-08,5.48444,5.58815,5.44593,5.58815,4.97123,22950,0,0
2012-03-09,5.63852,5.73333,5.63852,5.70667,5.07667,10125,0,0
2012-03-12,5.67111,5.68889,5.67111,5.68889,5.06085,2363,0,0
2012-03-13,5.71259,5.87852,5.65926,5.8637,5.21636,37463,0,0
2012-03-14,5.81037,5.81037,5.81037,5.81037,5.16892,675,0,0
2012-03-15,5.88741,5.93778,5.77482,5.77482,5.13729,37800,0,0
2012-03-16,5.82815,5.82815,5.69185,5.73037,5.09775,6075,0,0
2012-03-19,5.87259,5.93778,5.80444,5.81926,5.17683,18225,0,0
2012-03-20,5.76,5.82222,5.71852,5.74519,5.11093,10125,0,0
2012-03-21,5.69482,5.78667,5.68889,5.74222,5.1083,29700,0,0
2012-03-22,5.7363,5.7363,5.49926,5.55556,4.94224,8775,0,0
2012-03-23,5.56741,5.56741,5.28296,5.44889,4.84734,336488,0,0
2012-03-26,5.53778,5.65333,5.40444,5.52296,4.91324,299363,0,0
2012-03-27,5.47852,5.54667,5.40741,5.46963,4.8658,103613,0,0
2012-03-28,5.50815,5.50815,5.33333,5.36296,4.77091,43200,0,0
2012-03-29,5.32148,5.33926,5.13481,5.33926,4.74982,15188,0,0
2012-03-30,5.18222,5.18518,5.12,5.12,4.55476,17888,0,0
2012-04-02,5.0963,5.23852,5.01037,5.22667,4.64966,32063,0,0
2012-04-03,5.21185,5.22074,5.14667,5.15852,4.58903,43875,0,0
2012-04-04,5.04889,5.04889,4.91259,5.04593,4.48887,20250,0,0
2012-04-05,5.05778,5.09037,5.01037,5.07852,4.51786,62100,0,0
2012-04-09,5.01037,5.01037,4.77333,4.84444,4.30963,51638,0,0
2012-04-10,4.6637,4.67259,4.56889,4.67259,4.15675,29363,0,0
2012-04-11,4.69037,4.81482,4.68741,4.76148,4.23583,13500,0,0
2012-04-12,4.74963,4.87111,4.74963,4.83852,4.30436,15525,0,0
2012-04-13,4.79704,4.84444,4.75852,4.82074,4.28854,46575,0,0
2012-04-16,4.8,4.82074,4.76741,4.79407,4.26482,18563,0,0
2012-04-17,4.79111,4.9363,4.79111,4.86815,4.33072,16200,0,0
2012-04-18,4.88296,4.91259,4.78222,4.87407,4.33599,35438,0,0
2012-04-19,4.85333,4.89185,4.74074,4.74074,4.21737,19238,0,0
2012-04-20,4.82963,4.82963,4.62815,4.62815,4.11721,1350,0,0
2012-04-23,4.56296,4.56296,4.48889,4.48889,3.99333,7425,0,0
2012-04-24,4.52444,4.70815,4.52444,4.70815,4.18838,10800,0,0
2012-04-25,4.81185,4.88889,4.51556,4.56593,4.06186,50288,0,0
2012-04-26,4.44444,4.64593,4.38518,4.64593,4.13303,132975,0,0
2012-04-27,4.48296,4.51259,4.40889,4.44444,3.95379,311513,0,0
2012-04-30,4.41185,4.42667,4.34667,4.39111,3.90634,12825,0,0
2012-05-01,4.47407,4.50963,4.43259,4.44444,3.95379,351000,0,0
2012-05-02,4.41778,4.44741,4.36741,4.4,3.91425,166725,0,0
2012-05-03,4.4,4.46815,4.28148,4.29333,3.81936,20925,0,0
2012-05-04,4.17481,4.17778,4.08889,4.17185,3.71129,24975,0,0
2012-05-07,4.18963,4.23407,4.09481,4.13926,3.68229,47250,0,0
2012-05-08,4.11852,4.22518,4.06222,4.22518,3.75874,29025,0,0
2012-05-09,4.1363,4.16296,4.04741,4.05333,3.60586,19238,0,0
2012-05-10,4.12444,4.12444,4.03556,4.03852,3.59268,12488,0,0
2012-05-11,3.99704,4.04741,3.92593,4.00296,3.56105,31388,0,0
2012-05-14,3.85481,3.93778,3.83407,3.8963,3.46616,6750,0,0
2012-05-15,3.8637,3.8637,3.80741,3.84889,3.42398,60750,0,0
2012-05-16,3.8637,3.8637,3.78074,3.85185,3.42662,54338,0,0
2012-05-17,4.02963,4.02963,3.74222,3.84,3.41607,306788,0,0
2012-05-18,3.86074,4.14815,3.85185,4.14815,3.6902,67838,0,0
2012-05-21,3.98222,4.17481,3.9437,4.09778,3.64539,129263,0,0
2012-05-22,4.11259,4.17481,4.02963,4.08296,3.63221,87750,0,0
2012-05-23,4.06518,4.16,4.01481,4.06518,3.6164,40500,0,0
2012-05-24,4.12148,4.13037,3.98518,4.0237,3.5795,6750,0,0
2012-05-25,4.02963,4.03852,3.97333,3.98518,3.54523,18563,0,0
2012-05-29,4.02667,4.11259,3.94074,4.11259,3.65857,96188,0,0
2012-05-30,4.04148,4.04148,3.92889,4.03556,3.59004,14850,0,0
2012-05-31,3.98518,4.05926,3.93778,4.02963,3.58477,17213,0,0
2012-06-01,3.97926,3.97926,3.8637,3.92296,3.48988,9788,0,0
2012-06-04,3.94074,4.00889,3.77481,3.80148,3.38181,25313,0,0
2012-06-05,3.80444,3.85481,3.80444,3.85481,3.42925,148500,0,0
2012-06-06,3.9437,4.01481,3.92593,4.01481,3.57159,7425,0,0
2012-06-07,4.03556,4.05926,3.84,3.90222,3.47143,25313,0,0
2012-06-08,3.97926,4.0237,3.9437,4.02074,3.57686,9113,0,0
2012-06-11,4.08593,4.08593,3.88148,3.93778,3.50306,9450,0,0
2012-06-12,3.81333,3.95556,3.81333,3.8963,3.46616,31050,0,0
2012-06-13,3.88444,3.93481,3.73037,3.8637,3.43716,21938,0,0
2012-06-14,3.82518,3.88444,3.82518,3.87259,3.44507,10800,0,0
2012-06-15,3.92889,4.09185,3.88148,4.09185,3.64012,14513,0,0
2012-06-18,4.07407,4.07704,3.97037,3.97037,3.53205,2700,0,0
2012-06-19,4.05037,4.12444,4.05037,4.08593,3.63485,11138,0,0
2012-06-20,4.04148,4.1037,3.99111,4.02963,3.58477,58725,0,0
2012-06-21,3.9763,3.98518,3.88148,3.9437,3.50833,32738,0,0
2012-06-22,3.93481,3.93481,3.7837,3.78667,3.36863,17888,0,0
2012-06-25,3.73333,3.7363,3.7037,3.72741,3.31591,5063,0,0
2012-06-26,3.66519,3.73037,3.66519,3.70963,3.3001,5063,0,0
2012-06-27,3.76296,3.76296,3.76296,3.76296,3.34754,338,0,0
2012-06-28,3.7037,3.83111,3.7037,3.83111,3.40817,22613,0,0
2012-06-29,3.91111,4.02667,3.91111,4.01185,3.56895,7425,0,0
2012-07-02,3.8963,4.01778,3.8963,4.01778,3.57423,42525,0,0
2012-07-03,3.99407,4.09481,3.99407,4.09481,3.64276,2363,0,0
2012-07-05,4.08,4.18963,4.00296,4.00296,3.56105,21938,0,0
2012-07-06,4.09185,4.23407,4.02074,4.04741,3.60058,32738,0,0
2012-07-09,4.00593,4.05037,4,4.04148,3.59531,132975,0,0
2012-07-10,4.07111,4.16296,3.92889,4.16296,3.70338,51638,0,0
2012-07-11,4.05333,4.05333,3.64444,3.66815,3.26319,131625,0,0
2012-07-12,3.64741,3.78074,3.43111,3.78074,3.36336,140400,0,0
2012-07-13,3.58519,3.67704,3.58519,3.62963,3.22893,376313,0,0
2012-07-16,3.62963,3.67111,3.62667,3.65926,3.25529,125550,0,0
2012-07-17,3.6563,3.68593,3.62963,3.68593,3.27901,70538,0,0
2012-07-18,3.70667,3.75111,3.68296,3.7037,3.29482,8438,0,0
2012-07-19,3.71556,3.71556,3.67407,3.70667,3.29746,6075,0,0
2012-07-20,3.6563,3.65926,3.58222,3.58222,3.18675,22275,0,0
2012-07-23,3.54667,3.54667,3.44296,3.52296,3.13404,60075,0,0
2012-07-24,3.4963,3.4963,3.43111,3.47852,3.0945,42188,0,0
2012-07-25,3.4963,3.55259,3.48444,3.51111,3.12349,31050,0,0
2012-07-26,3.56148,3.5763,3.43407,3.43407,3.05496,65475,0,0
2012-07-27,3.52296,3.80444,3.52296,3.80444,3.38444,30038,0,0
2012-07-30,3.84,3.85185,3.79852,3.84296,3.41871,21938,0,0
2012-07-31,3.86963,3.9763,3.86963,3.94074,3.50569,114750,0,0
2012-08-01,3.92889,3.92889,3.65037,3.65037,3.24738,98550,0,0
2012-08-02,3.72444,3.75111,3.69482,3.73037,3.31855,39825,0,0
2012-08-03,3.83111,3.91704,3.83111,3.85481,3.42925,31388,0,0
2012-08-06,3.88148,4.03259,3.88148,3.99704,3.55578,79988,0,0
2012-08-07,4.06222,4.12741,4.03556,4.05926,3.61113,36450,0,0
2012-08-08,4.03259,4.16296,4.01481,4.01481,3.57159,73575,0,0
2012-08-09,4.11556,4.23704,4.10074,4.14222,3.68493,58388,0,0
2012-08-10,4.16,4.16,4.08889,4.10074,3.64803,13500,0,0
2012-08-13,4.10667,4.13037,4.08889,4.08889,3.63749,4388,0,0
2012-08-14,4.17778,4.19852,4.16296,4.19852,3.73501,3713,0,0
2012-08-15,4.17481,4.39704,4.17481,4.38815,3.90371,17550,0,0
2012-08-16,4.33778,4.48889,4.33778,4.44148,3.95115,8438,0,0
2012-08-17,4.56296,4.56296,4.51556,4.51556,4.01705,4725,0,0
2012-08-20,4.48889,4.49185,4.45926,4.47407,3.98015,14175,0,0
2012-08-21,4.61037,4.61037,4.48296,4.48593,3.99069,3713,0,0
2012-08-22,4.46222,4.46222,4.46222,4.46222,3.9696,338,0,0
2012-08-23,4.4563,4.46518,4.44148,4.44741,3.95642,38475,0,0
2012-08-24,4.44148,4.45037,4.41481,4.42963,3.94061,30375,0,0
2012-08-27,4.42667,4.60444,4.40593,4.57482,4.06977,61425,0,0
2012-08-28,4.49778,4.74074,4.48,4.74074,4.21737,29700,0,0
2012-08-29,4.59259,4.59259,4.50667,4.50667,4.00914,37125,0,0
2012-08-30,4.45037,4.45037,4.34074,4.35259,3.87208,25988,0,0
2012-08-31,4.39407,4.39407,4.26963,4.31704,3.84045,34763,0,0
2012-09-04,4.26667,4.40296,4.1837,4.40296,3.91689,6750,0,0
2012-09-05,4.38222,4.43259,4.31704,4.43259,3.94325,45563,0,0
2012-09-06,4.37926,4.60444,4.37926,4.56,4.05659,40838,0,0
2012-09-07,4.62815,4.71111,4.46518,4.46518,3.97224,28350,0,0
2012-09-10,4.59556,4.75259,4.59556,4.6637,4.14884,60413,0,0
2012-09-11,4.71704,4.71704,4.69037,4.70815,4.18838,1013,0,0
2012-09-12,4.73778,4.73778,4.56593,4.58963,4.08295,13163,0,0
2012-09-13,4.58667,4.77333,4.58667,4.68741,4.16993,4725,0,0
2012-09-14,4.77037,4.77037,4.72,4.76444,4.23846,18563,0,0
2012-09-17,4.70519,4.72889,4.68741,4.71704,4.19629,14175,0,0
2012-09-18,4.72889,4.72889,4.65778,4.66963,4.15412,7763,0,0
2012-09-19,4.66667,4.68741,4.66667,4.67556,4.15939,13838,0,0
2012-09-20,4.70519,4.70815,4.66963,4.67852,4.16202,31050,0,0
2012-09-21,4.76741,4.80593,4.76741,4.80593,4.27536,8100,0,0
2012-09-24,4.87111,4.93926,4.82667,4.89482,4.35444,9450,0,0
2012-09-25,4.93037,4.96593,4.88593,4.91259,4.37026,9788,0,0
2012-09-26,4.85926,4.98074,4.85926,4.96593,4.4177,11813,0,0
2012-09-27,5.02222,5.03704,5.00741,5.00741,4.4546,15188,0,0
2012-09-28,5.00444,5.00444,4.97778,4.97778,4.42824,93825,0,0
2012-10-01,5.05185,5.07852,5.00148,5.01333,4.45987,25988,0,0
2012-10-02,5.06667,5.06667,4.91852,4.97482,4.42561,3713,0,0
2012-10-03,4.92444,5.03111,4.92444,4.98667,4.43615,1013,0,0
2012-10-04,5.04889,5.04889,5.01037,5.01037,4.45724,1688,0,0
2012-10-05,5.08741,5.08741,5.08741,5.08741,4.52577,338,0,0
2012-10-08,5.11111,5.21778,5.0963,5.20593,4.6312,18225,0,0
2012-10-09,5.0963,5.11704,5.06667,5.09926,4.53631,5738,0,0
2012-10-10,5.02815,5.02815,4.9363,4.98963,4.43879,10125,0,0
2012-10-11,4.98963,4.98963,4.98963,4.98963,4.43879,0,0,0
2012-10-12,4.83556,4.83556,4.80593,4.81482,4.28327,5063,0,0
2012-10-15,4.69926,4.76444,4.69926,4.76444,4.23846,1688,0,0
2012-10-16,4.76741,4.7763,4.76444,4.7763,4.249,27338,0,0
2012-10-17,4.83556,4.83556,4.74074,4.78222,4.25428,12150,0,0
2012-10-18,4.77037,4.8,4.77037,4.78815,4.25955,5400,0,0
2012-10-19,4.64889,4.64889,4.58963,4.64593,4.13303,3375,0,0
2012-10-22,4.62222,4.65185,4.62222,4.62222,4.11194,22950,0,0
2012-10-23,4.38815,4.55111,4.38815,4.50963,4.01178,107663,0,0
2012-10-24,4.53037,4.53926,4.49482,4.50074,4.00387,11813,0,0
2012-10-25,4.53333,4.56889,4.47111,4.56296,4.05922,38475,0,0
2012-10-26,4.5837,4.67852,4.56,4.67852,4.16202,16200,0,0
2012-10-31,4.69037,4.80889,4.69037,4.80889,4.278,15863,0,0
2012-11-01,4.85333,5.12296,4.85333,5.09333,4.53104,9450,0,0
2012-11-02,5.00148,5.04889,4.93926,4.99556,4.44406,7088,0,0
2012-11-05,4.89778,5.08741,4.89778,5.07852,4.51786,7425,0,0
2012-11-06,5.08148,5.15852,5.08148,5.13481,4.56794,5738,0,0
2012-11-07,5.04,5.04,4.96889,4.98963,4.43879,8100,0,0
2012-11-08,4.96296,4.98074,4.94815,4.94815,4.40189,8775,0,0
2012-11-09,4.93333,4.95704,4.93037,4.9363,4.39134,19238,0,0
2012-11-12,4.93037,5.02518,4.91852,4.96593,4.4177,9113,0,0
2012-11-13,4.98074,4.98074,4.93333,4.93333,4.3887,1350,0,0
2012-11-14,4.89482,4.89482,4.74074,4.74074,4.21737,2700,0,0
2012-11-15,4.72296,4.80889,4.65185,4.76444,4.23846,6413,0,0
2012-11-16,4.73778,4.73778,4.6963,4.6963,4.17784,1013,0,0
2012-11-19,4.72,4.76148,4.65778,4.75852,4.23319,31388,0,0
2012-11-20,4.66963,4.75852,4.66963,4.75556,4.23055,6413,0,0
2012-11-21,4.75556,4.75556,4.75556,4.75556,4.23055,0,0,0
2012-11-23,4.69333,4.74667,4.69333,4.74667,4.22265,1350,0,0
2012-11-26,4.71111,4.77037,4.71111,4.77037,4.24373,1688,0,0
2012-11-27,4.72593,4.79407,4.72,4.79111,4.26218,36788,0,0
2012-11-28,4.7437,4.77926,4.72889,4.7437,4.22001,27338,0,0
2012-11-29,4.68444,4.90074,4.68444,4.88,4.34126,16875,0,0
2012-11-30,4.91556,4.92148,4.75852,4.79704,4.26746,6413,0,0
2012-12-03,4.77926,4.80296,4.68148,4.72593,4.2042,14513,0,0
2012-12-04,4.74074,4.83556,4.74074,4.82667,4.29382,2025,0,0
2012-12-05,4.84444,5.07852,4.84444,4.97185,4.42297,10800,0,0
2012-12-06,4.97778,5.02222,4.91852,4.99259,4.44142,36450,0,0
2012-12-07,4.99259,4.99259,4.99259,4.99259,4.44142,0,0,0
2012-12-10,4.98074,5.04296,4.97185,4.97778,4.42824,10463,0,0
2012-12-11,5.01926,5.09333,4.92741,4.92741,4.38343,1688,0,0
2012-12-12,4.92741,4.97482,4.85926,4.85926,4.32281,77625,0,0
2012-12-13,4.88296,4.88889,4.74074,4.81482,4.28327,27675,0,0
2012-12-14,4.76444,4.81778,4.74074,4.74074,4.21737,16875,0,0
2012-12-17,4.82074,4.87407,4.77037,4.87407,4.33599,8100,0,0
2012-12-18,4.91852,5.04296,4.90667,5.02815,4.47305,16200,0,0
2012-12-19,5.03111,5.05481,5.03111,5.05481,4.49678,1350,0,0
2012-12-20,5.05481,5.05481,5.05481,5.05481,4.49678,0,0,0
2012-12-21,4.97778,5.03111,4.91852,4.92741,4.38343,47925,0,0
2012-12-24,4.92741,4.96593,4.92444,4.96593,4.4177,4725,0,0
2012-12-26,4.99259,4.99259,4.94815,4.98074,4.43088,21938,0,0
2012-12-27,4.91259,5.01333,4.91259,5.01333,4.45987,9450,0,0
2012-12-28,4.99852,4.99852,4.99852,4.99852,4.4467,338,0,0
2012-12-31,4.89778,5.14074,4.89778,5.12,4.55476,14513,0,0
2013-01-02,5.29185,5.33926,5.24444,5.27407,4.69183,4050,0,0
2013-01-03,5.27407,5.33333,5.27407,5.33333,4.74455,5063,0,0
2013-01-04,5.33037,5.33037,5.33037,5.33037,4.74191,675,0,0
2013-01-07,5.24444,5.3037,5.24148,5.29778,4.71292,1688,0,0
2013-01-08,5.29778,5.29778,5.29778,5.29778,4.71292,0,0,0
2013-01-09,5.3037,5.4163,5.3037,5.36296,4.77091,21263,0,0
2013-01-10,5.45778,5.45778,5.33333,5.38667,4.79199,6750,0,0
2013-01-11,5.38074,5.38074,5.03704,5.37778,4.78409,415463,0,0
2013-01-14,5.33037,5.38963,5.26518,5.38963,4.79463,55688,0,0
2013-01-15,5.49333,5.55259,5.46667,5.55259,4.9396,26663,0,0
2013-01-16,5.48148,5.53482,5.45185,5.45185,4.84998,4725,0,0
2013-01-17,5.52593,5.69482,5.52593,5.67407,5.04767,46913,0,0
2013-01-18,5.66815,5.77482,5.66815,5.73333,5.10039,15188,0,0
2013-01-22,5.74519,5.79259,5.74519,5.77778,5.13992,71888,0,0
2013-01-23,5.77778,5.79259,5.76889,5.77778,5.13992,61088,0,0
2013-01-24,5.81926,5.86667,5.80444,5.85185,5.20582,276413,0,0
2013-01-25,5.88148,5.93482,5.86667,5.92593,5.27172,227475,0,0
2013-01-28,5.92,6.02963,5.91407,5.91704,5.26381,208575,0,0
2013-01-29,5.95259,5.9763,5.92593,5.96148,5.30335,254813,0,0
2013-01-30,5.92593,5.92593,5.80741,5.81333,5.17155,51638,0,0
2013-01-31,5.79556,5.83704,5.74222,5.79852,5.15838,225450,0,0
2013-02-01,5.81037,5.93185,5.7837,5.89037,5.24009,80663,0,0
2013-02-04,5.76593,5.80444,5.75407,5.75407,5.11884,7088,0,0
2013-02-05,5.87259,5.93778,5.8163,5.91407,5.26118,35100,0,0
2013-02-06,5.90222,6.01481,5.88148,5.99111,5.32971,36788,0,0
2013-02-07,5.97333,5.9763,5.92889,5.94667,5.29017,13500,0,0
2013-02-08,5.99407,6.02963,5.95259,5.95556,5.29808,4725,0,0
2013-02-11,5.93185,5.94963,5.86074,5.88741,5.23745,12150,0,0
2013-02-12,5.88741,5.8963,5.83407,5.86667,5.219,31050,0,0
2013-02-13,5.94074,6.09185,5.92593,5.98519,5.32444,420188,0,0
2013-02-14,5.96148,6.05333,5.85185,6.05037,5.38243,434025,0,0
2013-02-15,6.07704,6.37037,6.07407,6.36741,5.66446,356738,0,0
2013-02-19,6.39407,6.54222,6.31704,6.54222,5.81998,13838,0,0
2013-02-20,6.54222,6.54222,6.27852,6.27852,5.58539,38813,0,0
2013-02-21,6.24296,6.28444,6.08,6.17481,5.49313,131625,0,0
2013-02-22,6.20741,6.24889,6.07704,6.23111,5.54321,14175,0,0
2013-02-25,6.26074,6.26074,5.96148,5.96148,5.30335,39488,0,0
2013-02-26,5.99704,6.04444,5.8963,5.97333,5.31389,157275,0,0
2013-02-27,6.05333,6.09778,5.95259,6.04148,5.37452,169088,0,0
2013-02-28,6.03259,6.25481,6.03259,6.19259,5.50895,189675,0,0
2013-03-01,6.20148,6.32296,6.20148,6.28741,5.59329,236588,0,0
2013-03-04,6.28148,6.2963,6.22815,6.25185,5.56166,65813,0,0
2013-03-05,6.35852,6.42963,6.32593,6.36444,5.66183,180900,0,0
2013-03-06,6.42963,6.44444,6.29333,6.29333,5.59856,113738,0,0
2013-03-07,6.33185,6.33185,6.24593,6.26963,5.57748,98213,0,0
2013-03-08,6.31704,6.46518,6.31704,6.46518,5.75145,60750,0,0
2013-03-11,6.42667,6.48296,6.36148,6.43259,5.72245,114413,0,0
2013-03-12,6.4563,6.49185,6.38815,6.42963,5.71981,161663,0,0
2013-03-13,6.42963,6.46815,6.41778,6.4563,5.74354,176175,0,0
2013-03-14,6.45333,6.51259,6.44741,6.48296,5.76726,55013,0,0
2013-03-15,6.5037,6.51556,6.40593,6.44444,5.73299,194738,0,0
2013-03-18,6.36741,6.37926,6.26963,6.3437,5.64337,66825,0,0
2013-03-19,6.4,6.4,6.25185,6.32296,5.62493,19575,0,0
2013-03-20,6.37037,6.37037,6.27556,6.32296,5.62493,36113,0,0
2013-03-21,6.27259,6.31111,6.18963,6.21926,5.53267,52313,0,0
2013-03-22,6.21926,6.21926,6.21926,6.21926,5.53267,0,0,0
2013-03-25,6.23111,6.27259,6.15111,6.18074,5.4984,14513,0,0
2013-03-26,6.12148,6.16296,6.08889,6.16296,5.48259,107325,0,0
2013-03-27,6.09778,6.16296,6.07704,6.10667,5.4325,137363,0,0
2013-03-28,6.14222,6.15407,6.02963,6.06222,5.39297,90450,0,0
2013-04-01,6.0237,6.08593,6.00889,6.08296,5.41142,114750,0,0
2013-04-02,6.12148,6.1363,5.91704,6,5.33762,227138,0,0
2013-04-03,5.92,5.97926,5.83111,5.85482,5.20846,71888,0,0
2013-04-04,5.89926,5.95556,5.83704,5.92593,5.27172,286875,0,0
2013-04-05,5.88444,6,5.88444,5.98815,5.32707,101588,0,0
2013-04-08,6.02074,6.06815,5.97926,6.05926,5.39033,8100,0,0
2013-04-09,6.04148,6.0563,5.97926,6,5.33762,26663,0,0
2013-04-10,6,6.09778,6,6.03556,5.36925,115088,0,0
2013-04-11,6.04444,6.1037,6.00889,6.03852,5.37188,42525,0,0
2013-04-12,5.9763,6.05333,5.95852,5.98519,5.32444,124875,0,0
2013-04-15,5.95259,5.95259,5.74519,5.79852,5.15838,104963,0,0
2013-04-16,5.79852,5.89037,5.79852,5.86074,5.21373,22613,0,0
2013-04-17,5.82815,5.83407,5.59407,5.65037,5.02658,10800,0,0
2013-04-18,5.62074,5.62074,5.5437,5.59407,4.9765,6413,0,0
2013-04-19,5.62667,5.66519,5.59407,5.61482,4.99495,27338,0,0
2013-04-22,5.6237,5.6237,5.48444,5.48741,4.88161,42525,0,0
2013-04-23,5.53185,5.53185,5.4963,5.4963,4.88952,3038,0,0
2013-04-24,5.51407,5.60296,5.4963,5.58519,4.96859,146138,0,0
2013-04-25,5.57037,5.8163,5.57037,5.79556,5.15574,124200,0,0
2013-04-26,5.79852,5.79852,5.59407,5.74222,5.1083,102938,0,0
2013-04-29,5.79259,5.84,5.79259,5.82222,5.17946,38475,0,0
2013-04-30,5.78667,5.86963,5.78667,5.86667,5.219,54675,0,0
2013-05-01,5.83407,5.84593,5.73333,5.73333,5.10039,38813,0,0
2013-05-02,5.75111,5.90519,5.7363,5.87259,5.22427,34088,0,0
2013-05-03,5.96741,6.20444,5.96741,6.14815,5.46941,31388,0,0
2013-05-06,6.22222,6.37333,6.22222,6.34963,5.64865,22950,0,0
2013-05-07,6.49482,6.49482,6.49185,6.49185,5.77517,2363,0,0
2013-05-08,6.51852,6.66963,6.51852,6.63704,5.90433,23963,0,0
2013-05-09,6.61926,6.68444,6.52148,6.68444,5.9465,24638,0,0
2013-05-10,6.71111,6.77333,6.67556,6.6963,5.95704,20250,0,0
2013-05-13,6.71407,6.7763,6.68148,6.71111,5.97022,31388,0,0
2013-05-14,6.75259,6.94222,6.75259,6.94222,6.17582,77963,0,0
2013-05-15,6.93926,7.02518,6.92444,6.92444,6.16,9450,0,0
2013-05-16,6.93037,6.93333,6.86519,6.88296,6.1231,6075,0,0
2013-05-17,6.98667,6.99259,6.87111,6.91556,6.1521,87750,0,0
2013-05-20,6.88889,6.92741,6.83259,6.88,6.12047,12825,0,0
2013-05-21,6.88,7.05778,6.88,7.04889,6.27071,43875,0,0
2013-05-22,7.12296,7.12296,6.78519,6.82074,6.06775,17888,0,0
2013-05-23,6.76741,6.95111,6.73778,6.95111,6.18372,50625,0,0
2013-05-24,6.86519,6.87704,6.78815,6.78815,6.03875,22950,0,0
2013-05-28,6.98074,7.01333,6.92148,6.92148,6.15737,24300,0,0
2013-05-29,6.86815,6.88889,6.81482,6.81482,6.06248,40838,0,0
2013-05-30,6.74963,6.74963,6.61926,6.63704,5.90433,13163,0,0
2013-05-31,6.57482,6.70222,6.52444,6.56593,5.84106,45225,0,0
2013-06-03,6.56889,6.64,6.45926,6.61926,5.88851,42525,0,0
2013-06-04,6.68741,6.68741,6.44741,6.45333,5.7409,28350,0,0
2013-06-05,6.4237,6.53037,6.4237,6.52741,5.8068,13500,0,0
2013-06-06,6.53333,6.67259,6.51852,6.65185,5.9175,20588,0,0
2013-06-07,6.72,6.75852,6.66074,6.67852,5.94123,63788,0,0
2013-06-10,6.68148,6.82074,6.67852,6.80889,6.05721,39825,0,0
2013-06-11,6.64593,6.69926,6.59852,6.64593,5.91223,28013,0,0
2013-06-12,6.55704,6.55704,6.55704,6.55704,5.83316,1350,0,0
2013-06-13,6.61037,6.7437,6.59852,6.7437,5.99922,24638,0,0
2013-06-14,6.65778,6.65778,6.5363,6.60741,5.87797,44213,0,0
2013-06-17,6.72296,6.73778,6.6637,6.69037,5.95177,13500,0,0
2013-06-18,6.76741,6.76741,6.70815,6.70815,5.96759,44213,0,0
2013-06-19,6.72593,6.72593,6.5037,6.51852,5.79889,19238,0,0
2013-06-20,6.38815,6.40296,6.35259,6.39111,5.68555,29700,0,0
2013-06-21,6.41185,6.41185,6.08889,6.14222,5.46413,230513,0,0
2013-06-24,6.12444,6.30815,6.12148,6.24593,5.55639,29700,0,0
2013-06-25,6.34074,6.34074,6.23407,6.30518,5.60911,16875,0,0
2013-06-26,6.22518,6.31111,6.21333,6.25185,5.56166,18225,0,0
2013-06-27,6.30518,6.46222,6.30518,6.38815,5.68291,30038,0,0
2013-06-28,6.36148,6.38518,6.36148,6.3763,5.67237,3375,0,0
2013-07-01,6.39704,6.68444,6.39704,6.51259,5.79362,16200,0,0
2013-07-02,6.54222,6.64593,6.5363,6.58963,5.86215,24300,0,0
2013-07-03,6.57778,6.69333,6.57778,6.60148,5.8727,16538,0,0
2013-07-05,6.69037,6.84741,6.69037,6.84148,6.0862,24975,0,0
2013-07-08,6.89482,6.89482,6.68148,6.77333,6.02557,29363,0,0
2013-07-09,6.86815,6.88593,6.84741,6.86222,6.10465,19575,0,0
2013-07-10,6.88889,6.89482,6.80296,6.89482,6.13364,31725,0,0
2013-07-11,6.98074,6.98074,6.87407,6.89778,6.13628,15188,0,0
2013-07-12,6.87704,6.88889,6.81778,6.81778,6.06511,21600,0,0
2013-07-15,6.84444,6.87407,6.78519,6.81185,6.05984,43875,0,0
2013-07-16,6.81482,6.86815,6.71704,6.78519,6.03612,17888,0,0
2013-07-17,6.70815,6.70815,6.69926,6.69926,5.95968,1350,0,0
2013-07-18,6.68444,6.77926,6.68444,6.7763,6.02821,32063,0,0
2013-07-19,6.69333,6.69333,6.69037,6.69037,5.95177,1350,0,0
2013-07-22,6.56,6.73778,6.56,6.66667,5.93068,17213,0,0
2013-07-23,6.68741,6.68741,6.68148,6.68148,5.94386,1013,0,0
2013-07-24,6.31407,6.36741,5.80148,6.33185,5.63283,271013,0,0
2013-07-25,6.39111,6.41185,6.26667,6.2963,5.6012,32400,0,0
2013-07-26,6.2963,6.36148,6.27852,6.30222,5.60647,75263,0,0
2013-07-29,6.2963,6.3437,6.2963,6.3437,5.64337,1350,0,0
2013-07-30,6.34667,6.38518,6.32,6.38518,5.68028,38138,0,0
2013-07-31,6.37037,6.40296,6.31704,6.39111,5.68555,23625,0,0
2013-08-01,6.45037,6.51556,6.43259,6.51259,5.79362,36450,0,0
2013-08-02,6.45926,6.49185,6.43259,6.45926,5.74617,21600,0,0
2013-08-05,6.48296,6.50963,6.39704,6.4237,5.71454,16200,0,0
2013-08-06,6.39704,6.44148,6.39704,6.42963,5.71981,9788,0,0
2013-08-07,6.36741,6.36741,6.36741,6.36741,5.66446,675,0,0
2013-08-08,6.56889,6.61333,6.56889,6.61333,5.88324,1350,0,0
2013-08-09,6.54519,6.54519,6.46518,6.46518,5.75145,16875,0,0
2013-08-12,6.4563,6.54222,6.4563,6.5037,5.78571,10463,0,0
2013-08-13,6.49778,6.5837,6.47704,6.55111,5.82789,17888,0,0
2013-08-14,6.55111,6.55111,6.55111,6.55111,5.82789,0,0,0
2013-08-15,6.47111,6.56296,6.47111,6.47407,5.75935,33750,0,0
2013-08-16,6.44148,6.45926,6.42963,6.42963,5.71981,20925,0,0
2013-08-19,6.4,6.45926,6.39111,6.39407,5.68818,22275,0,0
2013-08-20,6.42963,6.46815,6.41185,6.42074,5.71191,11813,0,0
2013-08-21,6.4,6.51259,6.4,6.42667,5.71718,2363,0,0
2013-08-22,6.49778,6.49778,6.49778,6.49778,5.78044,338,0,0
2013-08-23,6.46815,6.56296,6.46518,6.52148,5.80153,7763,0,0
2013-08-26,6.52444,6.52444,6.52444,6.52444,5.80416,1013,0,0
2013-08-27,6.47704,6.49482,6.2963,6.33481,5.63547,151875,0,0
2013-08-28,6.62519,6.62519,6.37037,6.39111,5.68555,15525,0,0
2013-08-29,6.3437,6.46815,6.3437,6.4563,5.74354,11138,0,0
2013-08-30,6.46222,6.46222,6.38815,6.41185,5.704,11813,0,0
2013-09-03,6.46222,6.48296,6.40296,6.45926,5.74617,8100,0,0
2013-09-04,6.45926,6.47111,6.44148,6.46518,5.75145,9450,0,0
2013-09-05,6.56296,6.6637,6.43852,6.62519,5.89378,37125,0,0
2013-09-06,6.78519,6.87704,6.76741,6.86519,6.10729,27338,0,0
2013-09-09,6.88889,6.90074,6.78815,6.89482,6.13364,34088,0,0
2013-09-10,6.90667,7.11111,6.90667,7.08741,6.30497,23625,0,0
2013-09-11,6.92741,7.03704,6.92741,6.97185,6.20218,21600,0,0
2013-09-12,6.96593,6.96593,6.79704,6.79704,6.04666,13500,0,0
2013-09-13,6.77333,6.77333,6.77333,6.77333,6.02557,675,0,0
2013-09-16,6.79704,6.86222,6.79704,6.86222,6.10465,10800,0,0
2013-09-17,6.76148,6.87407,6.75852,6.87407,6.11519,8775,0,0
2013-09-18,6.88593,6.91556,6.82963,6.87407,6.11519,8775,0,0
2013-09-19,6.93037,6.95704,6.87704,6.87704,6.11783,10463,0,0
2013-09-20,6.82963,6.83259,6.72593,6.77926,6.03085,28350,0,0
2013-09-23,6.77926,6.77926,6.77926,6.77926,6.03085,0,0,0
2013-09-24,6.81482,6.81482,6.75556,6.79111,6.04139,3375,0,0
2013-09-25,6.66963,6.73778,6.63704,6.68741,5.94913,16538,0,0
2013-09-26,6.96296,6.99852,6.75556,6.85333,6.09674,8100,0,0
2013-09-27,6.77926,6.78815,6.72296,6.74074,5.99658,20250,0,0
2013-09-30,6.62815,6.76741,6.62815,6.74963,6.00449,55013,0,0
2013-10-01,6.74074,6.80889,6.73185,6.75259,6.00713,304425,0,0
2013-10-02,6.8,6.81482,6.72296,6.74074,5.99658,54338,0,0
2013-10-03,6.73185,6.73185,6.60741,6.66963,5.93332,36788,0,0
2013-10-04,6.67556,6.74074,6.64889,6.74074,5.99658,33413,0,0
2013-10-07,6.62222,6.65185,6.59556,6.63704,5.90433,21600,0,0
2013-10-08,6.57482,6.6163,6.45926,6.45926,5.74617,35438,0,0
2013-10-09,6.5037,6.64,6.39704,6.55704,5.83316,95513,0,0
2013-10-10,6.60741,6.83259,6.60741,6.76148,6.01503,85050,0,0
2013-10-11,6.8,6.92148,6.72889,6.92148,6.15737,33413,0,0
2013-10-14,6.82963,7.06074,6.82963,7.02222,6.24699,56025,0,0
2013-10-15,6.99852,7.03704,6.96,6.99852,6.2259,40838,0,0
2013-10-16,7.00741,7.14963,7.00741,7.13778,6.34978,81338,0,0
2013-10-17,7.15556,7.18222,7.04593,7.04593,6.26807,28688,0,0
2013-10-18,7.10518,7.3037,7.05185,7.21185,6.41568,30713,0,0
2013-10-21,7.2563,7.29185,7.21778,7.25926,6.45785,17888,0,0
2013-10-22,7.26815,7.28889,7.16741,7.19407,6.39987,25650,0,0
2013-10-23,7.42518,7.50815,7.24741,7.44889,6.62655,34763,0,0
2013-10-24,7.36593,7.36593,7.25333,7.27704,6.47367,19238,0,0
2013-10-25,7.34518,7.37778,7.31259,7.37481,6.56065,14513,0,0
2013-10-28,7.33333,7.44593,7.33333,7.43407,6.61337,22613,0,0
2013-10-29,7.42222,7.42815,7.38963,7.42222,6.60283,15863,0,0
2013-10-30,7.43111,7.46667,7.26518,7.26518,6.46313,15863,0,0
2013-10-31,7.18518,7.35407,7.18518,7.20296,6.40777,64125,0,0
2013-11-01,7.2237,7.40741,7.1437,7.15259,6.36296,22950,0,0
2013-11-04,7.15259,7.22963,7.12,7.17926,6.38669,25313,0,0
2013-11-05,7.16741,7.19704,7.16741,7.1763,6.38405,42188,0,0
2013-11-06,7.14667,7.14667,7.0963,7.10815,6.32343,10800,0,0
2013-11-07,7.11407,7.11407,6.94222,6.95704,6.189,14175,0,0
2013-11-08,7.11407,7.11704,7.03407,7.03407,6.25753,35100,0,0
2013-11-11,7.03704,7.08444,6.91852,7.05481,6.27598,21600,0,0
2013-11-12,7.05185,7.16444,7.00148,7.16444,6.37351,29700,0,0
2013-11-13,7.14074,7.33333,7.14074,7.33333,6.52375,9450,0,0
2013-11-14,7.29481,7.29481,7.08741,7.16741,6.37614,12150,0,0
2013-11-15,7.13185,7.32444,7.13185,7.28889,6.48421,15525,0,0
2013-11-18,7.29185,7.29185,7.06074,7.06074,6.28125,21263,0,0
2013-11-19,7.07556,7.3037,7.07556,7.20296,6.40777,13163,0,0
2013-11-20,7.23852,7.23852,7.15852,7.21778,6.42095,344925,0,0
2013-11-21,7.25926,7.43407,7.23259,7.30963,6.50267,12150,0,0
2013-11-22,7.25926,7.44,7.25926,7.38667,6.5712,6750,0,0
2013-11-25,7.4163,7.4163,7.41037,7.41037,6.59229,675,0,0
2013-11-26,7.37481,7.40741,7.33037,7.40741,6.58965,31725,0,0
2013-11-27,7.43407,7.43407,7.36,7.36,6.54748,4725,0,0
2013-11-29,7.37778,7.37778,7.37778,7.37778,6.56329,338,0,0
2013-12-02,7.32741,7.37185,7.26222,7.26222,6.46049,37463,0,0
2013-12-03,7.29185,7.37778,7.26222,7.32741,6.51848,81000,0,0
2013-12-04,7.27407,7.27407,7.08741,7.08741,6.30497,26325,0,0
2013-12-05,7.11704,7.1763,7.11704,7.15852,6.36824,174488,0,0
2013-12-06,7.19407,7.33926,7.19407,7.26518,6.46313,9450,0,0
2013-12-09,7.28593,7.32444,7.21481,7.31852,6.51057,27675,0,0
2013-12-10,7.31556,7.31556,7.21481,7.21481,6.41832,12825,0,0
2013-12-11,7.06074,7.06074,6.95704,6.95704,6.189,19238,0,0
2013-12-12,6.98963,6.98963,6.85037,6.89185,6.13101,22950,0,0
2013-12-13,6.77333,6.91259,6.77333,6.91259,6.14946,15188,0,0
2013-12-16,6.94519,7.09333,6.94519,7.09333,6.31025,9788,0,0
2013-12-17,7.12,7.18518,7.11111,7.16741,6.37614,171788,0,0
2013-12-18,7.09333,7.25333,7.09333,7.24148,6.44204,10125,0,0
2013-12-19,7.26518,7.26518,7.19704,7.2,6.40514,10800,0,0
2013-12-20,7.20889,7.56741,7.17037,7.56741,6.73198,43538,0,0
2013-12-23,7.52593,7.65037,7.45185,7.5763,6.73989,10463,0,0
2013-12-24,7.51704,7.62074,7.51704,7.57333,6.73726,2700,0,0
2013-12-26,7.57333,7.60296,7.5437,7.60296,6.76361,28350,0,0
2013-12-27,7.57037,7.66815,7.57037,7.66815,6.8216,3038,0,0
2013-12-30,7.63556,7.70074,7.56148,7.57926,6.74253,8100,0,0
2013-12-31,7.55852,7.59704,7.50222,7.55556,6.72144,31050,0,0
2014-01-02,7.4163,7.4163,7.14667,7.23259,6.43413,15863,0,0
2014-01-03,7.23556,7.27407,7.20593,7.27407,6.47103,13163,0,0
2014-01-06,7.28593,7.28593,6.95704,7.01333,6.23908,18225,0,0
2014-01-07,7.17333,7.18518,7.12,7.18518,6.39196,8100,0,0
2014-01-08,7.17926,7.18222,7.17037,7.18222,6.38932,12150,0,0
2014-01-09,7.16741,7.18518,7.15852,7.18222,6.38932,15525,0,0
2014-01-10,7.18222,7.18518,7.17926,7.18518,6.39196,74925,0,0
2014-01-13,7.10222,7.16444,7.10222,7.13185,6.34451,10463,0,0
2014-01-14,7.18518,7.28593,7.18518,7.28,6.47631,70538,0,0
2014-01-15,7.25926,7.41926,7.25926,7.37778,6.56329,14513,0,0
2014-01-16,7.36296,7.43704,7.36296,7.43704,6.61601,3713,0,0
2014-01-17,7.4637,7.54963,7.40444,7.40444,6.58701,7763,0,0
2014-01-21,7.51704,7.57333,7.46667,7.52593,6.69508,6075,0,0
2014-01-22,7.54963,7.57333,7.46667,7.46667,6.64236,56363,0,0
2014-01-23,7.4963,7.51704,7.22074,7.33333,6.52375,232200,0,0
2014-01-24,7.3037,7.3037,6.93333,7.00444,6.23117,19575,0,0
2014-01-27,6.89778,7.04593,6.89778,6.97185,6.20218,10800,0,0
2014-01-28,6.98074,7.01926,6.98074,7.01926,6.24435,47925,0,0
2014-01-29,6.94222,7.0163,6.88,6.89778,6.13628,36450,0,0
2014-01-30,6.88889,7.02222,6.86815,6.92148,6.15737,56700,0,0
2014-01-31,6.82667,7.00148,6.82667,6.94222,6.17582,58050,0,0
2014-02-03,6.93037,6.93037,6.60148,6.7763,6.02821,172463,0,0
2014-02-04,6.84444,6.85333,6.76148,6.8237,6.07038,22613,0,0
2014-02-05,6.79407,6.93037,6.79407,6.82074,6.06775,20925,0,0
2014-02-06,6.86222,7.00444,6.86222,7.00444,6.23117,24638,0,0
2014-02-07,7.13185,7.13185,7.06074,7.06667,6.28653,14850,0,0
2014-02-10,7.08148,7.11111,6.95704,7.01926,6.24435,8100,0,0
2014-02-11,7.09926,7.18815,7.0637,7.10815,6.32343,238613,0,0
2014-02-12,7.11111,7.25926,7.07556,7.12296,6.33661,260888,0,0
2014-02-13,7.0963,7.23556,7.0963,7.20593,6.41041,17550,0,0
2014-02-14,7.03407,7.14963,7.01926,7.04296,6.26544,14850,0,0
2014-02-18,7.05481,7.30074,7.03704,7.30074,6.49476,184275,0,0
2014-02-19,7.24741,7.28,7.17926,7.17926,6.38669,34425,0,0
2014-02-20,7.23259,7.24444,7.12593,7.12593,6.33924,4388,0,0
2014-02-21,7.16148,7.2563,7.15259,7.2563,6.45522,34763,0,0
2014-02-24,7.25926,7.25926,7.24148,7.24148,6.44204,30375,0,0
2014-02-25,7.24148,7.24148,7.0963,7.11111,6.32606,29363,0,0
2014-02-26,7.19111,7.19111,7.12889,7.16444,6.37351,5063,0,0
2014-02-27,7.14667,7.25333,7.14667,7.2,6.40514,10463,0,0
2014-02-28,7.2563,7.29185,7.23556,7.23556,6.43677,21600,0,0
2014-03-03,7.33333,7.33333,7.09926,7.30667,6.50003,46913,0,0
2014-03-04,7.36593,7.66519,7.31556,7.44296,6.62128,99225,0,0
2014-03-05,7.39556,7.45778,7.38667,7.45778,6.63446,6750,0,0
2014-03-06,7.40741,7.40741,7.27407,7.30963,6.50267,18563,0,0
2014-03-07,7.31259,7.40148,7.25926,7.40148,6.58438,17888,0,0
2014-03-10,7.37185,7.4637,7.34815,7.44296,6.62128,17213,0,0
2014-03-11,7.42222,7.42222,7.33333,7.38963,6.57383,18225,0,0
2014-03-12,7.35704,7.47259,7.31852,7.44,6.61864,25650,0,0
2014-03-13,7.48444,7.53482,7.40741,7.4637,6.63973,22613,0,0
2014-03-14,7.52593,7.66222,7.4637,7.63259,6.78997,22613,0,0
2014-03-17,7.71852,7.79556,7.6563,7.65926,6.8137,21263,0,0
2014-03-18,7.66815,7.78963,7.66815,7.73037,6.87696,24975,0,0
2014-03-19,7.76889,7.84889,7.73333,7.78667,6.92704,20588,0,0
2014-03-20,7.77482,7.9437,7.77482,7.8637,6.99557,15863,0,0
2014-03-21,7.94074,8.30518,7.94074,8.30518,7.38831,123188,0,0
2014-03-24,8.24,8.24,7.98815,8.07407,7.18272,15863,0,0
2014-03-25,8.02667,8.03852,8.00889,8.03852,7.15109,18900,0,0
2014-03-26,8.05037,8.07407,8.02963,8.05037,7.16163,69863,0,0
2014-03-27,8.05037,8.07704,8.02963,8.05037,7.16163,19238,0,0
2014-03-28,8.21037,8.2637,8.14518,8.14518,7.24598,4388,0,0
2014-03-31,8.21926,8.36444,8.21926,8.34074,7.41995,20588,0,0
2014-04-01,8.71407,8.76741,8.57481,8.63407,7.6809,7088,0,0
2014-04-02,8.73185,8.73185,8.51259,8.60444,7.65454,45900,0,0
2014-04-03,8.65778,8.69333,8.56889,8.57778,7.63081,7763,0,0
2014-04-04,8.65778,8.70519,8.56,8.59556,7.64663,70538,0,0
2014-04-07,8.55407,8.61333,8.35852,8.44741,7.51483,12488,0,0
2014-04-08,8.44444,8.56,8.43259,8.51852,7.5781,14850,0,0
2014-04-09,8.6163,8.64593,8.58074,8.62815,7.67562,5400,0,0
2014-04-10,8.53926,8.56593,8.45333,8.56593,7.62027,4725,0,0
2014-04-11,8.52741,8.65185,8.52741,8.65185,7.69671,9113,0,0
2014-04-14,8.6963,8.79111,8.6963,8.77926,7.81005,7763,0,0
2014-04-15,8.72593,8.86815,8.70519,8.86222,7.88385,7425,0,0
2014-04-16,9.00444,9.00444,8.88593,8.99852,8.00511,5063,0,0
2014-04-17,9.04889,9.07556,9.01037,9.02815,8.03146,55688,0,0
2014-04-21,9.00444,9.05185,8.72889,8.8237,7.84959,13500,0,0
2014-04-22,8.38518,8.79704,8.25482,8.76741,7.79951,98888,0,0
2014-04-23,8.75852,8.76148,8.68444,8.74667,7.78106,22613,0,0
2014-04-24,8.74074,8.76444,8.69926,8.76444,7.79687,9113,0,0
2014-04-25,8.6963,8.70222,8.48593,8.50074,7.56228,149850,0,0
2014-04-28,8.5363,8.54815,8.21926,8.40296,7.4753,108675,0,0
2014-04-29,8.43556,8.44444,8.34074,8.42963,7.49902,224100,0,0
2014-04-30,8.36741,8.39111,8.20148,8.37926,7.45421,114750,0,0
2014-05-01,8.32593,8.39704,8.13926,8.34963,7.42785,81338,0,0
2014-05-02,8.31704,8.43852,8.31704,8.43852,7.50693,7763,0,0
2014-05-05,8.33778,8.53926,8.2963,8.53333,7.59128,228488,0,0
2014-05-06,8.36444,8.48593,8.33482,8.35556,7.43312,27338,0,0
2014-05-07,8.33482,8.46222,8.2963,8.44444,7.5122,44888,0,0
2014-05-08,8.36741,8.56889,8.36741,8.44741,7.51483,15188,0,0
2014-05-09,8.41185,8.52741,8.41185,8.52148,7.58073,17213,0,0
2014-05-12,8.58963,8.76148,8.51852,8.66667,7.70989,30713,0,0
2014-05-13,8.72,8.77926,8.68148,8.72,7.75733,21263,0,0
2014-05-14,8.70815,8.70815,8.51259,8.52148,7.58073,20925,0,0
2014-05-15,8.51852,8.51852,8.40593,8.48889,7.55174,19913,0,0
2014-05-16,8.59852,8.66667,8.53926,8.63704,7.68353,9450,0,0
2014-05-19,8.67259,8.71704,8.67259,8.71704,7.7547,1013,0,0
2014-05-20,8.64,8.64,8.48593,8.52741,7.586,22275,0,0
2014-05-21,8.52444,8.53333,8.47704,8.51852,7.5781,23963,0,0
2014-05-22,8.57778,8.62222,8.57481,8.60148,7.6519,29363,0,0
2014-05-23,8.57185,8.67556,8.48593,8.67556,7.7178,42525,0,0
2014-05-27,8.71407,8.96296,8.71407,8.96296,7.97348,12825,0,0
2014-05-28,8.82074,8.88296,8.82074,8.83259,7.85749,17213,0,0
2014-05-29,8.86519,8.91556,8.82963,8.88889,7.90758,23625,0,0
2014-05-30,8.84741,8.88,8.83852,8.85926,7.88122,14513,0,0
2014-06-02,8.80889,8.87407,8.75852,8.75852,7.7916,14513,0,0
2014-06-03,8.75556,8.75556,8.5837,8.70815,7.74679,23963,0,0
2014-06-04,8.61037,8.79407,8.60741,8.79407,7.82323,9113,0,0
2014-06-05,8.69926,8.87407,8.69926,8.87407,7.8944,36788,0,0
2014-06-06,8.85037,8.89185,8.7763,8.89185,7.91021,40163,0,0
2014-06-09,8.84148,8.96,8.76148,8.81778,7.84432,33750,0,0
2014-06-10,8.80296,8.80296,8.70222,8.79407,7.82323,36113,0,0
2014-06-11,8.75852,8.81778,8.75852,8.81185,7.83905,9113,0,0
2014-06-12,8.79111,8.79407,8.6963,8.6963,7.73625,14175,0,0
2014-06-13,8.71704,8.78519,8.67556,8.76148,7.79423,10800,0,0
2014-06-16,8.76148,8.78519,8.68444,8.70519,7.74415,18563,0,0
2014-06-17,8.70519,8.83852,8.70519,8.82667,7.85222,12488,0,0
2014-06-18,8.81481,8.96296,8.81481,8.93333,7.94712,11813,0,0
2014-06-19,8.98667,9.02815,8.98667,8.99259,7.99983,15525,0,0
2014-06-20,8.93926,9.26519,8.93926,9.26519,8.24233,96525,0,0
2014-06-23,9.37481,9.37481,9.05185,9.0637,8.0631,22275,0,0
2014-06-24,9.15852,9.15852,8.88296,8.89481,7.91285,20588,0,0
2014-06-25,8.93333,8.9837,8.89185,8.9837,7.99192,3713,0,0
2014-06-26,9.03111,9.20593,8.89778,9.08741,8.08418,17888,0,0
2014-06-27,9.01926,9.30963,9.01926,9.28296,8.25815,13838,0,0
2014-06-30,9.22074,9.3363,9.22074,9.31852,8.28978,3038,0,0
2014-07-01,9.31852,9.47852,9.25333,9.35407,8.32141,75263,0,0
2014-07-02,9.3037,9.34815,9.18815,9.25926,8.23706,20588,0,0
2014-07-03,9.28,9.30667,9.18519,9.18519,8.17117,83700,0,0
2014-07-07,9.06667,9.09333,8.97778,9.09333,8.08945,13838,0,0
2014-07-08,9.08444,9.08444,8.97481,9.08148,8.07891,5738,0,0
2014-07-09,9.09037,9.14667,9.04296,9.11407,8.1079,11138,0,0
2014-07-10,8.97185,9.02222,8.87111,8.88296,7.9023,24975,0,0
2014-07-11,8.90963,8.95704,8.87704,8.91259,7.92866,7763,0,0
2014-07-14,8.97778,8.97778,8.87111,8.87111,7.89176,11813,0,0
2014-07-15,8.7437,8.83259,8.69333,8.82667,7.85222,15525,0,0
2014-07-16,8.83556,8.83556,8.7437,8.77037,7.80214,13838,0,0
2014-07-17,8.73185,8.88,8.58667,8.59556,7.64663,58050,0,0
2014-07-18,8.68148,8.83556,8.67556,8.76148,7.79423,31388,0,0
2014-07-21,8.72593,8.79407,8.58074,8.73481,7.77051,75600,0,0
2014-07-22,8.86222,8.97778,8.82963,8.95111,7.96293,20250,0,0
2014-07-23,9.00741,9.40444,9.00741,9.37481,8.33986,61425,0,0
2014-07-24,9.40148,9.40148,9.21778,9.26815,8.24497,14850,0,0
2014-07-25,9.23852,9.26222,9.23852,9.26222,8.2397,1350,0,0
2014-07-28,9.21481,9.27111,9.18519,9.20889,8.19225,9113,0,0
2014-07-29,9.22963,9.30667,9.12593,9.12593,8.11845,6075,0,0
2014-07-30,9.19407,9.23259,9.19111,9.22963,8.2107,5063,0,0
2014-07-31,9.14074,9.22074,9.11111,9.15556,8.14481,15188,0,0
2014-08-01,9.18519,9.2,8.99259,9.10222,8.09736,25313,0,0
2014-08-04,9.11111,9.24741,8.96593,9.2237,8.20543,18900,0,0
2014-08-05,9.19111,9.29778,9.11111,9.21185,8.19489,15188,0,0
2014-08-06,9.1437,9.33037,9.1437,9.25333,8.23179,8775,0,0
2014-08-07,9.27407,9.27407,9.15556,9.15852,8.14744,19575,0,0
2014-08-08,9.34519,9.45185,9.34519,9.40444,8.36622,6413,0,0
2014-08-11,9.49037,9.58222,9.49037,9.56444,8.50855,8438,0,0
2014-08-12,9.54667,9.56444,9.48148,9.52,8.46902,7088,0,0
2014-08-13,9.53185,9.55852,9.53185,9.53482,8.48219,3038,0,0
2014-08-14,9.51704,9.6,9.51704,9.6,8.54019,7425,0,0
2014-08-15,9.55852,9.55852,9.46667,9.50222,8.4532,3038,0,0
2014-08-18,9.55852,9.62963,9.54667,9.55852,8.50328,6413,0,0
2014-08-19,9.55852,9.58518,9.46963,9.52296,8.47165,89438,0,0
2014-08-20,9.50222,9.50222,9.41926,9.44593,8.40312,6750,0,0
2014-08-21,9.42815,9.51407,9.42815,9.51407,8.46375,5400,0,0
2014-08-22,9.44296,9.47852,9.41037,9.41037,8.37149,3038,0,0
2014-08-25,9.45185,9.55852,9.3837,9.46963,8.42421,27338,0,0
2014-08-26,9.44889,9.45185,9.38667,9.38963,8.35304,3038,0,0
2014-08-27,9.39556,9.40148,9.34222,9.34222,8.31087,9788,0,0
2014-08-28,9.44296,9.48741,9.44296,9.48741,8.44002,3375,0,0
2014-08-29,9.45778,9.62074,9.45778,9.62074,8.55864,7088,0,0
2014-09-02,9.66518,9.74222,9.58222,9.65037,8.58499,22613,0,0
2014-09-03,9.61778,9.61778,9.61778,9.61778,8.556,675,0,0
2014-09-04,9.65037,9.66222,9.52296,9.52296,8.47165,1350,0,0
2014-09-05,9.52296,9.52296,9.52296,9.52296,8.47165,0,0,0
2014-09-08,9.3037,9.38667,9.3037,9.35111,8.31877,4725,0,0
2014-09-09,9.30667,9.30667,9.19407,9.19407,8.17907,2363,0,0
2014-09-10,9.16148,9.23556,9.13778,9.13778,8.12899,5738,0,0
2014-09-11,8.99259,9.25037,8.99259,9.25037,8.22915,13163,0,0
2014-09-12,9.09926,9.24148,9.09926,9.24148,8.22125,4050,0,0
2014-09-15,9.12593,9.19111,9.12296,9.14963,8.13953,7088,0,0
2014-09-16,9.04593,9.07259,8.99259,8.99259,7.99983,5063,0,0
2014-09-17,9.13481,9.20593,9.13481,9.20593,8.18962,11475,0,0
2014-09-18,9.33926,9.42222,9.30963,9.39852,8.36095,20588,0,0
2014-09-19,9.48741,9.48741,9.00741,9.10222,8.09736,37800,0,0
2014-09-22,8.9837,9.0163,8.88593,8.99852,8.00511,48600,0,0
2014-09-23,8.97481,8.97481,8.76148,8.81481,7.84168,17550,0,0
2014-09-24,8.68148,8.96593,8.59259,8.96593,7.97611,8775,0,0
2014-09-25,8.88593,9.09926,8.85926,9.01333,8.01828,11475,0,0
2014-09-26,8.94815,9.21778,8.92148,9.02222,8.02619,8438,0,0
2014-09-29,9.0163,9.02815,9.01333,9.01333,8.01828,5063,0,0
2014-09-30,8.79704,8.86222,8.72593,8.72593,7.76261,29363,0,0
2014-10-01,8.68148,8.68148,8.46815,8.49185,7.55438,16875,0,0
2014-10-02,8.51556,8.57778,8.5037,8.57778,7.63081,9113,0,0
2014-10-03,8.65778,8.66667,8.65185,8.65185,7.69671,2025,0,0
2014-10-06,8.66667,8.71407,8.60148,8.61926,7.66772,13500,0,0
2014-10-07,8.51852,8.51852,8.41778,8.41778,7.48848,11138,0,0
2014-10-08,8.47704,9.03111,8.47704,9.01037,8.01565,14175,0,0
2014-10-09,9.02519,9.12296,8.84741,8.84741,7.87068,8100,0,0
2014-10-10,8.79704,8.8563,8.55111,8.58667,7.63872,31050,0,0
2014-10-13,8.54222,8.54222,8.49185,8.53926,7.59655,10800,0,0
2014-10-14,8.40889,8.60148,8.40889,8.47704,7.54119,17213,0,0
2014-10-15,8.48593,8.48593,8.28741,8.44444,7.5122,21263,0,0
2014-10-16,8.25778,8.56889,8.25778,8.42074,7.49111,20925,0,0
2014-10-17,8.52444,8.52444,8.41185,8.50963,7.57019,7763,0,0
2014-10-20,8.67852,8.68148,8.67556,8.67556,7.7178,2700,0,0
2014-10-21,8.78519,9.06963,8.78519,9.03704,8.03937,14850,0,0
2014-10-22,9.11407,9.17037,8.51852,8.6163,7.66508,13838,0,0
2014-10-23,8.88593,9.20296,8.8563,9.02815,8.03146,80325,0,0
2014-10-24,8.97778,8.98074,8.96296,8.96889,7.97875,31050,0,0
2014-10-27,8.88889,9.04593,8.80296,8.98074,7.98929,18225,0,0
2014-10-28,9.05185,9.27111,9.03111,9.27111,8.2476,239288,0,0
2014-10-29,9.33333,9.39259,9.32741,9.33333,8.30296,49613,0,0
2014-10-30,9.18519,9.35111,9.18519,9.25926,8.23706,76275,0,0
2014-10-31,9.27704,9.64148,9.27704,9.59407,8.53491,75938,0,0
2014-11-03,9.48148,9.56741,9.46667,9.46667,8.42157,20925,0,0
2014-11-04,9.46963,9.47852,9.18519,9.18519,8.17117,10125,0,0
2014-11-05,9.39556,9.45778,9.33037,9.39259,8.35567,34763,0,0
2014-11-06,9.3363,9.37481,9.29778,9.34222,8.31087,8775,0,0
2014-11-07,9.36296,9.36296,9.21778,9.2563,8.23442,52650,0,0
2014-11-10,9.32741,9.32741,9.22963,9.22963,8.2107,13163,0,0
2014-11-11,9.23259,9.3037,9.1763,9.1763,8.16326,10125,0,0
2014-11-12,9.18519,9.29778,9.18519,9.21185,8.19489,5400,0,0
2014-11-13,9.2237,9.2237,9.18519,9.18519,8.17117,7425,0,0
2014-11-14,9.15852,9.15852,8.97778,9.0963,8.09209,23963,0,0
2014-11-17,8.9837,8.9837,8.91556,8.96296,7.97348,2025,0,0
2014-11-18,9.06667,9.14074,8.97481,9.00148,8.00774,56700,0,0
2014-11-19,9.05778,9.06667,8.90667,8.95407,7.96557,19913,0,0
2014-11-20,8.8563,9.06963,8.8563,9.06963,8.06837,35775,0,0
2014-11-21,9.15259,9.30963,9.13481,9.13778,8.12899,76613,0,0
2014-11-24,9.19704,9.2237,9.03704,9.22074,8.2028,61088,0,0
2014-11-25,9.25926,9.27111,9.20889,9.20889,8.19225,2363,0,0
2014-11-26,9.0963,9.17037,9.0963,9.17037,8.15799,1350,0,0
2014-11-28,9.12593,9.12593,8.96296,8.96296,7.97348,15525,0,0
2014-12-01,8.84444,8.84444,8.66074,8.67259,7.71516,22275,0,0
2014-12-02,8.78519,8.84444,8.6163,8.84444,7.86804,15188,0,0
2014-12-03,9.08444,9.12889,9.00148,9.07556,8.07364,45563,0,0
2014-12-04,9.09333,9.2,9.08741,9.2,8.18434,8100,0,0
2014-12-05,9.2,9.33333,9.2,9.27407,8.25024,21263,0,0
2014-12-08,9.43704,9.51407,9.14963,9.15852,8.14744,42188,0,0
2014-12-09,9.04296,9.41926,9.02222,9.41926,8.3794,11813,0,0
2014-12-10,9.24148,9.25037,8.83556,8.88593,7.90494,13163,0,0
2014-12-11,8.96593,8.96593,8.76148,8.80889,7.83641,40838,0,0
2014-12-12,8.63111,8.7763,8.25482,8.28148,7.36723,28350,0,0
2014-12-15,8.29333,8.29333,7.98519,8.05333,7.16427,35100,0,0
2014-12-16,7.92889,8.22518,7.90519,8.22518,7.31714,47588,0,0
2014-12-17,8.17482,8.3437,8.01482,8.32,7.40149,84713,0,0
2014-12-18,8.35556,8.53037,8.31704,8.31704,7.39886,15863,0,0
2014-12-19,8.55704,8.55704,8.42667,8.48296,7.54647,66150,0,0
2014-12-22,8.41185,8.46518,8.36444,8.41778,7.48848,39825,0,0
2014-12-23,8.51556,8.6637,8.51259,8.52741,7.586,38138,0,0
2014-12-24,8.61926,8.71407,8.57481,8.57481,7.62818,5063,0,0
2014-12-26,8.63111,8.63704,8.45926,8.48593,7.5491,17213,0,0
2014-12-29,8.42074,8.72,8.42074,8.72,7.75733,27338,0,0
2014-12-30,8.64593,8.64593,8.47407,8.49778,7.55964,49275,0,0
2014-12-31,8.49481,8.6637,8.3437,8.3437,7.42258,22950,0,0
2015-01-02,8.27259,8.37926,8.22518,8.37926,7.45421,17213,0,0
2015-01-05,8.23407,8.23407,8.06222,8.08593,7.19326,17213,0,0
2015-01-06,7.98519,7.98519,7.57037,7.73926,6.88486,44550,0,0
2015-01-07,7.86963,7.86963,7.73333,7.73333,6.87959,5738,0,0
2015-01-08,7.77185,7.79259,7.65926,7.69482,6.84533,19238,0,0
2015-01-09,7.46963,7.5437,7.38963,7.5437,6.7109,6075,0,0
2015-01-12,7.53482,7.53778,7.47852,7.51704,6.68717,8100,0,0
2015-01-13,7.53778,7.5763,7.47852,7.47852,6.65291,10125,0,0
2015-01-14,7.42518,7.52,7.38667,7.50222,6.67399,7425,0,0
2015-01-15,7.50222,7.58519,7.45185,7.45185,6.62919,11138,0,0
2015-01-16,7.4963,7.4963,7.40444,7.42222,6.60283,7763,0,0
2015-01-20,7.32741,7.38963,7.20593,7.32741,6.51848,14850,0,0
2015-01-21,7.23852,7.45778,7.23852,7.45778,6.63446,12825,0,0
2015-01-22,7.3363,7.58519,7.3363,7.51704,6.68717,40838,0,0
2015-01-23,7.44,7.56741,7.43704,7.51111,6.6819,17213,0,0
2015-01-26,7.45185,7.49037,7.38667,7.48741,6.66082,9788,0,0
2015-01-27,7.3037,7.67704,7.3037,7.67704,6.82951,17888,0,0
2015-01-28,7.50815,7.6563,7.42518,7.46667,6.64236,38475,0,0
2015-01-29,7.51111,7.60593,7.51111,7.5437,6.7109,5063,0,0
2015-01-30,7.43407,8.04444,7.43111,8.04444,7.15636,3038,0,0
2015-02-02,7.94074,7.99111,7.45481,7.99111,7.10891,24638,0,0
2015-02-03,7.99111,8.16296,7.88741,8.16296,7.26179,5063,0,0
2015-02-04,8.02963,8.07407,8.02963,8.05926,7.16954,4725,0,0
2015-02-05,8.05926,8.05926,8.05926,8.05926,7.16954,0,0,0
2015-02-06,8.11259,8.1837,8.11259,8.12148,7.22489,8100,0,0
2015-02-09,8.05926,8.05926,8,8.01185,7.12736,9113,0,0
2015-02-10,8.06518,8.06518,8.06518,8.06518,7.17481,675,0,0
2015-02-11,8.10667,8.29037,7.70667,7.95556,7.07728,95850,0,0
2015-02-12,8.03259,8.03259,7.92593,7.92593,7.05092,5400,0,0
2015-02-13,8.00593,8.00593,7.80444,7.80444,6.94285,10463,0,0
2015-02-17,7.86667,7.86667,7.82222,7.82222,6.95867,8438,0,0
2015-02-18,7.82222,7.82222,7.69482,7.80741,6.94549,5738,0,0
2015-02-19,7.7037,7.8163,7.7037,7.74222,6.8875,71888,0,0
2015-02-20,7.73333,7.76296,7.63259,7.7037,6.85323,6413,0,0
2015-02-23,7.7037,7.7037,7.7037,7.7037,6.85323,0,0,0
2015-02-24,7.45481,7.8163,7.26222,7.60889,6.76889,40838,0,0
2015-02-25,7.64444,7.65037,7.46963,7.46963,6.645,24638,0,0
2015-02-26,7.55556,7.61778,7.3837,7.48148,6.65555,4725,0,0
2015-02-27,7.4163,7.55259,7.4163,7.55259,6.7188,18225,0,0
2015-03-02,7.55556,7.61185,7.45778,7.46963,6.645,39150,0,0
2015-03-03,7.41333,7.4163,7.29778,7.40148,6.58438,20925,0,0
2015-03-04,7.38963,7.40148,7.1437,7.20593,6.41041,35100,0,0
2015-03-05,7.21481,7.34222,7.21481,7.25333,6.45258,4725,0,0
2015-03-06,7.21481,7.30667,7.21481,7.2237,6.42623,12488,0,0
2015-03-09,7.35407,7.35407,7.31852,7.31852,6.51057,2700,0,0
2015-03-10,7.24444,7.25926,7.03704,7.10815,6.32343,29363,0,0
2015-03-11,7.15556,7.15556,7.03111,7.11111,6.32606,41175,0,0
2015-03-12,7.31259,7.31259,7.11407,7.28889,6.48421,36450,0,0
2015-03-13,7.36593,7.36593,7.11407,7.28296,6.47894,15188,0,0
2015-03-16,7.36889,7.44,7.29481,7.40741,6.58965,14850,0,0
2015-03-17,7.36593,7.40741,7.33333,7.37778,6.56329,10463,0,0
2015-03-18,7.33037,7.45778,7.33037,7.39852,6.58174,20925,0,0
2015-03-19,7.44,7.44889,7.36,7.36,6.54748,3038,0,0
2015-03-20,7.38667,7.38667,7.26222,7.26222,6.46049,62775,0,0
2015-03-23,7.28,7.51704,7.28,7.51704,6.68717,11138,0,0
2015-03-24,7.46074,7.46074,7.45185,7.45185,6.62919,2700,0,0
2015-03-25,7.40741,7.40741,7.40741,7.40741,6.58965,1350,0,0
2015-03-26,7.42222,7.42222,7.32444,7.32741,6.51848,2700,0,0
2015-03-27,7.13481,7.21778,7.12,7.18518,6.39196,9113,0,0
2015-03-30,7.23259,7.39259,7.23259,7.3037,6.49739,10125,0,0
2015-03-31,7.30667,7.32444,7.24444,7.32444,6.51584,9113,0,0
2015-04-01,7.31556,7.40148,7.26518,7.37481,6.56065,7425,0,0
2015-04-02,7.46667,7.47556,7.36296,7.36296,6.55011,7425,0,0
2015-04-06,7.39259,7.59111,7.39259,7.45185,6.62919,10125,0,0
2015-04-07,7.44593,7.49037,7.39556,7.39556,6.5791,10463,0,0
2015-04-08,7.40444,7.46963,7.29481,7.37185,6.55802,8100,0,0
2015-04-09,7.3037,7.44296,7.28889,7.38667,6.5712,8775,0,0
2015-04-10,7.37778,7.45481,7.34815,7.34815,6.53693,9450,0,0
2015-04-13,7.32741,7.33926,7.24444,7.33926,6.52902,36113,0,0
2015-04-14,7.34518,7.39852,7.32741,7.37481,6.56065,7088,0,0
2015-04-15,7.36296,7.48148,7.36296,7.4637,6.63973,15863,0,0
2015-04-16,7.40444,7.48148,7.37778,7.41333,6.59492,12150,0,0
2015-04-17,7.20889,7.36889,7.20889,7.35704,6.54484,32738,0,0
2015-04-20,7.34815,7.34815,7.27407,7.31852,6.51057,23625,0,0
2015-04-21,7.32444,7.37185,7.22963,7.27111,6.4684,23288,0,0
2015-04-22,7.41037,7.41037,7.0963,7.36889,6.55538,27675,0,0
2015-04-23,7.34815,7.34815,7.12889,7.31852,6.51057,32400,0,0
2015-04-24,7.34815,7.34815,7.24444,7.33333,6.52375,3375,0,0
2015-04-27,7.31556,7.34815,7.22963,7.22963,6.4315,40838,0,0
2015-04-28,7.25926,7.45481,7.25926,7.45481,6.63182,13500,0,0
2015-04-29,7.33333,7.43407,7.28,7.43111,6.61074,49613,0,0
2015-04-30,7.32444,7.41926,7.16148,7.29185,6.48685,42863,0,0
2015-05-01,7.31556,7.36593,7.0637,7.31556,6.50794,29025,0,0
2015-05-04,7.45185,7.64741,7.45185,7.60593,6.76625,41175,0,0
2015-05-05,7.6237,7.64741,7.55852,7.64444,6.80052,38475,0,0
2015-05-06,7.64444,7.73333,7.60593,7.73333,6.87959,41850,0,0
2015-05-07,7.6563,7.75407,7.58222,7.67407,6.82688,38813,0,0
2015-05-08,7.74222,7.79259,7.7037,7.76,6.90332,22275,0,0
2015-05-11,7.8163,7.9437,7.73333,7.78963,6.92967,45225,0,0
2015-05-12,7.67704,7.67704,7.49926,7.59407,6.75571,272363,0,0
2015-05-13,7.5763,7.5763,7.36296,7.44593,6.62391,99900,0,0
2015-05-14,7.48148,7.48148,7.27407,7.37481,6.56065,76613,0,0
2015-05-15,7.28,7.37778,7.27704,7.32741,6.51848,22950,0,0
2015-05-18,7.3037,7.39852,7.05185,7.26222,6.46049,98550,0,0
2015-05-19,7.27704,7.27704,6.93926,7.21778,6.42095,75600,0,0
2015-05-20,7.1763,7.32741,7.1763,7.28,6.47631,92813,0,0
2015-05-21,7.26222,7.35111,7.21185,7.31259,6.5053,84038,0,0
2015-05-22,7.28593,7.36296,7.25926,7.33037,6.52112,54000,0,0
2015-05-26,7.33926,7.42815,7.20593,7.27111,6.4684,466763,0,0
2015-05-27,7.27407,7.52889,7.25926,7.52889,6.69772,101250,0,0
2015-05-28,7.46074,7.56148,7.34815,7.53778,6.70563,57038,0,0
2015-05-29,7.49333,7.49333,7.28889,7.43407,6.61337,95175,0,0
2015-06-01,7.63852,7.88148,7.58815,7.75407,6.89804,111713,0,0
2015-06-02,7.71556,7.86963,7.71556,7.75704,6.90068,154913,0,0
2015-06-03,7.7837,7.85482,7.7363,7.84889,6.98239,65138,0,0
2015-06-04,7.83111,7.83704,7.56148,7.56444,6.72935,53663,0,0
2015-06-05,7.55556,7.65333,7.49926,7.65037,6.80579,28688,0,0
2015-06-08,7.70667,7.70667,7.56741,7.63852,6.79525,60075,0,0
2015-06-09,7.64444,7.67704,7.54963,7.59407,6.75571,42863,0,0
2015-06-10,7.64741,7.77185,7.63852,7.72148,6.86905,33075,0,0
2015-06-11,7.56741,7.56741,7.34222,7.40741,6.58965,56700,0,0
2015-06-12,7.41037,7.44,7.26222,7.29778,6.49212,45225,0,0
2015-06-15,7.25037,7.28296,6.99259,7.11111,6.32606,292950,0,0
2015-06-16,7.07556,7.17926,7.00741,7.15556,6.3656,34763,0,0
2015-06-17,7.10222,7.16148,6.88889,6.91556,6.1521,57713,0,0
2015-06-18,6.93926,7.11111,6.86519,7.06963,6.28916,55013,0,0
2015-06-19,7.12,7.17037,7.01926,7.14074,6.35242,127238,0,0
2015-06-22,7.14074,7.22074,7.11111,7.1763,6.38405,160988,0,0
2015-06-23,7.21778,7.25037,7.11407,7.15259,6.36296,58050,0,0
2015-06-24,7.16148,7.30667,7.16148,7.26518,6.46313,18900,0,0
2015-06-25,7.28,7.28593,7.12296,7.17333,6.38141,29025,0,0
2015-06-26,7.22963,7.27111,7.0637,7.0637,6.28389,332100,0,0
2015-06-29,7.07852,7.19407,7.04,7.08444,6.30234,34088,0,0
2015-06-30,6.99556,7.16444,6.99556,7.11111,6.32606,74925,0,0
2015-07-01,7.21481,7.21481,6.97778,7.05481,6.27598,86400,0,0
2015-07-02,7.06963,7.12,6.99556,7.11407,6.3287,32400,0,0
2015-07-06,7.08741,7.14963,7.08741,7.0963,6.31288,47925,0,0
2015-07-07,6.96889,6.99259,6.85926,6.86519,6.10729,85725,0,0
2015-07-08,6.78519,6.78519,6.57185,6.66667,5.93068,81675,0,0
2015-07-09,6.78222,6.80593,6.66667,6.66667,5.93068,17888,0,0
2015-07-10,6.83852,6.91259,6.74074,6.82667,6.07302,18563,0,0
2015-07-13,6.8563,6.9363,6.80593,6.80593,6.05457,30713,0,0
2015-07-14,6.80889,6.90667,6.80889,6.83556,6.08093,10463,0,0
2015-07-15,6.9037,7.03407,6.75852,6.75852,6.0124,20250,0,0
2015-07-16,6.86222,6.9363,6.73482,6.78519,6.03612,31725,0,0
2015-07-17,6.77037,6.77037,6.55407,6.63704,5.90433,39488,0,0
2015-07-20,6.53037,6.67259,6.50963,6.66074,5.92541,159975,0,0
2015-07-21,6.60148,6.67852,6.40593,6.62519,5.89378,724275,0,0
2015-07-22,6.51259,7.11111,6.51259,6.85333,6.09674,139388,0,0
2015-07-23,6.9037,6.9037,6.5037,6.56,5.83579,291938,0,0
2015-07-24,6.54815,6.56296,6.47704,6.48296,5.76726,80325,0,0
2015-07-27,6.44444,6.56296,6.43852,6.49185,5.77517,34088,0,0
2015-07-28,6.50667,6.63407,6.45333,6.57482,5.84897,62438,0,0
2015-07-29,6.58667,6.72296,6.5837,6.71111,5.97022,18563,0,0
2015-07-30,6.65778,6.80296,6.65778,6.73185,5.98867,29700,0,0
2015-07-31,6.7763,6.87407,6.64889,6.86815,6.10992,73238,0,0
2015-08-03,6.88,6.88,6.70222,6.75556,6.00976,10125,0,0
2015-08-04,6.73778,6.75556,6.66667,6.66667,5.93068,15188,0,0
2015-08-05,6.72889,6.94815,6.72889,6.93037,6.16527,103275,0,0
2015-08-06,6.83556,6.91852,6.83556,6.88889,6.12837,22613,0,0
2015-08-07,6.7763,6.84444,6.71111,6.81482,6.06248,29700,0,0
2015-08-10,6.83556,6.94222,6.8237,6.92148,6.15737,16200,0,0
2015-08-11,6.88593,7.00741,6.8,6.9837,6.21272,9788,0,0
2015-08-12,6.90667,6.96296,6.78519,6.83852,6.08356,137025,0,0
2015-08-13,6.80593,6.8237,6.69926,6.73185,5.98867,19913,0,0
2015-08-14,6.71704,6.88889,6.71704,6.82667,6.07302,10800,0,0
2015-08-17,6.86815,6.91259,6.85926,6.91259,6.14946,10800,0,0
2015-08-18,6.88296,6.9363,6.82074,6.82074,6.06775,5738,0,0
2015-08-19,6.79407,6.88296,6.79407,6.8237,6.07038,5400,0,0
2015-08-20,6.62222,6.79111,6.62222,6.7437,5.99922,11813,0,0
2015-08-21,6.54222,6.68444,6.52444,6.54519,5.82261,76950,0,0
2015-08-24,6.34667,6.57185,6.17778,6.41778,5.70927,68175,0,0
2015-08-25,6.47407,6.52741,6.31407,6.44148,5.73036,248063,0,0
2015-08-26,6.47111,6.48,6.32296,6.46815,5.75408,69525,0,0
2015-08-27,6.49778,6.63111,6.43556,6.52148,5.80153,51638,0,0
2015-08-28,6.55111,6.66074,6.44444,6.47407,5.75935,89438,0,0
2015-08-31,6.41481,6.72889,6.41481,6.69926,5.95968,114413,0,0
2015-09-01,6.61333,6.72,6.56,6.58074,5.85424,47925,0,0
2015-09-02,6.68444,6.68444,6.47704,6.59556,5.86742,67838,0,0
2015-09-03,6.66667,6.67852,6.50074,6.6163,5.88588,78975,0,0
2015-09-04,6.48593,6.60741,6.42074,6.55704,5.83316,168413,0,0
2015-09-08,6.6963,6.77037,6.47407,6.69037,5.95177,257175,0,0
2015-09-09,6.73185,6.75556,6.57778,6.6637,5.92805,168413,0,0
2015-09-10,6.63111,6.72593,6.51852,6.70222,5.96231,335813,0,0
2015-09-11,6.69926,6.73185,6.59259,6.67259,5.93596,381038,0,0
2015-09-14,6.6963,6.72593,6.54222,6.65185,5.9175,199800,0,0
2015-09-15,6.78815,7.13481,6.64593,7.11704,6.33133,1200150,0,0
2015-09-16,7.17926,7.20593,7.00148,7.09926,6.31552,100238,0,0
2015-09-17,7.07556,7.34518,7.07556,7.24148,6.44204,99563,0,0
2015-09-18,7.19407,7.41037,7.04889,7.1763,6.38405,1285538,0,0
2015-09-21,7.2237,7.36296,7.17926,7.20593,6.41041,146813,0,0
2015-09-22,7.15556,7.18518,7.00741,7.08741,6.30497,86063,0,0
2015-09-23,7.09333,7.10518,6.97482,7.03704,6.26017,83363,0,0
2015-09-24,6.99852,7.09926,6.96,7.0637,6.28389,149850,0,0
2015-09-25,7.11111,7.21481,7.09037,7.13185,6.34451,51975,0,0
2015-09-28,7.12296,7.12296,7.03111,7.10222,6.31815,65813,0,0
2015-09-29,7.09037,7.13185,6.98074,7.10222,6.31815,342900,0,0
2015-09-30,7.15556,7.16741,6.79704,6.90667,6.14419,22950,0,0
2015-10-01,6.95704,6.96593,6.76444,6.89482,6.13364,389138,0,0
2015-10-02,6.8237,7.08148,6.77037,7.07852,6.29707,42863,0,0
2015-10-05,7.17037,7.37185,7.17037,7.32148,6.51321,67500,0,0
2015-10-06,7.33037,7.38963,7.15556,7.26518,6.46313,131963,0,0
2015-10-07,7.31556,7.45185,7.22074,7.3037,6.49739,101250,0,0
2015-10-08,7.35111,7.40148,7.30074,7.32148,6.51321,37800,0,0
2015-10-09,7.3363,7.42815,7.2563,7.39556,6.5791,38138,0,0
2015-10-12,7.43111,7.46963,7.35111,7.42815,6.6081,27675,0,0
2015-10-13,7.36296,7.49333,7.31852,7.32444,6.51584,39488,0,0
2015-10-14,7.39852,7.39852,7.28,7.31852,6.51057,62775,0,0
2015-10-15,7.6563,7.6563,7.2,7.37481,6.56065,55688,0,0
2015-10-16,7.37481,7.43407,7.20296,7.31259,6.5053,74588,0,0
2015-10-19,7.27407,7.40741,7.22074,7.23852,6.4394,41513,0,0
2015-10-20,7.26518,7.30667,7.17037,7.24148,6.44204,57375,0,0
2015-10-21,7.2563,7.2563,6.99852,6.99852,6.2259,139388,0,0
2015-10-22,7.04296,7.24148,6.70519,6.80889,6.05721,80325,0,0
2015-10-23,6.80296,6.92741,6.72889,6.73778,5.99395,71550,0,0
2015-10-26,6.74074,6.80889,6.65482,6.73778,5.99395,57038,0,0
2015-10-27,6.57482,6.70222,6.51852,6.57185,5.84634,53325,0,0
2015-10-28,6.43556,6.7437,6.43556,6.7437,5.99922,57038,0,0
2015-10-29,6.73778,6.78815,6.60741,6.67259,5.93596,66488,0,0
2015-10-30,6.62519,6.79111,6.55111,6.72,5.97813,59063,0,0
2015-11-02,6.58074,6.98963,6.55111,6.9363,6.17055,66488,0,0
2015-11-03,6.97185,7.04889,6.77037,7.01037,6.23644,61088,0,0
2015-11-04,7.04296,7.16148,6.94222,6.98963,6.21799,91800,0,0
2015-11-05,7.04593,7.16741,6.91852,7.11407,6.3287,45900,0,0
2015-11-06,7.07852,7.16148,7.01926,7.06963,6.28916,116775,0,0
2015-11-09,7.10815,7.10815,6.66667,6.81185,6.05984,87075,0,0
2015-11-10,6.83556,6.83852,6.67852,6.77333,6.02557,33750,0,0
2015-11-11,6.82074,6.94519,6.68741,6.73185,5.98867,46913,0,0
2015-11-12,6.70519,6.77926,6.53037,6.63407,5.90169,73913,0,0
2015-11-13,6.63407,6.63407,6.44148,6.48889,5.77253,380025,0,0
2015-11-16,6.45926,6.61037,6.45333,6.61037,5.8806,60750,0,0
2015-11-17,6.63111,6.70519,6.54222,6.57778,5.85161,97875,0,0
2015-11-18,6.73482,6.75556,6.59259,6.67556,5.93859,61763,0,0
2015-11-19,6.65778,6.73778,6.56593,6.62815,5.89642,74588,0,0
2015-11-20,6.66074,6.84444,6.59852,6.68148,5.94386,1030725,0,0
2015-11-23,6.70815,6.78519,6.60741,6.64593,5.91223,52313,0,0
2015-11-24,6.63704,6.7763,6.54815,6.63111,5.89905,54675,0,0
2015-11-25,6.66667,6.7763,6.6163,6.70222,5.96231,67163,0,0
2015-11-27,6.7437,6.81482,6.68148,6.69333,5.95441,14850,0,0
2015-11-30,6.71407,6.76741,6.55704,6.70222,5.96231,292950,0,0
2015-12-01,6.6963,6.71111,6.67556,6.67556,5.93859,24638,0,0
2015-12-02,6.59259,6.73185,6.59259,6.59852,5.87006,19575,0,0
2015-12-03,6.63704,6.63704,6.35259,6.38518,5.68028,17888,0,0
2015-12-04,6.41778,6.41778,6.25185,6.35556,5.65392,57038,0,0
2015-12-07,6.32593,6.36148,6.28148,6.28148,5.58802,74250,0,0
2015-12-08,6.28444,6.31407,6.16296,6.17778,5.49577,42525,0,0
2015-12-09,6.22518,6.32,6.12741,6.19852,5.51422,65813,0,0
2015-12-10,6.13037,6.34963,6.06222,6.16,5.47995,200813,0,0
2015-12-11,5.99407,6.02667,5.94963,5.95852,5.30071,129263,0,0
2015-12-14,6.08593,6.20148,6.02667,6.16,5.47995,345938,0,0
2015-12-15,6.2163,6.26074,6.12444,6.24593,5.55639,190688,0,0
2015-12-16,6.26667,6.3437,6.22222,6.23111,5.54321,46913,0,0
2015-12-17,6.23111,6.28444,6.15111,6.23407,5.54585,233888,0,0
2015-12-18,6.16889,6.21333,6.08,6.14518,5.46677,201825,0,0
2015-12-21,6.14222,6.35259,6.13926,6.13926,5.4615,65138,0,0
2015-12-22,6.11556,6.33185,6.07704,6.24593,5.55639,101925,0,0
2015-12-23,6.3437,6.42963,6.28148,6.3763,5.67237,89438,0,0
2015-12-24,6.33778,6.42963,6.30518,6.35556,5.65392,12150,0,0
2015-12-28,6.36741,6.40296,6.32889,6.38222,5.67764,46913,0,0
2015-12-29,6.48,6.50667,6.45926,6.49778,5.78044,58050,0,0
2015-12-30,6.31111,6.53037,6.31111,6.46815,5.75408,189675,0,0
2015-12-31,6.54519,6.55704,6.41481,6.48889,5.77253,23288,0,0
2016-01-04,6.36148,6.54222,6.26667,6.39111,5.68555,37125,0,0
2016-01-05,6.39111,6.53926,6.32296,6.35259,5.65128,25650,0,0
2016-01-06,6.19259,6.35259,6.13926,6.23111,5.54321,49950,0,0
2016-01-07,6.05037,6.05037,5.74815,5.77185,5.13465,56363,0,0
2016-01-08,5.8963,5.8963,5.70963,5.7363,5.10302,25313,0,0
2016-01-11,5.71556,5.91407,5.65926,5.69778,5.06876,15188,0,0
2016-01-12,5.8963,5.8963,5.58815,5.68,5.05294,24300,0,0
2016-01-13,5.67407,5.73926,5.59111,5.60593,4.98705,45563,0,0
2016-01-14,5.44296,5.69185,5.42518,5.65037,5.02658,59400,0,0
2016-01-15,5.47852,5.5763,5.47852,5.52889,4.91851,74250,0,0
2016-01-19,5.54074,5.54074,5.26222,5.28593,4.70237,36788,0,0
2016-01-20,5.23556,5.49333,4.94815,5.4637,4.86053,38138,0,0
2016-01-21,5.43111,5.51704,5.33333,5.48148,4.87634,93825,0,0
2016-01-22,5.54963,5.6563,5.49037,5.53185,4.92115,56363,0,0
2016-01-25,5.50222,5.52889,5.38963,5.42815,4.82889,12150,0,0
2016-01-26,5.46963,5.61778,5.45778,5.56741,4.95278,41513,0,0
2016-01-27,5.45185,5.52296,5.36296,5.41333,4.81571,22950,0,0
2016-01-28,5.24148,5.59407,5.24148,5.43111,4.83153,11813,0,0
2016-01-29,5.26222,5.62963,5.26222,5.56444,4.95014,40500,0,0
2016-02-01,5.63259,5.65926,5.4163,5.62963,5.00813,46575,0,0
2016-02-02,5.61185,5.61185,5.36889,5.49037,4.88425,20588,0,0
2016-02-03,5.43111,5.52,5.40741,5.46074,4.85789,10463,0,0
2016-02-04,5.49037,5.7037,5.49037,5.62963,5.00813,48263,0,0
2016-02-05,5.66815,5.69778,5.56741,5.63556,5.0134,14175,0,0
2016-02-08,5.52,5.56741,5.43111,5.56148,4.94751,29700,0,0
2016-02-09,5.2563,5.56444,5.2563,5.50222,4.89479,10463,0,0
2016-02-10,5.44,5.44,4.63704,4.6963,4.17784,282825,0,0
2016-02-11,4.45926,4.45926,4.20741,4.41481,3.92743,161663,0,0
2016-02-12,4.39407,4.52741,4.39407,4.47407,3.98015,67163,0,0
2016-02-16,4.61333,4.8237,4.61333,4.81185,4.28064,42525,0,0
2016-02-17,5.03704,5.0963,4.94222,4.97778,4.42824,57375,0,0
2016-02-18,5.25926,5.25926,4.88296,5.00444,4.45197,44213,0,0
2016-02-19,4.89778,4.94222,4.88296,4.88593,4.34653,104625,0,0
2016-02-22,4.94519,5.00741,4.89482,4.96889,4.42034,45900,0,0
2016-02-23,4.87704,4.97482,4.87704,4.89185,4.3518,13163,0,0
2016-02-24,4.84444,5.03407,4.84444,5.02222,4.46778,27000,0,0
2016-02-25,4.90963,4.91852,4.88,4.88889,4.34917,15188,0,0
2016-02-26,4.88889,4.9837,4.88593,4.9837,4.43352,23625,0,0
2016-02-29,5.03704,5.13185,5.02222,5.12593,4.56004,36788,0,0
2016-03-01,5.16741,5.27111,5.16741,5.2237,4.64702,49950,0,0
2016-03-02,5.25037,5.35407,5.25037,5.34815,4.75773,68850,0,0
2016-03-03,5.36296,5.43704,5.28593,5.32741,4.73927,184613,0,0
2016-03-04,5.3363,5.42222,5.31259,5.36889,4.77618,75938,0,0
2016-03-07,5.3837,5.45481,5.31556,5.41037,4.81308,287213,0,0
2016-03-08,5.3837,5.3837,5.23852,5.31259,4.7261,77288,0,0
2016-03-09,5.22963,5.39556,5.19704,5.39556,4.7999,68850,0,0
2016-03-10,5.40741,5.43407,5.22667,5.30667,4.72082,88425,0,0
2016-03-11,5.31852,5.44296,5.31852,5.42518,4.82626,197775,0,0
2016-03-14,5.33333,5.36296,5.23556,5.25037,4.67074,207900,0,0
2016-03-15,5.21185,5.22963,5.11704,5.20593,4.6312,20250,0,0
2016-03-16,5.01333,5.17333,5.01333,5.12,4.55476,52988,0,0
2016-03-17,5.06667,5.22667,5.03704,5.18222,4.61012,24638,0,0
2016-03-18,5.18815,5.36296,5.18815,5.34815,4.75773,43875,0,0
2016-03-21,5.31259,5.71259,5.3037,5.40444,4.80781,38813,0,0
2016-03-22,5.32148,5.41333,5.27407,5.37185,4.77881,58050,0,0
2016-03-23,5.31259,5.36593,5.13481,5.16741,4.59694,29363,0,0
2016-03-24,5.11704,5.27111,5.10815,5.27111,4.68919,23963,0,0
2016-03-28,5.24444,5.32741,5.23556,5.29481,4.71028,42525,0,0
2016-03-29,5.30074,5.3837,5.24444,5.32444,4.73664,57038,0,0
2016-03-30,5.36593,5.39259,5.30963,5.36,4.76827,20250,0,0
2016-03-31,5.34222,5.41037,5.30667,5.41037,4.81308,21263,0,0
2016-04-01,5.28296,5.37481,5.18222,5.18222,4.61012,62775,0,0
2016-04-04,5.15556,5.21185,5.09037,5.09037,4.52841,29363,0,0
2016-04-05,5.08444,5.21778,5.02815,5.0637,4.50469,50288,0,0
2016-04-06,5.11111,5.15852,5.03704,5.04593,4.48887,40838,0,0
2016-04-07,5.05481,5.10222,4.88593,4.91852,4.37553,23625,0,0
2016-04-08,4.96296,5.03704,4.88,4.96593,4.4177,35438,0,0
2016-04-11,4.98963,5.09037,4.94222,5.00148,4.44933,25313,0,0
2016-04-12,4.96296,5.06963,4.90667,5.0637,4.50469,38475,0,0
2016-04-13,5.07259,5.30963,4.99556,5.2,4.62593,19913,0,0
2016-04-14,5.24444,5.3363,5.15556,5.30667,4.72082,25313,0,0
2016-04-15,5.29481,5.31259,5.17037,5.24741,4.66811,28013,0,0
2016-04-18,5.15852,5.24444,5.14074,5.18815,4.61539,36450,0,0
2016-04-19,5.25926,5.28,5.23259,5.25333,4.67338,27675,0,0
2016-04-20,5.21778,5.28,5.21778,5.2237,4.64702,23288,0,0
2016-04-21,5.21481,5.31259,5.13185,5.18222,4.61012,31388,0,0
2016-04-22,5.17037,5.30963,5.16741,5.27704,4.69447,19575,0,0
2016-04-25,5.30074,5.35407,5.30074,5.35407,4.763,44213,0,0
2016-04-26,5.51704,5.53482,5.42518,5.44889,4.84734,30713,0,0
2016-04-27,5.46667,5.69482,5.43704,5.69482,5.06612,24638,0,0
2016-04-28,5.87852,5.87852,5.7037,5.78074,5.14256,35100,0,0
2016-04-29,5.45778,5.73926,5.45778,5.71852,5.08721,9788,0,0
2016-05-02,5.54074,5.75111,5.53185,5.6237,5.00286,50625,0,0
2016-05-03,5.48148,5.66222,5.40741,5.47852,4.87371,45563,0,0
2016-05-04,5.60296,5.60296,5.3363,5.3363,4.74718,23625,0,0
2016-05-05,5.38963,5.48148,5.33926,5.33926,4.74982,19238,0,0
2016-05-06,5.37185,5.50815,5.15852,5.50815,4.90006,25988,0,0
2016-05-09,5.4637,5.62963,5.3037,5.33333,4.74455,32400,0,0
2016-05-10,5.59407,5.8163,5.57333,5.80444,5.16365,18900,0,0
2016-05-11,5.70074,5.73333,5.63259,5.63852,5.01604,30713,0,0
2016-05-12,5.57333,5.72148,5.57333,5.5763,4.96069,23963,0,0
2016-05-13,5.50222,5.68,5.50222,5.61778,4.99759,30375,0,0
2016-05-16,5.71852,5.71852,5.64741,5.69482,5.06612,15188,0,0
2016-05-17,5.69185,6,5.69185,5.86074,5.21373,21600,0,0
2016-05-18,5.86667,6,5.77778,5.82222,5.17946,32738,0,0
2016-05-19,5.78074,5.8163,5.78074,5.81037,5.16892,8100,0,0
2016-05-20,5.8163,5.88148,5.79852,5.83407,5.19001,10800,0,0
2016-05-23,5.86963,5.90222,5.82519,5.84593,5.20055,27675,0,0
2016-05-24,5.83704,6.13926,5.83704,6.08593,5.41406,36113,0,0
2016-05-25,6.06222,6.2163,6.06222,6.19259,5.50895,34088,0,0
2016-05-26,6.16,6.22518,6.1037,6.17481,5.49313,34763,0,0
2016-05-27,6.22222,6.24,6.18963,6.23704,5.54848,15525,0,0
2016-05-31,6.21333,6.33185,6.20148,6.24593,5.55639,17888,0,0
2016-06-01,6.21926,6.25481,6.16889,6.2163,5.53003,33413,0,0
2016-06-02,6.19852,6.20148,6.09481,6.14815,5.46941,35100,0,0
2016-06-03,6.1363,6.18963,6.09185,6.09185,5.41933,20250,0,0
2016-06-06,6.21037,6.35259,6.14222,6.33778,5.6381,59738,0,0
2016-06-07,6.23111,6.23407,6.22222,6.22222,5.53531,7088,0,0
2016-06-08,6.24296,6.39111,6.20741,6.33185,5.63283,51300,0,0
2016-06-09,6.2637,6.2637,5.70963,6.14222,5.46413,8775,0,0
2016-06-10,6.08593,6.12444,5.99407,6.06222,5.39297,37800,0,0
2016-06-13,6.04444,6.3437,6.04444,6.25778,5.56693,73238,0,0
2016-06-14,6.08889,6.2963,6.02074,6.29333,5.59856,82688,0,0
2016-06-15,6.2963,6.31111,5.98222,6.2163,5.53003,47588,0,0
2016-06-16,6.13333,6.30518,6.06222,6.27556,5.58275,54675,0,0
2016-06-17,6.20741,6.42963,6.11259,6.19556,5.51158,80325,0,0
2016-06-20,6.16889,6.47704,5.89037,6.37333,5.66973,119138,0,0
2016-06-21,6.37333,6.38518,6.25778,6.2963,5.6012,100238,0,0
2016-06-22,6.31111,6.46222,6.25778,6.34074,5.64074,118800,0,0
2016-06-23,6.36148,6.45926,6.2963,6.40593,5.69873,161325,0,0
2016-06-24,6.19259,6.30518,6.03852,6.07407,5.40351,1882913,0,0
2016-06-27,6.01481,6.01481,5.82222,5.87852,5.22954,99563,0,0
2016-06-28,5.91407,6.12741,5.91407,5.97926,5.31916,138375,0,0
2016-06-29,6.02074,6.13333,6.02074,6.10074,5.42724,120150,0,0
2016-06-30,6.09185,6.1837,6.04444,6.16,5.47995,104288,0,0
2016-07-01,6.16296,6.26667,6.16296,6.24889,5.55903,70875,0,0
2016-07-05,6.17778,6.20444,5.99111,6.04148,5.37452,130613,0,0
2016-07-06,6.0237,6.14815,6.01481,6.13333,5.45623,98888,0,0
2016-07-07,6.16,6.23111,6.10963,6.20444,5.51949,130950,0,0
2016-07-08,6.23704,6.54519,6.23704,6.45037,5.73827,136350,0,0
2016-07-11,6.53333,6.82074,6.53333,6.7437,5.99922,105300,0,0
2016-07-12,6.89482,6.90963,6.7763,6.8563,6.09938,113063,0,0
2016-07-13,6.85926,6.92741,6.70815,6.73482,5.99131,93150,0,0
2016-07-14,6.92444,6.98963,6.84741,6.88296,6.1231,94500,0,0
2016-07-15,6.92148,6.92148,6.59259,6.64593,5.91223,129600,0,0
2016-07-18,6.62519,6.88889,6.56593,6.81185,6.05984,115088,0,0
2016-07-19,6.77333,6.90963,6.7437,6.78222,6.03348,79988,0,0
2016-07-20,6.65778,6.96889,6.65778,6.88296,6.1231,77625,0,0
2016-07-21,6.91852,7.02222,6.77037,6.81482,6.06248,67838,0,0
2016-07-22,6.85333,6.90667,6.78815,6.81185,6.05984,65813,0,0
2016-07-25,6.74667,6.83556,6.74667,6.76741,6.0203,78638,0,0
2016-07-26,6.8,7.06667,6.8,6.92148,6.15737,69188,0,0
2016-07-27,6.93926,7.01926,6.76741,6.88296,6.1231,207900,0,0
2016-07-28,6.84444,6.95704,6.72593,6.94815,6.18109,202500,0,0
2016-07-29,6.87111,7.13778,6.87111,6.91259,6.14946,122175,0,0
2016-08-01,6.94815,6.99259,6.87111,6.88,6.12047,63450,0,0
2016-08-02,6.9363,6.9363,6.79704,6.80296,6.05193,55013,0,0
2016-08-03,6.85926,6.93333,6.84444,6.90667,6.14419,56025,0,0
2016-08-04,6.73778,6.94815,6.73778,6.87407,6.11519,41175,0,0
2016-08-05,6.97778,7.18815,6.97185,7.11704,6.33133,68850,0,0
2016-08-08,7.12889,7.28593,7.12889,7.22963,6.4315,41175,0,0
2016-08-09,7.18815,7.18815,7.12593,7.15259,6.36296,61425,0,0
2016-08-10,6.96593,7.13778,6.90963,7.12593,6.33924,83025,0,0
2016-08-11,7.16148,7.40741,7.16148,7.36593,6.55275,73913,0,0
2016-08-12,7.21185,7.35111,7.13481,7.16444,6.37351,130950,0,0
2016-08-15,7.12593,7.30074,7.06667,7.14074,6.35242,73575,0,0
2016-08-16,7.12,7.1763,7.05185,7.09037,6.30761,76950,0,0
2016-08-17,7.08148,7.12889,7.04593,7.07852,6.29707,39488,0,0
2016-08-18,7.14667,7.14667,7.04593,7.09926,6.31552,97200,0,0
2016-08-19,7.04296,7.14667,7.04296,7.05185,6.27334,98213,0,0
2016-08-22,7.09037,7.2,7.0163,7.1763,6.38405,345600,0,0
2016-08-23,7.17926,7.30963,7.17926,7.18518,6.39196,118800,0,0
2016-08-24,7.2237,7.32444,7.17926,7.19704,6.4025,54675,0,0
2016-08-25,7.18518,7.26222,7.16444,7.19111,6.39723,74588,0,0
2016-08-26,7.08741,7.23259,7.08741,7.1763,6.38405,66825,0,0
2016-08-29,7.14074,7.18815,7.09037,7.10518,6.32079,131963,0,0
2016-08-30,7.11407,7.11407,7.08148,7.09037,6.30761,118800,0,0
2016-08-31,6.90667,7.12593,6.90667,7.08148,6.2997,95850,0,0
2016-09-01,6.98074,7.12593,6.98074,7.12,6.33397,54338,0,0
2016-09-02,7.18222,7.18222,7.02518,7.03704,6.26017,399263,0,0
2016-09-06,7.01926,7.37481,7.01926,7.16148,6.37087,210263,0,0
2016-09-07,7.16148,7.22074,7.09333,7.17926,6.38669,96188,0,0
2016-09-08,7.13185,7.2237,7.0963,7.11111,6.32606,73913,0,0
2016-09-09,7.02815,7.08741,6.65482,6.65778,5.92278,104963,0,0
2016-09-12,6.63704,6.97482,6.63704,6.93926,6.17318,102600,0,0
2016-09-13,6.79111,6.87704,6.67556,6.77926,6.03085,89100,0,0
2016-09-14,6.80889,6.96296,6.67259,6.81482,6.06248,80663,0,0
2016-09-15,6.71704,6.97778,6.66074,6.89185,6.13101,104625,0,0
2016-09-16,6.89482,7.1437,6.78519,7.03111,6.25489,545738,0,0
2016-09-19,7.0163,7.15556,6.89185,6.99852,6.2259,180225,0,0
2016-09-20,7.07259,7.14667,7.01926,7.04,6.2628,143100,0,0
2016-09-21,7.04296,7.20889,6.89778,7.17333,6.38141,193050,0,0
2016-09-22,7.26518,7.27407,7.17926,7.19407,6.39987,144788,0,0
2016-09-23,7.17926,7.2,7.05481,7.07259,6.2918,72563,0,0
2016-09-26,7.12593,7.12593,6.92444,6.93333,6.16791,53325,0,0
2016-09-27,6.9363,7.11111,6.9363,7.00444,6.23117,68850,0,0
2016-09-28,7.02222,7.14963,6.94222,7.11407,6.3287,75263,0,0
2016-09-29,7.10518,7.10518,6.99556,7.00148,6.22854,100913,0,0
2016-09-30,7.03407,7.22963,7.03407,7.20296,6.40777,255150,0,0
2016-10-03,7.1763,7.39852,7.1763,7.27407,6.47103,81000,0,0
2016-10-04,7.27407,7.38963,7.06963,7.25333,6.45258,94500,0,0
2016-10-05,7.35111,7.45778,7.32148,7.34518,6.5343,48600,0,0
2016-10-06,7.30963,7.31259,7.15852,7.21481,6.41832,133650,0,0
2016-10-07,7.20593,7.25333,7.10222,7.11111,6.32606,57713,0,0
2016-10-10,7.18815,7.35407,7.18222,7.30963,6.50267,78300,0,0
2016-10-11,7.30074,7.30074,7.01333,7.01926,6.24435,60413,0,0
2016-10-12,6.94222,7.08148,6.94222,7.02518,6.24962,60750,0,0
2016-10-13,6.93037,6.96889,6.87111,6.88889,6.12837,36788,0,0
2016-10-14,6.96593,6.96889,6.7437,6.77333,6.02557,50963,0,0
2016-10-17,6.56,6.75259,6.56,6.68444,5.9465,142763,0,0
2016-10-18,6.76741,6.84444,6.66963,6.7437,5.99922,33075,0,0
2016-10-19,6.74074,6.97185,6.74074,6.97185,6.20218,63450,0,0
2016-10-20,6.86815,6.92741,6.83556,6.89185,6.13101,83363,0,0
2016-10-21,6.79704,6.91852,6.77926,6.90963,6.14682,67163,0,0
2016-10-24,6.97185,7.01037,6.85926,6.90667,6.14419,87413,0,0
2016-10-25,6.88889,6.93333,6.8563,6.9037,6.14155,37463,0,0
2016-10-26,6.87111,6.87407,6.76444,6.80889,6.05721,56700,0,0
2016-10-27,6.82963,7.75704,6.82963,7.64444,6.80052,169088,0,0
2016-10-28,7.65037,7.81037,7.61482,7.64741,6.80315,50963,0,0
2016-10-31,7.63852,7.63852,7.4163,7.52593,6.69508,65138,0,0
2016-11-01,7.57926,7.57926,7.31259,7.33926,6.52902,45225,0,0
2016-11-02,7.30074,7.43111,7.30074,7.32741,6.51848,45900,0,0
2016-11-03,7.38963,7.45481,7.30963,7.39556,6.5791,49613,0,0
2016-11-04,7.46074,7.54667,7.34222,7.45481,6.63182,50625,0,0
2016-11-07,7.61482,7.61482,7.41333,7.46074,6.63709,48600,0,0
2016-11-08,7.46074,7.51704,7.34222,7.4637,6.63973,29700,0,0
2016-11-09,7.31852,7.7363,7.31852,7.67407,6.82688,83363,0,0
2016-11-10,7.69185,7.82222,7.57037,7.7037,6.85323,122513,0,0
2016-11-11,7.64444,7.89037,7.64444,7.8163,6.9534,100575,0,0
2016-11-14,7.84889,8.07407,7.55556,7.87259,7.00348,67838,0,0
2016-11-15,7.84593,7.9763,7.84593,7.96444,7.08519,47250,0,0
2016-11-16,7.96444,8.03556,7.91111,7.99407,7.11155,31388,0,0
2016-11-17,7.97333,8.00889,7.87852,7.96444,7.08519,62438,0,0
2016-11-18,8.01185,8.17778,7.94963,7.9763,7.09573,47250,0,0
2016-11-21,8.0237,8.0237,7.91704,7.97333,7.0931,82688,0,0
2016-11-22,8.17482,8.29926,8.12741,8.29926,7.38304,500175,0,0
2016-11-23,8.37333,8.46815,8.2163,8.37333,7.44894,59063,0,0
2016-11-25,8.34074,8.34074,8.28148,8.29037,7.37514,28688,0,0
2016-11-28,8.16296,8.16296,8.07111,8.09482,7.20117,106650,0,0
2016-11-29,8.12741,8.12741,8.0563,8.06815,7.17744,127238,0,0
2016-11-30,8.10074,8.22815,8.10074,8.18667,7.28288,139388,0,0
2016-12-01,8.2963,8.2963,8.21926,8.26074,7.34878,206550,0,0
2016-12-02,8.23704,8.49778,8.14222,8.33778,7.41731,123863,0,0
2016-12-05,8.42667,8.60148,8.42667,8.51259,7.57282,123525,0,0
2016-12-06,8.53037,8.56,8.49185,8.51259,7.57282,82350,0,0
2016-12-07,8.62519,8.76444,8.50074,8.51556,7.57546,72225,0,0
2016-12-08,8.63111,8.85333,8.50667,8.59259,7.64399,138713,0,0
2016-12-09,8.59259,8.72,8.55704,8.58667,7.63872,120150,0,0
2016-12-12,8.54222,8.73481,8.49481,8.72296,7.75997,102600,0,0
2016-12-13,8.7437,8.77926,8.53037,8.61333,7.66244,149175,0,0
2016-12-14,8.53037,8.56296,8.44444,8.48,7.54383,102263,0,0
2016-12-15,8.52741,8.68148,8.39111,8.52148,7.58073,157950,0,0
2016-12-16,8.56296,8.56296,8.3437,8.43259,7.50166,435375,0,0
2016-12-19,8.40296,8.88889,8.39111,8.80889,7.83641,134325,0,0
2016-12-20,8.85037,9.10222,8.85037,9.05778,8.05782,146475,0,0
2016-12-21,9.07259,9.35111,9.06074,9.27704,8.25287,141075,0,0
2016-12-22,9.16148,9.20296,8.90667,8.92148,7.93657,105300,0,0
2016-12-23,8.9837,9.11111,8.85926,9.10815,8.10263,73575,0,0
2016-12-27,9.09333,9.3363,9.09333,9.30963,8.28187,63113,0,0
2016-12-28,9.29185,9.33037,9.11407,9.14963,8.13953,73238,0,0
2016-12-29,9.28889,9.31259,9.02222,9.10222,8.09736,77963,0,0
2016-12-30,9.04296,9.16444,9.04296,9.14667,8.1369,65813,0,0
2017-01-03,9.14667,9.14667,8.92444,9.04593,8.04728,28350,0,0
2017-01-04,9.03704,9.3037,9.03704,9.29481,8.26869,96525,0,0
2017-01-05,9.25926,9.31259,8.97778,8.97778,7.98665,66150,0,0
2017-01-06,8.97481,9.17333,8.97481,9.09037,8.08682,37800,0,0
2017-01-09,9.07556,9.2,9.04,9.08148,8.07891,52313,0,0
2017-01-10,8.97185,9.40741,8.97185,9.38963,8.35304,58725,0,0
2017-01-11,9.39556,9.48741,9.3837,9.43111,8.38994,50288,0,0
2017-01-12,9.28296,9.59407,9.15259,9.53185,8.47956,25988,0,0
2017-01-13,9.53778,9.56741,9.48148,9.55852,8.50328,43538,0,0
2017-01-17,9.46963,9.57926,9.32741,9.43704,8.39521,44213,0,0
2017-01-18,9.43704,9.53778,9.39556,9.46963,8.42421,21938,0,0
2017-01-19,9.53185,9.64444,9.40444,9.46963,8.42421,56363,0,0
2017-01-20,9.47259,9.48148,9.3037,9.32148,8.29241,67500,0,0
2017-01-23,9.33333,9.33333,9.12593,9.19111,8.17643,75263,0,0
2017-01-24,9.20296,9.43111,9.13481,9.22074,8.2028,72563,0,0
2017-01-25,9.37778,9.4963,9.32741,9.41333,8.37412,30713,0,0
2017-01-26,9.38667,9.4637,9.33333,9.37481,8.33986,27000,0,0
2017-01-27,9.24444,9.36296,9.19111,9.27111,8.2476,17550,0,0
2017-01-30,9.19407,9.22963,9.06667,9.16741,8.15535,35775,0,0
2017-01-31,9.23852,9.23852,8.98963,9.11111,8.10527,43200,0,0
2017-02-01,9.18519,9.21185,9.07852,9.10815,8.10263,31388,0,0
2017-02-02,9.06074,9.13778,9.00741,9.10222,8.09736,283500,0,0
2017-02-03,9.14074,9.24741,9.09037,9.24148,8.22125,49950,0,0
2017-02-06,9.19111,9.28296,9.0963,9.18519,8.17117,34425,0,0
2017-02-07,9.22667,9.2563,9.09333,9.12,8.11318,25313,0,0
2017-02-08,9.20889,9.20889,8.88296,8.94519,7.95766,30375,0,0
2017-02-09,9.19111,9.32444,9.04296,9.21778,8.20016,28013,0,0
2017-02-10,9.43111,9.43111,9.16741,9.28889,8.26342,28350,0,0
2017-02-13,9.4163,9.4163,9.28889,9.31556,8.28714,25313,0,0
2017-02-14,9.28296,9.31852,9.13481,9.18815,8.1738,41175,0,0
2017-02-15,9.32444,9.32444,9.11704,9.15852,8.14744,38475,0,0
2017-02-16,9.17037,9.25926,9.09333,9.11111,8.10527,190688,0,0
2017-02-17,8.98963,9.48148,8.98963,9.44,8.39785,168750,0,0
2017-02-21,9.48148,9.78667,9.46963,9.78667,8.70624,60750,0,0
2017-02-22,9.77185,9.77185,9.55259,9.68889,8.61926,21938,0,0
2017-02-23,9.69778,9.71852,9.57333,9.68,8.61135,32738,0,0
2017-02-24,9.59407,9.75407,9.59111,9.71852,8.64562,33075,0,0
2017-02-27,9.76593,9.87259,9.75704,9.82222,8.73787,24300,0,0
2017-02-28,9.71852,9.76296,9.4163,9.47852,8.43212,47250,0,0
2017-03-01,9.68593,9.76296,9.49333,9.68593,8.61662,44213,0,0
2017-03-02,9.58222,9.66222,9.40444,9.45185,8.40839,43538,0,0
2017-03-03,9.45185,9.6,9.28,9.36593,8.33195,47250,0,0
2017-03-06,9.3037,9.79556,9.3037,9.72741,8.65353,38138,0,0
2017-03-07,9.71852,9.72741,9.54667,9.54667,8.49274,29700,0,0
2017-03-08,9.6,9.65926,9.35111,9.47259,8.42685,35775,0,0
2017-03-09,9.42222,9.46963,9.18519,9.25333,8.23179,36113,0,0
2017-03-10,9.30667,9.30667,9.11704,9.12889,8.12108,29700,0,0
2017-03-13,9.15852,9.37481,9.15852,9.23852,8.21861,34088,0,0
2017-03-14,9.14963,9.17037,8.97185,8.9837,7.99192,37125,0,0
2017-03-15,8.98963,9.35704,8.98963,9.29481,8.26869,26325,0,0
2017-03-16,9.26519,9.40741,9.24444,9.37481,8.33986,42188,0,0
2017-03-17,9.43704,9.43704,9.35407,9.37778,8.34249,81000,0,0
2017-03-20,9.30667,9.32444,9.13778,9.15556,8.14481,26325,0,0
2017-03-21,9.20889,9.20889,8.82074,8.83852,7.86277,29700,0,0
2017-03-22,8.90074,8.90074,8.59259,8.70222,7.74152,36450,0,0
2017-03-23,8.74074,8.87407,8.74074,8.79111,7.82059,20250,0,0
2017-03-24,8.61333,8.81778,8.61333,8.69926,7.73888,105300,0,0
2017-03-27,8.68741,8.88593,8.58963,8.70815,7.74679,144450,0,0
2017-03-28,8.75556,9.03111,8.75556,8.94815,7.96029,32400,0,0
2017-03-29,8.92444,8.94815,8.84444,8.94519,7.95766,174150,0,0
2017-03-30,9.17926,9.24741,8.98074,9.04593,8.04728,199800,0,0
2017-03-31,9.0637,9.30963,9.03704,9.23852,8.21861,61763,0,0
2017-04-03,9.03111,9.30074,9.03111,9.12593,8.11845,64800,0,0
2017-04-04,9.28296,9.28296,9.01037,9.04889,8.04991,40163,0,0
2017-04-05,9.09037,9.27407,9.03407,9.04593,8.04728,67838,0,0
2017-04-06,9.13185,9.40741,9.13185,9.29185,8.26605,103275,0,0
2017-04-07,9.26519,9.40741,9.26519,9.33926,8.30823,88088,0,0
2017-04-10,9.40444,9.40741,9.22074,9.32444,8.29505,66488,0,0
2017-04-11,9.33037,9.41037,9.31259,9.41037,8.37149,84713,0,0
2017-04-12,9.42222,9.42222,9.23556,9.27111,8.2476,51638,0,0
2017-04-13,9.16148,9.26519,9.07259,9.07259,8.07101,28688,0,0
2017-04-17,9.16444,9.35407,9.1437,9.30667,8.27923,1057050,0,0
2017-04-18,9.33333,9.54963,9.33333,9.49037,8.44266,46238,0,0
2017-04-19,9.54074,9.54074,9.44889,9.46667,8.42157,72563,0,0
2017-04-20,9.48148,9.61778,9.43111,9.57333,8.51646,102600,0,0
2017-04-21,9.5437,9.77482,9.5437,9.70963,8.63771,61088,0,0
2017-04-24,9.94667,10.0741,9.87852,10.0267,8.91975,75600,0,0
2017-04-25,10.1333,10.5896,10.1333,10.24,9.10953,131963,0,0
2017-04-26,10.157,10.5363,10.0089,10.3348,9.19388,162000,0,0
2017-04-27,10.3081,10.4444,10.3081,10.3378,9.19651,38475,0,0
2017-04-28,10.3941,10.4504,10.1719,10.2637,9.13062,42863,0,0
2017-05-01,10.3319,10.3496,10.1274,10.2222,9.09372,49275,0,0
2017-05-02,10.2015,10.243,10.1481,10.1926,9.06736,49950,0,0
2017-05-03,10.1719,10.2578,10.1067,10.243,9.11216,33750,0,0
2017-05-04,10.1333,10.157,9.94074,10.003,8.89866,25650,0,0
2017-05-05,9.92593,10.1481,9.92296,10.1452,9.02518,44550,0,0
2017-05-08,10.0296,10.1837,10.0296,10.0681,8.95665,14175,0,0
2017-05-09,10.003,10.163,10.003,10.0356,8.92766,45563,0,0
2017-05-10,9.94963,10.1156,9.94963,10.0563,8.94611,35100,0,0
2017-05-11,9.90222,10.2578,9.90222,10.1837,9.05945,23963,0,0
2017-05-12,9.92296,10.0326,9.92296,9.93185,8.8354,34088,0,0
2017-05-15,10.0207,10.1215,10.0207,10.0919,8.97774,24300,0,0
2017-05-16,10.1304,10.3437,10.0741,10.2252,9.09635,38813,0,0
2017-05-17,10.0356,10.0356,9.65333,9.68889,8.61926,57038,0,0
2017-05-18,9.7037,9.82222,9.65037,9.69482,8.62453,48263,0,0
2017-05-19,9.72741,9.94074,9.70074,9.88148,8.79059,1085400,0,0
2017-05-22,9.99704,10.0178,9.82815,9.98815,8.88548,89100,0,0
2017-05-23,9.98815,10.1215,9.86074,10.0978,8.98301,100575,0,0
2017-05-24,10.1156,10.16,9.97926,10.0681,8.95665,61088,0,0
2017-05-25,9.95852,10.0296,9.92,9.99407,8.89076,57038,0,0
2017-05-26,9.78074,9.96741,9.76296,9.89333,8.80113,48263,0,0
2017-05-30,9.64741,9.91111,9.64741,9.81037,8.72733,46575,0,0
2017-05-31,9.86667,9.86667,9.45778,9.76889,8.69043,138038,0,0
2017-06-01,9.85482,10.0533,9.78963,10.0296,8.92238,79650,0,0
2017-06-02,10.0178,10.2341,9.96741,10.0178,8.91184,119813,0,0
2017-06-05,9.99704,10.0296,9.89037,9.9763,8.87494,60075,0,0
2017-06-06,9.84593,9.90222,9.67704,9.80741,8.7247,41513,0,0
2017-06-07,9.82518,10.0474,9.82518,10.0267,8.91975,40500,0,0
2017-06-08,10.0385,10.4148,10.0356,10.0593,8.94874,76275,0,0
2017-06-09,10.1452,10.2667,9.92,10.083,8.96983,203850,0,0
2017-06-12,9.94667,10.2696,9.92889,10.1244,9.00673,135338,0,0
2017-06-13,10.1304,10.3022,10.1156,10.2696,9.13589,106988,0,0
2017-06-14,10.2459,10.2459,9.91111,10.0207,8.91447,91800,0,0
2017-06-15,9.95259,10.0889,9.88148,10.0593,8.94874,71550,0,0
2017-06-16,9.96741,10.163,9.95259,10.1452,9.02518,203175,0,0
2017-06-19,10.1393,10.4207,10.1393,10.3881,9.24132,74925,0,0
2017-06-20,10.2489,10.5185,10.2281,10.4207,9.27032,105300,0,0
2017-06-21,10.4563,10.5274,10.003,10.1244,9.00673,171113,0,0
2017-06-22,10.163,10.2696,10.0593,10.0919,8.97774,100913,0,0
2017-06-23,10.077,10.2548,9.9763,10.1985,9.07263,592313,0,0
2017-06-26,10.2519,10.8148,10.2519,10.8059,9.61298,116438,0,0
2017-06-27,10.7704,10.8059,10.5393,10.637,9.46274,86400,0,0
2017-06-28,10.6667,10.8,10.5185,10.64,9.46537,93825,0,0
2017-06-29,10.6193,10.7289,10.4356,10.637,9.46274,70875,0,0
2017-06-30,10.643,10.8148,10.643,10.7881,9.59717,211950,0,0
2017-07-03,10.8148,11.2563,10.8,11.1674,9.93455,67500,0,0
2017-07-05,11.0933,11.0933,10.9067,10.9156,9.7105,38138,0,0
2017-07-06,10.7644,11.0459,10.7556,10.9452,9.73686,46238,0,0
2017-07-07,10.883,11.0252,10.7881,10.9748,9.76322,45900,0,0
2017-07-10,10.7941,10.9156,10.6993,10.7644,9.57608,45225,0,0
2017-07-11,10.6844,10.8652,10.4593,10.8593,9.66042,50963,0,0
2017-07-12,10.9156,10.9926,10.7911,10.8741,9.6736,21600,0,0
2017-07-13,10.8089,10.9304,10.8089,10.9244,9.71841,26325,0,0
2017-07-14,10.9215,10.9393,10.7911,10.8089,9.61562,26663,0,0
2017-07-17,10.8119,10.8385,10.6667,10.7052,9.52336,18563,0,0
2017-07-18,10.7022,10.717,10.5926,10.6756,9.497,19575,0,0
2017-07-19,10.6963,10.9333,10.6963,10.88,9.67887,59063,0,0
2017-07-20,10.7822,10.9896,10.6756,10.7407,9.55499,128250,0,0
2017-07-21,10.7319,10.7496,10.48,10.637,9.46274,132638,0,0
2017-07-24,10.6874,10.8741,10.6163,10.8119,9.61825,37463,0,0
2017-07-25,10.8444,10.9807,10.7733,10.8563,9.65779,127913,0,0
2017-07-26,11.0044,11.0044,10.7437,10.877,9.67624,133650,0,0
2017-07-27,11.0074,11.7304,11.0074,11.3719,10.1164,94838,0,0
2017-07-28,11.4044,11.8993,11.4044,11.5941,10.3141,159638,0,0
2017-07-31,11.5674,12.1452,11.5674,12.0533,10.7227,82013,0,0
2017-08-01,12.0356,12.0356,11.6533,11.7689,10.4696,51638,0,0
2017-08-02,11.3778,11.6859,11.3719,11.4607,10.1955,24975,0,0
2017-08-03,11.2622,11.7926,11.2622,11.517,10.2456,138375,0,0
2017-08-04,11.517,11.6741,11.517,11.5496,10.2746,23288,0,0
2017-08-07,11.4815,11.6267,11.363,11.3985,10.1401,27675,0,0
2017-08-08,11.4104,11.5259,11.2415,11.2415,10.0005,28350,0,0
2017-08-09,10.9926,11.1526,10.9926,11.1111,9.88447,17888,0,0
2017-08-10,11.0281,11.1111,10.8563,10.8919,9.68942,42863,0,0
2017-08-11,10.8919,11.037,10.8919,10.9185,9.71315,38475,0,0
2017-08-14,11.7452,11.7452,11.04,11.4667,10.2008,39488,0,0
2017-08-15,11.3274,11.4874,11.1881,11.1881,9.95301,17213,0,0
2017-08-16,11.0667,11.2711,11.0044,11.0252,9.80803,61763,0,0
2017-08-17,11.1348,11.1348,10.6874,10.72,9.53654,43200,0,0
2017-08-18,10.5926,10.8474,10.5926,10.7081,9.52599,43538,0,0
2017-08-21,10.6815,10.9422,10.6815,10.8681,9.66833,25988,0,0
2017-08-22,10.963,10.9807,10.8919,10.8919,9.68942,22275,0,0
2017-08-23,10.8385,11.0341,10.8385,10.9511,9.74213,25988,0,0
2017-08-24,10.9333,10.9422,10.7763,10.803,9.61034,27338,0,0
2017-08-25,10.6756,10.8652,10.6756,10.8148,9.62088,33413,0,0
2017-08-28,10.7822,10.9541,10.7407,10.877,9.67624,64800,0,0
2017-08-29,10.7348,11.2622,10.7348,11.12,9.89238,45563,0,0
2017-08-30,10.9985,11.1704,10.9985,11.1111,9.88447,30713,0,0
2017-08-31,11.2,11.4756,11.2,11.4133,10.1533,84713,0,0
2017-09-01,11.4726,11.4726,11.2978,11.3481,10.0953,30713,0,0
2017-09-05,11.4607,11.4607,10.96,11.1378,9.9082,67500,0,0
2017-09-06,11.1052,11.197,11.0311,11.1437,9.91347,31388,0,0
2017-09-07,11.0607,11.1763,10.9867,11.0696,9.84757,45563,0,0
2017-09-08,11.1022,11.2563,11.0637,11.2178,9.97936,32400,0,0
2017-09-11,11.2207,11.3837,11.1407,11.2681,10.0242,50288,0,0
2017-09-12,11.3659,11.3659,11.28,11.3363,10.0848,25650,0,0
2017-09-13,11.3096,11.3896,11.2681,11.3481,10.0953,52313,0,0
2017-09-14,11.3037,11.3274,11.1763,11.3215,10.0716,32738,0,0
2017-09-15,11.3481,11.517,11.1496,11.5052,10.235,243675,0,0
2017-09-18,11.4133,11.6474,11.3807,11.5407,10.2667,122513,0,0
2017-09-19,11.5289,11.7274,11.5289,11.7185,10.4248,67163,0,0
2017-09-20,11.9911,12,11.7985,11.9052,10.5909,63113,0,0
2017-09-21,12.0563,12.1304,11.9733,12.0622,10.7306,44888,0,0
2017-09-22,11.9644,12.24,11.8548,12.24,10.8887,95513,0,0
2017-09-25,12.2696,12.5126,12.2311,12.4,11.0311,50625,0,0
2017-09-26,12.3111,12.5837,12.2756,12.4059,11.0363,45225,0,0
2017-09-27,12.56,13.0667,12.5511,12.8919,11.4686,60413,0,0
2017-09-28,12.7763,13.0756,12.7407,12.9807,11.5477,55688,0,0
2017-09-29,12.877,13.1289,12.8444,12.9244,11.4976,91125,0,0
2017-10-02,12.9244,13.1556,12.8859,13.1556,11.7032,71213,0,0
2017-10-03,13.0637,13.1496,12.8652,13.0281,11.5899,75938,0,0
2017-10-04,12.9807,13.2711,12.8978,13.04,11.6004,40838,0,0
2017-10-05,13.0578,13.1852,13.0489,13.1111,11.6637,19575,0,0
2017-10-06,12.9541,13.037,12.9185,13.0044,11.5688,14513,0,0
2017-10-09,12.8889,12.9541,12.7822,12.8267,11.4106,24638,0,0
2017-10-10,12.9748,12.9896,12.8267,12.9896,11.5556,29363,0,0
2017-10-11,12.8919,13.0726,12.8919,13.0667,11.6241,28350,0,0
2017-10-12,13.0193,13.2119,12.9393,12.9896,11.5556,55688,0,0
2017-10-13,13.0044,13.0578,12.8711,12.9363,11.5082,54000,0,0
2017-10-16,12.9778,13.1852,12.9778,13.0993,11.6531,16538,0,0
2017-10-17,13.117,13.1319,12.9067,12.9244,11.4976,37125,0,0
2017-10-18,12.9393,13.0785,12.9185,12.9748,11.5424,22613,0,0
2017-10-19,12.9215,13.3156,12.9215,13.3126,11.8429,30713,0,0
2017-10-20,13.3333,13.9615,13.1793,13.5022,12.0116,112050,0,0
2017-10-23,13.4667,13.5881,13.363,13.517,12.0248,49613,0,0
2017-10-24,13.7274,13.8726,13.5852,13.6207,12.117,27000,0,0
2017-10-25,13.7185,13.7274,13.5052,13.7037,12.1908,50963,0,0
2017-10-26,13.7511,15.2267,13.7511,15.0667,13.4033,102938,0,0
2017-10-27,15.2237,15.2237,14.1156,14.3052,12.7259,89775,0,0
2017-10-30,14.4741,14.4741,14.1896,14.2163,12.6469,54000,0,0
2017-10-31,14.3556,14.3556,14.003,14.1007,12.5441,41175,0,0
2017-11-01,14.0948,14.1659,13.9911,13.9911,12.4465,13500,0,0
2017-11-02,14.0563,14.4059,14.0563,14.3111,12.7312,87075,0,0
2017-11-03,14.2963,14.2963,14.0148,14.0563,12.5045,37463,0,0
2017-11-06,14.2222,14.2548,14.0622,14.1926,12.6258,32400,0,0
2017-11-07,14.2726,14.2726,13.9348,14.0207,12.4729,35775,0,0
2017-11-08,14.0059,14.0711,13.7215,13.9674,12.4254,35775,0,0
2017-11-09,14.0119,14.0237,13.8844,14,12.4544,31725,0,0
2017-11-10,13.8756,13.8844,13.7185,13.7185,12.204,15188,0,0
2017-11-13,13.7067,13.9111,13.6948,13.7304,12.2146,89100,0,0
2017-11-14,13.7393,13.8904,13.7393,13.8607,12.3305,23963,0,0
2017-11-15,13.7481,13.76,13.52,13.6267,12.1223,54338,0,0
2017-11-16,13.6267,13.7896,13.6089,13.6889,12.1777,35100,0,0
2017-11-17,13.5763,13.8311,13.5644,13.7541,12.2357,40163,0,0
2017-11-20,13.7719,13.8637,13.6504,13.8044,12.2805,54675,0,0
2017-11-21,13.9259,14.1096,13.8281,14.1096,12.552,56025,0,0
2017-11-22,14.1126,14.2578,13.9704,13.9704,12.4281,40838,0,0
2017-11-24,14.0385,14.0385,13.843,13.9437,12.4044,25650,0,0
2017-11-27,13.8667,13.8844,13.6119,13.7007,12.1882,39150,0,0
2017-11-28,13.7007,13.9259,13.7007,13.8815,12.349,34425,0,0
2017-11-29,13.8074,14.0119,13.7393,13.8341,12.3068,40838,0,0
2017-11-30,13.7511,13.9733,13.6207,13.6267,12.1223,64463,0,0
2017-12-01,13.6415,13.7156,13.28,13.6741,12.1645,22275,0,0
2017-12-04,13.7778,14.3259,13.7778,14.1896,12.6231,46238,0,0
2017-12-05,14.1719,14.723,14.1274,14.4178,12.8261,33075,0,0
2017-12-06,14.3941,14.3941,13.757,13.8578,12.3279,31050,0,0
2017-12-07,13.8993,14.0326,13.7363,13.8281,12.3016,42188,0,0
2017-12-08,13.8163,13.8933,13.7452,13.7452,12.2278,22613,0,0
2017-12-11,13.7541,13.92,13.6681,13.7481,12.2304,37800,0,0
2017-12-12,13.8104,13.8844,13.5407,13.7481,12.2304,43875,0,0
2017-12-13,13.5733,13.8341,13.5733,13.6652,12.1566,74250,0,0
2017-12-14,13.7422,13.7422,13.36,13.36,11.8851,37125,0,0
2017-12-15,13.3956,14.1837,13.3956,14.0474,12.4966,122850,0,0
2017-12-18,14.1807,14.2844,13.9852,14.1541,12.5915,58388,0,0
2017-12-19,14.16,14.16,13.843,13.8459,12.3174,31050,0,0
2017-12-20,13.9644,14.0948,13.9052,13.9052,12.3701,29025,0,0
2017-12-21,13.9289,14.1837,13.9289,14.0741,12.5203,49275,0,0
2017-12-22,14.0741,14.4059,13.8785,13.8785,12.3464,28688,0,0
2017-12-26,13.9348,14.1037,13.9348,14.0593,12.5072,19575,0,0
2017-12-27,14.003,14.5659,14.003,14.4119,12.8208,36113,0,0
2017-12-28,14.3615,14.5422,14.1807,14.4533,12.8577,32063,0,0
2017-12-29,14.5037,14.557,14.2104,14.2844,12.7075,28688,0,0
2018-01-02,14.3526,14.3615,13.9556,14.0652,12.5124,28013,0,0
2018-01-03,14.0533,14.0948,13.7659,14.0059,12.4597,30038,0,0
2018-01-04,13.9881,14.3378,13.9881,14.2341,12.6627,16538,0,0
2018-01-05,14.1096,14.2578,14.1007,14.1007,12.5441,16200,0,0
2018-01-08,14.1126,14.637,14.1126,14.637,13.0211,22275,0,0
2018-01-09,14.6489,14.8889,14.5541,14.563,12.9552,46913,0,0
2018-01-10,14.5481,14.9185,14.5481,14.8859,13.2426,26663,0,0
2018-01-11,14.9304,15.3156,14.9304,15.3156,13.6248,7763,0,0
2018-01-12,15.3126,15.357,15.043,15.043,13.3823,12150,0,0
2018-01-16,15.1704,15.3422,14.7585,14.8533,13.2136,44888,0,0
2018-01-17,14.9156,15.3274,14.8,15.3067,13.6168,32738,0,0
2018-01-18,15.2593,15.2593,14.6015,14.6756,13.0554,31050,0,0
2018-01-19,14.6104,15.1496,14.6104,14.9778,13.3243,72563,0,0
2018-01-22,14.8415,15.1052,14.7763,15.1052,13.4376,20925,0,0
2018-01-23,14.8859,15.1911,14.8207,15.0044,13.348,8775,0,0
2018-01-24,15.0726,15.283,15.0311,15.1081,13.4402,16200,0,0
2018-01-25,15.1022,15.5496,15.04,15.523,13.8093,20925,0,0
2018-01-26,15.4311,15.6326,15.4311,15.6119,13.8883,8438,0,0
2018-01-29,15.5319,15.5319,15.04,15.04,13.3796,9113,0,0
2018-01-30,14.9067,15.2178,14.9067,15.2148,13.5351,11475,0,0
2018-01-31,15.0607,15.2237,15.037,15.0578,13.3954,10800,0,0
2018-02-01,14.9748,15.1496,14.8978,15.0756,13.4113,29363,0,0
2018-02-02,14.8148,14.8148,14.2756,14.2756,12.6996,29025,0,0
2018-02-05,14.1985,14.2311,13.3274,13.4222,11.9404,30713,0,0
2018-02-06,13.1556,13.6593,12.9037,13.3274,11.8561,43538,0,0
2018-02-07,13.3511,13.4163,13.1556,13.2148,11.7559,25313,0,0
2018-02-08,13.2089,13.2089,12.6133,12.6133,11.2209,30038,0,0
2018-02-09,12.9481,13.363,12.6519,13.1081,11.661,33413,0,0
2018-02-12,13.1407,15.0933,13.0607,13.2207,11.7612,45225,0,0
2018-02-13,13.0133,13.5881,12,13.2296,11.7691,28688,0,0
2018-02-14,13.1526,13.6711,13.1526,13.6622,12.154,17213,0,0
2018-02-15,13.4667,13.6326,11.7452,12.0593,10.7279,81675,0,0
2018-02-16,11.917,12.3793,11.677,11.9467,10.6278,74588,0,0
2018-02-20,11.7037,11.7037,11.2593,11.357,10.1033,70538,0,0
2018-02-21,11.3274,11.4933,11.1941,11.3452,10.0927,47925,0,0
2018-02-22,11.6415,11.6415,11.0311,11.1437,9.91347,45563,0,0
2018-02-23,11.1763,12.32,11.1763,12.163,10.8202,37125,0,0
2018-02-26,11.9911,12.003,11.2593,11.517,10.2456,68175,0,0
2018-02-27,11.6296,12.1481,11.6296,11.8667,10.5566,25650,0,0
2018-02-28,11.997,12.0681,11.5763,11.7956,10.4934,32738,0,0
2018-03-01,11.7244,11.997,11.523,11.523,10.2509,32400,0,0
2018-03-02,11.3719,11.8756,11.3719,11.8756,10.5645,29363,0,0
2018-03-05,11.8163,11.8163,11.5319,11.6563,10.3695,42525,0,0
2018-03-06,11.52,11.9022,11.4548,11.7985,10.496,26663,0,0
2018-03-07,11.4578,11.7333,11.3807,11.6,10.3194,122850,0,0
2018-03-08,11.6919,11.6919,11.3807,11.5259,10.2535,19575,0,0
2018-03-09,11.5911,11.757,11.3363,11.6,10.3194,15863,0,0
2018-03-12,11.5763,11.9022,11.4459,11.7067,10.4143,28688,0,0
2018-03-13,11.5141,11.8133,11.4578,11.5052,10.235,20588,0,0
2018-03-14,11.6504,11.7719,11.3244,11.7719,10.4723,21600,0,0
2018-03-15,11.8281,12.0533,11.6978,11.9881,10.6647,26325,0,0
2018-03-16,11.9407,12.3467,11.9407,12.1363,10.7965,81338,0,0
2018-03-19,12.163,12.163,11.6978,11.9111,10.5962,37125,0,0
2018-03-20,11.8815,11.9763,11.7659,11.9704,10.6489,37463,0,0
2018-03-21,11.9052,12.1185,11.6948,12.1185,10.7807,17213,0,0
2018-03-22,12.003,12.003,11.6089,11.6089,10.3273,29363,0,0
2018-03-23,11.7067,11.8815,11.3393,11.363,10.1085,29700,0,0
2018-03-26,11.5467,11.837,11.4163,11.7393,10.4433,22275,0,0
2018-03-27,11.2681,11.5941,11.2681,11.2978,10.0505,28013,0,0
2018-03-28,11.3215,11.6563,11.2593,11.5881,10.3088,24300,0,0
2018-03-29,11.7719,11.9793,11.7719,11.9644,10.6436,14513,0,0
2018-04-02,11.7126,11.7185,11.3244,11.3837,10.127,33075,0,0
2018-04-03,11.5052,11.5289,11.3363,11.3985,10.1401,20925,0,0
2018-04-04,11.2593,11.3956,11.1259,11.3481,10.0953,42188,0,0
2018-04-05,11.3511,11.8519,11.1674,11.7481,10.4512,35775,0,0
2018-04-06,11.597,11.6207,10.8474,10.9481,9.7395,55688,0,0
2018-04-09,11.1704,11.2326,10.88,10.9956,9.78167,65475,0,0
2018-04-10,11.0637,11.4193,11.0548,11.3452,10.0927,22275,0,0
2018-04-11,11.2948,11.2948,10.963,11.1141,9.88711,22950,0,0
2018-04-12,11.1022,11.3185,10.9037,10.9511,9.74213,56363,0,0
2018-04-13,10.9304,11.0519,10.9304,11.0519,9.83176,94163,0,0
2018-04-16,11.1852,11.4074,11.1852,11.3393,10.0874,42863,0,0
2018-04-17,11.6504,11.6504,11.2356,11.3985,10.1401,69863,0,0
2018-04-18,11.7007,11.7778,11.5467,11.6859,10.3958,12150,0,0
2018-04-19,11.5644,11.7333,11.4163,11.6652,10.3774,34425,0,0
2018-04-20,11.5733,12.3259,11.5733,12.163,10.8202,14175,0,0
2018-04-23,12.0978,12.1511,11.9141,11.9378,10.6199,16200,0,0
2018-04-24,12.3437,12.3852,11.7037,12.0919,10.7569,118125,0,0
2018-04-25,12.1659,12.5185,12.0267,12.0889,10.7543,179550,0,0
2018-04-26,11.8815,11.9852,11.3837,11.8341,10.5276,93150,0,0
2018-04-27,11.8163,11.8578,11.683,11.7541,10.4565,29700,0,0
2018-04-30,12,12,11.4993,11.5289,10.2561,55013,0,0
2018-05-01,11.4726,11.683,11.1289,11.683,10.3932,33750,0,0
2018-05-02,11.4015,11.8222,11.4015,11.7126,10.4196,8100,0,0
2018-05-03,11.7156,11.7156,11.3333,11.5407,10.2667,21938,0,0
2018-05-04,11.5911,11.7778,11.517,11.6889,10.3985,41175,0,0
2018-05-07,11.7067,12.0681,11.7037,11.763,10.4644,65813,0,0
2018-05-08,12.1126,12.1126,11.4844,11.7896,10.4881,46913,0,0
2018-05-09,11.7511,11.9763,11.2563,11.9763,10.6541,14513,0,0
2018-05-10,11.7037,11.9526,11.6563,11.8785,10.5672,47588,0,0
2018-05-11,11.8578,12.0859,11.843,12.08,10.7464,7763,0,0
2018-05-14,12.157,12.3052,12.0237,12.0948,10.7596,65475,0,0
2018-05-15,12.083,12.2133,11.8785,12.0593,10.7279,114413,0,0
2018-05-16,12.1244,12.2844,11.7719,12.0711,10.7385,116775,0,0
2018-05-17,12.3022,12.6756,12.2963,12.6074,11.2156,63450,0,0
2018-05-18,12.6696,12.8,12.5007,12.6519,11.2551,53663,0,0
2018-05-21,12.7615,12.9096,12.6104,12.9067,11.4818,40163,0,0
2018-05-22,12.957,12.957,12.4474,12.56,11.1734,46913,0,0
2018-05-23,12.5037,12.8,12.4711,12.7496,11.3421,73913,0,0
2018-05-24,12.6933,13.0044,12.5689,12.9422,11.5134,36113,0,0
2018-05-25,12.9926,12.9926,12.6607,12.7674,11.3579,58725,0,0
2018-05-29,12.8296,12.8296,12.56,12.6548,11.2578,49275,0,0
2018-05-30,12.7111,13.0696,12.5896,12.797,11.3843,152550,0,0
2018-05-31,12.8119,12.8119,12.2756,12.5511,11.1655,74925,0,0
2018-06-01,12.563,13.1259,12.3852,12.483,11.1049,159638,0,0
2018-06-04,12.3852,12.7437,12.3852,12.5096,11.1286,55013,0,0
2018-06-05,12.5422,12.8533,12.4,12.5096,11.1286,63113,0,0
2018-06-06,12.5719,12.8711,12.3378,12.5422,11.1576,78975,0,0
2018-06-07,12.6489,12.8593,12.4178,12.8474,11.4291,19238,0,0
2018-06-08,12.4415,12.8444,12.4415,12.637,11.2419,26325,0,0
2018-06-11,12.7319,12.9481,12.7319,12.8859,11.4634,47588,0,0
2018-06-12,12.8296,13.2415,12.3556,13.1319,11.6821,71888,0,0
2018-06-13,12.8593,13.0904,12.7496,12.7496,11.3421,35775,0,0
2018-06-14,12.6963,12.8326,12.397,12.4474,11.0732,20925,0,0
2018-06-15,12.4267,13.0667,12.4267,12.9304,11.5029,91125,0,0
2018-06-18,12.8622,12.9244,12.7585,12.9244,11.4976,29363,0,0
2018-06-19,12.5185,13.1467,12.5185,13.1141,11.6663,53663,0,0
2018-06-20,12.9333,13.603,12.9333,13.5674,12.0696,66488,0,0
2018-06-21,13.3659,13.4844,13.1348,13.2119,11.7533,54000,0,0
2018-06-22,13.0044,13.8519,13.0044,13.4963,12.0063,199125,0,0
2018-06-25,13.3689,13.5081,13.1644,13.4252,11.9431,72563,0,0
2018-06-26,13.3926,13.5022,13.0193,13.2711,11.806,35775,0,0
2018-06-27,13.3007,13.3926,12.9156,12.9185,11.4923,77963,0,0
2018-06-28,12.9215,12.9926,12.8148,12.963,11.5319,60750,0,0
2018-06-29,12.6993,13.1496,12.6993,13.0074,11.5714,60413,0,0
2018-07-02,12.7111,13.0341,12.7111,13.0341,11.5951,24638,0,0
2018-07-03,13.117,13.277,13.117,13.277,11.8113,4388,0,0
2018-07-05,13.3185,13.3185,13.1496,13.1674,11.7138,13500,0,0
2018-07-06,13.2504,13.4548,13.2504,13.44,11.9563,12825,0,0
2018-07-09,13.4933,13.5733,13.4904,13.5733,12.0749,6075,0,0
2018-07-10,13.6415,13.8933,13.4963,13.6178,12.1144,36450,0,0
2018-07-11,13.6267,13.923,13.3007,13.3007,11.8324,39825,0,0
2018-07-12,13.2207,13.5615,13.037,13.3037,11.835,44213,0,0
2018-07-13,13.2474,13.6,13.2474,13.597,12.096,20588,0,0
2018-07-16,13.5467,13.5526,13.3985,13.5141,12.0222,24638,0,0
2018-07-17,13.3215,13.5704,13.2504,13.4667,11.98,12150,0,0
2018-07-18,13.363,13.6207,13.363,13.6207,12.117,12488,0,0
2018-07-19,13.5941,13.8844,13.5022,13.6859,12.175,45225,0,0
2018-07-20,13.6533,13.8074,13.6119,13.6622,12.154,17550,0,0
2018-07-23,13.4726,13.6652,13.4459,13.523,12.0301,28350,0,0
2018-07-24,13.52,13.52,12.8533,12.8533,11.4344,23963,0,0
2018-07-25,12.5037,12.8681,11.6889,12.7437,11.3368,67500,0,0
2018-07-26,12.8059,13.2296,12.8059,13.1111,11.6637,33413,0,0
2018-07-27,13.1822,13.1822,12.8533,12.957,11.5266,37800,0,0
2018-07-30,13.04,13.2474,12.9748,13.043,11.6031,37463,0,0
2018-07-31,13.1793,13.4163,13.0578,13.3304,11.8587,34763,0,0
2018-08-01,13.3956,13.3956,13.0578,13.1941,11.7375,28688,0,0
2018-08-02,13.3185,13.4311,13.2296,13.2326,11.7718,19913,0,0
2018-08-03,13.1822,13.2,12.9778,12.9778,11.5451,16875,0,0
2018-08-06,12.9956,13.0607,12.9867,13.0607,11.6189,5400,0,0
2018-08-07,13.3659,13.3659,12.7793,12.9274,11.5317,27338,0.035556,0
2018-08-08,13.2148,13.4133,12.8681,12.9778,11.5766,43875,0,0
2018-08-09,13.0074,13.0993,12.8533,12.88,11.4894,18900,0,0
2018-08-10,12.6548,13.2504,12.6548,12.9185,11.5237,32063,0,0
2018-08-13,12.7704,12.8948,12.5719,12.5926,11.233,31050,0,0
2018-08-14,12.5926,12.8711,12.5926,12.8593,11.4709,34088,0,0
2018-08-15,12.5333,12.6756,12.3556,12.563,11.2066,27338,0,0
2018-08-16,12.8059,12.8385,12.6044,12.8296,11.4444,22950,0,0
2018-08-17,12.7348,13.0459,12.7348,12.9126,11.5184,19913,0,0
2018-08-20,13.117,13.3304,12.8563,13.0726,11.6612,39488,0,0
2018-08-21,13.1081,13.3156,13.0341,13.2593,11.8277,23963,0,0
2018-08-22,13.277,13.277,13.277,13.277,11.8435,6750,0,0
2018-08-23,13.1911,13.1911,12.9393,13.1052,11.6902,17888,0,0
2018-08-24,13.0696,13.0756,12.6963,12.9778,11.5766,19913,0,0
2018-08-27,12.8622,13.3067,12.8622,13.1289,11.7114,22950,0,0
2018-08-28,12.8474,13.1644,12.8474,13.0074,11.603,4725,0,0
2018-08-29,13.1081,13.123,12.7556,13.0311,11.6242,31725,0,0
2018-08-30,12.96,13.1022,12.96,13.1022,11.6876,22950,0,0
2018-08-31,13.1022,13.1526,12.8296,13.1259,11.7087,44213,0,0
2018-09-04,13.0578,13.0667,12.6548,13.0578,11.6479,27000,0,0
2018-09-05,12.96,12.9956,12.8059,12.8563,11.4682,17213,0,0
2018-09-06,12.8889,12.8889,12.5807,12.6519,11.2858,22950,0,0
2018-09-07,12.5659,12.5659,12.2963,12.323,10.9925,34088,0,0
2018-09-10,12.4415,12.6637,12.4415,12.6548,11.2885,21600,0,0
2018-09-11,12.5541,12.56,12.3704,12.4,11.0612,37800,0,0
2018-09-12,12.3259,12.3259,12.237,12.2963,10.9687,27000,0,0
2018-09-13,12.0681,12.4148,12.0533,12.163,10.8497,18225,0,0
2018-09-14,12.083,12.5304,12.083,12.4593,11.114,25650,0,0
2018-09-17,12.3674,12.4948,12.2578,12.2607,10.937,18563,0,0
2018-09-18,12.2281,12.4356,12.2281,12.3467,11.0136,20250,0,0
2018-09-19,12.1689,12.56,12.1689,12.5037,11.1537,11138,0,0
2018-09-20,12.6519,12.9067,12.6519,12.8593,11.4709,25313,0,0
2018-09-21,12.8741,12.8741,12.6252,12.8119,11.4286,99900,0,0
2018-09-24,12.7141,12.8711,12.5067,12.6252,11.2621,10125,0,0
2018-09-25,12.6341,12.6341,12.3822,12.3881,11.0506,17213,0,0
2018-09-26,12.5778,12.5778,12.1541,12.1541,10.8418,12825,0,0
2018-09-27,12.4504,12.4504,11.9881,12.0296,10.7308,34763,0,0
2018-09-28,12.0533,12.0533,11.8044,11.8193,10.5431,36113,0,0
2018-10-01,11.6711,11.9644,11.6,11.8963,10.6119,45900,0,0
2018-10-02,11.677,11.8756,11.6652,11.6652,10.4057,19238,0,0
2018-10-03,11.6711,11.8222,11.6711,11.7659,10.4956,28013,0,0
2018-10-04,11.597,11.597,11.5407,11.5674,10.3185,16200,0,0
2018-10-05,11.5556,11.5556,11.437,11.4667,10.2286,11138,0,0
2018-10-08,11.3274,11.443,11.2267,11.443,10.2075,23625,0,0
2018-10-09,11.4341,11.4578,11.277,11.277,10.0595,34425,0,0
2018-10-10,11.2563,11.2859,11.0726,11.0815,9.88503,22275,0,0
2018-10-11,11.0578,11.1052,11.0044,11.0044,9.8163,12488,0,0
2018-10-12,10.5896,10.883,10.5837,10.7733,9.61015,28350,0,0
2018-10-15,10.8622,10.9481,10.7822,10.7822,9.61807,17550,0,0
2018-10-16,10.8504,10.9956,10.8267,10.9304,9.75023,21938,0,0
2018-10-17,10.8563,10.8563,10.3141,10.5185,9.38284,20925,0,0
2018-10-18,10.1244,10.1244,10.0267,10.0267,8.9441,6075,0,0
2018-10-19,10.0148,10.0148,9.87852,9.90815,8.83837,48263,0,0
2018-10-22,9.91407,10.0622,9.91111,10.0237,8.94145,10125,0,0
2018-10-23,9.94074,10.0444,9.7037,9.87556,8.8093,27338,0,0
2018-10-24,10.0563,10.4415,9.86667,9.86667,8.80137,38475,0,0
2018-10-25,10.2519,10.6607,10.2519,10.5985,9.45421,31388,0,0
2018-10-26,10.4889,10.6607,10.3348,10.5926,9.44892,32400,0,0
2018-10-29,10.7793,10.8237,10.4948,10.5867,9.44364,19575,0,0
2018-10-30,10.5333,10.5689,10.4711,10.5452,9.40663,19238,0,0
2018-10-31,10.637,10.6844,10.5896,10.6844,9.53085,14175,0,0
2018-11-01,10.8652,11.2089,10.8652,11.117,9.91674,19575,0,0
2018-11-02,11.1793,11.3719,11.1763,11.3215,10.0991,19913,0,0
2018-11-05,11.3274,11.3807,11.2119,11.2207,10.0092,12825,0,0
2018-11-06,11.1881,11.1881,11.1881,11.1881,10.0119,3038,0.035556,0
2018-11-07,11.28,11.5526,11.28,11.523,10.3115,21600,0,0
2018-11-08,11.5556,11.5881,11.4341,11.4341,10.232,11475,0,0
2018-11-09,11.1793,11.3689,11.1407,11.1407,9.96948,17213,0,0
2018-11-12,11.1378,11.3244,11.0904,11.0904,9.9244,21263,0,0
2018-11-13,10.9837,11.3185,10.9837,11.1911,10.0146,16200,0,0
2018-11-14,11.2711,11.2741,11.1496,11.1822,10.0066,11475,0,0
2018-11-15,11.0341,11.3896,11.0341,11.3896,10.1922,5063,0,0
2018-11-16,11.3037,11.3748,11.2711,11.3215,10.1312,14850,0,0
2018-11-19,11.0015,11.3807,11.0015,11.3185,10.1286,8775,0,0
2018-11-20,11.1644,11.1822,10.9867,11.0637,9.90054,9788,0,0
2018-11-21,11.1704,11.44,11.1704,11.44,10.2373,6750,0,0
2018-11-23,11.2948,11.6,11.2948,11.4874,10.2797,14175,0,0
2018-11-26,11.5378,11.677,11.5378,11.677,10.4494,14513,0,0
2018-11-27,11.357,11.5111,11.357,11.4696,10.2638,9113,0,0
2018-11-28,11.6148,11.7333,11.6059,11.6385,10.4149,15863,0,0
2018-11-29,11.52,11.6681,11.4281,11.4459,10.2426,13500,0,0
2018-11-30,11.4341,11.5733,11.4341,11.4637,10.2585,45225,0,0
2018-12-03,11.6889,11.6889,11.4785,11.5941,10.3751,11813,0,0
2018-12-04,10.8148,11.0163,10.5956,10.8533,9.71229,18900,0,0
2018-12-06,10.6311,10.6311,10.3081,10.4889,9.38616,15863,0,0
2018-12-07,10.6133,10.6133,10.1896,10.403,9.30927,20588,0,0
2018-12-10,10.0385,10.0385,9.79852,9.94074,8.89564,10125,0,0
2018-12-11,10.0356,10.1867,9.98222,10.0148,8.96193,12488,0,0
2018-12-12,9.99407,10.2341,9.99407,10.2341,9.15813,17888,0,0
2018-12-13,10.0089,10.2696,9.91704,9.91704,8.87443,19238,0,0
2018-12-14,9.58518,10.0089,9.58518,9.8963,8.85586,18900,0,0
2018-12-17,10.1837,10.3407,10,10.1896,9.11836,21938,0,0
2018-12-18,10.2815,10.4207,10.0948,10.2222,9.14753,41175,0,0
2018-12-19,10.3378,10.4148,10.0563,10.0622,9.00434,34088,0,0
2018-12-20,10.077,10.3822,10.077,10.3022,9.21911,40500,0,0
2018-12-21,10.2548,10.4385,10.0237,10.2281,9.15283,128588,0,0
2018-12-24,10.1156,10.3822,10,10.2519,9.17404,19913,0,0
2018-12-26,10.3052,10.4859,9.98518,10.4593,9.35964,53663,0,0
2018-12-27,10.3348,10.4711,10.1719,10.4356,9.33843,35775,0,0
2018-12-28,10.3437,10.803,10.3437,10.7348,9.60623,56700,0,0
2018-12-31,10.6963,10.6993,10.5481,10.5481,9.43919,28013,0,0
2019-01-02,10.5096,10.88,10.5067,10.88,9.73615,13500,0,0
2019-01-03,10.7733,10.7733,10.3793,10.3793,9.28805,28350,0,0
2019-01-04,10.6904,11.0726,10.5244,10.8148,9.67782,99225,0,0
2019-01-07,11.0044,11.0726,10.8148,10.9719,9.81835,30038,0,0
2019-01-08,11.1615,11.2711,11.0963,11.2711,10.0861,16875,0,0
2019-01-09,11.3748,11.437,11.3511,11.3511,10.1577,11138,0,0
2019-01-10,11.3481,11.5348,11.3393,11.5348,10.3221,24300,0,0
2019-01-11,11.5378,11.5378,11.3807,11.4252,10.224,12825,0,0
2019-01-14,11.3748,11.517,11.3748,11.4281,10.2267,16200,0,0
2019-01-15,11.4341,11.52,11.4015,11.52,10.3089,11138,0,0
2019-01-16,11.3748,11.3748,11.3748,11.3748,10.1789,6413,0,0
2019-01-17,11.3985,11.7422,11.3985,11.7422,10.5077,20250,0,0
2019-01-18,11.7689,11.9052,11.6533,11.7659,10.5289,18900,0,0
2019-01-22,11.7807,11.8933,11.6326,11.6563,10.4308,25988,0,0
2019-01-23,11.7422,11.7422,11.3274,11.3956,10.1975,17213,0,0
2019-01-24,11.4341,11.4637,11.4341,11.4637,10.2585,3375,0,0
2019-01-25,11.6178,11.6296,11.6178,11.6296,10.407,4725,0,0
2019-01-28,11.6948,11.6948,11.2948,11.2948,10.1074,13163,0,0
2019-01-29,11.4252,11.5644,11.4252,11.4578,10.2532,10125,0,0
2019-01-30,11.437,11.5526,11.3778,11.5526,10.338,12825,0,0
2019-01-31,11.3867,11.5319,11.3867,11.5319,10.3195,12825,0,0
2019-02-01,11.5556,11.597,11.4815,11.597,10.3778,9450,0,0
2019-02-04,11.5881,11.6059,11.363,11.6059,10.3858,3713,0,0
2019-02-05,11.6237,11.6237,11.6237,11.6237,10.4017,2363,0,0
2019-02-06,11.7659,11.7659,11.7659,11.7659,10.5289,1350,0,0
2019-02-07,11.6889,11.6889,11.2859,11.2859,10.0994,19238,0,0
2019-02-08,11.1289,11.1763,10.9481,11.037,9.87667,12488,0,0
2019-02-11,11.2474,11.2948,11.1348,11.1348,9.96417,10463,0,0
2019-02-12,11.4874,11.4874,11.4874,11.4874,10.2797,4050,0,0
2019-02-13,11.6563,11.9378,11.6563,11.8044,10.5634,10800,0,0
2019-02-14,12.3378,13.1111,12.0385,12.7022,11.3668,21938,0,0
2019-02-15,12.56,13.1644,12.56,12.8267,11.4782,50963,0,0
2019-02-19,12.8,12.8356,12.5096,12.6133,11.2873,17213,0,0
2019-02-20,12.6489,12.7496,12.5363,12.5363,11.2183,11813,0,0
2019-02-21,12.6844,12.6874,12.3644,12.4741,11.1626,16200,0,0
2019-02-22,12.563,12.6074,12.0889,12.1778,10.9286,30713,0.035556,0
2019-02-25,12.2667,12.4296,12.0178,12.0652,10.8276,44213,0,0
2019-02-26,12.2222,12.237,12.0207,12.0593,10.8223,9788,0,0
2019-02-27,12.1215,12.2252,11.8489,12.2133,10.9605,14850,0,0
2019-02-28,12.2933,12.2933,12.077,12.237,10.9818,20588,0,0
2019-03-01,12.2933,12.2933,11.6711,12.077,10.8382,20588,0,0
2019-03-04,12.0504,12.0504,11.8548,11.9289,10.7053,9113,0,0
2019-03-05,12.0711,12.1304,11.8578,11.9437,10.7186,14513,0,0
2019-03-06,11.9793,12.0059,11.6415,11.6741,10.4766,23625,0,0
2019-03-07,11.6296,11.8578,11.4311,11.437,10.2639,105638,0,0
2019-03-08,11.4785,11.7926,11.4785,11.6444,10.45,23625,0,0
2019-03-11,11.6148,11.9793,11.6148,11.9793,10.7505,17550,0,0
2019-03-12,11.8015,11.8341,11.6385,11.8074,10.5963,12825,0,0
2019-03-13,11.7096,11.8696,11.7096,11.8696,10.6521,29025,0,0
2019-03-14,11.8667,11.92,11.7393,11.8993,10.6787,30375,0,0
2019-03-15,11.8696,12.0711,11.8044,11.9704,10.7425,79313,0,0
2019-03-18,11.9852,12.2933,11.8548,12.2933,11.0323,35438,0,0
2019-03-19,12.24,12.24,12.0356,12.1956,10.9446,26663,0,0
2019-03-20,12.0948,12.3319,12.0948,12.1096,10.8675,17213,0,0
2019-03-21,12.1748,12.3704,12.1244,12.2548,10.9978,43200,0,0
2019-03-22,12.3467,12.3467,11.9378,11.9378,10.7133,18563,0,0
2019-03-25,11.9496,12.083,11.9496,12.077,10.8382,7088,0,0
2019-03-26,12.08,12.1007,11.9911,12.1007,10.8595,13500,0,0
2019-03-27,12.0059,12.3496,12.0059,12.237,10.9818,18563,0,0
2019-03-28,12.4148,12.4148,12.2785,12.403,11.1307,14850,0,0
2019-03-29,12.3526,12.3704,12.2993,12.3052,11.043,24300,0,0
2019-04-01,12.4711,12.4741,12.4089,12.4444,11.168,61763,0,0
2019-04-02,12.4681,12.48,12.4504,12.477,11.1972,7763,0,0
2019-04-03,12.64,12.64,12.64,12.64,11.3434,2363,0,0
2019-04-04,12.6222,12.7852,12.6222,12.6756,11.3754,19238,0,0
2019-04-05,12.8563,12.8563,12.6785,12.8,11.487,12488,0,0
2019-04-08,12.6637,12.6874,12.6637,12.6844,11.3833,4050,0,0
2019-04-09,12.5926,12.5926,12.3496,12.3911,11.1201,17550,0,0
2019-04-10,12.5126,12.5985,12.3704,12.5719,11.2823,8100,0,0
2019-04-11,12.7704,12.7704,12.6815,12.6815,11.3807,4050,0,0
2019-04-12,12.7437,12.7585,12.7407,12.7437,11.4365,11138,0,0
2019-04-15,12.7585,12.7585,12.6667,12.6667,11.3674,10800,0,0
2019-04-16,12.8711,12.8711,12.8415,12.8415,11.5243,7088,0,0
2019-04-17,12.9807,12.9807,12.8207,12.8207,11.5057,10463,0,0
2019-04-18,12.7674,13.1052,12.7674,13.1052,11.7609,12150,0,0
2019-04-22,12.8148,12.8148,12.8148,12.8148,11.5003,2700,0,0
2019-04-23,12.8474,13.3185,12.8474,13.3185,11.9524,15525,0,0
2019-04-24,13.3304,13.4844,13.3304,13.3837,12.0109,5738,0,0
2019-04-25,13.037,13.037,12.5926,12.8059,11.4924,26663,0,0
2019-04-26,12.8119,12.8119,12.4593,12.7052,11.4019,14175,0,0
2019-04-29,12.4889,12.9807,12.3911,12.7585,11.4498,60075,0,0
2019-04-30,12.5659,12.5659,12.3348,12.4444,11.168,32063,0,0
2019-05-01,12.24,12.403,12.1067,12.1837,10.934,60413,0,0
2019-05-02,12.157,12.3881,12.0444,12.3763,11.1068,13838,0,0
2019-05-03,12.5511,12.8593,12.48,12.8593,11.5402,16200,0,0
2019-05-06,12.4326,12.8119,12.4326,12.72,11.4152,33075,0,0
2019-05-07,12.4444,12.6015,12.4415,12.4474,11.1706,14850,0,0
2019-05-08,12.3763,12.48,12.2963,12.2963,11.0666,19913,0.035556,0
2019-05-09,12.2578,12.4711,12.2104,12.3941,11.1546,21600,0,0
2019-05-10,12.1926,12.3941,12.1807,12.3081,11.0773,18563,0,0
2019-05-13,11.837,12.0089,11.7304,11.8904,10.7013,43875,0,0
2019-05-14,11.8074,12.0356,11.7215,12.003,10.8026,20588,0,0
2019-05-15,11.763,11.9556,11.7037,11.8074,10.6266,39150,0,0
2019-05-16,11.9141,11.9141,11.7244,11.7244,10.5519,15188,0,0
2019-05-17,11.68,11.7096,11.3304,11.3304,10.1973,22275,0,0
2019-05-20,11.2563,11.437,11.2237,11.2622,10.1359,15863,0,0
2019-05-21,11.2919,11.5852,11.2919,11.5674,10.4106,20588,0,0
2019-05-22,11.5259,11.5259,11.1822,11.2267,10.1039,17550,0,0
2019-05-23,10.9778,11.0459,10.96,11.04,9.93595,17550,0,0
2019-05-24,10.8978,11.1496,10.8978,11.0696,9.96262,19913,0,0
2019-05-28,11.0252,11.0311,10.9274,10.9274,9.83462,31388,0,0
2019-05-29,11.0104,11.0193,10.9007,10.9007,9.81062,20925,0,0
2019-05-30,11.0519,11.0519,10.7437,10.9304,9.83728,18225,0,0
2019-05-31,10.5244,10.7319,10.5244,10.643,9.57862,16875,0,0
2019-06-03,10.643,10.9511,10.643,10.8652,9.77862,17550,0,0
2019-06-04,11.0933,11.0933,10.8919,10.96,9.86395,18900,0,0
2019-06-05,10.9985,10.9985,10.64,10.64,9.57595,16538,0,0
2019-06-06,10.6548,10.8,10.5926,10.8,9.71995,16875,0,0
2019-06-07,10.8,10.8,10.5896,10.5926,9.53329,13838,0,0
2019-06-10,10.6341,10.9333,10.6341,10.9333,9.83995,56363,0,0
2019-06-11,10.9274,11.1081,10.8326,10.8326,9.74929,43538,0,0
2019-06-12,10.9215,10.9985,10.8059,10.8978,9.80795,16875,0,0
2019-06-13,10.9956,11.0104,10.9215,11.0104,9.90928,27675,0,0
2019-06-14,10.9274,10.9452,10.7526,10.8237,9.74128,11475,0,0
2019-06-17,10.9719,10.9896,10.8622,10.9896,9.89062,33413,0,0
2019-06-18,11.2148,11.2148,11.0044,11.0044,9.90395,28688,0,0
2019-06-19,11.1319,11.1319,10.8681,10.8711,9.78395,39488,0,0
2019-06-20,11.0607,11.2059,10.9274,10.9274,9.83462,52313,0,0
2019-06-21,10.883,11.0044,10.7111,10.7111,9.63995,50625,0,0
2019-06-24,10.8356,10.8711,10.5541,10.557,9.50128,110363,0,0
2019-06-25,10.5363,10.7793,10.5363,10.6756,9.60795,88088,0,0
2019-06-26,10.9304,10.9985,10.7585,10.957,9.86128,56025,0,0
2019-06-27,10.9689,11.1259,10.957,11.0519,9.94661,48938,0,0
2019-06-28,11.1407,11.2978,10.9363,10.9363,9.84262,358763,0,0
2019-07-01,10.9511,11.2415,10.9511,11.0489,9.94395,66825,0,0
2019-07-02,11.1111,11.2385,10.9481,11.2385,10.1146,41513,0,0
2019-07-03,11.2059,11.2059,11.0756,11.1467,10.0319,24300,0,0
2019-07-05,10.9926,11.1496,10.9452,11.1496,10.0346,16875,0,0
2019-07-08,11.0667,11.1793,11.0607,11.1793,10.0613,24300,0,0
2019-07-09,11.0193,11.0193,10.9215,10.9659,9.86928,11813,0,0
2019-07-10,10.8622,10.9215,10.7467,10.9215,9.82928,17888,0,0
2019-07-11,10.9659,10.9659,10.7674,10.803,9.72262,21938,0,0
2019-07-12,10.8,11.1111,10.8,11.0222,9.91995,34763,0,0
2019-07-15,10.88,11.0311,10.7793,11.0133,9.91195,28350,0,0
2019-07-16,11.037,11.3452,11.0193,11.2178,10.0959,33750,0,0
2019-07-17,11.1022,11.1022,10.9659,10.9659,9.86928,21938,0,0
2019-07-18,10.8741,10.8741,10.7556,10.7556,9.67995,22613,0,0
2019-07-19,10.717,10.9363,10.717,10.7733,9.69595,16200,0,0
2019-07-22,10.8326,10.9659,10.8326,10.9659,9.86928,9113,0,0
2019-07-23,11.1022,11.2622,11.1022,11.1733,10.0559,7088,0,0
2019-07-24,11.4696,11.8519,11.4074,11.8519,10.6666,68175,0,0
2019-07-25,11.76,11.8519,11.5704,11.5704,10.4133,51300,0,0
2019-07-26,11.5852,12.0474,11.5852,11.9793,10.7813,12488,0,0
2019-07-29,12.0119,12.0119,11.6889,11.7037,10.5333,21938,0,0
2019-07-30,11.6356,11.923,11.6356,11.76,10.5839,50625,0,0
2019-07-31,11.8459,11.9615,11.6741,11.6741,10.5066,46575,0,0
2019-08-01,11.6237,11.7926,11.5259,11.5259,10.3733,24975,0,0
2019-08-02,11.5467,11.6415,11.4815,11.6,10.4399,16875,0,0
2019-08-05,11.4904,11.7244,11.4311,11.7244,10.5519,45563,0,0
2019-08-06,11.6178,11.7096,11.6119,11.6533,10.4879,19575,0,0
2019-08-07,11.6296,11.7511,11.6296,11.7215,10.5493,18900,0,0
2019-08-08,11.8489,11.8607,11.7926,11.7956,10.6509,22950,0.038519,0
2019-08-09,11.7274,11.7511,11.6681,11.6681,10.5359,19913,0,0
2019-08-12,11.5585,11.6474,11.5289,11.5289,10.4102,11138,0,0
2019-08-13,11.8015,11.8044,11.5556,11.5556,10.4342,34088,0,0
2019-08-14,11.4874,11.5437,11.3837,11.5141,10.3968,19238,0,0
2019-08-15,11.52,11.5259,11.3926,11.523,10.4048,20588,0,0
2019-08-16,11.5348,11.8015,11.517,11.6948,10.56,14175,0,0
2019-08-19,11.6978,11.8104,11.5763,11.6059,10.4797,58050,0,0
2019-08-20,11.603,11.6889,11.5793,11.5793,10.4556,8775,0,0
2019-08-21,11.8015,11.8015,11.5852,11.5852,10.461,27675,0,0
2019-08-22,11.6919,11.8044,11.6681,11.7007,10.5653,28013,0,0
2019-08-23,11.6504,11.76,11.2859,11.3156,10.2175,41513,0,0
2019-08-26,11.5022,11.5022,11.3185,11.3896,10.2844,9113,0,0
2019-08-27,11.3837,11.3837,10.4652,10.5037,9.48445,40163,0,0
2019-08-28,10.4296,10.6281,10.4296,10.6281,9.59682,18900,0,0
2019-08-29,10.7022,10.9452,10.7022,10.8889,9.83226,14850,0,0
2019-08-30,10.9985,11.0163,10.9185,11.0163,9.9473,15525,0,0
2019-09-03,10.8622,11.0341,10.8622,10.963,9.89915,20925,0,0
2019-09-04,11.04,11.2444,10.9541,11.2444,10.1533,9113,0,0
2019-09-05,11.4904,11.9407,11.4222,11.9407,10.782,19575,0,0
2019-09-06,11.997,11.997,11.7156,11.7659,10.6242,27338,0,0
2019-09-09,11.8519,12.5156,11.8252,12.4385,11.2315,69188,0,0
2019-09-10,12.2844,12.4741,12.2844,12.4119,11.2074,14513,0,0
2019-09-11,12.4948,12.6815,12.4267,12.6785,11.4482,28013,0,0
2019-09-12,12.5156,12.7556,12.5156,12.7348,11.4991,22275,0,0
2019-09-13,12.4889,12.9926,12.4889,12.803,11.5606,17888,0,0
2019-09-16,12.5511,12.8889,12.5511,12.7941,11.5526,23288,0,0
2019-09-17,12.5541,12.7881,12.5541,12.7289,11.4937,22613,0,0
2019-09-18,12.6519,12.6874,12.5481,12.5807,11.3599,37463,0,0
2019-09-19,12.4504,12.4919,12.1393,12.1778,10.9961,74925,0,0
2019-09-20,12.1926,12.3496,12.08,12.083,10.9105,96863,0,0
2019-09-23,12.0207,12.1659,12.0207,12.1333,10.9559,48938,0,0
2019-09-24,12.0978,12.0978,11.7126,11.7126,10.576,36113,0,0
2019-09-25,11.8311,11.9881,11.8311,11.9141,10.758,47925,0,0
2019-09-26,11.8311,11.8489,11.76,11.76,10.6188,24300,0,0
2019-09-27,11.7541,11.8607,11.7481,11.7481,10.6081,22950,0,0
2019-09-30,11.7156,11.9319,11.7156,11.8311,10.6831,21263,0,0
2019-10-01,11.7185,11.7926,11.2859,11.2859,10.1908,19913,0,0
2019-10-02,11.0904,11.2622,11.0578,11.1526,10.0704,20925,0,0
2019-10-03,10.9689,11.0815,10.96,11.0193,9.94998,28688,0,0
2019-10-04,10.9748,11.1259,10.9274,11.0874,10.0115,58725,0,0
2019-10-07,11.123,11.2119,11.12,11.12,10.0409,32738,0,0
2019-10-08,11.0104,11.2978,11.0104,11.2978,10.2015,30375,0,0
2019-10-09,11.363,11.4222,11.3067,11.3067,10.2095,11813,0,0
2019-10-10,11.4726,11.5526,11.3985,11.3985,10.2924,26325,0,0
2019-10-11,11.603,11.8785,11.603,11.683,10.5493,19913,0,0
2019-10-14,10.8681,11.683,10.8681,11.683,10.5493,8100,0,0
2019-10-15,11.8637,11.8637,11.843,11.8607,10.7098,14850,0,0
2019-10-16,11.9911,11.997,11.9793,11.997,10.8329,6750,0,0
2019-10-17,12.0622,12.1304,12.0622,12.1304,10.9533,8100,0,0
2019-10-18,12.0237,12.2785,12.0237,12.2726,11.0817,30713,0,0
2019-10-21,12.3556,12.7704,12.3556,12.7704,11.5312,14850,0,0
2019-10-22,12.8593,13.1259,12.8593,13.1259,11.8522,10800,0,0
2019-10-23,13.1615,13.3156,13.1615,13.2593,11.9726,31388,0,0
2019-10-24,13.1881,13.3156,13.0933,13.2474,11.9619,81675,0,0
2019-10-25,13.1852,13.3452,13.1407,13.2741,11.986,73913,0,0
2019-10-28,13.3719,13.6267,12.9659,13.0311,11.7666,140738,0,0
2019-10-29,12.9481,13.2059,12.8919,13.2059,11.9245,25650,0,0
2019-10-30,12.9689,12.9867,12.9274,12.9807,11.7211,6075,0,0
2019-10-31,12.6341,12.717,12.6074,12.717,11.483,11475,0,0
2019-11-01,12.8563,12.8563,12.7644,12.8267,11.582,8438,0,0
2019-11-04,12.8385,13.1704,12.8385,13.1704,11.8924,86400,0,0
2019-11-05,13.0222,13.28,13.0222,13.1881,11.9084,19238,0,0
2019-11-06,13.0519,13.203,12.9926,12.9926,11.7318,8100,0,0
2019-11-07,13.0074,13.0074,12.8178,12.8563,11.6433,9788,0.038519,0
2019-11-08,12.7644,12.8237,12.72,12.723,11.5225,10125,0,0
2019-11-11,12.7644,12.7704,12.7259,12.7259,11.5252,4725,0,0
2019-11-12,12.7259,12.8622,12.637,12.8622,11.6486,28013,0,0
2019-11-13,12.7081,12.8741,12.6311,12.8741,11.6594,33413,0,0
2019-11-14,12.6904,12.7881,12.5926,12.7437,11.5413,22950,0,0
2019-11-15,12.7763,12.797,12.7022,12.7704,11.5655,12825,0,0
2019-11-18,12.4889,12.637,12.4889,12.637,11.4447,19238,0,0
2019-11-19,12.6844,12.7111,12.4444,12.7111,11.5118,26325,0,0
2019-11-20,12.877,12.877,12.5067,12.7022,11.5037,60075,0,0
2019-11-21,12.7793,12.8356,12.6607,12.6607,11.4662,25313,0,0
2019-11-22,12.7911,12.9067,12.4622,12.9067,11.6889,8438,0,0
2019-11-25,12.9511,13.3452,12.9511,13.3452,12.086,29025,0,0
2019-11-26,13.1289,13.52,13.1289,13.4104,12.1451,30713,0,0
2019-11-27,13.4459,13.6296,13.0489,13.6296,12.3436,22613,0,0
2019-11-29,13.5022,13.517,13.5022,13.517,12.2417,4725,0,0
2019-12-02,13.5407,13.5407,13.4459,13.517,12.2417,18563,0,0
2019-12-03,13.4281,13.4815,13.2859,13.2859,12.0324,15188,0,0
2019-12-04,13.4607,14.08,13.4607,13.8726,12.5637,15188,0,0
2019-12-05,13.8874,13.9259,13.5467,13.9259,12.612,38138,0,0
2019-12-06,14,14.0444,13.7896,13.7896,12.4885,29025,0,0
2019-12-09,13.6207,13.6207,13.4844,13.5022,12.2283,7763,0,0
2019-12-10,13.5022,13.5319,13.3837,13.5319,12.2551,25313,0,0
2019-12-11,13.6859,13.7274,13.5141,13.6207,12.3356,13500,0,0
2019-12-12,13.7304,14.2074,13.7304,14.1007,12.7703,22275,0,0
2019-12-13,14.1007,14.1096,13.7837,14.0593,12.7327,21938,0,0
2019-12-16,14.1807,14.3704,14.1037,14.2548,12.9098,39150,0,0
2019-12-17,14.0889,14.0889,13.9556,14.0148,12.6925,15525,0,0
2019-12-18,13.8637,14.0533,13.8637,13.9852,12.6657,21938,0,0
2019-12-19,13.8252,14.0059,13.8133,13.9941,12.6737,18225,0,0
2019-12-20,14.0119,14.0119,13.763,13.8993,12.5878,74925,0,0
2019-12-23,13.7215,13.7985,13.6919,13.7067,12.4134,14175,0,0
2019-12-24,13.7689,13.9467,13.7689,13.8815,12.5717,16875,0,0
2019-12-26,13.8548,13.8548,13.6533,13.6533,12.3651,15863,0,0
2019-12-27,13.603,13.7748,13.603,13.7304,12.4349,13500,0,0
2019-12-30,13.6652,13.7393,13.5348,13.5348,12.2578,13500,0,0
2019-12-31,13.5407,13.7096,13.5052,13.5407,12.2631,14175,0,0
2020-01-02,13.6267,13.6267,13.3956,13.4844,12.2122,13500,0,0
2020-01-03,13.5881,13.597,13.4104,13.4519,12.1826,27675,0,0
2020-01-06,13.5556,13.5556,13.3333,13.3333,12.0753,21263,0,0
2020-01-07,13.3274,13.4252,13.3274,13.3481,12.0887,9113,0,0
2020-01-08,13.5052,13.5052,13.3422,13.3422,12.0834,11138,0,0
2020-01-09,13.2385,13.2385,13.0785,13.0785,11.8445,6075,0,0
2020-01-10,13.2237,13.4222,13.2,13.4193,12.1531,47250,0,0
2020-01-13,13.3244,13.5259,13.3244,13.5259,12.2497,13838,0,0
2020-01-14,13.6296,13.6919,13.6178,13.6178,12.3329,20925,0,0
2020-01-15,13.6859,13.7481,13.5615,13.6059,12.3222,25650,0,0
2020-01-16,13.8252,14.1719,13.8252,14.1719,12.8347,21938,0,0
2020-01-17,14.2074,14.2696,14.0385,14.0652,12.7381,45563,0,0
2020-01-21,13.7511,13.7689,13.6,13.6859,12.3946,14850,0,0
2020-01-22,13.6593,13.6593,13.6504,13.6504,12.3624,7425,0,0
2020-01-23,13.6148,13.6415,13.4993,13.4993,12.2256,19913,0,0
2020-01-24,13.5852,13.6148,13.4074,13.4578,12.188,14850,0,0
2020-01-27,13.2948,13.4756,13.0904,13.2593,12.0082,18900,0,0
2020-01-28,13.2563,13.517,13.2563,13.517,12.2417,6413,0,0
2020-01-29,13.52,13.6474,13.4104,13.6326,12.3463,19913,0,0
2020-01-30,13.4756,13.6474,13.3452,13.5289,12.2524,24638,0,0
2020-01-31,13.3719,13.3719,13.0726,13.1437,11.9036,21938,0,0
2020-02-03,13.3807,13.3807,13.0993,13.0993,11.8633,17550,0,0
2020-02-04,13.4281,13.5348,13.2711,13.2711,12.019,13500,0,0
2020-02-05,13.6296,13.6296,13.4756,13.5437,12.2658,23963,0,0
2020-02-06,13.4133,13.4133,13.2119,13.2119,11.9653,9450,0,0
2020-02-07,13.0815,13.0815,13.0815,13.0815,11.8472,2700,0,0
2020-02-10,13.2356,13.4756,13.2356,13.3185,12.0619,7763,0,0
2020-02-11,13.3333,13.6889,13.3333,13.5556,12.2766,15525,0,0
2020-02-12,13.6859,13.8519,13.6296,13.6296,12.3436,15188,0,0
2020-02-13,11.9022,12.7111,11.9022,12.7111,11.5118,18900,0,0
2020-02-14,10.2933,12.8652,10.2933,12.797,11.5896,17888,0,0
2020-02-18,12.8267,13.0193,12.317,12.9096,11.6916,28013,0,0
2020-02-19,13.0726,13.0726,12.4178,12.8741,11.6594,17888,0,0
2020-02-20,13.0074,13.523,13.0074,13.1407,11.9009,16538,0,0
2020-02-21,13.2919,13.3007,13.037,13.1407,11.9009,21263,0,0
2020-02-24,12.8326,13.0963,12.7467,12.7467,11.5779,14175,0.038519,0
2020-02-25,12.8593,12.9037,12.5422,12.5422,11.3922,37800,0,0
2020-02-26,12.7467,12.7467,12.5185,12.5333,11.3842,12150,0,0
2020-02-27,12.6667,13.0874,12.3704,12.3704,11.2361,17213,0,0
2020-02-28,12.1481,12.4178,12.0415,12.4178,11.2792,38475,0,0
2020-03-02,12.56,12.7644,12.56,12.7644,11.5941,12150,0,0
2020-03-03,12.6993,12.6993,12.0385,12.0385,10.9347,15863,0,0
2020-03-04,12.3793,12.3793,12.1215,12.3496,11.2173,15525,0,0
2020-03-05,12.1215,12.2104,11.7926,12.2104,11.0908,28350,0,0
2020-03-06,11.8993,11.8993,11.5111,11.6859,10.6144,15525,0,0
2020-03-09,11.0874,11.0874,9.84889,10.0948,9.16922,28688,0,0
2020-03-10,10.2459,10.397,10.083,10.2252,9.28764,28350,0,0
2020-03-11,9.87259,10.2607,9.56444,10.0889,9.16384,38813,0,0
2020-03-12,9.67704,9.73333,8.4563,9.09926,8.26495,42863,0,0
2020-03-13,8.79407,9.97926,8.79407,9.72741,8.8355,31725,0,0
2020-03-16,9.19111,9.58222,8.10963,8.10963,7.36606,48938,0,0
2020-03-17,8.42074,9.02222,8,8.63407,7.84242,77288,0,0
2020-03-18,8.08,8.33482,6.41778,6.41778,5.82933,39150,0,0
2020-03-19,6.92148,7.97333,6.41481,6.93926,6.303,102600,0,0
2020-03-20,6.67259,8,6.67259,7.30963,6.63941,115763,0,0
2020-03-23,7.74815,7.94074,7.10518,7.52889,6.83857,32063,0,0
2020-03-24,8.00593,8.73481,7.80148,8.62519,7.83434,39488,0,0
2020-03-25,8.56296,8.90074,8.16296,8.90074,8.08463,29700,0,0
2020-03-26,8.97778,9.66518,8.8563,9.46963,8.60136,35775,0,0
2020-03-27,9.24444,9.26519,8.58963,8.58963,7.80205,19575,0,0
2020-03-30,8.59259,8.92741,8.56,8.88593,8.07118,25650,0,0
2020-03-31,8.84148,9.04,8.76741,9.04,8.21112,36113,0,0
2020-04-01,8.36148,8.64889,7.96148,7.96148,7.23149,36113,0,0
2020-04-02,7.8637,8.38815,7.8637,8.38815,7.61904,12150,0,0
2020-04-03,7.99111,7.99111,7.73333,7.85185,7.13192,21263,0,0
2020-04-06,8.35259,8.74074,8.35259,8.72,7.92047,29025,0,0
2020-04-07,9.02519,9.14667,8.65185,8.75852,7.95545,28350,0,0
2020-04-08,8.96889,9.3037,8.7763,9.27111,8.42104,58050,0,0
2020-04-09,9.27704,9.9437,9.15556,9.9437,9.03197,25313,0,0
2020-04-13,9.81926,9.81926,9.22667,9.32741,8.47218,23963,0,0
2020-04-14,9.31556,9.5437,9.1437,9.53778,8.66326,11813,0,0
2020-04-15,9.17037,9.17037,8.61333,8.78815,7.98237,15863,0,0
2020-04-16,8.76444,8.97185,8.46815,8.97185,8.14922,35438,0,0
2020-04-17,9.17333,9.72741,9.05185,9.72741,8.8355,34425,0,0
2020-04-20,9.35407,9.41037,8.90074,8.9037,8.08733,10800,0,0
2020-04-21,8.72889,8.73778,8.44148,8.55407,7.76975,23963,0,0
2020-04-22,8.66667,8.77037,8.43259,8.68148,7.88548,38813,0,0
2020-04-23,9.26222,9.96444,9.12,9.38963,8.5287,16875,0,0
2020-04-24,9.38667,9.69185,9.30963,9.63852,8.75477,29025,0,0
2020-04-27,9.35111,10.0504,8.82667,9.75111,8.85703,41850,0,0
2020-04-28,10.1452,10.2904,10.0978,10.0978,9.17192,12488,0,0
2020-04-29,10.6607,11.0578,10.5037,10.9541,9.9497,29700,0,0
2020-04-30,10.5215,10.5215,9.73333,10.4622,9.50294,41175,0,0
2020-05-01,9.64148,10.0681,9.46667,10.0681,9.145,19575,0,0
2020-05-04,9.54963,10.2489,9.46074,10.0267,9.10732,21263,0,0
2020-05-05,10.3081,10.3674,9.82518,9.82518,8.92431,19238,0,0
2020-05-06,9.91407,10.0148,9.58518,9.58518,8.74059,16538,0.038519,0
2020-05-07,9.91111,10.1807,9.75407,9.95556,9.07832,23963,0,0
2020-05-08,10.0474,10.4652,10.0474,10.2607,9.35662,54675,0,0
2020-05-11,10.1274,10.317,9.95556,10,9.11885,65813,0,0
2020-05-12,10.1333,10.2163,9.18815,9.18815,8.37854,31388,0,0
2020-05-13,9.39556,9.53778,8.94815,9.45185,8.619,45563,0,0
2020-05-14,9.18815,9.18815,8.50074,8.98074,8.1894,72563,0,0
2020-05-15,8.98074,9.31259,8.98074,9.30074,8.48121,26325,0,0
2020-05-18,9.73333,10.3911,9.73333,10.3911,9.4755,30713,0,0
2020-05-19,10.1541,10.3881,9.89926,10.163,9.26746,42188,0,0
2020-05-20,10.2104,10.7941,10.2104,10.637,9.69976,41175,0,0
2020-05-21,10.3763,10.3763,10.2874,10.2874,9.38093,13838,0,0
2020-05-22,10.08,10.1393,10.0089,10.0415,9.15668,10125,0,0
2020-05-26,10.5156,10.7467,10.1304,10.5926,9.65923,23288,0,0
2020-05-27,10.9363,11.4074,10.7556,11.4074,10.4022,38813,0,0
2020-05-28,11.5081,11.5111,10.7496,10.7496,9.80243,23963,0,0
2020-05-29,10.7437,11.037,10.7437,10.8474,9.89159,31725,0,0
2020-06-01,10.9837,11.2267,10.4889,10.5511,9.6214,47925,0,0
2020-06-02,10.5956,10.9748,10.3704,10.6222,9.68625,61763,0,0
2020-06-03,10.8504,11.12,10.8385,10.8978,9.93752,43200,0,0
2020-06-04,10.72,11.363,10.6637,11.2593,10.2672,85725,0,0
2020-06-05,11.7452,12.1333,11.4163,11.5763,10.5563,59063,0,0
2020-06-08,11.8667,11.9556,11.603,11.6296,10.6049,58388,0,0
2020-06-09,11.4963,11.4963,11.1941,11.2119,10.2239,36788,0,0
2020-06-10,11.037,11.2237,10.717,10.7319,9.78622,40838,0,0
2020-06-11,10.1748,10.237,9.48444,9.68889,8.83516,47250,0,0
2020-06-12,10.0978,10.0978,9.40148,9.8637,8.99456,35100,0,0
2020-06-15,9.4637,10.3111,9.32444,10.157,9.26205,32738,0,0
2020-06-16,10.6489,10.6489,10.1511,10.3407,9.42957,34763,0,0
2020-06-17,10.2163,10.3615,9.88148,9.92,9.0459,39488,0,0
2020-06-18,9.97333,10.2222,9.72741,9.73333,8.87568,49613,0,0
2020-06-19,9.86963,9.86963,9.33333,9.33333,8.51093,75600,0,0
2020-06-22,9.20296,9.68,9.20296,9.54074,8.70006,25988,0,0
2020-06-23,9.4963,9.79259,9.35407,9.48148,8.64602,28013,0,0
2020-06-24,9.33333,9.37185,9.19704,9.19704,8.38664,35438,0,0
2020-06-25,9.1437,9.67704,9.1437,9.67111,8.81894,23963,0,0
2020-06-26,9.59704,9.94667,9.45778,9.74815,8.88919,96188,0,0
2020-06-29,9.86074,10.317,9.86074,10.3111,9.40255,27000,0,0
2020-06-30,10.0741,10.7052,10.0741,10.5659,9.63491,14513,0,0
2020-07-01,10.6281,10.6281,10.2963,10.3733,9.45929,8775,0,0
2020-07-02,10.4681,10.4711,10.403,10.4711,9.54845,12488,0,0
2020-07-06,10.5452,10.6074,10.3852,10.56,9.62951,14175,0,0
2020-07-07,10.3556,10.4533,10.1393,10.1689,9.27286,37125,0,0
2020-07-08,10.0444,10.3496,10.0444,10.3496,9.43767,29025,0,0
2020-07-09,10.2489,10.3378,9.86074,10.0622,9.17559,19238,0,0
2020-07-10,9.8163,10.3319,9.8163,10.3319,9.42146,11475,0,0
2020-07-13,10.4207,10.5215,10.3319,10.5096,9.58358,10800,0,0
2020-07-14,10.5719,10.7556,10.5719,10.7556,9.80783,10463,0,0
2020-07-15,11.0815,11.7215,11.0815,11.4933,10.4806,30713,0,0
2020-07-16,11.4519,11.4519,11.0607,11.0607,10.0861,18563,0,0
2020-07-17,11.0548,11.5378,10.7881,10.8148,9.86187,32738,0,0
2020-07-20,10.9896,10.9896,10.8119,10.8504,9.89429,5400,0,0
2020-07-21,11.1348,11.4193,10.9333,11.3363,10.3374,18900,0,0
2020-07-22,11.3481,11.3719,10.7467,11.2356,10.2455,22950,0,0
2020-07-23,11.6741,12.4474,11.4252,12.16,11.0885,56025,0,0
2020-07-24,12.2637,12.4089,11.8489,11.9289,10.8778,51300,0,0
2020-07-27,12.0948,12.3941,11.6889,12.3941,11.302,9450,0,0
2020-07-28,12.0889,12.2756,12.077,12.077,11.0129,11813,0,0
2020-07-29,12.237,12.4119,12.083,12.1037,11.0372,14175,0,0
2020-07-30,11.9319,12.1067,11.9319,12.1067,11.0399,7088,0,0
2020-07-31,11.5881,11.9141,11.5881,11.7926,10.7535,14850,0,0
2020-08-03,11.9941,12.1659,11.9941,12.0741,11.0102,12150,0,0
2020-08-04,12.1689,12.1689,11.9022,12.1452,11.075,20925,0,0
2020-08-05,12.2756,12.2815,12.0356,12.08,11.0156,26325,0,0
2020-08-06,12.2341,12.2815,12.077,12.077,11.0508,6750,0.041481,0
2020-08-07,12.0652,12.6252,12.0652,12.477,11.4168,20925,0,0
2020-08-10,12.64,12.9481,12.4622,12.7407,11.6581,22950,0,0
2020-08-11,12.963,13.0281,12.4919,12.5926,11.5226,40838,0,0
2020-08-12,12.8948,13.0548,12.7407,12.7437,11.6608,21600,0,0
2020-08-13,12.803,12.9748,12.7407,12.7407,11.6581,9113,0,0
2020-08-14,12.7378,12.9037,12.723,12.8178,11.7286,21263,0,0
2020-08-17,12.8622,13.043,12.8622,12.9037,11.8072,15188,0,0
2020-08-18,12.9156,13.04,12.7437,12.7526,11.669,25313,0,0
2020-08-19,13.1111,13.1644,12.7585,12.8859,11.791,16538,0,0
2020-08-20,12.8326,12.9126,12.717,12.9126,11.8154,4725,0,0
2020-08-21,12.797,13.1852,12.7911,13.037,11.9292,39150,0,0
2020-08-24,13.037,13.1141,12.6074,12.7407,11.6581,38813,0,0
2020-08-25,12.8741,12.8741,12.6519,12.8148,11.7259,25988,0,0
2020-08-26,12.6726,12.6756,12.5807,12.5956,11.5253,14175,0,0
2020-08-27,12.5807,12.7852,12.563,12.6874,11.6093,17213,0,0
2020-08-28,12.6756,12.7615,12.5037,12.7259,11.6446,17888,0,0
2020-08-31,12.7259,12.7822,12.2637,12.3822,11.3301,67500,0,0
2020-09-01,12.5304,12.8178,12.397,12.8089,11.7205,28688,0,0
2020-09-02,12.5896,13.0044,12.5896,12.9719,11.8696,46238,0,0
2020-09-03,12.9719,12.9719,12.3674,12.6844,11.6066,42525,0,0
2020-09-04,12.6963,12.9541,12.6963,12.9541,11.8533,14850,0,0
2020-09-08,12.723,13.037,12.4504,12.7319,11.65,41850,0,0
2020-09-09,12.7437,12.9807,12.7348,12.7733,11.6879,22275,0,0
2020-09-10,12.8593,12.9422,12.477,12.5333,11.4683,14850,0,0
2020-09-11,12.397,12.5481,12.2874,12.3881,11.3355,32738,0,0
2020-09-14,12.3556,12.6874,12.3556,12.6785,11.6012,21600,0,0
2020-09-15,12.6993,12.723,12.5926,12.5926,11.5226,20250,0,0
2020-09-16,12.6252,12.9511,12.6252,12.9333,11.8344,56025,0,0
2020-09-17,12.7111,13.037,12.7111,12.9363,11.8371,57038,0,0
2020-09-18,13.037,13.2889,12.9778,13.123,12.0079,102938,0,0
2020-09-21,12.9748,13.0844,12.4237,12.5185,11.4548,73238,0,0
2020-09-22,12.6193,13.123,12.6193,12.8593,11.7666,36788,0,0
2020-09-23,12.8237,13.0785,12.4681,12.4741,11.4141,52650,0,0
2020-09-24,12.4444,12.5926,12.1689,12.4356,11.3789,50288,0,0
2020-09-25,12.2074,12.6519,12.2074,12.483,11.4223,46913,0,0
2020-09-28,12.5926,13.1259,12.5926,13.1259,12.0106,43200,0,0
2020-09-29,13.2089,13.2267,12.9363,13.1052,11.9916,33750,0,0
2020-09-30,13.2444,13.2444,13.1259,13.1259,12.0106,24300,0,0
2020-10-01,13.1852,13.2504,13.117,13.1556,12.0377,21600,0,0
2020-10-02,12.9719,13.5022,12.7407,13.437,12.2953,47250,0,0
2020-10-05,13.4193,14.1689,13.4193,14.1333,12.9324,26325,0,0
2020-10-06,14.1244,14.5985,14.1244,14.3704,13.1493,25313,0,0
2020-10-07,14.803,14.8148,14.4889,14.7704,13.5153,53325,0,0
2020-10-08,14.8148,14.9244,14.5393,14.8207,13.5614,46238,0,0
2020-10-09,14.957,14.957,14.4385,14.7378,13.4855,38813,0,0
2020-10-12,14.8089,14.8089,14.6133,14.7526,13.499,16200,0,0
2020-10-13,14.76,14.76,13.8756,14.3156,13.0991,17775,0,1.5
2020-10-14,14.2622,14.5556,14.2622,14.3022,13.0869,15525,0,0
2020-10-15,14.2978,14.8444,14.0667,14.7778,13.5221,40725,0,0
2020-10-16,14.4089,14.9289,14.4089,14.8222,13.5627,18000,0,0
2020-10-19,14.8889,14.8889,14.5333,14.5333,13.2984,4950,0,0
2020-10-20,14.7289,14.84,14.4356,14.52,13.2862,14850,0,0
2020-10-21,14.6622,14.6622,14.4444,14.5333,13.2984,10125,0,0
2020-10-22,14.1333,15.08,14.1333,14.8133,13.5546,22275,0,0
2020-10-23,15.0533,15.6667,14.9689,15.3733,14.067,37350,0,0
2020-10-26,14.8444,15.2444,14.48,14.76,13.5058,21825,0,0
2020-10-27,14.4444,14.4444,14.4444,14.4444,13.2171,3150,0,0
2020-10-28,14.6622,14.6622,14.2889,14.3911,13.1683,16425,0,0
2020-10-29,14.2756,14.2756,14.0844,14.2622,13.0503,14175,0,0
2020-10-30,14.3467,14.3644,13.8222,13.9778,12.7901,48375,0,0
2020-11-02,14.2622,14.6889,14.1778,14.6889,13.4407,19575,0,0
2020-11-03,15.0311,15.2622,14.6444,15.2578,13.9613,24975,0,0
2020-11-04,14.9022,15.0667,14.6044,15.0133,13.7376,14625,0,0
2020-11-05,14.9378,15.28,14.9156,15.0578,13.7783,13500,0,0
2020-11-06,14.72,14.72,14.3111,14.3111,13.1494,7650,0.062222,0
2020-11-09,15.3644,15.9822,14.9822,15.1067,13.8804,41400,0,0
2020-11-10,15.3956,16.2178,15.3289,15.7867,14.5052,64800,0,0
2020-11-11,15.7867,15.7911,15.4222,15.6667,14.3949,29250,0,0
2020-11-12,15.5378,15.5378,14.9111,14.9156,13.7048,15525,0,0
2020-11-13,15.1689,15.3378,14.9867,15.0711,13.8477,24075,0,0
2020-11-16,15.7378,15.7378,15.2044,15.5689,14.3051,31725,0,0
2020-11-17,15.4578,15.5067,15.1733,15.2222,13.9865,11925,0,0
2020-11-18,15.4133,15.6222,15.3644,15.5156,14.2561,14850,0,0
2020-11-19,15.1378,15.4667,14.9556,15.4667,14.2111,13500,0,0
2020-11-20,15.2133,15.5467,15.0044,15.5467,14.2847,14850,0,0
2020-11-23,15.4444,15.7644,15.4444,15.68,14.4072,37125,0,0
2020-11-24,16,16.4889,15.6533,16.3422,15.0156,29025,0,0
2020-11-25,16.32,16.32,15.9156,15.9244,14.6318,20700,0,0
2020-11-27,15.8089,15.8089,15.5422,15.7556,14.4766,10125,0,0
2020-11-30,15.7022,16.0044,15.08,15.1067,13.8804,47025,0,0
2020-12-01,15.6222,15.76,15.1378,15.1378,13.909,29925,0,0
2020-12-02,15.1956,15.5289,15.1156,15.2756,14.0355,22050,0,0
2020-12-03,15.5556,15.5556,15.4178,15.4178,14.1662,3825,0,0
2020-12-04,15.56,16.1867,15.56,16.1867,14.8727,17550,0,0
2020-12-07,16.0178,16.12,15.5644,15.8444,14.5583,38025,0,0
2020-12-08,16.08,16.3956,16.08,16.3956,15.0646,30375,0,0
2020-12-09,16.5867,16.8178,16.4889,16.6444,15.2933,31275,0,0
2020-12-10,16.2133,16.6667,16.2133,16.4089,15.0769,40275,0,0
2020-12-11,16.4933,16.8844,16.4933,16.8844,15.5138,25650,0,0
2020-12-14,16.8889,16.9111,16.7156,16.7511,15.3913,45900,0,0
2020-12-15,16.7156,16.9467,16.6622,16.6622,15.3096,40500,0,0
2020-12-16,16.9111,16.9111,16.5022,16.7156,15.3587,38475,0,0
2020-12-17,16.7111,16.9156,16.6489,16.8933,15.522,20025,0,0
2020-12-18,17.0222,17.0222,16.4756,16.4756,15.1381,177075,0,0
2020-12-21,16.2844,17.0578,16.1956,16.2622,14.9421,34875,0,0
2020-12-22,16.2533,16.4667,16.1067,16.4667,15.13,15525,0,0
2020-12-23,16.3333,16.6933,16.3156,16.4978,15.1586,38025,0,0
2020-12-24,16.5067,16.7911,16.4133,16.7511,15.3913,18675,0,0
2020-12-28,16.7733,16.7956,16.5022,16.6978,15.3423,18675,0,0
2020-12-29,16.8311,16.8311,16.4356,16.44,15.1055,19575,0,0
2020-12-30,16.6,16.8622,16.6,16.8444,15.4771,13725,0,0
2020-12-31,16.6711,16.84,16.5778,16.84,15.473,15300,0,0
2021-01-04,17.04,17.1467,16.32,16.3333,15.0075,30375,0,0
2021-01-05,16.4622,17.0133,16.4578,16.7111,15.3546,33975,0,0
2021-01-06,16.8444,18.0622,16.8444,18.0533,16.5878,53325,0,0
2021-01-07,18.0489,18.3778,18,18.2133,16.7349,34875,0,0
2021-01-08,18.1467,18.2222,17.7867,17.9333,16.4776,28125,0,0
2021-01-11,17.8267,17.9378,17.6756,17.9378,16.4817,15075,0,0
2021-01-12,17.8311,18.2222,17.8311,18.2133,16.7349,46575,0,0
2021-01-13,17.6889,17.7822,17.6489,17.68,16.2448,22950,0,0
2021-01-14,17.68,18.2933,17.68,18.2933,16.8084,24750,0,0
2021-01-15,18.0711,18.2667,17.8,18.1556,16.6818,22725,0,0
2021-01-19,18.4444,18.4444,18.2622,18.4444,16.9472,39375,0,0
2021-01-20,18.4444,18.64,18.32,18.6222,17.1105,43425,0,0
2021-01-21,18.6667,19.0178,18.4533,18.4533,16.9554,27450,0,0
2021-01-22,18.4,19.1956,17.7822,19.1956,17.6373,46125,0,0
2021-01-25,19.3244,19.3244,18.5289,18.6667,17.1514,36225,0,0
2021-01-26,18.8444,18.8444,18.3911,18.5156,17.0125,31950,0,0
2021-01-27,17.9333,18.3289,17.4044,17.8356,16.3877,51300,0,0
2021-01-28,17.9333,18.2222,17.7778,18.0667,16.6001,48825,0,0
2021-01-29,18,18.0178,17.1111,17.2133,15.816,39600,0,0
2021-02-01,17.3956,17.7067,17.0578,17.5289,16.106,39375,0,0
2021-02-02,17.72,18.1333,17.5689,17.9644,16.5062,33750,0,0
2021-02-03,17.8489,17.92,17.4578,17.5067,16.0855,20700,0,0
2021-02-04,17.5022,18.3422,17.5022,17.8044,16.3591,48600,0,0
2021-02-05,18.04,18.04,17.6533,17.7244,16.2856,23625,0,0
2021-02-08,18.0933,18.48,17.7244,18.1956,16.7185,55575,0,0
2021-02-09,18.2222,18.2222,17.7333,17.8844,16.4327,13950,0,0
2021-02-10,17.7778,17.7778,17.4667,17.4667,16.0488,29025,0,0
2021-02-11,18,18,16.7556,17.6044,16.1754,41625,0,0
2021-02-12,17.4044,17.4044,16.8933,17.2933,15.8895,20250,0,0
2021-02-16,17.1956,17.5556,16.8089,16.8089,15.4444,35550,0,0
2021-02-17,16.6933,17.04,16.6444,16.8844,15.5138,31050,0,0
2021-02-18,16.6,16.8889,16.1778,16.2356,14.9176,27000,0,0
2021-02-19,16.2489,17.56,16.2489,17.1511,15.7589,44775,0,0
2021-02-22,16.8178,17.2489,16.8178,16.9822,15.6037,25425,0,0
2021-02-23,17.2978,17.5511,16.9822,17.28,15.8773,45675,0,0
2021-02-24,17.3511,17.8222,17.2267,17.6,16.2465,70875,0.08,0
2021-02-25,17.8489,17.8489,16.84,16.84,15.545,29475,0,0
2021-02-26,16.9244,17.5467,16.8667,16.8667,15.5696,26100,0,0
2021-03-01,17.3333,17.5511,17.32,17.3689,16.0332,38025,0,0
2021-03-02,17.2667,17.5511,17.2267,17.5022,16.1563,20475,0,0
2021-03-03,16.9333,17.6622,16.9333,17.3067,15.9757,50175,0,0
2021-03-04,17.44,17.6133,17.3022,17.3467,16.0127,43650,0,0
2021-03-05,17.5956,18.2622,17.3956,18.2622,16.8578,32400,0,0
2021-03-08,18.32,18.9422,18.1333,18.6667,17.2312,48150,0,0
2021-03-09,18.8533,19.2,18.4089,18.8133,17.3665,31275,0,0
2021-03-10,19.1111,19.6178,19.1111,19.6178,18.1091,37125,0,0
2021-03-11,19.3822,20.1067,19.3822,20.1067,18.5604,27225,0,0
2021-03-12,20.0978,20.5733,20.0311,20.5689,18.9871,30150,0,0
2021-03-15,20.4133,20.4133,19.1778,19.8178,18.2937,69300,0,0
2021-03-16,19.6133,19.7778,19.3467,19.7778,18.2568,34200,0,0
2021-03-17,19.4222,20.3556,19.4222,20.2133,18.6589,40950,0,0
2021-03-18,20.3556,20.5911,20.0933,20.5911,19.0076,31050,0,0
2021-03-19,20.5378,20.9333,19.76,20.9333,19.3235,219150,0,0
2021-03-22,20.1156,20.1333,19.4756,19.7689,18.2486,55800,0,0
2021-03-23,19.4844,19.6978,19.04,19.28,17.7973,39375,0,0
2021-03-24,19.72,19.72,18.9067,19.0222,17.5594,54450,0,0
2021-03-25,18.9067,19.6622,18.6667,19.6622,18.1502,38250,0,0
2021-03-26,19.6044,19.84,19.6044,19.7867,18.265,33075,0,0
2021-03-29,19.2889,19.9289,19.2889,19.6756,18.1625,63900,0,0
2021-03-30,19.6756,20.4444,19.4889,20.3956,18.8271,64125,0,0
2021-03-31,20.3511,20.4,19.8311,20.04,18.4989,48600,0,0
2021-04-01,20.2311,20.2311,19.6933,20.0133,18.4743,25650,0,0
2021-04-05,20.0844,20.5467,20.0578,20.3556,18.7902,22725,0,0
2021-04-06,20.3733,20.4933,20.1333,20.2533,18.6958,12825,0,0
2021-04-07,20.5733,20.5733,19.6978,19.8,18.2773,35325,0,0
2021-04-08,19.9333,20.4444,19.6178,20.2622,18.704,30375,0,0
2021-04-09,20.3822,20.5111,20.1867,20.5111,18.9338,15750,0,0
2021-04-12,20.7644,20.8044,20.3733,20.7333,19.1389,22275,0,0
2021-04-13,20.2711,20.3867,20.1111,20.1111,18.5645,18675,0,0
2021-04-14,20.2933,20.3067,19.8889,19.8889,18.3594,86850,0,0
2021-04-15,20.16,20.7556,19.8489,20.2711,18.7122,9450,0,0
2021-04-16,20.4178,20.4178,19.9644,20.1067,18.5604,17325,0,0
2021-04-19,19.8711,20.0178,19.7067,19.9156,18.384,30600,0,0
2021-04-20,19.8667,19.8667,19.1556,19.2844,17.8014,29475,0,0
2021-04-21,18.8489,19.68,18.8489,19.5867,18.0804,18450,0,0
2021-04-22,19.9644,19.9644,18.4844,19.2089,17.7317,35325,0,0
2021-04-23,19.3289,20.2622,19.3289,19.9733,18.4373,61200,0,0
2021-04-26,19.9733,20.1244,19.5822,20.0311,18.4907,31275,0,0
2021-04-27,19.56,20.2133,19.56,20.0711,18.5276,24975,0,0
2021-04-28,19.8889,20.0133,19.6044,19.7467,18.2281,27900,0,0
2021-04-29,19.8889,20.0667,19.8,19.9956,18.4579,19800,0,0
2021-04-30,19.5911,19.7822,19.4622,19.4622,17.9655,37350,0,0
2021-05-03,19.7244,20.3422,19.7244,20.3422,18.7779,17325,0,0
2021-05-04,20.2267,20.2444,19.9822,20.0044,18.4661,22275,0,0
2021-05-05,20.1778,20.2089,19.7822,20.0356,18.4948,5400,0,0
2021-05-06,19.7822,19.9733,19.6222,19.8578,18.3307,27900,0,0
2021-05-07,19.9733,20.0756,19.9156,19.9911,18.5284,9900,0.08,0
2021-05-10,20.0089,20.52,19.9022,20.0578,18.5902,15525,0,0
2021-05-11,19.5111,19.6711,19.3689,19.6267,18.1906,17775,0,0
2021-05-12,19.1422,19.3156,18.7422,18.8444,17.4656,26325,0,0
2021-05-13,19.9733,19.9733,19.3733,19.76,18.3142,26100,0,0
2021-05-14,19.7467,20.4444,19.7467,20.4444,18.9486,17550,0,0
2021-05-17,20.2133,20.7467,20.2133,20.7467,19.2287,18900,0,0
2021-05-18,20.0444,20.6133,19.96,19.96,18.4996,28800,0,0
2021-05-19,19.8,19.8222,19.5067,19.6356,18.1989,19800,0,0
2021-05-20,19.6356,19.9156,18.9644,19.3467,17.9311,38025,0,0
2021-05-21,19.5644,19.8756,19.1156,19.8133,18.3636,21600,0,0
2021-05-24,19.7778,19.7778,18.9956,19.0311,17.6386,31725,0,0
2021-05-25,19.1689,19.2311,18.6711,18.8,17.4244,33525,0,0
2021-05-26,18.8533,19.2889,18.8533,19.2889,17.8775,14175,0,0
2021-05-27,19.4044,19.6444,19.3422,19.6444,18.2071,46800,0,0
2021-05-28,19.56,19.56,19.2133,19.2711,17.8611,21375,0,0
2021-06-01,19.3733,19.7244,19.0356,19.5556,18.1247,25200,0,0
2021-06-02,19.3511,19.4222,18.8089,18.9156,17.5315,17775,0,0
2021-06-03,18.7733,19.0044,18.6711,18.9067,17.5233,19350,0,0
2021-06-04,18.9289,18.9289,18.6356,18.7244,17.3544,20250,0,0
2021-06-07,18.7333,18.7333,18.4489,18.6444,17.2803,26325,0,0
2021-06-08,18.4622,18.8,18.4622,18.56,17.202,24525,0,0
2021-06-09,18.3644,18.5467,18.3289,18.4889,17.1361,19575,0,0
2021-06-10,18.5733,18.5733,18.1689,18.1911,16.8601,15300,0,0
2021-06-11,18.2711,18.5689,18.2667,18.4133,17.0661,10350,0,0
2021-06-14,18.3244,18.3244,18.0578,18.0622,16.7406,15300,0,0
2021-06-15,18.24,18.3289,18.04,18.04,16.72,15750,0,0
2021-06-16,18.1422,18.4756,17.8711,18.4578,17.1073,49725,0,0
2021-06-17,18.3378,18.3378,16.9956,17.5022,16.2216,29475,0,0
2021-06-18,17.0533,17.2578,16.3511,16.96,15.7191,123750,0,0
2021-06-21,16.8756,17.2978,16.4933,16.9822,15.7397,31950,0,0
2021-06-22,16.7244,17.1778,16.5289,16.6756,15.4554,32850,0,0
2021-06-23,16.5511,17.0756,16.36,16.9733,15.7314,26775,0,0
2021-06-24,17.0089,17.5111,16.9644,17.5111,16.2298,25875,0,0
2021-06-25,17.3911,17.5733,16.0889,16.0889,14.9117,245700,0,0
2021-06-28,16.36,16.84,16.36,16.7378,15.5131,32175,0,0
2021-06-29,16.6667,16.9156,16.4756,16.5333,15.3236,33300,0,0
2021-06-30,16.5778,17.2489,16.5778,16.9511,15.7108,37575,0,0
2021-07-01,17.2089,17.3067,16.8444,16.9111,15.6738,42300,0,0
2021-07-02,17.0222,17.3289,16.8489,17.0756,15.8262,29250,0,0
2021-07-06,17,17,16.2533,16.3956,15.1959,18900,0,0
2021-07-07,16.4178,16.4933,16.2133,16.3333,15.1382,48150,0,0
2021-07-08,16.0933,16.9022,16.0933,16.5956,15.3813,25425,0,0
2021-07-09,16.9822,17.2622,16.92,17.2533,15.9909,11475,0,0
2021-07-12,17.0667,17.48,17.0667,17.4222,16.1475,24075,0,0
2021-07-13,17.5911,17.88,17.5156,17.7733,16.4729,30600,0,0
2021-07-14,17.4578,17.5644,17.4533,17.4533,16.1763,10350,0,0
2021-07-15,17.4444,17.6667,17.3822,17.3911,16.1186,26550,0,0
2021-07-16,17.6311,17.9111,17.5378,17.5378,16.2546,28125,0,0
2021-07-19,17.5733,17.8,17.0978,17.1644,15.9085,37125,0,0
2021-07-20,17.4533,18.56,17.4533,18.56,17.202,102150,0,0
2021-07-21,18.8844,19.5422,18.8844,19.1956,17.791,36000,0,0
2021-07-22,19.2844,19.2844,18.5422,18.96,17.5727,9450,0,0
2021-07-23,18.8978,19.36,18.8978,19.2267,17.8199,13725,0,0
2021-07-26,19.28,19.3378,18.8622,19.2356,17.8281,19575,0,0
2021-07-27,18.9822,19.1289,18.9022,19.1289,17.7293,8100,0,0
2021-07-28,18.9289,19.2711,18.7333,19.04,17.6469,17775,0,0
2021-07-29,19.2844,19.5244,19.2844,19.5244,18.0959,11025,0,0
2021-07-30,19.4489,19.5022,19.3067,19.5022,18.0753,15300,0,0
2021-08-02,19.5111,19.5111,19.0978,19.2444,17.8364,14625,0,0
2021-08-03,19.0489,19.36,19.0489,19.2444,17.8364,8550,0,0
2021-08-04,19.0533,19.0533,18.6044,18.6667,17.3009,19800,0,0
2021-08-05,18.6667,19.0756,18.6667,19.0756,17.6798,29700,0,0
2021-08-06,19.1111,19.3289,18.9156,19.0667,17.6716,27900,0,0
2021-08-09,18.6356,19.1244,18.6356,18.76,17.4647,9225,0.084444,0
2021-08-10,18.92,19.2844,18.8222,19.2844,17.9529,13275,0,0
2021-08-11,19.3911,19.6489,19.3778,19.6178,18.2633,22275,0,0
2021-08-12,19.72,19.8222,19.5156,19.6044,18.2508,18225,0,0
2021-08-13,19.72,19.72,19.36,19.6,18.2467,8100,0,0
2021-08-16,19.5111,19.5867,19.3867,19.4756,18.1309,13500,0,0
2021-08-17,19.1867,19.1867,18.7911,18.8044,17.5061,16200,0,0
2021-08-18,19.0889,19.0889,18.6222,18.6222,17.3364,14175,0,0
2021-08-19,18.4889,18.7644,18.1422,18.6178,17.3323,11025,0,0
2021-08-20,18.4489,19.0756,18.4489,18.8489,17.5475,19575,0,0
2021-08-23,19.1156,19.6044,19.1156,19.2889,17.9571,24300,0,0
2021-08-24,19.4489,19.4489,18.8356,19.0311,17.7171,27225,0,0
2021-08-25,18.84,19.4044,18.6178,18.6178,17.3323,17100,0,0
2021-08-26,18.8044,18.9689,18.5556,18.5689,17.2868,28575,0,0
2021-08-27,19.0711,19.5467,19.0711,19.5467,18.1971,20700,0,0
2021-08-30,19.4311,19.6889,19.3022,19.3022,17.9695,25875,0,0
2021-08-31,19.3778,19.3778,18.84,18.84,17.5392,40050,0,0
2021-09-01,18.8933,19.4222,18.8933,19.4222,18.0812,18900,0,0
2021-09-02,19.3467,19.4178,19.1111,19.3956,18.0564,14175,0,0
2021-09-03,19.2356,19.2889,18.7822,18.8444,17.5433,17100,0,0
2021-09-07,18.8889,18.8889,18.4933,18.4978,17.2206,13950,0,0
2021-09-08,18.5511,18.5511,18.0133,18.0133,16.7696,16650,0,0
2021-09-09,18.0889,18.3733,17.7822,18.04,16.7944,30375,0,0
2021-09-10,18.0711,18.4356,17.64,17.64,16.422,21600,0,0
2021-09-13,18.36,18.3867,18.0889,18.2489,16.9889,16200,0,0
2021-09-14,18.5778,18.5778,17.8844,18,16.7572,24750,0,0
2021-09-15,18.1644,18.7956,18.1644,18.7956,17.4978,32625,0,0
2021-09-16,18.6044,18.88,18.2,18.7733,17.4771,20700,0,0
2021-09-17,18.7822,20.0267,18.5778,20.0178,18.6356,212400,0,0
2021-09-20,19.08,19.7111,18.9022,19.4533,18.1102,45450,0,0
2021-09-21,19.4533,19.4933,19.2489,19.4356,18.0936,39825,0,0
2021-09-22,19.4711,20.1822,19.4711,19.6933,18.3336,53550,0,0
2021-09-23,19.7733,20.2622,19.3022,20.1156,18.7267,44775,0,0
2021-09-24,20.0711,20.36,20.0444,20.2622,18.8632,27450,0,0
2021-09-27,20.3556,21.0667,20.3289,20.6,19.1777,25875,0,0
2021-09-28,20.2933,20.6756,20.1422,20.1422,18.7515,28800,0,0
2021-09-29,20.3422,20.8533,20.3289,20.8133,19.3763,22950,0,0
2021-09-30,20.36,20.5067,20.2667,20.3422,18.9377,15075,0,0
2021-10-01,20.5378,21.1067,20.3467,20.64,19.2149,25200,0,0
2021-10-04,20.6222,21.0089,20.6222,20.9289,19.4838,12600,0,0
2021-10-05,21.0311,21.1511,20.7067,20.8978,19.4549,20475,0,0
2021-10-06,20.7022,20.8,20.7022,20.8,19.3639,7425,0,0
2021-10-07,21.1244,21.3111,20.7911,20.9822,19.5335,15300,0,0
2021-10-08,21.08,21.1422,20.8044,20.8044,19.368,15075,0,0
2021-10-11,20.8089,21.2444,20.8089,20.9467,19.5004,15075,0,0
2021-10-12,21.2133,21.5378,21.2133,21.52,20.0341,24300,0,0
2021-10-13,21.3067,21.4222,21.0667,21.2889,19.819,22725,0,0
2021-10-14,21.6089,22.0489,21.6089,21.9689,20.452,19125,0,0
2021-10-15,23.0711,23.0711,21.2178,21.2178,19.7528,60525,0,0
2021-10-18,21.3067,22.3244,21.28,21.2844,19.8149,19800,0,0
2021-10-19,20.8578,21.5644,20.8,21.0489,19.5956,17550,0,0
2021-10-20,21.2533,21.9111,21.1111,21.3867,19.91,29475,0,0
2021-10-21,22.2133,23.4889,22.1778,22.6844,21.1182,45225,0,0
2021-10-22,22.9244,23.7289,22.6667,23.7289,22.0905,20250,0,0
2021-10-25,23.7289,24.2933,23.5556,23.6222,21.9912,87300,0,0
2021-10-26,23.5644,23.9733,22.6356,22.7644,21.1927,180225,0,0
2021-10-27,22.8133,23.0267,22.2711,22.32,20.7789,31275,0,0
2021-10-28,22.2133,22.7778,22.0978,22.5733,21.0148,29925,0,0
2021-10-29,23.0756,23.0756,22.4489,22.9822,21.3954,32625,0,0
2021-11-01,23.0133,23.5333,23.0133,23.24,21.6354,16650,0,0
2021-11-02,23.1111,23.4311,23.0667,23.2489,21.6437,14625,0,0
2021-11-03,23.5956,23.9733,23.3956,23.5111,21.8878,17325,0,0
2021-11-04,23.6578,23.8756,23.4489,23.8756,22.2271,8775,0,0
2021-11-05,24,24.9244,24,24.6178,22.9994,43650,0.084444,0
2021-11-08,24.7733,24.7733,23.84,24.1689,22.58,22275,0,0
2021-11-09,24.2311,24.2311,23.7733,23.7733,22.2105,20250,0,0
2021-11-10,23.9511,23.9511,23.3289,23.5867,22.0361,17100,0,0
2021-11-11,23.4889,24.0578,23.4889,23.6711,22.1149,19125,0,0
2021-11-12,23.6711,24.0622,23.6711,23.7689,22.2063,12150,0,0
2021-11-15,23.8533,23.9778,23.4889,23.4889,21.9447,16875,0,0
2021-11-16,23.8444,24.3067,23.7778,24.0133,22.4347,43875,0,0
2021-11-17,23.9867,24.7111,23.9378,24.3911,22.7876,15975,0,0
2021-11-18,24.6578,25.08,24.5822,24.9067,23.2693,20475,0,0
2021-11-19,24.6756,24.9111,24.4711,24.6311,23.0118,35100,0,0
2021-11-22,24.8667,25.3911,24.5867,24.8,23.1696,37125,0,0
2021-11-23,24.9422,25.5111,24.5378,25.1778,23.5226,71100,0,0
2021-11-24,24.9422,24.9422,24.4178,24.5822,22.9662,14850,0,0
2021-11-26,23.9067,24.24,23.2089,23.7289,22.1689,18000,0,0
2021-11-29,24.0044,24.0044,22.8,23.0711,21.5544,27675,0,0
2021-11-30,22.9911,22.9911,21.68,21.68,20.2547,36450,0,0
2021-12-01,22.2356,23.5467,22.2356,22.4444,20.9689,25875,0,0
2021-12-02,22.4622,23.5378,22.4622,23.3289,21.7952,22725,0,0
2021-12-03,23.5378,23.5956,23.1956,23.4444,21.9032,33975,0,0
2021-12-06,23.5556,23.9111,23.3911,23.5689,22.0194,39825,0,0
2021-12-07,23.9156,24.0578,23.52,23.6578,22.1025,21600,0,0
2021-12-08,23.6933,23.8889,23.6711,23.8889,22.3184,10800,0,0
2021-12-09,23.8622,24.2133,23.72,24.0667,22.4845,23625,0,0
2021-12-10,24.0711,24.2222,23.3689,23.6933,22.1357,38250,0,0
2021-12-13,23.9333,24.12,23.2933,23.8933,22.3226,34200,0,0
2021-12-14,23.5822,23.6222,22.9244,23.0089,21.4963,26325,0,0
2021-12-15,23.1022,23.2578,22.7822,23.2444,21.7163,49050,0,0
2021-12-16,23.5156,23.56,22.8844,22.9289,21.4215,63675,0,0
2021-12-17,22.9778,23.2933,22.0889,22.3333,20.8651,206325,0,0
2021-12-20,22.1022,22.1911,21.6267,21.96,20.5163,74250,0,0
2021-12-21,22.0444,22.7378,22.0444,22.5689,21.0852,46575,0,0
2021-12-22,22.4444,22.8844,22.4444,22.7867,21.2886,22725,0,0
2021-12-23,22.6444,23.32,22.6444,23.1733,21.6499,16200,0,0
2021-12-27,23.4178,23.6089,23.3778,23.6089,22.0568,23625,0,0
2021-12-28,23.3733,24.0533,23.3733,23.7778,22.2146,17550,0,0
2021-12-29,23.7778,24.16,23.7778,23.9511,22.3765,26100,0,0
2021-12-30,23.8844,23.8978,23.5778,23.68,22.1233,18000,0,0
2021-12-31,23.5289,23.9867,23.4889,23.9867,22.4098,11475,0,0
2022-01-03,23.9644,24.1556,23.7778,23.9511,22.3765,27675,0,0
2022-01-04,24.24,25.2222,24.24,25.12,23.4686,47250,0,0
2022-01-05,25.36,25.5556,24.6978,24.8267,23.1945,24075,0,0
2022-01-06,25.2444,25.7822,25.2444,25.7822,24.0873,17325,0,0
2022-01-07,25.4933,25.68,24.68,24.7067,23.0824,15300,0,0
2022-01-10,24.4178,24.4178,24.0933,24.1067,22.5219,13275,0,0
2022-01-11,24.2133,24.2133,23.8889,24.0711,22.4886,14850,0,0
2022-01-12,24.2711,24.2711,23.92,23.92,22.3475,16650,0,0
2022-01-13,24.68,24.68,24.1956,24.2356,22.6423,20025,0,0
2022-01-14,24.0044,24.2222,23.8178,24.2222,22.6298,23175,0,0
2022-01-18,23.7022,23.8,23.4089,23.4133,21.8741,16650,0,0
2022-01-19,23.1244,23.3911,23.1244,23.32,21.7869,15750,0,0
2022-01-20,23.1378,23.1378,22.7111,22.7111,21.2181,20700,0,0
2022-01-21,22.5733,23.4133,22.3511,22.6178,21.1309,29475,0,0
2022-01-24,22.6533,23.76,22.6133,23.6667,22.1108,45225,0,0
2022-01-25,23.0178,23.5689,22.7378,23.1822,21.6582,15525,0,0
2022-01-26,23.7822,23.8844,22.3333,22.9644,21.4547,25200,0,0
2022-01-27,22.6933,22.6933,22.1956,22.5067,21.027,12825,0,0
2022-01-28,22.2133,22.2133,21.3244,22.1956,20.7364,17775,0,0
2022-01-31,22.0889,22.5511,22.0844,22.5511,21.0686,17325,0,0
2022-02-01,22.7911,22.7911,22.3644,22.7556,21.2596,17100,0,0
2022-02-02,22.4711,22.4711,21.7778,21.7778,20.3461,18675,0,0
2022-02-03,21.8933,21.8933,21.2667,21.2667,19.8686,19125,0,0
2022-02-04,21.1956,21.2489,19.9644,19.9644,18.652,22950,0,0
2022-02-07,19.88,20.9778,19.88,20.3022,18.9675,23850,0,0
2022-02-08,20.4844,21.1956,20.4844,21.0889,19.7025,18000,0,0
2022-02-09,21.2444,21.3867,20.9556,21.3289,19.9267,10350,0,0
2022-02-10,21.0089,21.0756,20.4133,20.4133,19.0713,23175,0,0
2022-02-11,20.6044,21.1778,20.5822,20.7156,19.3537,35325,0,0
2022-02-14,20.96,20.96,20.6622,20.6622,19.3039,9450,0,0
2022-02-15,20.8489,21.7733,20.8489,21.4756,20.0637,18675,0,0
2022-02-16,21.4089,21.7733,21.3778,21.6267,20.2049,10350,0,0
2022-02-17,20.8311,21.4978,20.7156,20.84,19.47,21375,0,0
2022-02-18,20.6933,21.5156,20.6933,21.0489,19.6651,28350,0,0
2022-02-22,21.4844,21.5822,20.6222,20.6222,19.2665,19350,0,0
2022-02-23,20.9778,20.9778,20.3422,20.4311,19.0879,24525,0,0
2022-02-24,20.1111,20.9022,20.1111,20.76,19.3952,18675,0,0
2022-02-25,21.2044,21.4178,21.2044,21.3333,20.0123,14625,0.084444,0
2022-02-28,21.6222,21.8356,21.1022,21.7822,20.4334,35325,0,0
2022-03-01,21.5778,21.5778,20.6311,20.6311,19.3535,22950,0,0
2022-03-02,20.7244,21.7022,20.7244,21.28,19.9622,24525,0,0
2022-03-03,21.4756,21.7778,21.2978,21.2978,19.9789,25650,0,0
2022-03-04,21.2178,21.5244,21.2178,21.4089,20.0831,27000,0,0
2022-03-07,21.5467,21.6,21.1556,21.1556,19.8455,18225,0,0
2022-03-08,21.1333,21.4978,21.0311,21.0444,19.7413,18225,0,0
2022-03-09,21.5333,21.6311,21.1867,21.2444,19.9289,17325,0,0
2022-03-10,20.9333,21.3156,20.84,21.2267,19.9122,23850,0,0
2022-03-11,21.3333,21.6489,21.2622,21.4889,20.1582,45000,0,0
2022-03-14,21.7067,22.1422,21.5244,22.0889,20.721,29025,0,0
2022-03-15,22.0178,22.1778,21.6178,22.1778,20.8044,22725,0,0
2022-03-16,22.4489,22.5511,22.0578,22.4844,21.0921,65700,0,0
2022-03-17,22.2133,22.8711,22.2133,22.3111,20.9295,23850,0,0
2022-03-18,22.2044,22.5244,21.7511,21.8044,20.4542,126900,0,0
2022-03-21,22.3289,22.8356,21.9289,21.9511,20.5918,36900,0,0
2022-03-22,22.1244,22.3289,21.8533,21.9067,20.5501,28125,0,0
2022-03-23,21.5911,21.8267,21.5911,21.7644,20.4167,20025,0,0
2022-03-24,21.9022,22.0444,21.7822,21.8844,20.5292,14400,0,0
2022-03-25,21.8533,21.8533,21.5556,21.5867,20.2499,29700,0,0
2022-03-28,21.7289,21.7956,21.4533,21.6,20.2624,28800,0,0
2022-03-29,21.6933,22.2933,21.6933,21.9689,20.6085,69075,0,0
2022-03-30,22.16,22.1644,21.7511,21.7511,20.4042,21600,0,0
2022-03-31,21.6533,21.8178,21.3689,21.4889,20.1582,29475,0,0
2022-04-01,21.6178,21.6178,20.8889,21.1022,19.7955,28800,0,0
2022-04-04,20.6978,20.8044,20.1867,20.3289,19.07,29250,0,0
2022-04-05,20.4444,20.7689,20.3644,20.4178,19.1534,27225,0,0
2022-04-06,20.4756,20.6222,20.3067,20.3244,19.0659,37575,0,0
2022-04-07,20.4267,20.4267,19.6356,19.7956,18.5697,25650,0,0
2022-04-08,20.0222,20.08,19.7778,19.7911,18.5655,29025,0,0
2022-04-11,19.7733,20.2978,19.7733,19.8489,18.6197,30375,0,0
2022-04-12,19.9822,20.5511,19.9822,20.1333,18.8866,39825,0,0
2022-04-13,20.2444,20.7644,20.2267,20.6089,19.3327,70200,0,0
2022-04-14,20.5022,20.9378,20.4933,20.6578,19.3785,39375,0,0
2022-04-18,20.6089,20.6089,20.2089,20.4489,19.1826,35100,0,0
2022-04-19,20.36,21.4044,20.36,21.1733,19.8622,26550,0,0
2022-04-20,21.6222,21.9111,21.2267,21.4533,20.1248,45000,0,0
2022-04-21,21.7378,21.8356,20.9556,21.1156,19.808,37575,0,0
2022-04-22,20.8711,21.1867,20.7822,20.8489,19.5578,44550,0,0
2022-04-25,20.4844,20.8444,20.2889,20.7911,19.5036,33525,0,0
2022-04-26,20.6533,20.7867,20.1778,20.1778,18.9283,52200,0,0
2022-04-27,21.5067,22.1289,21.2489,21.4044,20.079,82800,0,0
2022-04-28,21.4311,22.5022,20.6089,22.4978,21.1046,105525,0,0
2022-04-29,22.4,22.4,21.4356,21.5333,20.1999,67725,0,0
2022-05-02,21.7333,22.0444,21.1378,21.4133,20.0873,95625,0,0
2022-05-03,21.5778,22.12,21.5778,22.0711,20.7044,44550,0,0
2022-05-04,21.9378,22.9333,21.9378,22.7511,21.3422,64800,0,0
2022-05-05,22.5822,22.5956,21.6444,22.04,20.6752,84375,0,0
2022-05-06,21.84,22.04,21.3511,21.8222,20.4709,89550,0,0
2022-05-09,21.1511,21.9911,21.1511,21.9689,20.6085,80100,0,0
2022-05-10,22.3689,22.3689,21.0222,21.6089,20.2707,63225,0,0
2022-05-11,21.4667,22.2578,21.16,21.1822,19.9485,54450,0.084444,0
2022-05-12,21.1556,21.6,21.0133,21.3956,20.1494,69750,0,0
2022-05-13,21.5244,21.96,21.5244,21.7867,20.5177,60750,0,0
2022-05-16,21.4667,21.92,21.4089,21.7289,20.4633,46575,0,0
2022-05-17,22.0222,22.7778,21.8978,22.4444,21.1372,73350,0,0
2022-05-18,22.1156,22.1156,20.96,21.0978,19.8689,50850,0,0
2022-05-19,20.7822,21.48,20.5556,20.96,19.7392,85500,0,0
2022-05-20,21.1644,21.1644,20.1244,20.6133,19.4127,57825,0,0
2022-05-23,21.0356,21.0889,20.7511,20.9778,19.7559,71325,0,0
2022-05-24,21.1511,21.3511,20.6311,21.1956,19.961,81000,0,0
2022-05-25,21.5467,21.6089,21.2178,21.5911,20.3335,49950,0,0
2022-05-26,21.7778,22.0133,21.6044,21.7733,20.5051,57150,0,0
2022-05-27,22.1111,22.36,22.0267,22.0978,20.8107,68850,0,0
2022-05-31,21.8978,22.0267,21.4,22.0044,20.7228,101250,0,0
2022-06-01,22.0489,22.5911,21.8533,22.4578,21.1497,73350,0,0
2022-06-02,22.3244,23.0356,22.3244,23.0089,21.6687,50175,0,0
2022-06-03,22.8667,22.8667,22.4667,22.6933,21.3716,57825,0,0
2022-06-06,22.8267,23.3778,22.6356,23.3289,21.9701,81900,0,0
2022-06-07,23.0622,23.2933,22.7733,22.9244,21.5892,118800,0,0
2022-06-08,22.8844,23.3644,22.8756,23.2667,21.9115,54675,0,0
2022-06-09,23.1422,23.4444,23.1422,23.3511,21.991,67050,0,0
2022-06-10,22.9556,23.0889,22.5378,22.6756,21.3548,55125,0,0
2022-06-13,22.1778,22.1778,21.72,21.9778,20.6977,68850,0,0
2022-06-14,22.2889,22.5022,22.0089,22.48,21.1706,74475,0,0
2022-06-15,22.7511,22.9644,22.4311,22.72,21.3967,127575,0,0
2022-06-16,22.3867,22.3867,21.2978,21.3911,20.1452,120375,0,0
2022-06-17,21.5644,21.7467,21.1733,21.5378,20.2833,158400,0,0
2022-06-21,21.8444,22.3022,21.6889,22.1644,20.8735,118125,0,0
2022-06-22,21.7644,22.4444,21.76,22.2,20.907,120150,0,0
2022-06-23,22.2933,22.3733,21.5156,21.6844,20.4214,59850,0,0
2022-06-24,21.9289,22.2578,21.7511,22,20.7186,168750,0,0
2022-06-27,22.1289,23.0533,22.0178,22.8578,21.5264,114975,0,0
2022-06-28,22.92,23.1111,21.9689,22.1067,20.8191,103275,0,0
2022-06-29,22.0578,22.2711,21.9022,22.2,20.907,79875,0,0
2022-06-30,21.8667,22.3422,21.7822,22.0489,20.7647,55125,0,0
2022-07-01,22.1022,22.9111,22.1022,22.9111,21.5767,100350,0,0
2022-07-05,22.5778,22.8578,22.1867,22.8489,21.5181,89550,0,0
2022-07-06,22.7733,23.1067,22.4,23,21.6604,117450,0,0
2022-07-07,23.24,23.7778,23,23.7511,22.3677,111600,0,0
2022-07-08,23.8,23.8178,23.4044,23.7467,22.3635,84150,0,0
2022-07-11,23.8044,23.8978,23.5556,23.6356,22.2589,51750,0,0
2022-07-12,23.7244,24.2444,23.5333,23.7822,22.397,80100,0,0
2022-07-13,23.4711,23.6933,23.0311,23.4844,22.1166,49725,0,0
2022-07-14,23.1244,23.44,22.84,23.3556,21.9952,72450,0,0
2022-07-15,23.7067,23.9778,23.44,23.9511,22.5561,59400,0,0
2022-07-18,24.1067,24.1111,23.6089,23.6178,22.2422,50400,0,0
2022-07-19,23.92,24.4622,23.8933,24.4222,22.9997,56925,0,0
2022-07-20,24.1378,24.8089,24.0133,24.76,23.3179,66375,0,0
2022-07-21,24.52,24.68,24.3556,24.68,23.2425,60750,0,0
2022-07-22,24.6889,25.08,24.1733,24.4178,22.9956,123075,0,0
2022-07-25,24.4756,24.6978,24.3733,24.4533,23.029,86625,0,0
2022-07-26,24.4933,24.7556,24.4044,24.7333,23.2927,38925,0,0
2022-07-27,25.1111,25.1111,22.8533,23.4578,22.0915,87750,0,0
2022-07-28,23.6133,24.0222,23.6044,23.9822,22.5854,97425,0,0
2022-07-29,23.92,24.1689,23.7689,24.1111,22.7068,56025,0,0
2022-08-01,23.9511,24.5156,23.9022,24.5156,23.0876,39600,0,0
2022-08-02,24.4133,24.4133,24,24.16,22.7528,52875,0,0
2022-08-03,23.9778,24.5556,23.9378,24.3956,22.9746,49050,0,0
2022-08-04,24.5556,24.5556,24.0756,24.1422,22.7361,36000,0,0
2022-08-05,24.1111,24.4444,24.1111,24.4356,23.0123,36675,0,0
2022-08-08,25.0222,25.0222,24.4178,24.5644,23.1337,50850,0,0
2022-08-09,24.4667,24.6,24.2622,24.4667,23.0416,45225,0,0
2022-08-10,24.7733,24.9867,23.6267,24.8711,23.4225,45900,0,0
2022-08-11,24.8756,25.3733,24.7556,24.8711,23.5107,75150,0.093333,0
2022-08-12,24.8356,25.5289,24.6889,25.3778,23.9897,49050,0,0
2022-08-15,25.08,25.6889,25.08,25.6178,24.2165,36900,0,0
2022-08-16,25.7111,26.6711,25.7111,26.5378,25.0862,56700,0,0
2022-08-17,26.3556,26.3556,26.0933,26.2578,24.8215,39825,0,0
2022-08-18,26.4133,26.4667,26.1022,26.4133,24.9686,52200,0,0
2022-08-19,26.3244,26.4533,25.92,26.0578,24.6325,94725,0,0
2022-08-22,25.8711,25.8711,25.16,25.4222,24.0317,30600,0,0
2022-08-23,25.4133,25.6044,24.9956,25.0667,23.6956,43200,0,0
2022-08-24,24.9378,24.9422,24.6356,24.88,23.5191,49275,0,0
2022-08-25,24.8356,25.2889,24.8356,25.2889,23.9056,31275,0,0
2022-08-26,25.1289,25.1289,24.4133,24.4489,23.1116,25425,0,0
2022-08-29,24.2178,24.4133,23.8089,24.2178,22.8931,26775,0,0
2022-08-30,24.3822,24.3822,23.4089,23.4089,22.1285,20925,0,0
2022-08-31,23.5956,23.5956,22.4889,22.5067,21.2756,143775,0,0
2022-09-01,22.5378,22.5378,22.2889,22.4356,21.2084,45900,0,0
2022-09-02,22.3644,22.7644,22.2711,22.36,21.137,35100,0,0
2022-09-06,22.36,22.5644,22.0933,22.3422,21.1202,27450,0,0
2022-09-07,22.4889,22.9556,22.4889,22.9289,21.6747,24300,0,0
2022-09-08,22.72,22.8267,22.3244,22.8089,21.5613,22500,0,0
2022-09-09,23.1644,23.4622,23.0933,23.4622,22.1789,29700,0,0
2022-09-12,23.3556,23.5778,23.3556,23.5778,22.2881,11700,0,0
2022-09-13,23.0844,23.0844,22.2622,22.2756,21.0571,32625,0,0
2022-09-14,21.9778,22.3022,21.8933,22.3022,21.0823,43875,0,0
2022-09-15,22.0089,22.3822,21.9111,22.2533,21.0361,33525,0,0
2022-09-16,22.0533,22.0533,21.5333,21.88,20.6832,125325,0,0
2022-09-19,21.7689,22.4933,21.5822,22.3778,21.1538,31275,0,0
2022-09-20,22.5111,22.5111,21.76,22.3422,21.1202,32625,0,0
2022-09-21,22.4044,22.4133,21.9289,22.0089,20.8051,18900,0,0
2022-09-22,21.7956,22.0756,21.3511,21.6756,20.49,30600,0,0
2022-09-23,21.3333,21.3333,20.88,21.0533,19.9018,21600,0,0
2022-09-26,20.8356,21.28,20.8356,20.9644,19.8177,23175,0,0
2022-09-27,21.1867,21.2311,20.8356,20.96,19.8135,16875,0,0
2022-09-28,21.5067,21.84,21.5067,21.64,20.4563,22275,0,0
2022-09-29,21.5111,21.5111,21.0222,21.2889,20.1244,17550,0,0
2022-09-30,21.6889,21.8044,21.2933,21.2933,20.1286,21375,0,0
2022-10-03,22.1467,22.4756,22.0844,22.4756,21.2462,24075,0,0
2022-10-04,22.5511,22.6978,22.36,22.6978,21.4563,21600,0,0
2022-10-05,22.5067,22.52,22.2311,22.52,21.2882,9675,0,0
2022-10-06,22.2844,22.4533,22.1156,22.1156,20.9059,9900,0,0
2022-10-07,22.0844,22.0844,21.5378,21.6444,20.4605,11475,0,0
2022-10-10,21.8178,22.0267,21.7822,21.9156,20.7168,9450,0,0
2022-10-11,22.3422,22.3422,22.0222,22.0222,20.8177,17325,0,0
2022-10-12,21.9822,22.2089,21.92,22.0178,20.8135,14625,0,0
2022-10-13,22.2222,22.8667,22.2222,22.7333,21.4899,14850,0,0
2022-10-14,22.6889,22.6889,22.1644,22.4267,21.2,14175,0,0
2022-10-17,22.6533,23.2178,22.4667,23.2178,21.9478,20025,0,0
2022-10-18,23.52,23.6711,23.0222,23.56,22.2713,18450,0,0
2022-10-19,22.7689,23.1822,22.7689,23.0311,21.7714,15750,0,0
2022-10-20,22.8533,22.8533,22.2844,22.5556,21.3218,14400,0,0
2022-10-21,22.7689,23.4444,22.7689,23.4444,22.1621,13500,0,0
2022-10-24,23.3822,23.8044,23.3733,23.5644,22.2755,10125,0,0
2022-10-25,23.7467,23.9156,23.3244,23.9156,22.6074,15075,0,0
2022-10-26,24.0089,24.0089,22.8978,22.8978,21.6453,41400,0,0
2022-10-27,23.0933,24.2089,23.0933,23.1644,21.8974,21600,0,0
2022-10-28,23.4089,24.36,23.4089,24.1244,22.8049,22050,0,0
2022-10-31,23.8267,24.3022,23.5822,23.8311,22.5276,40950,0,0
2022-11-01,24.2178,24.2178,23.4267,23.4756,22.1915,27000,0,0
2022-11-02,23.9333,23.9822,23.0489,23.0489,21.7882,29250,0,0
2022-11-03,22.6756,22.8622,22.5067,22.5067,21.2756,17100,0,0
2022-11-04,22.7778,23.16,22.4844,23.16,21.8932,23625,0,0
2022-11-07,23.3333,23.5422,22.72,22.72,21.4773,23400,0,0
2022-11-08,22.9111,23.0444,22.4711,22.6133,21.3764,21375,0,0
2022-11-09,23,23,22.0444,22.2533,21.1233,54900,0.093333,0
2022-11-10,22.8889,23.9289,22.8889,23.9289,22.7138,37575,0,0
2022-11-11,23.2444,24.32,23.2444,23.4622,22.2708,25875,0,0
2022-11-14,23.4267,24.0667,23.1956,23.5467,22.351,31500,0,0
2022-11-15,23.6,23.8889,23.5644,23.5644,22.3678,28800,0,0
2022-11-16,23.3644,23.4444,22.8756,23.2756,22.0936,22050,0,0
2022-11-17,23.08,23.5733,22.8711,23.3867,22.1991,20025,0,0
2022-11-18,23.8711,23.9778,23.3556,23.4933,22.3003,22950,0,0
2022-11-21,23.5422,23.7911,23.52,23.6133,22.4142,22950,0,0
2022-11-22,24.2,24.2,23.8533,23.8533,22.6421,10575,0,0
2022-11-23,23.6578,24.1111,23.6489,24.0667,22.8446,10575,0,0
2022-11-25,24.0267,24.0267,23.8222,23.8222,22.6125,2475,0,0
2022-11-28,23.8667,23.9733,23.2489,23.4044,22.216,31275,0,0
2022-11-29,23.3244,23.7067,22.8978,23.08,21.908,24525,0,0
2022-11-30,23.0444,23.72,22.9022,23.5511,22.3552,99450,0,0
2022-12-01,23.5556,23.9067,23.3867,23.7111,22.5071,36225,0,0
2022-12-02,23.7644,24.1511,23.6,24.0622,22.8403,27900,0,0
2022-12-05,23.8711,25.12,23.8711,24.4533,23.2116,57600,0,0
2022-12-06,24.1956,24.72,24.1156,24.6711,23.4183,42525,0,0
2022-12-07,24.4578,24.76,24.2133,24.44,23.1989,42075,0,0
2022-12-08,23.7022,24.3111,23.5556,24.3111,23.0766,69975,0,0
2022-12-09,23.9689,23.9689,22.8133,22.8133,21.6549,33525,0,0
2022-12-12,23.0044,23.4178,22.7422,23.4044,22.216,39600,0,0
2022-12-13,24.16,24.16,23.2356,23.4844,22.2919,36675,0,0
2022-12-14,23.4889,24.2356,23.1156,24.2133,22.9838,115425,0,0
2022-12-15,23.7556,24.5556,23.6222,24.5556,23.3086,124200,0,0
2022-12-16,24.12,24.5556,24.12,24.5556,23.3086,218250,0,0
2022-12-19,24.4489,25.3511,24.3556,25.2267,23.9457,170550,0,0
2022-12-20,25.0311,25.5689,24.8978,25.5422,24.2452,178875,0,0
2022-12-21,25.8444,25.8933,25.2089,25.6978,24.3928,100350,0,0
2022-12-22,25.4222,25.48,24.8267,24.9022,23.6377,52200,0,0
2022-12-23,23.9689,25.1556,23.9689,25.0489,23.7769,44325,0,0
2022-12-27,25.3067,25.3067,24.8444,24.9111,23.6461,33750,0,0
2022-12-28,25.0356,25.0356,24.4044,24.4133,23.1736,24300,0,0
2022-12-29,24.4222,25.0444,24.0489,24.9378,23.6714,29250,0,0
2022-12-30,24.8089,25.1778,24.8044,25.0089,23.7389,36000,0,0
2023-01-03,25.0933,25.0933,24.4044,24.5022,23.258,25650,0,0
2023-01-04,24.7822,25.0133,24.4622,24.5911,23.3424,21825,0,0
2023-01-05,24.3422,24.3644,24.2044,24.2044,22.9753,13275,0,0
2023-01-06,24.8044,24.9822,24.6933,24.8933,23.6292,36450,0,0
2023-01-09,24.8444,24.8933,24.4222,24.4356,23.1947,16425,0,0
2023-01-10,24.4222,24.9422,24.4222,24.5867,23.3382,13950,0,0
2023-01-11,24.8133,24.96,24.4622,24.4622,23.22,11250,0,0
2023-01-12,24.5644,24.7778,24.4622,24.6622,23.4099,17775,0,0
2023-01-13,25.04,25.04,24.5422,24.7022,23.4478,18000,0,0
2023-01-17,24.96,24.96,24.2489,24.3911,23.1525,14850,0,0
2023-01-18,24.3422,24.4711,24.0844,24.0844,22.8614,23625,0,0
2023-01-19,24.1378,24.1556,23.6222,23.84,22.6294,25200,0,0
2023-01-20,24.0267,24.4844,23.9378,24.4711,23.2285,41400,0,0
2023-01-23,24.3778,24.5422,24.2533,24.44,23.1989,29925,0,0
2023-01-24,24.5289,24.88,24.3022,24.88,23.6166,27900,0,0
2023-01-25,24.9778,24.9778,24.7778,24.9467,23.6799,11925,0,0
2023-01-26,24.92,25.4356,24.92,25.4,24.1102,8100,0,0
2023-01-27,25.2667,25.3511,25.1111,25.2356,23.9541,11025,0,0
2023-01-30,25.3911,25.3911,24.92,24.92,23.6546,11700,0,0
2023-01-31,25.2356,26.0133,25.2356,25.8533,24.5405,29925,0,0
2023-02-01,25.1467,27.0178,25.1467,26.6356,25.283,24750,0,0
2023-02-02,26.8667,27.5644,26.8667,27.5067,26.1099,29475,0,0
2023-02-03,27.2978,27.5289,27.1556,27.36,25.9707,22500,0,0
2023-02-06,27.36,27.3644,26.8089,26.8933,25.5277,9225,0,0
2023-02-07,26.8711,27,26.3422,27,25.6289,17100,0,0
2023-02-08,26.5289,26.5289,26.2711,26.4356,25.0932,9900,0,0
2023-02-09,26.4444,26.9867,26.4,26.6667,25.3125,13050,0,0
2023-02-10,26.2044,26.6889,26.2044,26.6889,25.3336,8550,0,0
2023-02-13,26.5556,27.4356,26.5556,27.4356,26.0424,11925,0,0
2023-02-14,27.28,27.5022,27.0489,27.0489,25.6753,33300,0,0
2023-02-15,27.0267,27.4489,26.7778,27.1778,25.7977,33075,0,0
2023-02-16,27.6756,29.1556,27.6756,28.8444,27.3797,22275,0,0
2023-02-17,29.1067,29.1067,27.7156,27.8756,26.46,43650,0,0
2023-02-21,27.5244,27.5244,26.4444,26.5333,25.186,36000,0,0
2023-02-22,26.5467,26.72,26.4356,26.4356,25.0932,19125,0,0
2023-02-23,26.5378,26.7333,26.36,26.7333,25.3758,24975,0,0
2023-02-24,26.3822,26.3867,25.8,26.3111,25.0625,27000,0.093333,0
2023-02-27,26.7111,26.8844,26.3733,26.5778,25.3165,17775,0,0
2023-02-28,26.5778,26.9778,26.2667,26.6578,25.3928,86625,0,0
2023-03-01,26.6578,27.0844,26.6133,26.8444,25.5706,16875,0,0
2023-03-02,26.7867,27.1644,26.7867,27.1022,25.8161,8775,0,0
2023-03-03,27.3156,27.3467,26.9956,27.0044,25.723,13950,0,0
2023-03-06,26.8178,26.8178,26.3244,26.4978,25.2403,22050,0,0
2023-03-07,26.2533,26.3867,26.0978,26.2267,24.9821,22500,0,0
2023-03-08,26.1956,26.3467,25.5422,25.7156,24.4952,60300,0,0
2023-03-09,25.9556,25.9556,25.4222,25.5467,24.3344,13050,0,0
2023-03-10,25.0311,25.6889,25.0311,25.5067,24.2963,22500,0,0
2023-03-13,25.3333,25.3333,24.3022,24.4622,23.3014,32850,0,0
2023-03-14,25.0622,25.5378,24.9422,25.3422,24.1396,38250,0,0
2023-03-15,24.8133,24.8489,24.3867,24.6889,23.5173,29250,0,0
2023-03-16,24.3689,25.1956,24.3689,24.96,23.7755,20475,0,0
2023-03-17,24.8311,25.3822,24.5956,25.0889,23.8983,126225,0,0
2023-03-20,24.4978,25.7467,24.4978,25.5289,24.3174,53325,0,0
2023-03-21,25.7022,26.1422,25.7022,25.7867,24.563,47700,0,0
2023-03-22,25.7022,25.8622,25.3733,25.3956,24.1904,39375,0,0
2023-03-23,25.7111,25.7867,25.1022,25.2889,24.0888,21375,0,0
2023-03-24,25.6356,25.6667,25.4222,25.5111,24.3005,18675,0,0
2023-03-27,25.4667,25.9956,25.4667,25.8133,24.5884,15300,0,0
2023-03-28,26.0356,26.0756,25.8889,25.8933,24.6646,25650,0,0
2023-03-29,26.3111,26.4444,26.2,26.4444,25.1895,23400,0,0
2023-03-30,26.6711,26.6711,26.4622,26.48,25.2234,14400,0,0
2023-03-31,26.4978,26.7378,26.4978,26.6178,25.3546,24525,0,0
2023-04-03,26.4311,26.9289,26.4311,26.9289,25.651,22500,0,0
2023-04-04,26.3422,26.4444,26.1733,26.4444,25.1895,22950,0,0
2023-04-05,25.9556,26.1067,25.8756,26.0489,24.8128,18450,0,0
2023-04-06,25.8667,25.9333,25.8222,25.9156,24.6858,19350,0,0
2023-04-10,26.2533,26.4044,26.1422,26.1422,24.9017,18000,0,0
2023-04-11,26.32,26.8089,26.32,26.6533,25.3885,16875,0,0
2023-04-12,26.9644,27.24,26.9333,27.1111,25.8246,33975,0,0
2023-04-13,27.0933,27.0933,26.7022,26.7022,25.4351,27900,0,0
2023-04-14,26.7822,26.8933,26.2889,26.6178,25.3546,85275,0,0
2023-04-17,26.4889,26.5022,26.1644,26.4178,25.1641,22500,0,0
2023-04-18,26.4044,26.5689,26.2222,26.3244,25.0752,29700,0,0
2023-04-19,26.1111,26.7111,26.1111,26.6311,25.3674,15300,0,0
2023-04-20,26.7467,26.8311,26.6267,26.8,25.5282,17775,0,0
2023-04-21,26.7733,26.7733,26.2178,26.32,25.071,22275,0,0
2023-04-24,26.6133,26.6133,26.4489,26.4489,25.1938,7200,0,0
2023-04-25,26.1067,26.3511,26.1067,26.2889,25.0414,23175,0,0
2023-04-26,24.4267,25.3689,24.4267,25.36,24.1566,26550,0,0
2023-04-27,25.1511,25.7778,25.1511,25.7778,24.5545,11475,0,0
2023-04-28,25.9689,26.0622,25.9244,26.0356,24.8001,13725,0,0
2023-05-01,25.5111,26.3867,25.5111,25.6667,24.4487,33075,0,0
2023-05-02,25.4489,25.6533,25.04,25.3022,24.1015,24975,0,0
2023-05-03,25.3333,25.4711,25.1511,25.1511,23.9576,18225,0,0
2023-05-04,25.2222,25.2222,24.3778,24.5689,23.403,16425,0,0
2023-05-05,24.8667,25.2622,24.7067,25.2622,24.0634,24750,0,0
2023-05-08,25.3689,25.3689,24.8711,24.9333,23.7501,27000,0,0
2023-05-09,24.7378,25.3156,24.7378,25.1511,24.0476,10350,0.093333,0
2023-05-10,25.4578,25.6489,25.3333,25.5289,24.4088,24300,0,0
2023-05-11,25.3822,25.3822,25.1067,25.1067,24.0051,13950,0,0
2023-05-12,25.56,25.56,25.4222,25.4933,24.3748,17325,0,0
2023-05-15,25.5467,25.7556,25.5111,25.5111,24.3918,11250,0,0
2023-05-16,25.5111,25.8356,25.2533,25.2533,24.1453,20700,0,0
2023-05-17,25.5644,26.0044,25.5644,26.0044,24.8635,15300,0,0
2023-05-18,26.0089,26.24,25.9511,26.16,25.0122,16875,0,0
2023-05-19,26.2222,26.2222,25.5067,25.5289,24.4088,14400,0,0
2023-05-22,25.48,26.0489,25.48,26.0311,24.889,26100,0,0
2023-05-23,25.9778,26.4889,25.9778,26.1911,25.042,27450,0,0
2023-05-24,25.7111,26.1467,25.7111,25.8222,24.6893,29475,0,0
2023-05-25,25.7422,25.9822,25.3556,25.9822,24.8422,23175,0,0
2023-05-26,26.4444,26.5289,26.0533,26.4667,25.3054,18225,0,0
2023-05-30,26.5111,26.6356,26.0978,26.1067,24.9612,30150,0,0
2023-05-31,25.8978,26.2178,25.5022,25.8622,24.7275,103725,0,0
2023-06-01,25.92,26.2044,25.7956,25.7956,24.6638,42525,0,0
2023-06-02,25.8356,27.4978,25.8356,27.0933,25.9046,75600,0,0
2023-06-05,26.8933,26.8933,26.4489,26.6444,25.4754,24975,0,0
2023-06-06,26.8533,28.1733,26.8533,27.6533,26.44,50850,0,0
2023-06-07,27.8178,29.04,27.8178,28.9689,27.6979,73125,0,0
2023-06-08,29.1111,29.1111,28.5156,28.6889,27.4302,23625,0,0
2023-06-09,28.92,29.0489,28.3644,28.8267,27.5619,21150,0,0
2023-06-12,29.0489,29.0489,28.68,28.68,27.4217,15300,0,0
2023-06-13,28.9111,29.92,28.9111,29.8844,28.5733,42075,0,0
2023-06-14,29.7778,30.3111,29.3244,29.4267,28.1356,47700,0,0
2023-06-15,29.3333,29.7778,29.32,29.7022,28.399,37350,0,0
2023-06-16,29.7778,29.92,29.3511,29.4933,28.1993,96075,0,0
2023-06-20,29.5378,29.5822,29.1911,29.32,28.0336,37125,0,0
2023-06-21,29.1422,29.5556,29.1333,29.2533,27.9698,36675,0,0
2023-06-22,29.2356,29.4933,29.0933,29.4933,28.1993,40275,0,0
2023-06-23,29.0133,29.6044,29.0133,29.4489,28.1568,158400,0,0
2023-06-26,29.4133,29.9644,29.4133,29.6311,28.331,38700,0,0
2023-06-27,30.2311,30.3022,30.1289,30.2178,28.892,13725,0,0
2023-06-28,30.0844,30.2356,29.9911,30.1333,28.8112,27675,0,0
2023-06-29,30.1422,30.6178,30.1422,30.2356,28.909,40500,0,0
2023-06-30,30.4978,30.4978,30.1289,30.2489,28.9217,19575,0,0
2023-07-03,29.9778,30.3289,29.9778,30.2356,28.909,22050,0,0
2023-07-05,29.8978,29.9333,29.6889,29.7111,28.4075,25200,0,0
2023-07-06,29.12,29.3956,28.8444,29.1333,27.8551,36675,0,0
2023-07-07,29.5156,29.6044,29.2978,29.2978,28.0123,30375,0,0
2023-07-10,29.7778,29.8444,29.6578,29.6578,28.3565,39825,0,0
2023-07-11,29.7467,30.1644,29.7467,30.1644,28.841,15300,0,0
2023-07-12,30.2667,30.3156,30.0178,30.0889,28.7687,33750,0,0
2023-07-13,30.0044,30.2711,29.9422,30.1111,28.79,69525,0,0
2023-07-14,29.8533,30.7378,29.6978,30.7156,29.3679,46800,0,0
2023-07-17,30.6444,31.1022,30.6444,30.6533,29.3084,34650,0,0
2023-07-18,30.6622,31.0133,30.6222,30.76,29.4104,31725,0,0
2023-07-19,30.5822,31.1111,30.5778,31.1111,29.7461,20925,0,0
2023-07-20,31.0756,31.5956,31.0711,31.2933,29.9203,22275,0,0
2023-07-21,31.5467,31.5467,31.0267,31.0267,29.6654,22275,0,0
2023-07-24,31.0311,31.3778,31.0222,31.16,29.7928,9225,0,0
2023-07-25,31.3067,31.3778,31.3067,31.3689,29.9926,11250,0,0
2023-07-26,33.3556,33.3689,31.3556,31.3956,30.0181,60525,0,0
2023-07-27,30.9067,31.2267,30.28,30.3022,28.9727,88875,0,0
2023-07-28,30.6222,30.6222,30.2756,30.3778,29.0449,24075,0,0
2023-07-31,30.1422,30.7022,30.1422,30.5378,29.1979,39825,0,0
2023-08-01,30.8756,31.0133,30.8533,30.8978,29.5421,11700,0,0
2023-08-02,30.5911,30.9778,30.5911,30.8711,29.5166,20925,0,0
2023-08-03,30.8756,30.8756,30.6756,30.7333,29.3849,16650,0,0
2023-08-04,30.5333,30.8711,30.3911,30.3911,29.0577,23175,0,0
2023-08-07,30.6222,30.8622,30.6222,30.7511,29.4019,35775,0,0
2023-08-08,30.2089,30.5378,30.2089,30.2844,28.9557,21825,0,0
2023-08-09,29.9822,30.1467,29.72,29.8667,28.5563,33750,0,0
2023-08-10,30.0222,30.1022,29.7422,29.8933,28.5818,27900,0,0
2023-08-11,30.2667,30.3156,30.0489,30.12,28.7985,20700,0,0
2023-08-14,30.0933,30.1244,29.8622,29.8978,28.586,25200,0,0
2023-08-15,29.8978,29.8978,29.4667,29.5956,28.297,33075,0,0
2023-08-16,29.7556,29.9511,29.3156,29.4089,28.1186,29025,0,0
2023-08-17,29.6756,29.6756,29.0044,29.0089,27.7361,49275,0,0
2023-08-18,28.8889,29.4,28.8889,29.3289,28.0421,82575,0,0
2023-08-21,29.6222,30.1956,29.2667,30.0178,28.7007,44550,0,0
2023-08-22,29.8756,30.5644,29.8756,30.3778,29.0449,54900,0,0
2023-08-23,30.5511,30.7333,30.3467,30.7022,29.3552,32625,0,0
2023-08-24,30.52,30.9867,30.52,30.6711,29.3254,28800,0,0
2023-08-25,30.9733,30.9733,30.3467,30.3467,29.0152,37125,0,0
2023-08-28,30.5956,30.84,30.5511,30.5511,29.2107,31050,0,0
2023-08-29,30.2467,30.7067,29.8733,30.0533,28.7347,39150,0,1.5
2023-08-30,30.0667,30.62,30.04,30.6,29.2574,49950,0,0
2023-08-31,30.4667,30.8133,30.4467,30.6467,29.302,71850,0,0
2023-09-01,30.6467,31.0867,30.6467,31.0067,29.6462,52800,0,0
2023-09-05,30.8333,30.8333,29.16,29.1867,27.9061,88650,0,0
2023-09-06,29.4133,29.4133,28.7933,28.8133,27.6565,46800,0.113333,0
2023-09-07,28.6533,28.7267,28.36,28.64,27.4902,54900,0,0
2023-09-08,28.4867,28.84,28.4,28.72,27.5669,28200,0,0
2023-09-11,28.76,29.0333,28.7533,28.88,27.7205,36450,0,0
2023-09-12,28.9733,29.1933,28.9133,28.9867,27.8229,31950,0,0
2023-09-13,28.9,29.06,28.8333,29.0533,27.8869,37500,0,0
2023-09-14,29.32,29.9667,29.3,29.9667,28.7636,39750,0,0
2023-09-15,29.94,30.1467,29.3933,29.54,28.354,268350,0,0
2023-09-18,29.4733,29.7867,29.4733,29.64,28.45,29400,0,0
2023-09-19,29.72,29.7267,29.5,29.52,28.3348,24600,0,0
2023-09-20,29.8467,30.06,29.5333,29.5333,28.3476,70500,0,0
2023-09-21,29.4933,29.7467,29.4467,29.6267,28.4372,20400,0,0
2023-09-22,29.8933,30.0267,29.6933,29.74,28.546,27300,0,0
2023-09-25,30.0067,30.44,30.0067,30.2133,29.0003,26700,0,0
2023-09-26,30.3933,30.4467,29.8667,29.96,28.7572,25800,0,0
2023-09-27,29.5933,31.04,29.5933,30.5933,29.3651,63600,0,0
2023-09-28,30.8067,31.3067,30.8067,31.02,29.7746,34350,0,0
2023-09-29,30.8867,30.8867,30.14,30.1933,28.9811,44400,0,0
2023-10-02,30.02,30.3,29.9733,30.2,28.9875,27750,0,0
2023-10-03,29.9333,30.24,29.6933,29.7533,28.5588,27450,0,0
2023-10-04,29.7933,30.3467,29.7467,30.2067,28.9939,28350,0,0
2023-10-05,30.2267,30.24,29.9067,29.9067,28.706,43650,0,0
2023-10-06,29.7667,30.32,29.5933,30.2133,29.0003,22350,0,0
2023-10-09,30.2933,31.02,30.2933,30.9267,29.685,24300,0,0
2023-10-10,30.8267,31.3333,30.8267,30.98,29.7362,20550,0,0
2023-10-11,31.14,31.2667,31.14,31.2,29.9474,20400,0,0
2023-10-12,30.9733,30.9867,30.4867,30.8933,29.653,24750,0,0
2023-10-13,30.9,30.9,30.4133,30.44,29.2179,31950,0,0
2023-10-16,30.76,31.0867,30.3333,30.5,29.2755,29100,0,0
2023-10-17,30.4933,31.4133,30.4933,31.1733,29.9218,25500,0,0
2023-10-18,31.0133,31.06,30.74,30.9333,29.6914,22950,0,0
2023-10-19,30.9267,30.9267,30.26,30.2867,29.0707,25500,0,0
2023-10-20,30.4867,30.4867,29.88,29.9267,28.7252,37500,0,0
2023-10-23,29.92,29.92,29.5333,29.5333,28.3476,19500,0,0
2023-10-24,29.92,29.92,29.3667,29.58,28.3924,24900,0,0
2023-10-25,28.8533,28.8533,26.78,26.8667,25.788,55500,0,0
2023-10-26,27.0933,27.3,26.5933,26.6,25.5321,45450,0,0
2023-10-27,26.8533,27.14,26.54,26.7133,25.6408,55800,0,0
2023-10-30,27.0467,27.2333,26.7867,26.9867,25.9032,29550,0,0
2023-10-31,26.7467,27.26,26.6867,26.96,25.8776,31800,0,0
2023-11-01,26.7467,27.6133,26.7,27.4133,26.3127,21000,0,0
2023-11-02,27.6,27.8933,27.5,27.8,26.6839,16800,0,0
2023-11-03,27.8533,28.6267,27.8533,28.5467,27.4006,22200,0,0
2023-11-06,28.3267,28.5333,28.2733,28.36,27.2214,22800,0,0
2023-11-07,28.08,28.2133,27.8733,28.0067,26.8823,16800,0,0
2023-11-08,27.26,27.8867,27.26,27.6,26.5996,30750,0.113333,0
2023-11-09,27.5533,28.0867,27.5533,27.6867,26.6831,26550,0,0
2023-11-10,27.8667,28.4933,27.8667,28.44,27.4091,22200,0,0
2023-11-13,28.24,28.4667,28.0667,28.0733,27.0557,19200,0,0
2023-11-14,29.3067,29.8333,29.26,29.8267,28.7455,34950,0,0
2023-11-15,30.0133,30.2133,29.6,29.6067,28.5335,24000,0,0
2023-11-16,29.3667,29.3667,29,29.34,28.2765,21150,0,0
2023-11-17,29.5133,29.5133,29.0267,29.12,28.0645,21150,0,0
2023-11-20,28.9133,29.3933,28.9133,29.22,28.1608,14550,0,0
2023-11-21,28.6733,28.74,28.6133,28.64,27.6019,8700,0,0
2023-11-22,28.7933,28.9533,28.6333,28.86,27.8139,10200,0,0
2023-11-24,28.6867,29.36,28.6867,29.36,28.2958,6150,0,0
2023-11-27,28.9133,29.3267,28.8667,28.94,27.891,20700,0,0
2023-11-28,28.7467,29.0867,28.36,28.36,27.332,21300,0,0
2023-11-29,28.86,29.0667,28.82,28.9133,27.8653,19500,0,0
2023-11-30,28.9067,29.2533,28.8533,29.0733,28.0195,26250,0,0
2023-12-01,29.0533,30.06,28.9333,29.94,28.8547,27450,0,0
2023-12-04,29.3333,30.2,29.3333,30,28.9126,19500,0,0
2023-12-05,29.7267,30.04,28.98,29.2067,28.148,28500,0,0
2023-12-06,30.0733,30.0733,29.48,29.7267,28.6491,16650,0,0
2023-12-07,29.54,29.7333,29.3667,29.7333,28.6556,21300,0,0
2023-12-08,29.9933,30.0667,29.6733,30.0267,28.9383,16350,0,0
2023-12-11,30.2867,30.7133,30,30.4733,29.3687,23100,0,0
2023-12-12,30.32,30.6333,30.1067,30.34,29.2402,25650,0,0
2023-12-13,30.2333,31.2867,30.04,30.4867,29.3816,145350,0,0
2023-12-14,30.5,31.72,30.2933,31.4467,30.3068,80100,0,0
2023-12-15,31.3333,31.3333,30.94,31.2067,30.0755,78450,0,0
2023-12-18,31.1333,31.3267,30.8267,31.0067,29.8827,23550,0,0
2023-12-19,31.1,31.8333,31.1,31.7,30.5509,36300,0,0
2023-12-20,33.8533,34.48,33.0333,33.12,31.9195,122550,0,0
2023-12-21,33.4667,33.4667,32.8533,33.2467,32.0415,17100,0,0
2023-12-22,33.7533,33.8467,33.4933,33.8267,32.6005,35100,0,0
2023-12-26,33.74,34.7267,33.74,34.5733,33.3201,33600,0,0
2023-12-27,34.6667,34.9467,34.4733,34.6067,33.3522,11100,0,0
2023-12-28,34.6067,35.0267,34.5133,34.7667,33.5064,22950,0,0
2023-12-29,34.8933,35.4067,34.88,35.32,34.0397,35550,0,0
2024-01-02,34.8867,35.2933,34.54,34.7133,33.455,21450,0,0
2024-01-03,34.6867,34.6867,33.2733,33.2867,32.0801,47400,0,0
2024-01-04,33.5,33.6667,32.9533,33.1467,31.9452,18450,0,0
2024-01-05,32.8867,33.16,32.3533,32.44,31.2641,25500,0,0
2024-01-08,32.3067,32.8867,32.3067,32.7533,31.5661,24300,0,0
2024-01-09,32.3467,32.3467,31.7267,31.7333,30.5831,22200,0,0
2024-01-10,31.4,31.52,31.2733,31.52,30.3775,17850,0,0
2024-01-11,30.96,31.2867,30.9533,31.1667,30.0369,22950,0,0
2024-01-12,31.5133,31.5133,30.72,30.72,29.6065,19950,0,0
2024-01-16,30.5267,30.6667,30.4267,30.5733,29.4651,24900,0,0
2024-01-17,30.18,30.52,30,30.1267,29.0346,14850,0,0
2024-01-18,30.7,31.0667,30.5533,30.9533,29.8313,18000,0,0
2024-01-19,31.22,31.22,30.5067,31.0467,29.9213,11550,0,0
2024-01-22,31.06,31.92,31.06,31.8067,30.6537,17850,0,0
2024-01-23,32.2133,32.2133,31.6067,31.64,30.4931,42000,0,0
2024-01-24,31.9467,32.0467,31.12,31.38,30.2425,26550,0,0
2024-01-25,31.9,32.42,31.78,32.42,31.2448,20400,0,0
2024-01-26,32.42,32.42,31.8333,32.1067,30.9429,15300,0,0
2024-01-29,32.42,32.8267,32.42,32.8267,31.6368,8850,0,0
2024-01-30,32.8667,33.0733,32.8667,32.9333,31.7396,8550,0,0
2024-01-31,32.02,32.02,31.5133,31.5133,30.371,19800,0,0
2024-02-01,32.4667,32.6133,31.9467,32.6133,31.4312,17700,0,0
2024-02-02,32.0533,32.7733,32.0533,32.5067,31.3284,26850,0,0
2024-02-05,32.1133,32.36,31.6067,32.0467,30.885,26850,0,0
2024-02-06,32.0667,32.76,32.0667,32.3267,31.1549,13950,0,0
2024-02-07,32.4933,32.9467,32.3867,32.5067,31.3284,21300,0,0
2024-02-08,32.3333,32.92,32.32,32.92,31.7267,15150,0,0
2024-02-09,33,33.68,32.9133,33.2933,32.0865,91050,0,0
2024-02-12,33.5333,34.1867,33.5333,33.94,32.7097,29550,0,0
2024-02-13,33.4667,33.4667,32.0467,32.38,31.2063,43200,0,0
2024-02-14,33.2667,33.2667,31.5667,32.9733,31.7781,21450,0,0
2024-02-15,33,34.5533,33,34.44,33.1916,26400,0,0
2024-02-16,34.44,34.44,32.82,33.0933,31.8938,26400,0,0
2024-02-20,32.5133,32.5467,31.4467,31.52,30.3775,38850,0,0
2024-02-21,30.4867,32.1467,30.4867,31.8933,30.7373,37350,0,0
2024-02-22,31.86,32.1267,31.8067,32.0933,30.93,35550,0,0
2024-02-23,32.44,32.9,32.44,32.7467,31.5597,14400,0,0
2024-02-26,32.6267,33.2133,32.6267,33.0333,31.9465,24300,0.113333,0
2024-02-27,32.96,33.4133,32.96,33.2333,32.1399,19650,0,0
2024-02-28,32.88,33.6267,32.88,33.4867,32.3849,20850,0,0
2024-02-29,33.5,34.1867,33.3467,33.62,32.5139,49500,0,0
2024-03-01,33.8467,34.0733,33.54,34,32.8814,18000,0,0
2024-03-04,34.3933,34.6867,33.9533,33.9533,32.8362,21900,0,0
2024-03-05,34.0067,34.14,33.58,33.68,32.5719,28200,0,0
2024-03-06,34,34,33.02,33.3,32.2044,34650,0,0
2024-03-07,32.0867,33.6133,32.0867,33.3667,32.2689,18600,0,0
2024-03-08,33.7333,34.0333,33.3267,33.3733,32.2753,20400,0,0
2024-03-11,33.0667,33.2,32.6333,32.7133,31.637,19950,0,0
2024-03-12,32.54,33.12,32.54,33.12,32.0303,23700,0,0
2024-03-13,33.2,33.5533,32.9733,33.4867,32.3849,29100,0,0
2024-03-14,33.1533,33.24,32.6667,32.9133,31.8304,29550,0,0
2024-03-15,32.4533,33.76,32.4533,33.76,32.6493,69600,0,0
2024-03-18,33.8667,34.04,33.46,33.5333,32.4301,25350,0,0
2024-03-19,33.8067,34.02,33.6867,33.9933,32.8749,30000,0,0
2024-03-20,33.9267,34.94,33.7333,34.7533,33.6099,50400,0,0
2024-03-21,34.6667,35.3,34.6667,35.2933,34.1321,26250,0,0
2024-03-22,35.2267,35.2267,34.4133,34.58,33.4423,37050,0,0
2024-03-25,34.6667,34.84,34.42,34.6533,33.5132,26250,0,0
2024-03-26,34.5133,34.8467,34.2733,34.3867,33.2553,22350,0,0
2024-03-27,34.5667,35.28,34.5667,35.28,34.1193,22950,0,0
2024-03-28,35.38,35.5667,35.32,35.5267,34.3578,15300,0,0
2024-04-01,35.3133,35.54,34.6867,35.0067,33.8549,14100,0,0
2024-04-02,34.0467,34.5,33.4933,34.2133,33.0877,52500,0,0
2024-04-03,34.5733,34.5733,33.8733,33.88,32.7653,53100,0,0
2024-04-04,34.1467,34.72,33.7,33.7,32.5912,27450,0,0
2024-04-05,34.0533,34.1,33.8533,33.9933,32.8749,12300,0,0
2024-04-08,33.7933,34.36,33.7933,34.0067,32.8878,11250,0,0
2024-04-09,33.72,33.9867,33.6133,33.6133,32.5074,12750,0,0
2024-04-10,32.8867,33.3333,32.4667,32.8,31.7208,27750,0,0
2024-04-11,32.76,32.9867,32.44,32.9067,31.824,22050,0,0
2024-04-12,33.04,33.1867,32.22,32.4067,31.3405,18450,0,0
2024-04-15,32.46,33.0933,31.3333,31.4867,30.4507,11400,0,0
2024-04-16,30.9133,31.5,30.9133,31.2267,30.1993,19650,0,0
2024-04-17,30.6467,30.68,30.22,30.4,29.3998,19050,0,0
2024-04-18,30.6467,30.9533,30.0667,30.2067,29.2128,40800,0,0
2024-04-19,29.94,31.0133,29.94,31.0133,29.993,26550,0,0
2024-04-22,31.4467,31.4467,30.6,30.6667,29.6577,20550,0,0
2024-04-23,31.2133,31.3333,30.8133,30.9733,29.9543,17100,0,0
2024-04-24,30.3333,30.5867,28.6667,29.02,28.0652,36750,0,0
2024-04-25,28.6667,28.6667,27.8533,28.0867,27.1626,53700,0,0
2024-04-26,28.9933,29.6933,28.5133,29.6933,28.7164,62250,0,0
2024-04-29,29.6733,30.0467,29.0867,29.2333,28.2715,7800,0,0
2024-04-30,28.34,28.34,27.0467,27.2733,26.376,45600,0,0
2024-05-01,27.3333,27.7133,26.82,26.8867,26.0021,26850,0,0
2024-05-02,27.4333,27.8067,27.2667,27.2933,26.3953,21150,0,0
2024-05-03,27.7733,27.7733,27.1,27.32,26.4211,13800,0,0
2024-05-06,28.3733,28.3733,27.66,27.96,27.0401,22350,0,0
2024-05-07,28.2133,28.8,27.84,28.3933,27.4592,21600,0,0
2024-05-08,27.94,28.2667,27.94,28.06,27.2455,12600,0.113333,0
2024-05-09,28.0733,28.7733,28.0733,28.7733,27.9382,16200,0,0
2024-05-10,28.8333,29.4,28.8,29.1,28.2554,20400,0,0
2024-05-13,29.52,29.52,28.36,28.42,27.5951,28050,0,0
2024-05-14,28.8733,29.58,28.2,28.2933,27.4721,13950,0,0
2024-05-15,28.38,28.8,28.14,28.8,27.9641,19200,0,0
2024-05-16,28.1533,28.5,28.1533,28.3,27.4786,14250,0,0
2024-05-17,28.54,28.62,27.9933,28.4467,27.621,20400,0,0
2024-05-20,28.6933,28.9133,28.3533,28.3933,27.5692,14400,0,0
2024-05-21,28.5467,28.5467,27.7533,27.7533,26.9478,16950,0,0
2024-05-22,27.8933,27.8933,27.3733,27.48,26.6824,18900,0,0
2024-05-23,27.4867,27.4867,26.6267,26.9867,26.2034,27000,0,0
2024-05-24,26.96,27.8733,26.96,27.6667,26.8636,23100,0,0
2024-05-28,28.3133,28.4667,27.5267,28.4667,27.6404,30300,0,0
2024-05-29,28.0667,28.0667,27.42,27.42,26.6241,15900,0,0
2024-05-30,27.4467,28.5133,27.4467,28.3333,27.5109,13800,0,0
2024-05-31,28.26,28.5467,28.1533,28.18,27.3621,50700,0,0
2024-06-03,28.1,28.54,27.2,27.2067,26.417,21900,0,0
2024-06-04,26.8867,27.3933,26.7933,27.3667,26.5723,31500,0,0
2024-06-05,27.4,27.7933,27.4,27.5,26.7018,11700,0,0
2024-06-06,27.4533,27.6267,27.3667,27.3667,26.5723,12600,0,0
2024-06-07,27.1467,27.4667,26.9533,27.0667,26.281,16050,0,0
2024-06-10,26.3933,26.6533,26.2333,26.4467,25.679,22350,0,0
2024-06-11,26.2867,26.7133,26.2333,26.3467,25.5819,38100,0,0
2024-06-12,26.6733,27.3067,26.6267,26.6267,25.8538,20550,0,0
2024-06-13,26.48,26.48,26.06,26.1333,25.3748,23100,0,0
2024-06-14,25.84,25.84,25.32,25.4133,24.6757,29550,0,0
2024-06-17,25.7467,26.3533,25.5533,26.2267,25.4654,43800,0,0
2024-06-18,26.5333,26.5333,25.84,26.1533,25.3942,19050,0,0
2024-06-20,25.9067,26.4533,25.9067,26.2867,25.5237,19650,0,0
2024-06-21,26.2667,26.4133,26.16,26.4133,25.6467,56850,0,0
2024-06-24,26.4667,26.8533,26.4333,26.54,25.7697,19800,0,0
2024-06-25,26.16,26.3067,26.16,26.26,25.4978,12000,0,0
2024-06-26,25.98,26.0467,25.7733,25.7733,25.0252,26700,0,0
2024-06-27,25.82,25.8667,25.6467,25.7867,25.0382,10500,0,0
2024-06-28,26.0667,26.16,25.2333,26.16,25.4007,97350,0,0
2024-07-01,25.5867,25.6667,25.2933,25.3067,24.5721,24150,0,0
2024-07-02,25.52,26.3333,25.28,25.9933,25.2389,26400,0,0
2024-07-03,25.9933,26.6733,25.9933,26.2667,25.5043,11100,0,0
2024-07-05,26.3067,26.3067,25.8267,25.8933,25.1418,15450,0,0
2024-07-08,26.3667,26.7333,26.34,26.66,25.8862,17700,0,0
2024-07-09,26.3867,26.5,26.0533,26.0733,25.3165,11700,0,0
2024-07-10,26.44,26.4667,26.0267,26.2867,25.5237,14400,0,0
2024-07-11,27.0067,28.4733,26.8733,28.04,27.2261,35700,0,0
2024-07-12,28.54,29.02,28.3333,28.42,27.5951,31350,0,0
2024-07-15,28.86,30.34,28.7467,28.98,28.1388,53700,0,0
2024-07-16,29.4533,31.0467,29.4533,30.6867,29.796,44550,0,0
2024-07-17,31.1067,31.1133,30.0667,30.2467,29.3687,55050,0,0
2024-07-18,30.86,30.9467,29.6,29.74,28.8768,22800,0,0
2024-07-19,29.8,29.8,29.1467,29.2133,28.3654,16800,0,0
2024-07-22,29.5,29.66,28.66,29.5267,28.6696,40950,0,0
2024-07-23,29.4533,30.1267,29.4533,30.0867,29.2134,35550,0,0
2024-07-24,30.1533,30.1533,29.0333,29.0333,28.1906,15600,0,0
2024-07-25,29.6533,30.6467,29.5733,30.1933,29.317,27450,0,0
2024-07-26,31.4,31.4,30.5733,31.0133,30.1132,29250,0,0
2024-07-29,30.8533,31.3933,30.78,31.0133,30.1132,15300,0,0
2024-07-30,31.4067,31.96,31.4067,31.8,30.877,12300,0,0
2024-07-31,31.8133,32.6733,31.52,31.52,30.6051,25800,0,0
2024-08-01,34.6067,34.6067,32.6667,33.7,32.7218,37350,0,0
2024-08-02,31.9667,31.9667,30.8533,31.2733,30.3656,36750,0,0
2024-08-05,29.5,30.38,29.3867,29.62,28.7603,25950,0,0
2024-08-06,29.3,31.1333,27.34,30.4867,29.6018,23850,0,0
2024-08-07,30.6867,30.8067,28.98,29.0067,28.1647,22950,0,0
2024-08-08,29.2067,30.0733,29.0267,29.9267,29.058,22800,0,0
2024-08-09,29.6067,29.7,29.0867,29.62,28.7603,27600,0,0
2024-08-12,29.4667,29.6467,29.0333,29.14,28.2942,22950,0,0
2024-08-13,29.4467,29.4467,28.8667,29.2933,28.5607,16200,0.12,0
2024-08-14,29.3333,29.48,29.0667,29.2733,28.5412,12600,0,0
2024-08-15,29.8733,30.4,29.7533,29.9467,29.1977,27750,0,0
2024-08-16,29.94,30.1133,29.8933,29.9067,29.1587,19200,0,0
2024-08-19,30.0733,30.16,29.9733,30.16,29.4057,7650,0,0
2024-08-20,30.18,30.18,29.5133,29.5133,28.7752,10950,0,0
2024-08-21,29.7867,30.3267,29.7867,30.3267,29.5682,17400,0,0
2024-08-22,30.1133,30.3667,29.7467,30,29.2497,29700,0,0
2024-08-23,30.5867,31.9733,30.32,31.8667,31.0697,36600,0,0
2024-08-26,31.8133,32.1333,31.3333,31.4733,30.6862,42300,0,0
2024-08-27,31.1933,31.3267,30.6267,30.8667,30.0947,16950,0,0
2024-08-28,31.02,31.3667,30.4733,31.36,30.5757,39900,0,0
2024-08-29,31.06,31.5867,30.4467,31.2667,30.4847,39600,0,0
2024-08-30,30.5933,31.5,30.5933,31.36,30.5757,39300,0,0
2024-09-03,31.32,31.32,30.1667,30.54,29.7762,18150,0,0
2024-09-04,30.18,30.3267,29.9133,29.9533,29.2042,15900,0,0
2024-09-05,30.4533,30.4533,29.5333,29.7333,28.9897,12600,0,0
2024-09-06,29.4267,30,28.9933,29.3267,28.5932,18150,0,0
2024-09-09,29.5,30.2933,29.2533,29.6467,28.9052,45450,0,0
2024-09-10,29.5,30.36,29.1333,29.94,29.1912,31200,0,0
2024-09-11,29.6867,30.4733,29.6867,30.4733,29.7112,22800,0,0
2024-09-12,30.8333,30.8333,30.3667,30.6333,29.8672,13650,0,0
2024-09-13,30.9133,31.74,30.9133,31.5933,30.8032,12450,0,0
2024-09-16,31.9333,31.9333,31.14,31.6667,30.8747,13350,0,0
2024-09-17,32.16,32.6733,31.6333,32.0667,31.2647,27450,0,0
2024-09-18,31.5733,33.0867,31.1133,32.0667,31.2647,22200,0,0
2024-09-19,33.0733,33.52,32.5467,33.14,32.3112,22200,0,0
2024-09-20,32.2133,33.3333,31.9667,32.1867,31.3817,93900,0,0
2024-09-23,32.2067,32.32,32.0333,32.18,31.3752,19650,0,0
2024-09-24,32.5733,32.8133,31.8133,31.88,31.0827,56550,0,0
2024-09-25,31.6267,31.8133,31.48,31.7133,30.9202,12900,0,0
2024-09-26,32,32.2533,31.8667,32.04,31.2387,23100,0,0
2024-09-27,32.86,33.1267,31.6067,32.08,31.2777,20550,0,0
2024-09-30,31.74,32.2067,31.4867,31.9667,31.1672,26700,0,0
2024-10-01,32.0267,32.0267,31.3133,31.5,30.7122,15000,0,0
2024-10-02,31.3467,31.3467,30.64,30.64,29.8737,10350,0,0
2024-10-03,30.1933,30.2733,29.96,30.0333,29.2822,12150,0,0
2024-10-04,30.6533,30.6533,30.4467,30.4467,29.6852,7950,0,0
2024-10-07,30.5533,30.5533,30.2,30.2,29.4447,7200,0,0
2024-10-08,30.0333,30.3467,29.8733,30.34,29.5812,11250,0,0
2024-10-09,30.6667,30.6667,30.5,30.58,29.8152,9300,0,0
2024-10-10,30.0067,30.2133,30,30.0067,29.2562,10500,0,0
2024-10-11,30.4267,30.86,30.4,30.8533,30.0817,10800,0,0
2024-10-14,30.9333,30.9867,30.4467,30.7933,30.0232,16950,0,0
2024-10-15,30.88,30.88,29.8867,29.9333,29.1847,30150,0,0
2024-10-16,30.4,31.16,30.4,31.1133,30.3352,14700,0,0
2024-10-17,30.6667,31.4,30.5933,31.4,30.6147,26550,0,0
2024-10-18,31.4933,31.4933,30.6533,30.8933,30.1207,10050,0,0
2024-10-21,30.5867,30.5867,29.8133,30.04,29.2887,18450,0,0
2024-10-22,29.7,30.34,29.7,30.0733,29.3212,11550,0,0
2024-10-23,30.1267,30.66,29.2067,30.66,29.8932,18150,0,0
2024-10-24,30.6667,30.8533,30.5267,30.7467,29.9777,22050,0,0
2024-10-25,31.3333,31.5267,30.8733,30.92,30.1467,11250,0,0
2024-10-28,31.4,31.7333,31.3267,31.38,30.5952,33150,0,0
2024-10-29,30.9933,32.2067,30.9933,31.5933,30.8032,31650,0,0
2024-10-30,31.8867,34.86,31.8667,34.0067,33.1561,42450,0,0
2024-10-31,33.7133,34.2067,32.3733,32.3733,31.5637,27900,0,0
2024-11-01,33.1133,33.4,32.7267,33.3067,32.4736,24150,0,0
2024-11-04,33.3667,33.9333,33.3667,33.6867,32.8441,18450,0,0
2024-11-05,34,34.9667,34,34.8067,33.9361,19200,0,0
2024-11-06,36.6667,39.0733,36.66,38.5533,37.5891,96000,0,0
2024-11-07,38.3333,38.3333,37.3467,37.7733,36.8286,38250,0,0
2024-11-08,38.02,38.1067,36.72,37.2,36.2696,46350,0,0
2024-11-11,37.96,38.6133,37.5467,38.2933,37.3356,22950,0,0
2024-11-12,37.7,37.8933,36.32,36.8933,36.0837,59850,0.12,0
2024-11-13,37.0267,37.62,37.0267,37.12,36.3054,22800,0,0
2024-11-14,36.9533,36.9533,36.2,36.4533,35.6533,27450,0,0
2024-11-15,36.8467,36.8467,35.7267,36.22,35.4251,16800,0,0
2024-11-18,36.5867,36.7267,35.74,35.74,34.9557,30000,0,0
2024-11-19,35.4867,35.4867,35.22,35.4133,34.6362,12150,0,0
2024-11-20,34.6667,35.2267,34.5467,35.2267,34.4536,21900,0,0
2024-11-21,35.0733,36.3,35.0733,36.26,35.4643,16050,0,0
2024-11-22,36.62,37.1467,36.4667,37.06,36.2467,21300,0,0
2024-11-25,37.9333,38.7933,37.72,38.26,37.4204,53250,0,0
2024-11-26,37.28,37.6933,37.1667,37.3933,36.5727,13200,0,0
2024-11-27,37.48,37.78,37.1467,37.78,36.9509,12150,0,0
2024-11-29,38.04,38.1667,37.8067,38.0067,37.1726,15450,0,0
2024-12-02,38.2067,38.5533,38.16,38.16,37.3226,17550,0,0
2024-12-03,38.46,38.46,37.0733,37.08,36.2663,13800,0,0
2024-12-04,38.1133,38.1133,36.96,37.8067,36.977,22200,0,0
2024-12-05,37.5467,37.7467,37.36,37.3667,36.5466,13650,0,0
2024-12-06,37.58,38.3067,37.5733,38.3067,37.466,12450,0,0
2024-12-09,38.8133,38.8133,37.6,37.82,36.99,22950,0,0
2024-12-10,37.6133,37.9,36.9667,36.9867,36.175,39000,0,0
2024-12-11,37.2,38.08,37.1933,37.2733,36.4554,45300,0,0
2024-12-12,37.3667,38.2533,36.96,37.9467,37.1139,30750,0,0
2024-12-13,37.56,37.78,36.4,37.0067,36.1945,41550,0,0
2024-12-16,36.6867,37.4933,36.6867,37.4667,36.6444,17100,0,0
2024-12-17,36.7667,36.8333,36.3733,36.7333,35.9272,33600,0,0
2024-12-18,36.7267,37.4067,35.1267,35.62,34.8383,43800,0,0
2024-12-19,36.5733,36.5733,35.3133,35.3133,34.5384,30900,0,0
2024-12-20,34.4133,36.3733,34.4133,36.2933,35.4969,154200,0,0
2024-12-23,36.06,36.06,34.74,35.5733,34.7927,35250,0,0
2024-12-24,35.7667,36.32,35.7667,36.32,35.5229,8400,0,0
2024-12-26,36.0733,36.8467,36.0067,36.7933,35.9859,12750,0,0
2024-12-27,36.6067,36.6067,35.7867,36.2533,35.4577,20850,0,0
2024-12-30,35.7067,36.4333,35.64,36.1933,35.3991,11100,0,0
2024-12-31,36.1933,36.3133,36.1933,36.2933,35.4969,7800,0,0
2025-01-02,36.3,36.7133,35.8667,35.9,35.1122,28050,0,0
2025-01-03,35.8867,36.2533,35.8467,36.0867,35.2947,31200,0,0
2025-01-06,36.0467,36.6,36.0467,36.3333,35.536,27900,0,0
2025-01-07,35.8867,36.2467,35.6067,35.98,35.1904,28500,0,0
2025-01-08,35.86,35.86,35.3467,35.8333,35.047,21150,0,0
2025-01-10,35,35.3667,34.8733,35.08,34.3102,33900,0,0
2025-01-13,35.2733,35.9333,35.2733,35.78,34.9948,34200,0,0
2025-01-14,35.68,36.94,35.68,36.7933,35.9859,30900,0,0
2025-01-15,37.3333,37.98,37.2267,37.3667,36.5466,34350,0,0
2025-01-16,37.14,37.8667,37.14,37.56,36.7357,25950,0,0
2025-01-17,37.78,38.1333,36.1733,36.74,35.9337,91350,0,0
2025-01-21,37.1867,37.8667,37,37.2933,36.4749,34350,0,0
2025-01-22,37.0667,37.0667,36.2933,36.7,35.8946,34200,0,0
2025-01-23,37.02,37.2467,37.02,37.2467,36.4293,32700,0,0
2025-01-24,36.9067,38.12,36.9067,38.0067,37.1726,24750,0,0
2025-01-27,37.8,38.3933,37.4467,37.52,36.6966,62550,0,0
2025-01-28,37.72,38.36,37.3133,37.9867,37.153,30450,0,0
2025-01-29,38.0667,38.4467,37.6733,38.3,37.4595,29100,0,0
2025-01-30,38.86,39.1933,38.54,38.7467,37.8964,22050,0,0
2025-01-31,38.6933,38.8933,37.4667,38.2133,37.3747,35250,0,0
2025-02-03,37.0267,37.9133,37.0267,37.74,36.9118,25950,0,0
2025-02-04,37.52,38.0867,37.52,37.9,37.0683,25200,0,0
2025-02-05,38.04,38.3533,37.8533,38.2067,37.3682,42150,0,0
2025-02-06,38.36,38.5133,38.08,38.1867,37.3486,15000,0,0
2025-02-07,38.3933,38.3933,37.28,37.8333,37.0031,22200,0,0
2025-02-10,37.4,37.8533,37.2867,37.46,36.6379,35550,0,0
2025-02-11,37.02,38.4267,37.02,38.1533,37.316,20700,0,0
2025-02-12,37.4933,37.9667,37.3933,37.62,36.7944,19350,0,0
2025-02-13,37.6133,38.36,37.6133,38.36,37.5182,18900,0,0
2025-02-14,38.6667,39,38.1667,38.1667,37.3291,28950,0,0
2025-02-18,38.3667,38.5867,38.0867,38.4867,37.6421,22050,0,0
2025-02-19,37.9733,41.0333,37.9733,38.9667,38.1115,69150,0,0
2025-02-20,38.6667,38.6667,36.3933,36.6533,35.849,42600,0,0
2025-02-21,37.2267,37.2267,34.8333,34.9,34.1341,32850,0,0
2025-02-24,35.2533,35.2533,34.4533,34.4533,33.6972,29550,0,0
2025-02-25,34.74,35.76,34.74,35.24,34.4666,46200,0,0
2025-02-26,36,36.76,35.9067,36.7533,35.9468,46050,0,0
2025-02-27,36.82,37.3467,36.0467,37.1,36.2858,23400,0,0
2025-02-28,36.8733,37.96,36.8733,37.96,37.1269,54750,0,0
2025-03-03,37.0667,38.3067,37.0667,37.5667,36.8588,34350,0.12,0
2025-03-04,36,37.16,36,36.54,35.8515,37050,0,0
2025-03-05,35.68,37.4533,35.68,36.9133,36.2177,28200,0,0
2025-03-06,35.58,37.3333,35.58,36.8933,36.1981,29700,0,0
2025-03-07,36.56,37.2933,36.3067,36.7933,36.1,36300,0,0
2025-03-10,36.1667,37.3133,35.6533,35.9133,35.2366,46200,0,0
2025-03-11,36.28,36.48,35.8133,36.3,35.616,33600,0,0
2025-03-12,36.48,36.7133,35.6667,36.6667,35.9757,80250,0,0
2025-03-13,36.6267,36.6333,34.7667,34.9933,34.3339,36000,0,0
2025-03-14,35.2333,36.0867,34.8067,36.06,35.3805,40050,0,0
2025-03-17,35.8,36.2533,35.5533,35.9933,35.3151,30600,0,0
2025-03-18,35.76,36.4467,35.58,35.7333,35.06,48600,0,0
2025-03-19,36.1733,37.6267,35.8667,37.4267,36.7214,59850,0,0
2025-03-20,36.8467,37.74,36.8467,37.2933,36.5906,54000,0,0
2025-03-21,36.72,37.38,36.58,37.1333,36.4336,145650,0,0
2025-03-24,37.7333,39.2,37.7333,39.06,38.324,74700,0,0
2025-03-25,38.7667,39.04,38.1267,38.62,37.8923,65250,0,0
2025-03-26,38.6867,38.7267,38.0933,38.7133,37.9838,40950,0,0
2025-03-27,38.7933,39.18,38.1733,38.9533,38.2193,69150,0,0
2025-03-28,39.06,39.06,37.62,38.1867,37.4671,52950,0,0
2025-03-31,37.4133,38.2533,37.1067,37.68,36.97,45300,0,0
2025-04-01,38.26,39.1133,38.26,38.9867,38.252,57450,0,0
2025-04-02,38.5133,39.7467,38.5133,39.68,38.9323,27900,0,0
2025-04-03,37.5533,37.78,36.1733,36.3333,35.6487,36900,0,0
2025-04-04,34.8867,36.4733,34.5867,35.62,34.9488,50700,0,0
2025-04-07,34.56,36.86,34.56,35.8067,35.1319,70200,0,0
2025-04-08,37.0867,37.1733,34.98,35.58,34.9095,49200,0,0
2025-04-09,35.78,39.0933,34.9933,38.2933,37.5717,67650,0,0
2025-04-10,37.0067,38.1333,36.68,37.58,36.8718,57900,0,0
2025-04-11,37.18,38.5333,37.06,38.2067,37.4867,37050,0,0
2025-04-14,38.7667,38.7667,37.44,38.1533,37.4344,46800,0,0
2025-04-15,37.8133,38.8267,37.8133,38.7333,38.0034,68400,0,0
2025-04-16,38.68,38.68,37.6333,38.2333,37.5129,61200,0,0
2025-04-17,38.22,38.94,37.98,38.7333,38.0034,56100,0,0
2025-04-21,38.1267,38.2667,37.18,37.5267,36.8195,56400,0,0
2025-04-22,38.0867,38.9533,37.9467,38.7267,37.9969,41550,0,0
2025-04-23,40.02,40.02,38.6467,38.86,38.1277,46500,0,0
2025-04-24,38.5267,39.9533,38.5267,39.5333,38.7884,38550,0,0
2025-04-25,38.9933,39.0733,38.6733,38.8,38.0689,20850,0,0
2025-04-28,38.94,39.24,37.9733,38.1933,37.4736,63600,0,0
2025-04-29,37.8267,39.1067,37.8267,38.8867,38.1539,66900,0,0
2025-04-30,38.18,38.6533,37.54,38.56,37.8334,54000,0,0
2025-05-01,38.64,38.9733,37.9933,38.3133,37.5914,65250,0,0
2025-05-02,38.3333,40.6,37.32,37.6133,36.9046,76350,0,0
2025-05-05,37.4533,38.26,36.0133,36.0133,35.3347,36300,0,0
2025-05-06,35.8067,36.18,35.2867,35.5733,34.903,26100,0,0
2025-05-07,35.86,35.86,35.16,35.48,34.8114,25650,0,0
2025-05-08,35.6333,36.28,35.52,35.8933,35.217,26700,0,0
2025-05-09,35.78,35.8467,35.2933,35.6,34.9292,24150,0,0
2025-05-12,36.82,37.8133,36.3867,36.7667,36.1958,57900,0.12,0
2025-05-13,36.8933,37.84,36.8,37.48,36.8981,42900,0,0
2025-05-14,37.1733,37.76,36.7733,37.34,36.7603,54000,0,0
2025-05-15,37.6667,37.68,37.2533,37.42,36.839,21600,0,0
2025-05-16,37.38,37.7133,37.32,37.5867,37.0031,37800,0,0
2025-05-19,37,37.4533,36.9667,37.3733,36.7931,27600,0,0
2025-05-20,37.84,37.84,36.96,37.08,36.5043,43500,0,0
2025-05-21,36.7533,36.7533,35.7533,35.92,35.3623,39000,0,0
2025-05-22,35.3,35.68,35.2,35.34,34.7913,33000,0,0
2025-05-23,34.4667,35.4267,34.4667,34.9267,34.3844,33150,0,0
2025-05-27,35.3333,36.16,35.32,35.5067,34.9554,54900,0,0
2025-05-28,36.1333,36.1333,34.5333,34.5333,33.9972,43200,0,0
2025-05-29,35.18,35.18,34.14,34.4733,33.9381,35850,0,0
2025-05-30,34.7667,35.1467,34.5933,34.8133,34.2728,41100,0,0
2025-06-02,34.5933,34.5933,34.02,34.18,33.6493,28050,0,0
2025-06-03,34.12,34.96,34.12,34.7467,34.2072,28950,0,0
2025-06-04,34.7533,34.9267,34.5267,34.7133,34.1744,27000,0,0
2025-06-05,34.5733,35.4333,34.54,34.7667,34.2269,21450,0,0
2025-06-06,35.4667,35.4667,34.8067,35.1267,34.5813,22650,0,0
2025-06-09,34.9867,35.2867,34.3533,34.3533,33.82,67800,0,0
2025-06-10,34.7267,35.26,34.7267,35.0867,34.5419,34650,0,0
2025-06-11,35.1867,35.5333,34.6867,35.34,34.7913,99750,0,0
2025-06-12,34.8,35.2,34.5067,34.9533,34.4107,157350,0,0
2025-06-13,34.3867,34.56,33.1533,33.54,33.0193,154050,0,0
2025-06-16,33.88,34.4067,33.46,33.8733,33.3474,200700,0,0
2025-06-17,33.4267,33.86,33.12,33.2333,32.7174,162300,0,0
2025-06-18,33.1933,34.14,32.8333,33.68,33.1571,170250,0,0
2025-06-20,34.06,34.68,33.7133,33.8667,33.3409,222000,0,0
2025-06-23,33.7467,34.3667,33.3,34.26,33.7281,114600,0,0
2025-06-24,34.72,35.2,34.1667,34.8867,34.345,134100,0,0
2025-06-25,34.6733,34.8667,33.6733,34.48,33.9447,119850,0,0
2025-06-26,34.4333,35.0533,34.4,35.0533,34.5091,163650,0,0
2025-06-27,35.3333,36.18,34.5733,35.7733,35.2179,447300,0,0
2025-06-30,35.7533,35.7667,34.86,34.9867,34.4435,81600,0,0
2025-07-01,34.6667,37.3867,34.6667,36.54,35.9727,153600,0,0
2025-07-02,36.4133,37.1533,36.32,36.9333,36.3599,66750,0,0
2025-07-03,37.3,37.4267,36.66,37.1067,36.5306,120300,0,0
2025-07-07,36.9467,37.2533,36.0867,36.1733,35.6117,101850,0,0
2025-07-08,36.14,36.5667,35.4,35.66,35.1064,156600,0,0
2025-07-09,36.1267,36.3533,35.66,36.2333,35.6708,102000,0,0
2025-07-10,35.94,37.1533,35.94,36.9733,36.3993,250950,0,0
2025-07-11,36.5667,36.5667,35.9267,36.0133,35.4542,240150,0,0
2025-07-14,35.84,36.58,35.5667,36.48,35.9136,148350,0,0
2025-07-15,35.8867,36.4667,35.4333,35.58,35.0276,125100,0,0
2025-07-16,35.6533,35.7533,35.12,35.5467,34.9948,46350,0,0
2025-07-17,35.4,36.12,35.32,35.7667,35.2114,90450,0,0
2025-07-18,36.04,36.04,34.6667,34.9733,34.4304,54600,0,0
2025-07-21,35.28,35.28,34.66,34.84,34.2991,59400,0,0
2025-07-22,34.88,36.0333,34.88,35.7467,35.1917,63150,0,0
2025-07-23,35.9267,36.6,35.9267,36.4933,35.9268,30150,0,0
2025-07-24,36.4133,36.4467,36.0533,36.28,35.7167,25350,0,0
2025-07-25,36.2067,36.8733,36.2067,36.7467,36.1762,28950,0,0
2025-07-28,36.7867,36.7867,36.22,36.5333,35.9661,49650,0,0
2025-07-29,36.9467,37.1667,36.3,36.3933,35.8283,56100,0,0
2025-07-30,36.8067,36.8067,35.2267,35.5533,35.0014,78300,0,0
2025-07-31,35.0667,37.2,35.0667,36.2067,35.6445,42600,0,0
2025-08-01,35.4667,36.1133,34.9067,34.9067,34.3647,87450,0,0
2025-08-04,35.2733,35.78,34.8333,35.5867,35.0342,117750,0,0
2025-08-05,35.76,36.82,35.54,36.4067,35.8414,90600,0,0
2025-08-06,36.4667,36.7333,35.9133,36.5933,36.0252,110700,0,0
2025-08-07,36.7133,36.7867,36.24,36.3,35.7364,72300,0,0
2025-08-08,36.4467,36.9133,35.9467,36.82,36.2484,150750,0,0
2025-08-11,37.1333,37.4667,36.3933,36.8133,36.2418,109950,0,0
2025-08-12,37.1467,38.6333,36.8867,38.6333,38.1649,176850,0.126667,0
2025-08-13,39.02,40,38.5333,39.88,39.3964,89100,0,0
2025-08-14,39.2067,39.2067,37.5867,38.12,37.6577,65100,0,0
2025-08-15,38.4533,38.6533,37.1467,37.3533,36.9004,69150,0,0
2025-08-18,37.6667,37.76,37.14,37.2133,36.7621,82500,0,0
2025-08-19,37.4333,38.08,37.2733,37.9867,37.526,104100,0,0
2025-08-20,38.0267,38.0267,37.06,37.06,36.6106,74100,0,0
2025-08-21,36.6667,37.3067,35.86,37.2,36.7489,94200,0,0
2025-08-22,37.4867,39.7267,37.4,39.48,39.0013,106200,0,0
2025-08-25,38.22,39.2867,38.22,38.94,38.4678,60150,0,0
2025-08-26,39.16,39.2667,38.8067,38.8333,38.3624,57150,0,0
2025-08-27,38.76,39.4667,38.76,39.4667,38.9881,54450,0,0
2025-08-28,38.94,39.2533,38.8667,39.1467,38.672,21600,0,0
2025-08-29,38.98,38.98,38.5,38.6933,38.2241,24300,0,0
2025-09-02,38.3067,38.4667,38.1933,38.3867,37.9212,46800,0,0
2025-09-03,38.0933,38.5867,37.86,38.4467,37.9805,45300,0,0
2025-09-04,38.5933,39.8267,38.52,39.8267,39.3437,44700,0,0
2025-09-05,39.9933,39.9933,39.2333,39.44,38.9617,45900,0,0
2025-09-08,39.12,39.3267,38.9067,39.32,38.8432,52950,0,0
2025-09-09,38.82,38.82,38.3,38.4333,37.9673,49950,0,0
2025-09-10,38.5733,38.5733,37.4867,37.6533,37.1967,51750,0,0
2025-09-11,37.6067,39.5067,37.6067,39.4067,38.9288,130050,0,0
2025-09-12,39.04,39.24,38.1333,38.5467,38.0792,89100,0,0
2025-09-15,38.7933,39.5,38.4133,39,38.5271,75000,0,0
2025-09-16,39.0467,39.5733,38.7533,39.32,38.8432,73500,0,0
2025-09-17,39.34,39.82,38.44,38.6267,38.1583,68850,0,0
2025-09-18,39.3667,40.1133,39.1133,39.8933,39.4096,105900,0,0
2025-09-19,39.8933,39.8933,38.68,39.3533,38.8761,305400,0,0
2025-09-22,38.9133,39.2933,38.86,39.04,38.5666,97800,0,0
2025-09-23,39.0533,39.8733,39.0467,39.3267,38.8498,114150,0,0
2025-09-24,39.2733,39.4667,38.6867,38.9467,38.4744,102600,0,0
2025-09-25,38.7133,39.1467,38.4267,38.82,38.3493,66600,0,0
2025-09-26,39.1867,39.1867,38.4867,38.4933,38.0266,49350,0,0
2025-09-29,38.3667,38.4333,37.7467,37.9933,37.5326,82200,0,0
2025-09-30,37.6133,38.8333,37.6133,38.28,37.8158,93000,0,0
2025-10-01,38.0467,38.5533,37.68,38.3467,37.8817,89250,0,0
2025-10-02,38.2267,38.6667,37.9867,38.52,38.0529,66750,0,0
2025-10-03,38.52,39.4533,37.6133,37.7733,37.3153,130350,0,0
2025-10-06,38.0867,38.2533,36.2867,36.4267,35.9849,83250,0,0
2025-10-07,36.4067,36.6933,35.8933,35.9667,35.5305,86700,0,0
2025-10-08,35.8333,36.8733,35.8333,36.82,36.3735,40500,0,0
2025-10-09,36.6533,36.9,36.1467,36.7733,36.3274,48600,0,0
2025-10-10,36.7733,37.0267,36.4267,36.7467,36.3011,58200,0,0
2025-10-13,36.98,37.8867,36.8133,37.1867,36.7357,40500,0,0
2025-10-14,37.28,38.5133,37,37.8867,37.4272,72600,0,0
2025-10-15,38.0467,38.4067,37.2267,37.3467,36.8938,71400,0,0
2025-10-16,37.6467,37.6467,37.2467,37.6267,37.1704,38250,0,0
2025-10-17,37.58,37.6933,37.3067,37.34,36.8872,41700,0,0
2025-10-20,37.44,37.8733,37.2267,37.6667,37.2099,21450,0,0
2025-10-21,37.4867,38.0733,37.4,38.0267,37.5655,24000,0,0
2025-10-22,38.0267,38.0267,37.3333,37.5933,37.1375,26400,0,0
2025-10-23,37.6733,37.8,36.8933,37.0467,36.5974,39150,0,0
2025-10-24,37.28,37.3933,36.8267,37.04,36.5908,20850,0,0
2025-10-27,37.1467,37.6,36.34,36.3467,35.9059,40050,0,0
2025-10-28,36.18,36.6133,35.7733,35.82,35.3856,32850,0,0
2025-10-29,36.1133,36.7933,35.3533,36.1867,35.7479,37950,0,0
2025-10-30,35.6667,37.2733,35.2867,35.7,35.2671,45450,0,0
2025-10-31,35.42,35.8667,34.82,34.98,34.5558,40200,0,0
2025-11-03,34.8533,34.9,33.3467,33.4133,33.0082,162900,0,0
2025-11-04,32.98,33.48,32.74,33.1133,32.7118,134700,0,0
2025-11-05,33.12,33.94,32.7067,32.9533,32.5537,79050,0,0
2025-11-06,32.7533,33.2133,32.64,32.8533,32.4549,61650,0,0
2025-11-07,32.8867,33.9333,32.8533,33.76,33.3506,62100,0,0
2025-11-10,34.0467,34.5067,33.6333,34.2067,33.7919,43950,0,0
2025-11-11,34.2467,34.72,33.8467,34.46,34.0421,30900,0,0
2025-11-12,34.26,34.7667,34.26,34.3733,34.0818,23850,0.126667,0
2025-11-13,34.4,34.4,33.28,33.4667,33.1828,30300,0,0
2025-11-14,33.3667,33.3667,32.64,32.9667,32.6871,33750,0,0
2025-11-17,32.9733,32.98,31.8067,31.96,31.6889,46950,0,0
2025-11-18,32.02,32.72,32,32.1,31.8277,74250,0,0
2025-11-19,31.9933,32.96,31.9933,32.96,32.6804,81600,0,0
2025-11-20,33.4333,33.4333,32.7733,33.2,32.9184,33600,0,0
2025-11-21,33.1533,34.9733,33.1533,34.6933,34.3991,49800,0,0
2025-11-24,34.7,34.8467,34.2133,34.58,34.2867,62400,0,0
2025-11-25,34.8533,35.6867,34.6867,35.24,34.9411,65100,0,0
2025-11-26,35.02,35.6467,34.7267,35.5133,35.2121,45150,0,0
2025-11-28,35.36,35.58,34.64,35.58,35.2782,29550,0,0
2025-12-01,35.76,35.8067,35.4333,35.48,35.1791,22200,0,0
2025-12-02,35.48,35.6133,34.8067,35.0067,34.7098,42600,0,0
2025-12-03,35.1733,36.6533,34.7667,36.6,36.2896,57300,0,0
2025-12-04,36.6867,38.2,36.6867,37.2933,36.977,42000,0,0
2025-12-05,37.0667,37.3467,36.8533,37.2133,36.8977,36300,0,0
2025-12-08,37.1133,37.1133,36.2267,36.34,36.0318,49050,0,0
2025-12-09,36.56,36.7267,36.42,36.66,36.3491,46050,0,0
2025-12-10,37.2933,40.3733,36.9,39.9333,39.5946,99300,0,0
2025-12-11,40.2467,41.02,40,40.4667,40.1234,73950,0,0
2025-12-12,40.4667,40.5133,39.2133,39.2933,38.9601,42600,0,0
2025-12-15,39.72,39.9733,39.4,39.4733,39.1385,67800,0,0
2025-12-16,39.1667,39.8067,38.82,38.82,38.4907,69750,0,0
2025-12-17,38.7733,39.3133,38.4733,38.92,38.5899,61500,0,0
2025-12-18,38.9267,39.68,38.5267,38.5933,38.266,59250,0,0
2025-12-19,38.4467,39.2333,38.1933,39.0133,38.6824,114900,0,0
2025-12-22,38.82,39.3933,38.5867,38.6,38.2726,46500,0,0
2025-12-23,38.3667,39.2133,38.2067,39.0733,38.7419,44850,0,0
2025-12-24,38.9533,39.0133,38.5267,38.7467,38.418,29250,0,0
2025-12-26,38.3267,38.4867,38.0467,38.32,37.995,29400,0,0
2025-12-29,38.56,38.62,38.3133,38.56,38.2329,22050,0,0
2025-12-30,38.4467,38.4467,37.8733,37.9133,37.5918,22800,0,0
2025-12-31,37.7,37.7,37.0733,37.5067,37.1885,40500,0,0
2026-01-02,36.7733,37.1733,35.9733,36.6933,36.3821,30000,0,0
2026-01-05,36.8333,37.88,36.7867,37.1867,36.8713,39300,0,0
2026-01-06,36.8667,37.7667,36.8667,37.7533,37.4331,29850,0,0
2026-01-07,37.3333,37.44,36.92,37.1467,36.8316,23850,0,0
2026-01-08,36.9133,38.4933,36.9133,38.34,38.0148,28800,0,0
2026-01-09,38.5667,38.5667,37.5733,37.9867,37.6645,32550,0,0
2026-01-12,37.7733,38.18,37.7733,37.9533,37.6314,21450,0,0
2026-01-13,38,38.7267,37.66,38.6533,38.3255,66750,0,0
2026-01-14,38.5733,39.0867,38.2867,39.06,38.7287,56100,0,0
2026-01-15,38.8067,39.66,38.38,39.5133,39.1782,77250,0,0
2026-01-16,39.3067,39.3467,38.8467,39.0667,38.7353,31050,0,0
2026-01-20,38.5533,39.3333,38.5533,39.3267,38.9931,37800,0,0
2026-01-21,39.3333,40.5533,39.3333,40.4867,40.1433,79800,0,0
2026-01-22,40.18,41.1867,40.0933,40.94,40.5928,47550,0,0
2026-01-23,40.38,40.5133,39.78,39.9133,39.5748,34200,0,0
2026-01-26,39.9067,40.1533,39.22,39.5133,39.1782,34350,0,0
2026-01-27,39.84,39.84,39.0333,39.1333,38.8014,19800,0,0
2026-01-28,39.9733,39.9733,38.52,38.6067,38.2792,40350,0,0
2026-01-29,38.6067,38.8933,38.1067,38.52,38.1933,55050,0,0
2026-01-30,38.1067,39.4867,37.7667,39.34,39.0063,36000,0,0
2026-02-02,39.8,40.8733,39.4933,40.62,40.2755,42900,0,0
2026-02-03,40.5267,42.02,40.5267,41.3333,40.9828,74250,0,0
2026-02-04,41.7933,43.44,41.7933,43.3467,42.979,49350,0,0
2026-02-05,43.46,44.1333,42.8867,43.7133,43.3426,89550,0,0
2026-02-06,43,44.5933,41.96,44.3533,43.9771,125850,0,0
2026-02-09,44.8467,44.8467,42.5333,42.66,42.2982,27300,0,0
2026-02-10,42.44,43.3867,42.44,43.2333,42.8666,46950,0,0
2026-02-11,43.5667,43.8333,43.0333,43.5933,43.2236,51600,0,0
2026-02-12,44.0467,44.4467,43.0333,43.4133,43.0451,38250,0,0
2026-02-13,43.3133,43.5133,42.42,42.7933,42.4304,34800,0,0
2026-02-17,43.1667,43.1667,41.92,42.08,41.7231,33600,0,0
2026-02-18,42.08,43.9267,41.88,43.2267,42.86,103050,0,0
2026-02-19,43.28,44.1933,42.06,43.98,43.607,142050,0,0
2026-02-20,43.6467,44.7333,43.2667,44.4933,44.116,97650,0,0
2026-02-23,43.8067,43.8733,42.8,43.26,42.8931,94650,0,0
2026-02-24,43.22,44.5933,43.22,44.54,44.1622,152100,0,0
2026-02-25,44.3667,44.3667,42.98,43.66,43.2897,99300,0,0
2026-02-26,43.42,44.3133,43.42,44.2467,43.8714,75450,0,0
2026-02-27,43.72,44.3,42.6733,43.1,42.7344,72300,0,0
2026-03-02,42.6333,44.3267,42.6333,43.6667,43.2963,94050,0,0
2026-03-03,42.8933,43.0067,41.9,42.9267,42.6864,90000,0.126667,0
2026-03-04,43.4533,43.7467,42.7667,43.0467,42.8057,115200,0,0
2026-03-05,42.7133,42.86,41.38,41.38,41.1484,88200,0,0
2026-03-06,40.9733,41.2067,39.5267,40.0467,39.8225,146850,0,0
2026-03-09,39.3267,40.02,37.7133,39.1533,38.9342,59250,0,0
2026-03-10,38.8267,40.7667,38.46,39.6067,39.385,205800,0,0
2026-03-11,39.38,40.8067,38.9067,40.0667,39.8424,108300,0,0
2026-03-12,39.22,40.5667,39.08,39.7733,39.5507,126900,0,0
2026-03-13,40.0467,40.0467,38.8933,39.7933,39.5706,97950,0,0
2026-03-16,40.5867,40.5867,39.5333,40.16,39.9352,107550,0,0
2026-03-17,40.32,40.7533,39.5867,40.3,40.0744,207150,0,0
2026-03-18,39.92,40.6867,39.2667,40.1533,39.9286,117150,0,0
2026-03-19,39.88,41.2733,39.4,40.9,40.6711,102750,0,0
2026-03-20,40.8467,40.8467,39.5333,40.2,39.975,151050,0,0
2026-03-23,41.12,43.1667,41.0933,41.2333,41.0025,141450,0,0
2026-03-24,40.6867,42.4,40.6867,42.12,41.8842,86700,0,0
2026-03-25,42.74,42.74,41.8933,42.2,41.9638,73050,0,0
2026-03-26,42.1533,42.74,41.7333,42.0667,41.8312,84750,0,0
2026-03-27,41.76,42.3667,41.2267,42.3,42.0632,179850,0,0
2026-03-30,42.3333,42.6867,41.7133,42.4867,42.2489,184800,0,0
2026-03-31,43.5067,43.7133,41.1333,42.9,42.6599,183000,0,0
2026-04-01,43.1,43.56,42.7533,43.2867,43.0444,59400,0,0
2026-04-02,42.3333,43.56,42.1333,43.5133,43.2698,100650,0,0
2026-04-06,43.1733,44.3733,42.4733,44.3733,44.125,123900,0,0
2026-04-07,44.3733,45.08,43.8,44.8,44.5492,116850,0,0
2026-04-08,45.3333,47.3333,45.3133,47.1467,46.8828,152850,0,0
2026-04-09,46.8467,48.46,46.7533,48.38,48.1092,170700,0,0
2026-04-10,48.5133,48.5133,47.54,47.8733,47.6054,125850,0,0
2026-04-13,48.26,48.28,47.42,48.2333,47.9634,99600,0,0
2026-04-14,48.2333,48.6667,47.52,48.5,48.2285,122100,0,0
2026-04-15,48.5,48.5,47.0533,47.4867,47.2209,81900,0,0
2026-04-16,47.1133,47.3867,46.8067,47.1867,46.9226,96450,0,0
2026-04-17,48.0267,50.18,47.5267,49.4667,49.1898,99600,0,0
2026-04-20,48.9733,49.72,48.7333,49.3467,49.0705,74400,0,0
2026-04-21,49.18,49.8667,48.9733,49.2733,48.9975,81600,0,0
2026-04-22,49.2133,49.5133,48.8,49.4333,49.1566,82500,0,0
2026-04-23,49.22,50.96,49.2,50.8667,50.582,81450,0,0
2026-04-24,50.8667,51.6867,50.2733,51.5667,51.278,90900,0,0
2026-04-27,51.2067,52.62,51.2067,52.3067,52.0139,99600,0,0
2026-04-28,52.7533,52.7533,51.0733,51.1,50.814,86100,0,0
2026-04-29,50.2067,51.7,47.1867,47.4533,47.1877,292800,0,0
2026-04-30,47.4133,48.6933,46.84,48.5733,48.3015,104400,0,0
2026-05-01,48.3333,48.5,46.4133,46.7933,46.5314,79800,0,0
2026-05-04,46.8267,46.9667,45.1667,45.1667,44.9139,50100,0,0
2026-05-05,45.7733,46.22,44.62,45.2867,45.0332,114450,0,0
2026-05-06,45.4467,46.6533,44.4533,45.7733,45.5171,169350,0,0
2026-05-07,45.9667,46.7067,45.1733,45.5533,45.2984,207450,0,0
2026-05-08,45.5533,46.3267,44.72,45.72,45.4641,96900,0,0
2026-05-11,45.4,45.7333,44.4267,44.56,44.3106,221100,0,0
2026-05-12,44.4933,44.4933,43.5467,43.96,43.8386,100650,0.126667,0
2026-05-13,43.8333,44,42.3267,42.86,42.7416,90300,0,0
2026-05-14,42.86,44.08,42.86,43.4867,43.3665,62700,0,0
2026-05-15,43.0267,43.24,42.0267,42.6533,42.5355,93000,0,0
2026-05-18,43.2133,43.5933,42.8467,42.8533,42.735,133800,0,0
2026-05-19,42.7533,43.0867,42.1667,42.48,42.3627,97500,0,0
2026-05-20,42.3,43.7533,42.2733,43.6867,43.566,66900,0,0
2026-05-21,43.1733,43.76,42.5667,43.54,43.4197,58200,0,0
2026-05-22,43.2667,43.6133,42.3333,42.92,42.8014,45150,0,0
2026-05-26,43.1133,44.0533,43.1133,43.6733,43.5527,44100,0,0
2026-05-27,43.6733,44.9067,43.6733,44.3867,44.264,104100,0,0
2026-05-28,44.2933,44.4933,43.7467,44.1867,44.0646,58950,0,0
2026-05-29,44.3933,44.3933,43.06,43.2667,43.1471,68250,0,0
2026-06-01,42.9,43.0733,42.0667,42.8333,42.715,52800,0,0
2026-06-02,42.4533,43.4867,42.4533,43.1533,43.0341,59850,0,0
2026-06-03,43.16,43.4867,42.4933,43.1267,43.0075,93150,0,0
2026-06-04,43.9067,43.9267,43.0133,43.86,43.7388,87000,0,0
2026-06-05,43.52,45.18,43.52,44.6667,44.5433,77550,0,0
2026-06-08,44.66,45.5467,44.08,44.1467,44.0247,79650,0,0
2026-06-09,45.3067,46.78,45.12,46.68,46.551,124500,0,0
2026-06-10,46.4933,47.1,45.1533,46.7733,46.6441,102000,0,0
2026-06-11,47.4267,47.6067,46.5267,46.8067,46.6774,140400,0,0
2026-06-12,46.8733,48.1,46.7333,47.28,47.1494,110850,0,0
2026-06-15,47.28,48.2867,47.0467,47.1667,47.0364,131850,0,0
2026-06-16,47.24,48.1333,47.1467,47.68,47.5483,111600,0,0
2026-06-17,48.0667,48.2667,46.0533,46.7867,46.6574,132900,0,0
2026-06-18,47.1333,48.5667,47.1333,48.0867,47.9538,240000,0,0
2026-06-22,47.9267,49.0467,47.9267,48.84,48.7051,80400,0,0
2026-06-23,48.6867,48.6867,47.8667,47.96,47.8275,126300,0,0
2026-06-24,47.9533,49.6867,47.9533,49.66,49.5228,88200,0,0
2026-06-25,49.6533,51.2533,49.6533,50.6733,50.5334,86700,0,0
2026-06-26,50,50.9867,49.4467,50.6067,50.4669,639300,0,0
2026-06-29,50.1333,50.5733,49.2267,50.3733,50.2342,98400,0,0
2026-06-30,50.82,51.0267,49.86,51,50.8591,103650,0,0
2026-07-01,51.0067,51.2667,49.9133,50.1333,49.9948,112200,0,0
2026-07-02,49.9933,50.6,48.8333,50.0533,49.9151,144750,0,0
2026-07-06,49.8467,52.0333,49.6667,51.9533,51.8098,96000,0,0
2026-07-07,51.9867,52,49.46,49.98,49.8419,122250,0,0
2026-07-08,50.12,50.3267,49.2,50.3267,50.1876,136650,0,0
2026-07-09,50.42,50.9333,49.7067,50.3,50.161,131700,0,0
2026-07-10,50.3,51.0467,50.1333,50.5333,50.3937,118650,0,0
2026-07-13,50.5333,51.2667,50.1667,50.5,50.3605,160500,0,0
2026-07-14,50.3733,51.3733,49.6533,50.1267,49.9882,152550,0,0
2026-07-15,50.2933,50.66,49.3533,49.7533,49.6159,109950,0,0
2026-07-16,50.0667,52.2,49.18,52.1667,52.0226,146850,0,0
2026-07-17,51.8067,52.7333,50.1333,50.4933,50.3538,118500,0,0
2026-07-20,50.88,50.9,49.4733,49.6333,49.4962,123450,0,0
2026-07-21,49.4,50.0067,48.84,49.8267,49.689,385650,0,0
2026-07-22,50.0267,50.7333,49.1667,50.4533,50.314,159600,0,0
2026-07-23,49.8333,50.5667,49.7333,50.4933,50.3538,195150,0,0
2026-07-24,50.8067,51.5733,50.2,50.6867,50.5466,313200,0,0
2026-07-27,49.9133,51.7667,49.9133,51,50.8591,220050,0,0
2026-07-28,51.38,51.7467,50.5067,51.5,51.3577,105900,0,0
2026-07-29,52.1267,54.0667,52.1267,52.66,52.5145,244800,0,0
2026-07-30,52.26,52.2867,50.6467,52.0933,51.9494,134850,0,0
2026-07-31,51.5267,52.6667,51.12,51.82,51.6768,130950,0,0
2026-08-03,52.5533,53.14,52.16,52.3133,52.1688,102450,0,0
2026-08-04,52.2733,54.0267,51.8667,54.0267,53.8774,129000,0,0
2026-08-05,54.0267,54.3467,52.82,52.8667,52.7206,112050,0,0
2026-08-06,53.3333,53.5667,51.7267,51.9,51.7566,82200,0,0
2026-08-07,52.28,52.84,51.54,52.6933,52.5478,69600,0,0
2026-08-10,52.7,53,51.76,51.9867,51.8431,85350,0,0
2026-08-11,52.2267,52.7133,51.9333,52.7133,52.5677,60900,0,0
2026-08-12,52.7333,53.46,52.0533,52.44,52.2951,68400,0,0
2026-08-13,53.0333,53.7733,52.2333,53.4867,53.3389,224100,0,0
2026-08-14,53.6667,53.8,52.9067,53.5133,53.3655,124350,0,0
2026-08-17,53.1333,54.26,52.9067,53.4867,53.3389,85950,0,0
2026-08-18,53.1,53.16,52.0933,52.66,52.5145,54150,0,0
2026-08-19,52.96,53.14,52.2067,52.3733,52.2287,106500,0,0
2026-08-20,51.74,52.46,51.4133,51.7133,51.5705,76650,0,0
2026-08-21,52.12,52.86,51.5133,52.7733,52.6276,91500,0,0
2026-08-24,53.04,53.94,52.4333,52.6067,52.4613,111450,0,0
2026-08-25,53.18,53.38,51.2333,51.9267,51.7832,91950,0,0
2026-08-26,52.1733,52.4533,50.8867,51.12,50.9788,76200,0,0
2026-08-27,51.0067,52.9067,50.6733,51.4667,51.3245,125250,0,0
2026-08-28,51.4667,52.3333,51.0667,51.2667,51.125,81600,0,0
2026-08-31,51.3333,51.9467,50.68,51.8267,51.6835,73050,0,0
2026-09-01,51.5,52.62,48.54,49.46,49.3234,67700,0,1.5
2026-09-02,49.52,50.55,48.78,49.26,49.1239,115400,0,0
2026-09-03,49.65,51.15,49.27,50.48,50.3406,78300,0,0
2026-09-04,49.86,52.08,49.86,51.82,51.6768,69600,0,0
2026-09-08,51.85,51.96,50.26,50.68,50.54,95900,0,0
2026-09-09,50.27,50.56,49.66,50.05,50.05,43200,0.14,0
2026-09-10,50.02,50.02,48.56,49.21,49.21,52100,0,0
2026-09-11,50.12,50.7,49.35,49.88,49.88,118100,0,0
2026-09-14,49.89,52.91,49.18,52.6,52.6,325500,0,0
2026-09-15,52.27,54.01,51.86,53.76,53.76,311000,0,0
2026-09-16,53.63,54.85,52.11,53.9,53.9,171500,0,0
2026-09-17,54.72,57.38,54.52,57,57,571400,0,0
2026-09-18,56.94,57.28,55.21,55.42,55.42,1888100,0,0
2026-09-21,55.96,56.08,53.43,53.61,53.61,145500,0,0
2026-09-22,53.96,54.54,53.82,54.46,54.46,72600,0,0
2026-09-23,54.46,55,53.99,54.82,54.82,63800,0,0
2026-09-24,54.64,56.48,54.32,55.01,55.01,111900,0,0
2026-09-25,55.01,56.06,54.7,55.19,55.19,97900,0,0
2026-09-28,55.24,55.38,54.29,55.09,55.09,106200,0,0
2026-09-29,55.06,55.12,53.85,54.52,54.52,83000,0,0
2026-09-30,55.06,55.06,53.56,53.91,53.91,102600,0,0
2026-10-01,53.51,55.25,53.14,54.33,54.33,77200,0,0
2026-10-02,55.16,56.89,54.91,56.71,56.71,110200,0,0
2026-10-05,56.87,57.18,56.06,56.3,56.3,105700,0,0
2026-10-06,56.51,57,56.19,56.54,56.54,62500,0,0
2026-10-07,55.83,55.83,54.52,55.27,55.27,78800,0,0
2026-10-08,54.82,56.42,54.13,56.13,56.13,78000,0,0
