date,open,high,low,close,adj_close,volume,dividend,split
2016-06-03,25.52,25.59,25.503,25.58,20.316,5200,0,0
2016-06-06,25.738,25.738,25.738,25.738,20.4414,200,0,0
2016-06-07,25.738,25.738,25.738,25.738,20.4414,0,0,0
2016-06-08,25.738,25.738,25.738,25.738,20.4414,0,0,0
2016-06-09,25.738,25.738,25.738,25.738,20.4414,0,0,0
2016-06-10,25.48,25.48,25.48,25.48,20.2365,700,0,0
2016-06-13,25.34,25.34,25.34,25.34,20.1254,200,0,0
2016-06-14,25.16,25.16,25,25,19.8553,2100,0,0
2016-06-15,25.14,25.14,25.14,25.14,19.9665,400,0,0
2016-06-16,25.14,25.14,25.14,25.14,19.9665,0,0,0
2016-06-17,25.14,25.14,25.14,25.14,19.9665,0,0,0
2016-06-20,25.49,25.49,25.49,25.49,20.2445,400,0,0
2016-06-21,25.58,25.67,25.58,25.646,20.3684,6300,0,0
2016-06-22,25.74,25.74,25.65,25.65,20.3715,112900,0,0
2016-06-23,25.65,25.65,25.65,25.65,20.3715,0,0,0
2016-06-24,25.69,25.69,25.047,25.213,20.0245,900,0,0
2016-06-27,25.213,25.213,25.213,25.213,20.0245,0,0,0
2016-06-28,25.057,25.057,25.057,25.057,19.9006,400,0,0
2016-06-29,25.27,25.41,25.27,25.41,20.1809,2100,0,0
2016-06-30,25.64,25.72,25.64,25.72,20.4271,800,0,0
2016-07-01,25.9,25.94,25.9,25.93,20.5939,700,0,0
2016-07-05,25.93,25.93,25.93,25.93,20.5939,0,0,0
2016-07-06,25.54,25.69,25.53,25.69,20.4033,900,0,0
2016-07-07,25.69,25.69,25.69,25.69,20.4033,0,0,0
2016-07-08,25.88,25.94,25.88,25.94,20.6019,900,0,0
2016-07-11,26.17,26.241,26.17,26.241,20.8409,1300,0,0
2016-07-12,26.35,26.35,26.35,26.35,20.9275,500,0,0
2016-07-13,26.35,26.35,26.35,26.35,20.9275,0,0,0
2016-07-14,26.35,26.35,26.35,26.35,20.9275,0,0,0
2016-07-15,26.496,26.496,26.445,26.445,21.0029,300,0,0
2016-07-18,26.46,26.55,26.46,26.53,21.0705,1100,0,0
2016-07-19,26.393,26.396,26.393,26.396,20.964,1400,0,0
2016-07-20,26.47,26.47,26.47,26.47,21.0228,400,0,0
2016-07-21,26.559,26.559,26.47,26.47,21.0228,4100,0,0
2016-07-22,26.51,26.6,26.51,26.6,21.1261,1000,0,0
2016-07-25,26.56,26.56,26.56,26.56,21.0943,100,0,0
2016-07-26,26.7,26.7,26.6,26.6,21.1261,1000,0,0
2016-07-27,26.6,26.66,26.6,26.66,21.1737,4100,0,0
2016-07-28,27.16,27.16,26.55,26.6,21.1261,2000,0,0
2016-07-29,26.69,26.713,26.69,26.694,21.2007,500,0,0
2016-08-01,26.76,26.8,26.69,26.69,21.1975,4000,0,0
2016-08-02,26.69,26.69,26.69,26.69,21.1975,0,0,0
2016-08-03,26.69,26.69,26.69,26.69,21.1975,0,0,0
2016-08-04,26.558,26.558,26.558,26.558,21.0927,200,0,0
2016-08-05,26.66,26.66,26.66,26.66,21.1737,400,0,0
2016-08-08,26.7,26.7,26.65,26.67,21.1817,1400,0,0
2016-08-09,26.67,26.67,26.67,26.67,21.1817,0,0,0
2016-08-10,26.757,26.757,26.757,26.757,21.2507,200,0,0
2016-08-11,26.83,26.92,26.83,26.918,21.3786,500,0,0
2016-08-12,26.918,26.918,26.918,26.918,21.3786,0,0,0
2016-08-15,26.99,26.99,26.98,26.98,21.4279,1500,0,0
2016-08-16,26.875,26.875,26.835,26.848,21.323,500,0,0
2016-08-17,26.8,26.8,26.8,26.8,21.2849,300,0,0
2016-08-18,26.8,26.8,26.8,26.8,21.2849,0,0,0
2016-08-19,26.77,26.77,26.76,26.76,21.2531,2700,0,0
2016-08-22,26.74,26.81,26.68,26.78,21.269,3800,0,0
2016-08-23,26.89,26.9,26.89,26.898,21.3627,600,0,0
2016-08-24,26.78,26.78,26.778,26.778,21.2674,600,0,0
2016-08-25,26.78,26.81,26.72,26.75,21.2452,1000,0,0
2016-08-26,26.75,26.75,26.75,26.75,21.2452,0,0,0
2016-08-29,26.6,26.71,26.6,26.709,21.2126,900,0,0
2016-08-30,26.58,26.58,26.565,26.565,21.0983,1500,0,0
2016-08-31,26.565,26.565,26.565,26.565,21.0983,0,0,0
2016-09-01,26.565,26.565,26.565,26.565,21.0983,0,0,0
2016-09-02,26.7,26.79,26.7,26.79,21.277,600,0,0
2016-09-06,26.85,26.95,26.85,26.95,21.404,700,0,0
2016-09-07,26.95,26.96,26.88,26.93,21.3881,2100,0,0
2016-09-08,26.93,26.93,26.93,26.93,21.3881,0,0,0
2016-09-09,26.41,26.415,26.372,26.41,20.9751,5400,0,0
2016-09-12,26.18,26.41,26.17,26.41,20.9751,1100,0,0
2016-09-13,26.26,26.26,26.07,26.07,20.7051,2400,0,0
2016-09-14,26.08,26.08,26.08,26.08,20.7131,400,0,0
2016-09-15,26.13,26.238,26.13,26.238,20.8385,300,0,0
2016-09-16,26.238,26.238,26.238,26.238,20.8385,0,0,0
2016-09-19,26.4,26.41,26.28,26.31,20.8957,1900,0,0
2016-09-20,26.4,26.4,26.37,26.37,20.9434,1000,0,0
2016-09-21,26.456,26.63,26.456,26.63,21.1499,400,0,0
2016-09-22,26.77,26.88,26.77,26.88,21.3484,800,0,0
2016-09-23,26.683,26.683,26.683,26.683,21.192,200,0,0
2016-09-26,26.53,26.55,26.5,26.5,21.0466,43900,0,0
2016-09-27,26.52,26.64,26.52,26.64,21.1578,1100,0,0
2016-09-28,26.66,26.68,26.62,26.649,21.165,2100,0,0
2016-09-29,26.71,26.71,26.55,26.55,21.0863,900,0,0
2016-09-30,26.62,26.68,26.61,26.68,21.1896,600,0,0
2016-10-03,26.49,26.52,26.49,26.51,21.0546,500,0,0
2016-10-04,26.57,26.57,26.38,26.46,21.0149,1900,0,0
2016-10-05,26.52,26.54,26.47,26.54,21.0784,1300,0,0
2016-10-06,26.32,26.464,26.32,26.4,20.9672,2000,0,0
2016-10-07,26.38,26.38,26.22,26.22,20.8243,3400,0,0
2016-10-10,26.38,26.38,26.38,26.38,20.9513,100,0,0
2016-10-11,26.25,26.25,26.15,26.15,20.7687,1500,0,0
2016-10-12,26.11,26.11,26.11,26.11,20.7369,100,0,0
2016-10-13,25.88,26.1,25.88,26.1,20.7289,500,0,0
2016-10-14,26.2,26.2,26.07,26.08,20.7131,2500,0,0
2016-10-17,26.08,26.08,26.08,26.08,20.7131,0,0,0
2016-10-18,26.08,26.08,26.08,26.08,20.7131,0,0,0
2016-10-19,26.08,26.08,26.08,26.08,20.7131,0,0,0
2016-10-20,26.09,26.12,26.07,26.09,20.721,400,0,0
2016-10-21,25.97,26.04,25.97,26.04,20.6813,2100,0,0
2016-10-24,26.1,26.1,26.073,26.073,20.7075,1200,0,0
2016-10-25,26.07,26.07,26.07,26.07,20.7051,700,0,0
2016-10-26,25.966,25.966,25.966,25.966,20.6225,300,0,0
2016-10-27,25.966,25.966,25.966,25.966,20.6225,0,0,0
2016-10-28,25.86,25.86,25.822,25.822,20.5082,300,0,0
2016-10-31,25.91,25.91,25.896,25.896,20.5669,1200,0,0
2016-11-01,25.63,25.64,25.63,25.64,20.3636,900,0,0
2016-11-02,25.66,25.66,25.66,25.66,20.3795,300,0,0
2016-11-03,25.619,25.619,25.619,25.619,20.3469,100,0,0
2016-11-04,25.619,25.619,25.619,25.619,20.3469,0,0,0
2016-11-07,25.73,25.83,25.72,25.83,20.5145,1400,0,0
2016-11-08,25.94,26,25.94,25.98,20.6336,1000,0,0
2016-11-09,25.98,25.98,25.98,25.98,20.6336,0,0,0
2016-11-10,25.686,25.686,25.686,25.686,20.4001,400,0,0
2016-11-11,25.686,25.686,25.686,25.686,20.4001,0,0,0
2016-11-14,25.686,25.686,25.686,25.686,20.4001,0,0,0
2016-11-15,25.94,25.94,25.55,25.55,20.2921,2100,0,0
2016-11-16,25.55,25.55,25.55,25.55,20.2921,0,0,0
2016-11-17,26.01,26.01,25.539,25.539,20.2834,900,0,0
2016-11-18,25.539,25.539,25.539,25.539,20.2834,100,0,0
2016-11-21,25.639,25.689,25.639,25.689,20.4025,500,0,0
2016-11-22,25.73,25.73,25.73,25.73,20.4351,350500,0,0
2016-11-23,25.693,25.727,25.693,25.727,20.4327,200,0,0
2016-11-25,25.12,25.73,25.12,25.73,20.4351,700,0,0
2016-11-28,25.71,25.71,25.71,25.71,20.4192,400,0,0
2016-11-29,26.05,26.14,26.05,26.1,20.7289,1000,0,0
2016-11-30,26.03,26.03,25.99,25.99,20.6416,1700,0,0
2016-12-01,25.9,25.9,25.632,25.76,20.4589,3500,0,0
2016-12-02,25.76,25.76,25.76,25.76,20.4589,100,0,0
2016-12-05,25.96,25.97,25.96,25.97,20.6257,2000,0,0
2016-12-06,25.84,25.84,25.77,25.811,20.4994,600,0,0
2016-12-07,26.22,26.26,26.22,26.26,20.856,2000,0,0
2016-12-08,26.26,26.26,26.26,26.26,20.856,0,0,0
2016-12-09,26.209,26.282,26.209,26.282,20.8735,500,0,0
2016-12-12,26.31,26.31,26.31,26.31,20.8957,600,0,0
2016-12-13,26.4,26.41,26.4,26.41,20.9751,400,0,0
2016-12-14,26.5,26.6,26.5,26.6,21.1261,500,0,0
2016-12-15,26.27,26.27,26.26,26.26,20.856,400,0,0
2016-12-16,26.21,26.21,26.21,26.21,20.8163,700,0,0
2016-12-19,26.281,26.281,26.171,26.171,20.7853,1200,0,0
2016-12-20,25.687,25.687,25.687,25.687,20.8951,300,0.619,0
2016-12-21,25.687,25.687,25.687,25.687,20.8951,0,0,0
2016-12-22,25.61,25.61,25.6,25.6,20.8244,200,0,0
2016-12-23,25.87,25.87,25.58,25.58,20.8081,1300,0,0
2016-12-27,25.67,25.67,25.62,25.63,20.8488,1200,0,0
2016-12-28,25.47,25.528,25.418,25.418,20.6763,2800,0,0
2016-12-29,25.418,25.418,25.418,25.418,20.6763,0,0,0
2016-12-30,25.62,25.62,25.36,25.36,20.6292,500,0,0
2017-01-03,25.36,25.36,25.36,25.36,20.6292,0,0,0
2017-01-04,25.825,25.825,25.825,25.825,21.0074,200,0,0
2017-01-05,25.825,25.825,25.825,25.825,21.0074,0,0,0
2017-01-06,25.825,25.825,25.825,25.825,21.0074,0,0,0
2017-01-09,25.933,25.933,25.933,25.933,21.0953,1200,0,0
2017-01-10,25.933,25.933,25.933,25.933,21.0953,0,0,0
2017-01-11,25.86,25.86,25.86,25.86,21.0359,300,0,0
2017-01-12,25.86,25.86,25.86,25.86,21.0359,0,0,0
2017-01-13,26.01,26.01,25.779,25.779,20.97,1300,0,0
2017-01-17,25.99,26.03,25.955,25.955,21.1132,800,0,0
2017-01-18,25.955,25.955,25.955,25.955,21.1132,0,0,0
2017-01-19,25.892,25.892,25.892,25.892,21.0619,800,0,0
2017-01-20,25.892,25.892,25.892,25.892,21.0619,0,0,0
2017-01-23,25.892,25.892,25.892,25.892,21.0619,0,0,0
2017-01-24,25.892,25.892,25.892,25.892,21.0619,0,0,0
2017-01-25,25.892,25.892,25.892,25.892,21.0619,0,0,0
2017-01-26,26.27,26.27,26.21,26.23,21.3369,800,0,0
2017-01-27,26.11,26.125,25.91,25.91,21.0765,1900,0,0
2017-01-30,25.91,25.91,25.91,25.91,21.0765,0,0,0
2017-01-31,25.91,25.91,25.91,25.91,21.0765,0,0,0
2017-02-01,25.91,25.91,25.91,25.91,21.0765,0,0,0
2017-02-02,26.107,26.107,26.107,26.107,21.2368,600,0,0
2017-02-03,26.15,26.279,26,26.279,21.3767,5200,0,0
2017-02-06,26.61,26.61,26.1,26.1,21.2311,7000,0,0
2017-02-07,26.62,26.62,26.13,26.13,21.2555,400,0,0
2017-02-08,26.13,26.13,26.13,26.13,21.2555,0,0,0
2017-02-09,26.3,26.36,26.3,26.35,21.4345,1000,0,0
2017-02-10,26.39,26.41,26.37,26.41,21.4833,600,0,0
2017-02-13,26.48,26.54,26.48,26.53,21.5809,1700,0,0
2017-02-14,26.53,26.53,26.53,26.53,21.5809,0,0,0
2017-02-15,26.64,26.64,26.64,26.64,21.6704,800,0,0
2017-02-16,26.64,26.64,26.64,26.64,21.6704,0,0,0
2017-02-17,26.64,26.64,26.64,26.64,21.6704,0,0,0
2017-02-21,26.64,26.64,26.64,26.64,21.6704,0,0,0
2017-02-22,26.91,26.94,26.91,26.91,21.89,800,0,0
2017-02-23,26.91,26.91,26.91,26.91,21.89,0,0,0
2017-02-24,26.91,26.91,26.91,26.91,21.89,0,0,0
2017-02-27,27.48,27.48,26.96,26.96,21.9307,1300,0,0
2017-02-28,26.886,26.886,26.886,26.886,21.8705,500,0,0
2017-03-01,27.05,27.05,27.03,27.03,21.9876,300,0,0
2017-03-02,27.041,27.041,27.041,27.041,21.9966,200,0,0
2017-03-03,27.041,27.041,27.041,27.041,21.9966,0,0,0
2017-03-06,27.14,27.14,26.97,26.987,21.9526,166100,0,0
2017-03-07,26.9,26.901,26.765,26.765,21.7721,300,0,0
2017-03-08,26.765,26.765,26.765,26.765,21.7721,0,0,0
2017-03-09,26.94,26.94,26.88,26.88,21.8656,400,0,0
2017-03-10,26.88,26.88,26.88,26.88,21.8656,0,0,0
2017-03-13,27.095,27.114,27.095,27.114,22.0559,1300,0,0
2017-03-14,27.01,27.01,27.01,27.01,21.9714,300,0,0
2017-03-15,27.12,27.14,27.12,27.14,22.0771,500,0,0
2017-03-16,27.35,27.353,27.344,27.353,22.2504,1000,0,0
2017-03-17,27.34,27.34,27.34,27.34,22.2398,700,0,0
2017-03-20,27.45,27.45,27.42,27.42,22.3049,700,0,0
2017-03-21,27.49,27.5,27.278,27.278,22.1894,1100,0,0
2017-03-22,27.17,27.29,27.17,27.29,22.1991,600,0,0
2017-03-23,27.35,27.47,27.333,27.39,22.2805,2600,0,0
2017-03-24,27.46,27.46,27.335,27.39,22.2805,2100,0,0
2017-03-27,27.36,27.38,27.27,27.35,22.2479,1200,0,0
2017-03-28,27.34,27.47,27.34,27.47,22.3455,62200,0,0
2017-03-29,27.4,27.46,27.318,27.46,22.3374,1000,0,0
2017-03-30,27.314,27.34,27.3,27.33,22.2317,15000,0,0
2017-03-31,27.3,27.319,27.259,27.319,22.2227,900,0,0
2017-04-03,27.7,27.7,27,27.219,22.1414,200400,0,0
2017-04-04,27.141,27.141,27.141,27.141,22.0779,200,0,0
2017-04-05,27.35,27.37,27.15,27.15,22.0852,1700,0,0
2017-04-06,27.19,27.22,27.14,27.14,22.0771,2700,0,0
2017-04-07,27.175,27.175,27.175,27.175,22.1056,200,0,0
2017-04-10,27.19,27.19,27.12,27.15,22.0852,1100,0,0
2017-04-11,27.17,27.17,27.143,27.143,22.0795,300,0,0
2017-04-12,26.98,27.033,26.98,27.033,21.9901,700,0,0
2017-04-13,27.13,27.13,27.129,27.129,22.0681,700,0,0
2017-04-17,27.129,27.129,27.129,27.129,22.0681,0,0,0
2017-04-18,27.112,27.12,27.112,27.12,22.0608,1200,0,0
2017-04-19,27.13,27.13,27.05,27.06,22.012,2700,0,0
2017-04-20,27.27,27.27,27.27,27.27,22.1828,100,0,0
2017-04-21,27.182,27.183,27.182,27.183,22.1121,600,0,0
2017-04-24,27.405,27.53,27.405,27.53,22.3943,400,0,0
2017-04-25,27.53,27.53,27.53,27.53,22.3943,0,0,0
2017-04-26,27.64,27.64,27.61,27.61,22.4594,900,0,0
2017-04-27,27.47,27.517,27.47,27.517,22.3838,1700,0,0
2017-04-28,27.52,27.546,27.441,27.5,22.3699,1300,0,0
2017-05-01,28.25,28.25,27.62,27.65,22.492,2900,0,0
2017-05-02,27.619,27.619,27.619,27.619,22.4667,500,0,0
2017-05-03,27.64,27.66,27.6,27.63,22.4757,900,0,0
2017-05-04,27.65,27.668,27.65,27.668,22.5066,2000,0,0
2017-05-05,27.77,27.86,27.745,27.86,22.6628,2300,0,0
2017-05-08,27.86,27.86,27.86,27.86,22.6628,0,0,0
2017-05-09,27.775,27.82,27.775,27.778,22.5961,4100,0,0
2017-05-10,27.75,27.82,27.75,27.82,22.6302,11900,0,0
2017-05-11,27.78,27.79,27.78,27.79,22.6058,800,0,0
2017-05-12,27.79,27.79,27.79,27.79,22.6058,0,0,0
2017-05-15,27.79,27.79,27.79,27.79,22.6058,0,0,0
2017-05-16,28.02,28.02,27.97,27.99,22.7685,2500,0,0
2017-05-17,27.83,27.83,27.75,27.75,22.5733,300,0,0
2017-05-18,27.6,27.6,27.49,27.57,22.4269,600,0,0
2017-05-19,27.835,27.869,27.835,27.869,22.6701,1100,0,0
2017-05-22,27.869,27.869,27.869,27.869,22.6701,0,0,0
2017-05-23,27.965,27.965,27.965,27.965,22.7482,100,0,0
2017-05-24,28.05,28.05,28.05,28.05,22.8173,100,0,0
2017-05-25,28.21,28.22,28.169,28.22,22.9556,800,0,0
2017-05-26,28.17,28.17,28.17,28.17,22.915,1000,0,0
2017-05-30,28.19,28.22,28.19,28.22,22.9556,400,0,0
2017-05-31,28.22,28.22,28.22,28.22,22.9556,0,0,0
2017-06-01,28.324,28.38,28.306,28.38,23.0858,500,0,0
2017-06-02,28.548,28.6,28.548,28.6,23.2647,700,0,0
2017-06-05,28.52,28.53,28.51,28.53,23.2078,1200,0,0
2017-06-06,28.45,28.45,28.43,28.43,23.1265,1300,0,0
2017-06-07,28.33,28.4,28.3,28.4,23.102,3000,0,0
2017-06-08,28.36,28.36,28.33,28.33,23.0451,300,0,0
2017-06-09,28.33,28.33,28.33,28.33,23.0451,0,0,0
2017-06-12,28.202,28.202,28.202,28.202,22.941,200,0,0
2017-06-13,28.34,28.38,28.34,28.38,23.0858,2300,0,0
2017-06-14,28.469,28.469,28.31,28.31,23.0288,5100,0,0
2017-06-15,28.24,28.28,28.24,28.28,23.0044,300,0,0
2017-06-16,28.28,28.28,28.28,28.28,23.0044,0,0,0
2017-06-19,28.52,28.53,28.52,28.53,23.2078,200,0,0
2017-06-20,28.16,28.17,28.1,28.11,23.1296,1500,0.325,0
2017-06-21,28.017,28.017,28.017,28.017,23.0531,0,0,0
2017-06-22,28.08,28.08,28.08,28.08,23.1049,100,0,0
2017-06-23,27.93,27.93,27.93,27.93,22.9815,1200,0,0
2017-06-26,27.93,27.93,27.93,27.93,22.9815,0,0,0
2017-06-27,27.93,27.93,27.93,27.93,22.9815,0,0,0
2017-06-28,27.93,27.93,27.93,27.93,22.9815,0,0,0
2017-06-29,27.802,27.843,27.78,27.843,22.9099,1200,0,0
2017-06-30,27.96,27.96,27.96,27.96,23.0062,200,0,0
2017-07-03,27.96,27.96,27.96,27.96,23.0062,0,0,0
2017-07-05,27.96,27.96,27.96,27.96,23.0062,0,0,0
2017-07-06,27.735,27.735,27.68,27.68,22.7758,32700,0,0
2017-07-07,27.8,27.8,27.8,27.8,22.8745,600,0,0
2017-07-10,27.84,27.84,27.84,27.84,22.9075,300,0,0
2017-07-11,27.78,27.78,27.78,27.78,22.8581,300,0,0
2017-07-12,28.025,28.025,28.025,28.025,23.0597,400,0,0
2017-07-13,28.02,28.16,28.02,28.148,23.1609,4200,0,0
2017-07-14,28.39,28.4,28.387,28.4,23.3682,2100,0,0
2017-07-17,28.4,28.4,28.4,28.4,23.3682,0,0,0
2017-07-18,28.36,28.36,28.36,28.36,23.3353,100,0,0
2017-07-19,28.46,28.46,28.426,28.46,23.4176,500,0,0
2017-07-20,28.56,28.56,28.45,28.45,23.4094,11200,0,0
2017-07-21,28.44,28.48,28.3,28.48,23.4341,2100,0,0
2017-07-24,28.52,28.52,28.26,28.26,23.2531,1200,0,0
2017-07-25,28.26,28.26,28.26,28.26,23.2531,0,0,0
2017-07-26,28.475,28.475,28.396,28.46,23.4176,900,0,0
2017-07-27,28.54,28.54,28.41,28.41,23.3765,600,0,0
2017-07-28,28.201,28.34,28.201,28.34,23.3189,2600,0,0
2017-07-31,28.351,28.37,28.351,28.37,23.3436,1700,0,0
2017-08-01,28.44,28.44,28.44,28.44,23.4012,1000,0,0
2017-08-02,28.458,28.47,28.458,28.47,23.4259,1400,0,0
2017-08-03,28.54,28.54,28.47,28.47,23.4259,1000,0,0
2017-08-04,28.47,28.49,28.47,28.49,23.4423,800,0,0
2017-08-07,28.51,28.55,28.5,28.55,23.4917,1700,0,0
2017-08-08,28.55,28.55,28.55,28.55,23.4917,0,0,0
2017-08-09,28.416,28.48,28.414,28.48,23.4341,1700,0,0
2017-08-10,28.218,28.218,28.12,28.12,23.1379,1100,0,0
2017-08-11,28.2,28.2,28.19,28.19,23.1955,1200,0,0
2017-08-14,28.38,28.38,28.38,28.38,23.3518,700,0,0
2017-08-15,28.37,28.37,28.37,28.37,23.3436,600,0,0
2017-08-16,28.5,28.53,28.5,28.519,23.4662,6300,0,0
2017-08-17,28.29,28.29,28.29,28.29,23.2777,300,0,0
2017-08-18,28.22,28.33,28.18,28.24,23.2366,11300,0,0
2017-08-21,28.3,28.3,28.3,28.3,23.286,200,0,0
2017-08-22,28.5,28.5,28.5,28.5,23.4505,200,0,0
2017-08-23,28.58,28.58,28.47,28.47,23.4259,1000,0,0
2017-08-24,28.45,28.45,28.45,28.45,23.4094,200,0,0
2017-08-25,28.65,28.71,28.57,28.57,23.5081,900,0,0
2017-08-28,28.57,28.57,28.57,28.57,23.5081,200,0,0
2017-08-29,28.57,28.57,28.57,28.57,23.5081,200,0,0
2017-08-30,28.53,28.76,28.53,28.65,23.574,1800,0,0
2017-08-31,28.69,28.87,28.69,28.81,23.7056,700,0,0
2017-09-01,28.98,28.99,28.87,28.87,23.755,700,0,0
2017-09-05,28.828,28.828,28.68,28.68,23.5986,500,0,0
2017-09-06,28.849,28.849,28.8,28.8,23.6974,400,0,0
2017-09-07,29.04,29.06,28.97,28.97,23.8373,900,0,0
2017-09-08,28.97,28.97,28.97,28.97,23.8373,200,0,0
2017-09-11,29.1,29.19,29.1,29.19,24.0183,600,0,0
2017-09-12,29.75,29.75,29.25,29.25,24.0676,1100,0,0
2017-09-13,29.15,29.2,28.78,29.15,23.9854,2100,0,0
2017-09-14,29.23,29.24,29.22,29.24,24.0594,700,0,0
2017-09-15,29.24,29.24,29.24,29.24,24.0594,0,0,0
2017-09-18,29.438,29.44,29.409,29.409,24.1985,500,0,0
2017-09-19,29.409,29.409,29.409,29.409,24.1985,0,0,0
2017-09-20,29.389,29.389,29.389,29.389,24.182,400,0,0
2017-09-21,29.344,29.344,29.326,29.326,24.1302,300,0,0
2017-09-22,29.326,29.326,29.326,29.326,24.1302,0,0,0
2017-09-25,29.29,29.29,29.29,29.29,24.1006,300,0,0
2017-09-26,29.203,29.249,29.203,29.249,24.0668,700,0,0
2017-09-27,29.249,29.249,29.249,29.249,24.0668,0,0,0
2017-09-28,29.26,29.26,29.26,29.26,24.0759,200,0,0
2017-09-29,29.25,29.31,29.25,29.31,24.117,300,0,0
2017-10-02,29.37,29.48,29.37,29.48,24.2569,1000,0,0
2017-10-03,29.533,29.533,29.533,29.533,24.3005,200,0,0
2017-10-04,29.61,29.61,29.61,29.61,24.3639,200,0,0
2017-10-05,29.54,29.68,29.54,29.599,24.3548,1100,0,0
2017-10-06,29.59,29.6,29.556,29.6,24.3556,900,0,0
2017-10-09,29.6,29.6,29.6,29.6,24.3556,0,0,0
2017-10-10,29.7,29.781,29.7,29.781,24.5046,500,0,0
2017-10-11,29.836,29.836,29.803,29.803,24.5227,1000,0,0
2017-10-12,29.82,29.92,29.82,29.92,24.6189,500,0,0
2017-10-13,30.059,30.059,30.05,30.05,24.7259,900,0,0
2017-10-16,30.05,30.05,30.05,30.05,24.7259,0,0,0
2017-10-17,29.935,29.935,29.935,29.935,24.6313,300,0,0
2017-10-18,29.98,29.98,29.98,29.98,24.6683,300,0,0
2017-10-19,29.88,29.88,29.88,29.88,24.586,400,0,0
2017-10-20,29.88,29.88,29.88,29.88,24.586,0,0,0
2017-10-23,29.98,29.98,29.93,29.93,24.6272,500,0,0
2017-10-24,29.93,29.93,29.93,29.93,24.6272,0,0,0
2017-10-25,30.02,30.02,29.796,29.84,24.5531,900,0,0
2017-10-26,29.76,29.76,29.43,29.43,24.2158,1100,0,0
2017-10-27,29.43,29.43,29.43,29.43,24.2158,0,0,0
2017-10-30,29.76,29.88,29.76,29.76,24.4873,600,0,0
2017-10-31,29.87,29.87,29.87,29.87,24.5778,800,0,0
2017-11-01,29.95,29.95,29.876,29.94,24.6354,1600,0,0
2017-11-02,29.843,29.843,29.843,29.843,24.5556,300,0,0
2017-11-03,29.67,29.82,29.67,29.82,24.5367,500,0,0
2017-11-06,30,30,30,30,24.6848,700,0,0
2017-11-07,29.87,29.926,29.8,29.82,24.5367,3100,0,0
2017-11-08,29.938,30.08,29.92,29.95,24.6436,2500,0,0
2017-11-09,30.04,30.04,29.71,29.85,24.5613,4300,0,0
2017-11-10,30,30,29.71,29.85,24.5613,7700,0,0
2017-11-13,29.84,29.84,29.76,29.84,24.5531,5600,0,0
2017-11-14,29.76,29.76,29.69,29.73,24.4626,13900,0,0
2017-11-15,29.606,29.635,29.606,29.635,24.3844,300,0,0
2017-11-16,29.887,29.887,29.861,29.861,24.5704,800,0,0
2017-11-17,29.861,29.861,29.861,29.861,24.5704,0,0,0
2017-11-20,29.94,29.99,29.94,29.99,24.6765,1200,0,0
2017-11-21,30.135,30.18,30.135,30.18,24.8329,1300,0,0
2017-11-22,30.198,30.198,30.19,30.19,24.8411,1200,0,0
2017-11-24,30.26,30.27,30.26,30.27,24.9069,400,0,0
2017-11-27,30.18,30.18,30.17,30.17,24.8247,700,0,0
2017-11-28,30.29,30.335,30.29,30.32,24.9481,800,0,0
2017-11-29,30.38,30.38,30.38,30.38,24.9974,1000,0,0
2017-11-30,30.53,30.541,30.515,30.515,25.1085,600,0,0
2017-12-01,30.515,30.515,30.515,30.515,25.1085,0,0,0
2017-12-04,31.29,31.29,30.44,30.44,25.0468,1100,0,0
2017-12-05,30.36,30.36,30.36,30.36,24.981,300,0,0
2017-12-06,30.3,30.3,30.3,30.3,24.9316,400,0,0
2017-12-07,30.33,30.33,30.33,30.33,24.9563,300,0,0
2017-12-08,30.48,30.48,30.48,30.48,25.0797,200,0,0
2017-12-11,30.56,30.56,30.56,30.56,25.1456,900,0,0
2017-12-12,30.546,30.55,30.546,30.55,25.1373,700,0,0
2017-12-13,30.68,30.71,30.674,30.71,25.269,1000,0,0
2017-12-14,30.93,30.93,30.55,30.55,25.1373,1500,0,0
2017-12-15,30.66,30.66,30.64,30.64,25.2114,600,0,0
2017-12-18,30.85,30.85,30.85,30.85,25.3842,900,0,0
2017-12-19,30.87,30.87,30.805,30.81,25.3513,2700,0,0
2017-12-20,30.35,30.35,30.3,30.337,25.3479,2100,0.469,0
2017-12-21,30.391,30.391,30.391,30.391,25.393,300,0,0
2017-12-22,30.391,30.391,30.391,30.391,25.393,0,0,0
2017-12-26,30.2,30.41,30.2,30.36,25.3671,2800,0,0
2017-12-27,30.36,30.36,30.36,30.36,25.3671,0,0,0
2017-12-28,30.36,30.36,30.36,30.36,25.3671,0,0,0
2017-12-29,30.565,30.565,30.565,30.565,25.5384,300,0,0
2018-01-02,30.66,30.66,30.66,30.66,25.6178,200,0,0
2018-01-03,30.805,30.84,30.805,30.84,25.7682,400,0,0
2018-01-04,30.96,30.96,30.96,30.96,25.8685,300,0,0
2018-01-05,31.035,31.14,31.035,31.124,26.0055,1000,0,0
2018-01-08,31.124,31.124,31.124,31.124,26.0055,0,0,0
2018-01-09,31.124,31.124,31.124,31.124,26.0055,0,0,0
2018-01-10,31.14,31.169,31.14,31.155,26.0314,2200,0,0
2018-01-11,31.2,31.265,31.2,31.265,26.1233,400,0,0
2018-01-12,31.499,31.503,31.447,31.503,26.3222,1300,0,0
2018-01-16,31.687,31.687,31.42,31.46,26.2862,1700,0,0
2018-01-17,31.37,31.63,31.37,31.63,26.4283,500,0,0
2018-01-18,31.63,31.63,31.63,31.63,26.4283,0,0,0
2018-01-19,31.63,31.63,31.63,31.63,26.4283,0,0,0
2018-01-22,31.97,32.045,31.97,32.045,26.775,1000,0,0
2018-01-23,32.098,32.17,32.098,32.17,26.8795,2400,0,0
2018-01-24,32.17,32.17,32.15,32.15,26.8628,800,0,0
2018-01-25,32.23,32.23,32.23,32.23,26.9296,500,0,0
2018-01-26,32.379,32.509,32.379,32.509,27.1627,600,0,0
2018-01-29,32.509,32.509,32.509,32.509,27.1627,0,0,0
2018-01-30,32,32.03,32,32.03,26.7625,500,0,0
2018-01-31,31.98,31.98,31.957,31.957,26.7015,600,0,0
2018-02-01,31.86,31.979,31.85,31.979,26.7199,800,0,0
2018-02-02,31.475,31.475,31.38,31.38,26.2194,1100,0,0
2018-02-05,30.469,30.469,30.365,30.411,25.4097,800,0,0
2018-02-06,30.59,30.59,30.485,30.485,25.4716,900,0,0
2018-02-07,30.54,30.54,30.53,30.53,25.5092,700,0,0
2018-02-08,30.55,30.55,29.8,29.8,24.8992,1100,0,0
2018-02-09,29.58,29.58,29.475,29.475,24.6277,1200,0,0
2018-02-12,30.19,30.254,30.18,30.22,25.2502,1000,0,0
2018-02-13,30.3,30.3,30.3,30.3,25.317,1600,0,0
2018-02-14,30.3,30.3,30.3,30.3,25.317,0,0,0
2018-02-15,30.3,30.3,30.3,30.3,25.317,0,0,0
2018-02-16,31.15,31.15,31.11,31.13,26.0105,16700,0,0
2018-02-20,30.83,30.83,30.71,30.71,25.6596,20900,0,0
2018-02-21,30.76,30.767,30.76,30.767,25.7072,300,0,0
2018-02-22,30.767,30.767,30.767,30.767,25.7072,0,0,0
2018-02-23,30.93,30.93,30.93,30.93,25.8434,300,0,0
2018-02-26,31.34,31.34,31.34,31.34,26.186,300,0,0
2018-02-27,31.34,31.34,31.34,31.34,26.186,0,0,0
2018-02-28,31.34,31.34,31.34,31.34,26.186,0,0,0
2018-03-01,30.07,30.13,30.07,30.13,25.175,1600,0,0
2018-03-02,30.13,30.231,30.13,30.231,25.2593,500,0,0
2018-03-05,30.231,30.231,30.231,30.231,25.2593,0,0,0
2018-03-06,30.231,30.231,30.231,30.231,25.2593,0,0,0
2018-03-07,30.13,30.547,30.13,30.547,25.5234,400,0,0
2018-03-08,30.71,30.724,30.71,30.71,25.6596,900,0,0
2018-03-09,30.71,30.71,30.71,30.71,25.6596,0,0,0
2018-03-12,30.71,30.71,30.71,30.71,25.6596,0,0,0
2018-03-13,30.71,30.71,30.71,30.71,25.6596,0,0,0
2018-03-14,30.898,30.963,30.898,30.963,25.871,1600,0,0
2018-03-15,30.963,30.963,30.963,30.963,25.871,0,0,0
2018-03-16,30.963,30.963,30.963,30.963,25.871,0,0,0
2018-03-19,30.963,30.963,30.963,30.963,25.871,0,0,0
2018-03-20,30.963,30.963,30.963,30.963,25.871,0,0,0
2018-03-21,30.74,30.74,30.74,30.74,25.6846,200,0,0
2018-03-22,30.3,30.3,30.3,30.3,25.317,700,0,0
2018-03-23,30.3,30.3,30.3,30.3,25.317,0,0,0
2018-03-26,29.9,29.977,29.9,29.96,25.0329,1600,0,0
2018-03-27,29.96,29.96,29.96,29.96,25.0329,0,0,0
2018-03-28,29.96,29.96,29.96,29.96,25.0329,0,0,0
2018-03-29,30.035,30.035,30.035,30.035,25.0956,200,0,0
2018-04-02,29.469,29.469,29.469,29.469,24.6227,100,0,0
2018-04-03,29.469,29.469,29.469,29.469,24.6227,0,0,0
2018-04-04,29.88,29.905,29.88,29.905,24.987,3300,0,0
2018-04-05,30.17,30.17,30.17,30.17,25.2084,200,0,0
2018-04-06,30.01,30.01,30.01,30.01,25.0747,100,0,0
2018-04-09,30.01,30.01,30.01,30.01,25.0747,0,0,0
2018-04-10,30.01,30.01,30.01,30.01,25.0747,0,0,0
2018-04-11,30.209,30.209,30.209,30.209,25.241,400,0,0
2018-04-12,30.54,30.54,30.3,30.405,25.4047,1100,0,0
2018-04-13,30.401,30.401,30.256,30.256,25.2802,700,0,0
2018-04-16,30.256,30.256,30.256,30.256,25.2802,0,0,0
2018-04-17,30.48,30.65,30.48,30.65,25.6094,1200,0,0
2018-04-18,30.66,30.66,30.66,30.66,25.6178,100,0,0
2018-04-19,30.41,30.41,30.23,30.23,25.2585,300,0,0
2018-04-20,30.14,30.14,29.91,29.91,24.9911,6300,0,0
2018-04-23,30.14,30.14,29.99,30,25.0663,1000,0,0
2018-04-24,29.66,29.727,29.631,29.727,24.8382,600,0,0
2018-04-25,29.8,29.8,29.71,29.71,24.824,400,0,0
2018-04-26,30.06,30.207,30.06,30.207,25.2393,200,0,0
2018-04-27,30.14,30.14,30.14,30.14,25.1833,200,0,0
2018-04-30,30.06,30.06,30.05,30.05,25.1081,300,0,0
2018-05-01,29.77,29.77,29.77,29.77,24.8742,400,0,0
2018-05-02,29.83,29.83,29.79,29.79,24.8909,500,0,0
2018-05-03,29.59,29.864,29.59,29.845,24.9368,1500,0,0
2018-05-04,30.11,30.11,29.79,30.069,25.124,85800,0,0
2018-05-07,29.91,29.97,29.87,29.97,25.0413,900,0,0
2018-05-08,29.87,29.87,29.82,29.82,24.9159,7000,0,0
2018-05-09,30.09,30.09,30.09,30.09,25.1415,300,0,0
2018-05-10,30.3,30.3,30.29,30.29,25.3086,85600,0,0
2018-05-11,30.37,30.37,30.37,30.37,25.3755,200,0,0
2018-05-14,30.525,30.525,30.525,30.525,25.505,600,0,0
2018-05-15,30.21,30.31,30.21,30.29,25.3086,2300,0,0
2018-05-16,30.17,30.38,30.17,30.36,25.3671,2200,0,0
2018-05-17,30.24,30.24,30.24,30.24,25.2669,400,0,0
2018-05-18,30.24,30.24,30.24,30.24,25.2669,0,0,0
2018-05-21,30.41,30.53,30.41,30.47,25.459,3000,0,0
2018-05-22,30.46,30.525,30.46,30.525,25.505,1500,0,0
2018-05-23,30.25,30.419,30.25,30.39,25.3922,1000,0,0
2018-05-24,30.33,30.448,30.33,30.448,25.4407,700,0,0
2018-05-25,30.448,30.448,30.448,30.448,25.4407,0,0,0
2018-05-29,30.15,30.15,30.04,30.04,25.0998,400,0,0
2018-05-30,30.397,30.397,30.37,30.381,25.3847,600,0,0
2018-05-31,30.23,30.23,30.23,30.23,25.2585,400,0,0
2018-06-01,30.23,30.23,30.23,30.23,25.2585,0,0,0
2018-06-04,30.23,30.23,30.23,30.23,25.2585,0,0,0
2018-06-05,30.66,30.68,30.66,30.68,25.6345,200,0,0
2018-06-06,30.68,30.68,30.68,30.68,25.6345,0,0,0
2018-06-07,30.9,30.9,30.835,30.835,25.764,6300,0,0
2018-06-08,30.835,30.835,30.835,30.835,25.764,0,0,0
2018-06-11,30.99,30.99,30.99,30.99,25.8935,4700,0,0
2018-06-12,30.92,30.92,30.92,30.92,25.835,200,0,0
2018-06-13,30.821,30.821,30.821,30.821,25.7523,300,0,0
2018-06-14,30.821,30.821,30.821,30.821,25.7523,0,0,0
2018-06-15,30.46,30.578,30.46,30.578,25.5493,400,0,0
2018-06-18,30.578,30.578,30.578,30.578,25.5493,0,0,0
2018-06-19,30.375,30.375,30.375,30.375,25.3797,500,0,0
2018-06-20,30.08,30.08,30.08,30.08,25.4008,600,0.32,0
2018-06-21,30.1,30.1,30.1,30.1,25.4177,200,0,0
2018-06-22,30.1,30.1,30.1,30.1,25.4177,0,0,0
2018-06-25,30.1,30.1,30.1,30.1,25.4177,0,0,0
2018-06-26,29.769,29.769,29.769,29.769,25.1382,300,0,0
2018-06-27,29.769,29.769,29.769,29.769,25.1382,0,0,0
2018-06-28,29.587,29.59,29.58,29.58,24.9786,500,0,0
2018-06-29,29.76,29.76,29.76,29.76,25.1306,300,0,0
2018-07-02,29.76,29.76,29.76,29.76,25.1306,0,0,0
2018-07-03,29.54,29.54,29.54,29.54,24.9448,100,0,0
2018-07-05,29.81,29.81,29.81,29.81,25.1728,300,0,0
2018-07-06,29.81,29.81,29.81,29.81,25.1728,0,0,0
2018-07-09,30.28,30.28,30.28,30.28,25.5697,100,0,0
2018-07-10,30.42,30.42,30.42,30.42,25.6879,100,0,0
2018-07-11,30.42,30.42,30.42,30.42,25.6879,0,0,0
2018-07-12,30.42,30.42,30.42,30.42,25.6879,0,0,0
2018-07-13,30.42,30.42,30.42,30.42,25.6879,0,0,0
2018-07-16,30.42,30.42,30.42,30.42,25.6879,0,0,0
2018-07-17,30.42,30.42,30.42,30.42,25.6879,0,0,0
2018-07-18,30.42,30.42,30.42,30.42,25.6879,0,0,0
2018-07-19,30.42,30.42,30.42,30.42,25.6879,0,0,0
2018-07-20,30.42,30.42,30.42,30.42,25.6879,0,0,0
2018-07-23,30.43,30.43,30.33,30.388,25.6609,500,0,0
2018-07-24,30.738,30.738,30.611,30.611,25.8492,1100,0,0
2018-07-25,30.605,30.605,30.605,30.605,25.8441,700,0,0
2018-07-26,30.605,30.605,30.605,30.605,25.8441,0,0,0
2018-07-27,30.605,30.605,30.605,30.605,25.8441,0,0,0
2018-07-30,30.605,30.605,30.605,30.605,25.8441,0,0,0
2018-07-31,30.605,30.605,30.605,30.605,25.8441,0,0,0
2018-08-01,30.605,30.605,30.605,30.605,25.8441,0,0,0
2018-08-02,30.43,30.43,30.43,30.43,25.6963,700,0,0
2018-08-03,30.805,31.04,30.805,31.04,26.2114,300,0,0
2018-08-06,30.69,30.77,30.69,30.77,25.9834,200,0,0
2018-08-07,30.9,30.9,30.9,30.9,26.0932,100,0,0
2018-08-08,30.99,30.99,30.99,30.99,26.1692,200,0,0
2018-08-09,30.992,30.992,30.83,30.83,26.0341,500,0,0
2018-08-10,30.55,30.55,30.5,30.5,25.7554,50000,0,0
2018-08-13,30.38,30.38,30.38,30.38,25.6541,100,0,0
2018-08-14,30.38,30.38,30.38,30.38,25.6541,0,0,0
2018-08-15,30.38,30.38,30.38,30.38,25.6541,0,0,0
2018-08-16,30.61,30.61,30.61,30.61,25.8483,100,0,0
2018-08-17,30.61,30.61,30.61,30.61,25.8483,0,0,0
2018-08-20,31.02,31.03,30.85,30.86,26.0594,3300,0,0
2018-08-21,30.92,31,30.92,31,26.1777,200,0,0
2018-08-22,31.046,31.046,31.046,31.046,26.2165,200,0,0
2018-08-23,30.82,30.82,30.82,30.82,26.0257,100,0,0
2018-08-24,31.022,31.022,31.022,31.022,26.1962,300,0,0
2018-08-27,31.42,31.42,31.42,31.42,26.5323,500,0,0
2018-08-28,31.318,31.325,31.23,31.23,26.3719,600,0,0
2018-08-29,31.03,31.34,31.03,31.33,26.4563,800,0,0
2018-08-30,31.089,31.089,31.089,31.089,26.2528,300,0,0
2018-08-31,31.121,31.121,31.121,31.121,26.2798,200,0,0
2018-09-04,30.73,30.96,30.73,30.96,26.1439,800,0,0
2018-09-05,30.96,30.96,30.96,30.96,26.1439,0,0,0
2018-09-06,30.96,30.96,30.96,30.96,26.1439,0,0,0
2018-09-07,30.69,30.69,30.634,30.634,25.8686,200,0,0
2018-09-10,30.7,30.705,30.7,30.705,25.9286,300,0,0
2018-09-11,30.705,30.705,30.705,30.705,25.9286,0,0,0
2018-09-12,30.705,30.705,30.705,30.705,25.9286,0,0,0
2018-09-13,30.705,30.705,30.705,30.705,25.9286,0,0,0
2018-09-14,30.705,30.705,30.705,30.705,25.9286,0,0,0
2018-09-17,31.13,31.13,30.87,30.87,26.0679,400,0,0
2018-09-18,31.16,31.19,31.14,31.161,26.3136,2800,0,0
2018-09-19,31.161,31.161,31.161,31.161,26.3136,0,0,0
2018-09-20,31.343,31.355,31.343,31.355,26.4774,400,0,0
2018-09-21,31.355,31.355,31.355,31.355,26.4774,0,0,0
2018-09-24,31.355,31.355,31.355,31.355,26.4774,0,0,0
2018-09-25,31.355,31.355,31.355,31.355,26.4774,0,0,0
2018-09-26,31.34,31.42,31.34,31.348,26.4715,900,0,0
2018-09-27,31.348,31.348,31.348,31.348,26.4715,0,0,0
2018-09-28,31.253,31.253,31.21,31.21,26.355,500,0,0
2018-10-01,31.364,31.364,31.364,31.364,26.485,100,0,0
2018-10-02,31.364,31.364,31.364,31.364,26.485,0,0,0
2018-10-03,31.324,31.324,31.324,31.324,26.4513,300,0,0
2018-10-04,31.324,31.324,31.324,31.324,26.4513,0,0,0
2018-10-05,30.86,30.86,30.86,30.86,26.0594,100,0,0
2018-10-08,30.7,30.7,30.7,30.7,25.9243,200,0,0
2018-10-09,30.7,30.7,30.7,30.7,25.9243,0,0,0
2018-10-10,30.7,30.7,30.7,30.7,25.9243,0,0,0
2018-10-11,30.7,30.7,30.7,30.7,25.9243,0,0,0
2018-10-12,30.7,30.7,30.7,30.7,25.9243,0,0,0
2018-10-15,30.7,30.7,30.7,30.7,25.9243,0,0,0
2018-10-16,30.22,30.22,30.22,30.22,25.519,100,0,0
2018-10-17,30.22,30.22,30.22,30.22,25.519,0,0,0
2018-10-18,29.65,29.65,29.65,29.65,25.0377,100,0,0
2018-10-19,29.65,29.65,29.65,29.65,25.0377,0,0,0
2018-10-22,29.72,29.72,29.72,29.72,25.0968,200,0,0
2018-10-23,29.52,29.52,29.52,29.52,24.9279,100,0,0
2018-10-24,29.042,29.042,28.74,28.74,24.2692,900,0,0
2018-10-25,28.74,28.74,28.74,28.74,24.2692,200,0,0
2018-10-26,28.77,28.77,28.77,28.77,24.2946,200,0,0
2018-10-29,28.71,28.71,28.71,28.71,24.2439,100,0,0
2018-10-30,28.71,28.71,28.71,28.71,24.2439,0,0,0
2018-10-31,29.39,29.39,29.39,29.39,24.8181,100,0,0
2018-11-01,29.39,29.39,29.39,29.39,24.8181,0,0,0
2018-11-02,29.578,29.578,29.529,29.529,24.9355,500,0,0
2018-11-05,29.599,29.75,29.599,29.75,25.1221,1100,0,0
2018-11-06,29.784,29.784,29.784,29.784,25.1508,1000,0,0
2018-11-07,30.237,30.237,30.237,30.237,25.5334,200,0,0
2018-11-08,30.237,30.237,30.237,30.237,25.5334,0,0,0
2018-11-09,30.237,30.237,30.237,30.237,25.5334,0,0,0
2018-11-12,29.57,29.57,29.57,29.57,24.9701,200,0,0
2018-11-13,29.635,29.635,29.635,29.635,25.025,200,0,0
2018-11-14,29.603,29.603,29.603,29.603,24.998,100,0,0
2018-11-15,29.647,29.647,29.647,29.647,25.0351,400,0,0
2018-11-16,29.647,29.647,29.647,29.647,25.0351,0,0,0
2018-11-19,29.647,29.647,29.647,29.647,25.0351,0,0,0
2018-11-20,29.647,29.647,29.647,29.647,25.0351,0,0,0
2018-11-21,29.647,29.647,29.647,29.647,25.0351,100,0,0
2018-11-23,29.647,29.647,29.647,29.647,25.0351,0,0,0
2018-11-26,29.036,29.036,29.036,29.036,24.5192,300,0,0
2018-11-27,29.036,29.036,29.036,29.036,24.5192,0,0,0
2018-11-28,29.816,29.816,29.816,29.816,25.1778,200,0,0
2018-11-29,29.816,29.816,29.816,29.816,25.1778,0,0,0
2018-11-30,29.816,29.816,29.816,29.816,25.1778,100,0,0
2018-12-03,29.816,29.816,29.816,29.816,25.1778,0,0,0
2018-12-04,29.511,29.511,29.445,29.48,24.8941,3900,0,0
2018-12-06,28.959,28.959,28.959,28.959,24.4542,1100,0,0
2018-12-07,29.39,29.39,28.889,28.889,24.395,300,0,0
2018-12-10,28.637,28.863,28.637,28.863,24.3731,200,0,0
2018-12-11,28.863,28.863,28.863,28.863,24.3731,0,0,0
2018-12-12,29.261,29.261,29.147,29.147,24.6129,300,0,0
2018-12-13,29.105,29.2,29.069,29.099,24.5724,4500,0,0
2018-12-14,28.89,28.89,28.678,28.718,24.2506,2600,0,0
2018-12-17,28.64,28.64,28.23,28.23,23.8386,2800,0,0
2018-12-18,28.48,28.48,28.326,28.326,23.9196,200,0,0
2018-12-19,28.51,28.51,27.97,27.97,23.619,500,0,0
2018-12-20,27.41,27.41,27.19,27.212,23.3768,600,0.476,0
2018-12-21,27.11,27.11,26.87,26.87,23.083,1700,0,0
2018-12-24,26.09,26.75,26.09,26.42,22.6964,500,0,0
2018-12-26,26.49,27.052,26.43,27.052,23.2393,1300,0,0
2018-12-27,27.052,27.052,27.052,27.052,23.2393,0,0,0
2018-12-28,27.45,27.5,27.43,27.442,23.5743,51500,0,0
2018-12-31,27.367,27.414,27.367,27.414,23.5503,1900,0,0
2019-01-02,27.443,27.443,27.443,27.443,23.5752,0,0,0
2019-01-03,27.04,27.04,27.01,27.038,23.2273,400,0,0
2019-01-04,27.038,27.038,27.038,27.038,23.2273,0,0,0
2019-01-07,27.68,28.016,27.68,28.016,24.0674,1800,0,0
2019-01-08,28.016,28.016,28.016,28.016,24.0674,0,0,0
2019-01-09,28.016,28.016,28.016,28.016,24.0674,0,0,0
2019-01-10,28.494,28.532,28.494,28.532,24.5107,300,0,0
2019-01-11,28.532,28.532,28.532,28.532,24.5107,0,0,0
2019-01-14,28.364,28.364,28.364,28.364,24.3664,100,0,0
2019-01-15,28.364,28.364,28.364,28.364,24.3664,0,0,0
2019-01-16,28.364,28.364,28.364,28.364,24.3664,0,0,0
2019-01-17,28.531,28.703,28.531,28.703,24.6576,300,0,0
2019-01-18,28.703,28.703,28.703,28.703,24.6576,0,0,0
2019-01-22,28.616,28.684,28.614,28.634,24.5983,800,0,0
2019-01-23,28.58,28.814,28.58,28.814,24.753,7100,0,0
2019-01-24,28.814,28.814,28.814,28.814,24.753,0,0,0
2019-01-25,29.162,29.162,29.162,29.162,25.0519,0,0,0
2019-01-28,28.952,28.985,28.952,28.985,24.8999,400,0,0
2019-01-29,29.032,29.032,29.032,29.032,24.9402,0,0,0
2019-01-30,29.21,29.416,29.21,29.416,25.2701,200,0,0
2019-01-31,29.624,29.624,29.624,29.624,25.4488,0,0,0
2019-02-01,29.611,29.611,29.611,29.611,25.4376,0,0,0
2019-02-04,29.617,29.644,29.617,29.644,25.466,200,0,0
2019-02-05,29.903,29.906,29.903,29.906,25.6911,900,0,0
2019-02-06,29.932,29.979,29.872,29.872,25.6619,1700,0,0
2019-02-07,29.461,29.529,29.461,29.529,25.3672,300,0,0
2019-02-08,29.636,29.636,29.636,29.636,25.4591,100,0,0
2019-02-11,29.75,29.75,29.628,29.634,25.4574,50400,0,0
2019-02-12,29.929,29.929,29.929,29.929,25.7108,100,0,0
2019-02-13,29.75,29.943,29.75,29.943,25.7228,100,0,0
2019-02-14,29.954,30,29.954,30,25.7718,500,0,0
2019-02-15,30.148,30.255,29.7,30.255,25.9909,2100,0,0
2019-02-19,30.351,30.351,30.351,30.351,26.0733,0,0,0
2019-02-20,30.422,30.422,30.422,30.422,26.1343,0,0,0
2019-02-21,30.328,30.328,30.328,30.328,26.0536,0,0,0
2019-02-22,30.577,30.605,30.577,30.585,26.2744,700,0,0
2019-02-25,30.607,30.607,30.607,30.607,26.2933,0,0,0
2019-02-26,30.653,30.653,30.653,30.653,26.3328,0,0,0
2019-02-27,30.51,30.557,30.51,30.557,26.2503,100,0,0
2019-02-28,30.433,30.433,30.433,30.433,26.1438,0,0,0
2019-03-01,30.543,30.543,30.527,30.527,26.2245,100100,0,0
2019-03-04,30.28,30.311,30.28,30.311,26.039,1600,0,0
2019-03-05,30.432,30.45,30.432,30.45,26.1584,1900,0,0
2019-03-06,30.341,30.341,30.341,30.341,26.0648,0,0,0
2019-03-07,30.09,30.09,30.09,30.09,25.8491,100,0,0
2019-03-08,29.85,29.964,29.84,29.964,25.7409,13400,0,0
2019-03-11,30.24,30.341,30.24,30.341,26.0648,400,0,0
2019-03-12,30.377,30.377,30.371,30.371,26.0905,200,0,0
2019-03-13,30.45,30.45,30.45,30.45,26.1584,600,0,0
2019-03-14,30.45,30.48,30.45,30.48,26.1842,400,0,0
2019-03-15,30.673,30.673,30.673,30.673,26.35,100,0,0
2019-03-18,30.805,30.87,30.805,30.852,26.5037,1600,0,0
2019-03-19,30.83,30.83,30.83,30.83,26.4848,0,0,0
2019-03-20,30.73,30.81,30.73,30.771,26.4341,500,0,0
2019-03-21,30.98,30.98,30.98,30.98,26.6137,0,0,0
2019-03-22,30.824,30.824,30.581,30.581,26.2709,500,0,0
2019-03-25,30.582,30.582,30.582,30.582,26.2718,0,0,0
2019-03-26,30.737,30.737,30.737,30.737,26.4049,100,0,0
2019-03-27,30.511,30.626,30.511,30.626,26.3096,200,0,0
2019-03-28,30.768,30.822,30.768,30.818,26.4745,1600,0,0
2019-03-29,30.899,30.899,30.899,30.899,26.5441,100,0,0
2019-04-01,31.07,31.208,31.05,31.208,26.8096,600,0,0
2019-04-02,31.22,31.22,31.22,31.22,26.8199,100,0,0
2019-04-03,31.25,31.25,31.04,31.182,26.7872,5200,0,0
2019-04-04,31.26,31.26,31.26,31.26,26.8542,100,0,0
2019-04-05,31.22,31.35,31.2,31.35,26.9315,1700,0,0
2019-04-08,31.39,31.39,31.39,31.39,26.9659,100,0,0
2019-04-09,31.192,31.192,31.157,31.157,26.7657,200,0,0
2019-04-10,31.34,31.34,31.34,31.34,26.923,300,0,0
2019-04-11,31.216,31.216,31.216,31.216,26.8164,100,0,0
2019-04-12,31.24,31.25,31.24,31.241,26.8379,600,0,0
2019-04-15,31.23,31.23,31.22,31.23,26.8285,600,0,0
2019-04-16,31.28,31.65,31.28,31.47,27.0346,500,0,0
2019-04-17,31.605,31.605,31.605,31.605,27.1506,0,0,0
2019-04-18,31.336,31.378,31.336,31.378,26.9556,200,0,0
2019-04-22,31.307,31.41,31.29,31.41,26.9831,1100,0,0
2019-04-23,31.522,31.625,31.522,31.55,27.1034,1600,0,0
2019-04-24,31.435,31.444,31.42,31.42,26.9917,1300,0,0
2019-04-25,31.43,31.43,31.37,31.37,26.9487,700,0,0
2019-04-26,31.41,31.41,31.41,31.41,26.9831,100,0,0
2019-04-29,31.432,31.457,31.432,31.44,27.0089,1000,0,0
2019-04-30,31.49,31.49,31.49,31.49,27.0518,100,0,0
2019-05-01,31.582,31.582,31.301,31.301,26.8895,300,0,0
2019-05-02,31.19,31.26,31.19,31.23,26.8285,800,0,0
2019-05-03,31.475,31.497,31.475,31.497,27.0578,500,0,0
2019-05-06,31.01,31.24,31,31.24,26.837,41100,0,0
2019-05-07,30.79,30.79,30.79,30.79,26.4505,100,0,0
2019-05-08,30.85,30.85,30.816,30.816,26.4728,200,0,0
2019-05-09,30.22,30.64,30.22,30.6,26.2873,900,0,0
2019-05-10,30.425,30.73,30.425,30.73,26.3989,2100,0,0
2019-05-13,30.07,30.118,30.07,30.118,25.8732,200,0,0
2019-05-14,30.35,30.442,30.35,30.407,26.1214,300,0,0
2019-05-15,30.44,30.526,30.44,30.526,26.2237,300,0,0
2019-05-16,30.53,30.69,30.53,30.661,26.3397,26200,0,0
2019-05-17,30.62,30.62,30.542,30.542,26.2374,100,0,0
2019-05-20,30.443,30.443,30.443,30.443,26.1524,200,0,0
2019-05-21,30.63,30.641,30.63,30.641,26.3225,100,0,0
2019-05-22,30.538,30.538,30.538,30.538,26.234,100,0,0
2019-05-23,30.22,30.239,30.22,30.239,25.9771,200,0,0
2019-05-24,30.387,30.387,30.387,30.387,26.1043,100,0,0
2019-05-28,30.127,30.127,30.127,30.127,25.8809,0,0,0
2019-05-29,29.84,29.952,29.84,29.952,25.7306,100,0,0
2019-05-30,30.01,30.049,30.01,30.049,25.8139,200,0,0
2019-05-31,29.8,29.8,29.796,29.796,25.5966,100,0,0
2019-06-03,29.98,30,29.88,29.955,25.7332,29200,0,0
2019-06-04,30.13,30.34,30.13,30.34,26.0639,100100,0,0
2019-06-05,30.39,30.425,30.33,30.425,26.1369,700,0,0
2019-06-06,30.48,30.61,30.48,30.61,26.2958,20600,0,0
2019-06-07,31.011,31.011,30.92,30.92,26.5621,500,0,0
2019-06-10,31.1,31.1,30.99,30.99,26.6223,200,0,0
2019-06-11,30.64,30.686,30.64,30.66,26.7427,1300,0.468,0
2019-06-12,30.58,30.58,30.58,30.58,26.6729,400,0,0
2019-06-13,30.615,30.62,30.61,30.61,26.699,500,0,0
2019-06-14,30.55,30.55,30.5,30.5,26.6031,500,0,0
2019-06-17,30.53,30.53,30.39,30.5,26.6031,1100,0,0
2019-06-18,30.795,30.87,30.655,30.761,26.8307,1300,0,0
2019-06-19,30.87,30.885,30.87,30.885,26.9389,100,0,0
2019-06-20,31.11,31.175,31.104,31.175,27.1919,1400,0,0
2019-06-21,31.107,31.107,31.107,31.107,27.1325,0,0,0
2019-06-24,31.144,31.144,31.083,31.083,27.1116,300,0,0
2019-06-25,30.884,30.884,30.884,30.884,26.938,0,0,0
2019-06-26,30.91,30.91,30.894,30.894,26.9468,200,0,0
2019-06-27,31.069,31.069,31.025,31.025,27.061,200,0,0
2019-06-28,31.096,31.096,31.096,31.096,27.1229,0,0,0
2019-07-01,31.313,31.313,31.31,31.31,27.3096,600,0,0
2019-07-02,31.411,31.411,31.411,31.411,27.3977,200,0,0
2019-07-03,31.606,31.606,31.606,31.606,27.5678,0,0,0
2019-07-05,31.429,31.429,31.429,31.429,27.4134,0,0,0
2019-07-08,31.315,31.315,31.315,31.315,27.314,0,0,0
2019-07-09,31.282,31.282,31.246,31.273,27.2773,700,0,0
2019-07-10,31.428,31.428,31.428,31.428,27.4125,0,0,0
2019-07-11,31.426,31.426,31.426,31.426,27.4108,100,0,0
2019-07-12,31.574,31.574,31.574,31.574,27.5399,0,0,0
2019-07-15,31.645,31.645,31.645,31.645,27.6018,0,0,0
2019-07-16,31.574,31.574,31.574,31.574,27.5399,0,0,0
2019-07-17,31.546,31.546,31.47,31.47,27.4492,700,0,0
2019-07-18,31.62,31.652,31.62,31.652,27.6079,100,0,0
2019-07-19,31.506,31.506,31.506,31.506,27.4806,100,0,0
2019-07-22,31.53,31.59,31.53,31.55,27.5189,9600,0,0
2019-07-23,31.557,31.57,31.557,31.57,27.5364,500,0,0
2019-07-24,31.74,31.75,31.712,31.732,27.6777,2400,0,0
2019-07-25,31.54,31.544,31.54,31.544,27.5137,100,0,0
2019-07-26,31.7,31.721,31.7,31.721,27.6681,1700,0,0
2019-07-29,31.727,31.727,31.727,31.727,27.6733,0,0,0
2019-07-30,31.57,31.58,31.53,31.53,27.5015,500,0,0
2019-07-31,31.21,31.21,31.21,31.21,27.2224,100,0,0
2019-08-01,31.38,31.43,30.98,30.98,27.0218,2200,0,0
2019-08-02,30.77,30.77,30.77,30.77,26.8386,300,0,0
2019-08-05,30.046,30.046,30.046,30.046,26.2071,200,0,0
2019-08-06,30.31,30.31,30.31,30.31,26.4374,300,0,0
2019-08-07,30.39,30.39,30.39,30.39,26.5071,300,0,0
2019-08-08,30.84,30.84,30.84,30.84,26.8997,300,0,0
2019-08-09,30.63,30.63,30.63,30.63,26.7165,300,0,0
2019-08-12,30.63,30.63,30.63,30.63,26.7165,100,0,0
2019-08-13,30.602,30.602,30.602,30.602,26.6921,600,0,0
2019-08-14,30.02,30.16,29.959,29.959,26.1312,3300,0,0
2019-08-15,29.962,30.001,29.962,30.001,26.1678,200,0,0
2019-08-16,30.367,30.367,30.367,30.367,26.4871,0,0,0
2019-08-19,30.632,30.632,30.632,30.632,26.7182,0,0,0
2019-08-20,30.521,30.521,30.521,30.521,26.6214,0,0,0
2019-08-21,30.799,30.799,30.799,30.799,26.8639,0,0,0
2019-08-22,30.795,30.795,30.795,30.795,26.8604,100,0,0
2019-08-23,30.78,30.78,30.17,30.17,26.3153,400,0,0
2019-08-26,30.43,30.43,30.43,30.43,26.542,300,0,0
2019-08-27,30.456,30.456,30.38,30.38,26.4984,1300,0,0
2019-08-28,30.56,30.56,30.56,30.56,26.6554,300,0,0
2019-08-29,30.85,30.85,30.85,30.85,26.9084,300,0,0
2019-08-30,31.18,31.18,30.83,30.9,26.952,400,0,0
2019-09-03,31.07,31.07,30.81,30.81,26.8735,500,0,0
2019-09-04,31.164,31.22,31.164,31.22,27.2311,400,0,0
2019-09-05,31.47,31.47,31.47,31.47,27.4492,200,0,0
2019-09-06,31.58,31.58,31.58,31.58,27.5451,300,0,0
2019-09-09,31.59,31.59,31.55,31.55,27.5189,800,0,0
2019-09-10,31.47,31.47,31.47,31.47,27.4492,100,0,0
2019-09-11,31.683,31.683,31.683,31.683,27.6349,0,0,0
2019-09-12,31.813,31.813,31.813,31.813,27.7483,0,0,0
2019-09-13,31.85,31.85,31.782,31.782,27.7213,100,0,0
2019-09-16,31.7,31.94,31.64,31.64,27.5974,19500,0,0
2019-09-17,31.79,31.79,31.79,31.79,27.7283,300,0,0
2019-09-18,31.76,31.76,31.75,31.75,27.6934,4300,0,0
2019-09-19,31.9,31.9,31.74,31.74,27.6847,1100,0,0
2019-09-20,31.885,31.895,31.64,31.64,27.5974,11200,0,0
2019-09-23,31.72,31.72,31.69,31.69,27.6411,600,0,0
2019-09-24,31.72,31.762,31.69,31.69,27.6411,7100,0,0
2019-09-25,31.59,31.59,31.58,31.58,27.5451,600,0,0
2019-09-26,31.688,31.73,31.62,31.62,27.58,5900,0,0
2019-09-27,31.61,31.61,31.46,31.46,27.4404,1800,0,0
2019-09-30,31.72,31.74,31.62,31.62,27.58,1300,0,0
2019-10-01,31.56,31.59,31.35,31.35,27.3445,5200,0,0
2019-10-02,30.96,30.96,30.82,30.83,26.8909,1700,0,0
2019-10-03,31.04,31.04,31.04,31.04,27.0741,400,0,0
2019-10-04,31.37,31.37,31.37,31.37,27.3619,300,0,0
2019-10-07,31.41,31.41,31.27,31.27,27.2747,800,0,0
2019-10-08,31.18,31.2,30.95,30.95,26.9956,1400,0,0
2019-10-09,31.24,31.31,31.17,31.17,27.1875,1500,0,0
2019-10-10,31.31,31.31,31.31,31.31,27.3096,200,0,0
2019-10-11,31.944,31.944,31.78,31.78,27.7196,700,0,0
2019-10-14,31.78,31.783,31.7,31.7,27.6498,600,0,0
2019-10-15,32,32.02,31.95,31.95,27.8678,800,0,0
2019-10-16,31.942,31.96,31.942,31.96,27.8765,1400,0,0
2019-10-17,32.03,32.03,32.03,32.03,27.9376,400,0,0
2019-10-18,31.99,31.99,31.88,31.88,27.8068,102300,0,0
2019-10-21,32.08,32.08,32.02,32.02,27.9289,1000,0,0
2019-10-22,32.206,32.206,32.04,32.04,27.9463,300,0,0
2019-10-23,32.03,32.03,32.03,32.03,27.9376,200,0,0
2019-10-24,32.174,32.174,32.174,32.174,28.0632,0,0,0
2019-10-25,32.302,32.321,32.291,32.291,28.1653,300,0,0
2019-10-28,32.39,32.459,32.36,32.36,28.2254,1400,0,0
2019-10-29,32.388,32.388,32.388,32.388,28.2499,0,0,0
2019-10-30,32.46,32.46,32.46,32.46,28.3127,100,0,0
2019-10-31,32.35,32.35,32.35,32.35,28.2167,300,0,0
2019-11-01,32.64,32.64,32.64,32.64,28.4697,300,0,0
2019-11-04,32.709,32.758,32.709,32.758,28.5726,600,0,0
2019-11-05,32.765,32.765,32.765,32.765,28.5787,0,0,0
2019-11-06,32.73,32.76,32.73,32.75,28.5656,1800,0,0
2019-11-07,32.84,32.84,32.84,32.84,28.6441,300,0,0
2019-11-08,32.83,32.83,32.83,32.83,28.6354,300,0,0
2019-11-11,32.76,32.76,32.76,32.76,28.5743,200,0,0
2019-11-12,32.74,32.74,32.74,32.74,28.5569,100,0,0
2019-11-13,32.73,32.73,32.73,32.73,28.5482,100,0,0
2019-11-14,32.755,32.755,32.755,32.755,28.57,0,0,0
2019-11-15,32.96,32.96,32.96,32.96,28.7488,100,0,0
2019-11-18,32.99,32.99,32.99,32.99,28.775,200,0,0
2019-11-19,32.992,32.998,32.94,32.94,28.7313,300,0,0
2019-11-20,32.87,32.87,32.75,32.75,28.5656,600,0,0
2019-11-21,32.65,32.684,32.65,32.67,28.4958,600,0,0
2019-11-22,32.758,32.758,32.758,32.758,28.5726,0,0,0
2019-11-25,32.98,32.98,32.98,32.98,28.7662,100,0,0
2019-11-26,33.06,33.06,33.06,33.06,28.836,200,0,0
2019-11-27,33.201,33.201,33.201,33.201,28.959,100,0,0
2019-11-29,32.99,32.99,32.99,32.99,28.775,300,0,0
2019-12-02,32.82,32.82,32.78,32.78,28.5918,300,0,0
2019-12-03,32.58,32.58,32.58,32.58,28.4173,200,0,0
2019-12-04,32.83,32.83,32.83,32.83,28.6354,100,0,0
2019-12-05,32.81,32.86,32.81,32.86,28.6616,500,0,0
2019-12-06,33.155,33.162,33.155,33.162,28.925,1000,0,0
2019-12-09,33.14,33.14,33.07,33.07,28.8447,800,0,0
2019-12-10,33.12,33.12,33.06,33.06,28.836,800,0,0
2019-12-11,32.68,32.68,32.68,32.68,28.9975,300,0.562,0
2019-12-12,32.961,32.961,32.961,32.961,29.2468,0,0,0
2019-12-13,33.02,33.02,33.02,33.02,29.2992,100,0,0
2019-12-16,33.3,33.3,33.3,33.3,29.5476,100,0,0
2019-12-17,33.338,33.342,33.29,33.29,29.5388,3100,0,0
2019-12-18,33.31,33.31,33.31,33.31,29.5565,100,0,0
2019-12-19,33.39,33.39,33.39,33.39,29.6275,300,0,0
2019-12-20,33.62,33.62,33.584,33.584,29.7996,300,0,0
2019-12-23,33.61,33.61,33.53,33.53,29.7517,100,0,0
2019-12-24,33.522,33.522,33.522,33.522,29.7446,100,0,0
2019-12-26,33.626,33.626,33.626,33.626,29.8369,0,0,0
2019-12-27,33.724,33.724,33.724,33.724,29.9239,100,0,0
2019-12-30,33.6,33.6,33.6,33.6,29.8138,200,0,0
2019-12-31,33.57,33.6,33.54,33.6,29.8138,900,0,0
2020-01-02,33.809,33.809,33.809,33.809,29.9993,0,0,0
2020-01-03,33.59,33.59,33.55,33.55,29.7695,300,0,0
2020-01-06,33.583,33.583,33.583,33.583,29.7987,100,0,0
2020-01-07,33.537,33.537,33.504,33.504,29.7286,200,0,0
2020-01-08,33.76,33.76,33.672,33.672,29.8777,60300,0,0
2020-01-09,33.83,33.83,33.8,33.8,29.9913,500,0,0
2020-01-10,33.8,33.8,33.8,33.8,29.9913,100,0,0
2020-01-13,34.027,34.027,34.027,34.027,30.1927,300,0,0
2020-01-14,34.052,34.052,34.052,34.052,30.2149,100,0,0
2020-01-15,34.07,34.07,34.07,34.07,30.2309,0,0,0
2020-01-16,34.232,34.262,34.232,34.262,30.4012,400,0,0
2020-01-17,34.382,34.382,34.382,34.382,30.5077,0,0,0
2020-01-21,34.33,34.33,34.184,34.184,30.332,800,0,0
2020-01-22,34.281,34.281,34.281,34.281,30.4181,100,0,0
2020-01-23,34.208,34.208,34.208,34.208,30.3533,0,0,0
2020-01-24,34.05,34.28,33.98,33.99,30.1599,2900,0,0
2020-01-27,33.4,33.54,33.4,33.4,29.6364,1800,0,0
2020-01-28,33.54,33.7,33.54,33.617,29.8289,1900,0,0
2020-01-29,33.668,33.668,33.54,33.54,29.7606,1100,0,0
2020-01-30,33.38,33.45,33.38,33.45,29.6807,1800,0,0
2020-01-31,32.9,32.922,32.9,32.922,29.2122,100,0,0
2020-02-03,33.18,33.18,33.07,33.07,29.3436,700,0,0
2020-02-04,33.57,33.57,33.57,33.57,29.7872,300,0,0
2020-02-05,33.86,33.92,33.86,33.92,30.0978,600,0,0
2020-02-06,33.99,33.99,33.99,33.99,30.1599,300,0,0
2020-02-07,33.71,33.71,33.71,33.71,29.9114,300,0,0
2020-02-10,33.86,33.86,33.86,33.86,30.0445,300,0,0
2020-02-11,34.115,34.115,33.99,33.99,30.1599,900,0,0
2020-02-12,33.92,34.25,33.92,34.21,30.3551,1300,0,0
2020-02-13,34.07,34.07,34.07,34.07,30.2309,300,0,0
2020-02-14,34.06,34.06,34.06,34.06,30.222,300,0,0
2020-02-18,33.94,33.94,33.93,33.93,30.1066,500,0,0
2020-02-19,34.151,34.151,34.08,34.08,30.2397,500,0,0
2020-02-20,33.88,33.88,33.88,33.88,30.0623,300,0,0
2020-02-21,33.74,33.74,33.71,33.71,29.9114,400,0,0
2020-02-24,32.697,32.879,32.63,32.63,28.9531,1700,0,0
2020-02-25,31.944,31.944,31.944,31.944,28.3444,100,0,0
2020-02-26,32.21,32.37,31.82,31.82,28.2344,600,0,0
2020-02-27,30.887,30.887,30.887,30.887,27.4065,100,0,0
2020-02-28,30.29,30.4,30.06,30.4,26.9744,900,0,0
2020-03-02,31.339,31.339,31.339,31.339,27.8076,200,0,0
2020-03-03,30.83,30.83,30.83,30.83,27.356,400,0,0
2020-03-04,31.994,31.994,31.994,31.994,28.3888,100,0,0
2020-03-05,31.21,31.21,31.16,31.16,27.6488,600,0,0
2020-03-06,30.587,30.83,30.587,30.83,27.356,200,0,0
2020-03-09,28.68,28.76,28.21,28.65,25.4216,48000,0,0
2020-03-10,28.882,29.76,28.882,29.76,26.4065,800,0,0
2020-03-11,28.773,28.773,28.447,28.447,25.2415,1200,0,0
2020-03-12,25.8,25.918,23.26,25.832,22.9212,1900,0,0
2020-03-13,26.37,27.394,26.37,27.394,24.3071,1200,0,0
2020-03-16,24.66,25.623,24.66,24.754,21.9646,500,0,0
2020-03-17,25.414,25.765,25.414,25.765,22.8617,600,0,0
2020-03-18,24.543,24.543,24.543,24.543,21.7774,100,0,0
2020-03-19,24.776,24.776,24.776,24.776,21.9841,0,0,0
2020-03-20,24.9,24.9,23.95,23.95,21.2512,600,0,0
2020-03-23,23.66,23.66,23.652,23.652,20.9868,700,0,0
2020-03-24,25.08,25.08,25.08,25.08,22.2539,200,0,0
2020-03-25,25.62,25.753,25.62,25.753,22.8511,100,0,0
2020-03-26,26.97,26.97,26.97,26.97,23.9309,200,0,0
2020-03-27,25.87,26.76,25.65,26.209,23.2557,5400,0,0
2020-03-30,26.968,26.968,26.968,26.968,23.9291,100,0,0
2020-03-31,26.71,26.712,26.676,26.676,23.6701,1100,0,0
2020-04-01,27.13,27.58,25.74,25.74,22.8395,6800,0,0
2020-04-02,25.74,25.74,25.74,25.74,22.8395,0,0,0
2020-04-03,26.204,26.204,26.204,26.204,23.2512,0,0,0
2020-04-06,26.78,27.29,26.78,27.29,24.2149,400,0,0
2020-04-07,27.76,27.94,27.486,27.486,24.3888,400,0,0
2020-04-08,27.46,27.96,27.46,27.96,24.8094,800,0,0
2020-04-09,28.38,28.38,28.38,28.38,25.182,300,0,0
2020-04-13,28.21,28.233,28.21,28.233,25.0516,31600,0,0
2020-04-14,28.48,28.892,28.48,28.892,25.6363,50100,0,0
2020-04-15,28.06,28.111,28.05,28.111,24.9434,135000,0,0
2020-04-16,28.24,28.24,28.24,28.24,25.0578,200,0,0
2020-04-17,28.792,28.919,28.792,28.919,25.6603,600,0,0
2020-04-20,28.919,28.919,28.919,28.919,25.6603,0,0,0
2020-04-21,27.79,27.79,27.752,27.779,24.6488,300,0,0
2020-04-22,28.12,28.29,28.12,28.29,25.1022,600,0,0
2020-04-23,28.53,28.92,28.277,28.277,25.0906,1500,0,0
2020-04-24,28.42,28.49,28.38,28.49,25.2796,800,0,0
2020-04-27,28.61,28.98,28.61,28.98,25.7144,700,0,0
2020-04-28,29.39,29.39,29.09,29.09,25.812,300,0,0
2020-04-29,29.23,29.62,29.23,29.62,26.2823,300,0,0
2020-04-30,29.186,29.253,29.15,29.253,25.9567,1200,0,0
2020-05-01,29.253,29.253,29.253,29.253,25.9567,0,0,0
2020-05-04,28.365,28.53,28.365,28.53,25.3151,900,0,0
2020-05-05,28.64,28.835,28.64,28.759,25.5183,300,0,0
2020-05-06,28.759,28.759,28.759,28.759,25.5183,0,0,0
2020-05-07,28.77,28.87,28.762,28.762,25.521,1300,0,0
2020-05-08,29.08,29.25,29.08,29.25,25.954,600,0,0
2020-05-11,29.31,29.31,29.31,29.31,26.0072,100,0,0
2020-05-12,28.998,28.998,28.998,28.998,25.7304,100,0,0
2020-05-13,28.848,28.848,28.58,28.58,25.3595,300,0,0
2020-05-14,28.39,28.61,28.39,28.61,25.3861,500,0,0
2020-05-15,28.73,28.749,28.73,28.749,25.5095,500,0,0
2020-05-18,29.25,29.567,28.3,29.567,26.2353,1700,0,0
2020-05-19,29.56,29.725,29.25,29.38,26.0694,4300,0,0
2020-05-20,29.83,29.83,29.777,29.777,26.4216,400,0,0
2020-05-21,29.49,29.57,29.49,29.57,26.2379,200,0,0
2020-05-22,29.392,29.392,29.392,29.392,26.08,200,0,0
2020-05-26,29.94,29.94,29.94,29.94,26.5663,400,0,0
2020-05-27,30.292,30.292,30.292,30.292,26.8786,100,0,0
2020-05-28,32.49,32.49,30.416,30.416,26.9886,3400,0,0
2020-05-29,30.23,30.53,30.23,30.53,27.0898,500,0,0
2020-06-01,30.808,30.808,30.808,30.808,27.3364,0,0,0
2020-06-02,31.02,31.02,31.02,31.02,27.5246,100,0,0
2020-06-03,31.41,31.41,31.41,31.41,27.8706,200,0,0
2020-06-04,31.33,31.33,31.22,31.22,27.702,700,0,0
2020-06-05,31.75,31.912,31.75,31.76,28.1812,800,0,0
2020-06-08,32.03,32.03,32.03,32.03,28.4207,200,0,0
2020-06-09,31.77,31.77,31.77,31.77,28.19,100,0,0
2020-06-10,31.878,31.878,31.878,31.878,28.2859,100,0,0
2020-06-11,29.882,29.882,29.882,29.882,26.8739,0,0.426,0
2020-06-12,30.192,30.192,30.192,30.192,27.1527,100,0,0
2020-06-15,30.27,30.27,30.27,30.27,27.2229,300,0,0
2020-06-16,30.94,30.94,30.682,30.682,27.5934,200,0,0
2020-06-17,30.76,30.76,30.76,30.76,27.6635,300,0,0
2020-06-18,30.68,30.68,30.645,30.67,27.5826,1100,0,0
2020-06-19,32.23,32.23,30.767,30.767,27.6698,800,0,0
2020-06-22,30.93,30.93,30.93,30.93,27.8164,300,0,0
2020-06-23,31.246,31.27,31.02,31.02,27.8974,1200,0,0
2020-06-24,30.429,30.429,30.429,30.429,27.3658,100,0,0
2020-06-25,30.71,30.71,30.71,30.71,27.6186,1200,0,0
2020-06-26,30.3,30.3,30.26,30.26,27.2139,500,0,0
2020-06-29,30.54,30.54,30.54,30.54,27.4657,1000,0,0
2020-06-30,30.61,30.773,30.61,30.773,27.6752,200,0,0
2020-07-01,30.802,30.81,30.802,30.81,27.7085,100,0,0
2020-07-02,31.03,31.03,31.03,31.03,27.9064,100,0,0
2020-07-06,31.49,31.49,31.49,31.49,28.32,100,0,0
2020-07-07,31.49,31.49,31.274,31.274,28.1258,600,0,0
2020-07-08,31.489,31.489,31.489,31.489,28.3192,0,0,0
2020-07-09,31.3,31.3,31.288,31.288,28.1384,200,0,0
2020-07-10,31.5,31.5,31.5,31.5,28.329,100,0,0
2020-07-13,31.265,31.265,31.265,31.265,28.1177,100,0,0
2020-07-14,31.25,31.669,31.25,31.669,28.481,400,0,0
2020-07-15,31.913,31.913,31.913,31.913,28.7005,100,0,0
2020-07-16,31.783,31.783,31.783,31.783,28.5835,0,0,0
2020-07-17,31.998,31.998,31.998,31.998,28.7769,0,0,0
2020-07-20,32.197,32.197,32.197,32.197,28.9559,100,0,0
2020-07-21,32.189,32.189,32.189,32.189,28.9487,100,0,0
2020-07-22,32.29,32.319,32.29,32.319,29.0656,200,0,0
2020-07-23,32.37,32.37,31.99,31.99,28.7697,300,0,0
2020-07-24,31.78,31.836,31.78,31.836,28.6312,1200,0,0
2020-07-27,32.287,32.287,32.287,32.287,29.0368,0,0,0
2020-07-28,32.11,32.11,32.11,32.11,28.8776,100,0,0
2020-07-29,32.426,32.426,32.426,32.426,29.1618,100,0,0
2020-07-30,32.293,32.293,32.293,32.293,29.0422,100,0,0
2020-07-31,32.07,32.07,32.07,32.07,28.8417,200,0,0
2020-08-03,32.407,32.407,32.407,32.407,29.1447,0,0,0
2020-08-04,32.52,32.52,32.52,32.52,29.2464,100,0,0
2020-08-05,32.724,32.724,32.673,32.673,29.384,800,0,0
2020-08-06,32.7,32.7,32.7,32.7,29.4082,100,0,0
2020-08-07,32.662,32.662,32.662,32.662,29.3741,100,0,0
2020-08-10,32.799,32.799,32.799,32.799,29.4973,0,0,0
2020-08-11,32.948,32.989,32.948,32.989,29.6681,200,0,0
2020-08-12,33.22,33.22,33.22,33.22,29.8759,100,0,0
2020-08-13,33.17,33.17,33.085,33.085,29.7545,1500,0,0
2020-08-14,33,33,33,33,29.678,100,0,0
2020-08-17,33.286,33.286,33.286,33.286,29.9352,100,0,0
2020-08-18,33.53,33.53,33.32,33.336,29.9802,800,0,0
2020-08-19,33.19,33.19,33.19,33.19,29.8489,100,0,0
2020-08-20,33.15,33.15,33.15,33.15,29.8129,100,0,0
2020-08-21,32.79,33.159,32.79,33.159,29.821,900,0,0
2020-08-24,33.22,33.404,33.22,33.404,30.0414,200,0,0
2020-08-25,33.362,33.472,33.362,33.472,30.1025,900,0,0
2020-08-26,33.47,33.689,33.47,33.689,30.2977,400,0,0
2020-08-27,33.49,33.49,33.49,33.49,30.1187,100,0,0
2020-08-28,33.7,33.7,33.57,33.69,30.2986,900,0,0
2020-08-31,33.5,33.6,33.5,33.52,30.1457,1700,0,0
2020-09-01,33.61,33.61,33.61,33.61,30.2266,300,0,0
2020-09-02,34.09,34.09,34.09,34.09,30.6583,100,0,0
2020-09-03,33.51,33.51,33.14,33.14,29.8039,1000,0,0
2020-09-04,32.9,33.035,32.9,33.035,29.7095,300,0,0
2020-09-08,32.453,32.453,32.453,32.453,29.1861,100,0,0
2020-09-09,33.062,33.062,33.062,33.062,29.7338,100,0,0
2020-09-10,32.578,32.578,32.578,32.578,29.2985,100,0,0
2020-09-11,32.865,32.865,32.768,32.768,29.4694,400,0,0
2020-09-14,33.135,33.135,33.135,33.135,29.7995,0,0,0
2020-09-15,33.472,33.472,33.37,33.37,30.0108,800,0,0
2020-09-16,33.48,33.48,33.27,33.27,29.9209,200,0,0
2020-09-17,33.08,33.08,33.08,33.08,29.75,100,0,0
2020-09-18,32.835,32.835,32.835,32.835,29.5296,0,0,0
2020-09-21,32.43,32.43,32.347,32.347,29.0908,500,0,0
2020-09-22,32.568,32.568,32.568,32.568,29.2895,0,0,0
2020-09-23,32.104,32.104,32.104,32.104,28.8722,0,0,0
2020-09-24,32.137,32.137,32.137,32.137,28.9019,0,0,0
2020-09-25,32.39,32.39,32.39,32.39,29.1294,100,0,0
2020-09-28,32.744,32.744,32.744,32.744,29.4478,100,0,0
2020-09-29,32.78,32.78,32.698,32.698,29.4064,1200,0,0
2020-09-30,32.84,32.904,32.84,32.904,29.5917,2700,0,0
2020-10-01,32.98,32.98,32.98,32.98,29.6601,100,0,0
2020-10-02,32.845,32.86,32.822,32.822,29.518,1100,0,0
2020-10-05,33.24,33.27,33.24,33.244,29.8975,600,0,0
2020-10-06,33.23,33.35,32.912,32.912,29.5989,500,0,0
2020-10-07,33.36,33.36,33.36,33.36,30.0018,0,0,0
2020-10-08,33.569,33.569,33.569,33.569,30.1898,200,0,0
2020-10-09,33.81,33.841,33.81,33.841,30.4344,400,0,0
2020-10-12,34.146,34.146,34.146,34.146,30.7087,100,0,0
2020-10-13,33.99,34.01,33.92,33.988,30.5666,1800,0,0
2020-10-14,33.85,33.877,33.83,33.87,30.4605,1800,0,0
2020-10-15,33.48,33.59,33.479,33.59,30.2087,1000,0,0
2020-10-16,33.69,33.69,33.69,33.69,30.2986,100,0,0
2020-10-19,33.823,33.823,33.276,33.276,29.9263,300,0,0
2020-10-20,33.396,33.396,33.396,33.396,30.0342,0,0,0
2020-10-21,33.35,33.391,33.304,33.304,29.9514,500,0,0
2020-10-22,33.297,33.297,33.297,33.297,29.9451,0,0,0
2020-10-23,33.29,33.411,33.29,33.411,30.0477,2700,0,0
2020-10-26,33.06,33.06,32.62,32.877,29.5674,3900,0,0
2020-10-27,32.7,32.82,32.7,32.722,29.428,600,0,0
2020-10-28,31.725,31.725,31.725,31.725,28.5314,100,0,0
2020-10-29,31.95,31.95,31.95,31.95,28.7337,300,0,0
2020-10-30,31.43,31.595,31.43,31.595,28.4145,1000,0,0
2020-11-02,31.953,32.03,31.953,32.03,28.8057,800,0,0
2020-11-03,32.699,32.699,32.699,32.699,29.4073,100,0,0
2020-11-04,33.26,33.26,33.26,33.26,29.9119,0,0,0
2020-11-05,33.68,33.84,33.68,33.84,30.4335,700,0,0
2020-11-06,33.989,33.989,33.989,33.989,30.5675,0,0,0
2020-11-09,34.191,34.191,34.191,34.191,30.7492,100,0,0
2020-11-10,34.226,34.226,34.183,34.183,30.742,100,0,0
2020-11-11,34.507,34.507,34.507,34.507,31.0333,100,0,0
2020-11-12,34.138,34.138,34.138,34.138,30.7015,100,0,0
2020-11-13,34.589,34.589,34.589,34.589,31.1071,0,0,0
2020-11-16,34.93,34.93,34.88,34.88,31.3688,200,0,0
2020-11-17,34.9,34.9,34.792,34.792,31.2896,200,0,0
2020-11-18,34.8,34.8,34.597,34.597,31.1143,600,0,0
2020-11-19,34.45,34.657,34.45,34.657,31.1682,1000,0,0
2020-11-20,34.66,34.661,34.608,34.608,31.1242,500,0,0
2020-11-23,34.719,34.719,34.53,34.7,31.2069,1500,0,0
2020-11-24,34.96,35.13,34.96,35.13,31.5936,700,0,0
2020-11-25,35.06,35.086,35.06,35.086,31.5541,500,0,0
2020-11-27,35.239,35.239,35.239,35.239,31.6917,0,0,0
2020-11-30,34.99,34.99,34.99,34.99,31.4677,300,0,0
2020-12-01,35.37,35.37,35.37,35.37,31.8095,0,0,0
2020-12-02,35.371,35.392,35.371,35.392,31.8292,200,0,0
2020-12-03,35.356,35.369,35.356,35.369,31.8086,200,0,0
2020-12-04,35.738,35.738,35.738,35.738,32.1404,0,0,0
2020-12-07,35.79,35.79,35.701,35.701,32.1071,200,0,0
2020-12-08,35.75,35.842,35.75,35.842,32.2339,1100,0,0
2020-12-09,35.794,35.794,35.794,35.794,32.1908,100,0,0
2020-12-10,35.788,35.788,35.788,35.788,32.1854,100,0,0
2020-12-11,35.67,35.694,35.67,35.694,32.1008,100,0,0
2020-12-14,35.192,35.192,35.192,35.192,32.0744,100,0.473,0
2020-12-15,35.493,35.493,35.429,35.429,32.2904,200,0,0
2020-12-16,35.553,35.553,35.553,35.553,32.4034,100,0,0
2020-12-17,35.61,35.77,35.61,35.769,32.6003,9000,0,0
2020-12-18,35.92,35.92,35.783,35.783,32.6131,6400,0,0
2020-12-21,35.1,35.41,35.1,35.349,32.2175,400,0,0
2020-12-22,35.273,35.273,35.273,35.273,32.1482,100,0,0
2020-12-23,35.422,35.422,35.422,35.422,32.284,100,0,0
2020-12-24,35.469,35.469,35.469,35.469,32.3269,100,0,0
2020-12-28,35.59,35.652,35.58,35.652,32.4937,1400,0,0
2020-12-29,35.89,35.89,35.732,35.732,32.5666,100,0,0
2020-12-30,35.84,35.84,35.84,35.84,32.665,100,0,0
2020-12-31,35.847,35.89,35.847,35.89,32.7106,600,0,0
2021-01-04,35.798,35.798,35.798,35.798,32.6267,100,0,0
2021-01-05,35.832,36.076,35.832,36.076,32.8801,300,0,0
2021-01-06,36.322,36.322,36.322,36.322,33.1043,100,0,0
2021-01-07,36.592,36.592,36.592,36.592,33.3504,100,0,0
2021-01-08,36.832,36.832,36.832,36.832,33.5691,0,0,0
2021-01-11,36.719,36.719,36.703,36.703,33.4516,500,0,0
2021-01-12,36.779,36.779,36.779,36.779,33.5208,100,0,0
2021-01-13,36.767,36.767,36.767,36.767,33.5099,0,0,0
2021-01-14,36.872,36.872,36.872,36.872,33.6056,100,0,0
2021-01-15,36.622,36.622,36.622,36.622,33.3777,100,0,0
2021-01-19,36.852,36.852,36.852,36.852,33.5874,100,0,0
2021-01-20,37.141,37.141,37.141,37.141,33.8508,100,0,0
2021-01-21,37.07,37.17,37.07,37.17,33.8772,800,0,0
2021-01-22,36.957,36.957,36.957,36.957,33.6831,1300,0,0
2021-01-25,37.079,37.079,37.079,37.079,33.7942,1300,0,0
2021-01-26,37.08,37.107,37.08,37.107,33.8198,800,0,0
2021-01-27,36.51,36.51,36.286,36.286,33.0715,1900,0,0
2021-01-28,36.388,36.388,36.388,36.388,33.1645,100,0,0
2021-01-29,35.781,35.781,35.781,35.781,32.6112,100,0,0
2021-02-01,36.15,36.15,36.146,36.146,32.9439,100,0,0
2021-02-02,36.419,36.419,36.419,36.419,33.1927,0,0,0
2021-02-03,36.388,36.388,36.388,36.388,33.1645,0,0,0
2021-02-04,36.456,36.456,36.456,36.456,33.2264,100,0,0
2021-02-05,36.637,36.637,36.637,36.637,33.3914,100,0,0
2021-02-08,36.935,36.935,36.935,36.935,33.663,100,0,0
2021-02-09,37.001,37.04,37.001,37.026,33.746,1500,0,0
2021-02-10,37.014,37.014,37.014,37.014,33.735,800,0,0
2021-02-11,37.19,37.208,37.19,37.208,33.9118,100,0,0
2021-02-12,37.376,37.376,37.376,37.376,34.0649,100,0,0
2021-02-16,37.453,37.453,37.453,37.453,34.1351,100,0,0
2021-02-17,37.26,37.395,37.26,37.395,34.0823,1000,0,0
2021-02-18,37.24,37.24,37.24,37.24,33.941,1600,0,0
2021-02-19,37.416,37.416,37.232,37.232,33.9337,200,0,0
2021-02-22,37.13,37.13,36.985,36.985,33.7086,200,0,0
2021-02-23,37.08,37.08,36.99,36.99,33.7131,1400,0,0
2021-02-24,37.217,37.217,37.217,37.217,33.92,600,0,0
2021-02-25,36.501,36.501,36.501,36.501,33.2675,600,0,0
2021-02-26,36.221,36.221,36.221,36.221,33.0123,0,0,0
2021-03-01,36.764,36.764,36.764,36.764,33.5072,100,0,0
2021-03-02,36.591,36.591,36.591,36.591,33.3495,600,0,0
2021-03-03,36.304,36.304,36.304,36.304,33.0879,600,0,0
2021-03-04,36.08,36.08,35.707,35.707,32.5438,200,0,0
2021-03-05,35.81,36.4,35.81,36.397,33.1727,700,0,0
2021-03-08,36.194,36.194,36.194,36.194,32.9876,200,0,0
2021-03-09,36.78,36.802,36.66,36.66,33.4124,800,0,0
2021-03-10,36.82,36.82,36.775,36.775,33.5172,200,0,0
2021-03-11,37.097,37.097,37.097,37.097,33.8107,0,0,0
2021-03-12,36.982,37.083,36.97,37.083,33.7979,4300,0,0
2021-03-15,37.21,37.295,37.08,37.295,33.9911,200,0,0
2021-03-16,37.43,37.43,37.407,37.407,34.0932,100,0,0
2021-03-17,37.414,37.414,37.414,37.414,34.0996,0,0,0
2021-03-18,37.01,37.01,37.01,37.01,33.7314,100,0,0
2021-03-19,37.14,37.14,37.14,37.14,33.8498,700,0,0
2021-03-22,37.396,37.396,37.396,37.396,34.0832,0,0,0
2021-03-23,37.05,37.05,37.05,37.05,33.7678,100,0,0
2021-03-24,36.839,36.839,36.839,36.839,33.5755,100,0,0
2021-03-25,36.9,37.011,36.9,37.011,33.7323,200,0,0
2021-03-26,37.691,37.691,37.691,37.691,34.352,100,0,0
2021-03-29,37.784,37.784,37.784,37.784,34.4368,0,0,0
2021-03-30,37.6,37.6,37.6,37.6,34.2691,300,0,0
2021-03-31,37.73,37.73,37.73,37.73,34.3876,600,0,0
2021-04-01,38.031,38.031,38.031,38.031,34.6619,600,0,0
2021-04-05,38.496,38.496,38.496,38.496,35.0857,600,0,0
2021-04-06,38.34,38.34,38.336,38.336,34.9399,800,0,0
2021-04-07,38.289,38.289,38.289,38.289,34.8971,1500,0,0
2021-04-08,38.48,38.518,38.48,38.518,35.1058,800,0,0
2021-04-09,38.631,38.631,38.631,38.631,35.2088,0,0,0
2021-04-12,38.507,38.507,38.507,38.507,35.0958,100,0,0
2021-04-13,38.607,38.607,38.607,38.607,35.1869,100,0,0
2021-04-14,38.56,38.56,38.56,38.56,35.1441,0,0,0
2021-04-15,38.98,38.98,38.98,38.98,35.5269,0,0,0
2021-04-16,39.15,39.215,39.15,39.215,35.741,200,0,0
2021-04-19,39.04,39.04,39.04,39.04,35.5815,200,0,0
2021-04-20,38.816,38.816,38.816,38.816,35.3774,0,0,0
2021-04-21,38.995,39.145,38.995,39.145,35.6772,3800,0,0
2021-04-22,38.899,38.899,38.899,38.899,35.453,100,0,0
2021-04-23,39.21,39.21,39.193,39.193,35.721,200,0,0
2021-04-26,39.174,39.174,39.174,39.174,35.7037,0,0,0
2021-04-27,39.12,39.12,39.12,39.12,35.6544,200,0,0
2021-04-28,39.081,39.081,39.081,39.081,35.6189,100,0,0
2021-04-29,39.17,39.207,39.17,39.207,35.7337,1700,0,0
2021-04-30,38.821,38.821,38.821,38.821,35.3819,0,0,0
2021-05-03,39.106,39.106,39.106,39.106,35.6417,3300,0,0
2021-05-04,38.826,38.826,38.826,38.826,35.3865,0,0,0
2021-05-05,39.139,39.139,39.139,39.139,35.6718,100,0,0
2021-05-06,39.401,39.401,39.401,39.401,35.9106,3300,0,0
2021-05-07,39.767,39.767,39.767,39.767,36.2441,3300,0,0
2021-05-10,39.619,39.619,39.619,39.619,36.1092,100,0,0
2021-05-11,39.272,39.283,39.272,39.283,35.803,200,0,0
2021-05-12,38.516,38.516,38.516,38.516,35.104,0,0,0
2021-05-13,38.97,38.97,38.97,38.97,35.5177,0,0,0
2021-05-14,39.352,39.352,39.352,39.352,35.8659,100,0,0
2021-05-17,39.24,39.27,39.24,39.249,35.772,400,0,0
2021-05-18,39.239,39.239,39.239,39.239,35.7629,0,0,0
2021-05-19,39.05,39.064,39.05,39.064,35.6034,700,0,0
2021-05-20,39.31,39.466,39.31,39.466,35.9698,200,0,0
2021-05-21,39.398,39.398,39.398,39.398,35.9078,500,0,0
2021-05-24,39.668,39.668,39.668,39.668,36.1539,500,0,0
2021-05-25,39.58,39.58,39.58,39.58,36.0737,0,0,0
2021-05-26,39.78,39.78,39.64,39.64,36.1284,200,0,0
2021-05-27,39.678,39.678,39.678,39.678,36.163,200,0,0
2021-05-28,39.77,39.77,39.747,39.747,36.2259,200,0,0
2021-06-01,39.85,39.85,39.779,39.779,36.2551,800,0,0
2021-06-02,39.887,39.887,39.887,39.887,36.3535,1600,0,0
2021-06-03,39.48,40,39.48,39.797,36.2715,5600,0,0
2021-06-04,39.99,40.151,39.99,40.151,36.5941,1000,0,0
2021-06-07,40.17,40.243,40.17,40.243,36.678,300,0,0
2021-06-08,40.195,40.195,40.195,40.195,36.6342,600,0,0
2021-06-09,40.21,40.279,40.176,40.176,36.6169,3300,0,0
2021-06-10,40.056,40.056,40.056,40.056,36.8478,2000,0.371,0
2021-06-11,39.98,40.05,39.98,40.05,36.8423,300,0,0
2021-06-14,40.09,40.09,40.09,40.09,36.8791,100,0,0
2021-06-15,39.97,39.994,39.97,39.994,36.7908,100,0,0
2021-06-16,39.688,39.688,39.688,39.688,36.5093,100,0,0
2021-06-17,39.62,39.62,39.62,39.62,36.4467,200,0,0
2021-06-18,39.073,39.073,39.073,39.073,35.9435,100,0,0
2021-06-21,39.32,39.475,39.32,39.475,36.3133,600,0,0
2021-06-22,39.52,39.52,39.52,39.52,36.3547,200,0,0
2021-06-23,39.392,39.392,39.392,39.392,36.237,0,0,0
2021-06-24,39.695,39.695,39.695,39.695,36.5157,100,0,0
2021-06-25,39.823,39.823,39.823,39.823,36.6335,0,0,0
2021-06-28,39.81,39.865,39.81,39.865,36.6721,900,0,0
2021-06-29,39.902,39.902,39.902,39.902,36.7061,1800,0,0
2021-06-30,39.865,39.865,39.865,39.865,36.6721,1800,0,0
2021-07-01,39.883,39.883,39.883,39.883,36.6887,100,0,0
2021-07-02,40.118,40.118,40.118,40.118,36.9048,1800,0,0
2021-07-06,39.92,39.92,39.885,39.885,36.6905,600,0,0
2021-07-07,40.125,40.125,40.125,40.125,36.9113,1200,0,0
2021-07-08,39.742,39.742,39.742,39.742,36.5589,0,0,0
2021-07-09,40.11,40.203,40.11,40.203,36.983,200,0,0
2021-07-12,40.284,40.34,40.266,40.266,37.041,400,0,0
2021-07-13,40.34,40.34,40.117,40.117,36.9039,200,0,0
2021-07-14,40.372,40.39,40.34,40.34,37.1091,300,0,0
2021-07-15,40.207,40.207,40.207,40.207,36.9867,0,0,0
2021-07-16,40.044,40.044,40.044,40.044,36.8368,0,0,0
2021-07-19,39.531,39.531,39.531,39.531,36.3648,100,0,0
2021-07-20,39.922,39.922,39.922,39.922,36.7245,0,0,0
2021-07-21,40.14,40.193,40.14,40.193,36.9738,900,0,0
2021-07-22,40.241,40.241,40.241,40.241,37.018,0,0,0
2021-07-23,40.571,40.571,40.571,40.571,37.3215,0,0,0
2021-07-26,40.562,40.562,40.562,40.562,37.3133,800,0,0
2021-07-27,40.269,40.379,40.269,40.379,37.1449,400,0,0
2021-07-28,40.544,40.544,40.544,40.544,37.2967,300,0,0
2021-07-29,40.749,40.749,40.749,40.749,37.4853,0,0,0
2021-07-30,40.582,40.582,40.582,40.582,37.3317,0,0,0
2021-08-02,40.636,40.636,40.636,40.636,37.3814,600,0,0
2021-08-03,40.99,40.99,40.99,40.99,37.707,300,0,0
2021-08-04,40.919,40.919,40.919,40.919,37.6417,600,0,0
2021-08-05,41.004,41.004,41.004,41.004,37.7199,600,0,0
2021-08-06,41,41,40.849,40.849,37.5773,300,0,0
2021-08-09,40.872,40.872,40.872,40.872,37.5984,100,0,0
2021-08-10,40.87,40.888,40.87,40.888,37.6132,400,0,0
2021-08-11,41.013,41.013,41.013,41.013,37.7281,100,0,0
2021-08-12,40.996,40.996,40.996,40.996,37.7125,100,0,0
2021-08-13,41.18,41.18,41.143,41.143,37.8477,200,0,0
2021-08-16,41.275,41.275,41.275,41.275,37.9692,0,0,0
2021-08-17,41.02,41.02,41.02,41.02,37.7346,0,0,0
2021-08-18,40.652,40.652,40.652,40.652,37.3961,100,0,0
2021-08-19,40.522,40.522,40.522,40.522,37.2765,100,0,0
2021-08-20,40.779,40.779,40.779,40.779,37.5129,0,0,0
2021-08-23,40.87,41.008,40.87,41.008,37.7235,100,0,0
2021-08-24,41.024,41.024,41.024,41.024,37.7383,100,0,0
2021-08-25,41.059,41.059,41.059,41.059,37.7705,100,0,0
2021-08-26,40.825,40.825,40.825,40.825,37.5552,100,0,0
2021-08-27,41.122,41.122,41.122,41.122,37.8284,100,0,0
2021-08-30,41.262,41.262,41.262,41.262,37.9572,100,0,0
2021-08-31,41.28,41.28,41.279,41.279,37.9728,700,0,0
2021-09-01,41.359,41.359,41.351,41.351,38.0391,100,0,0
2021-09-02,41.489,41.489,41.489,41.489,38.166,100,0,0
2021-09-03,41.65,41.65,41.636,41.636,38.3012,300,0,0
2021-09-07,41.398,41.398,41.398,41.398,38.0823,0,0,0
2021-09-08,41.242,41.251,41.242,41.251,37.9471,200,0,0
2021-09-09,41.27,41.27,41.047,41.047,37.7594,300,0,0
2021-09-10,40.954,40.954,40.954,40.954,37.6739,100,0,0
2021-09-13,41.042,41.042,41.042,41.042,37.7548,100,0,0
2021-09-14,40.837,40.837,40.837,40.837,37.5662,100,0,0
2021-09-15,41.059,41.059,41.059,41.059,37.7705,0,0,0
2021-09-16,40.78,40.915,40.78,40.915,37.638,200,0,0
2021-09-17,40.479,40.479,40.479,40.479,37.2369,0,0,0
2021-09-20,39.866,39.866,39.866,39.866,36.673,100,0,0
2021-09-21,39.98,39.98,39.98,39.98,36.7779,200,0,0
2021-09-22,40.183,40.183,40.183,40.183,36.9646,100,0,0
2021-09-23,40.489,40.489,40.489,40.489,37.2461,100,0,0
2021-09-24,40.372,40.372,40.372,40.372,37.1385,0,0,0
2021-09-27,40.15,40.15,40.15,40.15,36.9343,700,0,0
2021-09-28,39.389,39.389,39.389,39.389,36.2342,1200,0,0
2021-09-29,39.33,39.39,39.33,39.39,36.2351,200,0,0
2021-09-30,39.52,39.52,39.146,39.146,36.0107,100,0,0
2021-10-01,39.269,39.269,39.269,39.269,36.1238,100,0,0
2021-10-04,38.847,38.847,38.847,38.847,35.7356,100,0,0
2021-10-05,39.16,39.16,39.16,39.16,36.0236,100,0,0
2021-10-06,39.109,39.109,39.109,39.109,35.9766,0,0,0
2021-10-07,39.67,39.67,39.465,39.465,36.3041,600,0,0
2021-10-08,39.413,39.413,39.413,39.413,36.2563,0,0,0
2021-10-11,39.63,39.63,39.289,39.289,36.1422,200,0,0
2021-10-12,39.196,39.196,39.196,39.196,36.0567,0,0,0
2021-10-13,39.453,39.453,39.453,39.453,36.2931,0,0,0
2021-10-14,39.981,39.981,39.981,39.981,36.7788,0,0,0
2021-10-15,40.33,40.33,40.232,40.232,37.0097,800,0,0
2021-10-18,40.21,40.21,40.204,40.204,36.9839,300,0,0
2021-10-19,40.509,40.509,40.509,40.509,37.2645,100,0,0
2021-10-20,40.613,40.613,40.613,40.613,37.3602,100,0,0
2021-10-21,40.562,40.562,40.562,40.562,37.3133,0,0,0
2021-10-22,40.655,40.655,40.655,40.655,37.3988,100,0,0
2021-10-25,40.717,40.717,40.717,40.717,37.4558,100,0,0
2021-10-26,40.742,40.742,40.742,40.742,37.4788,0,0,0
2021-10-27,40.447,40.447,40.447,40.447,37.2075,100,0,0
2021-10-28,40.728,40.742,40.728,40.742,37.4788,400,0,0
2021-10-29,40.695,40.695,40.695,40.695,37.4356,100,0,0
2021-11-01,40.8,40.8,40.797,40.797,37.5294,200,0,0
2021-11-02,40.878,40.878,40.878,40.878,37.604,0,0,0
2021-11-03,41.209,41.209,41.209,41.209,37.9084,100,0,0
2021-11-04,41.267,41.267,41.267,41.267,37.9618,0,0,0
2021-11-05,41.321,41.321,41.321,41.321,38.0115,0,0,0
2021-11-08,41.385,41.385,41.385,41.385,38.0704,0,0,0
2021-11-09,41.379,41.379,41.379,41.379,38.0648,0,0,0
2021-11-10,41.33,41.33,41.103,41.103,37.8109,1000,0,0
2021-11-11,41.261,41.261,41.261,41.261,37.9563,100,0,0
2021-11-12,41.44,41.514,41.44,41.514,38.189,100,0,0
2021-11-15,41.502,41.502,41.47,41.47,38.1485,100,0,0
2021-11-16,41.569,41.569,41.569,41.569,38.2396,100,0,0
2021-11-17,41.53,41.53,41.503,41.503,38.1789,100,0,0
2021-11-18,41.445,41.445,41.445,41.445,38.1255,100,0,0
2021-11-19,41.386,41.386,41.386,41.386,38.0713,0,0,0
2021-11-22,41.56,41.56,41.277,41.277,37.971,2700,0,0
2021-11-23,41.3,41.3,41.3,41.3,37.9922,100,0,0
2021-11-24,41.252,41.252,41.252,41.252,37.948,100,0,0
2021-11-26,40.55,40.55,40.55,40.55,37.3022,100,0,0
2021-11-29,41,41.03,40.947,40.947,37.6674,400,0,0
2021-11-30,40.285,40.285,40.285,40.285,37.0585,300,0,0
2021-12-01,40.84,40.84,40.155,40.155,36.9389,300,0,0
2021-12-02,40.52,40.52,40.52,40.52,37.2746,100,0,0
2021-12-03,40.4,40.4,40.398,40.398,37.1624,700,0,0
2021-12-06,40.707,40.707,40.707,40.707,37.4467,0,0,0
2021-12-07,41.356,41.356,41.356,41.356,38.0437,100,0,0
2021-12-08,41.38,41.478,41.38,41.478,38.1559,200,0,0
2021-12-09,41.25,41.32,41.25,41.256,37.9517,1900,0,0
2021-12-10,41.519,41.519,41.519,41.519,38.1936,0,0,0
2021-12-13,40.84,40.84,40.727,40.727,38.0442,100,0.632,0
2021-12-14,40.531,40.531,40.531,40.531,37.8611,0,0,0
2021-12-15,40.51,41.094,40.51,41.094,38.387,1700,0,0
2021-12-16,41.146,41.146,41.146,41.146,38.4356,0,0,0
2021-12-17,41.04,41.04,40.789,40.789,38.1021,100,0,0
2021-12-20,40.475,40.475,40.475,40.475,37.8088,100,0,0
2021-12-21,40.62,40.865,40.62,40.865,38.1731,800,0,0
2021-12-22,41.198,41.198,41.198,41.198,38.4841,100,0,0
2021-12-23,41.43,41.43,41.43,41.43,38.7009,100,0,0
2021-12-27,41.831,41.838,41.831,41.838,39.082,200,0,0
2021-12-28,41.849,41.849,41.849,41.849,39.0922,100,0,0
2021-12-29,41.97,41.97,41.97,41.97,39.2053,0,0,0
2021-12-30,41.886,41.886,41.886,41.886,39.1268,0,0,0
2021-12-31,41.97,41.97,41.857,41.857,39.0997,1600,0,0
2022-01-03,41.84,41.84,41.84,41.84,39.0838,200,0,0
2022-01-04,41.875,41.875,41.875,41.875,39.1165,0,0,0
2022-01-05,41.39,41.39,41.39,41.39,38.6635,100,0,0
2022-01-06,41.37,41.37,41.295,41.295,38.5747,7000,0,0
2022-01-07,41.36,41.36,41.32,41.32,38.5981,2300,0,0
2022-01-10,41.237,41.237,41.237,41.237,38.5206,100,0,0
2022-01-11,41.101,41.54,41.101,41.54,38.8036,2900,0,0
2022-01-12,41.796,41.796,41.796,41.796,39.0427,100,0,0
2022-01-13,41.543,41.543,41.43,41.43,38.7009,1100,0,0
2022-01-14,41.45,41.45,41.45,41.45,38.7195,100,0,0
2022-01-18,40.79,40.79,40.786,40.786,38.0993,1400,0,0
2022-01-19,40.757,40.757,40.757,40.757,38.0722,100,0,0
2022-01-20,40.45,40.45,40.335,40.335,37.678,3400,0,0
2022-01-21,40.18,40.18,39.948,39.948,37.3165,200,0,0
2022-01-24,39.025,39.807,39.025,39.807,37.1848,200,0,0
2022-01-25,39.27,39.532,39.27,39.532,36.9279,2700,0,0
2022-01-26,39.73,39.73,39.223,39.223,36.6392,200,0,0
2022-01-27,39.426,39.597,39.119,39.119,36.5421,1200,0,0
2022-01-28,39.54,39.54,39.54,39.54,36.9353,0,0,0
2022-01-31,40.142,40.142,40.142,40.142,37.4977,100,0,0
2022-02-01,40.41,40.41,40.41,40.41,37.748,100,0,0
2022-02-02,40.61,40.796,40.61,40.796,38.1086,100,0,0
2022-02-03,40.161,40.161,40.161,40.161,37.5154,100,0,0
2022-02-04,40.062,40.062,40.062,40.062,37.423,100,0,0
2022-02-07,39.995,39.995,39.995,39.995,37.3604,0,0,0
2022-02-08,40.319,40.319,40.319,40.319,37.663,100,0,0
2022-02-09,40.781,40.781,40.781,40.781,38.0946,0,0,0
2022-02-10,40.261,40.261,40.261,40.261,37.6089,0,0,0
2022-02-11,39.827,39.827,39.827,39.827,37.2034,200,0,0
2022-02-14,39.484,39.61,39.484,39.61,37.0007,500,0,0
2022-02-15,40.021,40.042,40.021,40.042,37.4043,100,0,0
2022-02-16,40.17,40.182,40.17,40.182,37.535,2000,0,0
2022-02-17,40.03,40.03,39.697,39.697,37.082,300,0,0
2022-02-18,39.495,39.495,39.495,39.495,36.8933,0,0,0
2022-02-22,39.137,39.137,39.137,39.137,36.5589,0,0,0
2022-02-23,38.736,38.736,38.736,38.736,36.1843,100,0,0
2022-02-24,37.78,38.617,37.78,38.617,36.0732,3300,0,0
2022-02-25,39.101,39.46,39.101,39.431,36.8335,10700,0,0
2022-02-28,39.151,39.151,39.151,39.151,36.572,100,0,0
2022-03-01,38.729,38.729,38.729,38.729,36.1778,100,0,0
2022-03-02,38.78,39.18,38.78,39.18,36.5991,1000,0,0
2022-03-03,39.19,39.19,38.936,38.936,36.3711,800,0,0
2022-03-04,38.797,38.797,38.797,38.797,36.2413,0,0,0
2022-03-07,37.928,37.928,37.928,37.928,35.4295,100,0,0
2022-03-08,37.619,37.619,37.619,37.619,35.1409,100,0,0
2022-03-09,38.309,38.309,38.309,38.309,35.7854,0,0,0
2022-03-10,37.96,38.096,37.96,38.096,35.5865,700,0,0
2022-03-11,37.89,37.89,37.723,37.723,35.238,300,0,0
2022-03-14,37.54,37.55,37.443,37.51,35.0391,1900,0,0
2022-03-15,37.58,38.033,37.58,38.033,35.5276,1200,0,0
2022-03-16,38.57,38.729,38.48,38.729,36.1778,400,0,0
2022-03-17,39.19,39.19,39.146,39.146,36.5673,200,0,0
2022-03-18,39.15,39.579,39.15,39.579,36.9718,300,0,0
2022-03-21,39.36,39.361,39.36,39.361,36.7681,300,0,0
2022-03-22,39.762,39.762,39.762,39.762,37.1427,100,0,0
2022-03-23,39.332,39.332,39.332,39.332,36.741,100,0,0
2022-03-24,39.743,39.743,39.743,39.743,37.125,100,0,0
2022-03-25,39.888,39.888,39.888,39.888,37.2604,100,0,0
2022-03-28,39.94,39.953,39.94,39.953,37.3211,200,0,0
2022-03-29,40.415,40.46,40.375,40.46,37.7947,500,0,0
2022-03-30,40.428,40.428,40.292,40.292,37.6378,300,0,0
2022-03-31,39.955,39.955,39.955,39.955,37.323,0,0,0
2022-04-01,40.04,40.114,40.02,40.114,37.4715,800,0,0
2022-04-04,40.372,40.372,40.355,40.355,37.6967,100,0,0
2022-04-05,39.94,39.94,39.94,39.94,37.309,100,0,0
2022-04-06,39.903,39.903,39.903,39.903,37.2744,0,0,0
2022-04-07,40.19,40.19,40.174,40.174,37.5276,100,0,0
2022-04-08,40.225,40.225,40.12,40.12,37.4771,200,0,0
2022-04-11,39.734,39.734,39.734,39.734,37.1166,100,0,0
2022-04-12,39.528,39.528,39.528,39.528,36.9241,0,0,0
2022-04-13,39.878,39.878,39.878,39.878,37.2511,100,0,0
2022-04-14,39.7,39.7,39.599,39.599,36.9905,100,0,0
2022-04-18,39.413,39.413,39.413,39.413,36.8167,0,0,0
2022-04-19,39.544,39.729,39.544,39.729,37.1119,300,0,0
2022-04-20,39.99,39.99,39.906,39.906,37.2772,300,0,0
2022-04-21,39.738,39.738,39.44,39.44,36.8419,400,0,0
2022-04-22,38.666,38.666,38.666,38.666,36.1189,0,0,0
2022-04-25,38.354,38.354,38.354,38.354,35.8275,200,0,0
2022-04-26,37.869,37.869,37.869,37.869,35.3744,0,0,0
2022-04-27,38.21,38.21,37.91,37.921,35.423,1700,0,0
2022-04-28,38.51,38.51,38.48,38.48,35.9452,500,0,0
2022-04-29,37.97,37.97,37.649,37.649,35.1689,200,0,0
2022-05-02,37.602,37.689,37.602,37.689,35.2063,100,0,0
2022-05-03,38.01,38.01,37.82,37.893,35.3968,500,0,0
2022-05-04,37.65,38.652,37.65,38.652,36.1058,800,0,0
2022-05-05,37.638,37.638,37.55,37.55,35.0764,500,0,0
2022-05-06,37.25,37.307,37.21,37.307,34.8494,2300,0,0
2022-05-09,36.52,36.52,36.52,36.52,34.1143,0,0,0
2022-05-10,36.37,36.508,36.37,36.508,34.1031,300,0,0
2022-05-11,36.67,36.67,36.141,36.141,33.7602,200,0,0
2022-05-12,36.176,36.176,36.176,36.176,33.7929,0,0,0
2022-05-13,36.74,36.869,36.74,36.869,34.4403,600,0,0
2022-05-16,36.874,36.923,36.874,36.923,34.4907,200,0,0
2022-05-17,37.451,37.451,37.451,37.451,34.984,100,0,0
2022-05-18,36.93,36.93,36.245,36.245,33.8574,300,0,0
2022-05-19,36.18,36.234,36.18,36.234,33.8471,100,0,0
2022-05-20,36.407,36.407,36.407,36.407,34.0087,100,0,0
2022-05-23,37.02,37.02,36.908,36.908,34.4767,500,0,0
2022-05-24,36.59,36.871,36.59,36.871,34.4422,2200,0,0
2022-05-25,37.099,37.099,37.099,37.099,34.6551,100,0,0
2022-05-26,37.58,37.583,37.58,37.583,35.1073,200,0,0
2022-05-27,38.01,38.08,38.01,38.08,35.5715,200,0,0
2022-05-31,38.11,38.11,37.93,37.93,35.4314,300,0,0
2022-06-01,37.646,37.646,37.646,37.646,35.1661,100,0,0
2022-06-02,38.109,38.109,38.109,38.109,35.5986,100,0,0
2022-06-03,37.722,37.722,37.722,37.722,35.2371,100,0,0
2022-06-06,37.739,37.739,37.739,37.739,35.253,0,0,0
2022-06-07,38.014,38.014,38.014,38.014,35.5099,0,0,0
2022-06-08,37.582,37.582,37.582,37.582,35.1063,100,0,0
2022-06-09,36.828,36.828,36.828,36.828,34.402,0,0,0
2022-06-10,36.167,36.167,36.167,36.167,33.7846,0,0,0
2022-06-13,35.028,35.028,35.028,35.028,32.7206,100,0,0
2022-06-14,34.837,34.837,34.837,34.837,32.5422,0,0,0
2022-06-15,35.204,35.204,35.204,35.204,32.885,0,0,0
2022-06-16,34.546,34.546,34.343,34.343,32.0807,1300,0,0
2022-06-17,33.676,33.676,33.676,33.676,31.9573,0,0.537,0
2022-06-21,34.3,34.3,34.3,34.3,32.5495,0,0,0
2022-06-22,34.133,34.133,34.133,34.133,32.391,100,0,0
2022-06-23,34.07,34.14,34.07,34.14,32.3977,1300,0,0
2022-06-24,34.938,34.938,34.938,34.938,33.1549,100,0,0
2022-06-27,34.972,34.972,34.972,34.972,33.1872,100,0,0
2022-06-28,35.36,35.36,34.681,34.681,32.911,300,0,0
2022-06-29,34.7,34.7,34.573,34.573,32.8085,1800,0,0
2022-06-30,34.344,34.344,34.344,34.344,32.5912,100,0,0
2022-07-01,34.36,34.421,34.36,34.421,32.6643,200,0,0
2022-07-05,34.09,34.09,34.09,34.09,32.3502,100,0,0
2022-07-06,34.25,34.25,34.122,34.122,32.3806,100,0,0
2022-07-07,34.624,34.624,34.624,34.624,32.857,0,0,0
2022-07-08,34.624,34.624,34.624,34.624,32.857,100,0,0
2022-07-11,34.317,34.317,34.233,34.233,32.4859,1700,0,0
2022-07-12,34.064,34.064,34.064,34.064,32.3255,100,0,0
2022-07-13,33.89,34.018,33.89,34.018,32.2819,100,0,0
2022-07-14,33.719,33.719,33.719,33.719,31.9981,0,0,0
2022-07-15,34.21,34.23,34.166,34.166,32.4223,4700,0,0
2022-07-18,34.135,34.164,34.135,34.164,32.4204,300,0,0
2022-07-19,34.7,34.799,34.7,34.799,33.023,100,0,0
2022-07-20,34.68,34.76,34.68,34.76,32.986,400,0,0
2022-07-21,34.55,34.98,34.52,34.98,33.1948,4200,0,0
2022-07-22,34.9,34.9,34.65,34.73,32.9575,2000,0,0
2022-07-25,34.99,34.99,34.99,34.99,33.2043,200,0,0
2022-07-26,34.74,34.74,34.74,34.74,32.967,100,0,0
2022-07-27,35.35,35.35,35.35,35.35,33.5459,100,0,0
2022-07-28,35.47,35.62,35.47,35.62,33.8021,1600,0,0
2022-07-29,35.8,35.91,35.8,35.91,34.0773,5300,0,0
2022-08-01,35.9,35.9,35.5,35.785,33.9587,1200,0,0
2022-08-02,35.506,35.506,35.506,35.506,33.6939,0,0,0
2022-08-03,36.101,36.101,36.101,36.101,34.2586,0,0,0
2022-08-04,36.032,36.032,36.032,36.032,34.1931,0,0,0
2022-08-05,36.005,36.005,36.005,36.005,34.1675,100,0,0
2022-08-08,36.23,36.23,35.94,35.984,34.1475,4500,0,0
2022-08-09,35.784,35.784,35.784,35.784,33.9577,100,0,0
2022-08-10,36.47,36.596,36.47,36.596,34.7283,200,0,0
2022-08-11,36.581,36.581,36.581,36.581,34.7141,0,0,0
2022-08-12,37.192,37.192,37.192,37.192,35.2939,100,0,0
2022-08-15,37.361,37.361,37.361,37.361,35.4543,100,0,0
2022-08-16,37.32,37.434,37.32,37.434,35.5235,200,0,0
2022-08-17,37.12,37.138,37.12,37.138,35.2426,100,0,0
2022-08-18,37.197,37.197,37.197,37.197,35.2986,0,0,0
2022-08-19,36.727,36.727,36.727,36.727,34.8526,0,0,0
2022-08-22,36.222,36.222,35.926,35.926,34.0925,500,0,0
2022-08-23,36.02,36.02,35.876,35.876,34.0451,11876100,0,0
2022-08-24,36.06,36.06,35.687,35.687,33.8657,25700,0,0
2022-08-25,36.29,36.468,36.29,36.468,34.6068,1400,0,0
2022-08-26,35.33,35.36,35.28,35.319,33.5165,2800,0,0
2022-08-29,35.17,35.17,35.066,35.066,33.2764,100,0,0
2022-08-30,35,35,34.58,34.627,32.8598,300,0,0
2022-08-31,34.42,34.445,34.42,34.445,32.6871,100,0,0
2022-09-01,33.98,34.421,33.98,34.421,32.6643,100,0,0
2022-09-02,34.66,34.66,34.02,34.02,32.2838,300,0,0
2022-09-06,33.928,33.928,33.928,33.928,32.1965,0,0,0
2022-09-07,34.01,34.581,34.01,34.581,32.8161,100,0,0
2022-09-08,34.84,34.84,34.39,34.816,33.0391,24300,0,0
2022-09-09,35.06,35.44,35.06,35.418,33.6104,4000,0,0
2022-09-12,35.82,35.82,35.62,35.756,33.9312,1300,0,0
2022-09-13,34.88,34.91,34.23,34.267,32.5182,1600,0,0
2022-09-14,34.26,34.47,34.06,34.337,32.5846,5500,0,0
2022-09-15,34.45,34.45,33.94,34.006,32.2705,1100,0,0
2022-09-16,33.44,33.707,33.41,33.707,32.0009,2600,0.015,0
2022-09-19,33.57,33.908,33.52,33.908,32.1917,1900,0,0
2022-09-20,33.51,33.61,33.32,33.535,31.8376,2400,0,0
2022-09-21,33.54,33.86,33.02,33.026,31.3543,9900,0,0
2022-09-22,32.75,32.78,32.66,32.66,31.0069,6300,0,0
2022-09-23,31.99,32.04,31.99,32.04,30.4182,200,0,0
2022-09-26,32.1,32.1,31.794,31.794,30.1847,200,0,0
2022-09-27,31.84,31.84,31.6,31.694,30.0898,34000,0,0
2022-09-28,32.05,32.383,32.05,32.383,30.7439,2000,0,0
2022-09-29,31.659,31.659,31.659,31.659,30.0565,100,0,0
2022-09-30,31.67,31.67,31.207,31.207,29.6274,5830300,0,0
2022-10-03,31.66,32.12,31.66,31.968,30.3499,3000,0,0
2022-10-04,32.9,32.97,32.84,32.97,31.3012,1200,0,0
2022-10-05,32.51,33.04,32.42,32.926,31.2594,12000,0,0
2022-10-06,32.75,32.82,32.59,32.639,30.9869,14100,0,0
2022-10-07,31.9,31.95,31.54,31.69,30.086,700,0,0
2022-10-10,31.58,31.58,31.42,31.457,29.8647,500,0,0
2022-10-11,31.05,31.63,31.05,31.21,29.6303,3700,0,0
2022-10-12,31.22,31.29,31.138,31.138,29.5619,900,0,0
2022-10-13,30.69,31.912,30.69,31.912,30.2967,4200,0,0
2022-10-14,31.56,31.56,31.137,31.137,29.5609,17800,0,0
2022-10-17,31.99,31.99,31.96,31.96,30.3423,200,0,0
2022-10-18,32.12,32.39,32.12,32.296,30.6613,17200,0,0
2022-10-19,31.94,32.096,31.92,32.096,30.4714,16900,0,0
2022-10-20,32,32,31.896,31.896,30.2815,20600,0,0
2022-10-21,32.35,32.604,32.35,32.604,30.9537,3900,0,0
2022-10-24,32.87,32.959,32.84,32.959,31.2907,20600,0,0
2022-10-25,33.36,33.55,32.17,33.533,31.8357,30200,0,0
2022-10-26,33.5,33.5,33.31,33.31,31.624,11800,0,0
2022-10-27,32.96,33.192,32.96,33.095,31.4198,1900,0,0
2022-10-28,33.906,33.906,33.906,33.906,32.1898,100,0,0
2022-10-31,33.73,33.73,33.66,33.662,31.9581,587800,0,0
2022-11-01,33.5,33.64,33.5,33.559,31.8604,3900,0,0
2022-11-02,33.3,33.37,32.719,32.719,31.0629,1900,0,0
2022-11-03,32.36,32.382,32.336,32.336,30.6993,900,0,0
2022-11-04,32.28,32.713,32.27,32.713,31.0572,4600,0,0
2022-11-07,32.917,33.047,32.863,33.047,31.3743,400,0,0
2022-11-08,33.51,33.51,33.105,33.264,31.5803,1500,0,0
2022-11-09,32.66,32.66,31.865,31.865,30.2521,100,0,0
2022-11-10,33.91,34.36,33.91,34.36,32.6208,1200,0,0
2022-11-11,34.75,34.75,34.75,34.75,32.9911,100,0,0
2022-11-14,34.761,34.865,34.46,34.46,32.7158,51100,0,0
2022-11-15,34.9,34.9,34.73,34.73,32.9721,800,0,0
2022-11-16,34.474,34.474,34.474,34.474,32.729,100,0,0
2022-11-17,34.27,34.287,34.27,34.287,32.5515,1900,0,0
2022-11-18,34.4,34.445,34.4,34.445,32.7015,100,0,0
2022-11-21,34.29,34.346,34.29,34.346,32.6075,10400,0,0
2022-11-22,34.6,34.795,34.6,34.795,33.0338,800,0,0
2022-11-23,35.012,35.06,35.005,35.005,33.2332,10300,0,0
2022-11-25,35.04,35.04,34.996,34.996,33.2246,100,0,0
2022-11-28,35.37,37.12,34.477,34.477,32.7319,21100,0,0
2022-11-29,34.4,34.413,34.39,34.413,32.6711,12400,0,0
2022-11-30,34.39,35.424,34.39,35.424,33.631,300,0,0
2022-12-01,35.47,35.506,35.47,35.506,33.7088,500,0,0
2022-12-02,35.37,35.443,35.28,35.443,33.649,5300,0,0
2022-12-05,35.041,35.082,34.72,34.806,33.0442,19300,0,0
2022-12-06,34.43,34.43,34.24,34.275,32.5401,82000,0,0
2022-12-07,33.68,34.3,33.68,34.224,32.4917,3200,0,0
2022-12-08,34.29,34.474,34.29,34.474,32.729,2700,0,0
2022-12-09,34.44,34.56,34.253,34.253,32.5192,27500,0,0
2022-12-12,34.42,34.71,34.42,34.71,32.9531,3100,0,0
2022-12-13,35.197,35.197,34.87,35.011,33.2389,10400,0,0
2022-12-14,35.16,35.28,34.836,34.836,33.0727,3400,0,0
2022-12-15,33.9,33.917,33.9,33.917,32.2002,11500,0,0
2022-12-16,33.66,33.74,33.445,33.445,31.9234,103600,0.182,0
2022-12-19,33.17,33.17,33,33.059,31.555,3200,0,0
2022-12-20,33.06,33.107,33.06,33.107,31.6008,12000,0,0
2022-12-21,33.605,33.605,33.54,33.562,32.0351,2300,0,0
2022-12-22,33,33.081,32.65,33.081,31.576,9400,0,0
2022-12-23,33.2,33.265,33.2,33.265,31.7516,82500,0,0
2022-12-27,33.22,33.22,33.136,33.136,31.6285,90500,0,0
2022-12-28,32.88,32.99,32.754,32.754,31.2639,4400,0,0
2022-12-29,33.27,33.33,33.26,33.33,31.8137,15100,0,0
2022-12-30,33.07,33.231,33.04,33.231,31.7192,21200,0,0
2023-01-03,33.43,33.448,32.94,33.111,31.6046,12700,0,0
2023-01-04,33.42,33.42,33.318,33.318,31.8022,8300,0,0
2023-01-05,33.01,33.01,32.971,32.971,31.471,1500,0,0
2023-01-06,33.5,33.71,33.5,33.696,32.163,37700,0,0
2023-01-09,34.05,34.05,33.716,33.716,32.1821,17500,0,0
2023-01-10,33.72,33.942,33.72,33.942,32.3978,1200,0,0
2023-01-11,34.21,34.378,34.21,34.378,32.814,2000,0,0
2023-01-12,34.497,34.62,34.497,34.526,32.9552,26300,0,0
2023-01-13,34.41,34.684,34.41,34.684,33.1061,1200,0,0
2023-01-17,34.66,34.66,34.619,34.619,33.044,15500,0,0
2023-01-18,34.35,34.35,34.093,34.093,32.5419,12400,0,0
2023-01-19,33.795,33.837,33.79,33.837,32.2976,200,0,0
2023-01-20,34.15,34.454,34.11,34.454,32.8865,5500,0,0
2023-01-23,34.867,34.947,34.867,34.894,33.3065,4700,0,0
2023-01-24,34.83,34.87,34.83,34.868,33.2817,1600,0,0
2023-01-25,34.69,34.828,34.69,34.828,33.2435,2800,0,0
2023-01-26,34.94,35.224,34.94,35.224,33.6215,1100,0,0
2023-01-27,35.22,35.43,35.22,35.368,33.7589,8700,0,0
2023-01-30,35.01,35.01,34.888,34.888,33.3008,4200,0,0
2023-01-31,35.17,35.376,35.17,35.376,33.7666,414100,0,0
2023-02-01,35.782,35.782,35.782,35.782,34.1541,100,0,0
2023-02-02,36.36,36.36,36.16,36.324,34.6715,1000,0,0
2023-02-03,35.97,35.97,35.97,35.97,34.3336,0,0,0
2023-02-06,35.72,35.77,35.7,35.724,34.0987,9400,0,0
2023-02-07,35.35,36.212,35.35,36.212,34.5645,300,0,0
2023-02-08,36.04,36.13,35.78,35.808,34.1789,10800,0,0
2023-02-09,35.85,35.85,35.492,35.492,33.8773,800,0,0
2023-02-10,35.55,35.55,35.55,35.55,33.9327,100,0,0
2023-02-13,35.84,35.93,35.84,35.902,34.2686,36300,0,0
2023-02-14,35.97,36.013,35.97,36.013,34.3746,1600,0,0
2023-02-15,36.03,36.088,36.03,36.088,34.4462,100,0,0
2023-02-16,35.67,36.02,35.65,35.65,34.0281,3400,0,0
2023-02-17,35.36,35.504,35.35,35.504,33.8888,1900,0,0
2023-02-21,34.87,34.87,34.802,34.802,33.2187,100,0,0
2023-02-22,34.85,34.93,34.72,34.72,33.1404,22200,0,0
2023-02-23,34.57,34.936,34.57,34.936,33.3466,500,0,0
2023-02-24,34.55,34.555,34.55,34.555,32.9829,400,0,0
2023-02-27,34.717,34.717,34.66,34.66,33.0831,300,0,0
2023-02-28,34.73,34.73,34.631,34.631,33.0555,14100,0,0
2023-03-01,34.54,34.54,34.417,34.417,32.8512,1000,0,0
2023-03-02,34.33,34.67,34.33,34.67,33.0927,42900,0,0
2023-03-03,35.06,35.241,35.06,35.241,33.6377,4400,0,0
2023-03-06,35.269,35.269,35.269,35.269,33.6644,100,0,0
2023-03-07,34.86,34.87,34.69,34.738,33.1576,83500,0,0
2023-03-08,34.81,34.81,34.776,34.776,33.1939,300,0,0
2023-03-09,34.68,34.69,34.146,34.146,32.5925,4100,0,0
2023-03-10,33.88,33.88,33.578,33.578,32.0504,9600,0,0
2023-03-13,33.69,33.841,33.559,33.559,32.0322,1900,0,0
2023-03-14,34.077,34.077,34.077,34.077,32.5267,0,0,0
2023-03-15,33.582,33.82,33.51,33.802,32.2642,10000,0,0
2023-03-16,34.39,34.469,34.39,34.469,32.9008,31600,0,0
2023-03-17,34.12,34.12,34.006,34.006,32.5486,300,0.095,0
2023-03-20,34.189,34.284,34.189,34.284,32.8147,2100,0,0
2023-03-21,34.53,34.76,34.53,34.76,33.2703,2600,0,0
2023-03-22,34.64,34.64,34.22,34.22,32.7534,10000,0,0
2023-03-23,34.321,34.321,34.321,34.321,32.8501,100,0,0
2023-03-24,34.07,34.415,33.99,34.415,32.9401,1871000,0,0
2023-03-27,34.57,34.64,34.519,34.519,33.0396,1400,0,0
2023-03-28,34.452,34.452,34.452,34.452,32.9755,100,0,0
2023-03-29,34.87,34.95,34.87,34.95,33.4521,42000,0,0
2023-03-30,34.72,35.167,34.72,35.167,33.6599,400,0,0
2023-03-31,35.682,35.682,35.682,35.682,34.1528,776500,0,0
2023-04-03,35.66,35.817,35.66,35.817,34.282,9400,0,0
2023-04-04,35.68,35.68,35.594,35.594,34.0686,1600,0,0
2023-04-05,35.45,35.503,35.45,35.503,33.9815,1100,0,0
2023-04-06,35.48,35.63,35.47,35.616,34.0896,10600,0,0
2023-04-10,35.53,35.632,35.53,35.632,34.1049,700,0,0
2023-04-11,35.69,35.69,35.66,35.66,34.1317,2200,0,0
2023-04-12,35.502,35.502,35.502,35.502,33.9805,100,0,0
2023-04-13,35.84,36.03,35.84,35.99,34.4476,200,0,0
2023-04-14,35.925,35.925,35.925,35.925,34.3854,200,0,0
2023-04-17,35.86,36.037,35.86,36.037,34.4926,5100,0,0
2023-04-18,36,36.106,35.99,36.106,34.5586,7100,0,0
2023-04-19,35.94,36.072,35.94,36.072,34.5261,500,0,0
2023-04-20,35.855,35.855,35.855,35.855,34.3184,200,0,0
2023-04-21,35.896,35.896,35.896,35.896,34.3576,0,0,0
2023-04-24,36.19,36.19,35.904,35.904,34.3653,100,0,0
2023-04-25,35.56,35.57,35.352,35.352,33.8369,19600,0,0
2023-04-26,35.24,35.24,35.232,35.232,33.7221,100,0,0
2023-04-27,35.77,35.872,35.77,35.872,34.3346,100,0,0
2023-04-28,36.15,36.157,36.04,36.157,34.6074,521100,0,0
2023-05-01,36.234,36.234,36.183,36.183,34.6323,600,0,0
2023-05-02,35.73,35.77,35.72,35.77,34.237,19600,0,0
2023-05-03,35.509,35.509,35.509,35.509,33.9872,100,0,0
2023-05-04,35.18,35.263,35.18,35.263,33.7517,16200,0,0
2023-05-05,35.79,35.896,35.79,35.896,34.3576,300,0,0
2023-05-08,36.3,36.3,35.7,35.935,34.3949,700,0,0
2023-05-09,35.798,35.798,35.798,35.798,34.2638,100,0,0
2023-05-10,35.79,35.955,35.79,35.955,34.4141,2100,0,0
2023-05-11,35.88,35.907,35.87,35.907,34.3681,7300,0,0
2023-05-12,35.66,35.845,35.66,35.845,34.3088,12100,0,0
2023-05-15,35.89,35.966,35.89,35.966,34.4246,12300,0,0
2023-05-16,35.87,35.87,35.743,35.743,34.2112,100,0,0
2023-05-17,35.86,36.175,35.86,36.175,34.6247,269600,0,0
2023-05-18,36.225,36.534,36.225,36.534,34.9683,5500,0,0
2023-05-19,36.63,36.65,36.47,36.494,34.93,5800,0,0
2023-05-22,36.55,36.564,36.501,36.501,34.9367,840700,0,0
2023-05-23,36.47,36.47,36.121,36.121,34.573,8000,0,0
2023-05-24,35.799,35.93,35.75,35.84,34.304,18000,0,0
2023-05-25,36.14,36.206,35.97,36.138,34.5892,3300,0,0
2023-05-26,36.36,36.644,36.36,36.644,35.0736,29500,0,0
2023-05-30,36.82,36.82,36.542,36.621,35.0515,4800,0,0
2023-05-31,36.35,36.53,36.35,36.453,34.8907,15900,0,0
2023-06-01,36.78,36.86,36.778,36.778,35.2018,25500,0,0
2023-06-02,37.3,37.41,37.29,37.381,35.779,38000,0,0
2023-06-05,37.46,37.52,37.25,37.307,35.7081,17400,0,0
2023-06-06,37.36,37.41,37.28,37.398,35.7952,5600,0,0
2023-06-07,37.494,37.494,37.22,37.253,35.6565,140300,0,0
2023-06-08,37.28,37.52,37.28,37.464,35.8584,23100,0,0
2023-06-09,37.46,37.62,37.46,37.535,35.9264,2400,0,0
2023-06-12,37.66,37.858,37.66,37.858,36.2355,10100,0,0
2023-06-13,38.09,38.137,38.07,38.137,36.5026,38700,0,0
2023-06-14,38.22,38.28,38.155,38.155,36.5198,55700,0,0
2023-06-15,38.52,38.78,38.52,38.78,37.118,72500,0,0
2023-06-16,38.56,38.64,38.46,38.46,36.9308,33000,0.125,0
2023-06-20,38.1,38.28,38.1,38.249,36.7282,16800,0,0
2023-06-21,38.12,38.22,38.024,38.024,36.5121,9600,0,0
2023-06-22,38.12,38.137,38.039,38.137,36.6206,1400,0,0
2023-06-23,37.9,38.038,37.84,37.902,36.395,26600,0,0
2023-06-26,37.91,37.91,37.72,37.845,36.3402,27800,0,0
2023-06-27,37.96,38.34,37.96,38.232,36.7118,45200,0,0
2023-06-28,37.97,38.255,37.97,38.102,36.587,22200,0,0
2023-06-29,38.27,38.33,38.235,38.299,36.7762,6400,0,0
2023-06-30,38.84,38.89,38.75,38.808,37.2649,10100,0,0
2023-07-03,38.87,38.9,38.8,38.837,37.2928,6800,0,0
2023-07-05,38.88,38.88,38.71,38.814,37.2707,17800,0,0
2023-07-06,38.27,38.54,38.27,38.489,36.9586,6700,0,0
2023-07-07,38.67,38.758,38.415,38.415,36.8876,4600,0,0
2023-07-10,38.68,38.68,38.37,38.452,36.9231,2900,0,0
2023-07-11,38.56,38.774,38.56,38.774,37.2323,16300,0,0
2023-07-12,38.95,39.18,38.94,39.038,37.4858,11000,0,0
2023-07-13,39.27,39.37,39.23,39.337,37.7729,396600,0,0
2023-07-14,39.4,39.409,39.27,39.286,37.7239,46900,0,0
2023-07-17,39.39,39.5,39.39,39.461,37.892,6100,0,0
2023-07-18,39.53,39.8,39.53,39.755,38.1743,105200,0,0
2023-07-19,39.86,39.91,39.77,39.845,38.2607,68400,0,0
2023-07-20,39.706,39.78,39.54,39.575,38.0014,181200,0,0
2023-07-21,39.69,39.69,39.56,39.572,37.9985,6300,0,0
2023-07-24,39.719,39.72,39.695,39.695,38.1167,3200,0,0
2023-07-25,39.52,40.02,39.52,39.864,38.2789,86400,0,0
2023-07-26,39.73,39.816,39.73,39.816,38.2329,16100,0,0
2023-07-27,40.069,40.069,39.56,39.584,38.0101,15900,0,0
2023-07-28,40,40,39.82,39.986,38.3961,4000,0,0
2023-07-31,40,40.03,39.985,40.022,38.4307,480700,0,0
2023-08-01,40.18,40.18,39.9,39.967,38.3779,33800,0,0
2023-08-02,39.91,39.91,39.325,39.409,37.842,72200,0,0
2023-08-03,39.26,39.48,39.22,39.34,37.7758,69400,0,0
2023-08-04,39.63,39.63,39.08,39.08,37.5261,5300,0,0
2023-08-07,39.2,39.423,39.2,39.33,37.7662,24400,0,0
2023-08-08,39,39.3,38.97,39.283,37.721,37100,0,0
2023-08-09,38.97,39.19,38.965,38.965,37.4157,14500,0,0
2023-08-10,39.13,39.13,38.95,38.969,37.4195,20600,0,0
2023-08-11,38.85,38.98,38.85,38.913,37.3658,18900,0,0
2023-08-14,39.07,39.16,39.05,39.16,37.6029,8200,0,0
2023-08-15,38.95,38.95,38.705,38.705,37.166,23800,0,0
2023-08-16,38.783,38.783,38.428,38.428,36.9,10000,0,0
2023-08-17,38.37,38.51,38.04,38.16,36.6427,5600,0,0
2023-08-18,38.025,38.15,38.025,38.098,36.5832,62700,0,0
2023-08-21,38.31,38.46,38.13,38.388,36.8616,10000,0,0
2023-08-22,38.43,38.44,38.29,38.29,36.7675,5400,0,0
2023-08-23,38.655,38.77,38.655,38.677,37.1391,13000,0,0
2023-08-24,38.41,38.445,38.214,38.214,36.6945,144900,0,0
2023-08-25,38.08,38.55,38.08,38.48,36.95,78500,0,0
2023-08-28,38.69,38.699,38.52,38.65,37.1132,43100,0,0
2023-08-29,38.76,39.25,38.76,39.222,37.6625,21200,0,0
2023-08-30,39.36,39.46,39.36,39.416,37.8488,6700,0,0
2023-08-31,39.56,39.56,39.42,39.42,37.8526,450000,0,0
2023-09-01,40.01,40.01,39.389,39.485,37.915,7300,0,0
2023-09-05,39.48,39.48,39.325,39.325,37.7614,7400,0,0
2023-09-06,39.2,39.46,39.01,39.103,37.5482,463400,0,0
2023-09-07,38.96,39.06,38.93,38.981,37.431,4000,0,0
2023-09-08,39.155,39.155,38.95,39.001,37.4503,17700,0,0
2023-09-11,39.6,39.6,39.09,39.283,37.721,41700,0,0
2023-09-12,39.19,39.32,39.066,39.066,37.5127,4300,0,0
2023-09-13,39.2,39.23,39.15,39.15,37.5933,3100,0,0
2023-09-14,39.32,39.52,39.32,39.47,37.9006,11900,0,0
2023-09-15,38.959,38.97,38.77,38.87,37.4583,174700,0.141,0
2023-09-18,38.91,38.93,38.86,38.89,37.4776,14200,0,0
2023-09-19,38.56,38.88,38.53,38.723,37.3166,93200,0,0
2023-09-20,38.8,38.84,38.382,38.382,36.988,35400,0,0
2023-09-21,38.53,38.53,37.75,37.75,36.3789,20500,0,0
2023-09-22,37.77,37.92,37.647,37.647,36.2797,186400,0,0
2023-09-25,37.786,37.786,37.62,37.771,36.3992,151400,0,0
2023-09-26,37.54,37.54,37.253,37.253,35.9,4300,0,0
2023-09-27,37.16,37.253,37.16,37.253,35.9,600,0,0
2023-09-28,37.38,37.58,37.37,37.496,36.1342,1900,0,0
2023-09-29,37.61,37.65,37.36,37.399,36.0407,209500,0,0
2023-10-02,37.38,37.405,37.165,37.382,36.0243,62400,0,0
2023-10-03,37.16,37.16,36.801,36.849,35.5107,123000,0,0
2023-10-04,36.84,37.187,36.84,37.187,35.8364,25500,0,0
2023-10-05,37.01,37.194,36.95,37.123,35.7747,132300,0,0
2023-10-06,37.19,37.67,36.89,37.596,36.2306,14300,0,0
2023-10-09,37.5,37.828,37.5,37.792,36.4194,1100,0,0
2023-10-10,37.92,38.31,37.92,38.032,36.6507,11300,0,0
2023-10-11,38.07,38.193,37.96,38.193,36.8059,11300,0,0
2023-10-12,38.12,38.26,37.79,37.956,36.5775,3900,0,0
2023-10-13,37.755,37.755,37.66,37.737,36.3664,2300,0,0
2023-10-16,38,38.24,38,38.187,36.8001,3400,0,0
2023-10-17,38.062,38.316,38.035,38.141,36.7558,13400,0,0
2023-10-18,37.8,37.81,37.6,37.6,36.2344,18400,0,0
2023-10-19,37.53,37.79,37.34,37.345,35.9887,26200,0,0
2023-10-20,36.95,37.08,36.853,36.853,35.5145,7700,0,0
2023-10-23,36.59,37.01,36.59,36.753,35.4182,15600,0,0
2023-10-24,37.01,37.11,36.91,37.051,35.7053,37200,0,0
2023-10-25,36.77,36.79,36.44,36.473,35.1483,16900,0,0
2023-10-26,36.38,36.38,36.06,36.09,34.7792,18600,0,0
2023-10-27,35.98,35.98,35.77,35.845,34.5431,41700,0,0
2023-10-30,36.15,36.36,36.15,36.309,34.9903,10000,0,0
2023-10-31,36.325,36.545,36.325,36.545,35.2177,897100,0,0
2023-11-01,36.75,36.98,36.641,36.924,35.583,45900,0,0
2023-11-02,37.16,37.618,37.16,37.618,36.2517,22000,0,0
2023-11-03,37.995,38.09,37.995,38.03,36.6488,14800,0,0
2023-11-06,38.06,38.06,37.95,38.032,36.6507,12500,0,0
2023-11-07,38.245,38.245,38.16,38.21,36.8223,4000,0,0
2023-11-08,38.3,38.32,38.1,38.28,36.8897,125300,0,0
2023-11-09,38.31,38.31,37.91,37.95,36.5717,164900,0,0
2023-11-10,38.05,38.55,38.05,38.529,37.1297,131500,0,0
2023-11-13,38.36,38.55,38.36,38.486,37.0882,15700,0,0
2023-11-14,39.08,39.369,39.08,39.22,37.7956,61100,0,0
2023-11-15,39.4,39.41,39.33,39.33,37.9016,47200,0,0
2023-11-16,39.33,39.38,39.261,39.38,37.9498,8500,0,0
2023-11-17,39.36,39.46,39.36,39.46,38.0268,6100,0,0
2023-11-20,39.48,39.81,39.48,39.76,38.316,9300,0,0
2023-11-21,39.63,39.7,39.63,39.7,38.2581,72500,0,0
2023-11-22,39.856,39.9,39.84,39.84,38.3931,32400,0,0
2023-11-24,39.83,39.87,39.83,39.83,38.3834,11000,0,0
2023-11-27,39.85,39.86,39.76,39.79,38.3449,2300,0,0
2023-11-28,39.76,39.94,39.76,39.84,38.3931,21600,0,0
2023-11-29,40.03,40.03,39.831,39.831,38.3844,40100,0,0
2023-11-30,39.76,40.03,39.76,40.03,38.5762,11900,0,0
2023-12-01,40.05,40.3,39.99,40.26,38.7978,19600,0,0
2023-12-04,39.95,40.06,39.88,40.03,38.5762,22600,0,0
2023-12-05,39.97,40.09,39.92,40.01,38.5569,21000,0,0
2023-12-06,40.18,40.19,39.84,39.89,38.4412,116700,0,0
2023-12-07,40.07,40.22,40.04,40.17,38.7111,26200,0,0
2023-12-08,40.14,40.4,40.14,40.366,38.8999,40800,0,0
2023-12-11,40.42,40.57,40.37,40.52,39.0484,23800,0,0
2023-12-12,40.42,40.74,40.42,40.73,39.2507,13100,0,0
2023-12-13,40.8,41.29,40.73,41.29,39.7904,36800,0,0
2023-12-14,41.515,41.57,41.25,41.41,39.906,15700,0,0
2023-12-15,41.2,41.27,41.14,41.17,39.8683,7600,0.201,0
2023-12-18,41.34,41.49,41.34,41.41,40.1007,24400,0,0
2023-12-19,41.53,41.62,41.53,41.62,40.304,103800,0,0
2023-12-20,41.74,41.74,41,41,39.7036,44500,0,0
2023-12-21,41.45,41.47,41.2,41.45,40.1394,15000,0,0
2023-12-22,41.67,41.67,41.43,41.56,40.2459,5400,0,0
2023-12-26,41.59,41.83,41.59,41.76,40.4396,75000,0,0
2023-12-27,41.745,41.83,41.73,41.771,40.4503,5900,0,0
2023-12-28,41.855,41.91,41.84,41.84,40.5171,404800,0,0
2023-12-29,41.66,41.77,41.53,41.62,40.304,15600,0,0
2024-01-02,41.45,41.46,41.28,41.44,40.1297,68300,0,0
2024-01-03,41.15,41.29,41.083,41.083,39.784,7500,0,0
2024-01-04,41.28,41.28,40.96,40.96,39.6649,31800,0,0
2024-01-05,41.02,41.2,40.9,41.03,39.7327,45900,0,0
2024-01-08,41.12,41.6,41.12,41.59,40.275,21100,0,0
2024-01-09,41.39,41.623,41.39,41.53,40.2169,1060200,0,0
2024-01-10,41.66,41.828,41.658,41.8,40.4783,23000,0,0
2024-01-11,41.46,41.769,41.46,41.769,40.4483,11100,0,0
2024-01-12,41.8,41.8,41.72,41.77,40.4493,15200,0,0
2024-01-16,41.68,41.68,41.51,41.63,40.3137,6400,0,0
2024-01-17,41.43,41.43,41.23,41.4,40.091,18300,0,0
2024-01-18,41.71,41.89,41.43,41.79,40.4687,42400,0,0
2024-01-19,41.87,42.35,41.857,42.35,41.011,15200,0,0
2024-01-22,42.71,42.71,42.36,42.408,41.0671,24700,0,0
2024-01-23,42.37,42.56,42.37,42.54,41.1949,7900,0,0
2024-01-24,43.07,43.07,42.56,42.56,41.2143,131800,0,0
2024-01-25,42.76,42.76,42.617,42.728,41.377,7100,0,0
2024-01-26,42.7,42.85,42.68,42.76,41.408,42500,0,0
2024-01-29,42.775,43.06,42.72,43.041,41.6801,31700,0,0
2024-01-30,43.07,43.1,42.99,43.053,41.6917,21500,0,0
2024-01-31,42.77,42.77,42.4,42.4,41.0594,232800,0,0
2024-02-01,42.56,42.89,42.56,42.89,41.5339,10000,0,0
2024-02-02,42.91,43.45,42.91,43.38,42.0084,30600,0,0
2024-02-05,43.09,43.31,43.08,43.18,41.8147,9300,0,0
2024-02-06,43.16,43.29,43.15,43.285,41.9164,4900,0,0
2024-02-07,43.78,43.78,43.6,43.656,42.2757,28900,0,0
2024-02-08,44.03,44.03,43.63,43.72,42.3376,56200,0,0
2024-02-09,43.84,44.01,43.84,43.93,42.541,28800,0,0
2024-02-12,44.153,44.153,43.89,43.9,42.5119,3200,0,0
2024-02-13,43.01,43.37,43.01,43.26,41.8922,30600,0,0
2024-02-14,43.59,43.728,43.46,43.728,42.3454,36100,0,0
2024-02-15,43.59,44.03,43.59,43.96,42.57,10600,0,0
2024-02-16,44,44.03,43.807,43.807,42.4219,6900,0,0
2024-02-20,43.52,43.56,43.41,43.49,42.1149,68100,0,0
2024-02-21,43.391,43.6,43.385,43.6,42.2214,58100,0,0
2024-02-22,44.13,44.485,44.13,44.47,43.0639,4300,0,0
2024-02-23,44.645,44.645,44.43,44.564,43.1549,25100,0,0
2024-02-26,44.54,44.54,44.38,44.384,42.9806,43900,0,0
2024-02-27,44.349,44.45,44.32,44.45,43.0446,14100,0,0
2024-02-28,44.32,44.41,44.28,44.335,42.9332,7100,0,0
2024-02-29,44.45,44.6,44.43,44.6,43.1898,329900,0,0
2024-03-01,44.75,44.951,44.72,44.95,43.5287,18700,0,0
2024-03-04,44.88,45.06,44.88,44.898,43.4784,51400,0,0
2024-03-05,44.48,44.52,44.24,44.4,42.9961,47300,0,0
2024-03-06,44.72,44.82,44.55,44.64,43.2285,214600,0,0
2024-03-07,45.019,45.18,45.019,45.11,43.6837,12700,0,0
2024-03-08,45.38,45.38,44.805,44.845,43.4271,16600,0,0
2024-03-11,44.763,44.83,44.73,44.769,43.3535,34200,0,0
2024-03-12,44.93,45.271,44.93,45.26,43.8289,11200,0,0
2024-03-13,45.275,45.28,45.18,45.18,43.7515,15000,0,0
2024-03-14,45.26,45.26,44.952,45.09,43.6643,12000,0,0
2024-03-15,44.77,44.84,44.6,44.64,43.3275,13700,0.103,0
2024-03-18,45.08,45.13,44.9,44.98,43.6575,13700,0,0
2024-03-19,44.87,45.19,44.85,45.18,43.8516,12400,0,0
2024-03-20,45.44,45.65,45.17,45.65,44.3078,12100,0,0
2024-03-21,46.09,46.09,45.76,45.805,44.4583,238200,0,0
2024-03-22,45.74,45.79,45.69,45.69,44.3466,258000,0,0
2024-03-25,45.79,45.79,45.57,45.57,44.2302,44900,0,0
2024-03-26,45.94,45.94,45.46,45.46,44.1234,59900,0,0
2024-03-27,45.75,45.83,45.6,45.82,44.4728,8300,0,0
2024-03-28,45.88,45.91,45.86,45.88,44.5311,196500,0,0
2024-04-01,45.96,45.96,45.71,45.8,44.4534,11900,0,0
2024-04-02,45.37,45.48,45.33,45.46,44.1234,28700,0,0
2024-04-03,45.43,45.64,45.408,45.53,44.1914,55600,0,0
2024-04-04,45.86,45.91,44.96,44.98,43.6575,32000,0,0
2024-04-05,45.18,45.62,45.18,45.48,44.1428,15600,0,0
2024-04-08,45.44,45.535,45.44,45.48,44.1428,3300,0,0
2024-04-09,45.52,45.52,45.13,45.52,44.1816,5600,0,0
2024-04-10,45.27,45.27,44.93,45.14,43.8128,133800,0,0
2024-04-11,45.23,45.535,45.128,45.43,44.0943,29400,0,0
2024-04-12,45.17,45.17,44.66,44.8,43.4828,10700,0,0
2024-04-15,45.111,45.111,44.23,44.25,42.949,86300,0,0
2024-04-16,44.5,44.5,44.1,44.16,42.8616,14100,0,0
2024-04-17,43.89,43.99,43.8,43.8,42.5122,105100,0,0
2024-04-18,43.98,44.12,43.746,43.77,42.4831,24400,0,0
2024-04-19,43.76,43.76,43.09,43.09,41.8231,9000,0,0
2024-04-22,43.47,43.96,43.47,43.75,42.4637,43600,0,0
2024-04-23,43.97,44.34,43.97,44.3,42.9975,141700,0,0
2024-04-24,44.45,44.45,44.11,44.31,43.0072,17200,0,0
2024-04-25,43.7,44.19,43.69,44.1,42.8034,32100,0,0
2024-04-26,44.29,44.68,44.29,44.6,43.2887,28800,0,0
2024-04-29,44.71,44.77,44.49,44.72,43.4052,25200,0,0
2024-04-30,44.57,44.64,43.88,43.88,42.5899,201200,0,0
2024-05-01,43.73,44.51,43.57,43.57,42.289,116600,0,0
2024-05-02,44.46,44.46,43.953,44.27,42.9684,26600,0,0
2024-05-03,44.86,44.86,44.78,44.81,43.4925,12200,0,0
2024-05-06,45.09,45.272,45.09,45.272,43.9409,5300,0,0
2024-05-07,45.437,45.437,45.32,45.36,44.0264,14400,0,0
2024-05-08,45.308,45.345,45.27,45.345,44.0118,4800,0,0
2024-05-09,45.48,45.575,45.48,45.575,44.235,4000,0,0
2024-05-10,45.725,45.725,45.587,45.687,44.3437,15400,0,0
2024-05-13,45.56,45.79,45.56,45.65,44.3078,11500,0,0
2024-05-14,45.71,45.9,45.65,45.89,44.5408,26300,0,0
2024-05-15,46.14,46.425,46.14,46.41,45.0455,12600,0,0
2024-05-16,46.47,46.56,46.345,46.345,44.9824,62100,0,0
2024-05-17,46.36,46.41,46.29,46.41,45.0455,17100,0,0
2024-05-20,46.49,46.59,46.44,46.46,45.094,35300,0,0
2024-05-21,46.43,46.56,46.42,46.56,45.1911,22600,0,0
2024-05-22,46.55,46.57,46.28,46.43,45.0649,16900,0,0
2024-05-23,46.58,46.58,46,46.061,44.7067,66900,0,0
2024-05-24,46.435,46.435,46.32,46.361,44.9979,7800,0,0
2024-05-28,46.51,46.51,46.2,46.345,44.9824,15400,0,0
2024-05-29,46.14,46.16,46.02,46.02,44.6669,24900,0,0
2024-05-30,45.914,45.99,45.75,45.77,44.4243,38000,0,0
2024-05-31,45.85,46.073,45.52,46.073,44.7184,291700,0,0
2024-06-03,46.3,46.31,45.819,46.12,44.764,30100,0,0
2024-06-04,46.033,46.3,46.033,46.229,44.8698,17000,0,0
2024-06-05,46.37,46.773,46.32,46.773,45.3978,55400,0,0
2024-06-06,46.77,46.786,46.7,46.75,45.3755,12700,0,0
2024-06-07,46.61,46.9,46.61,46.74,45.3658,64300,0,0
2024-06-10,46.43,46.97,46.43,46.847,45.4696,81800,0,0
2024-06-11,46.68,46.967,46.68,46.967,45.5861,28400,0,0
2024-06-12,47.51,47.55,47.35,47.38,45.987,202500,0,0
2024-06-13,47.383,47.5,47.28,47.47,46.0743,11200,0,0
2024-06-14,47.23,47.45,47.23,47.446,46.051,18400,0,0
2024-06-17,47.45,47.93,47.45,47.83,46.4237,9500,0,0
2024-06-18,47.77,47.96,47.77,47.96,46.5499,17500,0,0
2024-06-20,47.97,47.97,47.7,47.7,46.2976,20000,0,0
2024-06-21,47.64,47.69,47.61,47.643,46.392,49600,0.154,0
2024-06-24,47.808,47.808,47.524,47.524,46.2761,2700,0,0
2024-06-25,47.595,47.73,47.51,47.73,46.4767,26800,0,0
2024-06-26,47.6,47.79,47.6,47.79,46.5351,8000,0,0
2024-06-27,47.99,47.99,47.7,47.78,46.5254,77000,0,0
2024-06-28,47.94,48.15,47.56,47.652,46.4008,434300,0,0
2024-07-01,47.62,47.78,47.59,47.76,46.5059,51700,0,0
2024-07-02,47.43,48.05,47.43,47.92,46.6617,29800,0,0
2024-07-03,48.1,48.29,48.1,48.29,47.022,11500,0,0
2024-07-05,48.38,48.59,48.35,48.56,47.2849,23400,0,0
2024-07-08,48.685,48.685,48.56,48.62,47.3433,13200,0,0
2024-07-09,48.7,48.74,48.644,48.67,47.392,24600,0,0
2024-07-10,48.78,49.17,48.74,49.17,47.8789,9000,0,0
2024-07-11,49.01,49.01,48.69,48.8,47.5186,15900,0,0
2024-07-12,49.01,49.325,48.98,48.98,47.6939,8400,0,0
2024-07-15,49.23,49.44,49.02,49.111,47.8215,24600,0,0
2024-07-16,49.24,49.479,49.24,49.479,48.1798,6400,0,0
2024-07-17,48.9,48.9,48.75,48.75,47.4699,35500,0,0
2024-07-18,48.52,48.52,48.206,48.36,47.0902,19900,0,0
2024-07-19,48.34,48.41,48,48.019,46.7581,11700,0,0
2024-07-22,48.47,48.6,48.28,48.564,47.2888,30400,0,0
2024-07-23,48.6,48.74,48.51,48.51,47.2362,22400,0,0
2024-07-24,48.05,48.05,47.33,47.39,46.1456,294200,0,0
2024-07-25,47.364,47.93,47.11,47.12,45.8827,24600,0,0
2024-07-26,47.47,47.87,47.47,47.67,46.4183,27900,0,0
2024-07-29,47.72,47.87,47.69,47.71,46.4572,8700,0,0
2024-07-30,47.709,47.71,47.31,47.528,46.28,23400,0,0
2024-07-31,48.11,48.44,48,48.218,46.9519,7000,0,0
2024-08-01,48.54,48.55,47.226,47.49,46.243,77600,0,0
2024-08-02,46.84,46.84,46.31,46.65,45.4251,23000,0,0
2024-08-05,45.34,45.53,45.079,45.22,44.0326,50200,0,0
2024-08-06,45.851,46.19,45.7,45.7,44.5,17400,0,0
2024-08-07,46.36,46.464,45.36,45.36,44.169,46600,0,0
2024-08-08,45.9,46.49,45.9,46.44,45.2206,9800,0,0
2024-08-09,46.46,46.73,46.39,46.7,45.4738,12400,0,0
2024-08-12,46.79,46.83,46.52,46.607,45.3832,23800,0,0
2024-08-13,47.03,47.43,47.03,47.428,46.1827,24500,0,0
2024-08-14,47.45,47.678,47.41,47.65,46.3988,48900,0,0
2024-08-15,48.15,48.45,48.15,48.38,47.1097,23100,0,0
2024-08-16,48.32,48.59,48.3,48.514,47.2401,7700,0,0
2024-08-19,48.54,49,48.54,49,47.7134,7000,0,0
2024-08-20,48.9,49,48.82,48.91,47.6257,41000,0,0
2024-08-21,49.04,49.13,48.921,49.13,47.84,25100,0,0
2024-08-22,49.21,49.21,48.64,48.67,47.392,13300,0,0
2024-08-23,49.27,49.27,48.95,49.25,47.9568,7600,0,0
2024-08-26,49.29,49.32,48.97,49.09,47.801,92100,0,0
2024-08-27,48.94,49.187,48.94,49.154,47.8633,5500,0,0
2024-08-28,49.09,49.13,48.61,48.84,47.5576,20300,0,0
2024-08-29,49.02,49.34,48.88,48.88,47.5965,10600,0,0
2024-08-30,48.94,49.39,48.94,49.39,48.0931,37000,0,0
2024-09-03,48.71,48.72,48.26,48.26,46.9928,15500,0,0
2024-09-04,48.38,48.38,48.12,48.24,46.9733,12600,0,0
2024-09-05,48.28,48.44,47.96,48.055,46.7932,21700,0,0
2024-09-06,47.45,47.45,47.25,47.255,46.0142,33900,0,0
2024-09-09,47.735,47.95,47.71,47.797,46.542,75400,0,0
2024-09-10,48,48.042,47.62,48.042,46.7805,33500,0,0
2024-09-11,47.29,48.65,47.29,48.65,47.3726,544900,0,0
2024-09-12,48.56,48.99,48.49,48.91,47.6257,110600,0,0
2024-09-13,49.225,49.3,49.15,49.19,47.8984,231300,0,0
2024-09-16,49.23,49.303,49.13,49.303,48.0084,6300,0,0
2024-09-17,49.46,49.61,49.24,49.293,47.9987,4600,0,0
2024-09-18,49.43,49.56,49.165,49.165,47.874,20300,0,0
2024-09-19,50.08,50.175,49.9,50.05,48.7358,71500,0,0
2024-09-20,49.775,49.825,49.615,49.76,48.6195,20400,0.171,0
2024-09-23,49.86,49.89,49.86,49.89,48.7465,7200,0,0
2024-09-24,49.94,49.986,49.91,49.973,48.8276,5300,0,0
2024-09-25,50.06,50.065,49.845,49.904,48.7602,25000,0,0
2024-09-26,50.35,50.35,49.966,50.16,49.0104,4800,0,0
2024-09-27,50.2,50.239,50.04,50.07,48.9224,38600,0,0
2024-09-30,49.962,50.255,49.77,50.255,49.1032,141600,0,0
2024-10-01,49.767,49.89,49.605,49.802,48.6606,2900,0,0
2024-10-02,49.74,49.83,49.721,49.811,48.6694,10600,0,0
2024-10-03,49.636,49.808,49.6,49.74,48.6,20100,0,0
2024-10-04,50.07,50.171,49.84,50.171,49.0211,24700,0,0
2024-10-07,50.036,50.06,49.67,49.68,48.5414,14300,0,0
2024-10-08,50.045,50.198,50.017,50.198,49.0475,4700,0,0
2024-10-09,50.21,50.534,50.21,50.5,49.3426,24900,0,0
2024-10-10,50.35,50.485,50.35,50.468,49.3113,9900,0,0
2024-10-11,50.52,50.783,50.52,50.783,49.6191,3000,0,0
2024-10-14,50.97,51.21,50.97,51.15,49.9777,7700,0,0
2024-10-15,51.21,51.21,50.735,50.8,49.6357,83700,0,0
2024-10-16,50.87,51.03,50.86,51.018,49.8487,5600,0,0
2024-10-17,51.31,51.31,51.02,51.02,49.8507,17700,0,0
2024-10-18,51.14,51.26,51.14,51.215,50.0412,37000,0,0
2024-10-21,51.1,51.12,50.98,51.072,49.9015,16100,0,0
2024-10-22,51.02,51.13,51.02,51.12,49.9484,43400,0,0
2024-10-23,50.95,50.95,50.48,50.613,49.453,20000,0,0
2024-10-24,50.72,50.79,50.69,50.72,49.5575,21800,0,0
2024-10-25,51.06,51.06,50.698,50.698,49.536,46400,0,0
2024-10-28,50.95,50.97,50.87,50.87,49.7041,14100,0,0
2024-10-29,50.93,51.06,50.93,50.956,49.7881,8700,0,0
2024-10-30,50.961,51.08,50.79,50.81,49.6455,10500,0,0
2024-10-31,50.51,50.51,49.85,49.85,48.7075,579000,0,0
2024-11-01,50.05,50.366,50.05,50.1,48.9517,29900,0,0
2024-11-04,49.866,50.017,49.866,49.924,48.7798,12100,0,0
2024-11-05,50.375,50.528,50.375,50.528,49.3699,7700,0,0
2024-11-06,51.65,51.87,51.644,51.87,50.6812,27900,0,0
2024-11-07,52.108,52.325,52.108,52.24,51.0427,54100,0,0
2024-11-08,52.305,52.564,52.305,52.46,51.2576,12500,0,0
2024-11-11,52.655,52.655,52.48,52.526,51.3221,3900,0,0
2024-11-12,52.432,52.522,52.31,52.402,51.201,63600,0,0
2024-11-13,52.54,52.619,52.41,52.41,51.2088,129300,0,0
2024-11-14,52.49,52.49,52.03,52.04,50.8473,71900,0,0
2024-11-15,51.5,51.5,51.24,51.373,50.1956,59700,0,0
2024-11-18,51.4,51.68,51.38,51.582,50.3998,3700,0,0
2024-11-19,51.38,51.88,51.38,51.812,50.6245,30100,0,0
2024-11-20,51.56,51.83,51.48,51.83,50.6421,137600,0,0
2024-11-21,52,52.24,51.68,52.165,50.9694,63100,0,0
2024-11-22,52.2,52.39,52.2,52.384,51.1834,23000,0,0
2024-11-25,52.83,52.83,52.35,52.65,51.4433,13700,0,0
2024-11-26,52.6,52.831,52.6,52.831,51.6201,161800,0,0
2024-11-27,52.77,52.77,52.54,52.615,51.4091,1512300,0,0
2024-11-29,52.77,52.98,52.77,52.93,51.7169,18700,0,0
2024-12-02,53.03,53.08,52.97,53.048,51.8322,108900,0,0
2024-12-03,53.02,53.089,52.95,53.075,51.8585,3400,0,0
2024-12-04,53.3,53.436,53.245,53.436,52.2113,4900,0,0
2024-12-05,53.45,53.49,53.325,53.38,52.1566,206900,0,0
2024-12-06,53.54,53.56,53.424,53.491,52.265,4200,0,0
2024-12-09,53.46,53.46,53.126,53.126,51.9084,13500,0,0
2024-12-10,53.19,53.19,52.952,52.952,51.7384,5700,0,0
2024-12-11,53.47,53.5,53.412,53.412,52.1878,10200,0,0
2024-12-12,53.31,53.358,53.137,53.137,51.9191,29100,0,0
2024-12-13,53.33,53.35,53.015,53.09,51.8732,12500,0,0
2024-12-16,53.27,53.44,53.25,53.3,52.0784,21400,0,0
2024-12-17,53.12,53.159,52.985,53.08,51.8634,64500,0,0
2024-12-18,53.03,53.248,51.56,51.56,50.3783,25200,0,0
2024-12-19,51.972,51.972,51.36,51.36,50.1829,78500,0,0
2024-12-20,51.02,52.23,51.02,51.84,50.8528,21500,0.203,0
2024-12-23,51.88,52.202,51.71,52.202,51.208,26700,0,0
2024-12-24,52.36,52.72,52.35,52.72,51.7161,4500,0,0
2024-12-26,52.65,52.774,52.65,52.774,51.7691,1700,0,0
2024-12-27,52.47,52.47,51.965,52.2,51.206,84500,0,0
2024-12-30,51.61,51.84,51.38,51.63,50.6469,19100,0,0
2024-12-31,51.739,51.78,51.24,51.345,50.3673,32000,0,0
2025-01-02,51.65,51.82,51.1,51.31,50.333,30100,0,0
2025-01-03,51.51,52.06,51.51,52.06,51.0687,93800,0,0
2025-01-06,52.5,52.64,52.13,52.13,51.1373,17700,0,0
2025-01-07,52.39,52.39,51.61,51.68,50.6959,50000,0,0
2025-01-08,51.71,51.85,51.41,51.85,50.8627,15800,0,0
2025-01-10,51.36,51.36,50.83,50.83,49.8621,9800,0,0
2025-01-13,50.33,51,50.33,51,50.0288,5600,0,0
2025-01-14,51.26,51.3,50.829,51.21,50.2348,9500,0,0
2025-01-15,51.88,52.13,51.88,52.052,51.0608,12900,0,0
2025-01-16,51.985,52.15,51.93,51.93,50.9411,30500,0,0
2025-01-17,52.505,52.66,52.493,52.493,51.4934,36100,0,0
2025-01-21,52.76,52.97,52.59,52.91,51.9025,66600,0,0
2025-01-22,53.335,53.34,53.24,53.24,52.2262,24800,0,0
2025-01-23,53.202,53.51,53.2,53.51,52.491,31700,0,0
2025-01-24,53.61,53.61,53.32,53.38,52.3635,18100,0,0
2025-01-27,52.485,52.66,52.356,52.61,51.6082,19200,0,0
2025-01-28,52.69,53.14,52.52,53.1,52.0889,9100,0,0
2025-01-29,52.98,53.07,52.76,52.86,51.8534,7600,0,0
2025-01-30,53.08,53.28,53.03,53.177,52.1644,4200,0,0
2025-01-31,53.39,53.589,52.81,52.81,51.8044,73700,0,0
2025-02-03,52.231,52.78,52.08,52.571,51.5699,13600,0,0
2025-02-04,52.61,52.96,52.61,52.91,51.9025,19000,0,0
2025-02-05,52.72,53.14,52.72,53.14,52.1281,32100,0,0
2025-02-06,53.245,53.32,53.04,53.29,52.2752,32900,0,0
2025-02-07,53.4,53.4,52.805,52.84,51.8338,14400,0,0
2025-02-10,53.05,53.23,53.01,53.15,52.1379,7400,0,0
2025-02-11,53.04,53.21,53.021,53.15,52.1379,8600,0,0
2025-02-12,52.8,53.09,52.73,53.01,52.0006,7000,0,0
2025-02-13,53.14,53.6,53.14,53.6,52.5793,14300,0,0
2025-02-14,53.59,53.675,53.57,53.57,52.5499,43000,0,0
2025-02-18,53.656,53.71,53.53,53.68,52.6578,10300,0,0
2025-02-19,53.58,53.848,53.58,53.79,52.7657,69500,0,0
2025-02-20,53.59,53.59,53.302,53.53,52.5107,11700,0,0
2025-02-21,53.465,53.465,52.6,52.65,51.6474,29300,0,0
2025-02-24,52.77,52.77,52.32,52.33,51.3335,8400,0,0
2025-02-25,52.32,52.32,51.69,52.05,51.0589,124300,0,0
2025-02-26,52.46,52.54,51.975,52.06,51.0687,21400,0,0
2025-02-27,52.155,52.155,51.37,51.38,50.4016,3100,0,0
2025-02-28,51.33,52.18,51.23,52.18,51.1864,229700,0,0
2025-03-03,52.13,52.13,50.89,51.131,50.1574,14100,0,0
2025-03-04,50.647,51.06,50.165,50.582,49.6188,11500,0,0
2025-03-05,50.54,51.21,50.28,51.169,50.1946,19700,0,0
2025-03-06,50.51,50.859,49.96,50.194,49.2382,46300,0,0
2025-03-07,49.98,50.49,49.78,50.44,49.4795,25500,0,0
2025-03-10,49.54,49.575,48.941,49.047,48.113,30600,0,0
2025-03-11,48.71,49.23,48.44,48.768,47.8394,18200,0,0
2025-03-12,49.19,49.21,48.55,48.983,48.0503,52100,0,0
2025-03-13,48.95,48.95,48.13,48.26,47.341,15900,0,0
2025-03-14,49.15,49.35,49.03,49.24,48.3024,96500,0,0
2025-03-17,49.755,49.95,49.755,49.82,48.8713,5900,0,0
2025-03-18,49.55,49.55,49.02,49.174,48.2376,7200,0,0
2025-03-19,49.42,49.95,49.42,49.726,48.7791,25300,0,0
2025-03-20,49.88,49.88,49.476,49.642,48.6967,7200,0,0
2025-03-21,49.2,49.543,49,49.543,48.7124,61000,0.115,0
2025-03-24,50.04,50.49,50.04,50.481,49.6347,33900,0,0
2025-03-25,50.47,50.585,50.41,50.545,49.6976,5200,0,0
2025-03-26,50.48,50.48,49.79,49.904,49.0674,10400,0,0
2025-03-27,49.77,49.92,49.645,49.744,48.9101,28000,0,0
2025-03-28,49.415,49.415,48.67,48.67,47.8541,3900,0,0
2025-03-31,48,48.99,48,48.984,48.1628,918600,0,0
2025-04-01,49.185,49.28,48.74,49.134,48.3103,12200,0,0
2025-04-02,48.94,49.543,48.94,49.543,48.7124,12900,0,0
2025-04-03,47.88,47.88,47.02,47.02,46.2317,22600,0,0
2025-04-04,45.7,45.7,44.282,44.282,43.5396,34500,0,0
2025-04-07,42.71,45.54,42.4,44.142,43.402,22300,0,0
2025-04-08,45.79,45.96,43.08,43.357,42.6301,34200,0,0
2025-04-09,43.11,47.72,43.11,47.72,46.92,4211800,0,0
2025-04-10,46.461,46.648,45.085,46.08,45.3075,157800,0,0
2025-04-11,45.7,46.87,45.7,46.79,46.0056,58400,0,0
2025-04-14,47.33,47.53,46.81,47.21,46.4185,20800,0,0
2025-04-15,47.31,47.43,47.07,47.127,46.3369,11500,0,0
2025-04-16,46.54,46.8,45.67,46.053,45.2809,26600,0,0
2025-04-17,46.21,46.52,46.12,46.135,45.3616,118800,0,0
2025-04-21,45.7,45.7,44.59,45.08,44.3243,40000,0,0
2025-04-22,45.56,46.43,45.56,46.22,45.4451,162100,0,0
2025-04-23,47.42,47.73,46.92,47.03,46.2416,12900,0,0
2025-04-24,47.2,47.98,47.2,47.98,47.1756,14100,0,0
2025-04-25,47.91,48.36,47.66,48.32,47.5099,17100,0,0
2025-04-28,48.34,48.407,47.93,48.407,47.5955,9500,0,0
2025-04-29,48.2,48.735,48.2,48.6,47.7852,14400,0,0
2025-04-30,47.861,48.76,47.84,48.64,47.8246,3456200,0,0
2025-05-01,49.12,49.367,49.095,49.12,48.2965,21400,0,0
2025-05-02,49.74,49.84,49.69,49.69,48.857,8700,0,0
2025-05-05,49.42,49.725,49.34,49.444,48.6151,5300,0,0
2025-05-06,49.06,49.23,49.06,49.117,48.2936,6900,0,0
2025-05-07,49.17,49.22,48.85,49.15,48.326,50800,0,0
2025-05-08,49.66,49.98,49.51,49.51,48.68,3600,0,0
2025-05-09,49.8,49.81,49.45,49.545,48.7144,11200,0,0
2025-05-12,50.96,51.33,50.7,51.128,50.2709,28000,0,0
2025-05-13,51.34,51.72,51.34,51.56,50.6956,8100,0,0
2025-05-14,51.59,51.685,51.461,51.627,50.7615,6700,0,0
2025-05-15,51.58,51.89,51.58,51.8,50.9316,26400,0,0
2025-05-16,51.844,52.181,51.81,52.181,51.3062,10000,0,0
2025-05-19,51.7,52.233,51.7,52.233,51.3573,9900,0,0
2025-05-20,52.1,52.11,51.77,52.05,51.1774,31600,0,0
2025-05-21,51.76,52,51.14,51.21,50.3515,17900,0,0
2025-05-22,51.35,51.47,51.17,51.17,50.3122,5800,0,0
2025-05-23,50.74,51.067,50.7,50.861,50.0083,7700,0,0
2025-05-27,51.44,51.87,51.44,51.87,51.0004,5500,0,0
2025-05-28,51.88,51.99,51.62,51.62,50.7546,22900,0,0
2025-05-29,52.07,52.07,51.58,51.85,50.9808,5300,0,0
2025-05-30,51.76,51.88,51.24,51.74,50.8726,171300,0,0
2025-06-02,51.66,52.03,51.54,52.03,51.1577,29400,0,0
2025-06-03,51.99,52.44,51.99,52.39,51.5117,3600,0,0
2025-06-04,52.45,52.53,52.399,52.399,51.5206,276400,0,0
2025-06-05,52.39,52.622,52.107,52.107,51.2335,115100,0,0
2025-06-06,52.6,52.72,52.537,52.682,51.7988,13700,0,0
2025-06-09,52.67,52.82,52.64,52.68,51.7968,14800,0,0
2025-06-10,52.73,52.971,52.73,52.93,52.0427,16100,0,0
2025-06-11,53,53.07,52.7,52.78,51.8952,10800,0,0
2025-06-12,52.93,53.02,52.89,53.01,52.1213,86800,0,0
2025-06-13,52.61,52.697,52.35,52.38,51.5019,32400,0,0
2025-06-16,53.066,53.066,52.86,52.9,52.0132,5900,0,0
2025-06-17,52.7,52.83,52.431,52.47,51.5904,13700,0,0
2025-06-18,52.61,52.675,52.44,52.44,51.5609,4500,0,0
2025-06-20,52.61,52.61,52.11,52.215,51.485,22800,0.148,0
2025-06-23,52.28,52.71,52.28,52.71,51.973,7100,0,0
2025-06-24,53.14,53.39,53.14,53.338,52.5922,2100,0,0
2025-06-25,53.38,53.48,53.265,53.306,52.5607,5000,0,0
2025-06-26,53.54,53.77,53.48,53.77,53.0182,23600,0,0
2025-06-27,53.9,54.053,53.671,54.02,53.2647,266000,0,0
2025-06-30,54.17,54.364,54.11,54.364,53.6039,161000,0,0
2025-07-01,54.21,54.32,54.08,54.28,53.5211,22000,0,0
2025-07-02,54.27,54.53,54.27,54.53,53.7676,12000,0,0
2025-07-03,54.67,55.02,54.67,54.92,54.1521,10500,0,0
2025-07-07,54.737,54.737,54.34,54.54,53.7774,6500,0,0
2025-07-08,54.62,54.62,54.5,54.506,53.7439,2900,0,0
2025-07-09,54.85,54.85,54.598,54.838,54.0713,6700,0,0
2025-07-10,54.755,55.01,54.755,55,54.231,2700,0,0
2025-07-11,54.75,54.87,54.75,54.785,54.019,3900,0,0
2025-07-14,54.76,54.9,54.76,54.89,54.1225,16200,0,0
2025-07-15,55.1,55.1,54.721,54.721,53.9559,8100,0,0
2025-07-16,54.83,54.89,54.51,54.868,54.1009,12600,0,0
2025-07-17,55.06,55.23,55.04,55.179,54.4075,5800,0,0
2025-07-18,55.28,55.28,55.08,55.169,54.3976,2100,0,0
2025-07-21,55.45,55.52,55.245,55.245,54.4726,12600,0,0
2025-07-22,55.33,55.33,55.17,55.303,54.5298,3000,0,0
2025-07-23,55.59,55.68,55.38,55.675,54.8966,13400,0,0
2025-07-24,55.83,55.89,55.72,55.72,54.9409,23600,0,0
2025-07-25,55.929,56.03,55.929,55.968,55.1855,17800,0,0
2025-07-28,56.03,56.03,55.88,55.963,55.1805,6000,0,0
2025-07-29,55.95,55.95,55.75,55.803,55.0228,26500,0,0
2025-07-30,55.87,55.99,55.63,55.659,54.8808,121400,0,0
2025-07-31,56.24,56.24,55.524,55.63,54.8522,601000,0,0
2025-08-01,54.84,54.91,54.607,54.676,53.9115,147900,0,0
2025-08-04,55.03,55.463,55.02,55.463,54.6875,42100,0,0
2025-08-05,55.53,55.56,55.17,55.17,54.3986,34400,0,0
2025-08-06,55.34,55.655,55.24,55.63,54.8522,17700,0,0
2025-08-07,55.96,55.963,55.353,55.54,54.7635,18500,0,0
2025-08-08,55.8,56.03,55.779,55.971,55.1884,39600,0,0
2025-08-11,55.995,56.12,55.792,55.792,55.0119,42400,0,0
2025-08-12,56.01,56.454,56.01,56.454,55.6647,56900,0,0
2025-08-13,56.76,56.76,56.49,56.643,55.851,18700,0,0
2025-08-14,56.56,56.673,56.46,56.6,55.8086,103200,0,0
2025-08-15,56.79,56.79,56.48,56.48,55.6903,22500,0,0
2025-08-18,56.52,56.55,56.43,56.545,55.7544,22100,0,0
2025-08-19,56.46,56.542,56.1,56.1,55.3156,12700,0,0
2025-08-20,56.02,56.08,55.569,56.038,55.2545,14500,0,0
2025-08-21,55.91,55.992,55.78,55.78,55.0001,8700,0,0
2025-08-22,56.14,56.769,56.133,56.646,55.854,10300,0,0
2025-08-25,56.56,56.66,56.483,56.483,55.6933,10000,0,0
2025-08-26,56.43,56.676,56.39,56.676,55.8836,16200,0,0
2025-08-27,56.725,56.88,56.7,56.85,56.0551,13500,0,0
2025-08-28,56.8,57.08,56.79,57.059,56.2612,178600,0,0
2025-08-29,56.97,56.97,56.595,56.627,55.8353,493800,0,0
2025-09-02,56.54,56.54,55.83,56.277,55.4902,190700,0,0
2025-09-03,56.548,56.548,56.292,56.522,55.7317,11600,0,0
2025-09-04,56.69,57.025,56.69,57.025,56.2277,86500,0,0
2025-09-05,57.3,57.3,56.59,56.844,56.0492,31500,0,0
2025-09-08,57.04,57.13,56.95,57.048,56.2504,43400,0,0
2025-09-09,57,57.25,57,57.25,56.4496,33300,0,0
2025-09-10,57.6,57.6,57.24,57.38,56.5777,40200,0,0
2025-09-11,57.56,57.87,57.56,57.842,57.0333,109400,0,0
2025-09-12,57.835,57.92,57.74,57.8,56.9919,42700,0,0
2025-09-15,57.94,58.13,57.94,58.13,57.3172,21300,0,0
2025-09-16,58.2,58.2,57.985,58.05,57.2384,19200,0,0
2025-09-17,58,58.11,57.65,57.945,57.1348,15100,0,0
2025-09-18,58.209,58.37,58.15,58.24,57.4257,23600,0,0
2025-09-19,58.13,58.38,58.03,58.341,57.6927,34300,0.169,0
2025-09-22,58.5,58.7,58.5,58.678,58.026,20100,0,0
2025-09-23,58.69,58.7,58.23,58.329,57.6808,884600,0,0
2025-09-24,58.28,58.28,58.034,58.04,57.3951,19700,0,0
2025-09-25,57.819,57.96,57.666,57.853,57.2101,13300,0,0
2025-09-26,57.95,58.35,57.895,58.196,57.5493,24300,0,0
2025-09-29,58.44,58.479,58.25,58.359,57.7105,26900,0,0
2025-09-30,58.3,58.58,58.216,58.58,57.9291,1331900,0,0
2025-10-01,58.46,58.82,58.44,58.776,58.1229,19200,0,0
2025-10-02,58.84,58.88,58.67,58.85,58.1961,40200,0,0
2025-10-03,59,59.11,58.814,58.814,58.1605,12900,0,0
2025-10-06,58.982,59.09,58.982,59.01,58.3543,16200,0,0
2025-10-07,59.15,59.15,58.66,58.798,58.1446,8100,0,0
2025-10-08,58.865,59.16,58.865,59.151,58.4937,20300,0,0
2025-10-09,59.17,59.17,58.833,58.96,58.3048,20200,0,0
2025-10-10,59.17,59.17,57.37,57.37,56.7325,25500,0,0
2025-10-13,58.04,58.48,58.01,58.32,57.6719,16600,0,0
2025-10-14,57.85,58.6,57.85,58.194,57.5473,27800,0,0
2025-10-15,58.65,58.92,57.998,58.379,57.7303,23100,0,0
2025-10-16,58.59,58.71,57.84,58.05,57.4049,57000,0,0
2025-10-17,58.01,58.47,57.92,58.47,57.8203,19700,0,0
2025-10-20,58.738,59.07,58.72,59.03,58.3741,27800,0,0
2025-10-21,59.16,59.18,58.93,59.025,58.3691,25300,0,0
2025-10-22,59.13,59.13,58.29,58.65,57.9983,27400,0,0
2025-10-23,58.88,59.09,58.79,59.07,58.4136,16900,0,0
2025-10-24,59.51,59.65,59.47,59.47,58.8092,26100,0,0
2025-10-27,60.17,60.26,59.99,60.26,59.5904,27500,0,0
2025-10-28,60.15,60.5,60.15,60.4,59.7288,55000,0,0
2025-10-29,60.55,60.56,60.18,60.337,59.6665,56300,0,0
2025-10-30,60.45,60.45,59.84,59.88,59.2146,137700,0,0
2025-10-31,60.18,60.198,59.68,60.006,59.3392,415200,0,0
2025-11-03,60.18,60.27,59.82,60.024,59.357,20400,0,0
2025-11-04,59.31,59.715,59.26,59.35,58.6905,37400,0,0
2025-11-05,59.49,59.845,59.38,59.58,58.9179,18900,0,0
2025-11-06,59.7,59.7,58.88,58.885,58.2307,34600,0,0
2025-11-07,58.4,58.98,58.165,58.98,58.3246,27400,0,0
2025-11-10,59.06,59.89,59.06,59.88,59.2146,23700,0,0
2025-11-11,60,60.05,59.66,60,59.3333,20600,0,0
2025-11-12,60.1,60.1,59.9,60.001,59.3343,14500,0,0
2025-11-13,59.85,59.85,58.92,59.02,58.3642,26700,0,0
2025-11-14,58.92,59.296,58.5,59,58.3444,30600,0,0
2025-11-17,58.79,59.09,58.24,58.45,57.8005,25200,0,0
2025-11-18,58.21,58.241,57.73,58.01,57.3654,79700,0,0
2025-11-19,58.09,58.54,57.9,58.21,57.5632,22000,0,0
2025-11-20,59.18,59.242,57.27,57.29,56.6534,57900,0,0
2025-11-21,57.41,58.3,57.16,57.789,57.1468,28000,0,0
2025-11-24,58.26,58.8,58.13,58.76,58.1071,22500,0,0
2025-11-25,58.56,59.3,58.56,59.299,58.6401,155500,0,0
2025-11-26,59.5,59.83,59.5,59.72,59.0564,56300,0,0
2025-11-28,59.8,60.03,59.8,60.03,59.3629,21800,0,0
2025-12-01,60.06,60.06,59.66,59.72,59.0564,26100,0,0
2025-12-02,59.91,59.973,59.825,59.89,59.2245,18000,0,0
2025-12-03,59.78,60.145,59.77,60.067,59.3995,6500,0,0
2025-12-04,60.3,60.3,59.98,60.13,59.4618,32400,0,0
2025-12-05,60.285,60.322,60.142,60.26,59.5904,18300,0,0
2025-12-08,60.21,60.21,59.92,60.05,59.3827,14900,0,0
2025-12-09,60.1,60.18,59.954,59.99,59.3234,23500,0,0
2025-12-10,59.98,60.508,59.97,60.335,59.6646,20000,0,0
2025-12-11,60.15,60.52,59.911,60.51,59.8376,32900,0,0
2025-12-12,60.06,60.09,59.7,59.87,59.2047,27600,0,0
2025-12-15,60.16,60.16,59.69,59.76,59.0959,19800,0,0
2025-12-16,59.58,59.73,59.27,59.63,58.9674,36100,0,0
2025-12-17,59.61,59.61,58.89,58.96,58.3048,24100,0,0
2025-12-18,59.58,59.735,59.31,59.6,58.9377,18100,0,0
2025-12-19,59.715,59.866,59.55,59.66,59.2037,41900,0.208,0
2025-12-22,59.91,60.12,59.91,60.11,59.6502,33000,0,0
2025-12-23,60.08,60.37,60.065,60.37,59.9082,30700,0,0
2025-12-24,60.385,60.57,60.385,60.57,60.1067,16800,0,0
2025-12-26,60.75,60.75,60.47,60.507,60.0442,16900,0,0
2025-12-29,61.19,61.19,60.21,60.33,59.8685,77600,0,0
2025-12-30,60.31,60.368,60.25,60.26,59.7991,116900,0,0
2025-12-31,60.21,60.21,59.76,59.78,59.3228,27900,0,0
2026-01-02,60.19,60.19,59.73,59.93,59.4716,28500,0,0
2026-01-05,60.38,60.46,60.28,60.34,59.8785,22200,0,0
2026-01-06,60.45,60.697,60.45,60.69,60.2258,16200,0,0
2026-01-07,60.77,60.86,60.5,60.5,60.0372,200600,0,0
2026-01-08,60.39,60.49,60.29,60.49,60.0273,15300,0,0
2026-01-09,60.62,60.93,60.57,60.85,60.3846,12800,0,0
2026-01-12,60.54,60.98,60.54,60.91,60.4441,12400,0,0
2026-01-13,60.99,61.02,60.62,60.82,60.3548,41000,0,0
2026-01-14,60.69,60.69,60.12,60.457,59.9946,36400,0,0
2026-01-15,61.01,61.01,60.583,60.63,60.1663,33600,0,0
2026-01-16,60.9,60.9,60.49,60.62,60.1563,54700,0,0
2026-01-20,60,60,59.29,59.35,58.896,22800,0,0
2026-01-21,59.71,60.31,59.49,59.97,59.5113,50600,0,0
2026-01-22,60.44,60.49,60.185,60.35,59.8884,41900,0,0
2026-01-23,60.273,60.52,60.215,60.36,59.8983,32800,0,0
2026-01-26,60.5,60.812,60.5,60.675,60.2109,40200,0,0
2026-01-27,60.76,61.02,60.75,60.96,60.4937,36300,0,0
2026-01-28,61.17,61.174,60.845,60.88,60.4143,21200,0,0
2026-01-29,61.04,61.04,60.049,60.87,60.4044,37200,0,0
2026-01-30,60.55,60.73,60.215,60.57,60.1067,208100,0,0
2026-02-02,60.55,60.935,60.55,60.86,60.3945,47300,0,0
2026-02-03,60.86,60.91,59.93,60.33,59.8685,35200,0,0
2026-02-04,60.35,60.35,59.755,59.99,59.5311,24600,0,0
2026-02-05,59.461,59.7,59.075,59.2,58.7472,57200,0,0
2026-02-06,59.94,60.46,59.775,60.426,59.9638,60500,0,0
2026-02-09,60.19,60.815,60.19,60.72,60.2556,39400,0,0
2026-02-10,60.6,60.905,60.49,60.49,60.0273,34700,0,0
2026-02-11,60.825,60.825,60.39,60.5,60.0372,28800,0,0
2026-02-12,60.38,60.67,59.5,59.54,59.0846,56700,0,0
2026-02-13,59.445,59.94,59.445,59.527,59.0717,23800,0,0
2026-02-17,59.53,59.825,59.045,59.66,59.2037,30300,0,0
2026-02-18,59.94,60.24,59.88,59.97,59.5113,37800,0,0
2026-02-19,59.68,59.917,59.6,59.79,59.3327,45000,0,0
2026-02-20,60.13,60.23,59.87,60.206,59.7455,29500,0,0
2026-02-23,59.8,59.8,59.41,59.56,59.1044,27000,0,0
2026-02-24,59.54,60.07,59.54,60.05,59.5907,21600,0,0
2026-02-25,60.29,60.58,60.29,60.56,60.0968,19200,0,0
2026-02-26,60.49,60.49,59.83,60.17,59.7098,137000,0,0
2026-02-27,59.7,60.06,59.49,59.49,59.035,510900,0,0
2026-03-02,59.27,60.14,59.27,60,59.5411,43500,0,0
2026-03-03,58.98,59.55,58.585,59.43,58.9754,29100,0,0
2026-03-04,59.52,59.99,59.52,59.9,59.4418,40000,0,0
2026-03-05,59.42,59.9,59.09,59.555,59.0995,26000,0,0
2026-03-06,58.94,59.08,58.56,58.805,58.3552,56500,0,0
2026-03-09,58.16,59.37,57.98,59.3,58.8464,44500,0,0
2026-03-10,59.14,59.667,59.14,59.19,58.7373,29600,0,0
2026-03-11,59.24,59.3,58.91,59.11,58.6579,23100,0,0
2026-03-12,58.65,58.65,58.24,58.26,57.8144,24800,0,0
2026-03-13,58.62,58.72,57.82,57.88,57.4373,1900500,0,0
2026-03-16,58.48,58.74,58.32,58.5,58.0525,95700,0,0
2026-03-17,58.39,58.84,58.39,58.64,58.1915,268300,0,0
2026-03-18,58.37,58.55,57.795,57.83,57.3877,73200,0,0
2026-03-19,57.46,57.87,57.37,57.7,57.2587,38200,0,0
2026-03-20,57.19,57.62,56.4,56.705,56.4268,34200,0.159,0
2026-03-23,57.55,57.885,57.205,57.24,56.9591,48800,0,0
2026-03-24,57.3,57.3,56.93,57.004,56.7243,122200,0,0
2026-03-25,57.7,57.7,57.31,57.43,57.1482,21200,0,0
2026-03-26,57.17,57.2,56.355,56.406,56.1292,77800,0,0
2026-03-27,56.35,56.35,55.301,55.46,55.1879,140300,0,0
2026-03-30,55.64,55.76,54.995,55.23,54.959,59900,0,0
2026-03-31,55.94,56.89,55.87,56.87,56.591,1890200,0,0
2026-04-01,57.04,57.56,57.04,57.26,56.979,36600,0,0
2026-04-02,56.57,57.38,56.57,57.26,56.979,45000,0,0
2026-04-06,57.15,57.52,57.15,57.514,57.2318,28300,0,0
2026-04-07,57.62,57.62,57.005,57.585,57.3024,40200,0,0
2026-04-08,58.76,59.07,58.73,59.005,58.7155,47900,0,0
2026-04-09,58.95,59.44,58.84,59.38,59.0886,34300,0,0
2026-04-10,59.405,59.51,59.24,59.31,59.019,40400,0,0
2026-04-13,59.32,59.93,59.315,59.88,59.5862,28200,0,0
2026-04-14,60.265,60.66,60.205,60.66,60.3624,49600,0,0
2026-04-15,60.82,61.18,60.7,61.18,60.8798,27300,0,0
2026-04-16,61.22,61.39,61.065,61.31,61.0092,24100,0,0
2026-04-17,61.75,62.21,61.72,62.06,61.7555,58300,0,0
2026-04-20,62.03,62.03,61.699,61.904,61.6003,92000,0,0
2026-04-21,61.98,62.16,61.465,61.521,61.2191,59700,0,0
2026-04-22,61.94,62.2,61.94,62.2,61.8948,47900,0,0
2026-04-23,61.88,62.29,61.41,61.97,61.6659,40400,0,0
2026-04-24,62.38,62.43,61.96,62.405,62.0988,30100,0,0
2026-04-27,62.4,62.52,62.26,62.483,62.1764,31200,0,0
2026-04-28,62.37,62.37,61.98,62.17,61.8649,21800,0,0
2026-04-29,62.09,62.2,61.9,62.165,61.86,281800,0,0
2026-04-30,62.35,62.86,62.12,62.84,62.5317,523400,0,0
2026-05-01,63.12,63.31,63,63,62.6909,55300,0,0
2026-05-04,62.93,63.09,62.555,62.75,62.4421,37300,0,0
2026-05-05,63.07,63.34,63.06,63.25,62.9396,35500,0,0
2026-05-06,63.72,64.16,63.69,64.14,63.8253,33100,0,0
2026-05-07,64.158,64.32,63.77,63.92,63.6064,34000,0,0
2026-05-08,64.18,64.41,64.18,64.35,64.0342,26000,0,0
2026-05-11,64.36,64.58,64.36,64.49,64.1736,54300,0,0
2026-05-12,64.12,64.42,63.88,64.4,64.084,31500,0,0
2026-05-13,64.62,64.88,64.24,64.79,64.4721,36100,0,0
2026-05-14,65,65.41,65,65.31,64.9895,70300,0,0
2026-05-15,64.63,64.92,64.525,64.55,64.2333,65400,0,0
2026-05-18,64.59,64.63,64.1,64.48,64.1636,48100,0,0
2026-05-19,64.13,64.409,63.88,64.018,63.7039,57100,0,0
2026-05-20,64.15,64.795,64.15,64.72,64.4024,37500,0,0
2026-05-21,64.34,65.01,64.34,64.88,64.5616,36800,0,0
2026-05-22,65.35,65.38,65.06,65.15,64.8303,28600,0,0
2026-05-26,65.57,65.71,65.39,65.54,65.2184,42800,0,0
2026-05-27,65.4,65.59,65.36,65.54,65.2184,34900,0,0
2026-05-28,65.77,65.98,65.71,65.94,65.6164,151900,0,0
2026-05-29,66.229,66.229,65.977,66.14,65.8155,414100,0,0
2026-06-01,66.07,66.46,66.02,66.33,66.0045,44500,0,0
2026-06-02,66.32,66.51,66.31,66.46,66.1339,25000,0,0
2026-06-03,66.168,66.18,65.935,65.961,65.6373,26700,0,0
2026-06-04,65.54,66.34,65.54,66.27,65.9448,26300,0,0
2026-06-05,65.507,65.68,64.4,64.53,64.2134,32700,0,0
2026-06-08,64.95,65.155,64.61,64.69,64.3726,54000,0,0
2026-06-09,65.01,65.1,63.35,64.49,64.1736,66400,0,0
2026-06-10,64.356,64.43,63.43,63.43,63.1188,50000,0,0
2026-06-11,63.61,64.62,63.53,64.52,64.2034,39100,0,0
2026-06-12,64.25,65.05,64.25,64.816,64.498,44000,0,0
2026-06-15,65.92,66.108,65.744,65.92,65.5965,36000,0,0
2026-06-16,65.94,65.99,65.55,65.55,65.2284,43300,0,0
2026-06-17,65.92,65.92,64.675,64.79,64.4721,47700,0,0
2026-06-18,65.32,65.55,65.211,65.51,65.1886,47200,0,0
2026-06-22,65.54,65.56,65.06,65.227,64.9069,40500,0,0
2026-06-23,64.12,64.64,64.12,64.35,64.0342,36200,0,0
2026-06-24,64.4,64.745,64.05,64.25,63.9347,37600,0,0
2026-06-25,64.62,64.62,64.06,64.239,63.9238,53900,0,0
2026-06-26,63.68,64.225,63.68,63.92,63.7821,72200,0.177,0
2026-06-29,63.95,64.76,63.95,64.75,64.6103,33900,0,0
2026-06-30,65.029,65.35,64.94,65.3,65.1591,439000,0,0
2026-07-01,65,65.48,65,65.33,65.1891,35200,0,0
2026-07-02,65.3,65.595,64.61,65.19,65.0494,30600,0,0
2026-07-06,65.32,65.79,65.272,65.61,65.4685,62500,0,0
2026-07-07,65.2,65.525,65.18,65.42,65.2789,58000,0,0
2026-07-08,65.02,65.21,64.685,65.19,65.0494,39000,0,0
2026-07-09,65.475,65.755,65.475,65.74,65.5982,23800,0,0
2026-07-10,65.74,66.034,65.64,65.99,65.8476,28200,0,0
2026-07-13,65.7,65.85,65.43,65.49,65.3487,51100,0,0
2026-07-14,65.6,65.87,65.6,65.744,65.6022,34900,0,0
2026-07-15,66.02,66.03,65.595,65.977,65.8347,64400,0,0
2026-07-16,66.078,66.078,65.41,65.56,65.4186,27500,0,0
2026-07-17,64.73,65.28,64.73,64.94,64.7999,40300,0,0
2026-07-20,65.38,65.38,64.81,64.85,64.7101,32300,0,0
2026-07-21,65.04,65.435,65.04,65.43,65.2888,37600,0,0
2026-07-22,65.27,65.51,65.259,65.34,65.199,57600,0,0
2026-07-23,64.35,64.65,64.29,64.51,64.3708,31600,0,0
2026-07-24,64.45,64.92,64.435,64.56,64.4207,23000,0,0
2026-07-27,65.11,65.11,64.31,64.57,64.4307,23600,0,0
2026-07-28,64.496,64.84,64.29,64.65,64.5105,40500,0,0
2026-07-29,64.572,64.83,63.76,63.78,63.6424,51600,0,0
2026-07-30,64.26,64.83,64.26,64.82,64.6802,48900,0,0
2026-07-31,65.14,65.43,64.56,65.2,65.0593,138800,0,0
2026-08-03,65.41,66.305,65.41,66.225,66.0821,40700,0,0
2026-08-04,66.55,67.57,66.54,67.41,67.2646,122500,0,0
2026-08-05,67.62,67.66,67.28,67.29,67.1448,59400,0,0
2026-08-06,67.36,67.47,67.115,67.183,67.0381,32600,0,0
2026-08-07,67.45,67.64,67.41,67.601,67.4552,33800,0,0
2026-08-10,67.575,67.75,67.52,67.58,67.4342,38000,0,0
2026-08-11,67.65,67.694,67.33,67.368,67.2227,26800,0,0
2026-08-12,67.71,67.71,67.45,67.502,67.3564,340600,0,0
2026-08-13,67.85,68.16,67.85,68.025,67.8782,74400,0,0
2026-08-14,68.12,68.12,67.86,67.94,67.7934,141200,0,0
2026-08-17,67.81,67.86,67.61,67.61,67.4641,34700,0,0
2026-08-18,67.245,67.28,67.05,67.12,66.9752,30400,0,0
2026-08-19,67.364,67.45,67.175,67.175,67.0301,23800,0,0
2026-08-20,66.98,67.155,66.59,66.61,66.4663,34500,0,0
2026-08-21,66.98,67.026,66.85,66.93,66.7856,58300,0,0
2026-08-24,66.84,66.854,66.68,66.7,66.5561,30000,0,0
2026-08-25,67.03,67.03,66.825,66.92,66.7756,41700,0,0
2026-08-26,66.97,67.08,66.814,66.97,66.8255,26600,0,0
2026-08-27,67.13,67.5,67.13,67.47,67.3244,29800,0,0
2026-08-28,67.54,67.81,67.195,67.287,67.1418,42600,0,0
2026-08-31,67.12,67.15,66.925,67.11,66.9652,265800,0,0
2026-09-01,66.61,66.835,66.44,66.515,66.3715,41500,0,0
2026-09-02,66.66,66.98,66.62,66.85,66.7058,37100,0,0
2026-09-03,67.1,67.73,67.1,67.585,67.4392,26000,0,0
2026-09-04,67.404,67.454,67.29,67.354,67.2087,29400,0,0
2026-09-08,67.23,67.28,66.95,66.95,66.8056,27900,0,0
2026-09-09,66.823,66.85,66.635,66.681,66.5371,47700,0,0
2026-09-10,66.34,66.46,66.2,66.32,66.1769,32800,0,0
2026-09-11,66.921,66.98,66.8,66.873,66.7287,73300,0,0
2026-09-14,66.4,66.711,66.34,66.5,66.3565,31200,0,0
2026-09-15,66.41,66.41,66.15,66.205,66.0622,53800,0,0
2026-09-16,66.47,66.579,65.653,65.951,65.8087,37200,0,0
2026-09-17,66.59,66.76,66.5,66.75,66.606,38600,0,0
2026-09-18,66.48,66.654,66.38,66.654,66.654,41000,0.144,0
2026-09-21,67.205,67.82,67.205,67.74,67.74,34900,0,0
2026-09-22,67.72,67.85,67.63,67.63,67.63,168900,0,0
2026-09-23,67.53,67.53,67.12,67.171,67.171,30000,0,0
2026-09-24,66.91,67.31,66.853,67.24,67.24,64200,0,0
2026-09-25,67.42,67.59,67.13,67.57,67.57,43200,0,0
2026-09-28,67.25,67.265,66.843,67.15,67.15,744800,0,0
2026-09-29,67.06,67.06,66.74,66.84,66.84,164400,0,0
2026-09-30,67.1,67.31,66.805,66.816,66.816,288300,0,0
2026-10-01,66.83,66.99,66.448,66.86,66.86,44700,0,0
2026-10-02,67.38,67.57,67.28,67.34,67.34,29500,0,0
2026-10-05,67.53,67.98,67.53,67.83,67.83,24500,0,0
2026-10-06,68.19,68.47,68.19,68.3,68.3,32500,0,0
2026-10-07,67.99,68.11,67.8,68.11,68.11,32000,0,0
