date,open,high,low,close,adj_close,volume,dividend,split
2017-05-03,24.94,24.95,24.89,24.89,20.1017,4400,0,0
2017-05-04,24.88,24.88,24.71,24.74,19.9806,7400,0,0
2017-05-05,25.55,25.55,25.368,25.368,20.4878,600,0,0
2017-05-08,25.45,25.45,25.329,25.329,20.4563,600,0,0
2017-05-09,24.99,24.99,24.99,24.99,20.1825,300,0,0
2017-05-10,24.99,24.99,24.99,24.99,20.1825,0,0,0
2017-05-11,24.99,24.99,24.99,24.99,20.1825,0,0,0
2017-05-12,25.39,25.39,25.39,25.39,20.5055,300,0,0
2017-05-15,25.33,25.74,25.33,25.69,20.7478,1400,0,0
2017-05-16,25.64,25.64,25.4,25.4,20.5136,2200,0,0
2017-05-17,25.3,25.3,25.3,25.3,20.4328,1500,0,0
2017-05-18,25.3,25.3,25.3,25.3,20.4328,0,0,0
2017-05-19,25.73,25.73,25.73,25.73,20.7801,400,0,0
2017-05-22,26.17,26.17,26.17,26.17,21.1355,4000,0,0
2017-05-23,26.68,27.15,26.622,26.622,21.5005,2900,0,0
2017-05-24,27,27.1,27,27.1,21.8866,2500,0,0
2017-05-25,27.301,27.98,27.301,27.98,22.5973,7400,0,0
2017-05-26,27.92,27.96,27.84,27.93,22.5569,3000,0,0
2017-05-30,27.75,27.75,27.745,27.745,22.4075,1100,0,0
2017-05-31,27.745,27.745,27.745,27.745,22.4075,0,0,0
2017-06-01,28.4,28.86,28.4,28.86,23.308,3700,0,0
2017-06-02,29.39,29.39,29.1,29.22,23.5987,5300,0,0
2017-06-05,28.995,29,28.945,28.969,23.396,700,0,0
2017-06-06,28.969,28.969,28.969,28.969,23.396,0,0,0
2017-06-07,29.36,29.36,28.81,29.09,23.4937,2300,0,0
2017-06-08,28.179,28.179,28.179,28.179,22.758,1400,0,0
2017-06-09,27.979,28.175,27.76,28.151,22.7354,1500,0,0
2017-06-12,27.83,28.01,27.83,28.01,22.6215,400,0,0
2017-06-13,28.01,28.01,28.01,28.01,22.6215,0,0,0
2017-06-14,29,29,29,29,23.421,900,0,0
2017-06-15,29,29,29,29,23.421,0,0,0
2017-06-16,29.16,29.46,29.16,29.46,23.7925,1800,0,0
2017-06-19,29.43,29.47,29.43,29.46,23.7925,800,0,0
2017-06-20,29.21,29.35,29.21,29.31,23.6714,2200,0,0
2017-06-21,29,29,29,29,23.421,1000,0,0
2017-06-22,28.495,28.495,28.49,28.491,23.01,1100,0,0
2017-06-23,28.61,28.61,28.61,28.61,23.1061,200,0,0
2017-06-26,28.75,28.75,28.736,28.736,23.2078,300,0,0
2017-06-27,28.248,28.248,27.85,27.85,22.4923,500,0,0
2017-06-28,27.65,27.65,27,27,21.8058,600,0,0
2017-06-29,26.13,26.13,26.13,26.13,21.1032,400,0,0
2017-06-30,26.634,26.634,26.634,26.634,21.5102,200,0,0
2017-07-03,26.634,26.634,26.634,26.634,21.5102,0,0,0
2017-07-05,25.33,25.33,25.33,25.33,20.4571,100,0,0
2017-07-06,25.32,25.342,25.269,25.269,20.4078,600,0,0
2017-07-07,25.464,25.464,25.27,25.39,20.5055,600,0,0
2017-07-10,25.39,25.39,25.39,25.39,20.5055,0,0,0
2017-07-11,25,25,25,25,20.1906,100,0,0
2017-07-12,25,25,25,25,20.1906,0,0,0
2017-07-13,25,25,25,25,20.1906,0,0,0
2017-07-14,25.988,26.01,25.988,25.998,20.9966,1000,0,0
2017-07-17,25.998,25.998,25.998,25.998,20.9966,0,0,0
2017-07-18,26.32,26.32,26.32,26.32,21.2566,1000,0,0
2017-07-19,26.32,26.32,26.32,26.32,21.2566,0,0,0
2017-07-20,27.44,27.48,27.44,27.48,22.1935,400,0,0
2017-07-21,27.48,27.48,27.48,27.48,22.1935,0,0,0
2017-07-24,27.61,27.61,27.296,27.296,22.0449,1300,0,0
2017-07-25,27.21,27.21,26.91,26.91,21.7331,2000,0,0
2017-07-26,27.12,27.12,27.12,27.12,21.9027,300,0,0
2017-07-27,27.589,27.589,27.47,27.5,22.2096,400,0,0
2017-07-28,27.54,27.54,27.54,27.54,22.2419,300,0,0
2017-07-31,28,28,28,28,22.6134,100,0,0
2017-08-01,28,28,28,28,22.6134,100,0,0
2017-08-02,28,28,28,28,22.6134,100,0,0
2017-08-03,28.731,29.19,28.709,29.161,23.5511,6300,0,0
2017-08-04,29.07,29.07,28.544,28.544,23.0528,1200,0,0
2017-08-07,28.934,28.934,28.934,28.934,23.3677,100,0,0
2017-08-08,29.25,29.25,29.25,29.25,23.6229,200,0,0
2017-08-09,29.25,29.25,29.25,29.25,23.6229,0,0,0
2017-08-10,29.26,29.26,29.16,29.26,23.631,2300,0,0
2017-08-11,29.3,29.3,28.59,28.59,23.0899,400,0,0
2017-08-14,28.59,28.59,28.59,28.59,23.0899,0,0,0
2017-08-15,29.58,29.58,29.58,29.58,23.8895,3000,0,0
2017-08-16,29.6,30.36,29.6,29.89,24.1398,1400,0,0
2017-08-17,29.89,29.89,29.89,29.89,24.1398,0,0,0
2017-08-18,29.57,29.57,29.57,29.57,23.8814,3800,0,0
2017-08-21,29.57,29.57,29.57,29.57,23.8814,0,0,0
2017-08-22,30.07,30.07,30.005,30.005,24.2327,400,0,0
2017-08-23,30.31,30.34,30.125,30.34,24.5033,1900,0,0
2017-08-24,30.56,30.56,30.54,30.54,24.6648,1900,0,0
2017-08-25,30.54,30.54,30.54,30.54,24.6648,0,0,0
2017-08-28,31.14,31.14,30.81,30.81,24.8828,1100,0,0
2017-08-29,31.19,31.2,31.15,31.15,25.1574,300,0,0
2017-08-30,30.75,30.75,30.746,30.746,24.8311,300,0,0
2017-08-31,30.5,30.5,30.5,30.5,24.6325,600,0,0
2017-09-01,30.564,30.564,30.564,30.564,24.6842,500,0,0
2017-09-05,30.014,30.46,30.014,30.338,24.5016,4900,0,0
2017-09-06,30.34,30.34,30.34,30.34,24.5033,100,0,0
2017-09-07,30.13,30.13,30.12,30.12,24.3256,700,0,0
2017-09-08,30.12,30.12,30.12,30.12,24.3256,0,0,0
2017-09-11,30.12,30.12,30.12,30.12,24.3256,0,0,0
2017-09-12,31.087,31.087,30.97,30.992,25.0298,1000,0,0
2017-09-13,29.87,29.871,29.87,29.87,24.1237,1100,0,0
2017-09-14,30.45,30.45,30.36,30.375,24.5315,500,0,0
2017-09-15,30.39,30.63,30.39,30.63,24.7375,2400,0,0
2017-09-18,29.93,29.93,29.91,29.91,24.156,900,0,0
2017-09-19,29.61,29.642,29.61,29.63,23.9298,2400,0,0
2017-09-20,29.01,29.01,29.01,29.01,23.4291,100,0,0
2017-09-21,28.94,29.32,28.94,28.94,23.3726,700,0,0
2017-09-22,28.94,28.94,28.94,28.94,23.3726,0,0,0
2017-09-25,28.94,28.94,28.94,28.94,23.3726,0,0,0
2017-09-26,28.94,28.94,28.94,28.94,23.3726,0,0,0
2017-09-27,28.94,28.94,28.94,28.94,23.3726,0,0,0
2017-09-28,28.94,28.94,28.94,28.94,23.3726,0,0,0
2017-09-29,28.94,28.94,28.94,28.94,23.3726,0,0,0
2017-10-02,27.91,28.32,27.76,28.32,22.8719,3800,0,0
2017-10-03,28.32,28.32,28.32,28.32,22.8719,0,0,0
2017-10-04,28.147,28.227,28.147,28.227,22.7967,200,0,0
2017-10-05,28.227,28.227,28.227,28.227,22.7967,0,0,0
2017-10-06,28.16,28.475,28.16,28.475,22.997,7400,0,0
2017-10-09,28.66,28.79,28.66,28.707,23.1844,1500,0,0
2017-10-10,28.7,29.3,28.7,29.3,23.6633,2700,0,0
2017-10-11,30.16,30.16,29.56,29.67,23.9621,600,0,0
2017-10-12,29.67,29.67,29.67,29.67,23.9621,0,0,0
2017-10-13,30.23,30.23,29.5,29.5,23.8249,1300,0,0
2017-10-16,29.165,29.165,28.82,28.82,23.2757,300,0,0
2017-10-17,29.04,29.04,29.04,29.04,23.4533,400,0,0
2017-10-18,29.797,29.8,29.53,29.53,23.8491,1000,0,0
2017-10-19,30.395,30.395,30.395,30.395,24.5477,200,0,0
2017-10-20,30.45,30.45,30.45,30.45,24.5921,900,0,0
2017-10-23,30.53,30.53,30.53,30.53,24.6567,200,0,0
2017-10-24,30.68,30.79,30.588,30.755,24.8384,1500,0,0
2017-10-25,30.265,30.265,29.505,30.011,24.2376,2000,0,0
2017-10-26,31.07,31.07,30.87,30.87,24.9313,1100,0,0
2017-10-27,30.87,30.91,30.86,30.86,24.9232,900,0,0
2017-10-30,30.83,31.12,30.65,31.03,25.0605,12700,0,0
2017-10-31,31.07,31.07,31.07,31.07,25.0928,200,0,0
2017-11-01,30.71,30.8,30.68,30.68,24.7778,700,0,0
2017-11-02,30.61,30.72,30.61,30.719,24.8093,600,0,0
2017-11-03,31.49,31.52,31.47,31.52,25.4562,1000,0,0
2017-11-06,31.155,31.155,31.155,31.155,25.1615,200,0,0
2017-11-07,30.92,31.39,30.92,31.39,25.3513,7000,0,0
2017-11-08,32.12,32.12,32.06,32.06,25.8924,400,0,0
2017-11-09,32.08,32.08,32.015,32.06,25.8924,1000,0,0
2017-11-10,32.06,32.06,32.06,32.06,25.8924,0,0,0
2017-11-13,32.06,32.98,32.06,32.94,26.6031,3600,0,0
2017-11-14,33.02,34.14,33.02,34.114,27.5512,10800,0,0
2017-11-15,34.73,34.73,33.42,33.42,26.9907,6100,0,0
2017-11-16,33.06,33.06,32.669,32.911,26.5797,12700,0,0
2017-11-17,32.31,32.448,32.23,32.448,26.2057,7500,0,0
2017-11-20,30.971,31.72,30.971,31.72,25.6178,800,0,0
2017-11-21,32.01,32.33,32.01,32.239,26.0369,2300,0,0
2017-11-22,32.05,32.05,32.02,32.02,25.8601,700,0,0
2017-11-24,32.02,32.02,32.02,32.02,25.8601,0,0,0
2017-11-27,32.29,33,32.29,33,26.6515,4400,0,0
2017-11-28,33.07,33.32,32.98,32.98,26.6354,2300,0,0
2017-11-29,33.13,33.324,33.1,33.13,26.7565,500,0,0
2017-11-30,33.42,33.698,33.42,33.634,27.1636,900,0,0
2017-12-01,33.5,33.5,32.94,32.94,26.6031,4400,0,0
2017-12-04,33.37,33.37,33.167,33.167,26.7864,2300,0,0
2017-12-05,31.6,31.6,31,31.42,25.3755,1800,0,0
2017-12-06,31.67,31.84,31.67,31.72,25.6178,1700,0,0
2017-12-07,31.32,31.58,31.315,31.58,25.5047,900,0,0
2017-12-08,31.6,32.01,31.6,32.01,25.852,1000,0,0
2017-12-11,32.13,32.13,32.105,32.105,25.9287,1000,0,0
2017-12-12,32.46,32.46,31.18,31.19,25.1897,8000,0,0
2017-12-13,31.54,31.66,31.34,31.35,25.319,800,0,0
2017-12-14,30.77,31.37,30.365,31.36,25.327,4600,0,0
2017-12-15,31.36,31.36,31.36,31.36,25.327,0,0,0
2017-12-18,31.55,31.56,30.5,30.54,24.6648,6600,0,0
2017-12-19,30.06,30.06,28.8,28.8,23.3805,9900,0.158,0
2017-12-20,28.75,28.87,28,28.09,22.8041,14900,0,0
2017-12-21,27.16,27.31,26.76,26.94,21.8705,6300,0,0
2017-12-22,27.1,27.46,27.08,27.094,21.9955,8000,0,0
2017-12-26,27.43,27.599,26.53,26.92,21.8543,17700,0,0
2017-12-27,26.83,27.05,26.83,27.03,21.9436,5300,0,0
2017-12-28,27.13,27.27,27.118,27.23,22.1059,3100,0,0
2017-12-29,27.88,27.88,27.354,27.55,22.3657,9300,0,0
2018-01-02,27.5,27.5,26.45,26.637,21.6245,22100,0,0
2018-01-03,26.5,26.74,25.64,25.91,21.0343,14600,0,0
2018-01-04,26.38,26.38,25.28,25.44,20.6528,10600,0,0
2018-01-05,25.5,25.64,25,25.4,20.6203,14500,0,0
2018-01-08,25.65,26.09,25.475,26.09,21.1805,14100,0,0
2018-01-09,26.29,26.29,25.14,25.38,20.604,41000,0,0
2018-01-10,25,25,24.28,24.33,19.7516,24700,0,0
2018-01-11,24.33,24.68,23.941,24.21,19.6542,12300,0,0
2018-01-12,23.59,24.3,23.59,23.81,19.3295,38000,0,0
2018-01-16,24.29,24.29,23.22,23.513,19.0884,36800,0,0
2018-01-17,23.632,24.252,23.63,24.05,19.5243,216200,0,0
2018-01-18,24.18,24.29,23.13,23.48,19.0616,137300,0,0
2018-01-19,23.58,23.904,23.22,23.3,18.9155,28200,0,0
2018-01-22,23.35,23.978,23.35,23.417,19.0104,38100,0,0
2018-01-23,23.81,24.5,23.613,24.12,19.5811,71700,0,0
2018-01-24,24.095,24.13,23.51,23.7,19.2402,57700,0,0
2018-01-25,23.39,24.75,23.39,24.75,20.0926,64300,0,0
2018-01-26,25.02,25.18,24.075,24.77,20.1088,62800,0,0
2018-01-29,24.64,24.64,23.711,23.86,19.3701,54200,0,0
2018-01-30,23.52,24.114,23.33,24.03,19.5081,31800,0,0
2018-01-31,24.05,24.9,23.56,24.9,20.2144,191100,0,0
2018-02-01,24.89,24.89,23.4,23.64,19.1915,62700,0,0
2018-02-02,23.3,23.58,22.83,23,18.6719,221000,0,0
2018-02-05,22.83,23.492,21.77,21.96,17.8276,134500,0,0
2018-02-06,20.85,21.3,19.59,20.85,16.9265,78100,0,0
2018-02-07,20.81,21.43,20.7,20.84,16.9184,10200,0,0
2018-02-08,20.17,21.05,20,20.024,16.2559,9400,0,0
2018-02-09,20.11,21.561,19.949,21.16,17.1782,23400,0,0
2018-02-12,21.42,21.91,20.75,21.8,17.6977,8200,0,0
2018-02-13,21.469,22.076,21.05,21.96,17.8276,7300,0,0
2018-02-14,21,21.74,21,21.141,17.1627,16100,0,0
2018-02-15,21.58,22.55,21.22,22.55,18.3066,21100,0,0
2018-02-16,22.9,23.333,22.45,23.27,18.8911,27900,0,0
2018-02-20,22.71,23.019,22.039,22.33,18.128,20900,0,0
2018-02-21,22.35,22.71,21.525,21.525,17.4745,19800,0,0
2018-02-22,21.82,22.1,21.48,21.665,17.5881,19300,0,0
2018-02-23,22.06,23.41,22.06,23.41,19.0048,20900,0,0
2018-02-26,23.95,23.95,23.06,23.106,18.758,24800,0,0
2018-02-27,23.2,23.531,22.05,22.05,17.9007,10600,0,0
2018-02-28,22.1,22.212,21.54,21.54,17.4866,33400,0,0
2018-03-01,21.765,22.54,21.27,21.59,17.5272,11800,0,0
2018-03-02,21.92,21.97,20.91,21.42,17.3892,21100,0,0
2018-03-05,21.37,22.828,21.37,22.69,18.4202,10000,0,0
2018-03-06,22.75,22.75,21.74,21.74,17.649,19400,0,0
2018-03-07,21.45,21.83,21.11,21.34,17.3243,21400,0,0
2018-03-08,21.54,21.82,21.52,21.79,17.6896,6400,0,0
2018-03-09,21.72,21.885,21.588,21.885,17.7667,8800,0,0
2018-03-12,22.1,22.37,22.05,22.28,18.0874,8900,0,0
2018-03-13,22.67,22.75,21.867,22.4,18.1848,13600,0,0
2018-03-14,22.7,23.278,22.7,22.98,18.6557,11500,0,0
2018-03-15,23.09,23.62,22.75,23.094,18.7482,4500,0,0
2018-03-16,22.95,23.79,22.95,23.712,19.2499,5600,0,0
2018-03-19,23.55,23.65,22.79,23.17,18.8099,9500,0,0
2018-03-20,23.4,23.4,22.684,22.77,18.571,4400,0.107,0
2018-03-21,22.794,22.88,22.37,22.485,18.3385,4900,0,0
2018-03-22,22.47,23.82,22.47,22.82,18.6117,5800,0,0
2018-03-23,23.17,23.4,21.81,21.83,17.8043,10100,0,0
2018-03-26,22.434,22.434,22.05,22.4,18.2692,6300,0,0
2018-03-27,22.55,24.118,22.528,23.58,19.2316,13800,0,0
2018-03-28,23.81,23.82,23.15,23.5,19.1663,6400,0,0
2018-03-29,23.78,24.07,23.658,23.89,19.4844,11800,0,0
2018-04-02,23.89,24.15,22.73,23.09,18.8319,134900,0,0
2018-04-03,22.98,23.729,22.98,23.518,19.181,3800,0,0
2018-04-04,23.2,23.75,22.96,23.65,19.2887,14200,0,0
2018-04-05,23.22,24.286,23.04,24.16,19.7046,15000,0,0
2018-04-06,24.3,24.306,23.5,23.77,19.3865,15200,0,0
2018-04-09,23.38,24.195,23.38,23.83,19.4355,7300,0,0
2018-04-10,23.73,23.73,23.14,23.25,18.9624,4800,0,0
2018-04-11,23.07,23.23,22.91,23.18,18.9053,2600,0,0
2018-04-12,22.75,22.75,22.1,22.25,18.1468,14600,0,0
2018-04-13,22.44,22.98,22.44,22.69,18.5057,4000,0,0
2018-04-16,22.89,23.631,22.89,23.42,19.1011,8900,0,0
2018-04-17,23.92,24.56,23.54,24.32,19.8351,37100,0,0
2018-04-18,24.73,25,24.063,24.063,19.6255,6700,0,0
2018-04-19,24.11,24.11,23.47,23.75,19.3702,14500,0,0
2018-04-20,24.05,24.05,23.18,23.27,18.9787,15300,0,0
2018-04-23,23.38,23.7,23.2,23.33,19.0277,9300,0,0
2018-04-24,23.58,24.15,23.57,23.8,19.411,3700,0,0
2018-04-25,23.44,24.06,23.44,23.661,19.2976,6000,0,0
2018-04-26,23.93,24.616,23.93,24.54,20.0145,9800,0,0
2018-04-27,24.77,25.56,24.47,25.27,20.6099,46000,0,0
2018-04-30,25.49,25.5,25.11,25.24,20.5855,162400,0,0
2018-05-01,25.02,25.2,24.791,24.93,20.3326,11000,0,0
2018-05-02,24.88,25.116,24.6,24.75,20.1858,9600,0,0
2018-05-03,24.5,25.002,23.987,24.73,20.1695,21300,0,0
2018-05-04,25.05,25.29,25.021,25.07,20.4468,45700,0,0
2018-05-07,25.08,25.13,24.585,24.66,20.1124,8100,0,0
2018-05-08,24,24,22.72,22.73,18.5383,25900,0,0
2018-05-09,22.63,22.77,22.1,22.34,18.2202,35200,0,0
2018-05-10,22.859,23.21,22.56,23.21,18.9298,30800,0,0
2018-05-11,23.3,23.41,23.07,23.3,19.0032,5000,0,0
2018-05-14,23.12,23.47,22.71,22.99,18.7504,24800,0,0
2018-05-15,22.6,22.872,22.1,22.38,18.2529,25500,0,0
2018-05-16,22.49,22.522,21.706,21.872,17.8386,21600,0,0
2018-05-17,22.02,22.105,21.33,21.45,17.4944,9000,0,0
2018-05-18,21.42,21.75,21.01,21.4,17.4536,11300,0,0
2018-05-21,21.6,21.89,21.26,21.72,17.7146,6600,0,0
2018-05-22,21.88,22.33,21.87,21.98,17.9266,9100,0,0
2018-05-23,22.18,22.625,22.02,22.474,18.3295,31700,0,0
2018-05-24,22.51,23.01,22.42,23.01,18.7667,6700,0,0
2018-05-25,23.06,23.45,23.04,23.33,19.0277,10200,0,0
2018-05-29,23.3,23.72,22.89,23.38,19.0685,10300,0,0
2018-05-30,23,23.95,22.99,23.87,19.4681,25900,0,0
2018-05-31,23.79,24.35,23.5,24.03,19.5986,27200,0,0
2018-06-01,23.68,23.73,22.642,22.9,18.677,12600,0,0
2018-06-04,22.73,23.12,22.36,22.376,18.2496,9500,0,0
2018-06-05,22.38,22.38,21.76,22.03,17.9674,14000,0,0
2018-06-06,21.705,21.705,20.525,20.605,16.8052,46900,0,0
2018-06-07,20.71,21.47,20.585,20.865,17.0173,14000,0,0
2018-06-08,20.87,20.97,20.72,20.826,16.9854,6400,0,0
2018-06-11,20.75,21.08,20.64,20.69,16.8745,16600,0,0
2018-06-12,20.68,21.5,20.68,21.5,17.5352,18200,0,0
2018-06-13,21.37,21.87,21.12,21.47,17.5107,10600,0,0
2018-06-14,21.82,22.15,21.82,21.97,17.9185,16100,0,0
2018-06-15,21.868,22.47,21.5,22.45,18.31,12300,0,0
2018-06-18,22.5,22.88,22.4,22.67,18.4894,18500,0,0
2018-06-19,22.32,23.324,22.32,23.13,18.9692,43300,0.125,0
2018-06-20,23.22,23.36,23,23.28,19.0922,9400,0,0
2018-06-21,23.5,23.79,23.48,23.49,19.2644,6900,0,0
2018-06-22,24,24.02,23.785,24.02,19.6991,11700,0,0
2018-06-25,24.34,25.25,24.272,25.25,20.7078,11700,0,0
2018-06-26,25.27,25.65,25.27,25.41,20.839,7800,0,0
2018-06-27,25.28,25.7,25.04,25.61,21.003,11000,0,0
2018-06-28,25.49,26.01,25.49,25.53,20.9374,8800,0,0
2018-06-29,25.53,25.91,24.975,25.61,21.003,41600,0,0
2018-07-02,25.72,26.263,25.487,26.263,21.5386,7500,0,0
2018-07-03,26.28,26.8,26.28,26.5,21.7329,11000,0,0
2018-07-05,26.27,26.91,26.2,26.91,22.0692,5200,0,0
2018-07-06,27.17,27.6,27.127,27.455,22.5161,9800,0,0
2018-07-09,27.53,27.53,24.69,24.952,20.4634,29900,0,0
2018-07-10,24.58,26,24.381,25.68,21.0604,6900,0,0
2018-07-11,26.06,26.51,25.83,26.45,21.6919,17400,0,0
2018-07-12,26.64,26.64,26.08,26.27,21.5443,8500,0,0
2018-07-13,26.501,26.52,26.02,26.29,21.5607,3800,0,0
2018-07-16,26.34,26.34,26,26.221,21.5041,7700,0,0
2018-07-17,26.45,26.53,26.25,26.257,21.5336,1500,0,0
2018-07-18,25.995,25.995,25.6,25.76,21.126,2800,0,0
2018-07-19,25.65,26.901,25.65,26.9,22.061,3500,0,0
2018-07-20,25.82,26.011,25.53,26.01,21.3311,6400,0,0
2018-07-23,25.9,26.05,25.2,25.52,20.9292,8600,0,0
2018-07-24,24.76,25.71,24.57,25.62,21.0112,46800,0,0
2018-07-25,25.89,26.06,25.742,25.84,21.1917,17100,0,0
2018-07-26,25.95,26.821,25.95,26.514,21.7444,19000,0,0
2018-07-27,26.62,27.02,26.4,26.622,21.833,7000,0,0
2018-07-30,26.4,26.4,25.81,25.97,21.2983,3800,0,0
2018-07-31,26.15,26.93,26.07,26.91,22.0692,45200,0,0
2018-08-01,26.54,26.54,25.59,26.02,21.3393,10700,0,0
2018-08-02,26.81,26.81,25.83,26.639,21.8469,7800,0,0
2018-08-03,26.82,27.54,26.82,27.446,22.5088,18200,0,0
2018-08-06,27.78,27.94,27.43,27.56,22.6023,22900,0,0
2018-08-07,27.31,27.35,26.87,27.32,22.4054,9200,0,0
2018-08-08,26.765,27.03,26.765,26.858,22.0265,5000,0,0
2018-08-09,27.08,27.22,26.99,27.22,22.3234,3400,0,0
2018-08-10,27.55,27.975,26.94,27.02,22.1594,19100,0,0
2018-08-13,27.02,27.04,26.835,27.04,22.1758,4300,0,0
2018-08-14,27.27,27.27,27.193,27.193,22.3013,1100,0,0
2018-08-15,27.57,28.387,27.57,27.8,22.7991,2700,0,0
2018-08-16,27.46,28.84,27.46,28.794,23.6143,12100,0,0
2018-08-17,29.25,29.459,28.653,29.27,24.0046,17200,0,0
2018-08-20,29.1,29.1,28.811,28.96,23.7504,6600,0,0
2018-08-21,28.6,28.8,28.09,28.31,23.2173,12200,0,0
2018-08-22,27.92,27.92,27.39,27.58,22.6186,3000,0,0
2018-08-23,27.68,27.855,27.56,27.56,22.6023,5500,0,0
2018-08-24,27.635,28.043,27.21,28.02,22.9795,12500,0,0
2018-08-27,28.17,28.17,27.1,27.504,22.5563,10100,0,0
2018-08-28,27.2,27.403,27.09,27.19,22.2988,14800,0,0
2018-08-29,27.39,27.819,27.39,27.78,22.7827,5400,0,0
2018-08-30,28.27,28.305,27.684,27.878,22.863,9000,0,0
2018-08-31,28.07,28.24,27.22,27.49,22.5448,11800,0,0
2018-09-04,27.5,28.26,27.5,27.855,22.8442,2800,0,0
2018-09-05,27.98,28.996,27.98,28.996,23.7799,7000,0,0
2018-09-06,29.02,29.52,28.966,29.52,24.2097,16800,0,0
2018-09-07,29.3,29.3,28.27,28.37,23.2665,7600,0,0
2018-09-10,28.735,29.01,28.706,29,23.7832,5400,0,0
2018-09-11,29.02,29.11,28.54,28.54,23.406,3400,0,0
2018-09-12,28.33,28.72,28.33,28.47,23.3486,4900,0,0
2018-09-13,28.67,29.14,28.346,29.14,23.898,7700,0,0
2018-09-14,28.172,28.67,28.14,28.67,23.5126,13500,0,0
2018-09-17,28.88,29.051,28.751,28.96,23.7504,4400,0,0
2018-09-18,28.85,28.85,28.55,28.55,23.4142,2500,0,0
2018-09-19,28.132,28.19,26.631,27.025,22.1635,44500,0,0
2018-09-20,27,27.18,26.51,27.12,22.2414,8400,0,0
2018-09-21,26.22,27.65,26.22,27.49,22.5448,26000,0,0
2018-09-24,27.12,27.15,26.69,26.71,21.9052,7400,0,0
2018-09-25,25.84,25.84,25.4,25.563,21.0861,4200,0.154,0
2018-09-26,25.75,25.75,24.82,24.82,20.4732,17400,0,0
2018-09-27,25.009,25.69,25.009,25.45,20.9928,13900,0,0
2018-09-28,26.01,26.6,26.01,26.58,21.925,235700,0,0
2018-10-01,26.47,26.47,25.99,26.32,21.7105,6500,0,0
2018-10-02,26.48,27.53,26.48,27.409,22.6088,12600,0,0
2018-10-03,27.05,27.54,25.84,26.28,21.6775,13200,0,0
2018-10-04,26.02,26.79,25.69,26.79,22.0982,7400,0,0
2018-10-05,27.09,28.16,27,28.02,23.1128,15700,0,0
2018-10-08,28.6,29.18,28.04,28.82,23.7726,8200,0,0
2018-10-09,28.72,29.365,28.72,29.01,23.9294,15000,0,0
2018-10-10,28.9,29.96,28.6,28.61,23.5994,19100,0,0
2018-10-11,28.72,28.72,26.566,26.9,22.1889,16700,0,0
2018-10-12,26.83,26.96,26.25,26.89,22.1807,7900,0,0
2018-10-15,26.87,27.633,26.86,27.307,22.5246,11300,0,0
2018-10-16,27.99,28.26,27.99,28.26,23.3107,2100,0,0
2018-10-17,28.14,28.249,27.671,27.95,23.055,7600,0,0
2018-10-18,28.19,28.27,27.83,28.1,23.1787,3800,0,0
2018-10-19,28.875,29.767,28.875,29.499,24.3327,10700,0,0
2018-10-22,29.54,29.54,28.76,28.76,23.7232,4200,0,0
2018-10-23,28.62,29.29,28.13,28.37,23.4015,3900,0,0
2018-10-24,28.48,30.64,28.48,30.24,24.944,8400,0,0
2018-10-25,30.2,30.2,28.72,28.83,23.7809,6500,0,0
2018-10-26,29.54,29.54,26.987,27.6,22.7663,8300,0,0
2018-10-29,27.6,28.455,27.6,28.36,23.3932,7300,0,0
2018-10-30,29,29.142,27.93,28.71,23.6819,7000,0,0
2018-10-31,27.5,28.44,27.37,27.809,22.9387,4500,0,0
2018-11-01,27.38,27.425,27.015,27.015,22.2838,5000,0,0
2018-11-02,26.85,27.16,26.56,26.91,22.1972,8100,0,0
2018-11-05,27.242,28.24,27.242,27.989,23.0872,8600,0,0
2018-11-06,29.08,29.08,28.06,28.756,23.7199,9400,0,0
2018-11-07,29.445,29.64,28.85,29.607,24.4218,10000,0,0
2018-11-08,30,30,28.83,29.303,24.1711,10500,0,0
2018-11-09,29.18,29.99,29.04,29.76,24.548,16400,0,0
2018-11-12,28.85,30.25,28.55,29.6,24.416,13600,0,0
2018-11-13,29.02,30.007,29.02,30.007,24.7518,7800,0,0
2018-11-14,29.2,29.32,28.673,29.21,24.0944,15800,0,0
2018-11-15,27.75,28.43,27.684,28.25,23.3025,18300,0,0
2018-11-16,29.73,29.75,29.03,29.5,24.3336,12900,0,0
2018-11-19,29.48,29.98,29.36,29.91,24.6718,4500,0,0
2018-11-20,30.53,30.53,29.408,29.54,24.3666,11600,0,0
2018-11-21,28.82,29.07,28.02,28.18,23.2447,6300,0,0
2018-11-23,27.93,28.24,27.78,28.24,23.2942,2500,0,0
2018-11-26,28.41,28.66,27.94,28.66,23.6407,2000,0,0
2018-11-27,28.68,29.41,28.49,29.41,24.2593,8700,0,0
2018-11-28,29.32,29.42,29.11,29.37,24.2263,11400,0,0
2018-11-29,30.42,30.42,28.64,29.155,24.049,30400,0,0
2018-11-30,29.6,30.57,29.37,30.57,25.2162,4600,0,0
2018-12-03,30.74,30.947,29.854,30.93,25.5131,7100,0,0
2018-12-04,31.86,32.57,31.42,31.56,26.0328,10800,0,0
2018-12-06,31.03,31.56,29.9,31.56,26.0328,11500,0,0
2018-12-07,31.56,32.54,31.04,32,26.3957,8200,0,0
2018-12-10,31.44,32.3,30.4,32.2,26.5607,35900,0,0
2018-12-11,32.67,32.76,31.98,32.497,26.8057,5100,0,0
2018-12-12,32.89,33,32.05,32.075,26.4576,8500,0,0
2018-12-13,32.07,33.16,32.07,32.81,27.0639,21400,0,0
2018-12-14,33.16,33.16,31.95,32.48,26.7917,10900,0,0
2018-12-17,34.09,34.09,29.12,29.375,24.2305,41700,0,0
2018-12-18,30.18,30.18,28.65,29.031,23.9467,27600,0,0
2018-12-19,29,29.66,28.23,28.8,23.7562,38800,0,0
2018-12-20,29.14,29.737,27.7,28.92,23.8551,26300,0,0
2018-12-21,29.74,30.66,28.35,28.35,23.385,32200,0,0
2018-12-24,28.2,28.2,24.42,24.693,20.3684,23900,0,0
2018-12-26,24.75,25.682,23.756,25.682,21.1842,50800,0,0
2018-12-27,25.68,26.22,24.501,26.22,21.628,14500,0,0
2018-12-28,26.6,27.13,26.13,26.44,21.8095,16300,0,0
2018-12-31,26.9,26.9,25.8,26.5,21.859,12200,0,0
2019-01-02,26.49,26.49,24.87,25.21,20.7949,28300,0,0
2019-01-03,25.2,25.689,25.037,25.23,20.8114,13900,0,0
2019-01-04,24.84,26.156,24.84,26.147,21.5678,12400,0,0
2019-01-07,25.58,26.11,25.33,25.796,21.2783,19700,0,0
2019-01-08,26.06,26.788,25.56,26.774,22.085,11600,0,0
2019-01-09,26.79,26.8,26.05,26.086,21.5175,11000,0,0
2019-01-10,26.287,27.35,26.287,27.341,22.5527,7200,0,0
2019-01-11,27.2,27.2,26.5,26.864,22.1592,10300,0,0
2019-01-14,25.61,25.61,24.44,25.043,20.6571,16700,0,0
2019-01-15,24.85,26.19,24.85,26.06,21.496,12500,0,0
2019-01-16,25.79,26.27,25.51,26.263,21.6635,10700,0,0
2019-01-17,26.35,26.7,26.35,26.588,21.9316,8200,0,0
2019-01-18,26.81,26.86,26.459,26.552,21.9019,14000,0,0
2019-01-22,26.67,27.225,26.09,26.79,22.0982,12300,0,0
2019-01-23,27.085,27.623,26.85,27.623,22.7853,39800,0,0
2019-01-24,27.06,28.113,27.05,28.113,23.1895,18000,0,0
2019-01-25,27.96,28,26.77,26.86,22.1559,41100,0,0
2019-01-28,26.7,27.028,26.32,26.49,21.8507,25600,0,0
2019-01-29,27.02,27.02,26.49,26.63,21.9662,5800,0,0
2019-01-30,26.74,27.52,26.74,27.23,22.4611,14500,0,0
2019-01-31,27.21,29.26,26.99,29.251,24.1282,26100,0,0
2019-02-01,28.8,28.98,27.987,28.677,23.6547,18300,0,0
2019-02-04,27.98,28.87,27.77,28.87,23.8139,14700,0,0
2019-02-05,28.83,29.14,28.5,28.908,23.8452,12200,0,0
2019-02-06,28.82,29.271,28.64,28.949,23.879,9000,0,0
2019-02-07,28.8,30.053,28.8,29.954,24.708,18500,0,0
2019-02-08,29.95,30.52,29.88,30.445,25.1131,9200,0,0
2019-02-11,30.47,30.75,30.18,30.442,25.1106,15600,0,0
2019-02-12,30.55,31.05,30.11,30.69,25.3151,25600,0,0
2019-02-13,30.43,30.61,30.05,30.383,25.0619,15100,0,0
2019-02-14,30.33,30.7,30.08,30.21,24.9192,17300,0,0
2019-02-15,30.56,30.7,30.16,30.46,25.1254,20900,0,0
2019-02-19,30.24,31.09,30.24,30.97,25.5461,12200,0,0
2019-02-20,30.95,31.568,30.69,31.4,25.9008,7000,0,0
2019-02-21,31.29,32.26,30.96,32.12,26.4947,19200,0,0
2019-02-22,32.41,32.72,31.928,32.72,26.9896,25000,0,0
2019-02-25,33.04,33.04,31.86,32.131,26.5038,25300,0,0
2019-02-26,31.83,32.26,31.49,31.92,26.3297,18700,0,0
2019-02-27,31.98,32.34,31.9,32.128,26.5013,8000,0,0
2019-02-28,32.18,32.84,31.69,32.65,26.9319,11600,0,0
2019-03-01,32.45,32.85,32.09,32.75,27.0144,36700,0,0
2019-03-04,32.75,32.93,32.146,32.928,27.1612,6900,0,0
2019-03-05,32.95,33.11,32.71,32.89,27.1299,22700,0,0
2019-03-06,32.8,33.17,32.66,32.88,27.1216,9900,0,0
2019-03-07,32.85,33.46,32.85,33.17,27.3608,15200,0,0
2019-03-08,32.91,33.48,32.75,33.48,27.6165,37500,0,0
2019-03-11,33.67,34.234,33.49,34.21,28.2187,14800,0,0
2019-03-12,34.5,34.98,34.427,34.89,28.7796,18200,0,0
2019-03-13,34.75,35.26,34.75,35.032,28.8967,27800,0,0
2019-03-14,35.38,35.56,34.72,34.92,28.8043,31200,0,0
2019-03-15,35.01,35.67,34.644,35.385,29.1879,15300,0,0
2019-03-18,35.82,35.82,34.51,34.926,28.8093,59500,0,0
2019-03-19,34.8,34.8,33.06,33.38,27.8007,52100,0.335,0
2019-03-20,33.52,34.4,33.22,33.76,28.1172,33800,0,0
2019-03-21,33.53,34.93,33.53,34.737,28.9309,15600,0,0
2019-03-22,35.29,36.14,35.12,35.45,29.5247,38300,0,0
2019-03-25,35.41,35.86,35.22,35.607,29.6555,19200,0,0
2019-03-26,35.87,36.35,35.7,36.294,30.2276,21700,0,0
2019-03-27,36.47,36.47,35.2,35.452,29.5264,25200,0,0
2019-03-28,35.5,35.705,33.991,34.312,28.5769,31300,0,0
2019-03-29,33.85,34.94,33.85,34.936,29.0966,19800,0,0
2019-04-01,34.97,34.97,33.52,34.18,28.467,30100,0,0
2019-04-02,34.52,34.52,33.607,34.179,28.4661,18300,0,0
2019-04-03,33.69,34.46,33.32,34.066,28.372,30500,0,0
2019-04-04,34.18,34.18,33.16,33.656,28.0306,22900,0,0
2019-04-05,33.78,34.601,33.56,34.601,28.8176,13400,0,0
2019-04-08,34.43,34.45,33.688,33.884,28.2205,10200,0,0
2019-04-09,33.8,34.145,33.76,34.037,28.3479,4200,0,0
2019-04-10,34.33,35,33.607,33.674,28.0456,24100,0,0
2019-04-11,33.81,34.304,33.78,34.304,28.5703,3900,0,0
2019-04-12,33.49,34.76,33.48,34.76,28.95,7200,0,0
2019-04-15,34.55,35.09,34.55,34.684,28.8867,10300,0,0
2019-04-16,34.78,34.82,33.21,33.319,27.7499,8800,0,0
2019-04-17,33.35,33.35,32.93,33.1,27.5675,10800,0,0
2019-04-18,33.22,33.62,33.067,33.077,27.5483,8600,0,0
2019-04-22,33.15,33.2,32.78,32.93,27.4259,10000,0,0
2019-04-23,32.99,33.4,32.55,33.305,27.7382,10300,0,0
2019-04-24,33.48,34.117,33.48,33.89,28.2255,12200,0,0
2019-04-25,33.5,34.625,33.5,34.41,28.6585,16900,0,0
2019-04-26,35.1,35.328,34.39,34.403,28.6527,7800,0,0
2019-04-29,34.247,34.247,33.55,33.82,28.1671,10000,0,0
2019-04-30,34.14,35.47,34.14,35.436,29.513,22300,0,0
2019-05-01,35.43,35.43,34.391,34.47,28.7085,25800,0,0
2019-05-02,34.5,34.8,33.51,34.15,28.442,40300,0,0
2019-05-03,34.42,34.84,34.11,34.755,28.9459,7400,0,0
2019-05-06,34.8,34.938,33.95,34.175,28.4628,18800,0,0
2019-05-07,33.68,34.01,33.507,33.757,28.1147,7400,0,0
2019-05-08,33.39,33.39,32.327,32.39,26.9762,14000,0,0
2019-05-09,32.6,32.621,31.9,32.294,26.8962,9900,0,0
2019-05-10,32.31,34.02,32.31,33.854,28.1955,6400,0,0
2019-05-13,33.66,35.2,33.23,35.12,29.2499,18700,0,0
2019-05-14,35.14,35.14,34.22,34.33,28.5919,11100,0,0
2019-05-15,34.22,34.693,34.22,34.239,28.5161,8500,0,0
2019-05-16,34.64,35.1,34.64,34.84,29.0167,3400,0,0
2019-05-17,34.81,35.76,34.81,35.44,29.5164,11400,0,0
2019-05-20,35.22,36.14,35.22,35.64,29.683,18100,0,0
2019-05-21,35.7,36.58,35.64,35.65,29.6913,18700,0,0
2019-05-22,35.81,36.651,35.65,36.61,30.4908,27500,0,0
2019-05-23,36.64,37.49,36.64,37.49,31.2237,38200,0,0
2019-05-24,37.18,38.059,37.18,37.18,30.9655,38700,0,0
2019-05-28,37.45,37.52,35.39,35.39,29.4747,34300,0,0
2019-05-29,35.31,35.71,33.93,33.99,28.3087,39300,0,0
2019-05-30,33.91,34.47,33.62,33.87,28.2088,9200,0,0
2019-05-31,33.52,34.435,33.49,34.33,28.5919,8200,0,0
2019-06-03,34.51,35.46,34.22,35.38,29.4664,9800,0,0
2019-06-04,35.62,35.62,33.523,35.46,29.533,13200,0,0
2019-06-05,35.75,37.964,35.75,37.67,31.3736,35800,0,0
2019-06-06,37.82,38.5,37.61,38.34,31.9317,28900,0,0
2019-06-07,39.17,39.55,37.45,37.49,31.2237,37800,0,0
2019-06-10,37.16,37.16,36.38,36.76,30.6157,24000,0,0
2019-06-11,36.43,36.85,35.63,35.93,29.9245,9900,0,0
2019-06-12,36.9,37.52,36.9,37.39,31.1404,17400,0,0
2019-06-13,37.34,37.702,36.94,37.56,31.282,14800,0,0
2019-06-14,37.75,38.96,37.75,38.79,32.3064,15300,0,0
2019-06-17,38.84,38.99,37.871,38.295,31.8942,15300,0,0
2019-06-18,39.03,39.03,37.32,37.98,31.6318,25400,0,0
2019-06-19,38,39.245,37.88,39.033,32.5088,16800,0,0
2019-06-20,39.59,39.71,38.54,39.57,32.9561,18000,0,0
2019-06-21,39.89,40.195,38.75,40.09,33.3892,25100,0,0
2019-06-24,40.64,40.64,39.68,40.06,33.3642,5100,0,0
2019-06-25,39.52,39.8,39.18,39.18,32.781,3100,0.183,0
2019-06-26,38.81,39.01,36.63,36.63,30.6475,27500,0,0
2019-06-27,36.8,37.201,36.36,36.74,30.7395,27300,0,0
2019-06-28,36.85,37.63,36.57,37.3,31.2081,16400,0,0
2019-07-01,37.53,37.53,35.99,36.95,30.9152,34300,0,0
2019-07-02,37.444,38.5,37.444,38.27,32.0196,16700,0,0
2019-07-03,38.64,39.82,38.64,39.24,32.8312,15900,0,0
2019-07-05,38.46,39.136,37.27,39.08,32.6973,12300,0,0
2019-07-08,39.02,39.328,38.58,39.13,32.7392,15500,0,0
2019-07-09,39.08,39.304,38.83,39.304,32.8848,4300,0,0
2019-07-10,39.2,40.01,39.2,39.65,33.1742,27900,0,0
2019-07-11,39.37,40,38.67,39.62,33.1491,15000,0,0
2019-07-12,39.81,39.81,38.787,38.93,32.5718,12400,0,0
2019-07-15,39,39.46,38.79,39.218,32.8128,7700,0,0
2019-07-16,39.22,39.22,38.32,38.618,32.3108,9500,0,0
2019-07-17,39.261,39.71,39.19,39.23,32.8228,15900,0,0
2019-07-18,38.63,40.05,38.55,40.05,33.5089,12900,0,0
2019-07-19,40.03,40.03,38.4,38.45,32.1702,10700,0,0
2019-07-22,38.93,38.93,37.5,38.031,31.8197,16600,0,0
2019-07-23,38.03,38.03,37.25,37.4,31.2917,16000,0,0
2019-07-24,37.41,37.5,36.72,37.46,31.3419,13400,0,0
2019-07-25,37.56,37.81,36.66,37.022,30.9755,11200,0,0
2019-07-26,37.3,37.828,36.985,37.54,31.4089,12900,0,0
2019-07-29,37.76,38.225,37.241,38.11,31.8858,22700,0,0
2019-07-30,38.11,38.3,36.66,37.14,31.0742,29000,0,0
2019-07-31,37.11,37.73,36.424,36.86,30.8399,16800,0,0
2019-08-01,36.353,38.2,36.353,37.733,31.5703,22200,0,0
2019-08-02,38.14,38.619,37.69,37.747,31.582,12300,0,0
2019-08-05,37.7,38.037,35.56,36.09,30.1957,11600,0,0
2019-08-06,36.45,37.75,35.027,37.47,31.3503,15400,0,0
2019-08-07,38,38.179,36.175,37.864,31.6799,16900,0,0
2019-08-08,37.45,39.02,37.28,38.88,32.53,13600,0,0
2019-08-09,38.61,39.49,38.61,39.1,32.7141,10700,0,0
2019-08-12,39.17,39.21,38.49,38.868,32.52,11600,0,0
2019-08-13,38.95,39.07,38.18,38.82,32.4798,7200,0,0
2019-08-14,39.063,39.433,37.72,37.9,31.7101,13500,0,0
2019-08-15,37.88,39.7,37.88,39.48,33.032,14100,0,0
2019-08-16,39.61,40,39.528,39.82,33.3165,16100,0,0
2019-08-19,39.75,41.051,39.68,40.66,34.0193,12000,0,0
2019-08-20,40.95,40.95,39.96,40.402,33.8034,11300,0,0
2019-08-21,40.4,41.34,40.31,41.34,34.5882,12900,0,0
2019-08-22,41.49,41.49,40.677,41.406,34.6434,7400,0,0
2019-08-23,41.29,41.5,39.702,39.702,33.2178,7300,0,0
2019-08-26,40.6,41.341,40.6,41.341,34.5891,2800,0,0
2019-08-27,42.18,42.47,41.65,41.658,34.8543,8500,0,0
2019-08-28,41.887,42.21,40.986,41.425,34.6594,5800,0,0
2019-08-29,41.22,42.075,41.22,42.075,35.2032,4200,0,0
2019-08-30,42.57,42.8,42.161,42.18,35.291,5200,0,0
2019-09-03,42.38,44.44,42.22,44.382,37.1334,33100,0,0
2019-09-04,45.11,45.11,43.96,44.634,37.3442,25600,0,0
2019-09-05,43.94,43.94,42.692,43.049,36.0181,22400,0,0
2019-09-06,43.37,43.596,42.32,42.651,35.6851,18300,0,0
2019-09-09,42.09,42.46,41.761,41.996,35.1371,26400,0,0
2019-09-10,41.62,42.09,41.2,42.06,35.1906,3800,0,0
2019-09-11,41.71,43.335,41.63,43.165,36.1152,15700,0,0
2019-09-12,43.6,44.5,43.426,43.512,36.4055,14900,0,0
2019-09-13,43.43,43.43,42.37,42.79,35.8014,9500,0,0
2019-09-16,42.5,42.948,42.23,42.795,35.8056,12100,0,0
2019-09-17,43.774,44.19,43.63,43.901,36.731,5000,0,0
2019-09-18,44.31,44.78,44.085,44.588,37.3058,17600,0,0
2019-09-19,44.63,45.26,44.59,45.155,37.7802,21900,0,0
2019-09-20,45.58,46.02,44.94,46.02,38.5039,17600,0,0
2019-09-23,46.14,46.25,45.23,45.897,38.401,13300,0,0
2019-09-24,46.15,47.61,46.15,47.2,39.6466,34500,0.18,0
2019-09-25,47.55,47.55,46.34,47.052,39.5223,59400,0,0
2019-09-26,47.61,48.198,47.217,47.75,40.1086,42400,0,0
2019-09-27,48.04,48.04,46.49,47.103,39.5652,45800,0,0
2019-09-30,47.47,48.05,46.951,47.343,39.7668,34000,0,0
2019-10-01,47.26,47.26,46.34,46.85,39.3526,25100,0,0
2019-10-02,46.76,46.837,44.87,45,37.7987,50000,0,0
2019-10-03,45.27,45.4,44.57,45.4,38.1347,34000,0,0
2019-10-04,45.74,47.55,45.56,47.456,39.8617,48200,0,0
2019-10-07,47.11,47.11,46.37,46.89,39.3863,13600,0,0
2019-10-08,46.83,46.83,45.46,45.46,38.1851,19900,0,0
2019-10-09,45.59,46.42,45.56,46.24,38.8403,18200,0,0
2019-10-10,45.72,46.065,44.67,45.74,38.4203,28300,0,0
2019-10-11,45.6,46.208,45.091,45.34,38.0843,18800,0,0
2019-10-14,45.57,45.62,44.071,44.431,37.3208,18900,0,0
2019-10-15,44.5,44.677,43.81,44.063,37.0117,13800,0,0
2019-10-16,43.48,44.242,43.48,44.242,37.162,11700,0,0
2019-10-17,44.21,44.903,44.21,44.66,37.5131,11100,0,0
2019-10-18,44.84,45.306,44.196,45.094,37.8777,14200,0,0
2019-10-21,45.32,45.6,44.66,45.598,38.301,13500,0,0
2019-10-22,45.88,46.7,45.88,46.149,38.7638,19900,0,0
2019-10-23,46.508,46.99,46.277,46.631,39.1687,8300,0,0
2019-10-24,46.8,47.42,46.8,47.29,39.7222,39400,0,0
2019-10-25,47.29,47.29,45.19,45.773,38.448,34400,0,0
2019-10-28,45.03,45.58,43.72,43.874,36.8529,36000,0,0
2019-10-29,43.76,44.096,43.474,44.096,37.0394,22200,0,0
2019-10-30,44.6,45.365,44.476,45.127,37.9054,11100,0,0
2019-10-31,45.4,45.99,44.939,45.74,38.4203,21600,0,0
2019-11-01,46.18,46.18,45.385,45.465,38.1893,14800,0,0
2019-11-04,45.08,45.111,43.3,43.7,36.7067,12900,0,0
2019-11-05,43.75,43.75,42.188,42.497,35.6963,45800,0,0
2019-11-06,42.79,43.27,42.636,42.804,35.9541,10200,0,0
2019-11-07,42.23,42.24,40.365,41.17,34.5816,31100,0,0
2019-11-08,40.82,41.166,40.18,40.56,34.0692,50900,0,0
2019-11-11,40.37,40.609,39.727,39.727,33.3695,9900,0,0
2019-11-12,39.63,40.179,39.54,40.11,33.6912,28700,0,0
2019-11-13,40.58,42.021,40.58,41.89,35.1864,41500,0,0
2019-11-14,42.35,42.84,41.82,42.28,35.514,19100,0,0
2019-11-15,42.38,42.667,41.999,42.667,35.8391,8200,0,0
2019-11-18,42.82,43.9,42.739,42.869,36.0087,26500,0,0
2019-11-19,42.74,43.23,42.1,42.683,35.8525,15300,0,0
2019-11-20,42.67,43.49,42.6,43.433,36.4825,11400,0,0
2019-11-21,43.65,43.834,42.56,42.91,36.0432,17000,0,0
2019-11-22,42.95,43.17,42.17,42.94,36.0684,9300,0,0
2019-11-25,43.13,43.13,42.3,42.44,35.6484,15700,0,0
2019-11-26,42.65,43.02,42.451,43.02,36.1356,6700,0,0
2019-11-27,43.04,43.29,42.71,43.14,36.2364,5900,0,0
2019-11-29,43.75,43.75,42.9,42.903,36.0373,3400,0,0
2019-12-02,42.51,42.639,41.967,41.997,35.2763,21200,0,0
2019-12-03,42.45,42.693,42.22,42.61,35.7912,7700,0,0
2019-12-04,42.56,43.528,42.56,43.495,36.5345,12500,0,0
2019-12-05,43.25,43.66,42.98,43.66,36.6731,9700,0,0
2019-12-06,43.36,44.028,43.31,43.354,36.4161,14400,0,0
2019-12-09,43.35,43.35,42.63,42.826,35.9726,17200,0,0
2019-12-10,42.83,42.96,42.5,42.669,35.8407,5600,0,0
2019-12-11,42.9,43.18,42.61,43.122,36.2212,15100,0,0
2019-12-12,41.78,42.022,40.65,41.12,35.6465,35200,1.339,0
2019-12-13,41.14,42.265,40.758,42.25,36.6261,10600,0,0
2019-12-16,42.57,43.83,42.229,43.83,37.9958,7400,0,0
2019-12-17,43.7,44.88,43.7,44.149,38.2723,23100,0,0
2019-12-18,44.39,44.73,43.74,44.73,38.776,6800,0,0
2019-12-19,44.785,44.785,44,44.597,38.6607,10900,0,0
2019-12-20,45,46.15,44.95,45.744,39.655,24800,0,0
2019-12-23,45.85,45.85,43.814,44.026,38.3653,19800,0.238,0
2019-12-24,44,44.308,44,44.241,38.5526,3400,0,0
2019-12-26,44.63,44.63,44.04,44.384,38.6772,8700,0,0
2019-12-27,44.4,44.821,44.39,44.82,39.0572,6600,0,0
2019-12-30,44.54,44.8,44.19,44.743,38.9901,7100,0,0
2019-12-31,44.92,45.419,44.69,45.419,39.5792,2800,0,0
2020-01-02,45.67,45.67,43.26,43.606,37.9993,26300,0,0
2020-01-03,43.48,44.35,43.48,43.762,38.1352,11400,0,0
2020-01-06,43.7,44.34,43.7,44.017,38.3574,9000,0,0
2020-01-07,44.01,44.01,43.13,43.761,38.1344,24100,0,0
2020-01-08,43.745,44.3,43.59,43.807,38.1744,9900,0,0
2020-01-09,43.71,44.57,43.68,44.43,38.7173,20600,0,0
2020-01-10,44.61,45.131,44.61,44.81,39.0485,8400,0,0
2020-01-13,44.78,45.861,44.78,45.612,39.7474,14200,0,0
2020-01-14,45.57,45.91,44.95,45.91,40.007,46500,0,0
2020-01-15,46.1,48.06,46.1,47.95,41.7847,31900,0,0
2020-01-16,48.07,48.83,47.95,48.695,42.434,18200,0,0
2020-01-17,48.7,49.902,48.47,49.88,43.4666,28900,0,0
2020-01-21,49.99,51.31,49.592,51.17,44.5907,89800,0,0
2020-01-22,51.51,52.04,51.41,51.64,45.0003,50200,0,0
2020-01-23,51.64,53.045,51.62,53.038,46.2185,31600,0,0
2020-01-24,53.15,54.16,52.49,53.692,46.7885,67200,0,0
2020-01-27,53.43,54.3,52.348,53.095,46.2682,68800,0,0
2020-01-28,53.37,54.39,52.99,53.7,46.7954,45400,0,0
2020-01-29,54.5,54.5,53.43,54.29,47.3096,31000,0,0
2020-01-30,54.33,55.81,53.89,55.8,48.6254,41400,0,0
2020-01-31,56,56.43,54.12,55,47.9283,107500,0,0
2020-02-03,55.36,55.74,54.95,55.63,48.4773,59500,0,0
2020-02-04,56.04,56.04,53.48,53.618,46.724,77600,0,0
2020-02-05,53.52,54.635,52.81,54.2,47.2311,29800,0,0
2020-02-06,54.405,54.82,53.86,54.22,47.2486,25700,0,0
2020-02-07,54.49,54.72,53.83,53.86,46.9349,14600,0,0
2020-02-10,53.93,54.28,53.468,54.28,47.3009,26800,0,0
2020-02-11,54.53,55.458,54.53,55.02,47.9457,26000,0,0
2020-02-12,55.24,55.51,54.43,55.07,47.9893,16600,0,0
2020-02-13,55.07,57.16,55.07,57.16,49.8106,39800,0,0
2020-02-14,57.44,58.171,57.15,58.171,50.6916,45600,0,0
2020-02-18,58.9,59.83,58.305,59.72,52.0414,73800,0,0
2020-02-19,59.37,59.5,57.73,57.74,50.316,62100,0,0
2020-02-20,57.66,58.34,56.96,58.34,50.8388,39300,0,0
2020-02-21,58.26,59.133,57.99,58,50.5425,35500,0,0
2020-02-24,56.59,57.94,55.56,55.72,48.5557,77800,0,0
2020-02-25,55.64,56.137,51.93,52.08,45.3837,76500,0,0
2020-02-26,52,53.53,50.842,50.842,44.3049,40800,0,0
2020-02-27,49.76,50.66,43.839,43.95,38.2991,75600,0,0
2020-02-28,40.57,40.57,36.38,39.03,34.0117,91400,0,0
2020-03-02,40.5,46.285,39.88,46.17,40.2336,117700,0,0
2020-03-03,47.44,49.17,44.28,44.62,38.8829,92500,0,0
2020-03-04,46.76,52.41,46.76,52.4,45.6626,62200,0,0
2020-03-05,49.26,51.66,48.184,49.94,43.5189,80000,0,0
2020-03-06,46,49.14,43.72,48.89,42.6039,68900,0,0
2020-03-09,40.21,43.71,38.693,40.633,35.4085,91600,0,0
2020-03-10,43.58,43.847,36.33,41.63,36.2774,73700,0,0
2020-03-11,39.33,39.33,33.767,35.4,30.8484,57300,0,0
2020-03-12,30.41,30.975,22.711,24.54,21.3847,101600,0,0
2020-03-13,28.63,28.63,23.162,28.5,24.8356,35600,0,0
2020-03-16,23.57,26.229,18.55,18.569,16.1815,134800,0,0
2020-03-17,20.43,26.4,20.096,26.12,22.7616,70000,0,0
2020-03-18,22,23.78,18.75,22.87,19.9294,107600,0,0
2020-03-19,21.91,21.91,18.5,18.61,16.2172,61000,0,0
2020-03-20,19.54,19.54,13.97,14.31,12.4701,115800,0,0
2020-03-23,14.5,14.5,10.854,12.215,10.6444,76500,0,0
2020-03-24,14.08,15.65,13.051,15.613,13.7713,127400,0.147,0
2020-03-25,16.41,18.908,14.468,16.954,14.9541,185900,0,0
2020-03-26,17.68,21.72,17.1,21.28,18.7698,186600,0,0
2020-03-27,19.25,23.83,18.91,21.541,19,152000,0,0
2020-03-30,21.77,24.38,21.77,24.049,21.2121,103500,0,0
2020-03-31,23.89,23.89,21,21.081,18.5942,184000,0,0
2020-04-01,18.49,19.37,16.124,17.339,15.2937,164300,0,0
2020-04-02,16.56,19.136,16.56,18.72,16.5118,87500,0,0
2020-04-03,18.25,18.81,16.43,16.703,14.7327,81800,0,0
2020-04-06,18.76,21.18,18.61,20.69,18.2494,116200,0,0
2020-04-07,22.94,22.94,19.89,19.99,17.6319,99200,0,0
2020-04-08,20.29,23.54,19.72,23.09,20.3663,92300,0,0
2020-04-09,24.8,27.63,24.1,26.57,23.4358,297000,0,0
2020-04-13,26.36,26.36,23.19,23.81,21.0013,156900,0,0
2020-04-14,25.65,26.02,24.83,25.985,22.9198,142500,0,0
2020-04-15,23.7,24.56,23,23.75,20.9484,84500,0,0
2020-04-16,23.9,23.993,22.83,23.4,20.6397,54800,0,0
2020-04-17,25.25,25.94,23.95,25.75,22.7125,97900,0,0
2020-04-20,24.5,24.87,22.67,22.8,20.1105,83400,0,0
2020-04-21,21.74,22.368,20.88,21.602,19.0538,47800,0,0
2020-04-22,22.66,23.94,22.44,23.435,20.6706,44600,0,0
2020-04-23,23.44,23.835,21.885,22.2,19.5812,77600,0,0
2020-04-24,22.38,22.93,21.66,22.57,19.9076,39700,0,0
2020-04-27,23.11,23.85,23.09,23.499,20.727,72400,0,0
2020-04-28,24.45,25.04,23.38,23.65,20.8602,58800,0,0
2020-04-29,25.17,25.17,22.65,23.03,20.3133,117100,0,0
2020-04-30,22.73,22.73,20.86,21.48,18.9462,115500,0,0
2020-05-01,20.64,20.64,19.56,19.873,17.5287,79900,0,0
2020-05-04,19.46,20.482,19.22,20.259,17.8692,25900,0,0
2020-05-05,20.75,21.535,20.555,20.83,18.3729,44800,0,0
2020-05-06,21,21,18.66,18.78,16.5647,67900,0,0
2020-05-07,19.7,19.746,18.86,18.86,16.6352,34200,0,0
2020-05-08,19.51,20.18,19.38,20.04,17.676,39200,0,0
2020-05-11,20,20,18.725,19.81,17.4732,55900,0,0
2020-05-12,20.04,20.13,19.18,19.386,17.0992,20900,0,0
2020-05-13,19.1,19.1,18.14,18.791,16.5744,32500,0,0
2020-05-14,18.19,19.41,17.64,19.41,17.1204,54800,0,0
2020-05-15,19.23,19.23,17.73,18.638,16.4394,57000,0,0
2020-05-18,20.3,21.2,20.12,20.89,18.4258,91000,0,0
2020-05-19,20.26,20.66,19.93,19.93,17.579,50900,0,0
2020-05-20,20.63,20.82,20,20.22,17.8348,24100,0,0
2020-05-21,20.02,20.385,19.43,19.58,17.2703,92200,0,0
2020-05-22,19.67,20.22,19.428,20.22,17.8348,44400,0,0
2020-05-26,21.47,21.76,20.581,20.71,18.267,83400,0,0
2020-05-27,21.24,21.79,20.55,21.37,18.8492,130200,0,0
2020-05-28,22,23.54,22,23.36,20.6044,232100,0,0
2020-05-29,23,24.13,22.634,23.87,21.0542,104500,0,0
2020-06-01,24.09,25.05,23.45,24.65,21.7422,233000,0,0
2020-06-02,25,25.11,24.16,25.11,22.148,81000,0,0
2020-06-03,25.33,26.53,25.25,26,22.933,122100,0,0
2020-06-04,25.96,25.96,23.695,24.646,21.7387,184800,0,0
2020-06-05,25.32,26.96,25.24,25.64,22.6155,187000,0,0
2020-06-08,26,27.85,24.98,27.71,24.4413,249500,0,0
2020-06-09,26.6,26.622,25.072,25.98,22.9153,189500,0,0
2020-06-10,26.26,26.419,25.24,25.45,22.4479,131100,0,0
2020-06-11,24,24.17,21.97,22.42,19.7753,166100,0,0
2020-06-12,23.5,23.73,21.52,22.33,19.6959,97400,0,0
2020-06-15,21.1,23.22,20.59,22.73,20.0487,70600,0,0
2020-06-16,24.19,24.735,22.78,22.97,20.2604,84900,0,0
2020-06-17,23.13,23.25,22.21,22.89,20.1899,51900,0,0
2020-06-18,22.41,23,22.1,22.89,20.1899,78600,0,0
2020-06-19,23.2,23.51,20.81,20.83,18.3729,80100,0,0
2020-06-22,21.02,21.82,20.4,21.57,19.0256,64000,0,0
2020-06-23,21.78,22.1,20.63,20.82,18.4195,104400,0.065,0
2020-06-24,20.5,20.58,19.515,20.22,17.8887,106600,0,0
2020-06-25,19.98,19.98,18.8,19.376,17.142,109100,0,0
2020-06-26,19.23,20,18.5,18.83,16.659,97700,0,0
2020-06-29,19.03,19.9,18.77,19.9,17.6056,57700,0,0
2020-06-30,19.59,20.426,19.56,20.24,17.9064,59300,0,0
2020-07-01,20.14,21.73,20.14,21.5,19.0211,119300,0,0
2020-07-02,22.13,22.35,21.531,21.68,19.1804,78800,0,0
2020-07-06,22,22.3,20.36,20.91,18.4992,127200,0,0
2020-07-07,20.16,20.864,20,20.6,18.2249,124000,0,0
2020-07-08,20.618,21.372,20.43,21.21,18.7646,28500,0,0
2020-07-09,21.22,21.22,19.46,20.43,18.0745,70000,0,0
2020-07-10,20.14,21.64,20.14,21.493,19.0149,82200,0,0
2020-07-13,21.75,22.14,21.28,21.545,19.061,101700,0,0
2020-07-14,21.67,22.52,21.67,22.19,19.6316,55200,0,0
2020-07-15,22.73,23.25,21.877,21.877,19.3547,72100,0,0
2020-07-16,21.61,22.82,21.61,22.79,20.1624,61700,0,0
2020-07-17,23,24.45,23,24.3,21.4983,146900,0,0
2020-07-20,24.27,24.27,23.191,23.33,20.6401,70900,0,0
2020-07-21,23.64,24.45,23.31,23.514,20.8029,87300,0,0
2020-07-22,23.23,24.98,22.81,24.73,21.8787,163800,0,0
2020-07-23,24.72,25.28,24.41,24.83,21.9672,129500,0,0
2020-07-24,24.72,25.717,23.95,24.27,21.4718,63500,0,0
2020-07-27,24.14,24.23,22.91,23.4,20.7021,51800,0,0
2020-07-28,23.4,25.07,23.4,24.452,21.6328,113800,0,0
2020-07-29,24.81,24.85,24.3,24.81,21.9495,26100,0,0
2020-07-30,24.42,24.76,24.06,24.73,21.8787,24200,0,0
2020-07-31,24.83,25.13,23.95,24.97,22.0911,26500,0,0
2020-08-03,24.98,24.98,23.73,24.08,21.3037,75200,0,0
2020-08-04,24.08,25.15,23.95,24.85,21.9849,39700,0,0
2020-08-05,25.25,25.25,23.71,24,21.2329,48800,0,0
2020-08-06,24.24,24.5,23.56,24.36,21.5514,30200,0,0
2020-08-07,24.15,25.95,24.15,25.63,22.675,106800,0,0
2020-08-10,26.1,26.23,25.47,25.642,22.6856,54500,0,0
2020-08-11,26.03,26.03,23.84,24.06,21.286,109000,0,0
2020-08-12,24.17,25.5,24.17,25.031,22.145,74100,0,0
2020-08-13,25.08,25.08,24.36,24.901,22.03,21600,0,0
2020-08-14,24.9,24.9,24.1,24.3,21.4983,59400,0,0
2020-08-17,24.25,24.775,23.93,24.14,21.3568,48100,0,0
2020-08-18,24.14,24.39,23.47,23.867,21.1152,49400,0,0
2020-08-19,24.005,24.061,23.515,23.64,20.9144,27900,0,0
2020-08-20,23.47,23.654,22.83,23.024,20.3694,66700,0,0
2020-08-21,23.22,23.22,22.414,23.06,20.4013,79400,0,0
2020-08-24,23.46,23.7,22.665,23.607,20.8852,69500,0,0
2020-08-25,23.69,23.69,22.84,23.1,20.4367,103000,0,0
2020-08-26,22.93,22.93,22,22.219,19.6572,62200,0,0
2020-08-27,22.29,22.924,22.1,22.54,19.9412,35000,0,0
2020-08-28,22.66,22.7,21.99,22.608,20.0014,53200,0,0
2020-08-31,22.38,23.287,22.38,22.88,20.242,49400,0,0
2020-09-01,22.88,22.88,21.828,22.09,19.5431,71400,0,0
2020-09-02,22.4,24.39,22.04,24.17,21.3833,126100,0,0
2020-09-03,24.06,24.812,22.71,23.27,20.5871,104200,0,0
2020-09-04,23.63,23.63,22.04,22.93,20.2863,65300,0,0
2020-09-08,22.652,22.96,21.88,22.56,19.9589,63000,0,0
2020-09-09,23.09,24.25,23.09,23.409,20.71,53900,0,0
2020-09-10,23.4,23.4,22.18,22.18,19.6227,67500,0,0
2020-09-11,22.25,22.579,21.88,22.39,19.8085,64000,0,0
2020-09-14,22.85,23.58,22.64,23.294,20.6083,79600,0,0
2020-09-15,24,24.755,23.38,23.792,21.0489,52800,0,0
2020-09-16,23.61,24.11,23.28,23.65,20.9232,18600,0,0
2020-09-17,23.24,23.357,22.54,23.01,20.357,39300,0,0
2020-09-18,23.04,23.04,21.7,21.88,19.3573,57400,0,0
2020-09-21,21.31,21.67,20.62,21.44,18.9681,108800,0,0
2020-09-22,21.5,22.15,21.46,21.74,19.2983,34700,0.072,0
2020-09-23,21.8,21.82,20.74,20.75,18.4195,39300,0,0
2020-09-24,20.7,21.86,20.411,21.42,19.0142,50500,0,0
2020-09-25,21.81,22.55,21.321,22.548,20.0155,30800,0,0
2020-09-28,22.96,23.31,22.57,22.58,20.0439,33600,0,0
2020-09-29,22.81,23.29,22.41,22.7,20.1505,23600,0,0
2020-09-30,23.24,23.57,22.726,23.36,20.7363,33900,0,0
2020-10-01,23.56,24.11,23.41,23.968,21.276,59100,0,0
2020-10-02,23.19,25.15,23.19,24.817,22.0297,80400,0,0
2020-10-05,25.02,25.95,24.56,25.745,22.8535,49900,0,0
2020-10-06,25.86,27.26,25.63,26.52,23.5414,138500,0,0
2020-10-07,26.92,27.22,26.385,27.009,23.9755,83100,0,0
2020-10-08,27.245,28.51,27.12,28.38,25.1925,89700,0,0
2020-10-09,28.95,29,27.799,28.37,25.1836,105900,0,0
2020-10-12,28.51,29.42,28.276,28.902,25.6559,91000,0,0
2020-10-13,28.57,28.57,27.35,28.29,25.1126,83700,0,0
2020-10-14,28.05,28.7,27.75,28.18,25.015,15400,0,0
2020-10-15,27.5,28.53,27.187,28.053,24.9022,19100,0,0
2020-10-16,28.42,29.328,28.2,29.04,25.7784,82500,0,0
2020-10-19,29.34,29.42,28.212,28.25,25.0771,42800,0,0
2020-10-20,28.53,29.18,28.484,28.764,25.5334,20900,0,0
2020-10-21,28.68,28.99,28.385,28.67,25.4499,23000,0,0
2020-10-22,28.8,29.92,28.53,29.87,26.5152,42100,0,0
2020-10-23,30.09,30.38,29.615,29.95,26.5862,51000,0,0
2020-10-26,29.4,30.1,28.801,29.893,26.5356,30500,0,0
2020-10-27,30.05,30.799,29.55,29.95,26.5862,29200,0,0
2020-10-28,28.54,29.729,27.13,27.16,24.1095,99600,0,0
2020-10-29,27.4,28.465,25.99,27.52,24.4291,90700,0,0
2020-10-30,27.08,27.506,26.02,26.557,23.5743,30900,0,0
2020-11-02,27.91,28.52,27.1,28.52,25.3168,40900,0,0
2020-11-03,29.54,30.5,29.344,29.82,26.4708,45700,0,0
2020-11-04,29.82,30.313,28.3,28.3,25.1215,54000,0,0
2020-11-05,29.13,30.679,29.11,29.24,25.9559,32900,0,0
2020-11-06,29.3,29.88,28.94,28.94,25.6896,26700,0,0
2020-11-09,31.76,34,30.53,30.548,27.117,71600,0,0
2020-11-10,31.08,32.11,30.924,31.96,28.3704,73300,0,0
2020-11-11,32.48,33.09,31.92,32.29,28.6634,40400,0,0
2020-11-12,31.94,31.94,30.1,30.7,27.2519,31800,0,0
2020-11-13,31.05,31.87,31.05,31.77,28.2018,43500,0,0
2020-11-16,32.88,32.88,31.51,32.57,28.9119,40800,0,0
2020-11-17,31.97,32.33,30.52,30.6,27.1632,86700,0,0
2020-11-18,30.92,31.05,28.87,28.91,25.663,66700,0,0
2020-11-19,28.8,28.8,27.48,27.919,24.7833,97000,0,0
2020-11-20,27.94,28.526,27.66,27.98,24.8374,34400,0,0
2020-11-23,28.27,28.46,27.645,28.02,24.8729,64000,0,0
2020-11-24,28.53,29.11,28.31,28.94,25.6896,61700,0,0
2020-11-25,29,29.14,28.135,29.11,25.8405,29300,0,0
2020-11-27,29.11,29.15,27.97,28.159,24.9963,26700,0,0
2020-11-30,28.15,28.15,26.721,27,23.9675,72300,0,0
2020-12-01,27.6,28.68,27.595,27.61,24.509,47800,0,0
2020-12-02,27.38,28.222,26.75,28.2,25.0327,58000,0,0
2020-12-03,28.21,28.21,27.1,27.34,24.2693,50000,0,0
2020-12-04,27.32,27.49,26.045,26.47,23.497,85000,0,0
2020-12-07,26.72,27.24,26.31,26.93,23.9054,70100,0,0
2020-12-08,26.5,27.105,26.1,26.68,23.6834,56200,0,0
2020-12-09,26.78,26.78,25.96,26.53,23.5503,47100,0,0
2020-12-10,26.5,26.71,25.75,26.11,23.1775,45900,0,0
2020-12-11,25.75,26.29,25.675,26.21,23.2662,27400,0,0
2020-12-14,26.73,27.379,25.75,25.76,22.8668,57000,0,0
2020-12-15,26.04,27.461,25.77,27.29,24.2249,96400,0,0
2020-12-16,27.39,27.85,26.3,26.34,23.3816,63800,0,0
2020-12-17,26.803,27.46,26.803,26.95,23.9231,71200,0,0
2020-12-18,26.95,27.25,25.89,26.33,23.3727,72700,0,0
2020-12-21,25.64,25.66,24.43,25.3,22.4584,124000,0,0
2020-12-22,25.32,25.32,24.84,24.992,22.2713,120500,0.098,0
2020-12-23,25.31,25.909,24.845,24.89,22.1804,49600,0,0
2020-12-24,25.17,25.41,24.648,25.359,22.5983,29100,0,0
2020-12-28,25.76,26.18,25.42,25.699,22.9013,61000,0,0
2020-12-29,26.01,26.225,25.5,25.67,22.8755,85200,0,0
2020-12-30,25.8,26.3,25.65,26.04,23.2052,55000,0,0
2020-12-31,26.25,27.28,25.95,27.28,24.3102,56300,0,0
2021-01-04,27.5,27.5,24.72,25.14,22.4032,126600,0,0
2021-01-05,25.15,25.46,24.585,25.2,22.4566,94300,0,0
2021-01-06,25.51,27.485,25.51,27.05,24.1053,171100,0,0
2021-01-07,27.58,27.6,25.87,25.89,23.0715,110300,0,0
2021-01-08,26.02,26.62,25.92,26.62,23.7221,75400,0,0
2021-01-11,26.1,26.55,25.28,25.88,23.0626,54100,0,0
2021-01-12,25.86,25.98,24.52,25.48,22.7062,131500,0,0
2021-01-13,25.56,27.152,25.56,26.94,24.0072,135200,0,0
2021-01-14,27.2,27.2,26.16,26.63,23.731,87000,0,0
2021-01-15,26.25,27.62,26.2,27.4,24.4172,172400,0,0
2021-01-19,27.89,27.89,26.98,27.11,24.1587,90800,0,0
2021-01-20,27.17,27.77,26.69,27.59,24.5865,75900,0,0
2021-01-21,27.6,27.6,26.93,27.08,24.132,59500,0,0
2021-01-22,26.82,27.45,26.53,27.21,24.2478,26000,0,0
2021-01-25,26.9,28.9,26.822,28.87,25.7271,119200,0,0
2021-01-26,28.93,28.93,27.636,27.95,24.9073,97500,0,0
2021-01-27,27.08,27.88,25.33,25.73,22.9289,111900,0,0
2021-01-28,26.1,27.72,25.76,26.64,23.7399,121600,0,0
2021-01-29,26.33,26.88,25.715,26.19,23.3389,79700,0,0
2021-02-01,26.57,27.2,25.98,26.575,23.682,32300,0,0
2021-02-02,26.86,28.37,26.69,27.23,24.2657,55100,0,0
2021-02-03,27.29,27.41,26.76,26.98,24.0429,45900,0,0
2021-02-04,26.98,27.62,26.76,27.59,24.5865,66800,0,0
2021-02-05,27.95,28.39,27.69,28.03,24.9786,38300,0,0
2021-02-08,28.2,28.2,27.055,27.33,24.3548,68200,0,0
2021-02-09,27.37,27.7,26.789,27.45,24.4617,64000,0,0
2021-02-10,27.97,28.076,27.317,27.79,24.7647,67800,0,0
2021-02-11,27.85,28.01,27.22,27.299,24.3271,33000,0,0
2021-02-12,27.19,27.39,26.3,26.72,23.8112,65900,0,0
2021-02-16,26.85,26.85,25.74,25.8,22.9913,146000,0,0
2021-02-17,25.83,25.98,25.375,25.92,23.0983,82400,0,0
2021-02-18,25.71,26.67,25.71,26.34,23.4725,50100,0,0
2021-02-19,26.33,26.33,25.11,25.16,22.421,113600,0,0
2021-02-22,25.08,25.08,23,23.67,21.0932,274400,0,0
2021-02-23,23.63,24.47,23.63,24.28,21.6368,101800,0,0
2021-02-24,24.25,24.25,23.41,23.43,20.8793,107400,0,0
2021-02-25,23.3,23.575,22.5,22.79,20.309,95000,0,0
2021-02-26,23.11,23.375,21.6,21.6,19.2486,67300,0,0
2021-03-01,22.31,23.64,22.31,22.89,20.3981,84100,0,0
2021-03-02,23.12,23.2,22.4,22.72,20.2466,53700,0,0
2021-03-03,22.5,22.5,21.353,21.91,19.5248,133400,0,0
2021-03-04,22.09,23.04,21.51,21.86,19.4803,87200,0,0
2021-03-05,22.18,23.195,21.54,22.98,20.4783,76300,0,0
2021-03-08,23.29,24.445,22.95,23.92,21.316,89500,0,0
2021-03-09,24.13,25.05,24.13,24.86,22.1537,68000,0,0
2021-03-10,24.98,25.56,24.68,25.37,22.6081,58200,0,0
2021-03-11,25.37,26.07,25.14,25.17,22.4299,88000,0,0
2021-03-12,25.15,26.35,25.12,26.17,23.3211,139800,0,0
2021-03-15,26.39,27.34,26.3,27.22,24.2567,86700,0,0
2021-03-16,27.18,27.43,26.75,27.31,24.337,57600,0,0
2021-03-17,27.04,27.04,25.86,25.93,23.1072,103500,0,0
2021-03-18,25.78,26.05,25.17,25.64,22.8488,62500,0,0
2021-03-19,25.5,26.505,24.81,25.784,22.9771,67600,0,0
2021-03-22,25.81,26.04,25.22,25.76,22.9557,24000,0,0
2021-03-23,25.62,27.074,25.49,26.86,24.0189,98300,0.089,0
2021-03-24,26.67,27.38,26.335,26.88,24.0368,63800,0,0
2021-03-25,26.51,27.93,26.51,27.67,24.7432,86200,0,0
2021-03-26,27.72,28,26.88,28,25.0383,57500,0,0
2021-03-29,27.89,29.22,27.89,28.85,25.7984,96700,0,0
2021-03-30,28.6,28.6,27.515,28.08,25.1099,71000,0,0
2021-03-31,28.07,28.82,28.07,28.77,25.7269,71300,0,0
2021-04-01,28.6,28.75,28.053,28.58,25.557,80900,0,0
2021-04-05,28.71,30.087,28.71,29.54,26.4155,94400,0,0
2021-04-06,29.74,30,28.82,30,26.8268,81100,0,0
2021-04-07,29.82,30.31,29.49,29.91,26.7463,56300,0,0
2021-04-08,30.12,30.39,29.7,29.81,26.6569,60200,0,0
2021-04-09,29.99,30.07,29.55,29.758,26.6104,87400,0,0
2021-04-12,29.64,30.39,29.54,29.8,26.6479,72900,0,0
2021-04-13,29.57,31.02,29.31,30.9,27.6316,127900,0,0
2021-04-14,30.6,31.24,30.524,31.24,27.9356,59400,0,0
2021-04-15,31.39,32.35,31.29,32.276,28.8621,55900,0,0
2021-04-16,32.39,33.48,32.39,33.07,29.5721,128300,0,0
2021-04-19,33.07,33.39,32.4,32.501,29.0633,103000,0,0
2021-04-20,32.33,34.09,32.19,33.88,30.2964,98300,0,0
2021-04-21,33.66,34.28,32.72,32.95,29.4648,74200,0,0
2021-04-22,32.92,33.2,32.205,32.27,28.8567,89700,0,0
2021-04-23,32.54,32.54,31.902,32.09,28.6957,54900,0,0
2021-04-26,32.42,32.42,31.32,31.57,28.2307,81600,0,0
2021-04-27,31.75,31.75,30.71,30.86,27.5958,62400,0,0
2021-04-28,30.85,31.05,30.31,30.73,27.4796,37200,0,0
2021-04-29,31.03,31.59,31,31.58,28.2397,90700,0,0
2021-04-30,31.58,32.33,31.25,32.33,28.9103,82000,0,0
2021-05-03,32.73,33.21,32.18,32.31,28.8925,166900,0,0
2021-05-04,32.25,32.367,31.32,31.88,28.5079,82300,0,0
2021-05-05,31.66,31.7,29.78,30.31,27.104,168500,0,0
2021-05-06,30.37,31.03,29.998,31.01,27.73,68900,0,0
2021-05-07,31.08,31.94,31.06,31.27,27.9625,69100,0,0
2021-05-10,31.67,33.145,31.64,32.24,28.8299,114400,0,0
2021-05-11,32,32.04,30.4,31.1,27.8104,73100,0,0
2021-05-12,30.72,30.79,28.82,28.9,25.8431,128100,0,0
2021-05-13,28.95,31,28.95,30.47,27.2471,71800,0,0
2021-05-14,30.63,31.548,30.63,31,27.721,78700,0,0
2021-05-17,31.01,31.371,30.13,30.19,26.9967,86500,0,0
2021-05-18,30.19,30.401,29.776,30.21,27.0146,46800,0,0
2021-05-19,29.95,30.09,29.005,30.07,26.8894,48000,0,0
2021-05-20,30.22,31.35,30.22,30.82,27.5601,40800,0,0
2021-05-21,31.02,31.503,30.67,31.28,27.9714,45300,0,0
2021-05-24,31.5,31.8,31.09,31.09,27.8015,49500,0,0
2021-05-25,31.34,31.34,29.81,30.03,26.8536,56400,0,0
2021-05-26,29.96,30.33,29.79,30.04,26.8626,37600,0,0
2021-05-27,30.19,30.19,29.41,29.41,26.2992,61400,0,0
2021-05-28,29.69,30.128,29.64,29.87,26.7105,49000,0,0
2021-06-01,29.97,29.97,29.13,29.34,26.2366,59800,0,0
2021-06-02,29.54,30.25,29.1,29.79,26.639,37100,0,0
2021-06-03,29.45,30.57,29.25,30.29,27.0861,28100,0,0
2021-06-04,30.49,30.62,30.055,30.11,26.9252,32100,0,0
2021-06-07,30.13,30.426,30.13,30.35,27.1398,31800,0,0
2021-06-08,30.51,30.51,29.15,29.55,26.4244,42400,0,0
2021-06-09,29.64,30.45,29.64,30.32,27.1129,34800,0,0
2021-06-10,30.52,31,30.195,30.93,27.6584,31200,0,0
2021-06-11,31,31.19,30.52,31.17,27.873,24300,0,0
2021-06-14,31.21,31.514,30.77,31.33,28.0161,33500,0,0
2021-06-15,31.2,32.1,31.17,31.64,28.2933,34900,0,0
2021-06-16,31.87,32.18,30.13,30.25,27.0504,87100,0,0
2021-06-17,30.19,31.115,29.89,30.67,27.4259,79600,0,0
2021-06-18,30.4,30.4,28.201,28.28,25.2887,57700,0,0
2021-06-21,28.73,29.553,28.11,29.43,26.3171,58800,0,0
2021-06-22,29.4,29.4,28.71,28.73,25.7717,18300,0.092,0
2021-06-23,28.75,28.75,27.61,27.83,24.9644,82900,0,0
2021-06-24,28.04,28.04,27.4,27.75,24.8926,98800,0,0
2021-06-25,27.97,28.72,27.7,28.72,25.7627,47800,0,0
2021-06-28,28.86,29.58,28.86,29.25,26.2381,85500,0,0
2021-06-29,29.21,29.38,27.61,27.8,24.9374,111300,0,0
2021-06-30,27.88,28.03,27.31,27.69,24.8388,75100,0,0
2021-07-01,27.78,28.72,27.42,28.52,25.5833,53900,0,0
2021-07-02,28.75,28.75,28.24,28.6,25.6551,31400,0,0
2021-07-06,28.68,29.02,27.64,29.02,26.0318,34900,0,0
2021-07-07,29.06,29.52,28.5,29.52,26.4803,63000,0,0
2021-07-08,28.9,29.718,28.9,29.3,26.283,55200,0,0
2021-07-09,29.38,29.52,28.68,29.43,26.3996,32900,0,0
2021-07-12,29.39,29.698,28.88,29.69,26.6328,35300,0,0
2021-07-13,29.447,29.77,28.68,29.02,26.0318,51000,0,0
2021-07-14,29.27,30.07,28.69,29.72,26.6598,107300,0,0
2021-07-15,29.63,30.82,29.5,30.77,27.6016,93900,0,0
2021-07-16,30.89,32.11,30.8,31.63,28.3731,173200,0,0
2021-07-19,31.3,31.96,29.16,30.18,27.0724,122400,0,0
2021-07-20,30.49,31.41,30.3,30.53,27.3863,54100,0,0
2021-07-21,30.52,30.66,29.48,29.52,26.4803,63800,0,0
2021-07-22,29.52,30.03,29.37,29.67,26.6149,35300,0,0
2021-07-23,29.93,30.8,29.79,30.79,27.6196,47500,0,0
2021-07-26,30.76,31.048,30.18,30.78,27.6106,37300,0,0
2021-07-27,30.509,32.55,30.26,32.33,29.001,63200,0,0
2021-07-28,32.33,32.5,30.94,31.71,28.4448,50700,0,0
2021-07-29,31.8,32.13,31.4,31.92,28.6332,27100,0,0
2021-07-30,31.77,32.58,30.93,31.1,27.8977,57000,0,0
2021-08-02,31.35,32.12,31.24,31.81,28.5345,38600,0,0
2021-08-03,32,32.75,31.86,32.4,29.0638,35800,0,0
2021-08-04,32.25,32.31,31.07,32.26,28.9382,46000,0,0
2021-08-05,32.35,33.37,32.14,33.32,29.8891,38800,0,0
2021-08-06,33.26,33.92,33,33.29,29.8622,28700,0,0
2021-08-09,33.3,33.455,32.71,33.22,29.7994,24200,0,0
2021-08-10,33.24,33.63,33.027,33.3,29.8711,15000,0,0
2021-08-11,33.49,34.64,33.49,34.19,30.6695,35700,0,0
2021-08-12,34.09,34.685,34.065,34.39,30.8489,53500,0,0
2021-08-13,34.37,35.1,34.37,34.98,31.3781,173400,0,0
2021-08-16,35.01,36.32,34.96,35.71,32.033,100500,0,0
2021-08-17,35.45,35.77,34.72,35.75,32.0688,45600,0,0
2021-08-18,35.73,35.94,34.88,35.27,31.6383,83000,0,0
2021-08-19,35.13,36.49,35.13,35.68,32.0061,128400,0,0
2021-08-20,35.61,37,34.92,36.984,33.1758,64000,0,0
2021-08-23,37.08,37.08,35.36,35.55,31.8894,114300,0,0
2021-08-24,35.55,35.55,34.142,34.87,31.2795,76900,0,0
2021-08-25,34.91,35.34,34.255,35.07,31.4589,50600,0,0
2021-08-26,35.06,35.06,34.56,34.79,31.2077,28100,0,0
2021-08-27,34.92,35.17,34.55,34.72,31.1449,80900,0,0
2021-08-30,34.7,35.11,34.4,34.92,31.3243,126900,0,0
2021-08-31,34.99,35.36,34.37,34.83,31.2436,82200,0,0
2021-09-01,34.99,36.49,34.99,36.16,32.4366,99400,0,0
2021-09-02,36.44,37.09,36.298,37.09,33.2709,60200,0,0
2021-09-03,36.87,36.88,35.982,36.22,32.4905,44500,0,0
2021-09-07,35.97,35.977,34.598,34.73,31.1539,142400,0,0
2021-09-08,34.63,36.852,34.5,36.6,32.8313,71600,0,0
2021-09-09,36.41,36.6,35.96,36,32.2931,36500,0,0
2021-09-10,35.95,35.95,34.45,34.45,30.9027,73100,0,0
2021-09-13,34.9,35.45,33.96,34.32,30.7861,51800,0,0
2021-09-14,34.47,34.77,33.71,33.97,30.4721,46500,0,0
2021-09-15,33.8,34.37,33.271,33.79,30.3107,30200,0,0
2021-09-16,33.78,34.05,32.82,32.95,29.5572,26400,0,0
2021-09-17,32.87,32.87,31.3,31.41,28.1757,97200,0,0
2021-09-20,31.1,32,30.24,31.26,28.0412,184900,0,0
2021-09-21,31.5,32,30.859,30.93,27.819,47500,0.083,0
2021-09-22,31.21,31.55,30.67,30.81,27.7111,45900,0,0
2021-09-23,30.82,31.425,30.26,30.39,27.3333,149000,0,0
2021-09-24,30.4,30.905,30.04,30.26,27.2164,155300,0,0
2021-09-27,30.13,30.97,29.025,29.14,26.2091,226000,0,0
2021-09-28,29.11,29.18,27.804,28.07,25.2467,372500,0,0
2021-09-29,28.44,29.709,28.1,29.2,26.263,225500,0,0
2021-09-30,29.58,29.58,28.31,28.48,25.6154,121000,0,0
2021-10-01,28.82,29.06,28.15,28.47,25.6064,47800,0,0
2021-10-04,28.34,29.82,28.34,29.6,26.6228,183100,0,0
2021-10-05,29.87,29.98,29.275,29.42,26.4609,92100,0,0
2021-10-06,29,30.8,28.58,30.78,27.6841,148100,0,0
2021-10-07,30.75,31.62,30.17,30.28,27.2344,130200,0,0
2021-10-08,30.26,30.3,29.58,29.62,26.6408,81000,0,0
2021-10-11,29.4,29.401,28.26,28.39,25.5345,145300,0,0
2021-10-12,28.47,29.17,28.318,28.96,26.0472,79800,0,0
2021-10-13,28.91,29.97,28.52,29.95,26.9376,60800,0,0
2021-10-14,30.29,31.19,30.01,31.02,27.9,67800,0,0
2021-10-15,31.1,31.47,30.6,30.79,27.6931,55400,0,0
2021-10-18,30.3,30.38,29.42,29.93,26.9196,78600,0,0
2021-10-19,30.35,31.12,30.35,31.04,27.918,60100,0,0
2021-10-20,31.17,32.815,31.17,32.5,29.2311,259700,0,0
2021-10-21,32.5,32.84,32.36,32.49,29.2221,50400,0,0
2021-10-22,32.67,33.08,32.56,32.94,29.6269,179700,0,0
2021-10-25,32.81,33.11,32.31,32.53,29.2581,45900,0,0
2021-10-26,32.72,33.795,32.5,33.06,29.7348,80900,0,0
2021-10-27,33.13,33.445,32.34,32.4,29.1412,44500,0,0
2021-10-28,32.38,33.04,32.342,33.04,29.7168,24800,0,0
2021-10-29,33,33.37,31.971,32.42,29.1592,98800,0,0
2021-11-01,32.32,33.01,32.17,32.82,29.5189,41900,0,0
2021-11-02,33.04,33.16,32.189,32.88,29.5729,40600,0,0
2021-11-03,32.67,32.97,31.69,32.55,29.2761,92900,0,0
2021-11-04,32.56,32.56,30.989,32.04,28.8174,84200,0,0
2021-11-05,32.23,33.19,32.23,32.88,29.5729,59300,0,0
2021-11-08,33.1,33.1,30.951,31.44,28.2777,104100,0,0
2021-11-09,31.64,32.14,31.302,31.93,28.7184,66900,0,0
2021-11-10,31.78,32.71,31.78,32.66,29.375,68000,0,0
2021-11-11,32.67,32.79,31.565,32.07,28.8444,42100,0,0
2021-11-12,32.12,32.21,31.59,32.03,28.8084,39600,0,0
2021-11-15,32.17,33.29,32.17,33.29,29.9417,54800,0,0
2021-11-16,33.2,33.46,32.73,32.78,29.4829,28200,0,0
2021-11-17,32.6,32.9,32.18,32.9,29.5909,26600,0,0
2021-11-18,32.68,32.878,32.07,32.34,29.0872,36000,0,0
2021-11-19,32.3,33.1,32.3,32.94,29.6269,172400,0,0
2021-11-22,32.7,34,32.595,33.53,30.1575,77000,0,0
2021-11-23,33.52,34.2,33.02,33.66,30.2744,155000,0,0
2021-11-24,33.49,33.87,33.09,33.68,30.2924,37600,0,0
2021-11-26,32.49,33.5,31.81,32.07,28.8444,126100,0,0
2021-11-29,32.54,33.69,32.521,33.47,30.1035,43200,0,0
2021-11-30,32.92,32.95,30.449,30.59,27.5132,184700,0,0
2021-12-01,31.1,32.86,30.64,30.67,27.5852,95300,0,0
2021-12-02,30.87,32.6,30.87,31.92,28.7094,60100,0,0
2021-12-03,32.3,32.82,31.01,32.82,29.5189,47400,0,0
2021-12-06,33.27,35.345,33.27,34.34,30.886,270300,0,0
2021-12-07,34.78,35.37,34.103,35.13,31.5966,85100,0,0
2021-12-08,35.26,35.7,34.545,35.01,31.4886,64200,0,0
2021-12-09,35,35.34,34.12,34.77,31.3435,31900,0.079,0
2021-12-10,35.3,35.83,35.055,35.37,31.8844,29400,0,0
2021-12-13,35.36,37.12,35.36,36.64,33.0292,89800,0,0
2021-12-14,36.6,36.76,35.555,36.03,32.4793,77800,0,0
2021-12-15,35.99,37.77,35.99,37.73,34.0118,70300,0,0
2021-12-16,37.79,38.99,37.75,38.36,34.5797,247700,0,0
2021-12-17,38.08,38.17,36.46,36.61,33.0022,65200,0,0
2021-12-20,35.65,36.76,34.78,36.7,33.0833,90300,0,0
2021-12-21,37.04,37.519,35.98,36.34,32.8779,37400,0.133,0
2021-12-22,36.23,36.98,36.07,36.85,33.3394,27100,0,0
2021-12-23,37.01,37.327,36.78,36.81,33.3032,23000,0,0
2021-12-27,36.73,37.38,36.61,37.38,33.8189,33700,0,0
2021-12-28,37.28,38.38,37.28,38.36,34.7055,53800,0,0
2021-12-29,38.42,39.08,38.35,39,35.2845,33000,0,0
2021-12-30,39.21,39.52,38.62,39.37,35.6193,51000,0,0
2021-12-31,39.13,40.2,39.075,39.81,36.0174,38800,0,0
2022-01-03,39.86,39.86,37.26,38.69,35.0041,68700,0,0
2022-01-04,38.9,39.59,38.26,38.29,34.6422,63500,0,0
2022-01-05,38.17,39.34,38.13,38.23,34.5879,63800,0,0
2022-01-06,38.15,38.536,36.89,37.03,33.5022,39000,0,0
2022-01-07,36.63,38.225,36.011,37.87,34.2622,33400,0,0
2022-01-10,37.8,37.87,36.6,37.15,33.6108,48500,0,0
2022-01-11,37.18,37.38,35.42,36.12,32.6789,71300,0,0
2022-01-12,36.14,36.635,35.609,36.48,33.0046,46100,0,0
2022-01-13,36.52,37.36,36.36,36.98,33.457,102700,0,0
2022-01-14,36.98,37.208,35.68,36.25,32.7965,55900,0,0
2022-01-18,35.86,35.86,34.08,34.95,31.6204,44600,0,0
2022-01-19,34.91,36.261,34.91,35.44,32.0637,123100,0,0
2022-01-20,35.58,36.921,35.43,35.56,32.1722,59700,0,0
2022-01-21,36.11,36.44,35.12,35.38,32.0094,70800,0,0
2022-01-24,35.02,35.23,31.62,34.27,31.0052,131200,0,0
2022-01-25,32.92,33.75,32.26,32.65,29.5395,52900,0,0
2022-01-26,32.96,33.64,31.36,31.9,28.8609,47300,0,0
2022-01-27,32.31,33.85,32.3,32.7,29.5847,73000,0,0
2022-01-28,32.46,33.95,31.78,33.86,30.6342,35800,0,0
2022-01-31,33.62,35.82,33.62,35.82,32.4075,68100,0,0
2022-02-01,35.5,35.96,33.402,34.41,31.1318,57400,0,0
2022-02-02,34.42,35.97,34.41,35.87,32.4527,31200,0,0
2022-02-03,35.49,35.86,35.21,35.35,31.9823,23600,0,0
2022-02-04,34.32,35.43,33.55,34.58,31.2856,59600,0,0
2022-02-07,34.56,34.77,33.812,34.41,31.1318,18300,0,0
2022-02-08,34.92,35.06,34.346,34.47,31.1861,13800,0,0
2022-02-09,35.1,35.43,34.65,34.94,31.6113,36400,0,0
2022-02-10,34.13,34.3,32.11,32.33,29.25,63000,0,0
2022-02-11,32.54,33.38,31.977,32.32,29.2409,38900,0,0
2022-02-14,32.45,32.45,30.65,31.57,28.5624,48400,0,0
2022-02-15,32.12,32.416,30.655,31.08,28.1191,31900,0,0
2022-02-16,31.43,31.6,30.37,31.28,28.3,45200,0,0
2022-02-17,30.87,31.72,30.16,31.41,28.4176,33700,0,0
2022-02-18,31.01,31.89,30.745,31.17,28.2005,41500,0,0
2022-02-22,31.45,31.62,30.5,31.09,28.1281,62300,0,0
2022-02-23,31,31,29.455,29.52,26.7077,37800,0,0
2022-02-24,28.74,30.2,28.495,30.2,27.3229,85700,0,0
2022-02-25,30.44,33.005,30.44,33,29.8561,56700,0,0
2022-02-28,32.52,33.53,32.44,33.51,30.3176,36400,0,0
2022-03-01,33.25,34.122,31.92,32.68,29.5666,29500,0,0
2022-03-02,32.91,34.11,32.85,33.78,30.5618,41900,0,0
2022-03-03,34.15,36.07,34.15,35.62,32.2265,66200,0,0
2022-03-04,35.35,38.02,35.2,37.92,34.3074,119900,0,0
2022-03-07,38.18,39.6,37.3,39.41,35.6555,140900,0,0
2022-03-08,39.83,40.271,37.586,37.64,34.0541,100300,0,0
2022-03-09,38.44,38.44,36.625,36.77,33.267,28300,0,0
2022-03-10,36,37.715,35.83,37.708,34.1156,29700,0,0
2022-03-11,37.85,38.31,37.064,37.08,33.5474,19600,0,0
2022-03-14,37.54,38.14,36.5,37.07,33.5384,32700,0,0
2022-03-15,38.02,38.65,37.46,38.49,34.8231,39900,0,0
2022-03-16,38.57,38.58,36.685,38.26,34.615,53000,0,0
2022-03-17,38.18,39.46,38.16,38.63,34.9498,51400,0,0
2022-03-18,38.89,39.178,37.5,37.54,33.9636,41600,0,0
2022-03-21,37.71,38.94,37.71,38.45,34.7869,78300,0,0
2022-03-22,38.89,38.89,37.66,38.375,34.7996,37900,0.089,0
2022-03-23,38.29,39.34,37.91,38.67,35.0671,33000,0,0
2022-03-24,38.72,40,38.72,39.91,36.1916,37700,0,0
2022-03-25,40.1,41.62,40.1,41.61,37.7332,61700,0,0
2022-03-28,41.98,42.38,41.01,42.38,38.4315,52300,0,0
2022-03-29,42.5,43.57,42.2,43.52,39.4653,50600,0,0
2022-03-30,43.43,44.74,43.355,44.74,40.5716,54100,0,0
2022-03-31,44.87,45.728,44.46,44.46,40.3177,94700,0,0
2022-04-01,44.47,46.44,43.77,46.37,42.0497,71500,0,0
2022-04-04,46.26,46.26,43.96,45.36,41.1338,90500,0,0
2022-04-05,45.22,47.709,45.22,46.15,41.8502,64800,0,0
2022-04-06,46.18,49.03,46.15,49.01,44.4438,79300,0,0
2022-04-07,49.33,49.33,47.288,48.64,44.1082,111000,0,0
2022-04-08,49.18,49.54,47.89,49.16,44.5798,100300,0,0
2022-04-11,49.44,49.44,46.86,47.2,42.8024,153900,0,0
2022-04-12,47.5,48.268,46.264,47.59,43.1561,91900,0,0
2022-04-13,47.86,47.875,46.378,47.38,42.9656,80200,0,0
2022-04-14,47.32,48.27,47.27,47.27,42.8659,96200,0,0
2022-04-18,47.45,48.313,45.96,46.63,42.2855,65000,0,0
2022-04-19,46.96,47.74,46.615,47.45,43.0291,50600,0,0
2022-04-20,48.22,49.298,48.22,48.68,44.1445,78500,0,0
2022-04-21,48.68,48.68,46.15,46.36,42.0407,86100,0,0
2022-04-22,46.01,46.19,43.8,43.99,39.8915,117900,0,0
2022-04-25,44.19,44.19,40.96,42.95,38.9484,110900,0,0
2022-04-26,42.83,44.02,41.62,41.62,37.7423,58200,0,0
2022-04-27,41.81,42.74,40.88,41.03,37.2073,52300,0,0
2022-04-28,41.58,42.84,41.05,42.42,38.4678,57300,0,0
2022-04-29,41.86,41.86,38.43,38.58,34.9855,75400,0,0
2022-05-02,38.9,39.4,36,37.36,33.8792,67100,0,0
2022-05-03,37.77,39.67,37.41,37.78,34.2601,69200,0,0
2022-05-04,38.5,40.55,38.29,40.34,36.5815,120500,0,0
2022-05-05,40,40.383,38.12,39.13,35.4843,65500,0,0
2022-05-06,38.41,40.4,38.41,40.06,36.3276,70400,0,0
2022-05-09,39.44,40.316,38.165,39.19,35.5387,124100,0,0
2022-05-10,39.42,40.86,36.4,37.7,34.1875,73400,0,0
2022-05-11,37.72,40.4,37.72,38.55,34.9583,109400,0,0
2022-05-12,38.49,38.61,36.27,37.33,33.852,51800,0,0
2022-05-13,38.16,38.78,37.03,38.71,35.1034,42400,0,0
2022-05-16,38.73,39.5,38.3,39.1,35.4571,57500,0,0
2022-05-17,39.65,40.32,37.848,40.32,36.5634,77700,0,0
2022-05-18,40.3,40.61,38.8,39.08,35.4389,48100,0,0
2022-05-19,38.56,39.27,37.22,38.79,35.176,54900,0,0
2022-05-20,39.24,39.328,37.55,39.15,35.5024,36600,0,0
2022-05-23,40.3,41.01,39.548,40.53,36.7538,112300,0,0
2022-05-24,40.72,43.21,39.91,43.04,39.03,148200,0,0
2022-05-25,43,43.36,42.1,42.9,38.903,81900,0,0
2022-05-26,43.65,44.2,43.22,43.24,39.2114,98000,0,0
2022-05-27,43.21,45.3,42.59,45.3,41.0794,91100,0,0
2022-05-31,44.06,44.48,42.91,43.39,39.3474,56500,0,0
2022-06-01,43.73,43.73,42.1,43.1,39.0844,55800,0,0
2022-06-02,43.83,44.12,41.2,44.05,39.9459,66500,0,0
2022-06-03,43.62,44.198,43.25,43.47,39.4199,34000,0,0
2022-06-06,44.51,44.93,43.855,44.03,39.9278,49200,0,0
2022-06-07,43.39,44.87,42.89,44.8,40.626,53900,0,0
2022-06-08,44.13,44.13,41.97,42.17,38.241,103000,0,0
2022-06-09,41.99,42.58,39,39.08,35.4389,87800,0,0
2022-06-10,37.94,39.17,37.32,38.12,34.5684,54900,0,0
2022-06-13,36.78,36.84,32.42,32.86,29.7985,94400,0,0
2022-06-14,32.99,33.31,29.26,30.39,27.5586,121300,0,0
2022-06-15,31.11,32.29,29.85,31.04,28.148,231400,0,0
2022-06-16,29.65,29.72,28.35,29.11,26.3978,188800,0,0
2022-06-17,29.11,29.74,27.59,28.3,25.6633,118200,0,0
2022-06-21,28.86,30.32,28.53,29.93,27.1414,76100,0,0
2022-06-22,29.24,31.35,29.24,30.71,27.9693,107500,0.129,0
2022-06-23,31.13,33.02,31.13,32.89,29.9548,129700,0,0
2022-06-24,33.37,34.8,33.02,34.61,31.5213,93200,0,0
2022-06-27,34.49,35.62,34.06,35.46,32.2954,82700,0,0
2022-06-28,35.56,36.55,34.87,35.06,31.9311,99500,0,0
2022-06-29,35.1,35.369,34.43,35.09,31.9584,68500,0,0
2022-06-30,34.34,37,34.26,36.25,33.0149,80100,0,0
2022-07-01,36.52,39.065,36.45,38.96,35.4831,143800,0,0
2022-07-05,38.3,38.618,33.16,34.97,31.8491,118200,0,0
2022-07-06,35.35,36.93,34.62,36.05,32.8328,77200,0,0
2022-07-07,36.47,36.85,35.78,35.89,32.687,52100,0,0
2022-07-08,35.63,35.94,35.181,35.53,32.3592,48400,0,0
2022-07-11,35.14,36.34,34.87,36.23,32.9967,45700,0,0
2022-07-12,35.96,36.95,35.23,35.67,32.4867,42100,0,0
2022-07-13,34.71,36.26,34.57,35.19,32.0495,57900,0,0
2022-07-14,33.61,35.33,33.27,35.19,32.0495,38800,0,0
2022-07-15,35.27,35.49,33.57,35.38,32.2225,37700,0,0
2022-07-18,35.45,35.45,33.89,33.92,30.8928,44600,0,0
2022-07-19,34.39,35.07,34.3,34.54,31.4575,43800,0,0
2022-07-20,34.56,34.57,33.08,33.16,30.2007,57600,0,0
2022-07-21,33.12,33.42,32.5,33.41,30.4284,35200,0,0
2022-07-22,34.23,35.15,33.99,34.8,31.6943,37600,0,0
2022-07-25,34.71,36.12,34.66,36.12,32.8965,30900,0,0
2022-07-26,35.93,37.05,35.93,36.78,33.4976,93100,0,0
2022-07-27,36.35,37.11,35.959,36.85,33.5614,64100,0,0
2022-07-28,38.51,40.99,38.51,40.79,37.1497,106800,0,0
2022-07-29,40.57,42.34,40.57,41.84,38.106,55400,0,0
2022-08-01,41.33,42.02,40.67,41.97,38.2244,48900,0,0
2022-08-02,42.07,43.19,41.64,41.69,37.9694,62800,0,0
2022-08-03,41.6,42.7,39.68,42.47,38.6798,50400,0,0
2022-08-04,42.36,43.57,42.36,42.72,38.9075,41700,0,0
2022-08-05,42.22,42.695,41.16,42.27,38.4977,67200,0,0
2022-08-08,43.07,43.88,41.87,42.45,38.6616,30900,0,0
2022-08-09,42.41,44.064,42.41,43.85,39.9366,34700,0,0
2022-08-10,44.48,44.63,43.51,44.45,40.4831,33900,0,0
2022-08-11,44.55,45.6,44.31,44.41,40.4467,22000,0,0
2022-08-12,45.08,46.47,45.05,46.47,42.3228,31900,0,0
2022-08-15,46.23,47.79,46.23,47.65,43.3975,28900,0,0
2022-08-16,47.53,48.63,47.53,48.1,43.8074,25300,0,0
2022-08-17,47.46,48.406,47.21,47.89,43.6161,26000,0,0
2022-08-18,47.94,48.77,47.93,48.35,44.0351,14200,0,0
2022-08-19,47.98,48.88,47.73,48.27,43.9622,35400,0,0
2022-08-22,47.44,47.8,46.11,46.33,42.1953,36600,0,0
2022-08-23,46.18,46.18,44.925,45.44,41.3848,27100,0,0
2022-08-24,45.35,46.02,45.08,45.9,41.8037,17700,0,0
2022-08-25,45.95,46.67,45.36,46.66,42.4959,14300,0,0
2022-08-26,46.91,47.177,44.44,44.54,40.5651,32500,0,0
2022-08-29,43.88,45.76,43.234,44.96,40.9476,44500,0,0
2022-08-30,44.95,44.95,42.63,42.95,39.117,29300,0,0
2022-08-31,43.14,43.58,42.07,42.08,38.3246,33700,0,0
2022-09-01,41.56,43.95,41.56,43.92,40.0004,35000,0,0
2022-09-02,44.49,45.44,42.09,42.44,38.6525,44800,0,0
2022-09-06,43.05,44.42,42.69,42.74,38.9257,28200,0,0
2022-09-07,43.02,46.935,42.95,46.83,42.6507,116700,0,0
2022-09-08,46.13,47.5,46.02,46.66,42.4959,66900,0,0
2022-09-09,47.13,47.932,46.32,47.24,43.0241,45600,0,0
2022-09-12,47.65,48.7,47.31,48.66,44.3174,44000,0,0
2022-09-13,47.23,47.603,44.25,44.51,40.5378,60000,0,0
2022-09-14,44.56,46.488,44.56,45.72,41.6398,37300,0,0
2022-09-15,44.55,44.55,42.04,42.33,38.5523,85100,0,0
2022-09-16,41.7,42.82,41.69,41.79,38.0605,82200,0,0
2022-09-19,41.41,43.53,41.11,43.53,39.6452,39100,0,0
2022-09-20,42.36,42.52,40.562,41.41,37.8501,35400,0.156,0
2022-09-21,42.1,42.888,39.74,39.74,36.3236,37800,0,0
2022-09-22,39.5,40.055,38.7,39.27,35.894,44800,0,0
2022-09-23,38.45,38.45,36.44,37.94,34.6784,38900,0,0
2022-09-26,37.43,37.43,34.1,35.16,32.1373,29300,0,0
2022-09-27,35.8,36.12,32.9,33.34,30.4738,28100,0,0
2022-09-28,34.21,34.97,33.2,34.42,31.461,92000,0,0
2022-09-29,33.86,33.86,30.06,30.21,27.6129,85400,0,0
2022-09-30,30.53,31,28.3,28.55,26.0956,101800,0,0
2022-10-03,29.59,31.42,29.29,30.98,28.3167,226200,0,0
2022-10-04,31.9,33,31.14,32.97,30.1356,202000,0,0
2022-10-05,32.02,32.02,29.66,30.77,28.1248,153600,0,0
2022-10-06,30.26,30.28,27.641,27.74,25.3552,255700,0,0
2022-10-07,27.36,27.39,25.395,25.89,23.6643,155400,0,0
2022-10-10,26.04,26.96,25.96,26.06,23.8197,97000,0,0
2022-10-11,25.99,26.757,25.34,25.82,23.6003,89200,0,0
2022-10-12,25.85,25.85,23.16,23.2,21.2055,114300,0,0
2022-10-13,22.3,25.165,21.91,24.96,22.8142,225400,0,0
2022-10-14,25.64,26.2,23.47,23.78,21.7357,140400,0,0
2022-10-17,24.88,25.954,24.88,25.36,23.1798,139900,0,0
2022-10-18,26.54,27.04,25.959,26.66,24.3681,111300,0,0
2022-10-19,25.85,26.15,24.93,25.66,23.4541,126900,0,0
2022-10-20,25.64,25.65,23.35,23.69,21.6534,221300,0,0
2022-10-21,23.83,25.52,23.53,25.01,22.8599,130700,0,0
2022-10-24,25.37,26.14,24.81,25.66,23.4541,83500,0,0
2022-10-25,25.84,27.35,25.84,27.18,24.8434,98200,0,0
2022-10-26,27.33,27.89,26.78,27.11,24.7794,206100,0,0
2022-10-27,27.58,28.64,27.43,27.72,25.337,237900,0,0
2022-10-28,27.84,30.18,27.84,30,27.421,185900,0,0
2022-10-31,29.88,29.92,28.6,29.17,26.6623,67300,0,0
2022-11-01,29.61,29.84,28.81,29.52,26.9822,70500,0,0
2022-11-02,29.47,31.01,28.62,28.63,26.1687,154100,0,0
2022-11-03,27.87,29.7,27.412,29,26.5069,103000,0,0
2022-11-04,29.47,29.85,28,29.47,26.9365,67700,0,0
2022-11-07,29.41,29.41,26.467,27.83,25.4375,95000,0,0
2022-11-08,27.8,28.88,27.67,28.34,25.9037,70000,0,0
2022-11-09,28.03,28.66,27.54,27.66,25.2821,51400,0,0
2022-11-10,29.73,31.684,28.97,31.61,28.8925,192900,0,0
2022-11-11,31.9,31.9,29.67,30.57,27.942,69100,0,0
2022-11-14,30.53,31,29.39,29.44,26.9091,40800,0,0
2022-11-15,30.19,31.02,29.3,30.33,27.7226,74200,0,0
2022-11-16,30.37,31.66,30.37,31.22,28.5361,50700,0,0
2022-11-17,30.13,30.334,29.14,29.55,27.0096,82700,0,0
2022-11-18,30.18,31.45,30.18,31.43,28.728,107600,0,0
2022-11-21,31.26,32.05,31.13,31.87,29.1302,100900,0,0
2022-11-22,32.39,33.226,32.03,32.66,29.8523,88600,0,0
2022-11-23,32.69,33.74,32.41,33.74,30.8394,81600,0,0
2022-11-25,33.86,34.59,33.5,34.35,31.397,58400,0,0
2022-11-28,33.88,33.88,32.84,33.18,30.3276,77400,0,0
2022-11-29,32.85,32.85,31.909,32.42,29.6329,51400,0,0
2022-11-30,32.23,35.1,32.23,34.97,31.9637,104700,0,0
2022-12-01,35.38,36.33,34.59,34.8,31.8083,58300,0,0
2022-12-02,33.74,34.5,33.3,34.31,31.3604,51900,0,0
2022-12-05,33.47,34.007,33.36,33.7,30.8029,51800,0,0
2022-12-06,33.54,34.37,33.226,34.37,31.4153,30400,0,0
2022-12-07,34.17,35.06,33.5,33.85,30.94,42400,0,0
2022-12-08,33.82,34.63,33.56,34.49,31.525,31100,0,0
2022-12-09,34.03,34.67,33.843,33.94,31.0222,47400,0,0
2022-12-12,34.44,36.26,34.19,36.26,33.1428,50200,0,0
2022-12-13,37.92,38.26,35.38,36.54,33.3987,86600,0,0
2022-12-14,36.81,38.09,35.71,36.43,33.2982,112800,0,0
2022-12-15,35.76,36.06,34.61,35.01,32.0002,135100,0,0
2022-12-16,34.08,34.08,32,33.24,30.3824,105300,0,0
2022-12-19,32.87,33.68,32.24,32.86,30.0351,34800,0,0
2022-12-20,32.51,33.36,32.3,32.9,30.0854,56900,0.015,0
2022-12-21,33.17,34.28,33.17,34.28,31.3473,41100,0,0
2022-12-22,33.83,33.83,31.9,33.54,30.6706,23300,0,0
2022-12-23,33.26,34.62,33.26,34.62,31.6582,20900,0,0
2022-12-27,34.71,35.37,34.46,35.25,32.2343,37900,0,0
2022-12-28,35.2,35.84,34.11,34.23,31.3016,49000,0,0
2022-12-29,34.51,35.46,34.51,34.89,31.9051,19300,0,0
2022-12-30,34.52,34.785,32.96,33.85,30.9541,123400,0,0
2023-01-03,34.19,34.48,32.566,33.85,30.9541,49600,0,0
2023-01-04,34.33,35.6,34.22,34.81,31.832,38800,0,0
2023-01-05,33.97,34.2,32.27,32.44,29.6647,28800,0,0
2023-01-06,33.4,34.76,33.4,34.47,31.5211,58700,0,0
2023-01-09,34.63,35.82,34.17,35.06,32.0606,62500,0,0
2023-01-10,34.68,35.166,33.98,35.1,32.0972,20000,0,0
2023-01-11,35.1,36.12,35.1,35.95,32.8744,92900,0,0
2023-01-12,36.29,36.29,35.21,35.31,32.2892,28300,0,0
2023-01-13,34.81,35.05,34.12,34.8,31.8228,22700,0,0
2023-01-17,34.61,35.54,34.6,34.62,31.6582,14700,0,0
2023-01-18,35.02,35.02,32.04,32.1,29.3538,50300,0,0
2023-01-19,31.9,32.15,30.978,31.15,28.4851,40800,0,0
2023-01-20,30.487,31.663,30,31.65,28.9423,29700,0,0
2023-01-23,31.5,32.575,30.93,31.68,28.9697,48000,0,0
2023-01-24,31.81,32.4,30.845,32.16,29.4087,29500,0,0
2023-01-25,30.88,31.01,29.95,30.83,28.1925,33900,0,0
2023-01-26,30.57,31.3,30.31,31.16,28.4942,10200,0,0
2023-01-27,30.94,31.47,30.7,31.13,28.4668,16000,0,0
2023-01-30,30.78,31.73,30.64,30.72,28.0919,25800,0,0
2023-01-31,30.87,31.36,29.88,31.36,28.6771,29500,0,0
2023-02-01,30.95,32.17,30.39,31.5,28.8051,53500,0,0
2023-02-02,31.87,32.7,30.88,31.68,28.9697,66700,0,0
2023-02-03,31.3,31.3,28.5,29.73,27.1866,60400,0,0
2023-02-06,29.22,30.5,29.22,30.5,27.8907,18300,0,0
2023-02-07,30.05,30.65,29.195,30.41,27.8084,32000,0,0
2023-02-08,29.93,29.93,28.47,28.89,26.4184,32800,0,0
2023-02-09,29.17,29.5,27.577,27.69,25.3211,33100,0,0
2023-02-10,27.7,29.35,27.69,29.28,26.7751,80300,0,0
2023-02-13,29.29,29.99,29.29,29.83,27.278,26500,0,0
2023-02-14,29.57,30.3,29,29.4,26.8848,39000,0,0
2023-02-15,29,30.05,28.91,30.02,27.4518,22500,0,0
2023-02-16,29.35,29.66,28.372,29.34,26.8299,35600,0,0
2023-02-17,29.2,30.55,29,30.22,27.6346,46100,0,0
2023-02-21,29.73,29.73,28.5,28.56,26.1167,52300,0,0
2023-02-22,28.58,29.09,27.97,28.18,25.7692,36900,0,0
2023-02-23,28.37,28.37,27.42,27.76,25.3851,42600,0,0
2023-02-24,27.05,27.98,26.658,27.75,25.376,41000,0,0
2023-02-27,28.12,28.755,26.99,27.19,24.8639,38400,0,0
2023-02-28,26.76,27.14,25.73,25.74,23.5379,60200,0,0
2023-03-01,25.54,25.54,24.1,24.48,22.3857,175000,0,0
2023-03-02,24.18,25.83,24.18,25.83,23.6202,62800,0,0
2023-03-03,26.24,27.11,25.46,27.11,24.7907,80700,0,0
2023-03-06,27.22,27.7,27.031,27.51,25.1565,44700,0,0
2023-03-07,27.72,27.72,25.76,26.08,23.8488,141500,0,0
2023-03-08,26.17,26.82,25.81,26.77,24.4798,34400,0,0
2023-03-09,27.01,27.66,25.9,26.09,23.858,61700,0,0
2023-03-10,26.2,26.35,24.435,24.82,22.6966,203200,0,0
2023-03-13,24.8,27.56,24.69,25.94,23.7208,330700,0,0
2023-03-14,26.7,27.52,26.21,26.95,24.6444,160200,0,0
2023-03-15,26.66,28.51,26.46,28.01,25.6137,134300,0,0
2023-03-16,27.91,29.079,27.445,28.55,26.1075,72100,0,0
2023-03-17,28.58,28.58,27.13,27.76,25.3851,98900,0,0
2023-03-20,27.86,28.6,27.86,28.44,26.0069,54200,0,0
2023-03-21,28.48,28.48,25.27,26.41,24.4159,125800,0.309,0
2023-03-22,26,26.6,24.78,24.83,22.9552,94500,0,0
2023-03-23,24.8,25.46,23.69,24.05,22.2341,168600,0,0
2023-03-24,24.03,26.3,24.02,26.3,24.3142,182100,0,0
2023-03-27,26.6,27.046,26.161,26.39,24.3974,96000,0,0
2023-03-28,26.36,27.34,26.22,26.6,24.5915,42700,0,0
2023-03-29,27.18,27.82,27.18,27.72,25.627,50400,0,0
2023-03-30,28.02,28.43,27.71,28.07,25.9505,46700,0,0
2023-03-31,28.44,28.64,27.84,28.61,26.4498,42400,0,0
2023-04-03,28.62,28.67,27.63,28.04,25.9228,42800,0,0
2023-04-04,28.037,28.54,27.8,28.45,26.3018,42400,0,0
2023-04-05,28.59,30.85,28.59,30.62,28.308,219300,0,0
2023-04-06,31.24,31.46,30.4,31.33,28.9644,81100,0,0
2023-04-10,30.96,31.13,29.84,31.13,28.7795,69500,0,0
2023-04-11,30.93,31.39,30.75,31.16,28.8072,43100,0,0
2023-04-12,31.31,31.705,30.77,31.08,28.7333,44500,0,0
2023-04-13,30.97,31.28,29.37,31.03,28.687,92600,0,0
2023-04-14,30.5,30.5,29.611,29.99,27.7256,49000,0,0
2023-04-17,29.93,30.53,29.59,30.46,28.1601,21600,0,0
2023-04-18,30.5,30.65,29.7,29.98,27.7163,107400,0,0
2023-04-19,29.99,30.91,29.99,30.68,28.3635,57700,0,0
2023-04-20,30.78,30.86,30.11,30.59,28.2803,30400,0,0
2023-04-21,30.9,31.45,30.41,30.9,28.5669,37200,0,0
2023-04-24,30.9,31.49,30.37,31.36,28.9921,46600,0,0
2023-04-25,31.12,31.67,31,31.25,28.8904,28100,0,0
2023-04-26,30.66,30.66,28.92,29.01,26.8196,181300,0,0
2023-04-27,29.04,29.95,29.04,29.94,27.6793,30000,0,0
2023-04-28,30.086,30.406,29.41,29.87,27.6146,123700,0,0
2023-05-01,29.71,30.84,29.71,30.09,27.818,71800,0,0
2023-05-02,29.94,29.94,28.53,28.99,26.8011,134600,0,0
2023-05-03,29.2,29.8,28.61,28.65,26.4867,40500,0,0
2023-05-04,28.67,29.64,28.03,29.306,27.0932,59600,0,0
2023-05-05,29.04,29.945,29.04,29.81,27.5592,81500,0,0
2023-05-08,29.7,30.32,29.34,29.6,27.365,38500,0,0
2023-05-09,29.368,29.5,28.862,29.5,27.2726,12200,0,0
2023-05-10,30.054,30.47,29.435,30.26,27.9752,31900,0,0
2023-05-11,30.11,30.15,28.895,29.27,27.0599,107600,0,0
2023-05-12,29.76,30.3,29.29,29.734,27.4889,36900,0,0
2023-05-15,30.06,30.2,28.28,28.602,26.4424,41700,0,0
2023-05-16,28.27,28.455,26.65,26.65,24.6378,73100,0,0
2023-05-17,26.901,26.901,26.149,26.48,24.4806,117700,0,0
2023-05-18,26.19,26.23,25.51,26.2,24.2217,185600,0,0
2023-05-19,26.59,26.94,26,26.01,24.0461,119000,0,0
2023-05-22,26.17,26.57,25.76,26.05,24.0831,27600,0,0
2023-05-23,25.76,26.492,25.601,25.78,23.8334,35700,0,0
2023-05-24,25.89,25.89,25.27,25.27,23.362,144800,0,0
2023-05-25,25.02,25.02,23.7,24.22,22.3912,114900,0,0
2023-05-26,24.2,24.2,23.5,24.18,22.3543,56000,0,0
2023-05-30,24.24,24.64,23.79,23.91,22.1046,72100,0,0
2023-05-31,24.08,24.88,23.47,24.6,22.7425,74100,0,0
2023-06-01,24.92,24.92,23.58,24.04,22.2248,100300,0,0
2023-06-02,23.85,24.97,23.5,24.72,22.8535,128400,0,0
2023-06-05,24.87,25.809,24.77,25.07,23.1771,96800,0,0
2023-06-06,25.35,25.42,24.85,25,23.1123,68200,0,0
2023-06-07,25.13,26.388,24.62,26.24,24.2587,108500,0,0
2023-06-08,26.44,26.71,25.68,26.57,24.5638,100000,0,0
2023-06-09,26.46,26.58,26.08,26.08,24.1108,82200,0,0
2023-06-12,26.2,26.24,25.67,25.921,23.9638,136100,0,0
2023-06-13,25.66,26.157,25.31,25.93,23.9721,80500,0,0
2023-06-14,26.25,26.77,25.731,25.91,23.9536,92900,0,0
2023-06-15,26.28,26.845,26.07,26.655,24.6424,75300,0,0
2023-06-16,26.85,27.76,26.85,27.07,25.026,86000,0,0
2023-06-20,27.28,27.28,26.05,26.16,24.1848,83400,0,0
2023-06-21,25.86,26.7,24.882,26.61,24.716,76100,0.122,0
2023-06-22,26.61,27,25.83,26,24.1495,47600,0,0
2023-06-23,26,26.4,24.75,24.84,23.072,82900,0,0
2023-06-26,24.86,25.8,24.7,25.58,23.7594,41200,0,0
2023-06-27,25.71,25.79,25.37,25.59,23.7686,19700,0,0
2023-06-28,25.4,25.4,24.26,24.48,22.7376,99900,0,0
2023-06-29,24,24.79,23.7,24.42,22.6819,89700,0,0
2023-06-30,24.54,25.32,24.53,25.26,23.4621,62300,0,0
2023-07-03,25.04,25.79,25,25.75,23.9173,38900,0,0
2023-07-05,25.35,27.22,25.35,26.63,24.7346,125700,0,0
2023-07-06,26.08,26.08,25.383,25.7,23.8708,52800,0,0
2023-07-07,25.16,25.59,24.9,25.11,23.3228,67200,0,0
2023-07-10,25.13,25.15,24.211,24.79,23.0256,138400,0,0
2023-07-11,24.81,25.675,24.685,25.675,23.8476,79400,0,0
2023-07-12,25.88,26.815,25.79,26.75,24.8461,338200,0,0
2023-07-13,26.79,27.04,26.48,27.03,25.1061,86600,0,0
2023-07-14,27.03,27.04,26.25,26.74,24.8368,170800,0,0
2023-07-17,26.44,26.46,25.75,25.77,23.9358,80200,0,0
2023-07-18,25.75,26.27,24.505,25.19,23.3971,173200,0,0
2023-07-19,25.28,26.35,25.28,25.94,24.0937,131300,0,0
2023-07-20,26.12,27.42,25.78,27.31,25.3662,130000,0,0
2023-07-21,27.48,28.86,27.48,28.55,26.518,240100,0,0
2023-07-24,28.72,28.753,27.93,28.26,26.2486,158800,0,0
2023-07-25,28.19,28.67,27.96,28.43,26.4065,57800,0,0
2023-07-26,28.43,29.339,28.08,28.4,26.3786,101000,0,0
2023-07-27,28.36,28.45,26.76,26.9,24.9854,113900,0,0
2023-07-28,27.39,27.73,26.32,26.74,24.8368,150500,0,0
2023-07-31,27.12,27.35,26.38,26.79,24.8832,139100,0,0
2023-08-01,26.71,27.03,25.71,25.78,23.9451,137500,0,0
2023-08-02,25.72,26.06,25.3,25.76,23.9265,184900,0,0
2023-08-03,25.67,25.67,23.92,24.01,22.3011,374200,0,0
2023-08-04,24.14,24.6,22.81,23.14,21.493,434400,0,0
2023-08-07,23.29,23.68,23.1,23.12,21.4744,156300,0,0
2023-08-08,23.03,23.44,22.47,23.42,21.7531,194600,0,0
2023-08-09,23.55,24.19,23.33,23.59,21.911,226600,0,0
2023-08-10,23.89,24.25,23.16,23.35,21.6881,111800,0,0
2023-08-11,23.39,23.78,23.165,23.72,22.0317,90600,0,0
2023-08-14,23.72,23.72,22.85,23.14,21.493,164800,0,0
2023-08-15,22.71,22.71,21.96,21.99,20.4249,183500,0,0
2023-08-16,22.275,22.54,22.01,22.28,20.6942,163300,0,0
2023-08-17,22.34,22.97,22.08,22.11,20.5363,93200,0,0
2023-08-18,22.08,22.525,21.98,22.43,20.8336,88700,0,0
2023-08-21,22.25,22.39,21.47,22.01,20.4434,163800,0,0
2023-08-22,22.05,22.34,21.76,22.18,20.6013,50900,0,0
2023-08-23,22.48,22.538,22,22.48,20.88,103400,0,0
2023-08-24,22.28,23.22,21.98,22.04,20.4713,141900,0,0
2023-08-25,22.16,22.82,22.07,22.5,20.8986,155500,0,0
2023-08-28,22.71,22.99,22.38,22.5,20.8986,60300,0,0
2023-08-29,22.63,22.94,22.35,22.75,21.1308,73300,0,0
2023-08-30,22.66,22.95,22.17,22.45,20.8521,91500,0,0
2023-08-31,22.55,22.72,21.75,21.75,20.202,119500,0,0
2023-09-01,22.24,22.274,20.906,21.41,19.8861,221300,0,0
2023-09-05,21.32,21.39,20.09,20.43,18.9759,337400,0,0
2023-09-06,20.59,20.59,20.17,20.5,19.0409,132200,0,0
2023-09-07,20.99,21.82,20.94,21.3,19.784,194200,0,0
2023-09-08,21.41,22,21.25,21.93,20.3691,129300,0,0
2023-09-11,21.83,22.488,21.83,22.13,20.5549,181400,0,0
2023-09-12,22.14,22.4,21.7,22.23,20.6478,90500,0,0
2023-09-13,22.25,23.3,22.25,23.02,21.3816,139800,0,0
2023-09-14,23.37,24.04,23.34,23.98,22.2732,172200,0,0
2023-09-15,23.76,24.412,23.63,23.67,21.9853,147700,0,0
2023-09-18,23.58,23.82,23.112,23.59,21.911,84200,0,0
2023-09-19,23.43,23.62,23.06,23.1,21.5876,36700,0.144,0
2023-09-20,23.44,23.81,22.97,23.15,21.6344,72200,0,0
2023-09-21,22.97,23.189,22.38,22.42,20.9522,132800,0,0
2023-09-22,22.27,22.67,21.8,22.27,20.812,147600,0,0
2023-09-25,21.89,22.15,21.46,22.14,20.6905,90600,0,0
2023-09-26,21.95,21.95,20,20.12,18.8027,218900,0,0
2023-09-27,20.16,20.16,18.83,18.94,17.7,230700,0,0
2023-09-28,19.11,19.3,17.67,17.71,16.5505,234800,0,0
2023-09-29,18.25,18.6,17.54,17.82,16.6533,222500,0,0
2023-10-02,17.59,17.59,14.73,15.26,14.2609,753100,0,0
2023-10-03,15,15.99,14.27,15.86,14.8216,827300,0,0
2023-10-04,16.16,16.16,15.06,15.79,14.7562,387800,0,0
2023-10-05,15.68,15.78,15.06,15.52,14.5039,280800,0,0
2023-10-06,15.08,16.258,14.11,16.15,15.0927,497700,0,0
2023-10-09,16.04,16.6,15.87,16.59,15.5039,243900,0,0
2023-10-10,16.61,17.31,16.61,17.29,16.158,331500,0,0
2023-10-11,17.62,18.17,17.24,18.14,16.9524,364700,0,0
2023-10-12,17.86,18.15,16.81,17.28,16.1487,296500,0,0
2023-10-13,17.75,18.165,17.48,17.85,16.6814,194500,0,0
2023-10-16,17.92,18.58,17.62,18.39,17.186,143000,0,0
2023-10-17,17.94,18.55,17.86,18.24,17.0458,121200,0,0
2023-10-18,18.11,18.5,17.42,17.74,16.5786,150400,0,0
2023-10-19,17.64,18.06,17.16,17.22,16.0926,129500,0,0
2023-10-20,17.06,17.55,16.67,16.68,15.588,202300,0,0
2023-10-23,16.36,16.91,15.81,16.23,15.1674,243800,0,0
2023-10-24,16.96,17.68,16.8,17.51,16.3636,194900,0,0
2023-10-25,17.31,17.86,17.19,17.75,16.5879,175900,0,0
2023-10-26,17.96,18.68,17.92,18.18,16.9898,209600,0,0
2023-10-27,17.93,18.2,17.012,17.18,16.0552,167400,0,0
2023-10-30,17.45,17.849,16.99,17.56,16.4103,116900,0,0
2023-10-31,17.82,18.04,17.5,17.99,16.8122,85200,0,0
2023-11-01,18.05,18.93,17.6,18.6,17.3823,221800,0,0
2023-11-02,18.83,19.945,18.69,19.67,18.3822,212600,0,0
2023-11-03,20.5,20.72,19.99,19.99,18.6813,311600,0,0
2023-11-06,20.01,20.26,19.78,19.81,18.513,174100,0,0
2023-11-07,19.81,19.92,19.31,19.41,18.1392,115100,0,0
2023-11-08,19.12,19.12,18.321,18.98,17.7374,291500,0,0
2023-11-09,18.98,19.21,18.17,18.2,17.0084,155200,0,0
2023-11-10,18.4,18.49,18.14,18.46,17.2514,67200,0,0
2023-11-13,18.26,18.26,17.72,17.81,16.644,77700,0,0
2023-11-14,19.06,19.98,18.91,19.97,18.6626,292900,0,0
2023-11-15,19.79,20.59,19.62,19.75,18.457,230400,0,0
2023-11-16,20,20.5,20,20.07,18.756,115800,0,0
2023-11-17,20.44,20.44,19.95,20.22,18.8962,54700,0,0
2023-11-20,19.94,20.21,19.277,20.02,18.7093,102400,0,0
2023-11-21,19.95,20.24,19.596,20.15,18.8308,92500,0,0
2023-11-22,20.3,20.41,19.85,20.4,19.0644,113000,0,0
2023-11-24,20.29,20.56,20.16,20.56,19.2139,26600,0,0
2023-11-27,20.5,20.75,20.16,20.63,19.2793,99400,0,0
2023-11-28,20.64,21.241,20.4,20.81,19.4476,93600,0,0
2023-11-29,20.98,21.06,20.09,20.27,18.9429,153600,0,0
2023-11-30,20.4,20.63,20.08,20.58,19.2326,86100,0,0
2023-12-01,20.51,21.3,20.19,21.3,19.9055,152100,0,0
2023-12-04,20.96,21.55,20.92,21.04,19.6625,89800,0,0
2023-12-05,21.02,21.07,20.345,20.59,19.242,88000,0,0
2023-12-06,20.85,21.45,20.77,21.45,20.0457,78200,0,0
2023-12-07,21.44,21.7,20.95,21.28,19.8868,77500,0,0
2023-12-08,21.1,21.25,20.645,21.13,19.7466,142500,0,0
2023-12-11,20.87,21.59,20.8,21.54,20.1298,64900,0,0
2023-12-12,21.61,21.61,20.781,21.26,19.8681,105300,0,0
2023-12-13,21.31,23.66,21,23.66,22.111,258600,0,0
2023-12-14,24.09,24.47,22.63,22.75,21.2606,297100,0,0
2023-12-15,22.11,22.29,21.06,21.51,20.1017,395000,0,0
2023-12-18,21.64,21.95,21.24,21.38,19.9802,151600,0,0
2023-12-19,21.71,21.79,21.36,21.73,20.3073,233900,0,0
2023-12-20,21.76,21.76,20.38,20.45,19.1111,174100,0,0
2023-12-21,20.59,20.72,19.87,20.25,19.1008,243500,0.189,0
2023-12-22,20.4,21.039,20.38,20.49,19.3271,189400,0,0
2023-12-26,20.5,21.06,20.44,20.89,19.7044,212100,0,0
2023-12-27,20.96,20.96,20.5,20.82,19.6384,91500,0,0
2023-12-28,20.62,21.3,20.62,21.27,20.0629,136700,0,0
2023-12-29,21.1,21.23,20.72,21.15,19.9497,163800,0,0
2024-01-02,20.88,22.18,20.74,22.01,20.7609,183400,0,0
2024-01-03,22.01,22.4,21.62,22.27,21.0061,271100,0,0
2024-01-04,22.4,22.71,21.99,22.09,20.8363,263800,0,0
2024-01-05,22.03,22.59,21.67,22.26,20.9967,114900,0,0
2024-01-08,22.25,22.79,21.966,22.78,21.4872,131200,0,0
2024-01-09,22.47,22.49,22.1,22.24,20.9778,86900,0,0
2024-01-10,22.25,22.5,21.98,22.179,20.9203,74500,0,0
2024-01-11,21.97,21.97,20.42,20.57,19.4026,296200,0,0
2024-01-12,20.86,21.18,20.73,20.95,19.761,125800,0,0
2024-01-16,20.82,20.82,20.11,20.25,19.1008,260400,0,0
2024-01-17,19.9,20.39,18.92,19.35,18.2518,219000,0,0
2024-01-18,19.15,19.15,18.41,18.74,17.6765,191800,0,0
2024-01-19,18.86,18.86,18.29,18.65,17.5916,172400,0,0
2024-01-22,18.79,19.03,18.12,18.37,17.3275,175300,0,0
2024-01-23,18.38,18.62,18.15,18.5,17.4501,109500,0,0
2024-01-24,18.88,18.91,17.622,17.74,16.7332,204900,0,0
2024-01-25,18.21,18.68,17.91,18.68,17.6199,142000,0,0
2024-01-26,18.79,18.98,18.623,18.81,17.7425,166800,0,0
2024-01-29,18.85,19.32,18.5,19.18,18.0915,202600,0,0
2024-01-30,19,19.47,18.63,19.15,18.0632,96000,0,0
2024-01-31,19.61,19.84,18.68,19,17.9217,175300,0,0
2024-02-01,18.87,20.05,18.54,20.03,18.8933,155800,0,0
2024-02-02,19.32,19.52,18.55,18.96,17.884,304600,0,0
2024-02-05,18.54,18.54,17.75,17.79,16.7804,301500,0,0
2024-02-06,17.85,18.11,17.574,17.98,16.9596,170300,0,0
2024-02-07,18.16,18.24,17.725,18.02,16.9973,96400,0,0
2024-02-08,17.88,17.88,17.14,17.6,16.6012,175900,0,0
2024-02-09,17.41,17.83,17.357,17.81,16.7992,190400,0,0
2024-02-12,17.8,18.43,17.647,18.43,17.3841,160000,0,0
2024-02-13,17.97,18.3,16.72,17.51,16.5163,373600,0,0
2024-02-14,17.61,17.85,17.41,17.78,16.7709,104000,0,0
2024-02-15,17.98,18.646,17.98,18.6,17.5444,206200,0,0
2024-02-16,18.35,18.79,18.03,18.56,17.5067,102100,0,0
2024-02-20,18.5,19.149,18.4,18.51,17.4595,110000,0,0
2024-02-21,18.87,19.29,18.65,19.22,18.1292,143300,0,0
2024-02-22,19.02,19.02,18.361,18.78,17.7142,149400,0,0
2024-02-23,18.83,19.41,18.782,19.17,18.0821,114500,0,0
2024-02-26,19.02,19.02,17.95,18.05,17.0256,201400,0,0
2024-02-27,18.26,19.04,18.14,19.02,17.9406,200300,0,0
2024-02-28,19.02,19.28,18.86,19.21,18.1198,138500,0,0
2024-02-29,19.46,19.66,18.97,19.23,18.1387,109300,0,0
2024-03-01,19.01,19.02,18.155,18.88,17.8085,476400,0,0
2024-03-04,18.64,19.86,18.624,19.77,18.648,332400,0,0
2024-03-05,19.94,20.93,19.38,19.62,18.5065,484400,0,0
2024-03-06,20.03,20.47,19.89,20.19,19.0442,135700,0,0
2024-03-07,20.5,20.79,20.461,20.52,19.3554,111800,0,0
2024-03-08,20.72,20.86,20.23,20.67,19.4969,108900,0,0
2024-03-11,20.6,21.125,20.37,21.01,19.8176,123600,0,0
2024-03-12,20.79,20.89,20.03,20.39,19.2328,404700,0,0
2024-03-13,20.78,21.35,20.652,20.76,19.5818,464300,0,0
2024-03-14,20.65,20.78,19.86,20.3,19.1479,112200,0,0
2024-03-15,20.11,20.65,20.03,20.36,19.2045,66900,0,0
2024-03-18,20.35,21,20.095,20.59,19.4215,79400,0,0
2024-03-19,20.57,21.08,20.49,21,19.9506,77500,0.147,0
2024-03-20,21.1,21.439,20.78,21.16,20.1026,346800,0,0
2024-03-21,21.4,21.71,20.97,20.97,19.9221,211600,0,0
2024-03-22,21.35,21.42,21,21.06,20.0076,149400,0,0
2024-03-25,21.16,21.39,20.99,21.36,20.2926,145300,0,0
2024-03-26,21.5,21.59,20.59,20.67,19.6371,116000,0,0
2024-03-27,20.89,22.33,20.89,22.33,21.2142,329200,0,0
2024-03-28,22.41,22.868,22.15,22.77,21.6322,347500,0,0
2024-04-01,22.85,22.85,21.91,22.32,21.2047,171100,0,0
2024-04-02,22.17,22.82,22.11,22.47,21.3472,258800,0,0
2024-04-03,22.46,22.58,21.94,22.16,21.0527,124300,0,0
2024-04-04,22.58,22.73,21.52,22.01,20.9102,258500,0,0
2024-04-05,21.95,22.33,21.26,22.22,21.1097,136500,0,0
2024-04-08,22.24,22.708,22.129,22.67,21.5372,160800,0,0
2024-04-09,22.84,23.13,22.58,23.05,21.8982,102900,0,0
2024-04-10,21.95,22.05,21.215,21.82,20.7297,209100,0,0
2024-04-11,22.02,22.205,21.245,21.69,20.6062,287500,0,0
2024-04-12,21.69,21.92,20.86,21.15,20.0931,120500,0,0
2024-04-15,21.63,21.85,20.34,20.58,19.5516,196900,0,0
2024-04-16,20.35,20.36,19.53,19.74,18.7536,139000,0,0
2024-04-17,19.97,21.1,19.97,20.94,19.8936,307500,0,0
2024-04-18,21.04,21.51,20.72,21.27,20.2071,146600,0,0
2024-04-19,21.41,22.39,21.41,22.28,21.1667,161700,0,0
2024-04-22,22.29,23.07,21.832,22.88,21.7367,214800,0,0
2024-04-23,22.92,23.64,22.75,23.24,22.0787,238900,0,0
2024-04-24,22.83,23.85,22.27,23.62,22.4397,133800,0,0
2024-04-25,23.4,24.05,22.81,23.84,22.6487,123700,0,0
2024-04-26,23.79,23.88,22.98,22.98,21.8317,430700,0,0
2024-04-29,23.16,24.04,23.16,23.95,22.7532,200700,0,0
2024-04-30,23.53,24.07,23.07,23.52,22.3447,106300,0,0
2024-05-01,23.61,24.98,23.27,24.38,23.1617,222200,0,0
2024-05-02,24.67,24.88,24.08,24.76,23.5227,301500,0,0
2024-05-03,25.05,25.5,24.68,25.35,24.0833,112100,0,0
2024-05-06,25.63,25.77,25.08,25.7,24.4158,312500,0,0
2024-05-07,26.04,26.59,25.9,26.55,25.2233,230600,0,0
2024-05-08,26.37,27.438,26.27,27.38,26.0118,270200,0,0
2024-05-09,27.39,28.7,27.225,28.62,27.1899,348000,0,0
2024-05-10,29.08,29.224,28.279,28.53,27.1044,439200,0,0
2024-05-13,28.86,29.21,28.35,28.56,27.1329,191100,0,0
2024-05-14,28.75,28.96,28.27,28.73,27.2944,153000,0,0
2024-05-15,29.61,30.225,29.49,29.97,28.4724,249500,0,0
2024-05-16,30.05,30.44,29.52,29.63,28.1494,154800,0,0
2024-05-17,29.49,29.92,29.222,29.7,28.2159,155400,0,0
2024-05-20,29.96,29.96,29.39,29.57,28.0924,217200,0,0
2024-05-21,29.54,30.4,29.54,30.4,28.8809,303600,0,0
2024-05-22,30.07,30.17,29.19,29.34,27.8739,208800,0,0
2024-05-23,29.14,29.14,27.7,27.73,26.3443,508800,0,0
2024-05-24,28.1,28.89,27.83,28.6,27.1709,128800,0,0
2024-05-28,28.65,29,28.32,28.53,27.1044,91300,0,0
2024-05-29,27.76,27.8,27.03,27.36,25.9928,157900,0,0
2024-05-30,27.67,28.48,27.47,28.48,27.0569,118300,0,0
2024-05-31,28.85,30.1,28.361,29.97,28.4724,387700,0,0
2024-06-03,30.12,30.12,28.63,29.02,27.5699,175100,0,0
2024-06-04,28.6,29.178,27.95,28.87,27.4274,111300,0,0
2024-06-05,28.77,28.92,28.217,28.4,26.9809,270400,0,0
2024-06-06,28.3,28.65,27.36,27.49,26.1163,118800,0,0
2024-06-07,26.88,27.378,26.54,26.6,25.2708,97500,0,0
2024-06-10,26.47,27.65,26.3,27.61,26.2303,131400,0,0
2024-06-11,26.94,27.169,26.351,27.08,25.7268,184000,0,0
2024-06-12,27.97,28.02,26.22,26.53,25.2043,393100,0,0
2024-06-13,26.59,26.96,25.862,26.69,25.3563,287100,0,0
2024-06-14,26.45,26.54,25.84,26.49,25.1663,209300,0,0
2024-06-17,26.08,26.16,25.48,25.6,24.3208,116700,0,0
2024-06-18,24.98,25.6,24.79,25.56,24.2828,138600,0,0
2024-06-20,25.91,26.35,25.67,26.22,24.9098,191000,0,0
2024-06-21,26.64,26.69,25.71,25.83,24.5393,142000,0,0
2024-06-24,26.05,26.99,25.68,26.7,25.3658,179800,0,0
2024-06-25,26.68,26.68,25.56,25.82,24.6925,205500,0.176,0
2024-06-26,25.68,25.68,25.001,25.51,24.3961,243400,0,0
2024-06-27,25.61,25.695,25.2,25.65,24.53,35700,0,0
2024-06-28,25.74,25.74,24.4,24.81,23.7266,221500,0,0
2024-07-01,25.02,25.57,24.15,24.26,23.2007,138400,0,0
2024-07-02,24.41,24.7,24.27,24.59,23.5163,102800,0,0
2024-07-03,24.74,25.528,24.57,25,23.9083,131700,0,0
2024-07-05,25.27,25.41,24.81,25.13,24.0327,57300,0,0
2024-07-08,25.26,25.41,24.9,25.18,24.0805,93500,0,0
2024-07-09,25.23,26.018,25.07,25.41,24.3005,227200,0,0
2024-07-10,25.58,26.12,25.1,26.1,24.9603,167000,0,0
2024-07-11,26.53,27.75,26.44,27.48,26.2801,457300,0,0
2024-07-12,27.78,28.597,27.43,28.09,26.8634,234600,0,0
2024-07-15,27.53,27.53,25.92,26.08,24.9412,542700,0,0
2024-07-16,26.54,26.76,26.26,26.65,25.4863,453700,0,0
2024-07-17,26.5,27.69,26.33,26.65,25.4863,515500,0,0
2024-07-18,26.53,27.33,26.44,26.55,25.3907,150200,0,0
2024-07-19,26.81,26.81,26.17,26.69,25.5246,120900,0,0
2024-07-22,26.89,27.435,26.79,27.29,26.0984,159000,0,0
2024-07-23,27.31,27.31,26.71,26.8,25.6298,87400,0,0
2024-07-24,27.09,27.98,26.9,27.72,26.5096,226700,0,0
2024-07-25,28.14,28.463,26.62,26.94,25.7636,199000,0,0
2024-07-26,27.4,27.896,27.38,27.73,26.5191,104600,0,0
2024-07-29,28.01,28.37,27.382,28.13,26.9017,118600,0,0
2024-07-30,28.13,28.59,27.88,28.52,27.2746,90900,0,0
2024-07-31,29.5,29.82,28.79,29.64,28.3457,564600,0,0
2024-08-01,29.67,31.32,29.67,31.23,29.8663,305600,0,0
2024-08-02,32.25,33.02,30.07,31.35,29.9811,590100,0,0
2024-08-05,31.79,31.79,28.77,28.81,27.552,313700,0,0
2024-08-06,29.05,30.516,29.05,29.56,28.2692,200500,0,0
2024-08-07,30.22,31.09,29.735,30.09,28.7761,198200,0,0
2024-08-08,30.05,30.66,29.45,30.17,28.8526,164800,0,0
2024-08-09,30.22,30.5,28.86,30.36,29.0343,143300,0,0
2024-08-12,30.5,30.6,29.925,30.6,29.2638,108100,0,0
2024-08-13,30.83,31.17,30.57,31.11,29.7516,74900,0,0
2024-08-14,30.95,31.57,30.37,31.04,29.6846,90000,0,0
2024-08-15,30.55,31.24,30.16,30.99,29.6368,135500,0,0
2024-08-16,31.1,31.68,30.66,31.44,30.0671,59800,0,0
2024-08-19,31.57,32.05,31.38,32.05,30.6505,87000,0,0
2024-08-20,32.06,32.29,31.69,31.83,30.4401,97500,0,0
2024-08-21,31.93,32.719,31.85,32.5,31.0809,104000,0,0
2024-08-22,32.65,32.71,31.92,32.36,30.947,79300,0,0
2024-08-23,32.54,32.97,32.29,32.52,31.1,105000,0,0
2024-08-26,32.85,33.57,32.85,33.21,31.7599,109400,0,0
2024-08-27,33.09,33.299,32.351,32.44,31.0235,68700,0,0
2024-08-28,32.53,33.2,32.33,32.43,31.0139,71200,0,0
2024-08-29,32.66,32.96,31.766,32.94,31.5016,72800,0,0
2024-08-30,33.03,33.73,32.71,33.6,32.1328,159600,0,0
2024-09-03,33.63,34.16,33.12,33.44,31.9798,153900,0,0
2024-09-04,33.77,35.05,33.77,34.34,32.8405,199400,0,0
2024-09-05,35.15,35.15,33.75,34.01,32.5249,172000,0,0
2024-09-06,34.06,34.4,33,33.1,31.6547,158300,0,0
2024-09-09,33.44,34.05,32.88,34.05,32.5632,119200,0,0
2024-09-10,34.15,34.91,33.91,34.5,32.9935,162700,0,0
2024-09-11,34.44,34.865,33.29,34.79,33.2709,119000,0,0
2024-09-12,35.01,35.17,34.36,35.01,33.4812,102400,0,0
2024-09-13,35.23,36.49,34.96,36.49,34.8966,224300,0,0
2024-09-16,36.68,37.595,36.53,37.34,35.7095,308600,0,0
2024-09-17,37.38,37.6,36.82,37.21,35.5852,181800,0,0
2024-09-18,37.09,37.257,35.87,36.31,34.7245,169400,0,0
2024-09-19,36.17,36.17,34.776,35.65,34.0933,316000,0,0
2024-09-20,36.9,38.679,36.85,38.45,36.771,413700,0,0
2024-09-23,39.26,39.74,38.77,39.68,37.9473,339700,0,0
2024-09-24,38.81,40.17,38.45,38.7,37.0952,242000,0.091,0
2024-09-25,39.26,39.6,38.28,39.32,37.6895,202400,0,0
2024-09-26,38.87,39.405,38.132,38.35,36.7597,395500,0,0
2024-09-27,38.76,39.817,38.76,39.55,37.91,324900,0,0
2024-09-30,39.57,40.06,38.71,40.03,38.37,311600,0,0
2024-10-01,39.88,41.155,39.165,41.02,39.319,235100,0,0
2024-10-02,40.26,41.2,40,41.06,39.3573,183200,0,0
2024-10-03,41.5,41.91,40.72,41,39.2998,218800,0,0
2024-10-04,40.12,40.88,39.47,40.65,38.9643,327700,0,0
2024-10-07,40.29,40.29,37.51,37.88,36.3092,593900,0,0
2024-10-08,38.29,38.74,37.98,38.02,36.4434,330500,0,0
2024-10-09,37.84,37.942,36.345,36.96,35.4274,272700,0,0
2024-10-10,36.96,37.93,36.55,36.62,35.1015,140300,0,0
2024-10-11,36.02,37.54,35.86,37.54,35.9833,117600,0,0
2024-10-14,37.7,39.05,37.49,39.04,37.4211,206000,0,0
2024-10-15,39.67,40.32,39.33,39.52,37.8812,498600,0,0
2024-10-16,40.09,42.033,39.52,41.87,40.1337,247000,0,0
2024-10-17,42.33,42.33,40.63,40.74,39.0506,218300,0,0
2024-10-18,40.6,41.379,39.95,41.36,39.6449,138200,0,0
2024-10-21,41.62,41.99,40.38,40.9,39.204,163300,0,0
2024-10-22,40,40.58,39.42,40.3,38.6289,166400,0,0
2024-10-23,40.3,41.6,40.3,41.6,39.8749,144300,0,0
2024-10-24,41.69,41.792,40.272,40.66,38.9739,120300,0,0
2024-10-25,41.21,41.385,38.79,38.9,37.2869,127500,0,0
2024-10-28,39.41,40.269,39.25,39.82,38.1688,132000,0,0
2024-10-29,38.71,38.71,37.2,37.25,35.7053,202400,0,0
2024-10-30,37.5,37.8,36.74,36.94,35.4082,137300,0,0
2024-10-31,37.34,38.91,37.138,38.13,36.5488,282300,0,0
2024-11-01,38.13,38.376,35.424,35.56,34.0854,225200,0,0
2024-11-04,34.49,34.96,33.668,34.2,32.7818,181000,0,0
2024-11-05,34.14,35.76,33.915,35.76,34.2771,152600,0,0
2024-11-06,34.95,35.04,33.66,34.71,33.2707,190300,0,0
2024-11-07,35.22,35.81,34.3,34.88,33.4336,194500,0,0
2024-11-08,35.33,37.01,35.268,36.85,35.3219,322400,0,0
2024-11-11,36.86,37.72,36.55,37.14,35.5999,221800,0,0
2024-11-12,36.79,36.906,35.29,35.84,34.3538,237900,0,0
2024-11-13,36.57,36.57,35.17,35.62,34.1429,253900,0,0
2024-11-14,35.75,36.21,35.04,35.2,33.7403,314700,0,0
2024-11-15,35.27,36.835,35.02,36.74,35.2165,155900,0,0
2024-11-18,36.77,37.975,36.49,37.67,36.1079,180100,0,0
2024-11-19,37.21,38.39,36.71,38.35,36.7597,134700,0,0
2024-11-20,38.65,38.98,37.94,38.44,36.846,76600,0,0
2024-11-21,38.6,40.57,38.05,40.44,38.763,170500,0,0
2024-11-22,40.79,40.88,39.67,39.67,38.025,185600,0,0
2024-11-25,40.71,40.88,39.08,39.93,38.2742,118800,0,0
2024-11-26,40.29,41.9,40.07,41.85,40.1146,221100,0,0
2024-11-27,42.07,42.54,41.69,41.76,40.0283,110200,0,0
2024-11-29,42.2,42.24,41.54,41.88,40.1433,46500,0,0
2024-12-02,41.89,41.89,39.07,39.17,37.5457,299100,0,0
2024-12-03,39.84,40.2,38.09,38.15,36.568,107300,0,0
2024-12-04,38.63,38.63,37.66,38.14,36.5584,122400,0,0
2024-12-05,38.07,39.03,38.07,38.39,36.7981,96700,0,0
2024-12-06,38.48,38.67,36.7,36.99,35.4561,134000,0,0
2024-12-09,37.01,37.01,35.46,35.61,34.1333,119300,0,0
2024-12-10,35.48,35.48,33.91,34.73,33.2898,162600,0,0
2024-12-11,35.05,35.07,33.92,34.14,32.7243,115600,0,0
2024-12-12,34.6,34.88,33.95,34.04,32.6284,156300,0,0
2024-12-13,34.19,34.55,33.87,34.06,32.6476,93200,0,0
2024-12-16,34.16,34.359,33.23,33.25,31.8712,143400,0,0
2024-12-17,32.52,33.19,32.425,32.83,31.4686,122200,0,0
2024-12-18,32.75,32.85,30.43,30.48,29.2161,172600,0,0
2024-12-19,30.63,31.89,30.55,30.95,29.6666,183700,0,0
2024-12-20,30.3,32.48,30.27,32.35,31.0085,186900,0,0
2024-12-23,32.01,32.56,31.05,32.56,31.3085,132100,0.102,0
2024-12-24,32.64,33.069,32.29,33.04,31.7701,89000,0,0
2024-12-26,32.7,33.075,32.5,32.81,31.5489,71100,0,0
2024-12-27,32.23,32.732,31.86,32.54,31.2893,195100,0,0
2024-12-30,31.97,32.27,31.2,32.03,30.7989,90000,0,0
2024-12-31,32.13,32.47,31.49,32,30.7701,88300,0,0
2025-01-02,32.54,33.16,31.97,32.63,31.3758,141800,0,0
2025-01-03,33.06,34.19,32.88,33.72,32.4239,247800,0,0
2025-01-06,33.66,33.83,32.27,32.58,31.3278,374500,0,0
2025-01-07,32.7,33.3,32.05,32.37,31.1258,175500,0,0
2025-01-08,32.12,32.275,30.66,32.22,30.9816,409700,0,0
2025-01-10,32.75,33.15,31.2,31.74,30.52,132700,0,0
2025-01-13,31.43,31.5,29.59,30.57,29.395,340200,0,0
2025-01-14,30.91,32,30.75,31.75,30.5297,141400,0,0
2025-01-15,33.37,34.05,33.01,33.03,31.7605,151500,0,0
2025-01-16,33.07,35.637,33.07,35.62,34.2509,222000,0,0
2025-01-17,35.54,36.19,35.22,35.66,34.2894,165700,0,0
2025-01-21,36.66,37.9,36.66,37.36,35.924,206600,0,0
2025-01-22,37.66,37.66,34.83,34.83,33.4913,299900,0,0
2025-01-23,35.35,36.156,35.152,35.43,34.0682,139000,0,0
2025-01-24,35.22,36.707,35.03,36.52,35.1163,159800,0,0
2025-01-27,34.27,34.475,31.464,33.95,32.6451,280600,0,0
2025-01-28,33.89,33.89,31.66,32.49,31.2412,207100,0,0
2025-01-29,32.44,33.76,32.24,32.65,31.3951,176200,0,0
2025-01-30,33.89,34.84,33.88,34.79,33.4528,150400,0,0
2025-01-31,34.76,34.84,33.83,34.04,32.7316,93000,0,0
2025-02-03,32.54,34.964,32.48,34.51,33.1836,163800,0,0
2025-02-04,33.78,34.21,32.641,33.68,32.3855,151100,0,0
2025-02-05,34.56,35.324,33.88,34.64,33.3086,85500,0,0
2025-02-06,35.13,35.13,33.83,34.59,33.2605,64200,0,0
2025-02-07,34.52,35.17,34.2,34.35,33.0297,127200,0,0
2025-02-10,34.6,35.43,34.09,35.43,34.0682,70900,0,0
2025-02-11,35,35.97,34.13,35.97,34.5875,66700,0,0
2025-02-12,34.48,35.885,34.02,35.85,34.4721,131100,0,0
2025-02-13,35.92,36.14,35.376,35.96,34.5778,75200,0,0
2025-02-14,35.9,36.72,35.405,35.48,34.1163,111900,0,0
2025-02-18,35.72,36.608,35.68,36.47,35.0682,86600,0,0
2025-02-19,36.15,37.3,36.15,36.93,35.5106,84300,0,0
2025-02-20,36.7,37.25,35.742,37,35.5779,87600,0,0
2025-02-21,37.11,37.3,36.515,36.94,35.5202,94600,0,0
2025-02-24,37.39,37.39,35.92,36.49,35.0875,127400,0,0
2025-02-25,35.88,35.99,34.401,35.85,34.4721,142800,0,0
2025-02-26,36.19,37.25,35.81,36.3,34.9048,96900,0,0
2025-02-27,36.1,36.2,33.77,33.85,32.5489,125500,0,0
2025-02-28,34.62,35.4,33.98,35.33,33.9721,90200,0,0
2025-03-03,35.43,35.88,34.89,35.62,34.2509,81700,0,0
2025-03-04,35.52,36.068,33.64,33.81,32.5105,75400,0,0
2025-03-05,33.08,33.68,32.25,33.07,31.7989,92100,0,0
2025-03-06,32.35,32.37,30.77,31.05,29.8566,144100,0,0
2025-03-07,31.12,33.045,31.109,32.65,31.3951,95800,0,0
2025-03-10,32.25,34.04,32.25,33.79,32.4913,159900,0,0
2025-03-11,33.64,34.07,32.28,32.89,31.6258,135700,0,0
2025-03-12,32.77,33.17,32.01,32.47,31.222,68400,0,0
2025-03-13,32.86,32.9,32.1,32.77,31.5105,47900,0,0
2025-03-14,32.97,34.65,32.73,34.5,33.174,68100,0,0
2025-03-17,34.59,35.56,34.2,34.99,33.6451,55000,0,0
2025-03-18,34.215,34.34,33.78,34.29,32.972,50500,0,0
2025-03-19,34.4,34.68,34.04,34.63,33.299,41000,0,0
2025-03-20,34.64,35.15,34.476,35.01,33.6644,72200,0,0
2025-03-21,34.58,35.1,33.78,34.36,33.0393,82700,0,0
2025-03-24,34.79,35.5,34.27,34.33,33.0105,49300,0,0
2025-03-25,33.98,34.137,31.99,32.49,31.4363,109300,0.213,0
2025-03-26,32.49,33.261,32.49,33.05,31.9781,69800,0,0
2025-03-27,33.157,33.829,32.875,33.04,31.9684,59100,0,0
2025-03-28,33.45,34.34,33.45,33.74,32.6457,119300,0,0
2025-03-31,33.84,35.2,33.832,34.83,33.7004,110000,0,0
2025-04-01,34.76,35.41,34.14,35.18,34.039,65600,0,0
2025-04-02,34.97,35.78,34.48,35.63,34.4744,68100,0,0
2025-04-03,35.56,36.6,34.803,34.94,33.8068,119500,0,0
2025-04-04,35.29,35.29,28.48,29.03,28.0885,201000,0,0
2025-04-07,27.89,30.32,25.91,27.82,26.9177,197400,0,0
2025-04-08,29.35,29.73,26.415,27.33,26.4436,159900,0,0
2025-04-09,26.86,30.69,25.08,30.46,29.4721,377000,0,0
2025-04-10,29.93,30.67,28.15,29.89,28.9206,126500,0,0
2025-04-11,29.72,31.16,28.81,30.89,29.8882,38500,0,0
2025-04-14,31.72,32.86,31.15,32.67,31.6104,138000,0,0
2025-04-15,33.056,33.36,32.56,32.58,31.5233,38500,0,0
2025-04-16,32.81,33.18,31.41,31.64,30.6138,100200,0,0
2025-04-17,31.98,33.81,31.98,32.65,31.5911,89700,0,0
2025-04-21,32.14,32.18,29.2,30.33,29.3463,110200,0,0
2025-04-22,31.21,32.9,31.21,32.79,31.7265,90200,0,0
2025-04-23,33.74,34.28,32.37,33.15,32.0749,137300,0,0
2025-04-24,33.12,33.72,32.39,33.35,32.2684,58400,0,0
2025-04-25,33.02,33.39,32.56,32.97,31.9007,63100,0,0
2025-04-28,33.1,33.76,32.37,33.61,32.5199,86800,0,0
2025-04-29,33.47,34.51,33.355,34.36,33.2456,71800,0,0
2025-04-30,34.1,34.1,32.11,33.82,32.7231,113400,0,0
2025-05-01,34.41,35.36,33.85,34.08,32.9747,110800,0,0
2025-05-02,34.65,35.14,33.96,34.83,33.7004,65300,0,0
2025-05-05,34.61,34.91,33.64,34.73,33.6036,177200,0,0
2025-05-06,34.47,36.57,34.47,35.76,34.6002,256000,0,0
2025-05-07,35.76,36.78,35.28,36.11,34.9389,129700,0,0
2025-05-08,36.34,36.47,35.19,35.29,34.1455,139800,0,0
2025-05-09,35.61,35.61,34.79,35.41,34.2616,74900,0,0
2025-05-12,36.2,36.2,34.34,34.72,33.5939,145300,0,0
2025-05-13,34.7,35.405,34.081,34.58,33.4585,110500,0,0
2025-05-14,34.43,34.43,32.65,34.13,33.0231,142600,0,0
2025-05-15,34.61,36.609,34.515,36.36,35.1807,173300,0,0
2025-05-16,36.51,37.93,36.22,37.93,36.6998,164000,0,0
2025-05-19,37.01,38.402,36.76,38.37,37.1256,120100,0,0
2025-05-20,38.08,39.11,38.08,38.69,37.4352,83700,0,0
2025-05-21,38.17,38.47,36.3,36.45,35.2678,200500,0,0
2025-05-22,35.57,35.57,33.74,34.89,33.7584,190700,0,0
2025-05-23,35.55,36.21,34.41,36.11,34.9389,132300,0,0
2025-05-27,36.94,37.2,36.161,37.01,35.8097,106100,0,0
2025-05-28,36.9,36.9,35.05,35.4,34.2519,78800,0,0
2025-05-29,35.43,36.24,35,36.14,34.9679,50000,0,0
2025-05-30,36.1,37.35,36.1,37.23,36.0225,71300,0,0
2025-06-02,36.79,37.63,36.35,37.63,36.4096,73600,0,0
2025-06-03,38.82,38.82,36.96,37.83,36.6031,82700,0,0
2025-06-04,37.67,37.67,35.86,35.86,34.697,124100,0,0
2025-06-05,36.08,36.08,35.47,35.68,34.5228,96400,0,0
2025-06-06,36.33,36.33,35.18,36.07,34.9002,39700,0,0
2025-06-09,36.08,36.28,35.36,35.37,34.2229,62100,0,0
2025-06-10,35.66,35.86,34.91,35.67,34.5131,55900,0,0
2025-06-11,35.99,36.07,35.35,35.71,34.5518,50200,0,0
2025-06-12,35.69,37.038,35.69,36.97,35.771,98200,0,0
2025-06-13,36.76,36.96,36.025,36.28,35.1033,104000,0,0
2025-06-16,36.95,37.4,35.26,35.82,34.6583,232400,0,0
2025-06-17,35.63,35.875,34.23,34.93,33.7971,70700,0,0
2025-06-18,35.11,35.59,34.76,35.18,34.039,25100,0,0
2025-06-20,35.44,36.21,35.275,35.41,34.2616,67500,0,0
2025-06-23,35.72,36.88,35.72,36.72,35.5291,113400,0,0
2025-06-24,36.72,37.27,36.515,37,35.9567,88800,0.16,0
2025-06-25,36.66,36.66,35.35,35.56,34.5573,99300,0,0
2025-06-26,35.66,36.41,35.5,36.39,35.3639,102900,0,0
2025-06-27,36.77,37.42,36.26,36.49,35.4611,83300,0,0
2025-06-30,36,37.07,35.66,37.03,35.9858,91300,0,0
2025-07-01,37,37.42,35.78,37.25,36.1996,185500,0,0
2025-07-02,36.95,37.399,35.9,36.32,35.2958,101800,0,0
2025-07-03,36.26,37.575,36.26,37.14,36.0927,60400,0,0
2025-07-07,36.93,37.42,36.7,37.32,36.2676,81200,0,0
2025-07-08,36.64,36.64,35.1,36.15,35.1306,193800,0,0
2025-07-09,36.56,37.34,35.87,37.15,36.1024,140500,0,0
2025-07-10,36.74,38.25,36.42,37.93,36.8604,275600,0,0
2025-07-11,37.25,38.24,36.81,37.93,36.8604,76700,0,0
2025-07-14,37.93,38.69,37.31,38.35,37.2686,120100,0,0
2025-07-15,38.35,38.35,36.75,37.18,36.1316,141500,0,0
2025-07-16,37.23,37.666,36.4,37.29,36.2385,103100,0,0
2025-07-17,37.24,38,36.97,37.81,36.7438,72000,0,0
2025-07-18,38.09,39.92,37.932,39.53,38.4153,152600,0,0
2025-07-21,39.96,40.64,39.47,39.89,38.7652,142200,0,0
2025-07-22,40.18,41.43,40.18,41.34,40.1743,152800,0,0
2025-07-23,42.26,42.765,39.94,40.4,39.2608,197100,0,0
2025-07-24,40.59,40.84,39.99,40.28,39.1442,81900,0,0
2025-07-25,40.4,40.61,40,40.6,39.4552,44200,0,0
2025-07-28,40.53,40.53,38.99,39.27,38.1627,74500,0,0
2025-07-29,39.49,40.64,39.49,40.64,39.494,77000,0,0
2025-07-30,41.01,42.56,40.855,41.5,40.3298,102900,0,0
2025-07-31,40.94,42.275,40.94,42.2,41.01,80800,0,0
2025-08-01,42.03,42.965,41.03,42.27,41.0781,92400,0,0
2025-08-04,42.94,44.89,42.94,44.54,43.2841,142100,0,0
2025-08-05,44.83,45.09,42.73,43.13,41.9138,143600,0,0
2025-08-06,43.34,43.34,41.84,41.95,40.7671,54500,0,0
2025-08-07,41.64,43.61,41.21,43.29,42.0693,90600,0,0
2025-08-08,43.7,43.87,42.45,42.66,41.4571,74000,0,0
2025-08-11,42.93,42.93,41.69,42.3,41.1072,102600,0,0
2025-08-12,42.67,42.79,41.713,42.74,41.5348,103900,0,0
2025-08-13,42.94,43.08,41.88,43.04,41.8263,112900,0,0
2025-08-14,42.69,42.95,42.09,42.14,40.9517,60900,0,0
2025-08-15,42.05,42.36,41,41.8,40.6213,102600,0,0
2025-08-18,41.92,42.36,41.06,41.22,40.0577,74000,0,0
2025-08-19,41.34,42.41,41.155,42.41,41.2141,62000,0,0
2025-08-20,42.74,43.3,42.1,42.56,41.3599,86600,0,0
2025-08-21,42.57,43.189,41.3,41.62,40.4464,72900,0,0
2025-08-22,42.36,42.85,41.9,42.26,41.0683,64600,0,0
2025-08-25,41.84,41.97,40.741,40.86,39.7078,66000,0,0
2025-08-26,40.84,41.3,40.39,41.05,39.8925,87100,0,0
2025-08-27,41.13,41.35,40.75,41.1,39.9411,44800,0,0
2025-08-28,41.17,41.17,39.99,40.2,39.0664,68000,0,0
2025-08-29,40.32,40.32,39.5,39.76,38.6388,50500,0,0
2025-09-02,39.14,39.37,38.56,39.26,38.1529,51900,0,0
2025-09-03,38.88,39.14,38.35,38.97,37.8711,83700,0,0
2025-09-04,39.73,39.99,38.21,38.77,37.6768,86400,0,0
2025-09-05,39.12,39.35,37.5,38.45,37.3658,93200,0,0
2025-09-08,38.53,38.53,36.83,37.23,36.1802,147400,0,0
2025-09-09,37.15,38.325,37,37.99,36.9188,89900,0,0
2025-09-10,38.34,40.1,38.34,39.92,38.7943,161800,0,0
2025-09-11,39.89,40.6,39.64,40.44,39.2997,83600,0,0
2025-09-12,40.18,41.42,40.18,41.11,39.9508,75200,0,0
2025-09-15,41.14,41.86,41.14,41.42,40.252,78000,0,0
2025-09-16,41.22,41.22,39.1,39.16,38.0558,151100,0,0
2025-09-17,39.74,40.34,39.13,39.39,38.2793,84400,0,0
2025-09-18,39.4,40.151,38.68,39.44,38.3279,72300,0,0
2025-09-19,39.65,40.62,39.13,40.24,39.1053,72000,0,0
2025-09-22,40.22,41.605,39.97,41.38,40.2132,90100,0,0
2025-09-23,41.03,41.93,40.83,41.88,40.8739,60300,0.177,0
2025-09-24,42.08,42.89,41.76,42.69,41.6644,57300,0,0
2025-09-25,42.53,42.7,41.43,41.44,40.4445,136100,0,0
2025-09-26,41.71,43.46,41.71,43.4,42.3574,114000,0,0
2025-09-29,43.51,43.99,42.47,43.77,42.7185,90000,0,0
2025-09-30,43.81,44.49,43.12,44.03,42.9722,75100,0,0
2025-10-01,44.29,45.532,44.267,45.34,44.2508,81700,0,0
2025-10-02,44.86,45.07,44.03,45.07,43.9873,49500,0,0
2025-10-03,45.34,47.76,45.34,46.57,45.4512,92900,0,0
2025-10-06,47.26,48,46.62,47.86,46.7102,84700,0,0
2025-10-07,48.35,49.129,48.1,48.49,47.3251,83000,0,0
2025-10-08,49.57,49.665,48.44,49.53,48.3401,111700,0,0
2025-10-09,50,50.428,48.81,49.19,48.0083,93000,0,0
2025-10-10,49.55,50.245,48.3,48.43,47.2665,109900,0,0
2025-10-13,48.53,50.173,48.53,49.53,48.3401,65200,0,0
2025-10-14,49.14,51.329,49.092,50.86,49.6382,101900,0,0
2025-10-15,51.83,53.27,51.58,52.98,51.7072,100600,0,0
2025-10-16,53.46,54.25,51.14,51.26,50.0286,94200,0,0
2025-10-17,51.37,51.45,49.93,50.57,49.3551,72400,0,0
2025-10-20,51.76,52.12,49.94,50.39,49.1795,56100,0,0
2025-10-21,50.73,50.73,48.25,48.97,47.7936,47400,0,0
2025-10-22,49.41,49.41,47.93,48.59,47.4227,32300,0,0
2025-10-23,49.44,49.48,47.8,48.44,47.2763,31800,0,0
2025-10-24,49.355,50.76,49.2,50.13,48.9257,54000,0,0
2025-10-27,50.3,50.63,48.8,50.54,49.3259,88400,0,0
2025-10-28,51.02,51.02,47.89,48.18,47.0225,193200,0,0
2025-10-29,47.94,48.87,47.38,48.1,46.9445,117400,0,0
2025-10-30,47.71,49.16,47.31,47.41,46.271,54900,0,0
2025-10-31,46.73,47.04,45.65,46.45,45.3341,70500,0,0
2025-11-03,46.21,46.7,44.835,46.46,45.3439,150400,0,0
2025-11-04,46.22,46.27,45.35,45.89,44.7876,76100,0,0
2025-11-05,45.8,46.47,45.3,45.89,44.7876,92900,0,0
2025-11-06,45.5,46.66,45.18,45.45,44.3581,91000,0,0
2025-11-07,44.78,47.15,44.78,47.11,45.9783,124800,0,0
2025-11-10,47.61,48.18,45.84,47.06,45.9295,109800,0,0
2025-11-11,47.13,47.44,46.35,47.06,45.9295,48700,0,0
2025-11-12,47.16,47.56,46.69,47.43,46.2906,51200,0,0
2025-11-13,47.13,47.13,45.34,45.5,44.4069,77500,0,0
2025-11-14,45.13,46.55,44.75,45.58,44.485,87600,0,0
2025-11-17,45.82,47.2,45.65,46.76,45.6367,110000,0,0
2025-11-18,46.78,47.51,46.2,46.2,45.0901,70200,0,0
2025-11-19,46.38,46.605,44.77,45.07,43.9873,49700,0,0
2025-11-20,46.13,46.885,44.3,44.4,43.3334,95700,0,0
2025-11-21,44.89,44.935,43.55,44.51,43.4407,63300,0,0
2025-11-24,44.68,46.35,43.93,45.95,44.8461,53700,0,0
2025-11-25,46.23,46.357,44.92,45.5,44.4069,38800,0,0
2025-11-26,46.1,47.4,46.09,47.16,46.027,49700,0,0
2025-11-28,47.55,48.253,47.392,48.16,47.003,49900,0,0
2025-12-01,47.34,47.34,44.79,44.94,43.8604,202200,0,0
2025-12-02,45.1,45.325,43.722,43.89,42.8356,119400,0,0
2025-12-03,44,44.23,42.892,43.44,42.3964,104600,0,0
2025-12-04,43.44,44.06,42.743,43.17,42.1329,91900,0,0
2025-12-05,42.9,43.29,41.845,41.86,40.8544,160700,0,0
2025-12-08,42.05,42.07,40.04,40.26,39.2928,105800,0,0
2025-12-09,41,41.375,40.18,40.3,39.3319,79600,0,0
2025-12-10,40.35,40.438,39.31,40.15,39.1855,98400,0,0
2025-12-11,40.09,41.35,40.09,41.11,40.1224,82000,0,0
2025-12-12,41.41,41.99,40.25,40.47,39.4978,131400,0,0
2025-12-15,41.14,41.658,40.4,41.54,40.5421,123200,0,0
2025-12-16,41.42,41.66,40.24,41.08,40.0931,92600,0,0
2025-12-17,40.845,40.99,39.57,40.15,39.1855,103100,0,0
2025-12-18,40.68,42,40.68,41.39,40.3957,152200,0,0
2025-12-19,41.15,41.71,39.64,39.72,38.7658,95400,0,0
2025-12-22,39.57,40.275,38.92,40.2,39.2343,87200,0,0
2025-12-23,40.02,40.72,39.72,40.39,39.5545,53400,0.137,0
2025-12-24,40.41,41.059,40.23,41.03,40.1812,33600,0,0
2025-12-26,40.84,41.07,40.42,40.89,40.0441,30100,0,0
2025-12-29,40.79,41.72,40.79,41.1,40.2498,124600,0,0
2025-12-30,41.07,41.486,40.952,41.34,40.4848,44100,0,0
2025-12-31,41.17,41.271,40.5,40.54,39.7014,63300,0,0
2026-01-02,40.89,42.43,40.506,41.85,40.9843,121700,0,0
2026-01-05,41.8,42.1,38.62,40.49,39.6524,242000,0,0
2026-01-06,40.55,41.13,39.95,41.02,40.1715,107100,0,0
2026-01-07,41.17,41.17,37.71,38.05,37.2629,290500,0,0
2026-01-08,37.94,39.16,37.94,38.33,37.5371,96100,0,0
2026-01-09,39.83,40.755,39.72,39.78,38.9571,172100,0,0
2026-01-12,39.38,40.26,39.201,39.99,39.1628,95400,0,0
2026-01-13,39.9,40.99,39.44,40.73,39.8875,118600,0,0
2026-01-14,40.61,41.964,40.61,41.61,40.7493,121100,0,0
2026-01-15,42,43.42,42,42.85,41.9636,136400,0,0
2026-01-16,41.5,42.46,40.92,42.19,41.3173,158600,0,0
2026-01-20,41.49,41.97,40.46,40.87,40.0246,146000,0,0
2026-01-21,41.73,41.73,40.14,41.1,40.2498,131500,0,0
2026-01-22,41.43,41.655,39.93,40.23,39.3978,108600,0,0
2026-01-23,40.07,40.199,39,39.7,38.8788,105100,0,0
2026-01-26,40.15,41.39,40.12,40.57,39.7308,106900,0,0
2026-01-27,40.43,42.42,39.8,42.05,41.1802,152600,0,0
2026-01-28,42.16,42.74,41.31,41.78,40.9157,124600,0,0
2026-01-29,42.32,43.07,41.11,41.82,40.9549,228100,0,0
2026-01-30,41.51,41.74,40.2,41.74,40.8766,126500,0,0
2026-02-02,41.62,42.14,39.53,39.72,38.8984,142100,0,0
2026-02-03,39.76,41.9,39.76,41.52,40.6611,123700,0,0
2026-02-04,42.2,42.6,40.77,40.95,40.1029,72300,0,0
2026-02-05,41.35,41.66,40.36,41.09,40.24,128300,0,0
2026-02-06,42.22,43.128,40.64,41.65,40.7884,198800,0,0
2026-02-09,41.64,42.25,41,42.05,41.1802,64400,0,0
2026-02-10,42.8,45.06,42.37,44.09,43.178,266500,0,0
2026-02-11,44.61,45.41,43.99,45.28,44.3433,146500,0,0
2026-02-12,45.87,48.75,45.87,47.38,46.3999,323300,0,0
2026-02-13,47.15,51.418,47.12,51.13,50.0723,289400,0,0
2026-02-17,51.97,52.895,50.324,50.74,49.6904,245900,0,0
2026-02-18,50.8,51,47.91,48.17,47.1736,169800,0,0
2026-02-19,48.77,49.95,48.77,49.83,48.7992,128900,0,0
2026-02-20,50.33,50.78,49.14,50.49,49.4456,72800,0,0
2026-02-23,50.59,52.54,50.59,51.58,50.513,140500,0,0
2026-02-24,51.38,53.39,50.22,53.27,52.1681,129100,0,0
2026-02-25,53.48,54.056,51.34,53.77,52.6577,199500,0,0
2026-02-26,53.53,53.88,52.38,53.18,52.0799,113500,0,0
2026-02-27,53.11,55.21,53.11,55.06,53.921,153000,0,0
2026-03-02,54.04,55.092,53.735,53.75,52.6381,143700,0,0
2026-03-03,51.54,53.93,49.01,52.72,51.6294,203200,0,0
2026-03-04,52.67,53.848,51.695,53.41,52.3052,62600,0,0
2026-03-05,52.26,52.27,50.73,52.19,51.1104,173500,0,0
2026-03-06,51.14,52.24,50.29,51.58,50.513,134000,0,0
2026-03-09,50.96,52.1,49.31,51.88,50.8068,190300,0,0
2026-03-10,51.23,52.41,50.65,50.91,49.8569,156500,0,0
2026-03-11,50.7,50.7,49.125,49.69,48.6621,123200,0,0
2026-03-12,48.91,52.42,48.77,50.73,49.6806,128900,0,0
2026-03-13,52,53.3,51.91,52.12,51.0418,110600,0,0
2026-03-16,53.74,53.84,52.14,53.11,52.0114,74300,0,0
2026-03-17,53.95,54.298,52.53,52.7,51.6098,87400,0,0
2026-03-18,52.45,52.69,51.36,51.41,50.3465,78300,0,0
2026-03-19,50.96,51.87,49.04,50.73,49.6806,113300,0,0
2026-03-20,50.45,50.965,43.89,44.5,43.5795,265800,0,0
2026-03-23,46.16,47,45.11,45.8,44.8526,174300,0,0
2026-03-24,44.83,47.78,44.604,46.44,45.737,67500,0.258,0
2026-03-25,47.63,48.07,46.82,46.94,46.2294,54700,0,0
2026-03-26,46.65,47.6,46.38,47.21,46.4953,110100,0,0
2026-03-27,47.3,49.405,47.23,48.03,47.3029,78300,0,0
2026-03-30,49.355,50.25,48.52,49.02,48.2779,93700,0,0
2026-03-31,48.76,48.9,46.9,48.65,47.9135,157200,0,0
2026-04-01,48.44,50,48.44,49.52,48.7704,65900,0,0
2026-04-02,49.22,50.96,48.75,50.3,49.5386,68800,0,0
2026-04-06,49.87,50.62,49.535,49.65,48.8984,40300,0,0
2026-04-07,49.25,50.455,49.25,50.07,49.312,60100,0,0
2026-04-08,50.04,51.6,49.08,51.54,50.7598,114800,0,0
2026-04-09,51.32,54.58,51.32,52.8,52.0007,90500,0,0
2026-04-10,52.59,53.67,51.83,52.2,51.4098,59800,0,0
2026-04-13,51.78,51.78,49.44,50.25,49.4893,118800,0,0
2026-04-14,50.19,50.7,48.76,50.54,49.7749,53500,0,0
2026-04-15,49.81,49.84,48.54,49.07,48.3272,44300,0,0
2026-04-16,48.9,50.11,48.45,50,49.2431,105200,0,0
2026-04-17,49.92,49.92,47.75,49.39,48.6423,160600,0,0
2026-04-20,49.28,49.905,47.75,47.96,47.234,116800,0,0
2026-04-21,48.49,48.49,45.45,45.53,44.8408,99800,0,0
2026-04-22,46.58,47.5,44.82,45.27,44.5847,66100,0,0
2026-04-23,46.49,49.03,46.49,49.01,48.2681,111000,0,0
2026-04-24,48.59,49.53,47.94,49.23,48.4847,81000,0,0
2026-04-27,49.47,50.13,49.15,49.22,48.4749,63200,0,0
2026-04-28,49.98,50.26,48.84,49.33,48.5832,30700,0,0
2026-04-29,48.77,49.12,47.14,47.55,46.8302,56200,0,0
2026-04-30,48.08,51.21,47.86,51.08,50.3067,112900,0,0
2026-05-01,51.23,52.58,50.05,50.05,49.2923,88300,0,0
2026-05-04,49.56,51.1,48.7,49.64,48.8885,80900,0,0
2026-05-05,50,50.85,49.605,49.63,48.8787,45200,0,0
2026-05-06,49.58,49.58,47.22,47.43,46.712,137800,0,0
2026-05-07,47.1,47.15,45.26,45.6,44.9097,108100,0,0
2026-05-08,46.17,46.6,44.3,44.37,43.6983,92900,0,0
2026-05-11,45.2,46.03,44.71,45.64,44.9491,98100,0,0
2026-05-12,45.38,46.26,44.54,45.77,45.0771,48200,0,0
2026-05-13,44.72,44.72,43.26,44.09,43.4226,103000,0,0
2026-05-14,44.04,44.82,43.855,44.82,44.1415,42600,0,0
2026-05-15,44.17,44.21,41.54,41.8,41.1672,142500,0,0
2026-05-18,42.2,42.55,40.68,41.83,41.1968,127500,0,0
2026-05-19,41.6,43.13,40.95,43.05,42.3983,91300,0,0
2026-05-20,43.69,44.44,43.17,43.55,42.8907,58300,0,0
2026-05-21,43.46,44.89,43.43,44.8,44.1218,75300,0,0
2026-05-22,45,46.09,44.68,45.86,45.1658,62100,0,0
2026-05-26,46.45,46.724,45.8,45.87,45.1756,34100,0,0
2026-05-27,45.43,45.78,44.8,45.22,44.5355,86200,0,0
2026-05-28,44.79,45.55,43.55,43.66,42.9991,103800,0,0
2026-05-29,43.67,43.84,42.595,43.04,42.3885,82600,0,0
2026-06-01,41.63,41.63,39.12,39.17,38.577,194100,0,0
2026-06-02,39.5,41.5,39.5,41.39,40.7634,131100,0,0
2026-06-03,41.5,42.92,40.71,40.77,40.1528,89900,0,0
2026-06-04,41.16,41.8,39.77,41.5,40.8718,97800,0,0
2026-06-05,41.5,43.31,41.49,42.51,41.8665,172700,0,0
2026-06-08,42.2,42.5,40.019,40.1,39.493,151700,0,0
2026-06-09,40.56,41.65,40,41.47,40.8422,163700,0,0
2026-06-10,42.12,42.12,40.98,41.5,40.8718,88700,0,0
2026-06-11,41.9,42.83,41.453,41.54,40.9112,112800,0,0
2026-06-12,41.86,43.005,41.86,42.87,42.221,79800,0,0
2026-06-15,42.705,44.155,41.91,43.5,42.8415,201100,0,0
2026-06-16,43.67,45.63,43.67,44.34,43.6688,163400,0,0
2026-06-17,44,44.75,42.005,42.7,42.0536,72200,0,0
2026-06-18,43.02,45.045,42.78,43.45,42.7922,145000,0,0
2026-06-22,43.43,44.8,43.43,44.08,43.4127,112800,0,0
2026-06-23,44.12,45.36,43.255,45.01,44.4618,110100,0.132,0
2026-06-24,45.64,46.52,45.04,46.42,45.8546,141800,0,0
2026-06-25,46.46,48.37,46.31,47.33,46.7535,143400,0,0
2026-06-26,47.71,48.45,47.47,48.35,47.7611,61000,0,0
2026-06-29,48.37,48.656,47.1,47.78,47.198,84500,0,0
2026-06-30,47.32,47.5,45.59,45.61,45.0545,159000,0,0
2026-07-01,45.59,45.67,43.6,43.96,43.4246,108100,0,0
2026-07-02,44.47,46.86,44.47,46.86,46.2892,144500,0,0
2026-07-06,46.74,46.92,44.875,45.37,44.8174,84500,0,0
2026-07-07,46.2,48.4,46.2,46.63,46.062,99300,0,0
2026-07-08,46.56,46.81,45.41,45.55,44.9952,70600,0,0
2026-07-09,45.97,46.144,44.56,44.79,44.2445,63600,0,0
2026-07-10,44.77,45.69,44.77,45.59,45.0347,50400,0,0
2026-07-13,45.65,46.99,45.65,46.5,45.9336,74600,0,0
2026-07-14,47.04,48.08,46.055,46.42,45.8546,80000,0,0
2026-07-15,46.51,47.2,44.859,45.07,44.521,57000,0,0
2026-07-16,45.12,46.11,44.73,45.81,45.252,86300,0,0
2026-07-17,46.55,47.72,44.49,44.79,44.2445,117100,0,0
2026-07-20,45.14,46.17,43.75,44.06,43.5233,68200,0,0
2026-07-21,43.93,44.21,43.17,44.05,43.5135,81000,0,0
2026-07-22,44.57,47.12,44.57,47.01,46.4374,178700,0,0
2026-07-23,46.59,48.12,46,47.72,47.1388,169700,0,0
2026-07-24,48.1,49.03,47.461,47.94,47.3561,77900,0,0
2026-07-27,47.72,48.22,45.78,46.09,45.5286,75200,0,0
2026-07-28,46.74,48.335,45.555,45.66,45.1039,72300,0,0
2026-07-29,46.31,46.31,43.23,43.79,43.2566,94700,0,0
2026-07-30,44.27,44.605,42.2,43.08,42.5553,121800,0,0
2026-07-31,42.86,43.01,42.05,42.12,41.607,110000,0,0
2026-08-03,42.01,42.94,40.92,42.19,41.6761,183000,0,0
2026-08-04,41.85,41.9,39.9,41.33,40.8266,170600,0,0
2026-08-05,41.29,41.44,39.15,40.09,39.6017,472800,0,0
2026-08-06,41.34,41.68,38.735,39.41,38.93,295400,0,0
2026-08-07,39,40.6,38.15,39.94,39.4535,405300,0,0
2026-08-10,39.69,39.69,38.42,38.67,38.199,199500,0,0
2026-08-11,38.62,40.14,38.48,39.89,39.4041,166100,0,0
2026-08-12,40.22,40.77,39.99,40.55,40.0561,119100,0,0
2026-08-13,40.56,41.45,40.56,41.03,40.5303,118100,0,0
2026-08-14,41,42.01,41,41.77,41.2612,124300,0,0
2026-08-17,41.55,41.55,40.39,41.38,40.876,116300,0,0
2026-08-18,41.97,42.655,40.76,40.86,40.3623,135700,0,0
2026-08-19,41.38,41.77,40.35,40.94,40.4413,83300,0,0
2026-08-20,40.33,41.545,40.17,40.22,39.7301,69800,0,0
2026-08-21,40.5,40.605,37.39,37.41,36.9543,299900,0,0
2026-08-24,37.72,38.67,37.25,38.57,38.1002,212500,0,0
2026-08-25,38.59,39.24,38.27,38.78,38.3077,109300,0,0
2026-08-26,38.88,39.845,38.87,39.32,38.8411,75300,0,0
2026-08-27,38.71,38.74,37.77,38.43,37.9619,182500,0,0
2026-08-28,38.68,38.88,36.775,37.19,36.737,219200,0,0
2026-08-31,35.19,36.25,34.94,35.87,35.4331,292100,0,0
2026-09-01,36.15,36.77,35.55,36.76,36.3123,199400,0,0
2026-09-02,36.31,37.084,35.32,36.97,36.5197,177200,0,0
2026-09-03,37.34,38.14,37.34,37.83,37.3692,150300,0,0
2026-09-04,37.28,38.36,37.1,37.96,37.4976,110400,0,0
2026-09-08,37.79,39.61,37.79,38.98,38.5052,133600,0,0
2026-09-09,38.89,39.06,37.29,37.63,37.1717,125500,0,0
2026-09-10,37.45,38.23,36.47,36.51,36.0653,167700,0,0
2026-09-11,37.42,37.54,35.9,36.1,35.6603,126500,0,0
2026-09-14,36.12,36.19,34.46,34.64,34.2181,195900,0,0
2026-09-15,34.86,34.86,33.35,33.43,33.0228,170800,0,0
2026-09-16,34.19,34.196,33,33.43,33.0228,132200,0,0
2026-09-17,33.89,34.38,33.36,34.26,33.8427,143400,0,0
2026-09-18,33.62,33.68,32.73,32.78,32.3807,188900,0,0
2026-09-21,32.78,33.08,32.25,32.43,32.035,230100,0,0
2026-09-22,32.01,32.41,31.59,31.71,31.71,160800,0.395,0
2026-09-23,31.42,31.43,29.787,29.94,29.94,310100,0,0
2026-09-24,30.02,30.1,29.01,29.01,29.01,341400,0,0
2026-09-25,29.01,29.46,28.46,29.36,29.36,456200,0,0
